type_id,kind,title,causal_assessment_not_approved,causal_reason,regional_selector_status,candidate_G4_refs,candidate_G5_refs,candidate_PF_refs,scope_evidence_class,scope_basis,presence_manifestation,direct_type_binding,source_refs,candidate_compatibility_exceptions
lu_bark_bast_collection,land_use,Заготовка коры / лыка / бересты,условно применим,Лесные участки Вихтуйской ресурсной кромки делают сбор коры возможным; фактический промысел и доступ не доказаны.,selected,g4v3__gn_nov_g3_xp017_yp026_r2_dry_pine_ridge@1;g4v3__gn_nov_g3_xp017_yp026_r2_forest_stream_route@1;g4v3__gn_nov_g3_xp017_yp026_r2_vikhtuy_resource_edge@1;g4v3__gn_nov_g3_xp017_yp026_r2_wet_conifer_tract@1,cg5v3__gn_nov_g4_xp017_yp026_r2_vikhtuy_resource_edge_deep_forest@1;cg5v3__gn_nov_g4_xp017_yp026_r2_vikhtuy_resource_edge_dry_patch@1;cg5v3__gn_nov_g4_xp017_yp026_r2_vikhtuy_resource_edge_wet_forest@1;cg5v3__gn_nov_g4_xp017_yp026_r2_wet_conifer_tract_deep_forest@1;cg5v3__gn_nov_g4_xp017_yp026_r2_wet_conifer_tract_dry_patch@1;cg5v3__gn_nov_g4_xp017_yp026_r2_wet_conifer_tract_wet_forest@1,pf_broadleaf_woodland;pf_conifer_woodland;pf_mixed_woodland,candidate_pf_overlap,G4=g4v3__gn_nov_g3_xp017_yp026_r2_dry_island_ridge@1;g4v3__gn_nov_g3_xp017_yp026_r2_dry_pine_ridge@1;g4v3__gn_nov_g3_xp017_yp026_r2_flooded_interior_basin@1;g4v3__gn_nov_g3_xp017_yp026_r2_forest_stream_route@1;g4v3__gn_nov_g3_xp017_yp026_r2_sheltered_landing_terrace@1;g4v3__gn_nov_g3_xp017_yp026_r2_vikhtuy_locality@1;g4v3__gn_nov_g3_xp017_yp026_r2_vikhtuy_resource_edge@1;g4v3__gn_nov_g3_xp017_yp026_r2_vikhtuy_river_approach@1;g4v3__gn_nov_g3_xp017_yp026_r2_wet_conifer_tract@1;g4v3__gn_nov_g3_xp017_yp026_r2_zaostrovye_settlement_center@1 | G5=cg5v3__gn_nov_g4_xp017_yp026_r2_dry_island_ridge_forest_edge@1;cg5v3__gn_nov_g4_xp017_yp026_r2_dry_pine_ridge_pine_stand@1;cg5v3__gn_nov_g4_xp017_yp026_r2_dry_pine_ridge_sandy_hollow@1;cg5v3__gn_nov_g4_xp017_yp026_r2_dry_pine_ridge_view_gap@1;cg5v3__gn_nov_g4_xp017_yp026_r2_forest_stream_route_pool@1;cg5v3__gn_nov_g4_xp017_yp026_r2_sheltered_landing_terrace_water_source@1;cg5v3__gn_nov_g4_xp017_yp026_r2_vikhtuy_locality_water_access@1;cg5v3__gn_nov_g4_xp017_yp026_r2_vikhtuy_resource_edge_game_trail@1;cg5v3__gn_nov_g4_xp017_yp026_r2_vikhtuy_resource_edge_resource_patch@1;cg5v3__gn_nov_g4_xp017_yp026_r2_vikhtuy_river_approach_water_source@1;cg5v3__gn_nov_g4_xp017_yp026_r2_wet_conifer_tract_deep_forest@1;cg5v3__gn_nov_g4_xp017_yp026_r2_wet_conifer_tract_dry_patch@1;cg5v3__gn_nov_g4_xp017_yp026_r2_wet_conifer_tract_game_trail@1;cg5v3__gn_nov_g4_xp017_yp026_r2_wet_conifer_tract_resource_patch@1;cg5v3__gn_nov_g4_xp017_yp026_r2_wet_conifer_tract_wet_forest@1;cg5v3__gn_nov_g4_xp017_yp026_r2_zaostrovye_settlement_center_water_source@1,PF/scene candidate only; PF is the family-level presence scope. No direct land_use type presence rule established.,NONE: manifest exact_g4=[]; node_binding lu/place_template_id empty,infra/world-base/land_use_templates.seed.json:970; data/world-catalogs/novgorod/game-base-v1/places-binding/places/region_type_pf_manifest.json:42; data/world-catalogs/novgorod/m2c-nature-coverage.json:2790,[]
lu_bog_iron_extraction,land_use,Добыча болотной руды,условно применим,Wet forest/marsh settings are ecologically compatible with possible bog-iron gathering. No local ore deposit or extraction is asserted; this is a causal candidate for owner review.,selected,g4v3__gn_nov_g3_xp017_yp026_r2_reed_backwater@1,cg5v3__gn_nov_g4_xp017_yp026_r2_reed_backwater_reed_channel@1,pf_marshy_stream,context_only_no_type_or_pf_binding,"Exact candidate geography/function references; no type binding, approval, or runtime presence is implied.",PF/scene candidate only; PF is the family-level presence scope. No direct land_use type presence rule established.,NONE: manifest exact_g4=[]; node_binding lu/place_template_id empty,infra/world-base/land_use_templates.seed.json:1604; data/world-catalogs/novgorod/game-base-v1/places-binding/places/region_type_pf_manifest.json:81; data/world-catalogs/novgorod/m2c-nature-coverage.json:2816; data/world-catalogs/novgorod/game-base-v1/places-binding/places/node_binding.csv:19; data/world-catalogs/novgorod/game-base-v1/places-binding/places/node_binding.csv:139,"[{""node_ref"":""g4v3__gn_nov_g3_xp017_yp026_r2_reed_backwater@1"",""dimension"":""water_body_template_id"",""reason"":""The exact reed-backwater marsh node is wetland context; its water link is wb_backwater, omitted by the template allowlist. No ore deposit or extraction is asserted."",""source_refs"":""data/world-catalogs/novgorod/game-base-v1/places-binding/places/node_binding.csv:19; infra/world-base/land_use_templates.seed.json:1604""},{""node_ref"":""cg5v3__gn_nov_g4_xp017_yp026_r2_reed_backwater_reed_channel@1"",""dimension"":""water_body_template_id"",""reason"":""The exact reed-backwater marsh node is wetland context; its water link is wb_backwater, omitted by the template allowlist. No ore deposit or extraction is asserted."",""source_refs"":""data/world-catalogs/novgorod/game-base-v1/places-binding/places/node_binding.csv:139; infra/world-base/land_use_templates.seed.json:1604""}]"
lu_charcoal_burning,land_use,Углежжение,условно применим,"Лесной ресурс возможен, но производство угля требует конкретного участка и процесса.",selected,g4v3__gn_nov_g3_xp017_yp026_r2_dry_pine_ridge@1;g4v3__gn_nov_g3_xp017_yp026_r2_wet_conifer_tract@1,cg5v3__gn_nov_g4_xp017_yp026_r2_dry_pine_ridge_pine_stand@1;cg5v3__gn_nov_g4_xp017_yp026_r2_dry_pine_ridge_sandy_hollow@1;cg5v3__gn_nov_g4_xp017_yp026_r2_dry_pine_ridge_view_gap@1;cg5v3__gn_nov_g4_xp017_yp026_r2_wet_conifer_tract_deep_forest@1;cg5v3__gn_nov_g4_xp017_yp026_r2_wet_conifer_tract_dry_patch@1;cg5v3__gn_nov_g4_xp017_yp026_r2_wet_conifer_tract_resource_patch@1;cg5v3__gn_nov_g4_xp017_yp026_r2_wet_conifer_tract_wet_forest@1,pf_conifer_woodland,candidate_pf_overlap,G4=g4v3__gn_nov_g3_xp017_yp026_r2_dry_pine_ridge@1;g4v3__gn_nov_g3_xp017_yp026_r2_wet_conifer_tract@1 | G5=cg5v3__gn_nov_g4_xp017_yp026_r2_dry_pine_ridge_pine_stand@1;cg5v3__gn_nov_g4_xp017_yp026_r2_dry_pine_ridge_sandy_hollow@1;cg5v3__gn_nov_g4_xp017_yp026_r2_dry_pine_ridge_view_gap@1;cg5v3__gn_nov_g4_xp017_yp026_r2_wet_conifer_tract_deep_forest@1;cg5v3__gn_nov_g4_xp017_yp026_r2_wet_conifer_tract_dry_patch@1;cg5v3__gn_nov_g4_xp017_yp026_r2_wet_conifer_tract_resource_patch@1;cg5v3__gn_nov_g4_xp017_yp026_r2_wet_conifer_tract_wet_forest@1,PF/scene candidate only; PF is the family-level presence scope. No direct land_use type presence rule established.,NONE: manifest exact_g4=[]; node_binding lu/place_template_id empty,infra/world-base/land_use_templates.seed.json:894; data/world-catalogs/novgorod/game-base-v1/places-binding/places/region_type_pf_manifest.json:107; data/world-catalogs/novgorod/m2c-nature-coverage.json:2841,[]
lu_clay_extraction,land_use,Добыча глины,условно применим,Household clay for hearth/oven lining and pottery is a logical necessity; the start includes alluvial settlement banks. Candidate context does not claim a named quarry or exact clay deposit.,selected,g4v3__gn_nov_g3_xp017_yp026_r2_vikhtuy_locality@1;g4v3__gn_nov_g3_xp017_yp026_r2_vikhtuy_river_approach@1;g4v3__gn_nov_g3_xp017_yp026_r2_zaostrovye_landing@1,cg5v3__gn_nov_g4_xp017_yp026_r2_vikhtuy_locality_household_cluster@1;cg5v3__gn_nov_g4_xp017_yp026_r2_vikhtuy_locality_occupation_terrace@1,pf_peasant_homestead;pf_ferry_landing,context_only_no_type_or_pf_binding,"Exact candidate geography/function references; no type binding, approval, or runtime presence is implied.",PF/scene candidate only; PF is the family-level presence scope. No direct land_use type presence rule established.,NONE: manifest exact_g4=[]; node_binding lu/place_template_id empty,"infra/world-base/land_use_templates.seed.json:1497; data/world-catalogs/novgorod/game-base-v1/places-binding/places/region_type_pf_manifest.json:133; data/world-catalogs/novgorod/m2c-nature-coverage.json:2866; data/world-catalogs/novgorod/game-base-v1/places-binding/places/node_binding.csv:25; data/world-catalogs/novgorod/game-base-v1/places-binding/places/node_binding.csv:27; data/world-catalogs/novgorod/game-base-v1/places-binding/places/node_binding.csv:32; data/world-catalogs/novgorod/game-base-v1/places-binding/places/node_binding.csv:33; data/world-catalogs/novgorod/game-base-v1/places-binding/places/node_binding.csv:172; data/world-catalogs/novgorod/game-base-v1/places-binding/places/node_binding.csv:175; data/world-catalogs/novgorod/game-base-v1/places-binding/places/node_binding.csv:221; data/world-catalogs/novgorod/game-base-v1/places-binding/places/node_binding.csv:223; book:755331 §725 «Гончарные глины, пригодные для изготовления посуды, имеются в Восточной Европе повсеместно»",[]
lu_common_pasture,land_use,Общинный выпас,"правдоподобен, условно",Сельский двор и пойменные/луговые участки допускают общий выпас; территория и сезонное использование не утверждены.,selected,g4v3__gn_nov_g3_xp017_yp026_r2_dry_island_ridge@1,cg5v3__gn_nov_g4_xp017_yp026_r2_channel_split_islet_high_bank@1;cg5v3__gn_nov_g4_xp017_yp026_r2_flooded_interior_basin_dry_mound@1,pf_floodplain_meadow;pf_pasture;pf_peasant_homestead,candidate_pf_overlap,G4=g4v3__gn_nov_g3_xp017_yp026_r2_channel_split_islet@1;g4v3__gn_nov_g3_xp017_yp026_r2_dry_island_ridge@1;g4v3__gn_nov_g3_xp017_yp026_r2_east_flood_bypass@1;g4v3__gn_nov_g3_xp017_yp026_r2_east_side_channel@1;g4v3__gn_nov_g3_xp017_yp026_r2_flooded_interior_basin@1;g4v3__gn_nov_g3_xp017_yp026_r2_large_island_head@1;g4v3__gn_nov_g3_xp017_yp026_r2_mixing_reach@1;g4v3__gn_nov_g3_xp017_yp026_r2_old_channel_pool@1;g4v3__gn_nov_g3_xp017_yp026_r2_outer_exposed_approach@1;g4v3__gn_nov_g3_xp017_yp026_r2_reed_backwater@1;g4v3__gn_nov_g3_xp017_yp026_r2_sheltered_landing_terrace@1;g4v3__gn_nov_g3_xp017_yp026_r2_shifting_shoal_field@1;g4v3__gn_nov_g3_xp017_yp026_r2_vikhtuy_locality@1;g4v3__gn_nov_g3_xp017_yp026_r2_vikhtuy_river_approach@1;g4v3__gn_nov_g3_xp017_yp026_r2_west_side_channel@1;g4v3__gn_nov_g3_xp017_yp026_r2_zaostrovye_landing@1;g4v3__gn_nov_g3_xp017_yp026_r2_zaostrovye_settlement_center@1 | G5=cg5v3__gn_nov_g4_xp017_yp026_r2_channel_split_islet_wet_hollow@1;cg5v3__gn_nov_g4_xp017_yp026_r2_dry_island_ridge_camp_candidate@1;cg5v3__gn_nov_g4_xp017_yp026_r2_dry_island_ridge_wet_hollow@1;cg5v3__gn_nov_g4_xp017_yp026_r2_east_flood_bypass_seasonal_barrier@1;cg5v3__gn_nov_g4_xp017_yp026_r2_east_side_channel_seasonal_barrier@1;cg5v3__gn_nov_g4_xp017_yp026_r2_flooded_interior_basin_dry_mound@1;cg5v3__gn_nov_g4_xp017_yp026_r2_flooded_interior_basin_inlet@1;cg5v3__gn_nov_g4_xp017_yp026_r2_flooded_interior_basin_overflow@1;cg5v3__gn_nov_g4_xp017_yp026_r2_flooded_interior_basin_shallow_basin@1;cg5v3__gn_nov_g4_xp017_yp026_r2_large_island_head_wet_hollow@1;cg5v3__gn_nov_g4_xp017_yp026_r2_mixing_reach_ice_edge@1;cg5v3__gn_nov_g4_xp017_yp026_r2_old_channel_pool_dry_crossing@1;cg5v3__gn_nov_g4_xp017_yp026_r2_outer_exposed_approach_ice_break_zone@1;cg5v3__gn_nov_g4_xp017_yp026_r2_outer_exposed_approach_sheltered_inlet@1;cg5v3__gn_nov_g4_xp017_yp026_r2_reed_backwater_winter_thin_ice@1;cg5v3__gn_nov_g4_xp017_yp026_r2_sheltered_landing_terrace_flood_edge@1;cg5v3__gn_nov_g4_xp017_yp026_r2_shifting_shoal_field_winter_crack@1;cg5v3__gn_nov_g4_xp017_yp026_r2_vikhtuy_locality_household_cluster@1;cg5v3__gn_nov_g4_xp017_yp026_r2_vikhtuy_locality_occupation_terrace@1;cg5v3__gn_nov_g4_xp017_yp026_r2_vikhtuy_river_approach_flood_edge@1;cg5v3__gn_nov_g4_xp017_yp026_r2_west_side_channel_seasonal_barrier@1;cg5v3__gn_nov_g4_xp017_yp026_r2_zaostrovye_landing_flood_limit@1;cg5v3__gn_nov_g4_xp017_yp026_r2_zaostrovye_settlement_center_habitation_terrace@1;cg5v3__gn_nov_g4_xp017_yp026_r2_zaostrovye_settlement_center_household_zone@1,PF/scene candidate only; PF is the family-level presence scope. No direct land_use type presence rule established.,NONE: manifest exact_g4=[]; node_binding lu/place_template_id empty,infra/world-base/land_use_templates.seed.json:583; data/world-catalogs/novgorod/game-base-v1/places-binding/places/region_type_pf_manifest.json:162; data/world-catalogs/novgorod/m2c-nature-coverage.json:2891,"[{""node_ref"":""g4v3__gn_nov_g3_xp017_yp026_r2_dry_island_ridge@1"",""dimension"":""landscape_template_id"",""reason"":""Dry high-bank alluvial island ground is physically compatible with seasonal grazing, though this candidate does not assert grass cover or actual use."",""source_refs"":""data/world-catalogs/novgorod/game-base-v1/places-binding/places/node_binding.csv:6; infra/world-base/land_use_templates.seed.json:583""},{""node_ref"":""cg5v3__gn_nov_g4_xp017_yp026_r2_channel_split_islet_high_bank@1"",""dimension"":""landscape_template_id"",""reason"":""Dry high-bank alluvial island ground is physically compatible with seasonal grazing, though this candidate does not assert grass cover or actual use."",""source_refs"":""data/world-catalogs/novgorod/game-base-v1/places-binding/places/node_binding.csv:48; infra/world-base/land_use_templates.seed.json:583""},{""node_ref"":""cg5v3__gn_nov_g4_xp017_yp026_r2_flooded_interior_basin_dry_mound@1"",""dimension"":""landscape_template_id"",""reason"":""Dry high-bank alluvial dry mound in the flooded basin is physically compatible with seasonal grazing, though this candidate does not assert grass cover or actual use."",""source_refs"":""data/world-catalogs/novgorod/game-base-v1/places-binding/places/node_binding.csv:82; infra/world-base/land_use_templates.seed.json:583""}]"
lu_fallow_rotation,land_use,Пар / залежь / перелог,условно применим,Требует доказанного пахотного поля и севооборота/пара; их нет в точных G4 refs.,selected,g4v3__gn_nov_g3_xp017_yp026_r2_vikhtuy_locality@1,cg5v3__gn_nov_g4_xp017_yp026_r2_vikhtuy_locality_household_cluster@1;cg5v3__gn_nov_g4_xp017_yp026_r2_vikhtuy_locality_occupation_terrace@1,pf_arable_field,context_only_no_type_or_pf_binding,"G4 candidates: `g4v3__gn_nov_g3_xp017_yp026_r2_vikhtuy_locality@1`, `g4v3__gn_nov_g3_xp017_yp026_r2_zaostrovye_settlement_center@1`; G5 candidates: `cg5v3__gn_nov_g4_xp017_yp026_r2_vikhtuy_locality_household_cluster@1`, `cg5v3__gn_nov_g4_xp017_yp026_r2_vikhtuy_locality_occupation_terrace@1`, `cg5v3__gn_nov_g4_xp017_yp026_r2_zaostrovye_settlement_center_habitation_terrace@1`, `cg5v3__gn_nov_g4_xp017_yp026_r2_zaostrovye_settlement_center_household_zone@1`. Cause: settlement adjacency only; no field/rotation/crop/orchard/plot type or rights. Source `places-binding/places/node_binding.csv:25,33,172,175,221,223`; node rows overall candidate, blank type columns; G5 candidates inherit contextual scope. Candidate settlement/occupation context does not establish parcel rotation or fallow.",PF/scene candidate only; PF is the family-level presence scope. No direct land_use type presence rule established.,NONE: manifest exact_g4=[]; node_binding lu/place_template_id empty,infra/world-base/land_use_templates.seed.json:76; data/world-catalogs/novgorod/game-base-v1/places-binding/places/region_type_pf_manifest.json:228; data/world-catalogs/novgorod/m2c-nature-coverage.json:2941,[]
lu_fiber_crop_plot,land_use,Лён / конопля / волокнистые культуры,условно применим,Возможен при подтверждённом земледелии/огороде; конкретная культура и участок неизвестны.,selected,g4v3__gn_nov_g3_xp017_yp026_r2_vikhtuy_locality@1,cg5v3__gn_nov_g4_xp017_yp026_r2_vikhtuy_locality_household_cluster@1,pf_arable_field;pf_orchard_garden,context_only_no_type_or_pf_binding,"G4 candidates: `g4v3__gn_nov_g3_xp017_yp026_r2_vikhtuy_locality@1`, `g4v3__gn_nov_g3_xp017_yp026_r2_zaostrovye_settlement_center@1`; G5 candidates: `cg5v3__gn_nov_g4_xp017_yp026_r2_vikhtuy_locality_household_cluster@1`, `cg5v3__gn_nov_g4_xp017_yp026_r2_vikhtuy_locality_occupation_terrace@1`, `cg5v3__gn_nov_g4_xp017_yp026_r2_zaostrovye_settlement_center_habitation_terrace@1`, `cg5v3__gn_nov_g4_xp017_yp026_r2_zaostrovye_settlement_center_household_zone@1`. Cause: settlement adjacency only; no field/rotation/crop/orchard/plot type or rights. Source `places-binding/places/node_binding.csv:25,33,172,175,221,223`; node rows overall candidate, blank type columns; G5 candidates inherit contextual scope. Candidate settlement/occupation context does not establish flax/hemp or a field.",PF/scene candidate only; PF is the family-level presence scope. No direct land_use type presence rule established.,NONE: manifest exact_g4=[]; node_binding lu/place_template_id empty,infra/world-base/land_use_templates.seed.json:477; data/world-catalogs/novgorod/game-base-v1/places-binding/places/region_type_pf_manifest.json:254; data/world-catalogs/novgorod/m2c-nature-coverage.json:2966,"[{""node_ref"":""g4v3__gn_nov_g3_xp017_yp026_r2_vikhtuy_locality@1"",""dimension"":""water_body_template_id"",""reason"":""The household node belongs to an alluvial riverside settlement; nearby water is broader in node binding than this template allowlist. Candidate does not assert the crop."",""source_refs"":""data/world-catalogs/novgorod/game-base-v1/places-binding/places/node_binding.csv:25; infra/world-base/land_use_templates.seed.json:477""},{""node_ref"":""cg5v3__gn_nov_g4_xp017_yp026_r2_vikhtuy_locality_household_cluster@1"",""dimension"":""water_body_template_id"",""reason"":""The household node belongs to an alluvial riverside settlement; nearby water is broader in node binding than this template allowlist. Candidate does not assert the crop."",""source_refs"":""data/world-catalogs/novgorod/game-base-v1/places-binding/places/node_binding.csv:172; infra/world-base/land_use_templates.seed.json:477""}]"
lu_fish_weir_trap_operation,land_use,Рыбный запор / стационарная ловушка,условно применим,Речные подходы и PF fishing_camp/river_channel допускают проверку рыбного запора; самого запора/промысла exact binding нет.,selected,g4v3__gn_nov_g3_xp017_yp026_r2_forest_stream_route@1;g4v3__gn_nov_g3_xp017_yp026_r2_tributary_mouth@1,cg5v3__gn_nov_g4_xp017_yp026_r2_forest_stream_route_lower_reach@1;cg5v3__gn_nov_g4_xp017_yp026_r2_tributary_mouth_lower_stream@1,pf_fishing_camp;pf_river_channel,candidate_pf_overlap,G4=g4v3__gn_nov_g3_xp017_yp026_r2_central_current_split@1;g4v3__gn_nov_g3_xp017_yp026_r2_central_navigation_reach@1;g4v3__gn_nov_g3_xp017_yp026_r2_channel_split_islet@1;g4v3__gn_nov_g3_xp017_yp026_r2_driftwood_bar@1;g4v3__gn_nov_g3_xp017_yp026_r2_dry_island_ridge@1;g4v3__gn_nov_g3_xp017_yp026_r2_dry_pine_ridge@1;g4v3__gn_nov_g3_xp017_yp026_r2_east_flood_bypass@1;g4v3__gn_nov_g3_xp017_yp026_r2_east_side_channel@1;g4v3__gn_nov_g3_xp017_yp026_r2_flooded_interior_basin@1;g4v3__gn_nov_g3_xp017_yp026_r2_floodplain_ridge_route@1;g4v3__gn_nov_g3_xp017_yp026_r2_forest_stream_route@1;g4v3__gn_nov_g3_xp017_yp026_r2_large_island_head@1;g4v3__gn_nov_g3_xp017_yp026_r2_mixing_reach@1;g4v3__gn_nov_g3_xp017_yp026_r2_north_exposed_turn@1;g4v3__gn_nov_g3_xp017_yp026_r2_north_outflow_reach@1;g4v3__gn_nov_g3_xp017_yp026_r2_outer_exposed_approach@1;g4v3__gn_nov_g3_xp017_yp026_r2_sheltered_inner_reach@1;g4v3__gn_nov_g3_xp017_yp026_r2_sheltered_landing_terrace@1;g4v3__gn_nov_g3_xp017_yp026_r2_shifting_shoal_field@1;g4v3__gn_nov_g3_xp017_yp026_r2_south_entry_reach@1;g4v3__gn_nov_g3_xp017_yp026_r2_tributary_mouth@1;g4v3__gn_nov_g3_xp017_yp026_r2_vikhtuy_resource_edge@1;g4v3__gn_nov_g3_xp017_yp026_r2_vikhtuy_river_approach@1;g4v3__gn_nov_g3_xp017_yp026_r2_west_hidden_backwater@1;g4v3__gn_nov_g3_xp017_yp026_r2_west_side_channel@1;g4v3__gn_nov_g3_xp017_yp026_r2_wet_conifer_tract@1;g4v3__gn_nov_g3_xp017_yp026_r2_zaostrovye_landing@1 | G5=cg5v3__gn_nov_g4_xp017_yp026_r2_central_current_split_fast_branch@1;cg5v3__gn_nov_g4_xp017_yp026_r2_central_current_split_islet_margin@1;cg5v3__gn_nov_g4_xp017_yp026_r2_central_current_split_rejoin_reach@1;cg5v3__gn_nov_g4_xp017_yp026_r2_central_current_split_slow_branch@1;cg5v3__gn_nov_g4_xp017_yp026_r2_central_current_split_split_point@1;cg5v3__gn_nov_g4_xp017_yp026_r2_central_navigation_reach_deep_thread@1;cg5v3__gn_nov_g4_xp017_yp026_r2_central_navigation_reach_lee_bank@1;cg5v3__gn_nov_g4_xp017_yp026_r2_central_navigation_reach_shoal_margin@1;cg5v3__gn_nov_g4_xp017_yp026_r2_channel_split_islet_downstream_tail@1;cg5v3__gn_nov_g4_xp017_yp026_r2_channel_split_islet_east_channel@1;cg5v3__gn_nov_g4_xp017_yp026_r2_channel_split_islet_upstream_tip@1;cg5v3__gn_nov_g4_xp017_yp026_r2_channel_split_islet_west_channel@1;cg5v3__gn_nov_g4_xp017_yp026_r2_driftwood_bar_dry_cap@1;cg5v3__gn_nov_g4_xp017_yp026_r2_dry_island_ridge_camp_candidate@1;cg5v3__gn_nov_g4_xp017_yp026_r2_dry_pine_ridge_sandy_hollow@1;cg5v3__gn_nov_g4_xp017_yp026_r2_east_flood_bypass_mud_bank@1;cg5v3__gn_nov_g4_xp017_yp026_r2_east_flood_bypass_narrow_reach@1;cg5v3__gn_nov_g4_xp017_yp026_r2_east_flood_bypass_quiet_reach@1;cg5v3__gn_nov_g4_xp017_yp026_r2_east_side_channel_mud_bank@1;cg5v3__gn_nov_g4_xp017_yp026_r2_east_side_channel_narrow_reach@1;cg5v3__gn_nov_g4_xp017_yp026_r2_east_side_channel_quiet_reach@1;cg5v3__gn_nov_g4_xp017_yp026_r2_flooded_interior_basin_dry_mound@1;cg5v3__gn_nov_g4_xp017_yp026_r2_floodplain_ridge_route_forest_shelter@1;cg5v3__gn_nov_g4_xp017_yp026_r2_forest_stream_route_lower_reach@1;cg5v3__gn_nov_g4_xp017_yp026_r2_large_island_head_downstream_tail@1;cg5v3__gn_nov_g4_xp017_yp026_r2_large_island_head_east_channel@1;cg5v3__gn_nov_g4_xp017_yp026_r2_large_island_head_upstream_tip@1;cg5v3__gn_nov_g4_xp017_yp026_r2_large_island_head_west_channel@1;cg5v3__gn_nov_g4_xp017_yp026_r2_mixing_reach_current_shear@1;cg5v3__gn_nov_g4_xp017_yp026_r2_mixing_reach_lee_margin@1;cg5v3__gn_nov_g4_xp017_yp026_r2_mixing_reach_open_water@1;cg5v3__gn_nov_g4_xp017_yp026_r2_mixing_reach_outer_route@1;cg5v3__gn_nov_g4_xp017_yp026_r2_north_exposed_turn_deep_thread@1;cg5v3__gn_nov_g4_xp017_yp026_r2_north_exposed_turn_lee_bank@1;cg5v3__gn_nov_g4_xp017_yp026_r2_north_exposed_turn_shoal_margin@1;cg5v3__gn_nov_g4_xp017_yp026_r2_north_outflow_reach_deep_thread@1;cg5v3__gn_nov_g4_xp017_yp026_r2_north_outflow_reach_lee_bank@1;cg5v3__gn_nov_g4_xp017_yp026_r2_north_outflow_reach_shoal_margin@1;cg5v3__gn_nov_g4_xp017_yp026_r2_outer_exposed_approach_sea_exit@1;cg5v3__gn_nov_g4_xp017_yp026_r2_outer_exposed_approach_sheltered_inlet@1;cg5v3__gn_nov_g4_xp017_yp026_r2_outer_exposed_approach_wind_fetch@1;cg5v3__gn_nov_g4_xp017_yp026_r2_sheltered_inner_reach_deep_thread@1;cg5v3__gn_nov_g4_xp017_yp026_r2_sheltered_inner_reach_lee_bank@1;cg5v3__gn_nov_g4_xp017_yp026_r2_sheltered_inner_reach_shoal_margin@1;cg5v3__gn_nov_g4_xp017_yp026_r2_sheltered_landing_terrace_high_platform@1;cg5v3__gn_nov_g4_xp017_yp026_r2_shifting_shoal_field_deep_thread@1;cg5v3__gn_nov_g4_xp017_yp026_r2_south_entry_reach_deep_thread@1;cg5v3__gn_nov_g4_xp017_yp026_r2_south_entry_reach_lee_bank@1;cg5v3__gn_nov_g4_xp017_yp026_r2_south_entry_reach_shoal_margin@1;cg5v3__gn_nov_g4_xp017_yp026_r2_tributary_mouth_crossing@1;cg5v3__gn_nov_g4_xp017_yp026_r2_tributary_mouth_lower_stream@1;cg5v3__gn_nov_g4_xp017_yp026_r2_tributary_mouth_mouth_bar@1;cg5v3__gn_nov_g4_xp017_yp026_r2_vikhtuy_resource_edge_dry_patch@1;cg5v3__gn_nov_g4_xp017_yp026_r2_vikhtuy_river_approach_high_platform@1;cg5v3__gn_nov_g4_xp017_yp026_r2_west_hidden_backwater_dry_patch@1;cg5v3__gn_nov_g4_xp017_yp026_r2_west_hidden_backwater_hidden_outlet@1;cg5v3__gn_nov_g4_xp017_yp026_r2_west_hidden_backwater_still_water@1;cg5v3__gn_nov_g4_xp017_yp026_r2_west_side_channel_mud_bank@1;cg5v3__gn_nov_g4_xp017_yp026_r2_west_side_channel_narrow_reach@1;cg5v3__gn_nov_g4_xp017_yp026_r2_west_side_channel_quiet_reach@1;cg5v3__gn_nov_g4_xp017_yp026_r2_wet_conifer_tract_dry_patch@1;cg5v3__gn_nov_g4_xp017_yp026_r2_zaostrovye_landing_dry_platform@1,PF/scene candidate only; PF is the family-level presence scope. No direct land_use type presence rule established.,NONE: manifest exact_g4=[]; node_binding lu/place_template_id empty,infra/world-base/land_use_templates.seed.json:1303; data/world-catalogs/novgorod/game-base-v1/places-binding/places/region_type_pf_manifest.json:286; data/world-catalogs/novgorod/m2c-nature-coverage.json:2991,[]
lu_fuelwood_gathering,land_use,Сбор дров и хвороста,условно применим,Кандидатные G4 у ресурсной кромки описаны лесными материалами; сбор дров/права требуют отдельного утверждения.,selected,g4v3__gn_nov_g3_xp017_yp026_r2_dry_pine_ridge@1;g4v3__gn_nov_g3_xp017_yp026_r2_forest_stream_route@1;g4v3__gn_nov_g3_xp017_yp026_r2_vikhtuy_resource_edge@1;g4v3__gn_nov_g3_xp017_yp026_r2_wet_conifer_tract@1;g4v3__gn_nov_g3_xp017_yp026_r2_zaostrovye_burial_area@1;g4v3__gn_nov_g3_xp017_yp026_r2_zaostrovye_settlement_center@1,cg5v3__gn_nov_g4_xp017_yp026_r2_dry_pine_ridge_pine_stand@1;cg5v3__gn_nov_g4_xp017_yp026_r2_dry_pine_ridge_sandy_hollow@1;cg5v3__gn_nov_g4_xp017_yp026_r2_dry_pine_ridge_view_gap@1;cg5v3__gn_nov_g4_xp017_yp026_r2_forest_stream_route_headwater_fork@1;cg5v3__gn_nov_g4_xp017_yp026_r2_forest_stream_route_pool@1;cg5v3__gn_nov_g4_xp017_yp026_r2_vikhtuy_resource_edge_deep_forest@1;cg5v3__gn_nov_g4_xp017_yp026_r2_vikhtuy_resource_edge_dry_patch@1;cg5v3__gn_nov_g4_xp017_yp026_r2_vikhtuy_resource_edge_game_trail@1;cg5v3__gn_nov_g4_xp017_yp026_r2_vikhtuy_resource_edge_resource_patch@1;cg5v3__gn_nov_g4_xp017_yp026_r2_vikhtuy_resource_edge_wet_forest@1;cg5v3__gn_nov_g4_xp017_yp026_r2_wet_conifer_tract_deep_forest@1;cg5v3__gn_nov_g4_xp017_yp026_r2_wet_conifer_tract_dry_patch@1;cg5v3__gn_nov_g4_xp017_yp026_r2_wet_conifer_tract_game_trail@1;cg5v3__gn_nov_g4_xp017_yp026_r2_wet_conifer_tract_resource_patch@1;cg5v3__gn_nov_g4_xp017_yp026_r2_wet_conifer_tract_wet_forest@1;cg5v3__gn_nov_g4_xp017_yp026_r2_zaostrovye_burial_area_outer_edge@1;cg5v3__gn_nov_g4_xp017_yp026_r2_zaostrovye_burial_area_wet_boundary@1;cg5v3__gn_nov_g4_xp017_yp026_r2_zaostrovye_settlement_center_water_source@1,pf_broadleaf_woodland;pf_conifer_woodland;pf_forest_edge;pf_mixed_woodland,candidate_pf_overlap,G4=g4v3__gn_nov_g3_xp017_yp026_r2_channel_split_islet@1;g4v3__gn_nov_g3_xp017_yp026_r2_driftwood_bar@1;g4v3__gn_nov_g3_xp017_yp026_r2_dry_island_ridge@1;g4v3__gn_nov_g3_xp017_yp026_r2_dry_pine_ridge@1;g4v3__gn_nov_g3_xp017_yp026_r2_flooded_interior_basin@1;g4v3__gn_nov_g3_xp017_yp026_r2_floodplain_ridge_route@1;g4v3__gn_nov_g3_xp017_yp026_r2_forest_stream_route@1;g4v3__gn_nov_g3_xp017_yp026_r2_large_island_head@1;g4v3__gn_nov_g3_xp017_yp026_r2_sheltered_landing_terrace@1;g4v3__gn_nov_g3_xp017_yp026_r2_shifting_shoal_field@1;g4v3__gn_nov_g3_xp017_yp026_r2_vikhtuy_locality@1;g4v3__gn_nov_g3_xp017_yp026_r2_vikhtuy_resource_edge@1;g4v3__gn_nov_g3_xp017_yp026_r2_vikhtuy_river_approach@1;g4v3__gn_nov_g3_xp017_yp026_r2_wet_conifer_tract@1;g4v3__gn_nov_g3_xp017_yp026_r2_zaostrovye_burial_area@1;g4v3__gn_nov_g3_xp017_yp026_r2_zaostrovye_landing@1;g4v3__gn_nov_g3_xp017_yp026_r2_zaostrovye_settlement_center@1 | G5=cg5v3__gn_nov_g4_xp017_yp026_r2_central_navigation_reach_lee_bank@1;cg5v3__gn_nov_g4_xp017_yp026_r2_central_navigation_reach_observation_bank@1;cg5v3__gn_nov_g4_xp017_yp026_r2_channel_split_islet_high_bank@1;cg5v3__gn_nov_g4_xp017_yp026_r2_driftwood_bar_dry_cap@1;cg5v3__gn_nov_g4_xp017_yp026_r2_dry_island_ridge_camp_candidate@1;cg5v3__gn_nov_g4_xp017_yp026_r2_dry_island_ridge_forest_edge@1;cg5v3__gn_nov_g4_xp017_yp026_r2_dry_pine_ridge_pine_stand@1;cg5v3__gn_nov_g4_xp017_yp026_r2_dry_pine_ridge_sandy_hollow@1;cg5v3__gn_nov_g4_xp017_yp026_r2_dry_pine_ridge_view_gap@1;cg5v3__gn_nov_g4_xp017_yp026_r2_flooded_interior_basin_dry_mound@1;cg5v3__gn_nov_g4_xp017_yp026_r2_floodplain_ridge_route_forest_shelter@1;cg5v3__gn_nov_g4_xp017_yp026_r2_forest_stream_route_headwater_fork@1;cg5v3__gn_nov_g4_xp017_yp026_r2_forest_stream_route_pool@1;cg5v3__gn_nov_g4_xp017_yp026_r2_large_island_head_high_bank@1;cg5v3__gn_nov_g4_xp017_yp026_r2_north_exposed_turn_lee_bank@1;cg5v3__gn_nov_g4_xp017_yp026_r2_north_exposed_turn_observation_bank@1;cg5v3__gn_nov_g4_xp017_yp026_r2_north_outflow_reach_lee_bank@1;cg5v3__gn_nov_g4_xp017_yp026_r2_north_outflow_reach_observation_bank@1;cg5v3__gn_nov_g4_xp017_yp026_r2_outer_exposed_approach_sheltered_inlet@1;cg5v3__gn_nov_g4_xp017_yp026_r2_sheltered_inner_reach_lee_bank@1;cg5v3__gn_nov_g4_xp017_yp026_r2_sheltered_inner_reach_observation_bank@1;cg5v3__gn_nov_g4_xp017_yp026_r2_sheltered_landing_terrace_high_platform@1;cg5v3__gn_nov_g4_xp017_yp026_r2_sheltered_landing_terrace_water_source@1;cg5v3__gn_nov_g4_xp017_yp026_r2_shifting_shoal_field_warning_reach@1;cg5v3__gn_nov_g4_xp017_yp026_r2_south_entry_reach_lee_bank@1;cg5v3__gn_nov_g4_xp017_yp026_r2_south_entry_reach_observation_bank@1;cg5v3__gn_nov_g4_xp017_yp026_r2_vikhtuy_locality_water_access@1;cg5v3__gn_nov_g4_xp017_yp026_r2_vikhtuy_resource_edge_deep_forest@1;cg5v3__gn_nov_g4_xp017_yp026_r2_vikhtuy_resource_edge_dry_patch@1;cg5v3__gn_nov_g4_xp017_yp026_r2_vikhtuy_resource_edge_game_trail@1;cg5v3__gn_nov_g4_xp017_yp026_r2_vikhtuy_resource_edge_resource_patch@1;cg5v3__gn_nov_g4_xp017_yp026_r2_vikhtuy_resource_edge_wet_forest@1;cg5v3__gn_nov_g4_xp017_yp026_r2_vikhtuy_river_approach_high_platform@1;cg5v3__gn_nov_g4_xp017_yp026_r2_vikhtuy_river_approach_water_source@1;cg5v3__gn_nov_g4_xp017_yp026_r2_wet_conifer_tract_deep_forest@1;cg5v3__gn_nov_g4_xp017_yp026_r2_wet_conifer_tract_dry_patch@1;cg5v3__gn_nov_g4_xp017_yp026_r2_wet_conifer_tract_game_trail@1;cg5v3__gn_nov_g4_xp017_yp026_r2_wet_conifer_tract_resource_patch@1;cg5v3__gn_nov_g4_xp017_yp026_r2_wet_conifer_tract_wet_forest@1;cg5v3__gn_nov_g4_xp017_yp026_r2_zaostrovye_burial_area_outer_edge@1;cg5v3__gn_nov_g4_xp017_yp026_r2_zaostrovye_burial_area_wet_boundary@1;cg5v3__gn_nov_g4_xp017_yp026_r2_zaostrovye_landing_dry_platform@1;cg5v3__gn_nov_g4_xp017_yp026_r2_zaostrovye_settlement_center_water_source@1,PF/scene candidate only; PF is the family-level presence scope. No direct land_use type presence rule established.,NONE: manifest exact_g4=[]; node_binding lu/place_template_id empty,infra/world-base/land_use_templates.seed.json:849; data/world-catalogs/novgorod/game-base-v1/places-binding/places/region_type_pf_manifest.json:345; data/world-catalogs/novgorod/m2c-nature-coverage.json:3040,[]
lu_fur_trapping_ground,land_use,Пушной лов / промысловые угодья,условно применим,Лесные и болотные среды возможны; ловушки и фактическая практика не подтверждены.,selected,g4v3__gn_nov_g3_xp017_yp026_r2_dry_pine_ridge@1;g4v3__gn_nov_g3_xp017_yp026_r2_forest_stream_route@1;g4v3__gn_nov_g3_xp017_yp026_r2_old_channel_pool@1;g4v3__gn_nov_g3_xp017_yp026_r2_reed_backwater@1;g4v3__gn_nov_g3_xp017_yp026_r2_vikhtuy_resource_edge@1;g4v3__gn_nov_g3_xp017_yp026_r2_wet_conifer_tract@1,cg5v3__gn_nov_g4_xp017_yp026_r2_dry_pine_ridge_pine_stand@1;cg5v3__gn_nov_g4_xp017_yp026_r2_dry_pine_ridge_sandy_hollow@1;cg5v3__gn_nov_g4_xp017_yp026_r2_dry_pine_ridge_view_gap@1;cg5v3__gn_nov_g4_xp017_yp026_r2_forest_stream_route_pool@1;cg5v3__gn_nov_g4_xp017_yp026_r2_old_channel_pool_willow_bank@1;cg5v3__gn_nov_g4_xp017_yp026_r2_reed_backwater_bird_shallows@1;cg5v3__gn_nov_g4_xp017_yp026_r2_reed_backwater_open_pool@1;cg5v3__gn_nov_g4_xp017_yp026_r2_vikhtuy_resource_edge_game_trail@1;cg5v3__gn_nov_g4_xp017_yp026_r2_vikhtuy_resource_edge_resource_patch@1;cg5v3__gn_nov_g4_xp017_yp026_r2_wet_conifer_tract_deep_forest@1;cg5v3__gn_nov_g4_xp017_yp026_r2_wet_conifer_tract_dry_patch@1;cg5v3__gn_nov_g4_xp017_yp026_r2_wet_conifer_tract_game_trail@1;cg5v3__gn_nov_g4_xp017_yp026_r2_wet_conifer_tract_resource_patch@1;cg5v3__gn_nov_g4_xp017_yp026_r2_wet_conifer_tract_wet_forest@1,pf_conifer_woodland;pf_hunting_ground,candidate_pf_overlap,G4=g4v3__gn_nov_g3_xp017_yp026_r2_driftwood_bar@1;g4v3__gn_nov_g3_xp017_yp026_r2_dry_island_ridge@1;g4v3__gn_nov_g3_xp017_yp026_r2_dry_pine_ridge@1;g4v3__gn_nov_g3_xp017_yp026_r2_flooded_interior_basin@1;g4v3__gn_nov_g3_xp017_yp026_r2_forest_stream_route@1;g4v3__gn_nov_g3_xp017_yp026_r2_old_channel_pool@1;g4v3__gn_nov_g3_xp017_yp026_r2_reed_backwater@1;g4v3__gn_nov_g3_xp017_yp026_r2_sheltered_landing_terrace@1;g4v3__gn_nov_g3_xp017_yp026_r2_vikhtuy_locality@1;g4v3__gn_nov_g3_xp017_yp026_r2_vikhtuy_resource_edge@1;g4v3__gn_nov_g3_xp017_yp026_r2_vikhtuy_river_approach@1;g4v3__gn_nov_g3_xp017_yp026_r2_west_hidden_backwater@1;g4v3__gn_nov_g3_xp017_yp026_r2_wet_conifer_tract@1;g4v3__gn_nov_g3_xp017_yp026_r2_zaostrovye_settlement_center@1 | G5=cg5v3__gn_nov_g4_xp017_yp026_r2_driftwood_bar_shallow_pool@1;cg5v3__gn_nov_g4_xp017_yp026_r2_dry_island_ridge_forest_edge@1;cg5v3__gn_nov_g4_xp017_yp026_r2_dry_pine_ridge_pine_stand@1;cg5v3__gn_nov_g4_xp017_yp026_r2_dry_pine_ridge_sandy_hollow@1;cg5v3__gn_nov_g4_xp017_yp026_r2_dry_pine_ridge_view_gap@1;cg5v3__gn_nov_g4_xp017_yp026_r2_flooded_interior_basin_reed_margin@1;cg5v3__gn_nov_g4_xp017_yp026_r2_forest_stream_route_pool@1;cg5v3__gn_nov_g4_xp017_yp026_r2_old_channel_pool_willow_bank@1;cg5v3__gn_nov_g4_xp017_yp026_r2_reed_backwater_bird_shallows@1;cg5v3__gn_nov_g4_xp017_yp026_r2_reed_backwater_open_pool@1;cg5v3__gn_nov_g4_xp017_yp026_r2_sheltered_landing_terrace_water_source@1;cg5v3__gn_nov_g4_xp017_yp026_r2_vikhtuy_locality_water_access@1;cg5v3__gn_nov_g4_xp017_yp026_r2_vikhtuy_resource_edge_game_trail@1;cg5v3__gn_nov_g4_xp017_yp026_r2_vikhtuy_resource_edge_resource_patch@1;cg5v3__gn_nov_g4_xp017_yp026_r2_vikhtuy_river_approach_water_source@1;cg5v3__gn_nov_g4_xp017_yp026_r2_west_hidden_backwater_still_water@1;cg5v3__gn_nov_g4_xp017_yp026_r2_wet_conifer_tract_deep_forest@1;cg5v3__gn_nov_g4_xp017_yp026_r2_wet_conifer_tract_dry_patch@1;cg5v3__gn_nov_g4_xp017_yp026_r2_wet_conifer_tract_game_trail@1;cg5v3__gn_nov_g4_xp017_yp026_r2_wet_conifer_tract_resource_patch@1;cg5v3__gn_nov_g4_xp017_yp026_r2_wet_conifer_tract_wet_forest@1;cg5v3__gn_nov_g4_xp017_yp026_r2_zaostrovye_settlement_center_water_source@1,PF/scene candidate only; PF is the family-level presence scope. No direct land_use type presence rule established.,NONE: manifest exact_g4=[]; node_binding lu/place_template_id empty,infra/world-base/land_use_templates.seed.json:1174; data/world-catalogs/novgorod/game-base-v1/places-binding/places/region_type_pf_manifest.json:390; data/world-catalogs/novgorod/m2c-nature-coverage.json:3067,[]
lu_hay_meadow_cutting,land_use,Сенокос,"правдоподобен, условно",Пойменные луга экологически подходят; точный сенокос и покос в нужный сезон не установлены.,selected,g4v3__gn_nov_g3_xp017_yp026_r2_dry_island_ridge@1,cg5v3__gn_nov_g4_xp017_yp026_r2_channel_split_islet_high_bank@1;cg5v3__gn_nov_g4_xp017_yp026_r2_flooded_interior_basin_dry_mound@1,pf_field_margin;pf_floodplain_meadow;pf_hay_meadow,candidate_pf_overlap,G4=g4v3__gn_nov_g3_xp017_yp026_r2_channel_split_islet@1;g4v3__gn_nov_g3_xp017_yp026_r2_dry_island_ridge@1;g4v3__gn_nov_g3_xp017_yp026_r2_east_flood_bypass@1;g4v3__gn_nov_g3_xp017_yp026_r2_east_side_channel@1;g4v3__gn_nov_g3_xp017_yp026_r2_flooded_interior_basin@1;g4v3__gn_nov_g3_xp017_yp026_r2_large_island_head@1;g4v3__gn_nov_g3_xp017_yp026_r2_mixing_reach@1;g4v3__gn_nov_g3_xp017_yp026_r2_old_channel_pool@1;g4v3__gn_nov_g3_xp017_yp026_r2_outer_exposed_approach@1;g4v3__gn_nov_g3_xp017_yp026_r2_reed_backwater@1;g4v3__gn_nov_g3_xp017_yp026_r2_sheltered_landing_terrace@1;g4v3__gn_nov_g3_xp017_yp026_r2_shifting_shoal_field@1;g4v3__gn_nov_g3_xp017_yp026_r2_vikhtuy_river_approach@1;g4v3__gn_nov_g3_xp017_yp026_r2_west_side_channel@1;g4v3__gn_nov_g3_xp017_yp026_r2_zaostrovye_landing@1 | G5=cg5v3__gn_nov_g4_xp017_yp026_r2_channel_split_islet_wet_hollow@1;cg5v3__gn_nov_g4_xp017_yp026_r2_dry_island_ridge_camp_candidate@1;cg5v3__gn_nov_g4_xp017_yp026_r2_dry_island_ridge_wet_hollow@1;cg5v3__gn_nov_g4_xp017_yp026_r2_east_flood_bypass_seasonal_barrier@1;cg5v3__gn_nov_g4_xp017_yp026_r2_east_side_channel_seasonal_barrier@1;cg5v3__gn_nov_g4_xp017_yp026_r2_flooded_interior_basin_dry_mound@1;cg5v3__gn_nov_g4_xp017_yp026_r2_flooded_interior_basin_inlet@1;cg5v3__gn_nov_g4_xp017_yp026_r2_flooded_interior_basin_overflow@1;cg5v3__gn_nov_g4_xp017_yp026_r2_flooded_interior_basin_shallow_basin@1;cg5v3__gn_nov_g4_xp017_yp026_r2_large_island_head_wet_hollow@1;cg5v3__gn_nov_g4_xp017_yp026_r2_mixing_reach_ice_edge@1;cg5v3__gn_nov_g4_xp017_yp026_r2_old_channel_pool_dry_crossing@1;cg5v3__gn_nov_g4_xp017_yp026_r2_outer_exposed_approach_ice_break_zone@1;cg5v3__gn_nov_g4_xp017_yp026_r2_outer_exposed_approach_sheltered_inlet@1;cg5v3__gn_nov_g4_xp017_yp026_r2_reed_backwater_winter_thin_ice@1;cg5v3__gn_nov_g4_xp017_yp026_r2_sheltered_landing_terrace_flood_edge@1;cg5v3__gn_nov_g4_xp017_yp026_r2_shifting_shoal_field_winter_crack@1;cg5v3__gn_nov_g4_xp017_yp026_r2_vikhtuy_river_approach_flood_edge@1;cg5v3__gn_nov_g4_xp017_yp026_r2_west_side_channel_seasonal_barrier@1;cg5v3__gn_nov_g4_xp017_yp026_r2_zaostrovye_landing_flood_limit@1,PF/scene candidate only; PF is the family-level presence scope. No direct land_use type presence rule established.,NONE: manifest exact_g4=[]; node_binding lu/place_template_id empty,infra/world-base/land_use_templates.seed.json:550; data/world-catalogs/novgorod/game-base-v1/places-binding/places/region_type_pf_manifest.json:423; data/world-catalogs/novgorod/m2c-nature-coverage.json:3093,"[{""node_ref"":""g4v3__gn_nov_g3_xp017_yp026_r2_dry_island_ridge@1"",""dimension"":""landscape_template_id"",""reason"":""Dry high-bank alluvial island ground is physically compatible with floodplain meadow, though the binding does not encode vegetation at this G5 scale."",""source_refs"":""data/world-catalogs/novgorod/game-base-v1/places-binding/places/node_binding.csv:6; infra/world-base/land_use_templates.seed.json:550""},{""node_ref"":""cg5v3__gn_nov_g4_xp017_yp026_r2_channel_split_islet_high_bank@1"",""dimension"":""landscape_template_id"",""reason"":""Dry high-bank alluvial island ground is physically compatible with floodplain meadow, though the binding does not encode vegetation at this G5 scale."",""source_refs"":""data/world-catalogs/novgorod/game-base-v1/places-binding/places/node_binding.csv:48; infra/world-base/land_use_templates.seed.json:550""},{""node_ref"":""cg5v3__gn_nov_g4_xp017_yp026_r2_flooded_interior_basin_dry_mound@1"",""dimension"":""landscape_template_id"",""reason"":""Dry high-bank alluvial dry mound in the flooded basin is physically compatible with floodplain meadow, though the binding does not encode vegetation at this G5 scale."",""source_refs"":""data/world-catalogs/novgorod/game-base-v1/places-binding/places/node_binding.csv:82; infra/world-base/land_use_templates.seed.json:550""}]"
lu_hunting_ground,land_use,Охотничьи угодья,условно применим,"Лес/болото создают возможность охоты, но наличие промысла/доступа не следует из среды.",selected,g4v3__gn_nov_g3_xp017_yp026_r2_dry_pine_ridge@1;g4v3__gn_nov_g3_xp017_yp026_r2_forest_stream_route@1;g4v3__gn_nov_g3_xp017_yp026_r2_old_channel_pool@1;g4v3__gn_nov_g3_xp017_yp026_r2_reed_backwater@1;g4v3__gn_nov_g3_xp017_yp026_r2_vikhtuy_resource_edge@1;g4v3__gn_nov_g3_xp017_yp026_r2_wet_conifer_tract@1;g4v3__gn_nov_g3_xp017_yp026_r2_zaostrovye_burial_area@1;g4v3__gn_nov_g3_xp017_yp026_r2_zaostrovye_settlement_center@1,cg5v3__gn_nov_g4_xp017_yp026_r2_dry_pine_ridge_pine_stand@1;cg5v3__gn_nov_g4_xp017_yp026_r2_dry_pine_ridge_sandy_hollow@1;cg5v3__gn_nov_g4_xp017_yp026_r2_dry_pine_ridge_view_gap@1;cg5v3__gn_nov_g4_xp017_yp026_r2_forest_stream_route_bog_crossing@1;cg5v3__gn_nov_g4_xp017_yp026_r2_forest_stream_route_headwater_fork@1;cg5v3__gn_nov_g4_xp017_yp026_r2_forest_stream_route_pool@1;cg5v3__gn_nov_g4_xp017_yp026_r2_old_channel_pool_deep_pool@1;cg5v3__gn_nov_g4_xp017_yp026_r2_old_channel_pool_willow_bank@1;cg5v3__gn_nov_g4_xp017_yp026_r2_reed_backwater_bird_shallows@1;cg5v3__gn_nov_g4_xp017_yp026_r2_reed_backwater_open_pool@1;cg5v3__gn_nov_g4_xp017_yp026_r2_vikhtuy_resource_edge_deep_forest@1;cg5v3__gn_nov_g4_xp017_yp026_r2_vikhtuy_resource_edge_dry_patch@1;cg5v3__gn_nov_g4_xp017_yp026_r2_vikhtuy_resource_edge_game_trail@1;cg5v3__gn_nov_g4_xp017_yp026_r2_vikhtuy_resource_edge_resource_patch@1;cg5v3__gn_nov_g4_xp017_yp026_r2_vikhtuy_resource_edge_wet_forest@1;cg5v3__gn_nov_g4_xp017_yp026_r2_wet_conifer_tract_deep_forest@1;cg5v3__gn_nov_g4_xp017_yp026_r2_wet_conifer_tract_dry_patch@1;cg5v3__gn_nov_g4_xp017_yp026_r2_wet_conifer_tract_game_trail@1;cg5v3__gn_nov_g4_xp017_yp026_r2_wet_conifer_tract_resource_patch@1;cg5v3__gn_nov_g4_xp017_yp026_r2_wet_conifer_tract_wet_forest@1;cg5v3__gn_nov_g4_xp017_yp026_r2_zaostrovye_burial_area_outer_edge@1;cg5v3__gn_nov_g4_xp017_yp026_r2_zaostrovye_burial_area_wet_boundary@1;cg5v3__gn_nov_g4_xp017_yp026_r2_zaostrovye_settlement_center_water_source@1,pf_bog;pf_broadleaf_woodland;pf_conifer_woodland;pf_forest_edge;pf_hunting_ground;pf_mixed_woodland,candidate_pf_overlap,G4=g4v3__gn_nov_g3_xp017_yp026_r2_channel_split_islet@1;g4v3__gn_nov_g3_xp017_yp026_r2_driftwood_bar@1;g4v3__gn_nov_g3_xp017_yp026_r2_dry_island_ridge@1;g4v3__gn_nov_g3_xp017_yp026_r2_dry_pine_ridge@1;g4v3__gn_nov_g3_xp017_yp026_r2_flooded_interior_basin@1;g4v3__gn_nov_g3_xp017_yp026_r2_floodplain_ridge_route@1;g4v3__gn_nov_g3_xp017_yp026_r2_forest_stream_route@1;g4v3__gn_nov_g3_xp017_yp026_r2_large_island_head@1;g4v3__gn_nov_g3_xp017_yp026_r2_old_channel_pool@1;g4v3__gn_nov_g3_xp017_yp026_r2_reed_backwater@1;g4v3__gn_nov_g3_xp017_yp026_r2_sheltered_landing_terrace@1;g4v3__gn_nov_g3_xp017_yp026_r2_shifting_shoal_field@1;g4v3__gn_nov_g3_xp017_yp026_r2_vikhtuy_locality@1;g4v3__gn_nov_g3_xp017_yp026_r2_vikhtuy_resource_edge@1;g4v3__gn_nov_g3_xp017_yp026_r2_vikhtuy_river_approach@1;g4v3__gn_nov_g3_xp017_yp026_r2_west_hidden_backwater@1;g4v3__gn_nov_g3_xp017_yp026_r2_wet_conifer_tract@1;g4v3__gn_nov_g3_xp017_yp026_r2_zaostrovye_burial_area@1;g4v3__gn_nov_g3_xp017_yp026_r2_zaostrovye_landing@1;g4v3__gn_nov_g3_xp017_yp026_r2_zaostrovye_settlement_center@1 | G5=cg5v3__gn_nov_g4_xp017_yp026_r2_central_navigation_reach_lee_bank@1;cg5v3__gn_nov_g4_xp017_yp026_r2_central_navigation_reach_observation_bank@1;cg5v3__gn_nov_g4_xp017_yp026_r2_channel_split_islet_high_bank@1;cg5v3__gn_nov_g4_xp017_yp026_r2_channel_split_islet_wet_hollow@1;cg5v3__gn_nov_g4_xp017_yp026_r2_driftwood_bar_driftwood_mass@1;cg5v3__gn_nov_g4_xp017_yp026_r2_driftwood_bar_dry_cap@1;cg5v3__gn_nov_g4_xp017_yp026_r2_driftwood_bar_shallow_pool@1;cg5v3__gn_nov_g4_xp017_yp026_r2_dry_island_ridge_camp_candidate@1;cg5v3__gn_nov_g4_xp017_yp026_r2_dry_island_ridge_forest_edge@1;cg5v3__gn_nov_g4_xp017_yp026_r2_dry_pine_ridge_pine_stand@1;cg5v3__gn_nov_g4_xp017_yp026_r2_dry_pine_ridge_sandy_hollow@1;cg5v3__gn_nov_g4_xp017_yp026_r2_dry_pine_ridge_view_gap@1;cg5v3__gn_nov_g4_xp017_yp026_r2_flooded_interior_basin_bog_edge@1;cg5v3__gn_nov_g4_xp017_yp026_r2_flooded_interior_basin_dry_mound@1;cg5v3__gn_nov_g4_xp017_yp026_r2_flooded_interior_basin_reed_margin@1;cg5v3__gn_nov_g4_xp017_yp026_r2_flooded_interior_basin_shallow_basin@1;cg5v3__gn_nov_g4_xp017_yp026_r2_floodplain_ridge_route_forest_shelter@1;cg5v3__gn_nov_g4_xp017_yp026_r2_forest_stream_route_bog_crossing@1;cg5v3__gn_nov_g4_xp017_yp026_r2_forest_stream_route_headwater_fork@1;cg5v3__gn_nov_g4_xp017_yp026_r2_forest_stream_route_pool@1;cg5v3__gn_nov_g4_xp017_yp026_r2_large_island_head_high_bank@1;cg5v3__gn_nov_g4_xp017_yp026_r2_large_island_head_wet_hollow@1;cg5v3__gn_nov_g4_xp017_yp026_r2_north_exposed_turn_lee_bank@1;cg5v3__gn_nov_g4_xp017_yp026_r2_north_exposed_turn_observation_bank@1;cg5v3__gn_nov_g4_xp017_yp026_r2_north_outflow_reach_lee_bank@1;cg5v3__gn_nov_g4_xp017_yp026_r2_north_outflow_reach_observation_bank@1;cg5v3__gn_nov_g4_xp017_yp026_r2_old_channel_pool_deep_pool@1;cg5v3__gn_nov_g4_xp017_yp026_r2_old_channel_pool_willow_bank@1;cg5v3__gn_nov_g4_xp017_yp026_r2_outer_exposed_approach_sheltered_inlet@1;cg5v3__gn_nov_g4_xp017_yp026_r2_reed_backwater_bird_shallows@1;cg5v3__gn_nov_g4_xp017_yp026_r2_reed_backwater_open_pool@1;cg5v3__gn_nov_g4_xp017_yp026_r2_sheltered_inner_reach_lee_bank@1;cg5v3__gn_nov_g4_xp017_yp026_r2_sheltered_inner_reach_observation_bank@1;cg5v3__gn_nov_g4_xp017_yp026_r2_sheltered_landing_terrace_high_platform@1;cg5v3__gn_nov_g4_xp017_yp026_r2_sheltered_landing_terrace_water_source@1;cg5v3__gn_nov_g4_xp017_yp026_r2_shifting_shoal_field_warning_reach@1;cg5v3__gn_nov_g4_xp017_yp026_r2_south_entry_reach_lee_bank@1;cg5v3__gn_nov_g4_xp017_yp026_r2_south_entry_reach_observation_bank@1;cg5v3__gn_nov_g4_xp017_yp026_r2_vikhtuy_locality_water_access@1;cg5v3__gn_nov_g4_xp017_yp026_r2_vikhtuy_resource_edge_deep_forest@1;cg5v3__gn_nov_g4_xp017_yp026_r2_vikhtuy_resource_edge_dry_patch@1;cg5v3__gn_nov_g4_xp017_yp026_r2_vikhtuy_resource_edge_game_trail@1;cg5v3__gn_nov_g4_xp017_yp026_r2_vikhtuy_resource_edge_resource_patch@1;cg5v3__gn_nov_g4_xp017_yp026_r2_vikhtuy_resource_edge_wet_forest@1;cg5v3__gn_nov_g4_xp017_yp026_r2_vikhtuy_river_approach_high_platform@1;cg5v3__gn_nov_g4_xp017_yp026_r2_vikhtuy_river_approach_water_source@1;cg5v3__gn_nov_g4_xp017_yp026_r2_west_hidden_backwater_still_water@1;cg5v3__gn_nov_g4_xp017_yp026_r2_wet_conifer_tract_deep_forest@1;cg5v3__gn_nov_g4_xp017_yp026_r2_wet_conifer_tract_dry_patch@1;cg5v3__gn_nov_g4_xp017_yp026_r2_wet_conifer_tract_game_trail@1;cg5v3__gn_nov_g4_xp017_yp026_r2_wet_conifer_tract_resource_patch@1;cg5v3__gn_nov_g4_xp017_yp026_r2_wet_conifer_tract_wet_forest@1;cg5v3__gn_nov_g4_xp017_yp026_r2_zaostrovye_burial_area_outer_edge@1;cg5v3__gn_nov_g4_xp017_yp026_r2_zaostrovye_burial_area_wet_boundary@1;cg5v3__gn_nov_g4_xp017_yp026_r2_zaostrovye_landing_dry_platform@1;cg5v3__gn_nov_g4_xp017_yp026_r2_zaostrovye_settlement_center_water_source@1,PF/scene candidate only; PF is the family-level presence scope. No direct land_use type presence rule established.,NONE: manifest exact_g4=[]; node_binding lu/place_template_id empty,infra/world-base/land_use_templates.seed.json:1109; data/world-catalogs/novgorod/game-base-v1/places-binding/places/region_type_pf_manifest.json:462; data/world-catalogs/novgorod/m2c-nature-coverage.json:3120,[]
lu_inland_capture_fishing,land_use,Речное / озёрное рыболовство,"правдоподобен, условно",Речная система делает внутренний лов причинно возможным; конкретные ловли/сезонность не привязаны.,selected,g4v3__gn_nov_g3_xp017_yp026_r2_east_side_channel@1;g4v3__gn_nov_g3_xp017_yp026_r2_forest_stream_route@1;g4v3__gn_nov_g3_xp017_yp026_r2_tributary_mouth@1;g4v3__gn_nov_g3_xp017_yp026_r2_west_side_channel@1,cg5v3__gn_nov_g4_xp017_yp026_r2_east_side_channel_narrow_reach@1;cg5v3__gn_nov_g4_xp017_yp026_r2_forest_stream_route_lower_reach@1;cg5v3__gn_nov_g4_xp017_yp026_r2_tributary_mouth_lower_stream@1;cg5v3__gn_nov_g4_xp017_yp026_r2_west_side_channel_narrow_reach@1,pf_fishing_camp;pf_lake_shore;pf_marshy_stream;pf_river_channel;pf_riverbank,candidate_pf_overlap,G4=g4v3__gn_nov_g3_xp017_yp026_r2_central_current_split@1;g4v3__gn_nov_g3_xp017_yp026_r2_central_navigation_reach@1;g4v3__gn_nov_g3_xp017_yp026_r2_channel_split_islet@1;g4v3__gn_nov_g3_xp017_yp026_r2_driftwood_bar@1;g4v3__gn_nov_g3_xp017_yp026_r2_dry_island_ridge@1;g4v3__gn_nov_g3_xp017_yp026_r2_dry_pine_ridge@1;g4v3__gn_nov_g3_xp017_yp026_r2_east_flood_bypass@1;g4v3__gn_nov_g3_xp017_yp026_r2_east_side_channel@1;g4v3__gn_nov_g3_xp017_yp026_r2_flooded_interior_basin@1;g4v3__gn_nov_g3_xp017_yp026_r2_floodplain_ridge_route@1;g4v3__gn_nov_g3_xp017_yp026_r2_forest_stream_route@1;g4v3__gn_nov_g3_xp017_yp026_r2_large_island_head@1;g4v3__gn_nov_g3_xp017_yp026_r2_mixing_reach@1;g4v3__gn_nov_g3_xp017_yp026_r2_north_exposed_turn@1;g4v3__gn_nov_g3_xp017_yp026_r2_north_outflow_reach@1;g4v3__gn_nov_g3_xp017_yp026_r2_old_channel_pool@1;g4v3__gn_nov_g3_xp017_yp026_r2_outer_exposed_approach@1;g4v3__gn_nov_g3_xp017_yp026_r2_reed_backwater@1;g4v3__gn_nov_g3_xp017_yp026_r2_sheltered_inner_reach@1;g4v3__gn_nov_g3_xp017_yp026_r2_sheltered_landing_terrace@1;g4v3__gn_nov_g3_xp017_yp026_r2_shifting_shoal_field@1;g4v3__gn_nov_g3_xp017_yp026_r2_south_entry_reach@1;g4v3__gn_nov_g3_xp017_yp026_r2_tributary_mouth@1;g4v3__gn_nov_g3_xp017_yp026_r2_vikhtuy_locality@1;g4v3__gn_nov_g3_xp017_yp026_r2_vikhtuy_resource_edge@1;g4v3__gn_nov_g3_xp017_yp026_r2_vikhtuy_river_approach@1;g4v3__gn_nov_g3_xp017_yp026_r2_west_hidden_backwater@1;g4v3__gn_nov_g3_xp017_yp026_r2_west_side_channel@1;g4v3__gn_nov_g3_xp017_yp026_r2_wet_conifer_tract@1;g4v3__gn_nov_g3_xp017_yp026_r2_zaostrovye_burial_area@1;g4v3__gn_nov_g3_xp017_yp026_r2_zaostrovye_landing@1;g4v3__gn_nov_g3_xp017_yp026_r2_zaostrovye_settlement_center@1 | G5=cg5v3__gn_nov_g4_xp017_yp026_r2_central_current_split_fast_branch@1;cg5v3__gn_nov_g4_xp017_yp026_r2_central_current_split_islet_margin@1;cg5v3__gn_nov_g4_xp017_yp026_r2_central_current_split_rejoin_reach@1;cg5v3__gn_nov_g4_xp017_yp026_r2_central_current_split_slow_branch@1;cg5v3__gn_nov_g4_xp017_yp026_r2_central_current_split_split_point@1;cg5v3__gn_nov_g4_xp017_yp026_r2_central_current_split_upstream_nose@1;cg5v3__gn_nov_g4_xp017_yp026_r2_central_navigation_reach_deep_thread@1;cg5v3__gn_nov_g4_xp017_yp026_r2_central_navigation_reach_downstream_approach@1;cg5v3__gn_nov_g4_xp017_yp026_r2_central_navigation_reach_lee_bank@1;cg5v3__gn_nov_g4_xp017_yp026_r2_central_navigation_reach_observation_bank@1;cg5v3__gn_nov_g4_xp017_yp026_r2_central_navigation_reach_shoal_margin@1;cg5v3__gn_nov_g4_xp017_yp026_r2_central_navigation_reach_upstream_approach@1;cg5v3__gn_nov_g4_xp017_yp026_r2_channel_split_islet_downstream_tail@1;cg5v3__gn_nov_g4_xp017_yp026_r2_channel_split_islet_east_channel@1;cg5v3__gn_nov_g4_xp017_yp026_r2_channel_split_islet_high_bank@1;cg5v3__gn_nov_g4_xp017_yp026_r2_channel_split_islet_upstream_tip@1;cg5v3__gn_nov_g4_xp017_yp026_r2_channel_split_islet_west_channel@1;cg5v3__gn_nov_g4_xp017_yp026_r2_driftwood_bar_downstream_cut@1;cg5v3__gn_nov_g4_xp017_yp026_r2_driftwood_bar_driftwood_mass@1;cg5v3__gn_nov_g4_xp017_yp026_r2_driftwood_bar_dry_cap@1;cg5v3__gn_nov_g4_xp017_yp026_r2_driftwood_bar_shallow_pool@1;cg5v3__gn_nov_g4_xp017_yp026_r2_driftwood_bar_upstream_edge@1;cg5v3__gn_nov_g4_xp017_yp026_r2_dry_island_ridge_camp_candidate@1;cg5v3__gn_nov_g4_xp017_yp026_r2_dry_island_ridge_downstream_exit@1;cg5v3__gn_nov_g4_xp017_yp026_r2_dry_island_ridge_forest_edge@1;cg5v3__gn_nov_g4_xp017_yp026_r2_dry_island_ridge_landing@1;cg5v3__gn_nov_g4_xp017_yp026_r2_dry_pine_ridge_north_descent@1;cg5v3__gn_nov_g4_xp017_yp026_r2_dry_pine_ridge_pine_stand@1;cg5v3__gn_nov_g4_xp017_yp026_r2_dry_pine_ridge_sandy_hollow@1;cg5v3__gn_nov_g4_xp017_yp026_r2_dry_pine_ridge_south_approach@1;cg5v3__gn_nov_g4_xp017_yp026_r2_dry_pine_ridge_view_gap@1;cg5v3__gn_nov_g4_xp017_yp026_r2_east_flood_bypass_entrance@1;cg5v3__gn_nov_g4_xp017_yp026_r2_east_flood_bypass_exit@1;cg5v3__gn_nov_g4_xp017_yp026_r2_east_flood_bypass_mud_bank@1;cg5v3__gn_nov_g4_xp017_yp026_r2_east_flood_bypass_narrow_reach@1;cg5v3__gn_nov_g4_xp017_yp026_r2_east_flood_bypass_quiet_reach@1;cg5v3__gn_nov_g4_xp017_yp026_r2_east_side_channel_entrance@1;cg5v3__gn_nov_g4_xp017_yp026_r2_east_side_channel_exit@1;cg5v3__gn_nov_g4_xp017_yp026_r2_east_side_channel_mud_bank@1;cg5v3__gn_nov_g4_xp017_yp026_r2_east_side_channel_narrow_reach@1;cg5v3__gn_nov_g4_xp017_yp026_r2_east_side_channel_quiet_reach@1;cg5v3__gn_nov_g4_xp017_yp026_r2_flooded_interior_basin_dry_mound@1;cg5v3__gn_nov_g4_xp017_yp026_r2_flooded_interior_basin_reed_margin@1;cg5v3__gn_nov_g4_xp017_yp026_r2_floodplain_ridge_route_forest_shelter@1;cg5v3__gn_nov_g4_xp017_yp026_r2_floodplain_ridge_route_north_exit@1;cg5v3__gn_nov_g4_xp017_yp026_r2_floodplain_ridge_route_south_approach@1;cg5v3__gn_nov_g4_xp017_yp026_r2_floodplain_ridge_route_water_access@1;cg5v3__gn_nov_g4_xp017_yp026_r2_forest_stream_route_bank_path@1;cg5v3__gn_nov_g4_xp017_yp026_r2_forest_stream_route_fallen_timber@1;cg5v3__gn_nov_g4_xp017_yp026_r2_forest_stream_route_headwater_fork@1;cg5v3__gn_nov_g4_xp017_yp026_r2_forest_stream_route_lower_reach@1;cg5v3__gn_nov_g4_xp017_yp026_r2_forest_stream_route_pool@1;cg5v3__gn_nov_g4_xp017_yp026_r2_large_island_head_downstream_tail@1;cg5v3__gn_nov_g4_xp017_yp026_r2_large_island_head_east_channel@1;cg5v3__gn_nov_g4_xp017_yp026_r2_large_island_head_high_bank@1;cg5v3__gn_nov_g4_xp017_yp026_r2_large_island_head_upstream_tip@1;cg5v3__gn_nov_g4_xp017_yp026_r2_large_island_head_west_channel@1;cg5v3__gn_nov_g4_xp017_yp026_r2_mixing_reach_current_shear@1;cg5v3__gn_nov_g4_xp017_yp026_r2_mixing_reach_inner_approach@1;cg5v3__gn_nov_g4_xp017_yp026_r2_mixing_reach_lee_margin@1;cg5v3__gn_nov_g4_xp017_yp026_r2_mixing_reach_open_water@1;cg5v3__gn_nov_g4_xp017_yp026_r2_mixing_reach_outer_route@1;cg5v3__gn_nov_g4_xp017_yp026_r2_north_exposed_turn_deep_thread@1;cg5v3__gn_nov_g4_xp017_yp026_r2_north_exposed_turn_downstream_approach@1;cg5v3__gn_nov_g4_xp017_yp026_r2_north_exposed_turn_lee_bank@1;cg5v3__gn_nov_g4_xp017_yp026_r2_north_exposed_turn_observation_bank@1;cg5v3__gn_nov_g4_xp017_yp026_r2_north_exposed_turn_shoal_margin@1;cg5v3__gn_nov_g4_xp017_yp026_r2_north_exposed_turn_upstream_approach@1;cg5v3__gn_nov_g4_xp017_yp026_r2_north_outflow_reach_deep_thread@1;cg5v3__gn_nov_g4_xp017_yp026_r2_north_outflow_reach_downstream_approach@1;cg5v3__gn_nov_g4_xp017_yp026_r2_north_outflow_reach_lee_bank@1;cg5v3__gn_nov_g4_xp017_yp026_r2_north_outflow_reach_observation_bank@1;cg5v3__gn_nov_g4_xp017_yp026_r2_north_outflow_reach_shoal_margin@1;cg5v3__gn_nov_g4_xp017_yp026_r2_north_outflow_reach_upstream_approach@1;cg5v3__gn_nov_g4_xp017_yp026_r2_old_channel_pool_deep_pool@1;cg5v3__gn_nov_g4_xp017_yp026_r2_old_channel_pool_hidden_link@1;cg5v3__gn_nov_g4_xp017_yp026_r2_old_channel_pool_old_mouth@1;cg5v3__gn_nov_g4_xp017_yp026_r2_old_channel_pool_silted_reach@1;cg5v3__gn_nov_g4_xp017_yp026_r2_old_channel_pool_willow_bank@1;cg5v3__gn_nov_g4_xp017_yp026_r2_outer_exposed_approach_river_side@1;cg5v3__gn_nov_g4_xp017_yp026_r2_outer_exposed_approach_sea_exit@1;cg5v3__gn_nov_g4_xp017_yp026_r2_outer_exposed_approach_sheltered_inlet@1;cg5v3__gn_nov_g4_xp017_yp026_r2_outer_exposed_approach_shoal_margin@1;cg5v3__gn_nov_g4_xp017_yp026_r2_outer_exposed_approach_wind_fetch@1;cg5v3__gn_nov_g4_xp017_yp026_r2_reed_backwater_bird_shallows@1;cg5v3__gn_nov_g4_xp017_yp026_r2_reed_backwater_entrance@1;cg5v3__gn_nov_g4_xp017_yp026_r2_reed_backwater_mud_bank@1;cg5v3__gn_nov_g4_xp017_yp026_r2_reed_backwater_open_pool@1;cg5v3__gn_nov_g4_xp017_yp026_r2_reed_backwater_reed_channel@1;cg5v3__gn_nov_g4_xp017_yp026_r2_sheltered_inner_reach_deep_thread@1;cg5v3__gn_nov_g4_xp017_yp026_r2_sheltered_inner_reach_downstream_approach@1;cg5v3__gn_nov_g4_xp017_yp026_r2_sheltered_inner_reach_lee_bank@1;cg5v3__gn_nov_g4_xp017_yp026_r2_sheltered_inner_reach_observation_bank@1;cg5v3__gn_nov_g4_xp017_yp026_r2_sheltered_inner_reach_shoal_margin@1;cg5v3__gn_nov_g4_xp017_yp026_r2_sheltered_inner_reach_upstream_approach@1;cg5v3__gn_nov_g4_xp017_yp026_r2_sheltered_landing_terrace_high_platform@1;cg5v3__gn_nov_g4_xp017_yp026_r2_sheltered_landing_terrace_landing_edge@1;cg5v3__gn_nov_g4_xp017_yp026_r2_sheltered_landing_terrace_water_approach@1;cg5v3__gn_nov_g4_xp017_yp026_r2_sheltered_landing_terrace_water_source@1;cg5v3__gn_nov_g4_xp017_yp026_r2_shifting_shoal_field_cross_current@1;cg5v3__gn_nov_g4_xp017_yp026_r2_shifting_shoal_field_deep_thread@1;cg5v3__gn_nov_g4_xp017_yp026_r2_shifting_shoal_field_emergency_bank@1;cg5v3__gn_nov_g4_xp017_yp026_r2_shifting_shoal_field_shallow_bars@1;cg5v3__gn_nov_g4_xp017_yp026_r2_shifting_shoal_field_warning_reach@1;cg5v3__gn_nov_g4_xp017_yp026_r2_south_entry_reach_deep_thread@1;cg5v3__gn_nov_g4_xp017_yp026_r2_south_entry_reach_downstream_approach@1;cg5v3__gn_nov_g4_xp017_yp026_r2_south_entry_reach_lee_bank@1;cg5v3__gn_nov_g4_xp017_yp026_r2_south_entry_reach_observation_bank@1;cg5v3__gn_nov_g4_xp017_yp026_r2_south_entry_reach_shoal_margin@1;cg5v3__gn_nov_g4_xp017_yp026_r2_south_entry_reach_upstream_approach@1;cg5v3__gn_nov_g4_xp017_yp026_r2_tributary_mouth_crossing@1;cg5v3__gn_nov_g4_xp017_yp026_r2_tributary_mouth_lower_stream@1;cg5v3__gn_nov_g4_xp017_yp026_r2_tributary_mouth_main_river_approach@1;cg5v3__gn_nov_g4_xp017_yp026_r2_tributary_mouth_marsh_bank@1;cg5v3__gn_nov_g4_xp017_yp026_r2_tributary_mouth_mouth_bar@1;cg5v3__gn_nov_g4_xp017_yp026_r2_vikhtuy_locality_landing_candidate@1;cg5v3__gn_nov_g4_xp017_yp026_r2_vikhtuy_locality_river_approach@1;cg5v3__gn_nov_g4_xp017_yp026_r2_vikhtuy_locality_water_access@1;cg5v3__gn_nov_g4_xp017_yp026_r2_vikhtuy_resource_edge_dry_patch@1;cg5v3__gn_nov_g4_xp017_yp026_r2_vikhtuy_resource_edge_game_trail@1;cg5v3__gn_nov_g4_xp017_yp026_r2_vikhtuy_resource_edge_resource_patch@1;cg5v3__gn_nov_g4_xp017_yp026_r2_vikhtuy_resource_edge_river_edge@1;cg5v3__gn_nov_g4_xp017_yp026_r2_vikhtuy_river_approach_high_platform@1;cg5v3__gn_nov_g4_xp017_yp026_r2_vikhtuy_river_approach_landing_edge@1;cg5v3__gn_nov_g4_xp017_yp026_r2_vikhtuy_river_approach_water_approach@1;cg5v3__gn_nov_g4_xp017_yp026_r2_vikhtuy_river_approach_water_source@1;cg5v3__gn_nov_g4_xp017_yp026_r2_west_hidden_backwater_dry_patch@1;cg5v3__gn_nov_g4_xp017_yp026_r2_west_hidden_backwater_entrance@1;cg5v3__gn_nov_g4_xp017_yp026_r2_west_hidden_backwater_hidden_outlet@1;cg5v3__gn_nov_g4_xp017_yp026_r2_west_hidden_backwater_muddy_shore@1;cg5v3__gn_nov_g4_xp017_yp026_r2_west_hidden_backwater_reed_edge@1;cg5v3__gn_nov_g4_xp017_yp026_r2_west_hidden_backwater_still_water@1;cg5v3__gn_nov_g4_xp017_yp026_r2_west_side_channel_entrance@1;cg5v3__gn_nov_g4_xp017_yp026_r2_west_side_channel_exit@1;cg5v3__gn_nov_g4_xp017_yp026_r2_west_side_channel_mud_bank@1;cg5v3__gn_nov_g4_xp017_yp026_r2_west_side_channel_narrow_reach@1;cg5v3__gn_nov_g4_xp017_yp026_r2_west_side_channel_quiet_reach@1;cg5v3__gn_nov_g4_xp017_yp026_r2_wet_conifer_tract_dry_patch@1;cg5v3__gn_nov_g4_xp017_yp026_r2_wet_conifer_tract_game_trail@1;cg5v3__gn_nov_g4_xp017_yp026_r2_wet_conifer_tract_resource_patch@1;cg5v3__gn_nov_g4_xp017_yp026_r2_wet_conifer_tract_river_edge@1;cg5v3__gn_nov_g4_xp017_yp026_r2_zaostrovye_burial_area_approach@1;cg5v3__gn_nov_g4_xp017_yp026_r2_zaostrovye_landing_boat_drawing@1;cg5v3__gn_nov_g4_xp017_yp026_r2_zaostrovye_landing_dry_platform@1;cg5v3__gn_nov_g4_xp017_yp026_r2_zaostrovye_landing_landing_edge@1;cg5v3__gn_nov_g4_xp017_yp026_r2_zaostrovye_landing_river_approach@1;cg5v3__gn_nov_g4_xp017_yp026_r2_zaostrovye_settlement_center_landing@1;cg5v3__gn_nov_g4_xp017_yp026_r2_zaostrovye_settlement_center_river_approach@1;cg5v3__gn_nov_g4_xp017_yp026_r2_zaostrovye_settlement_center_water_source@1,PF/scene candidate only; PF is the family-level presence scope. No direct land_use type presence rule established.,NONE: manifest exact_g4=[]; node_binding lu/place_template_id empty,infra/world-base/land_use_templates.seed.json:1220; data/world-catalogs/novgorod/game-base-v1/places-binding/places/region_type_pf_manifest.json:519; data/world-catalogs/novgorod/m2c-nature-coverage.json:3146,[]
lu_kitchen_garden,land_use,Огород / кухонный сад,условно применим,Сельское жильё делает огород возможным; точный участок и культуры отсутствуют.,selected,g4v3__gn_nov_g3_xp017_yp026_r2_vikhtuy_locality@1;g4v3__gn_nov_g3_xp017_yp026_r2_zaostrovye_settlement_center@1,cg5v3__gn_nov_g4_xp017_yp026_r2_vikhtuy_locality_household_cluster@1;cg5v3__gn_nov_g4_xp017_yp026_r2_vikhtuy_locality_occupation_terrace@1;cg5v3__gn_nov_g4_xp017_yp026_r2_zaostrovye_settlement_center_habitation_terrace@1;cg5v3__gn_nov_g4_xp017_yp026_r2_zaostrovye_settlement_center_household_zone@1,pf_monastery_yard;pf_orchard_garden;pf_peasant_homestead,candidate_pf_overlap,G4=g4v3__gn_nov_g3_xp017_yp026_r2_vikhtuy_locality@1;g4v3__gn_nov_g3_xp017_yp026_r2_zaostrovye_settlement_center@1 | G5=cg5v3__gn_nov_g4_xp017_yp026_r2_vikhtuy_locality_household_cluster@1;cg5v3__gn_nov_g4_xp017_yp026_r2_vikhtuy_locality_occupation_terrace@1;cg5v3__gn_nov_g4_xp017_yp026_r2_zaostrovye_settlement_center_habitation_terrace@1;cg5v3__gn_nov_g4_xp017_yp026_r2_zaostrovye_settlement_center_household_zone@1,PF/scene candidate only; PF is the family-level presence scope. No direct land_use type presence rule established.,NONE: manifest exact_g4=[]; node_binding lu/place_template_id empty,infra/world-base/land_use_templates.seed.json:279; data/world-catalogs/novgorod/game-base-v1/places-binding/places/region_type_pf_manifest.json:570; data/world-catalogs/novgorod/m2c-nature-coverage.json:3173,[]
lu_rainfed_arable,land_use,Богарное пахотное земледелие,"правдоподобен, условно",Сельский населённый пункт и пойменные террасы допускают пашню; точные поля и межи не представлены.,selected,g4v3__gn_nov_g3_xp017_yp026_r2_vikhtuy_locality@1,cg5v3__gn_nov_g4_xp017_yp026_r2_vikhtuy_locality_household_cluster@1;cg5v3__gn_nov_g4_xp017_yp026_r2_vikhtuy_locality_occupation_terrace@1,pf_arable_field;pf_field_margin;pf_grain_drying_shed_ovin;pf_threshing_barn,context_only_no_type_or_pf_binding,"G4 candidates: `g4v3__gn_nov_g3_xp017_yp026_r2_vikhtuy_locality@1`, `g4v3__gn_nov_g3_xp017_yp026_r2_zaostrovye_settlement_center@1`; G5 candidates: `cg5v3__gn_nov_g4_xp017_yp026_r2_vikhtuy_locality_household_cluster@1`, `cg5v3__gn_nov_g4_xp017_yp026_r2_vikhtuy_locality_occupation_terrace@1`, `cg5v3__gn_nov_g4_xp017_yp026_r2_zaostrovye_settlement_center_habitation_terrace@1`, `cg5v3__gn_nov_g4_xp017_yp026_r2_zaostrovye_settlement_center_household_zone@1`. Cause: settlement adjacency only; no field/rotation/crop/orchard/plot type or rights. Source `places-binding/places/node_binding.csv:25,33,172,175,221,223`; node rows overall candidate, blank type columns; G5 candidates inherit contextual scope. Candidate settlement/occupation context and alluvial landscape make adjacent cultivation a question, not a bound arable field.",PF/scene candidate only; PF is the family-level presence scope. No direct land_use type presence rule established.,NONE: manifest exact_g4=[]; node_binding lu/place_template_id empty,infra/world-base/land_use_templates.seed.json:3; data/world-catalogs/novgorod/game-base-v1/places-binding/places/region_type_pf_manifest.json:693; data/world-catalogs/novgorod/m2c-nature-coverage.json:3271,[]
lu_reed_sedge_harvest,land_use,Заготовка тростника / камыша / осоки,"правдоподобен, условно",Кандидатные речные/заболоченные среды и осока/тростник дают экологическую основу; сбор не утверждён.,selected,g4v3__gn_nov_g3_xp017_yp026_r2_reed_backwater@1,cg5v3__gn_nov_g4_xp017_yp026_r2_reed_backwater_reed_channel@1,pf_lake_shore;pf_marshy_stream;pf_riverbank,candidate_pf_overlap,G4=g4v3__gn_nov_g3_xp017_yp026_r2_central_current_split@1;g4v3__gn_nov_g3_xp017_yp026_r2_central_navigation_reach@1;g4v3__gn_nov_g3_xp017_yp026_r2_channel_split_islet@1;g4v3__gn_nov_g3_xp017_yp026_r2_driftwood_bar@1;g4v3__gn_nov_g3_xp017_yp026_r2_dry_island_ridge@1;g4v3__gn_nov_g3_xp017_yp026_r2_dry_pine_ridge@1;g4v3__gn_nov_g3_xp017_yp026_r2_east_flood_bypass@1;g4v3__gn_nov_g3_xp017_yp026_r2_east_side_channel@1;g4v3__gn_nov_g3_xp017_yp026_r2_flooded_interior_basin@1;g4v3__gn_nov_g3_xp017_yp026_r2_floodplain_ridge_route@1;g4v3__gn_nov_g3_xp017_yp026_r2_forest_stream_route@1;g4v3__gn_nov_g3_xp017_yp026_r2_large_island_head@1;g4v3__gn_nov_g3_xp017_yp026_r2_mixing_reach@1;g4v3__gn_nov_g3_xp017_yp026_r2_north_exposed_turn@1;g4v3__gn_nov_g3_xp017_yp026_r2_north_outflow_reach@1;g4v3__gn_nov_g3_xp017_yp026_r2_old_channel_pool@1;g4v3__gn_nov_g3_xp017_yp026_r2_outer_exposed_approach@1;g4v3__gn_nov_g3_xp017_yp026_r2_reed_backwater@1;g4v3__gn_nov_g3_xp017_yp026_r2_sheltered_inner_reach@1;g4v3__gn_nov_g3_xp017_yp026_r2_sheltered_landing_terrace@1;g4v3__gn_nov_g3_xp017_yp026_r2_shifting_shoal_field@1;g4v3__gn_nov_g3_xp017_yp026_r2_south_entry_reach@1;g4v3__gn_nov_g3_xp017_yp026_r2_tributary_mouth@1;g4v3__gn_nov_g3_xp017_yp026_r2_vikhtuy_locality@1;g4v3__gn_nov_g3_xp017_yp026_r2_vikhtuy_resource_edge@1;g4v3__gn_nov_g3_xp017_yp026_r2_vikhtuy_river_approach@1;g4v3__gn_nov_g3_xp017_yp026_r2_west_hidden_backwater@1;g4v3__gn_nov_g3_xp017_yp026_r2_west_side_channel@1;g4v3__gn_nov_g3_xp017_yp026_r2_wet_conifer_tract@1;g4v3__gn_nov_g3_xp017_yp026_r2_zaostrovye_burial_area@1;g4v3__gn_nov_g3_xp017_yp026_r2_zaostrovye_landing@1;g4v3__gn_nov_g3_xp017_yp026_r2_zaostrovye_settlement_center@1 | G5=cg5v3__gn_nov_g4_xp017_yp026_r2_central_current_split_islet_margin@1;cg5v3__gn_nov_g4_xp017_yp026_r2_central_current_split_upstream_nose@1;cg5v3__gn_nov_g4_xp017_yp026_r2_central_navigation_reach_downstream_approach@1;cg5v3__gn_nov_g4_xp017_yp026_r2_central_navigation_reach_lee_bank@1;cg5v3__gn_nov_g4_xp017_yp026_r2_central_navigation_reach_observation_bank@1;cg5v3__gn_nov_g4_xp017_yp026_r2_central_navigation_reach_shoal_margin@1;cg5v3__gn_nov_g4_xp017_yp026_r2_central_navigation_reach_upstream_approach@1;cg5v3__gn_nov_g4_xp017_yp026_r2_channel_split_islet_high_bank@1;cg5v3__gn_nov_g4_xp017_yp026_r2_driftwood_bar_downstream_cut@1;cg5v3__gn_nov_g4_xp017_yp026_r2_driftwood_bar_driftwood_mass@1;cg5v3__gn_nov_g4_xp017_yp026_r2_driftwood_bar_dry_cap@1;cg5v3__gn_nov_g4_xp017_yp026_r2_driftwood_bar_shallow_pool@1;cg5v3__gn_nov_g4_xp017_yp026_r2_driftwood_bar_upstream_edge@1;cg5v3__gn_nov_g4_xp017_yp026_r2_dry_island_ridge_downstream_exit@1;cg5v3__gn_nov_g4_xp017_yp026_r2_dry_island_ridge_forest_edge@1;cg5v3__gn_nov_g4_xp017_yp026_r2_dry_island_ridge_landing@1;cg5v3__gn_nov_g4_xp017_yp026_r2_dry_pine_ridge_north_descent@1;cg5v3__gn_nov_g4_xp017_yp026_r2_dry_pine_ridge_pine_stand@1;cg5v3__gn_nov_g4_xp017_yp026_r2_dry_pine_ridge_south_approach@1;cg5v3__gn_nov_g4_xp017_yp026_r2_dry_pine_ridge_view_gap@1;cg5v3__gn_nov_g4_xp017_yp026_r2_east_flood_bypass_entrance@1;cg5v3__gn_nov_g4_xp017_yp026_r2_east_flood_bypass_exit@1;cg5v3__gn_nov_g4_xp017_yp026_r2_east_flood_bypass_mud_bank@1;cg5v3__gn_nov_g4_xp017_yp026_r2_east_side_channel_entrance@1;cg5v3__gn_nov_g4_xp017_yp026_r2_east_side_channel_exit@1;cg5v3__gn_nov_g4_xp017_yp026_r2_east_side_channel_mud_bank@1;cg5v3__gn_nov_g4_xp017_yp026_r2_flooded_interior_basin_reed_margin@1;cg5v3__gn_nov_g4_xp017_yp026_r2_floodplain_ridge_route_north_exit@1;cg5v3__gn_nov_g4_xp017_yp026_r2_floodplain_ridge_route_south_approach@1;cg5v3__gn_nov_g4_xp017_yp026_r2_floodplain_ridge_route_water_access@1;cg5v3__gn_nov_g4_xp017_yp026_r2_forest_stream_route_bank_path@1;cg5v3__gn_nov_g4_xp017_yp026_r2_forest_stream_route_fallen_timber@1;cg5v3__gn_nov_g4_xp017_yp026_r2_forest_stream_route_headwater_fork@1;cg5v3__gn_nov_g4_xp017_yp026_r2_forest_stream_route_lower_reach@1;cg5v3__gn_nov_g4_xp017_yp026_r2_forest_stream_route_pool@1;cg5v3__gn_nov_g4_xp017_yp026_r2_large_island_head_high_bank@1;cg5v3__gn_nov_g4_xp017_yp026_r2_mixing_reach_inner_approach@1;cg5v3__gn_nov_g4_xp017_yp026_r2_north_exposed_turn_downstream_approach@1;cg5v3__gn_nov_g4_xp017_yp026_r2_north_exposed_turn_lee_bank@1;cg5v3__gn_nov_g4_xp017_yp026_r2_north_exposed_turn_observation_bank@1;cg5v3__gn_nov_g4_xp017_yp026_r2_north_exposed_turn_shoal_margin@1;cg5v3__gn_nov_g4_xp017_yp026_r2_north_exposed_turn_upstream_approach@1;cg5v3__gn_nov_g4_xp017_yp026_r2_north_outflow_reach_downstream_approach@1;cg5v3__gn_nov_g4_xp017_yp026_r2_north_outflow_reach_lee_bank@1;cg5v3__gn_nov_g4_xp017_yp026_r2_north_outflow_reach_observation_bank@1;cg5v3__gn_nov_g4_xp017_yp026_r2_north_outflow_reach_shoal_margin@1;cg5v3__gn_nov_g4_xp017_yp026_r2_north_outflow_reach_upstream_approach@1;cg5v3__gn_nov_g4_xp017_yp026_r2_old_channel_pool_deep_pool@1;cg5v3__gn_nov_g4_xp017_yp026_r2_old_channel_pool_hidden_link@1;cg5v3__gn_nov_g4_xp017_yp026_r2_old_channel_pool_old_mouth@1;cg5v3__gn_nov_g4_xp017_yp026_r2_old_channel_pool_silted_reach@1;cg5v3__gn_nov_g4_xp017_yp026_r2_old_channel_pool_willow_bank@1;cg5v3__gn_nov_g4_xp017_yp026_r2_outer_exposed_approach_river_side@1;cg5v3__gn_nov_g4_xp017_yp026_r2_outer_exposed_approach_shoal_margin@1;cg5v3__gn_nov_g4_xp017_yp026_r2_reed_backwater_bird_shallows@1;cg5v3__gn_nov_g4_xp017_yp026_r2_reed_backwater_entrance@1;cg5v3__gn_nov_g4_xp017_yp026_r2_reed_backwater_mud_bank@1;cg5v3__gn_nov_g4_xp017_yp026_r2_reed_backwater_open_pool@1;cg5v3__gn_nov_g4_xp017_yp026_r2_reed_backwater_reed_channel@1;cg5v3__gn_nov_g4_xp017_yp026_r2_sheltered_inner_reach_downstream_approach@1;cg5v3__gn_nov_g4_xp017_yp026_r2_sheltered_inner_reach_lee_bank@1;cg5v3__gn_nov_g4_xp017_yp026_r2_sheltered_inner_reach_observation_bank@1;cg5v3__gn_nov_g4_xp017_yp026_r2_sheltered_inner_reach_shoal_margin@1;cg5v3__gn_nov_g4_xp017_yp026_r2_sheltered_inner_reach_upstream_approach@1;cg5v3__gn_nov_g4_xp017_yp026_r2_sheltered_landing_terrace_high_platform@1;cg5v3__gn_nov_g4_xp017_yp026_r2_sheltered_landing_terrace_landing_edge@1;cg5v3__gn_nov_g4_xp017_yp026_r2_sheltered_landing_terrace_water_approach@1;cg5v3__gn_nov_g4_xp017_yp026_r2_sheltered_landing_terrace_water_source@1;cg5v3__gn_nov_g4_xp017_yp026_r2_shifting_shoal_field_cross_current@1;cg5v3__gn_nov_g4_xp017_yp026_r2_shifting_shoal_field_emergency_bank@1;cg5v3__gn_nov_g4_xp017_yp026_r2_shifting_shoal_field_shallow_bars@1;cg5v3__gn_nov_g4_xp017_yp026_r2_shifting_shoal_field_warning_reach@1;cg5v3__gn_nov_g4_xp017_yp026_r2_south_entry_reach_downstream_approach@1;cg5v3__gn_nov_g4_xp017_yp026_r2_south_entry_reach_lee_bank@1;cg5v3__gn_nov_g4_xp017_yp026_r2_south_entry_reach_observation_bank@1;cg5v3__gn_nov_g4_xp017_yp026_r2_south_entry_reach_shoal_margin@1;cg5v3__gn_nov_g4_xp017_yp026_r2_south_entry_reach_upstream_approach@1;cg5v3__gn_nov_g4_xp017_yp026_r2_tributary_mouth_main_river_approach@1;cg5v3__gn_nov_g4_xp017_yp026_r2_tributary_mouth_marsh_bank@1;cg5v3__gn_nov_g4_xp017_yp026_r2_vikhtuy_locality_landing_candidate@1;cg5v3__gn_nov_g4_xp017_yp026_r2_vikhtuy_locality_river_approach@1;cg5v3__gn_nov_g4_xp017_yp026_r2_vikhtuy_locality_water_access@1;cg5v3__gn_nov_g4_xp017_yp026_r2_vikhtuy_resource_edge_game_trail@1;cg5v3__gn_nov_g4_xp017_yp026_r2_vikhtuy_resource_edge_resource_patch@1;cg5v3__gn_nov_g4_xp017_yp026_r2_vikhtuy_resource_edge_river_edge@1;cg5v3__gn_nov_g4_xp017_yp026_r2_vikhtuy_river_approach_high_platform@1;cg5v3__gn_nov_g4_xp017_yp026_r2_vikhtuy_river_approach_landing_edge@1;cg5v3__gn_nov_g4_xp017_yp026_r2_vikhtuy_river_approach_water_approach@1;cg5v3__gn_nov_g4_xp017_yp026_r2_vikhtuy_river_approach_water_source@1;cg5v3__gn_nov_g4_xp017_yp026_r2_west_hidden_backwater_entrance@1;cg5v3__gn_nov_g4_xp017_yp026_r2_west_hidden_backwater_hidden_outlet@1;cg5v3__gn_nov_g4_xp017_yp026_r2_west_hidden_backwater_muddy_shore@1;cg5v3__gn_nov_g4_xp017_yp026_r2_west_hidden_backwater_reed_edge@1;cg5v3__gn_nov_g4_xp017_yp026_r2_west_hidden_backwater_still_water@1;cg5v3__gn_nov_g4_xp017_yp026_r2_west_side_channel_entrance@1;cg5v3__gn_nov_g4_xp017_yp026_r2_west_side_channel_exit@1;cg5v3__gn_nov_g4_xp017_yp026_r2_west_side_channel_mud_bank@1;cg5v3__gn_nov_g4_xp017_yp026_r2_wet_conifer_tract_game_trail@1;cg5v3__gn_nov_g4_xp017_yp026_r2_wet_conifer_tract_resource_patch@1;cg5v3__gn_nov_g4_xp017_yp026_r2_wet_conifer_tract_river_edge@1;cg5v3__gn_nov_g4_xp017_yp026_r2_zaostrovye_burial_area_approach@1;cg5v3__gn_nov_g4_xp017_yp026_r2_zaostrovye_landing_boat_drawing@1;cg5v3__gn_nov_g4_xp017_yp026_r2_zaostrovye_landing_dry_platform@1;cg5v3__gn_nov_g4_xp017_yp026_r2_zaostrovye_landing_landing_edge@1;cg5v3__gn_nov_g4_xp017_yp026_r2_zaostrovye_landing_river_approach@1;cg5v3__gn_nov_g4_xp017_yp026_r2_zaostrovye_settlement_center_landing@1;cg5v3__gn_nov_g4_xp017_yp026_r2_zaostrovye_settlement_center_river_approach@1;cg5v3__gn_nov_g4_xp017_yp026_r2_zaostrovye_settlement_center_water_source@1,PF/scene candidate only; PF is the family-level presence scope. No direct land_use type presence rule established.,NONE: manifest exact_g4=[]; node_binding lu/place_template_id empty,infra/world-base/land_use_templates.seed.json:721; data/world-catalogs/novgorod/game-base-v1/places-binding/places/region_type_pf_manifest.json:738; data/world-catalogs/novgorod/m2c-nature-coverage.json:3298,"[{""node_ref"":""g4v3__gn_nov_g3_xp017_yp026_r2_reed_backwater@1"",""dimension"":""water_body_template_id"",""reason"":""The exact node is named reed channel in a backwater; the template allowlist lacks wb_backwater. Candidate denotes ecological possibility only."",""source_refs"":""data/world-catalogs/novgorod/game-base-v1/places-binding/places/node_binding.csv:19; infra/world-base/land_use_templates.seed.json:721""},{""node_ref"":""cg5v3__gn_nov_g4_xp017_yp026_r2_reed_backwater_reed_channel@1"",""dimension"":""water_body_template_id"",""reason"":""The exact node is named reed channel in a backwater; the template allowlist lacks wb_backwater. Candidate denotes ecological possibility only."",""source_refs"":""data/world-catalogs/novgorod/game-base-v1/places-binding/places/node_binding.csv:139; infra/world-base/land_use_templates.seed.json:721""}]"
lu_resin_tar_pitch_production,land_use,Смолокурение / дегтярный промысел,условно применим,"Лесной ресурс возможен, но смолокурение требует подтверждённого процесса/участка.",selected,g4v3__gn_nov_g3_xp017_yp026_r2_dry_pine_ridge@1,cg5v3__gn_nov_g4_xp017_yp026_r2_dry_pine_ridge_pine_stand@1;cg5v3__gn_nov_g4_xp017_yp026_r2_dry_pine_ridge_sandy_hollow@1;cg5v3__gn_nov_g4_xp017_yp026_r2_dry_pine_ridge_view_gap@1,pf_conifer_woodland,candidate_pf_overlap,G4=g4v3__gn_nov_g3_xp017_yp026_r2_dry_pine_ridge@1;g4v3__gn_nov_g3_xp017_yp026_r2_wet_conifer_tract@1 | G5=cg5v3__gn_nov_g4_xp017_yp026_r2_dry_pine_ridge_pine_stand@1;cg5v3__gn_nov_g4_xp017_yp026_r2_dry_pine_ridge_sandy_hollow@1;cg5v3__gn_nov_g4_xp017_yp026_r2_dry_pine_ridge_view_gap@1;cg5v3__gn_nov_g4_xp017_yp026_r2_wet_conifer_tract_deep_forest@1;cg5v3__gn_nov_g4_xp017_yp026_r2_wet_conifer_tract_dry_patch@1;cg5v3__gn_nov_g4_xp017_yp026_r2_wet_conifer_tract_resource_patch@1;cg5v3__gn_nov_g4_xp017_yp026_r2_wet_conifer_tract_wet_forest@1,PF/scene candidate only; PF is the family-level presence scope. No direct land_use type presence rule established.,NONE: manifest exact_g4=[]; node_binding lu/place_template_id empty,infra/world-base/land_use_templates.seed.json:937; data/world-catalogs/novgorod/game-base-v1/places-binding/places/region_type_pf_manifest.json:776; data/world-catalogs/novgorod/m2c-nature-coverage.json:3324,[]
lu_slash_burn_cultivation,land_use,Подсечно-огневое земледелие,условно применим,"Лесная кромка и сельское использование совместимы с подсечно-огневым циклом, но цикл и следы не подтверждены.",selected,g4v3__gn_nov_g3_xp017_yp026_r2_dry_pine_ridge@1;g4v3__gn_nov_g3_xp017_yp026_r2_vikhtuy_resource_edge@1;g4v3__gn_nov_g3_xp017_yp026_r2_wet_conifer_tract@1,cg5v3__gn_nov_g4_xp017_yp026_r2_vikhtuy_resource_edge_dry_patch@1;cg5v3__gn_nov_g4_xp017_yp026_r2_vikhtuy_resource_edge_game_trail@1;cg5v3__gn_nov_g4_xp017_yp026_r2_wet_conifer_tract_dry_patch@1;cg5v3__gn_nov_g4_xp017_yp026_r2_wet_conifer_tract_game_trail@1,pf_arable_field;pf_mixed_woodland,candidate_pf_overlap,G4=g4v3__gn_nov_g3_xp017_yp026_r2_dry_island_ridge@1;g4v3__gn_nov_g3_xp017_yp026_r2_dry_pine_ridge@1;g4v3__gn_nov_g3_xp017_yp026_r2_flooded_interior_basin@1;g4v3__gn_nov_g3_xp017_yp026_r2_forest_stream_route@1;g4v3__gn_nov_g3_xp017_yp026_r2_sheltered_landing_terrace@1;g4v3__gn_nov_g3_xp017_yp026_r2_vikhtuy_locality@1;g4v3__gn_nov_g3_xp017_yp026_r2_vikhtuy_resource_edge@1;g4v3__gn_nov_g3_xp017_yp026_r2_vikhtuy_river_approach@1;g4v3__gn_nov_g3_xp017_yp026_r2_wet_conifer_tract@1;g4v3__gn_nov_g3_xp017_yp026_r2_zaostrovye_settlement_center@1 | G5=cg5v3__gn_nov_g4_xp017_yp026_r2_dry_island_ridge_forest_edge@1;cg5v3__gn_nov_g4_xp017_yp026_r2_dry_pine_ridge_pine_stand@1;cg5v3__gn_nov_g4_xp017_yp026_r2_forest_stream_route_pool@1;cg5v3__gn_nov_g4_xp017_yp026_r2_sheltered_landing_terrace_water_source@1;cg5v3__gn_nov_g4_xp017_yp026_r2_vikhtuy_locality_water_access@1;cg5v3__gn_nov_g4_xp017_yp026_r2_vikhtuy_resource_edge_game_trail@1;cg5v3__gn_nov_g4_xp017_yp026_r2_vikhtuy_resource_edge_resource_patch@1;cg5v3__gn_nov_g4_xp017_yp026_r2_vikhtuy_river_approach_water_source@1;cg5v3__gn_nov_g4_xp017_yp026_r2_wet_conifer_tract_game_trail@1;cg5v3__gn_nov_g4_xp017_yp026_r2_wet_conifer_tract_resource_patch@1;cg5v3__gn_nov_g4_xp017_yp026_r2_zaostrovye_settlement_center_water_source@1,PF/scene candidate only; PF is the family-level presence scope. No direct land_use type presence rule established.,NONE: manifest exact_g4=[]; node_binding lu/place_template_id empty,infra/world-base/land_use_templates.seed.json:112; data/world-catalogs/novgorod/game-base-v1/places-binding/places/region_type_pf_manifest.json:858; data/world-catalogs/novgorod/m2c-nature-coverage.json:3398,[]
lu_timber_felling,land_use,Заготовка строевого леса,условно применим,"Лесные участки возможны; конкретная рубка, делянка и права не заданы.",selected,g4v3__gn_nov_g3_xp017_yp026_r2_dry_pine_ridge@1;g4v3__gn_nov_g3_xp017_yp026_r2_forest_stream_route@1;g4v3__gn_nov_g3_xp017_yp026_r2_vikhtuy_resource_edge@1;g4v3__gn_nov_g3_xp017_yp026_r2_wet_conifer_tract@1,cg5v3__gn_nov_g4_xp017_yp026_r2_vikhtuy_resource_edge_deep_forest@1;cg5v3__gn_nov_g4_xp017_yp026_r2_vikhtuy_resource_edge_dry_patch@1;cg5v3__gn_nov_g4_xp017_yp026_r2_vikhtuy_resource_edge_wet_forest@1;cg5v3__gn_nov_g4_xp017_yp026_r2_wet_conifer_tract_deep_forest@1;cg5v3__gn_nov_g4_xp017_yp026_r2_wet_conifer_tract_dry_patch@1;cg5v3__gn_nov_g4_xp017_yp026_r2_wet_conifer_tract_wet_forest@1,pf_broadleaf_woodland;pf_conifer_woodland;pf_mixed_woodland,candidate_pf_overlap,G4=g4v3__gn_nov_g3_xp017_yp026_r2_dry_island_ridge@1;g4v3__gn_nov_g3_xp017_yp026_r2_dry_pine_ridge@1;g4v3__gn_nov_g3_xp017_yp026_r2_flooded_interior_basin@1;g4v3__gn_nov_g3_xp017_yp026_r2_forest_stream_route@1;g4v3__gn_nov_g3_xp017_yp026_r2_sheltered_landing_terrace@1;g4v3__gn_nov_g3_xp017_yp026_r2_vikhtuy_locality@1;g4v3__gn_nov_g3_xp017_yp026_r2_vikhtuy_resource_edge@1;g4v3__gn_nov_g3_xp017_yp026_r2_vikhtuy_river_approach@1;g4v3__gn_nov_g3_xp017_yp026_r2_wet_conifer_tract@1;g4v3__gn_nov_g3_xp017_yp026_r2_zaostrovye_settlement_center@1 | G5=cg5v3__gn_nov_g4_xp017_yp026_r2_dry_island_ridge_forest_edge@1;cg5v3__gn_nov_g4_xp017_yp026_r2_dry_pine_ridge_pine_stand@1;cg5v3__gn_nov_g4_xp017_yp026_r2_dry_pine_ridge_sandy_hollow@1;cg5v3__gn_nov_g4_xp017_yp026_r2_dry_pine_ridge_view_gap@1;cg5v3__gn_nov_g4_xp017_yp026_r2_forest_stream_route_pool@1;cg5v3__gn_nov_g4_xp017_yp026_r2_sheltered_landing_terrace_water_source@1;cg5v3__gn_nov_g4_xp017_yp026_r2_vikhtuy_locality_water_access@1;cg5v3__gn_nov_g4_xp017_yp026_r2_vikhtuy_resource_edge_game_trail@1;cg5v3__gn_nov_g4_xp017_yp026_r2_vikhtuy_resource_edge_resource_patch@1;cg5v3__gn_nov_g4_xp017_yp026_r2_vikhtuy_river_approach_water_source@1;cg5v3__gn_nov_g4_xp017_yp026_r2_wet_conifer_tract_deep_forest@1;cg5v3__gn_nov_g4_xp017_yp026_r2_wet_conifer_tract_dry_patch@1;cg5v3__gn_nov_g4_xp017_yp026_r2_wet_conifer_tract_game_trail@1;cg5v3__gn_nov_g4_xp017_yp026_r2_wet_conifer_tract_resource_patch@1;cg5v3__gn_nov_g4_xp017_yp026_r2_wet_conifer_tract_wet_forest@1;cg5v3__gn_nov_g4_xp017_yp026_r2_zaostrovye_settlement_center_water_source@1,PF/scene candidate only; PF is the family-level presence scope. No direct land_use type presence rule established.,NONE: manifest exact_g4=[]; node_binding lu/place_template_id empty,infra/world-base/land_use_templates.seed.json:805; data/world-catalogs/novgorod/game-base-v1/places-binding/places/region_type_pf_manifest.json:917; data/world-catalogs/novgorod/m2c-nature-coverage.json:3450,[]
lu_wild_food_gathering,land_use,Сбор дикоросов,условно применим,"Лес/болото допускают сбор, но конкретные виды, сезон и пользование не локализованы.",selected,g4v3__gn_nov_g3_xp017_yp026_r2_dry_pine_ridge@1;g4v3__gn_nov_g3_xp017_yp026_r2_forest_stream_route@1;g4v3__gn_nov_g3_xp017_yp026_r2_old_channel_pool@1;g4v3__gn_nov_g3_xp017_yp026_r2_vikhtuy_resource_edge@1;g4v3__gn_nov_g3_xp017_yp026_r2_wet_conifer_tract@1;g4v3__gn_nov_g3_xp017_yp026_r2_zaostrovye_burial_area@1;g4v3__gn_nov_g3_xp017_yp026_r2_zaostrovye_settlement_center@1,cg5v3__gn_nov_g4_xp017_yp026_r2_dry_pine_ridge_pine_stand@1;cg5v3__gn_nov_g4_xp017_yp026_r2_dry_pine_ridge_sandy_hollow@1;cg5v3__gn_nov_g4_xp017_yp026_r2_dry_pine_ridge_view_gap@1;cg5v3__gn_nov_g4_xp017_yp026_r2_forest_stream_route_bog_crossing@1;cg5v3__gn_nov_g4_xp017_yp026_r2_forest_stream_route_headwater_fork@1;cg5v3__gn_nov_g4_xp017_yp026_r2_forest_stream_route_pool@1;cg5v3__gn_nov_g4_xp017_yp026_r2_old_channel_pool_deep_pool@1;cg5v3__gn_nov_g4_xp017_yp026_r2_vikhtuy_resource_edge_deep_forest@1;cg5v3__gn_nov_g4_xp017_yp026_r2_vikhtuy_resource_edge_dry_patch@1;cg5v3__gn_nov_g4_xp017_yp026_r2_vikhtuy_resource_edge_game_trail@1;cg5v3__gn_nov_g4_xp017_yp026_r2_vikhtuy_resource_edge_resource_patch@1;cg5v3__gn_nov_g4_xp017_yp026_r2_vikhtuy_resource_edge_wet_forest@1;cg5v3__gn_nov_g4_xp017_yp026_r2_wet_conifer_tract_deep_forest@1;cg5v3__gn_nov_g4_xp017_yp026_r2_wet_conifer_tract_dry_patch@1;cg5v3__gn_nov_g4_xp017_yp026_r2_wet_conifer_tract_game_trail@1;cg5v3__gn_nov_g4_xp017_yp026_r2_wet_conifer_tract_resource_patch@1;cg5v3__gn_nov_g4_xp017_yp026_r2_wet_conifer_tract_wet_forest@1;cg5v3__gn_nov_g4_xp017_yp026_r2_zaostrovye_burial_area_outer_edge@1;cg5v3__gn_nov_g4_xp017_yp026_r2_zaostrovye_burial_area_wet_boundary@1;cg5v3__gn_nov_g4_xp017_yp026_r2_zaostrovye_settlement_center_water_source@1,pf_bog;pf_broadleaf_woodland;pf_conifer_woodland;pf_forest_edge;pf_mixed_woodland,candidate_pf_overlap,G4=g4v3__gn_nov_g3_xp017_yp026_r2_channel_split_islet@1;g4v3__gn_nov_g3_xp017_yp026_r2_driftwood_bar@1;g4v3__gn_nov_g3_xp017_yp026_r2_dry_island_ridge@1;g4v3__gn_nov_g3_xp017_yp026_r2_dry_pine_ridge@1;g4v3__gn_nov_g3_xp017_yp026_r2_flooded_interior_basin@1;g4v3__gn_nov_g3_xp017_yp026_r2_floodplain_ridge_route@1;g4v3__gn_nov_g3_xp017_yp026_r2_forest_stream_route@1;g4v3__gn_nov_g3_xp017_yp026_r2_large_island_head@1;g4v3__gn_nov_g3_xp017_yp026_r2_old_channel_pool@1;g4v3__gn_nov_g3_xp017_yp026_r2_sheltered_landing_terrace@1;g4v3__gn_nov_g3_xp017_yp026_r2_shifting_shoal_field@1;g4v3__gn_nov_g3_xp017_yp026_r2_vikhtuy_locality@1;g4v3__gn_nov_g3_xp017_yp026_r2_vikhtuy_resource_edge@1;g4v3__gn_nov_g3_xp017_yp026_r2_vikhtuy_river_approach@1;g4v3__gn_nov_g3_xp017_yp026_r2_wet_conifer_tract@1;g4v3__gn_nov_g3_xp017_yp026_r2_zaostrovye_burial_area@1;g4v3__gn_nov_g3_xp017_yp026_r2_zaostrovye_landing@1;g4v3__gn_nov_g3_xp017_yp026_r2_zaostrovye_settlement_center@1 | G5=cg5v3__gn_nov_g4_xp017_yp026_r2_central_navigation_reach_lee_bank@1;cg5v3__gn_nov_g4_xp017_yp026_r2_central_navigation_reach_observation_bank@1;cg5v3__gn_nov_g4_xp017_yp026_r2_channel_split_islet_high_bank@1;cg5v3__gn_nov_g4_xp017_yp026_r2_channel_split_islet_wet_hollow@1;cg5v3__gn_nov_g4_xp017_yp026_r2_driftwood_bar_driftwood_mass@1;cg5v3__gn_nov_g4_xp017_yp026_r2_driftwood_bar_dry_cap@1;cg5v3__gn_nov_g4_xp017_yp026_r2_dry_island_ridge_camp_candidate@1;cg5v3__gn_nov_g4_xp017_yp026_r2_dry_island_ridge_forest_edge@1;cg5v3__gn_nov_g4_xp017_yp026_r2_dry_pine_ridge_pine_stand@1;cg5v3__gn_nov_g4_xp017_yp026_r2_dry_pine_ridge_sandy_hollow@1;cg5v3__gn_nov_g4_xp017_yp026_r2_dry_pine_ridge_view_gap@1;cg5v3__gn_nov_g4_xp017_yp026_r2_flooded_interior_basin_bog_edge@1;cg5v3__gn_nov_g4_xp017_yp026_r2_flooded_interior_basin_dry_mound@1;cg5v3__gn_nov_g4_xp017_yp026_r2_flooded_interior_basin_shallow_basin@1;cg5v3__gn_nov_g4_xp017_yp026_r2_floodplain_ridge_route_forest_shelter@1;cg5v3__gn_nov_g4_xp017_yp026_r2_forest_stream_route_bog_crossing@1;cg5v3__gn_nov_g4_xp017_yp026_r2_forest_stream_route_headwater_fork@1;cg5v3__gn_nov_g4_xp017_yp026_r2_forest_stream_route_pool@1;cg5v3__gn_nov_g4_xp017_yp026_r2_large_island_head_high_bank@1;cg5v3__gn_nov_g4_xp017_yp026_r2_large_island_head_wet_hollow@1;cg5v3__gn_nov_g4_xp017_yp026_r2_north_exposed_turn_lee_bank@1;cg5v3__gn_nov_g4_xp017_yp026_r2_north_exposed_turn_observation_bank@1;cg5v3__gn_nov_g4_xp017_yp026_r2_north_outflow_reach_lee_bank@1;cg5v3__gn_nov_g4_xp017_yp026_r2_north_outflow_reach_observation_bank@1;cg5v3__gn_nov_g4_xp017_yp026_r2_old_channel_pool_deep_pool@1;cg5v3__gn_nov_g4_xp017_yp026_r2_outer_exposed_approach_sheltered_inlet@1;cg5v3__gn_nov_g4_xp017_yp026_r2_sheltered_inner_reach_lee_bank@1;cg5v3__gn_nov_g4_xp017_yp026_r2_sheltered_inner_reach_observation_bank@1;cg5v3__gn_nov_g4_xp017_yp026_r2_sheltered_landing_terrace_high_platform@1;cg5v3__gn_nov_g4_xp017_yp026_r2_sheltered_landing_terrace_water_source@1;cg5v3__gn_nov_g4_xp017_yp026_r2_shifting_shoal_field_warning_reach@1;cg5v3__gn_nov_g4_xp017_yp026_r2_south_entry_reach_lee_bank@1;cg5v3__gn_nov_g4_xp017_yp026_r2_south_entry_reach_observation_bank@1;cg5v3__gn_nov_g4_xp017_yp026_r2_vikhtuy_locality_water_access@1;cg5v3__gn_nov_g4_xp017_yp026_r2_vikhtuy_resource_edge_deep_forest@1;cg5v3__gn_nov_g4_xp017_yp026_r2_vikhtuy_resource_edge_dry_patch@1;cg5v3__gn_nov_g4_xp017_yp026_r2_vikhtuy_resource_edge_game_trail@1;cg5v3__gn_nov_g4_xp017_yp026_r2_vikhtuy_resource_edge_resource_patch@1;cg5v3__gn_nov_g4_xp017_yp026_r2_vikhtuy_resource_edge_wet_forest@1;cg5v3__gn_nov_g4_xp017_yp026_r2_vikhtuy_river_approach_high_platform@1;cg5v3__gn_nov_g4_xp017_yp026_r2_vikhtuy_river_approach_water_source@1;cg5v3__gn_nov_g4_xp017_yp026_r2_wet_conifer_tract_deep_forest@1;cg5v3__gn_nov_g4_xp017_yp026_r2_wet_conifer_tract_dry_patch@1;cg5v3__gn_nov_g4_xp017_yp026_r2_wet_conifer_tract_game_trail@1;cg5v3__gn_nov_g4_xp017_yp026_r2_wet_conifer_tract_resource_patch@1;cg5v3__gn_nov_g4_xp017_yp026_r2_wet_conifer_tract_wet_forest@1;cg5v3__gn_nov_g4_xp017_yp026_r2_zaostrovye_burial_area_outer_edge@1;cg5v3__gn_nov_g4_xp017_yp026_r2_zaostrovye_burial_area_wet_boundary@1;cg5v3__gn_nov_g4_xp017_yp026_r2_zaostrovye_landing_dry_platform@1;cg5v3__gn_nov_g4_xp017_yp026_r2_zaostrovye_settlement_center_water_source@1,PF/scene candidate only; PF is the family-level presence scope. No direct land_use type presence rule established.,NONE: manifest exact_g4=[]; node_binding lu/place_template_id empty,infra/world-base/land_use_templates.seed.json:1013; data/world-catalogs/novgorod/game-base-v1/places-binding/places/region_type_pf_manifest.json:1014; data/world-catalogs/novgorod/m2c-nature-coverage.json:3527,[]
lu_wood_pasture_silvopasture,land_use,Лесной выпас / лесопастбище,условно применим,Требует конкретного разреженного лесного выпаса; общий лесной PF недостаточен.,selected,g4v3__gn_nov_g3_xp017_yp026_r2_wet_conifer_tract@1,cg5v3__gn_nov_g4_xp017_yp026_r2_wet_conifer_tract_wet_forest@1,pf_broadleaf_woodland;pf_forest_edge;pf_pasture,candidate_pf_overlap,G4=g4v3__gn_nov_g3_xp017_yp026_r2_channel_split_islet@1;g4v3__gn_nov_g3_xp017_yp026_r2_driftwood_bar@1;g4v3__gn_nov_g3_xp017_yp026_r2_dry_island_ridge@1;g4v3__gn_nov_g3_xp017_yp026_r2_dry_pine_ridge@1;g4v3__gn_nov_g3_xp017_yp026_r2_flooded_interior_basin@1;g4v3__gn_nov_g3_xp017_yp026_r2_floodplain_ridge_route@1;g4v3__gn_nov_g3_xp017_yp026_r2_forest_stream_route@1;g4v3__gn_nov_g3_xp017_yp026_r2_large_island_head@1;g4v3__gn_nov_g3_xp017_yp026_r2_sheltered_landing_terrace@1;g4v3__gn_nov_g3_xp017_yp026_r2_shifting_shoal_field@1;g4v3__gn_nov_g3_xp017_yp026_r2_vikhtuy_resource_edge@1;g4v3__gn_nov_g3_xp017_yp026_r2_vikhtuy_river_approach@1;g4v3__gn_nov_g3_xp017_yp026_r2_wet_conifer_tract@1;g4v3__gn_nov_g3_xp017_yp026_r2_zaostrovye_burial_area@1;g4v3__gn_nov_g3_xp017_yp026_r2_zaostrovye_landing@1 | G5=cg5v3__gn_nov_g4_xp017_yp026_r2_central_navigation_reach_lee_bank@1;cg5v3__gn_nov_g4_xp017_yp026_r2_central_navigation_reach_observation_bank@1;cg5v3__gn_nov_g4_xp017_yp026_r2_channel_split_islet_high_bank@1;cg5v3__gn_nov_g4_xp017_yp026_r2_driftwood_bar_dry_cap@1;cg5v3__gn_nov_g4_xp017_yp026_r2_dry_island_ridge_camp_candidate@1;cg5v3__gn_nov_g4_xp017_yp026_r2_dry_island_ridge_forest_edge@1;cg5v3__gn_nov_g4_xp017_yp026_r2_dry_pine_ridge_sandy_hollow@1;cg5v3__gn_nov_g4_xp017_yp026_r2_dry_pine_ridge_view_gap@1;cg5v3__gn_nov_g4_xp017_yp026_r2_flooded_interior_basin_dry_mound@1;cg5v3__gn_nov_g4_xp017_yp026_r2_floodplain_ridge_route_forest_shelter@1;cg5v3__gn_nov_g4_xp017_yp026_r2_forest_stream_route_headwater_fork@1;cg5v3__gn_nov_g4_xp017_yp026_r2_large_island_head_high_bank@1;cg5v3__gn_nov_g4_xp017_yp026_r2_north_exposed_turn_lee_bank@1;cg5v3__gn_nov_g4_xp017_yp026_r2_north_exposed_turn_observation_bank@1;cg5v3__gn_nov_g4_xp017_yp026_r2_north_outflow_reach_lee_bank@1;cg5v3__gn_nov_g4_xp017_yp026_r2_north_outflow_reach_observation_bank@1;cg5v3__gn_nov_g4_xp017_yp026_r2_outer_exposed_approach_sheltered_inlet@1;cg5v3__gn_nov_g4_xp017_yp026_r2_sheltered_inner_reach_lee_bank@1;cg5v3__gn_nov_g4_xp017_yp026_r2_sheltered_inner_reach_observation_bank@1;cg5v3__gn_nov_g4_xp017_yp026_r2_sheltered_landing_terrace_high_platform@1;cg5v3__gn_nov_g4_xp017_yp026_r2_shifting_shoal_field_warning_reach@1;cg5v3__gn_nov_g4_xp017_yp026_r2_south_entry_reach_lee_bank@1;cg5v3__gn_nov_g4_xp017_yp026_r2_south_entry_reach_observation_bank@1;cg5v3__gn_nov_g4_xp017_yp026_r2_vikhtuy_resource_edge_deep_forest@1;cg5v3__gn_nov_g4_xp017_yp026_r2_vikhtuy_resource_edge_dry_patch@1;cg5v3__gn_nov_g4_xp017_yp026_r2_vikhtuy_resource_edge_game_trail@1;cg5v3__gn_nov_g4_xp017_yp026_r2_vikhtuy_resource_edge_resource_patch@1;cg5v3__gn_nov_g4_xp017_yp026_r2_vikhtuy_resource_edge_wet_forest@1;cg5v3__gn_nov_g4_xp017_yp026_r2_vikhtuy_river_approach_high_platform@1;cg5v3__gn_nov_g4_xp017_yp026_r2_wet_conifer_tract_dry_patch@1;cg5v3__gn_nov_g4_xp017_yp026_r2_wet_conifer_tract_game_trail@1;cg5v3__gn_nov_g4_xp017_yp026_r2_zaostrovye_burial_area_outer_edge@1;cg5v3__gn_nov_g4_xp017_yp026_r2_zaostrovye_burial_area_wet_boundary@1;cg5v3__gn_nov_g4_xp017_yp026_r2_zaostrovye_landing_dry_platform@1,PF/scene candidate only; PF is the family-level presence scope. No direct land_use type presence rule established.,NONE: manifest exact_g4=[]; node_binding lu/place_template_id empty,infra/world-base/land_use_templates.seed.json:688; data/world-catalogs/novgorod/game-base-v1/places-binding/places/region_type_pf_manifest.json:1065; data/world-catalogs/novgorod/m2c-nature-coverage.json:3553,"[{""node_ref"":""g4v3__gn_nov_g3_xp017_yp026_r2_wet_conifer_tract@1"",""dimension"":""landscape_template_id"",""reason"":""The node is boreal conifer woodland in the starter scope; the generic template omits this local forest class. No grazing practice is asserted."",""source_refs"":""data/world-catalogs/novgorod/game-base-v1/places-binding/places/node_binding.csv:30; infra/world-base/land_use_templates.seed.json:688""},{""node_ref"":""cg5v3__gn_nov_g4_xp017_yp026_r2_wet_conifer_tract_wet_forest@1"",""dimension"":""landscape_template_id"",""reason"":""The node is boreal conifer woodland in the starter scope; the generic template omits this local forest class. No grazing practice is asserted."",""source_refs"":""data/world-catalogs/novgorod/game-base-v1/places-binding/places/node_binding.csv:208; infra/world-base/land_use_templates.seed.json:688""}]"
pt_boat_landing,place,Лодочная стоянка / малое причальное место,условно применим,Есть кандидатные речные подходы и PF ferry_landing/riverbank; лодочная площадка/доступ не утверждены.,selected,g4v3__gn_nov_g3_xp017_yp026_r2_vikhtuy_locality@1;g4v3__gn_nov_g3_xp017_yp026_r2_zaostrovye_landing@1,cg5v3__gn_nov_g4_xp017_yp026_r2_vikhtuy_locality_landing_candidate@1;cg5v3__gn_nov_g4_xp017_yp026_r2_vikhtuy_river_approach_landing_edge@1;cg5v3__gn_nov_g4_xp017_yp026_r2_zaostrovye_landing_boat_drawing@1;cg5v3__gn_nov_g4_xp017_yp026_r2_zaostrovye_landing_dry_platform@1;cg5v3__gn_nov_g4_xp017_yp026_r2_zaostrovye_landing_landing_edge@1;cg5v3__gn_nov_g4_xp017_yp026_r2_west_hidden_backwater_reed_edge@1,pf_ferry_landing,candidate_pf_overlap,G4=g4v3__gn_nov_g3_xp017_yp026_r2_central_current_split@1;g4v3__gn_nov_g3_xp017_yp026_r2_central_navigation_reach@1;g4v3__gn_nov_g3_xp017_yp026_r2_channel_split_islet@1;g4v3__gn_nov_g3_xp017_yp026_r2_driftwood_bar@1;g4v3__gn_nov_g3_xp017_yp026_r2_dry_island_ridge@1;g4v3__gn_nov_g3_xp017_yp026_r2_dry_pine_ridge@1;g4v3__gn_nov_g3_xp017_yp026_r2_east_flood_bypass@1;g4v3__gn_nov_g3_xp017_yp026_r2_east_side_channel@1;g4v3__gn_nov_g3_xp017_yp026_r2_flooded_interior_basin@1;g4v3__gn_nov_g3_xp017_yp026_r2_floodplain_ridge_route@1;g4v3__gn_nov_g3_xp017_yp026_r2_forest_stream_route@1;g4v3__gn_nov_g3_xp017_yp026_r2_large_island_head@1;g4v3__gn_nov_g3_xp017_yp026_r2_mixing_reach@1;g4v3__gn_nov_g3_xp017_yp026_r2_north_exposed_turn@1;g4v3__gn_nov_g3_xp017_yp026_r2_north_outflow_reach@1;g4v3__gn_nov_g3_xp017_yp026_r2_old_channel_pool@1;g4v3__gn_nov_g3_xp017_yp026_r2_outer_exposed_approach@1;g4v3__gn_nov_g3_xp017_yp026_r2_reed_backwater@1;g4v3__gn_nov_g3_xp017_yp026_r2_sheltered_inner_reach@1;g4v3__gn_nov_g3_xp017_yp026_r2_sheltered_landing_terrace@1;g4v3__gn_nov_g3_xp017_yp026_r2_shifting_shoal_field@1;g4v3__gn_nov_g3_xp017_yp026_r2_south_entry_reach@1;g4v3__gn_nov_g3_xp017_yp026_r2_tributary_mouth@1;g4v3__gn_nov_g3_xp017_yp026_r2_vikhtuy_locality@1;g4v3__gn_nov_g3_xp017_yp026_r2_vikhtuy_resource_edge@1;g4v3__gn_nov_g3_xp017_yp026_r2_vikhtuy_river_approach@1;g4v3__gn_nov_g3_xp017_yp026_r2_west_hidden_backwater@1;g4v3__gn_nov_g3_xp017_yp026_r2_west_side_channel@1;g4v3__gn_nov_g3_xp017_yp026_r2_wet_conifer_tract@1;g4v3__gn_nov_g3_xp017_yp026_r2_zaostrovye_burial_area@1;g4v3__gn_nov_g3_xp017_yp026_r2_zaostrovye_landing@1;g4v3__gn_nov_g3_xp017_yp026_r2_zaostrovye_settlement_center@1 | G5=cg5v3__gn_nov_g4_xp017_yp026_r2_central_current_split_islet_margin@1;cg5v3__gn_nov_g4_xp017_yp026_r2_central_current_split_upstream_nose@1;cg5v3__gn_nov_g4_xp017_yp026_r2_central_navigation_reach_downstream_approach@1;cg5v3__gn_nov_g4_xp017_yp026_r2_central_navigation_reach_lee_bank@1;cg5v3__gn_nov_g4_xp017_yp026_r2_central_navigation_reach_observation_bank@1;cg5v3__gn_nov_g4_xp017_yp026_r2_central_navigation_reach_shoal_margin@1;cg5v3__gn_nov_g4_xp017_yp026_r2_central_navigation_reach_upstream_approach@1;cg5v3__gn_nov_g4_xp017_yp026_r2_channel_split_islet_high_bank@1;cg5v3__gn_nov_g4_xp017_yp026_r2_driftwood_bar_downstream_cut@1;cg5v3__gn_nov_g4_xp017_yp026_r2_driftwood_bar_driftwood_mass@1;cg5v3__gn_nov_g4_xp017_yp026_r2_driftwood_bar_dry_cap@1;cg5v3__gn_nov_g4_xp017_yp026_r2_driftwood_bar_shallow_pool@1;cg5v3__gn_nov_g4_xp017_yp026_r2_driftwood_bar_upstream_edge@1;cg5v3__gn_nov_g4_xp017_yp026_r2_dry_island_ridge_downstream_exit@1;cg5v3__gn_nov_g4_xp017_yp026_r2_dry_island_ridge_forest_edge@1;cg5v3__gn_nov_g4_xp017_yp026_r2_dry_island_ridge_landing@1;cg5v3__gn_nov_g4_xp017_yp026_r2_dry_pine_ridge_north_descent@1;cg5v3__gn_nov_g4_xp017_yp026_r2_dry_pine_ridge_pine_stand@1;cg5v3__gn_nov_g4_xp017_yp026_r2_dry_pine_ridge_south_approach@1;cg5v3__gn_nov_g4_xp017_yp026_r2_dry_pine_ridge_view_gap@1;cg5v3__gn_nov_g4_xp017_yp026_r2_east_flood_bypass_entrance@1;cg5v3__gn_nov_g4_xp017_yp026_r2_east_flood_bypass_exit@1;cg5v3__gn_nov_g4_xp017_yp026_r2_east_flood_bypass_mud_bank@1;cg5v3__gn_nov_g4_xp017_yp026_r2_east_side_channel_entrance@1;cg5v3__gn_nov_g4_xp017_yp026_r2_east_side_channel_exit@1;cg5v3__gn_nov_g4_xp017_yp026_r2_east_side_channel_mud_bank@1;cg5v3__gn_nov_g4_xp017_yp026_r2_flooded_interior_basin_reed_margin@1;cg5v3__gn_nov_g4_xp017_yp026_r2_floodplain_ridge_route_north_exit@1;cg5v3__gn_nov_g4_xp017_yp026_r2_floodplain_ridge_route_south_approach@1;cg5v3__gn_nov_g4_xp017_yp026_r2_floodplain_ridge_route_water_access@1;cg5v3__gn_nov_g4_xp017_yp026_r2_forest_stream_route_bank_path@1;cg5v3__gn_nov_g4_xp017_yp026_r2_forest_stream_route_headwater_fork@1;cg5v3__gn_nov_g4_xp017_yp026_r2_forest_stream_route_pool@1;cg5v3__gn_nov_g4_xp017_yp026_r2_large_island_head_high_bank@1;cg5v3__gn_nov_g4_xp017_yp026_r2_mixing_reach_inner_approach@1;cg5v3__gn_nov_g4_xp017_yp026_r2_north_exposed_turn_downstream_approach@1;cg5v3__gn_nov_g4_xp017_yp026_r2_north_exposed_turn_lee_bank@1;cg5v3__gn_nov_g4_xp017_yp026_r2_north_exposed_turn_observation_bank@1;cg5v3__gn_nov_g4_xp017_yp026_r2_north_exposed_turn_shoal_margin@1;cg5v3__gn_nov_g4_xp017_yp026_r2_north_exposed_turn_upstream_approach@1;cg5v3__gn_nov_g4_xp017_yp026_r2_north_outflow_reach_downstream_approach@1;cg5v3__gn_nov_g4_xp017_yp026_r2_north_outflow_reach_lee_bank@1;cg5v3__gn_nov_g4_xp017_yp026_r2_north_outflow_reach_observation_bank@1;cg5v3__gn_nov_g4_xp017_yp026_r2_north_outflow_reach_shoal_margin@1;cg5v3__gn_nov_g4_xp017_yp026_r2_north_outflow_reach_upstream_approach@1;cg5v3__gn_nov_g4_xp017_yp026_r2_old_channel_pool_old_mouth@1;cg5v3__gn_nov_g4_xp017_yp026_r2_old_channel_pool_willow_bank@1;cg5v3__gn_nov_g4_xp017_yp026_r2_outer_exposed_approach_river_side@1;cg5v3__gn_nov_g4_xp017_yp026_r2_outer_exposed_approach_shoal_margin@1;cg5v3__gn_nov_g4_xp017_yp026_r2_reed_backwater_bird_shallows@1;cg5v3__gn_nov_g4_xp017_yp026_r2_reed_backwater_entrance@1;cg5v3__gn_nov_g4_xp017_yp026_r2_reed_backwater_mud_bank@1;cg5v3__gn_nov_g4_xp017_yp026_r2_reed_backwater_open_pool@1;cg5v3__gn_nov_g4_xp017_yp026_r2_sheltered_inner_reach_downstream_approach@1;cg5v3__gn_nov_g4_xp017_yp026_r2_sheltered_inner_reach_lee_bank@1;cg5v3__gn_nov_g4_xp017_yp026_r2_sheltered_inner_reach_observation_bank@1;cg5v3__gn_nov_g4_xp017_yp026_r2_sheltered_inner_reach_shoal_margin@1;cg5v3__gn_nov_g4_xp017_yp026_r2_sheltered_inner_reach_upstream_approach@1;cg5v3__gn_nov_g4_xp017_yp026_r2_sheltered_landing_terrace_high_platform@1;cg5v3__gn_nov_g4_xp017_yp026_r2_sheltered_landing_terrace_landing_edge@1;cg5v3__gn_nov_g4_xp017_yp026_r2_sheltered_landing_terrace_water_approach@1;cg5v3__gn_nov_g4_xp017_yp026_r2_sheltered_landing_terrace_water_source@1;cg5v3__gn_nov_g4_xp017_yp026_r2_shifting_shoal_field_cross_current@1;cg5v3__gn_nov_g4_xp017_yp026_r2_shifting_shoal_field_emergency_bank@1;cg5v3__gn_nov_g4_xp017_yp026_r2_shifting_shoal_field_shallow_bars@1;cg5v3__gn_nov_g4_xp017_yp026_r2_shifting_shoal_field_warning_reach@1;cg5v3__gn_nov_g4_xp017_yp026_r2_south_entry_reach_downstream_approach@1;cg5v3__gn_nov_g4_xp017_yp026_r2_south_entry_reach_lee_bank@1;cg5v3__gn_nov_g4_xp017_yp026_r2_south_entry_reach_observation_bank@1;cg5v3__gn_nov_g4_xp017_yp026_r2_south_entry_reach_shoal_margin@1;cg5v3__gn_nov_g4_xp017_yp026_r2_south_entry_reach_upstream_approach@1;cg5v3__gn_nov_g4_xp017_yp026_r2_tributary_mouth_main_river_approach@1;cg5v3__gn_nov_g4_xp017_yp026_r2_tributary_mouth_marsh_bank@1;cg5v3__gn_nov_g4_xp017_yp026_r2_vikhtuy_locality_landing_candidate@1;cg5v3__gn_nov_g4_xp017_yp026_r2_vikhtuy_locality_river_approach@1;cg5v3__gn_nov_g4_xp017_yp026_r2_vikhtuy_locality_water_access@1;cg5v3__gn_nov_g4_xp017_yp026_r2_vikhtuy_resource_edge_resource_patch@1;cg5v3__gn_nov_g4_xp017_yp026_r2_vikhtuy_resource_edge_river_edge@1;cg5v3__gn_nov_g4_xp017_yp026_r2_vikhtuy_river_approach_high_platform@1;cg5v3__gn_nov_g4_xp017_yp026_r2_vikhtuy_river_approach_landing_edge@1;cg5v3__gn_nov_g4_xp017_yp026_r2_vikhtuy_river_approach_water_approach@1;cg5v3__gn_nov_g4_xp017_yp026_r2_vikhtuy_river_approach_water_source@1;cg5v3__gn_nov_g4_xp017_yp026_r2_west_hidden_backwater_entrance@1;cg5v3__gn_nov_g4_xp017_yp026_r2_west_hidden_backwater_muddy_shore@1;cg5v3__gn_nov_g4_xp017_yp026_r2_west_hidden_backwater_still_water@1;cg5v3__gn_nov_g4_xp017_yp026_r2_west_side_channel_entrance@1;cg5v3__gn_nov_g4_xp017_yp026_r2_west_side_channel_exit@1;cg5v3__gn_nov_g4_xp017_yp026_r2_west_side_channel_mud_bank@1;cg5v3__gn_nov_g4_xp017_yp026_r2_wet_conifer_tract_resource_patch@1;cg5v3__gn_nov_g4_xp017_yp026_r2_wet_conifer_tract_river_edge@1;cg5v3__gn_nov_g4_xp017_yp026_r2_zaostrovye_burial_area_approach@1;cg5v3__gn_nov_g4_xp017_yp026_r2_zaostrovye_landing_boat_drawing@1;cg5v3__gn_nov_g4_xp017_yp026_r2_zaostrovye_landing_dry_platform@1;cg5v3__gn_nov_g4_xp017_yp026_r2_zaostrovye_landing_landing_edge@1;cg5v3__gn_nov_g4_xp017_yp026_r2_zaostrovye_landing_river_approach@1;cg5v3__gn_nov_g4_xp017_yp026_r2_zaostrovye_settlement_center_landing@1;cg5v3__gn_nov_g4_xp017_yp026_r2_zaostrovye_settlement_center_river_approach@1;cg5v3__gn_nov_g4_xp017_yp026_r2_zaostrovye_settlement_center_water_source@1,PF/scene candidate only; PF is the family-level presence scope. No direct place type presence rule established.,NONE: manifest exact_g4=[]; node_binding lu/place_template_id empty,infra/world-base/place_templates.seed.json:1325; data/world-catalogs/novgorod/game-base-v1/places-binding/places/region_type_pf_manifest.json:2287; data/world-catalogs/novgorod/m2c-nature-coverage.json:4646; data/world-catalogs/novgorod/game-base-v1/places-binding/places/node_binding.csv:25; data/world-catalogs/novgorod/game-base-v1/places-binding/places/node_binding.csv:32; data/world-catalogs/novgorod/game-base-v1/places-binding/places/node_binding.csv:173; data/world-catalogs/novgorod/game-base-v1/places-binding/places/node_binding.csv:188; data/world-catalogs/novgorod/game-base-v1/places-binding/places/node_binding.csv:195; data/world-catalogs/novgorod/game-base-v1/places-binding/places/node_binding.csv:215; data/world-catalogs/novgorod/game-base-v1/places-binding/places/node_binding.csv:216; data/world-catalogs/novgorod/game-base-v1/places-binding/places/node_binding.csv:218,[]
pt_clay_pit_pottery_site,place,Глиняная выемка / гончарный участок,условно применим,The type includes a clay excavation and/or a pottery place. Alluvial settlement context supports the excavation clause; a pottery workshop remains unestablished.,selected,g4v3__gn_nov_g3_xp017_yp026_r2_vikhtuy_locality@1;g4v3__gn_nov_g3_xp017_yp026_r2_zaostrovye_settlement_center@1,cg5v3__gn_nov_g4_xp017_yp026_r2_vikhtuy_locality_work_storage@1;cg5v3__gn_nov_g4_xp017_yp026_r2_zaostrovye_settlement_center_work_zone@1,pf_peasant_homestead;pf_outbuildings,context_only_no_type_or_pf_binding,"Exact candidate geography/function references; no type binding, approval, or runtime presence is implied.",PF/scene candidate only; PF is the family-level presence scope. No direct place type presence rule established.,NONE: manifest exact_g4=[]; node_binding lu/place_template_id empty,infra/world-base/place_templates.seed.json:4079; data/world-catalogs/novgorod/game-base-v1/places-binding/places/region_type_pf_manifest.json:2440; data/world-catalogs/novgorod/m2c-nature-coverage.json:4719; book:755331 §725; book:755331 §725; data/world-catalogs/novgorod/game-base-v1/places-binding/places/node_binding.csv:25; data/world-catalogs/novgorod/game-base-v1/places-binding/places/node_binding.csv:33; data/world-catalogs/novgorod/game-base-v1/places-binding/places/node_binding.csv:178; data/world-catalogs/novgorod/game-base-v1/places-binding/places/node_binding.csv:228,"[{""node_ref"":""g4v3__gn_nov_g3_xp017_yp026_r2_vikhtuy_locality@1"",""dimension"":""water_body_template_id"",""reason"":""Поселенческий аллювиальный берег — контекст бытовой глины; река не означает выемку в русле."",""source_refs"":""data/world-catalogs/novgorod/game-base-v1/places-binding/places/node_binding.csv:25; infra/world-base/place_templates.seed.json:4079""},{""node_ref"":""g4v3__gn_nov_g3_xp017_yp026_r2_zaostrovye_settlement_center@1"",""dimension"":""water_body_template_id"",""reason"":""Поселенческий аллювиальный берег — контекст бытовой глины; река не означает выемку в русле."",""source_refs"":""data/world-catalogs/novgorod/game-base-v1/places-binding/places/node_binding.csv:33; infra/world-base/place_templates.seed.json:4079""},{""node_ref"":""cg5v3__gn_nov_g4_xp017_yp026_r2_vikhtuy_locality_work_storage@1"",""dimension"":""water_body_template_id"",""reason"":""Рабочая и складская зона поселения у аллювия; не переход через ручей."",""source_refs"":""data/world-catalogs/novgorod/game-base-v1/places-binding/places/node_binding.csv:178; infra/world-base/place_templates.seed.json:4079""},{""node_ref"":""cg5v3__gn_nov_g4_xp017_yp026_r2_zaostrovye_settlement_center_work_zone@1"",""dimension"":""water_body_template_id"",""reason"":""Рабочая зона поселения на пойменном берегу; не выемка в русле."",""source_refs"":""data/world-catalogs/novgorod/game-base-v1/places-binding/places/node_binding.csv:228; infra/world-base/place_templates.seed.json:4079""}]"
pt_crossroads,place,Перекрёсток / путевой узел,условно применим,Дорожные G4/G5 могут поддержать развилку только при топологическом узле; exact crossroads нет.,selected,g4v3__gn_nov_g3_xp017_yp026_r2_dry_island_ridge@1;g4v3__gn_nov_g3_xp017_yp026_r2_dry_pine_ridge@1;g4v3__gn_nov_g3_xp017_yp026_r2_floodplain_ridge_route@1;g4v3__gn_nov_g3_xp017_yp026_r2_sheltered_landing_terrace@1;g4v3__gn_nov_g3_xp017_yp026_r2_tributary_mouth@1;g4v3__gn_nov_g3_xp017_yp026_r2_vikhtuy_locality@1;g4v3__gn_nov_g3_xp017_yp026_r2_vikhtuy_resource_edge@1;g4v3__gn_nov_g3_xp017_yp026_r2_vikhtuy_river_approach@1;g4v3__gn_nov_g3_xp017_yp026_r2_zaostrovye_burial_area@1;g4v3__gn_nov_g3_xp017_yp026_r2_zaostrovye_landing@1;g4v3__gn_nov_g3_xp017_yp026_r2_zaostrovye_settlement_center@1,cg5v3__gn_nov_g4_xp017_yp026_r2_dry_island_ridge_ridge_crest@1;cg5v3__gn_nov_g4_xp017_yp026_r2_dry_pine_ridge_ridge_top@1;cg5v3__gn_nov_g4_xp017_yp026_r2_floodplain_ridge_route_north_exit@1;cg5v3__gn_nov_g4_xp017_yp026_r2_floodplain_ridge_route_ridge_path@1;cg5v3__gn_nov_g4_xp017_yp026_r2_floodplain_ridge_route_south_approach@1;cg5v3__gn_nov_g4_xp017_yp026_r2_floodplain_ridge_route_wet_gap@1;cg5v3__gn_nov_g4_xp017_yp026_r2_sheltered_landing_terrace_inland_path@1;cg5v3__gn_nov_g4_xp017_yp026_r2_tributary_mouth_inland_path@1;cg5v3__gn_nov_g4_xp017_yp026_r2_vikhtuy_locality_forest_path@1;cg5v3__gn_nov_g4_xp017_yp026_r2_vikhtuy_locality_river_approach@1;cg5v3__gn_nov_g4_xp017_yp026_r2_vikhtuy_resource_edge_river_edge@1;cg5v3__gn_nov_g4_xp017_yp026_r2_vikhtuy_river_approach_inland_path@1;cg5v3__gn_nov_g4_xp017_yp026_r2_vikhtuy_river_approach_water_approach@1;cg5v3__gn_nov_g4_xp017_yp026_r2_zaostrovye_burial_area_approach@1;cg5v3__gn_nov_g4_xp017_yp026_r2_zaostrovye_landing_path_to_settlement@1;cg5v3__gn_nov_g4_xp017_yp026_r2_zaostrovye_landing_river_approach@1;cg5v3__gn_nov_g4_xp017_yp026_r2_zaostrovye_settlement_center_hinterland_path@1;cg5v3__gn_nov_g4_xp017_yp026_r2_zaostrovye_settlement_center_river_approach@1,pf_road,candidate_pf_overlap,G4=g4v3__gn_nov_g3_xp017_yp026_r2_dry_island_ridge@1;g4v3__gn_nov_g3_xp017_yp026_r2_dry_pine_ridge@1;g4v3__gn_nov_g3_xp017_yp026_r2_floodplain_ridge_route@1;g4v3__gn_nov_g3_xp017_yp026_r2_sheltered_landing_terrace@1;g4v3__gn_nov_g3_xp017_yp026_r2_tributary_mouth@1;g4v3__gn_nov_g3_xp017_yp026_r2_vikhtuy_locality@1;g4v3__gn_nov_g3_xp017_yp026_r2_vikhtuy_resource_edge@1;g4v3__gn_nov_g3_xp017_yp026_r2_vikhtuy_river_approach@1;g4v3__gn_nov_g3_xp017_yp026_r2_zaostrovye_burial_area@1;g4v3__gn_nov_g3_xp017_yp026_r2_zaostrovye_landing@1;g4v3__gn_nov_g3_xp017_yp026_r2_zaostrovye_settlement_center@1 | G5=cg5v3__gn_nov_g4_xp017_yp026_r2_dry_island_ridge_ridge_crest@1;cg5v3__gn_nov_g4_xp017_yp026_r2_dry_pine_ridge_ridge_top@1;cg5v3__gn_nov_g4_xp017_yp026_r2_floodplain_ridge_route_north_exit@1;cg5v3__gn_nov_g4_xp017_yp026_r2_floodplain_ridge_route_ridge_path@1;cg5v3__gn_nov_g4_xp017_yp026_r2_floodplain_ridge_route_south_approach@1;cg5v3__gn_nov_g4_xp017_yp026_r2_floodplain_ridge_route_wet_gap@1;cg5v3__gn_nov_g4_xp017_yp026_r2_sheltered_landing_terrace_inland_path@1;cg5v3__gn_nov_g4_xp017_yp026_r2_tributary_mouth_inland_path@1;cg5v3__gn_nov_g4_xp017_yp026_r2_vikhtuy_locality_forest_path@1;cg5v3__gn_nov_g4_xp017_yp026_r2_vikhtuy_locality_river_approach@1;cg5v3__gn_nov_g4_xp017_yp026_r2_vikhtuy_resource_edge_river_edge@1;cg5v3__gn_nov_g4_xp017_yp026_r2_vikhtuy_river_approach_inland_path@1;cg5v3__gn_nov_g4_xp017_yp026_r2_vikhtuy_river_approach_water_approach@1;cg5v3__gn_nov_g4_xp017_yp026_r2_zaostrovye_burial_area_approach@1;cg5v3__gn_nov_g4_xp017_yp026_r2_zaostrovye_landing_path_to_settlement@1;cg5v3__gn_nov_g4_xp017_yp026_r2_zaostrovye_landing_river_approach@1;cg5v3__gn_nov_g4_xp017_yp026_r2_zaostrovye_settlement_center_hinterland_path@1;cg5v3__gn_nov_g4_xp017_yp026_r2_zaostrovye_settlement_center_river_approach@1,PF/scene candidate only; PF is the family-level presence scope. No direct place type presence rule established.,NONE: manifest exact_g4=[]; node_binding lu/place_template_id empty,infra/world-base/place_templates.seed.json:1955; data/world-catalogs/novgorod/game-base-v1/places-binding/places/region_type_pf_manifest.json:2465; data/world-catalogs/novgorod/m2c-nature-coverage.json:4743,[]
pt_dispersed_settlement_cluster,place,Рассеянная группа дворов,"правдоподобен, условно",Вихтуйская локальность/Заостровский участок допускают сельское рассредоточенное поселение; структура и точные дворы не утверждены.,selected,g4v3__gn_nov_g3_xp017_yp026_r2_vikhtuy_locality@1;g4v3__gn_nov_g3_xp017_yp026_r2_zaostrovye_landing@1;g4v3__gn_nov_g3_xp017_yp026_r2_zaostrovye_settlement_center@1,cg5v3__gn_nov_g4_xp017_yp026_r2_vikhtuy_locality_household_cluster@1;cg5v3__gn_nov_g4_xp017_yp026_r2_vikhtuy_locality_meeting_area@1;cg5v3__gn_nov_g4_xp017_yp026_r2_vikhtuy_locality_occupation_terrace@1;cg5v3__gn_nov_g4_xp017_yp026_r2_vikhtuy_locality_work_storage@1;cg5v3__gn_nov_g4_xp017_yp026_r2_zaostrovye_landing_boat_drawing@1;cg5v3__gn_nov_g4_xp017_yp026_r2_zaostrovye_settlement_center_habitation_terrace@1;cg5v3__gn_nov_g4_xp017_yp026_r2_zaostrovye_settlement_center_household_zone@1;cg5v3__gn_nov_g4_xp017_yp026_r2_zaostrovye_settlement_center_storage_zone@1;cg5v3__gn_nov_g4_xp017_yp026_r2_zaostrovye_settlement_center_work_zone@1,pf_peasant_homestead;pf_rural_yard,candidate_pf_overlap,G4=g4v3__gn_nov_g3_xp017_yp026_r2_vikhtuy_locality@1;g4v3__gn_nov_g3_xp017_yp026_r2_zaostrovye_landing@1;g4v3__gn_nov_g3_xp017_yp026_r2_zaostrovye_settlement_center@1 | G5=cg5v3__gn_nov_g4_xp017_yp026_r2_vikhtuy_locality_household_cluster@1;cg5v3__gn_nov_g4_xp017_yp026_r2_vikhtuy_locality_meeting_area@1;cg5v3__gn_nov_g4_xp017_yp026_r2_vikhtuy_locality_occupation_terrace@1;cg5v3__gn_nov_g4_xp017_yp026_r2_vikhtuy_locality_work_storage@1;cg5v3__gn_nov_g4_xp017_yp026_r2_zaostrovye_landing_boat_drawing@1;cg5v3__gn_nov_g4_xp017_yp026_r2_zaostrovye_settlement_center_habitation_terrace@1;cg5v3__gn_nov_g4_xp017_yp026_r2_zaostrovye_settlement_center_household_zone@1;cg5v3__gn_nov_g4_xp017_yp026_r2_zaostrovye_settlement_center_storage_zone@1;cg5v3__gn_nov_g4_xp017_yp026_r2_zaostrovye_settlement_center_work_zone@1,PF/scene candidate only; PF is the family-level presence scope. No direct place type presence rule established.,NONE: manifest exact_g4=[]; node_binding lu/place_template_id empty,infra/world-base/place_templates.seed.json:269; data/world-catalogs/novgorod/game-base-v1/places-binding/places/region_type_pf_manifest.json:2490; data/world-catalogs/novgorod/m2c-nature-coverage.json:4767,[]
pt_ferry_place,place,Перевоз / паромное место,условно применим,PF ferry_landing и речной подход есть в candidate binding; работающий перевоз/маршрут не доказан.,selected,g4v3__gn_nov_g3_xp017_yp026_r2_shifting_shoal_field@1;g4v3__gn_nov_g3_xp017_yp026_r2_vikhtuy_locality@1;g4v3__gn_nov_g3_xp017_yp026_r2_vikhtuy_river_approach@1;g4v3__gn_nov_g3_xp017_yp026_r2_zaostrovye_landing@1,cg5v3__gn_nov_g4_xp017_yp026_r2_shifting_shoal_field_emergency_bank@1;cg5v3__gn_nov_g4_xp017_yp026_r2_vikhtuy_locality_landing_candidate@1;cg5v3__gn_nov_g4_xp017_yp026_r2_vikhtuy_river_approach_high_platform@1;cg5v3__gn_nov_g4_xp017_yp026_r2_vikhtuy_river_approach_landing_edge@1;cg5v3__gn_nov_g4_xp017_yp026_r2_zaostrovye_landing_boat_drawing@1;cg5v3__gn_nov_g4_xp017_yp026_r2_zaostrovye_landing_dry_platform@1;cg5v3__gn_nov_g4_xp017_yp026_r2_zaostrovye_landing_landing_edge@1,pf_ferry_landing,candidate_pf_overlap,G4=g4v3__gn_nov_g3_xp017_yp026_r2_dry_island_ridge@1;g4v3__gn_nov_g3_xp017_yp026_r2_floodplain_ridge_route@1;g4v3__gn_nov_g3_xp017_yp026_r2_sheltered_landing_terrace@1;g4v3__gn_nov_g3_xp017_yp026_r2_shifting_shoal_field@1;g4v3__gn_nov_g3_xp017_yp026_r2_vikhtuy_locality@1;g4v3__gn_nov_g3_xp017_yp026_r2_vikhtuy_river_approach@1;g4v3__gn_nov_g3_xp017_yp026_r2_zaostrovye_landing@1;g4v3__gn_nov_g3_xp017_yp026_r2_zaostrovye_settlement_center@1 | G5=cg5v3__gn_nov_g4_xp017_yp026_r2_dry_island_ridge_landing@1;cg5v3__gn_nov_g4_xp017_yp026_r2_floodplain_ridge_route_water_access@1;cg5v3__gn_nov_g4_xp017_yp026_r2_sheltered_landing_terrace_high_platform@1;cg5v3__gn_nov_g4_xp017_yp026_r2_sheltered_landing_terrace_landing_edge@1;cg5v3__gn_nov_g4_xp017_yp026_r2_shifting_shoal_field_emergency_bank@1;cg5v3__gn_nov_g4_xp017_yp026_r2_vikhtuy_locality_landing_candidate@1;cg5v3__gn_nov_g4_xp017_yp026_r2_vikhtuy_river_approach_high_platform@1;cg5v3__gn_nov_g4_xp017_yp026_r2_vikhtuy_river_approach_landing_edge@1;cg5v3__gn_nov_g4_xp017_yp026_r2_zaostrovye_landing_boat_drawing@1;cg5v3__gn_nov_g4_xp017_yp026_r2_zaostrovye_landing_dry_platform@1;cg5v3__gn_nov_g4_xp017_yp026_r2_zaostrovye_landing_landing_edge@1;cg5v3__gn_nov_g4_xp017_yp026_r2_zaostrovye_settlement_center_landing@1,PF/scene candidate only; PF is the family-level presence scope. No direct place type presence rule established.,NONE: manifest exact_g4=[]; node_binding lu/place_template_id empty,infra/world-base/place_templates.seed.json:2295; data/world-catalogs/novgorod/game-base-v1/places-binding/places/region_type_pf_manifest.json:2600; data/world-catalogs/novgorod/m2c-nature-coverage.json:4816,[]
pt_fish_weir_site,place,Место рыбного запора,условно применим,"Река допускает запор, но нет точной конструкции/промысла.",selected,g4v3__gn_nov_g3_xp017_yp026_r2_east_side_channel@1;g4v3__gn_nov_g3_xp017_yp026_r2_old_channel_pool@1;g4v3__gn_nov_g3_xp017_yp026_r2_tributary_mouth@1;g4v3__gn_nov_g3_xp017_yp026_r2_west_hidden_backwater@1;g4v3__gn_nov_g3_xp017_yp026_r2_west_side_channel@1,cg5v3__gn_nov_g4_xp017_yp026_r2_east_side_channel_narrow_reach@1;cg5v3__gn_nov_g4_xp017_yp026_r2_old_channel_pool_hidden_link@1;cg5v3__gn_nov_g4_xp017_yp026_r2_tributary_mouth_lower_stream@1;cg5v3__gn_nov_g4_xp017_yp026_r2_west_hidden_backwater_hidden_outlet@1;cg5v3__gn_nov_g4_xp017_yp026_r2_west_side_channel_narrow_reach@1,pf_fishing_camp,candidate_pf_overlap,G4=g4v3__gn_nov_g3_xp017_yp026_r2_central_navigation_reach@1;g4v3__gn_nov_g3_xp017_yp026_r2_driftwood_bar@1;g4v3__gn_nov_g3_xp017_yp026_r2_dry_island_ridge@1;g4v3__gn_nov_g3_xp017_yp026_r2_dry_pine_ridge@1;g4v3__gn_nov_g3_xp017_yp026_r2_east_flood_bypass@1;g4v3__gn_nov_g3_xp017_yp026_r2_east_side_channel@1;g4v3__gn_nov_g3_xp017_yp026_r2_flooded_interior_basin@1;g4v3__gn_nov_g3_xp017_yp026_r2_floodplain_ridge_route@1;g4v3__gn_nov_g3_xp017_yp026_r2_mixing_reach@1;g4v3__gn_nov_g3_xp017_yp026_r2_north_exposed_turn@1;g4v3__gn_nov_g3_xp017_yp026_r2_north_outflow_reach@1;g4v3__gn_nov_g3_xp017_yp026_r2_outer_exposed_approach@1;g4v3__gn_nov_g3_xp017_yp026_r2_sheltered_inner_reach@1;g4v3__gn_nov_g3_xp017_yp026_r2_sheltered_landing_terrace@1;g4v3__gn_nov_g3_xp017_yp026_r2_south_entry_reach@1;g4v3__gn_nov_g3_xp017_yp026_r2_vikhtuy_resource_edge@1;g4v3__gn_nov_g3_xp017_yp026_r2_vikhtuy_river_approach@1;g4v3__gn_nov_g3_xp017_yp026_r2_west_hidden_backwater@1;g4v3__gn_nov_g3_xp017_yp026_r2_west_side_channel@1;g4v3__gn_nov_g3_xp017_yp026_r2_wet_conifer_tract@1;g4v3__gn_nov_g3_xp017_yp026_r2_zaostrovye_landing@1 | G5=cg5v3__gn_nov_g4_xp017_yp026_r2_central_navigation_reach_lee_bank@1;cg5v3__gn_nov_g4_xp017_yp026_r2_driftwood_bar_dry_cap@1;cg5v3__gn_nov_g4_xp017_yp026_r2_dry_island_ridge_camp_candidate@1;cg5v3__gn_nov_g4_xp017_yp026_r2_dry_pine_ridge_sandy_hollow@1;cg5v3__gn_nov_g4_xp017_yp026_r2_east_flood_bypass_quiet_reach@1;cg5v3__gn_nov_g4_xp017_yp026_r2_east_side_channel_quiet_reach@1;cg5v3__gn_nov_g4_xp017_yp026_r2_flooded_interior_basin_dry_mound@1;cg5v3__gn_nov_g4_xp017_yp026_r2_floodplain_ridge_route_forest_shelter@1;cg5v3__gn_nov_g4_xp017_yp026_r2_mixing_reach_lee_margin@1;cg5v3__gn_nov_g4_xp017_yp026_r2_north_exposed_turn_lee_bank@1;cg5v3__gn_nov_g4_xp017_yp026_r2_north_outflow_reach_lee_bank@1;cg5v3__gn_nov_g4_xp017_yp026_r2_outer_exposed_approach_sheltered_inlet@1;cg5v3__gn_nov_g4_xp017_yp026_r2_sheltered_inner_reach_lee_bank@1;cg5v3__gn_nov_g4_xp017_yp026_r2_sheltered_landing_terrace_high_platform@1;cg5v3__gn_nov_g4_xp017_yp026_r2_south_entry_reach_lee_bank@1;cg5v3__gn_nov_g4_xp017_yp026_r2_vikhtuy_resource_edge_dry_patch@1;cg5v3__gn_nov_g4_xp017_yp026_r2_vikhtuy_river_approach_high_platform@1;cg5v3__gn_nov_g4_xp017_yp026_r2_west_hidden_backwater_dry_patch@1;cg5v3__gn_nov_g4_xp017_yp026_r2_west_side_channel_quiet_reach@1;cg5v3__gn_nov_g4_xp017_yp026_r2_wet_conifer_tract_dry_patch@1;cg5v3__gn_nov_g4_xp017_yp026_r2_zaostrovye_landing_dry_platform@1,PF/scene candidate only; PF is the family-level presence scope. No direct place type presence rule established.,NONE: manifest exact_g4=[]; node_binding lu/place_template_id empty,infra/world-base/place_templates.seed.json:1079; data/world-catalogs/novgorod/game-base-v1/places-binding/places/region_type_pf_manifest.json:2625; data/world-catalogs/novgorod/m2c-nature-coverage.json:4841,[]
pt_fishing_station,place,Рыбацкий стан / тоня,"правдоподобен, условно",Водная среда и кандидатные fishing_camp PF дают основание исследовать; стан/режим лова не утверждён.,selected,g4v3__gn_nov_g3_xp017_yp026_r2_tributary_mouth@1;g4v3__gn_nov_g3_xp017_yp026_r2_west_hidden_backwater@1;g4v3__gn_nov_g3_xp017_yp026_r2_zaostrovye_landing@1,cg5v3__gn_nov_g4_xp017_yp026_r2_tributary_mouth_marsh_bank@1;cg5v3__gn_nov_g4_xp017_yp026_r2_west_hidden_backwater_reed_edge@1;cg5v3__gn_nov_g4_xp017_yp026_r2_zaostrovye_landing_boat_drawing@1,pf_fishing_camp;pf_lake_shore;pf_riverbank,candidate_pf_overlap,G4=g4v3__gn_nov_g3_xp017_yp026_r2_central_current_split@1;g4v3__gn_nov_g3_xp017_yp026_r2_central_navigation_reach@1;g4v3__gn_nov_g3_xp017_yp026_r2_channel_split_islet@1;g4v3__gn_nov_g3_xp017_yp026_r2_driftwood_bar@1;g4v3__gn_nov_g3_xp017_yp026_r2_dry_island_ridge@1;g4v3__gn_nov_g3_xp017_yp026_r2_dry_pine_ridge@1;g4v3__gn_nov_g3_xp017_yp026_r2_east_flood_bypass@1;g4v3__gn_nov_g3_xp017_yp026_r2_east_side_channel@1;g4v3__gn_nov_g3_xp017_yp026_r2_flooded_interior_basin@1;g4v3__gn_nov_g3_xp017_yp026_r2_floodplain_ridge_route@1;g4v3__gn_nov_g3_xp017_yp026_r2_forest_stream_route@1;g4v3__gn_nov_g3_xp017_yp026_r2_large_island_head@1;g4v3__gn_nov_g3_xp017_yp026_r2_mixing_reach@1;g4v3__gn_nov_g3_xp017_yp026_r2_north_exposed_turn@1;g4v3__gn_nov_g3_xp017_yp026_r2_north_outflow_reach@1;g4v3__gn_nov_g3_xp017_yp026_r2_old_channel_pool@1;g4v3__gn_nov_g3_xp017_yp026_r2_outer_exposed_approach@1;g4v3__gn_nov_g3_xp017_yp026_r2_reed_backwater@1;g4v3__gn_nov_g3_xp017_yp026_r2_sheltered_inner_reach@1;g4v3__gn_nov_g3_xp017_yp026_r2_sheltered_landing_terrace@1;g4v3__gn_nov_g3_xp017_yp026_r2_shifting_shoal_field@1;g4v3__gn_nov_g3_xp017_yp026_r2_south_entry_reach@1;g4v3__gn_nov_g3_xp017_yp026_r2_tributary_mouth@1;g4v3__gn_nov_g3_xp017_yp026_r2_vikhtuy_locality@1;g4v3__gn_nov_g3_xp017_yp026_r2_vikhtuy_resource_edge@1;g4v3__gn_nov_g3_xp017_yp026_r2_vikhtuy_river_approach@1;g4v3__gn_nov_g3_xp017_yp026_r2_west_hidden_backwater@1;g4v3__gn_nov_g3_xp017_yp026_r2_west_side_channel@1;g4v3__gn_nov_g3_xp017_yp026_r2_wet_conifer_tract@1;g4v3__gn_nov_g3_xp017_yp026_r2_zaostrovye_burial_area@1;g4v3__gn_nov_g3_xp017_yp026_r2_zaostrovye_landing@1;g4v3__gn_nov_g3_xp017_yp026_r2_zaostrovye_settlement_center@1 | G5=cg5v3__gn_nov_g4_xp017_yp026_r2_central_current_split_islet_margin@1;cg5v3__gn_nov_g4_xp017_yp026_r2_central_current_split_upstream_nose@1;cg5v3__gn_nov_g4_xp017_yp026_r2_central_navigation_reach_downstream_approach@1;cg5v3__gn_nov_g4_xp017_yp026_r2_central_navigation_reach_lee_bank@1;cg5v3__gn_nov_g4_xp017_yp026_r2_central_navigation_reach_observation_bank@1;cg5v3__gn_nov_g4_xp017_yp026_r2_central_navigation_reach_shoal_margin@1;cg5v3__gn_nov_g4_xp017_yp026_r2_central_navigation_reach_upstream_approach@1;cg5v3__gn_nov_g4_xp017_yp026_r2_channel_split_islet_high_bank@1;cg5v3__gn_nov_g4_xp017_yp026_r2_driftwood_bar_downstream_cut@1;cg5v3__gn_nov_g4_xp017_yp026_r2_driftwood_bar_driftwood_mass@1;cg5v3__gn_nov_g4_xp017_yp026_r2_driftwood_bar_dry_cap@1;cg5v3__gn_nov_g4_xp017_yp026_r2_driftwood_bar_shallow_pool@1;cg5v3__gn_nov_g4_xp017_yp026_r2_driftwood_bar_upstream_edge@1;cg5v3__gn_nov_g4_xp017_yp026_r2_dry_island_ridge_camp_candidate@1;cg5v3__gn_nov_g4_xp017_yp026_r2_dry_island_ridge_downstream_exit@1;cg5v3__gn_nov_g4_xp017_yp026_r2_dry_island_ridge_forest_edge@1;cg5v3__gn_nov_g4_xp017_yp026_r2_dry_island_ridge_landing@1;cg5v3__gn_nov_g4_xp017_yp026_r2_dry_pine_ridge_north_descent@1;cg5v3__gn_nov_g4_xp017_yp026_r2_dry_pine_ridge_pine_stand@1;cg5v3__gn_nov_g4_xp017_yp026_r2_dry_pine_ridge_sandy_hollow@1;cg5v3__gn_nov_g4_xp017_yp026_r2_dry_pine_ridge_south_approach@1;cg5v3__gn_nov_g4_xp017_yp026_r2_dry_pine_ridge_view_gap@1;cg5v3__gn_nov_g4_xp017_yp026_r2_east_flood_bypass_entrance@1;cg5v3__gn_nov_g4_xp017_yp026_r2_east_flood_bypass_exit@1;cg5v3__gn_nov_g4_xp017_yp026_r2_east_flood_bypass_mud_bank@1;cg5v3__gn_nov_g4_xp017_yp026_r2_east_flood_bypass_quiet_reach@1;cg5v3__gn_nov_g4_xp017_yp026_r2_east_side_channel_entrance@1;cg5v3__gn_nov_g4_xp017_yp026_r2_east_side_channel_exit@1;cg5v3__gn_nov_g4_xp017_yp026_r2_east_side_channel_mud_bank@1;cg5v3__gn_nov_g4_xp017_yp026_r2_east_side_channel_quiet_reach@1;cg5v3__gn_nov_g4_xp017_yp026_r2_flooded_interior_basin_dry_mound@1;cg5v3__gn_nov_g4_xp017_yp026_r2_flooded_interior_basin_reed_margin@1;cg5v3__gn_nov_g4_xp017_yp026_r2_floodplain_ridge_route_forest_shelter@1;cg5v3__gn_nov_g4_xp017_yp026_r2_floodplain_ridge_route_north_exit@1;cg5v3__gn_nov_g4_xp017_yp026_r2_floodplain_ridge_route_south_approach@1;cg5v3__gn_nov_g4_xp017_yp026_r2_floodplain_ridge_route_water_access@1;cg5v3__gn_nov_g4_xp017_yp026_r2_forest_stream_route_bank_path@1;cg5v3__gn_nov_g4_xp017_yp026_r2_forest_stream_route_headwater_fork@1;cg5v3__gn_nov_g4_xp017_yp026_r2_forest_stream_route_pool@1;cg5v3__gn_nov_g4_xp017_yp026_r2_large_island_head_high_bank@1;cg5v3__gn_nov_g4_xp017_yp026_r2_mixing_reach_inner_approach@1;cg5v3__gn_nov_g4_xp017_yp026_r2_mixing_reach_lee_margin@1;cg5v3__gn_nov_g4_xp017_yp026_r2_north_exposed_turn_downstream_approach@1;cg5v3__gn_nov_g4_xp017_yp026_r2_north_exposed_turn_lee_bank@1;cg5v3__gn_nov_g4_xp017_yp026_r2_north_exposed_turn_observation_bank@1;cg5v3__gn_nov_g4_xp017_yp026_r2_north_exposed_turn_shoal_margin@1;cg5v3__gn_nov_g4_xp017_yp026_r2_north_exposed_turn_upstream_approach@1;cg5v3__gn_nov_g4_xp017_yp026_r2_north_outflow_reach_downstream_approach@1;cg5v3__gn_nov_g4_xp017_yp026_r2_north_outflow_reach_lee_bank@1;cg5v3__gn_nov_g4_xp017_yp026_r2_north_outflow_reach_observation_bank@1;cg5v3__gn_nov_g4_xp017_yp026_r2_north_outflow_reach_shoal_margin@1;cg5v3__gn_nov_g4_xp017_yp026_r2_north_outflow_reach_upstream_approach@1;cg5v3__gn_nov_g4_xp017_yp026_r2_old_channel_pool_old_mouth@1;cg5v3__gn_nov_g4_xp017_yp026_r2_old_channel_pool_willow_bank@1;cg5v3__gn_nov_g4_xp017_yp026_r2_outer_exposed_approach_river_side@1;cg5v3__gn_nov_g4_xp017_yp026_r2_outer_exposed_approach_sheltered_inlet@1;cg5v3__gn_nov_g4_xp017_yp026_r2_outer_exposed_approach_shoal_margin@1;cg5v3__gn_nov_g4_xp017_yp026_r2_reed_backwater_bird_shallows@1;cg5v3__gn_nov_g4_xp017_yp026_r2_reed_backwater_entrance@1;cg5v3__gn_nov_g4_xp017_yp026_r2_reed_backwater_mud_bank@1;cg5v3__gn_nov_g4_xp017_yp026_r2_reed_backwater_open_pool@1;cg5v3__gn_nov_g4_xp017_yp026_r2_sheltered_inner_reach_downstream_approach@1;cg5v3__gn_nov_g4_xp017_yp026_r2_sheltered_inner_reach_lee_bank@1;cg5v3__gn_nov_g4_xp017_yp026_r2_sheltered_inner_reach_observation_bank@1;cg5v3__gn_nov_g4_xp017_yp026_r2_sheltered_inner_reach_shoal_margin@1;cg5v3__gn_nov_g4_xp017_yp026_r2_sheltered_inner_reach_upstream_approach@1;cg5v3__gn_nov_g4_xp017_yp026_r2_sheltered_landing_terrace_high_platform@1;cg5v3__gn_nov_g4_xp017_yp026_r2_sheltered_landing_terrace_landing_edge@1;cg5v3__gn_nov_g4_xp017_yp026_r2_sheltered_landing_terrace_water_approach@1;cg5v3__gn_nov_g4_xp017_yp026_r2_sheltered_landing_terrace_water_source@1;cg5v3__gn_nov_g4_xp017_yp026_r2_shifting_shoal_field_cross_current@1;cg5v3__gn_nov_g4_xp017_yp026_r2_shifting_shoal_field_emergency_bank@1;cg5v3__gn_nov_g4_xp017_yp026_r2_shifting_shoal_field_shallow_bars@1;cg5v3__gn_nov_g4_xp017_yp026_r2_shifting_shoal_field_warning_reach@1;cg5v3__gn_nov_g4_xp017_yp026_r2_south_entry_reach_downstream_approach@1;cg5v3__gn_nov_g4_xp017_yp026_r2_south_entry_reach_lee_bank@1;cg5v3__gn_nov_g4_xp017_yp026_r2_south_entry_reach_observation_bank@1;cg5v3__gn_nov_g4_xp017_yp026_r2_south_entry_reach_shoal_margin@1;cg5v3__gn_nov_g4_xp017_yp026_r2_south_entry_reach_upstream_approach@1;cg5v3__gn_nov_g4_xp017_yp026_r2_tributary_mouth_main_river_approach@1;cg5v3__gn_nov_g4_xp017_yp026_r2_tributary_mouth_marsh_bank@1;cg5v3__gn_nov_g4_xp017_yp026_r2_vikhtuy_locality_landing_candidate@1;cg5v3__gn_nov_g4_xp017_yp026_r2_vikhtuy_locality_river_approach@1;cg5v3__gn_nov_g4_xp017_yp026_r2_vikhtuy_locality_water_access@1;cg5v3__gn_nov_g4_xp017_yp026_r2_vikhtuy_resource_edge_dry_patch@1;cg5v3__gn_nov_g4_xp017_yp026_r2_vikhtuy_resource_edge_resource_patch@1;cg5v3__gn_nov_g4_xp017_yp026_r2_vikhtuy_resource_edge_river_edge@1;cg5v3__gn_nov_g4_xp017_yp026_r2_vikhtuy_river_approach_high_platform@1;cg5v3__gn_nov_g4_xp017_yp026_r2_vikhtuy_river_approach_landing_edge@1;cg5v3__gn_nov_g4_xp017_yp026_r2_vikhtuy_river_approach_water_approach@1;cg5v3__gn_nov_g4_xp017_yp026_r2_vikhtuy_river_approach_water_source@1;cg5v3__gn_nov_g4_xp017_yp026_r2_west_hidden_backwater_dry_patch@1;cg5v3__gn_nov_g4_xp017_yp026_r2_west_hidden_backwater_entrance@1;cg5v3__gn_nov_g4_xp017_yp026_r2_west_hidden_backwater_muddy_shore@1;cg5v3__gn_nov_g4_xp017_yp026_r2_west_hidden_backwater_still_water@1;cg5v3__gn_nov_g4_xp017_yp026_r2_west_side_channel_entrance@1;cg5v3__gn_nov_g4_xp017_yp026_r2_west_side_channel_exit@1;cg5v3__gn_nov_g4_xp017_yp026_r2_west_side_channel_mud_bank@1;cg5v3__gn_nov_g4_xp017_yp026_r2_west_side_channel_quiet_reach@1;cg5v3__gn_nov_g4_xp017_yp026_r2_wet_conifer_tract_dry_patch@1;cg5v3__gn_nov_g4_xp017_yp026_r2_wet_conifer_tract_resource_patch@1;cg5v3__gn_nov_g4_xp017_yp026_r2_wet_conifer_tract_river_edge@1;cg5v3__gn_nov_g4_xp017_yp026_r2_zaostrovye_burial_area_approach@1;cg5v3__gn_nov_g4_xp017_yp026_r2_zaostrovye_landing_boat_drawing@1;cg5v3__gn_nov_g4_xp017_yp026_r2_zaostrovye_landing_dry_platform@1;cg5v3__gn_nov_g4_xp017_yp026_r2_zaostrovye_landing_landing_edge@1;cg5v3__gn_nov_g4_xp017_yp026_r2_zaostrovye_landing_river_approach@1;cg5v3__gn_nov_g4_xp017_yp026_r2_zaostrovye_settlement_center_landing@1;cg5v3__gn_nov_g4_xp017_yp026_r2_zaostrovye_settlement_center_river_approach@1;cg5v3__gn_nov_g4_xp017_yp026_r2_zaostrovye_settlement_center_water_source@1,PF/scene candidate only; PF is the family-level presence scope. No direct place type presence rule established.,NONE: manifest exact_g4=[]; node_binding lu/place_template_id empty,infra/world-base/place_templates.seed.json:999; data/world-catalogs/novgorod/game-base-v1/places-binding/places/region_type_pf_manifest.json:2650; data/world-catalogs/novgorod/m2c-nature-coverage.json:4865,[]
pt_ford_place,place,Бродовое место,условно применим,"Canonical tributary crossing node is a ford candidate. Actual depth, passability, and season are not guaranteed; this is the existing crossing node, not new topology.",selected,g4v3__gn_nov_g3_xp017_yp026_r2_tributary_mouth@1,cg5v3__gn_nov_g4_xp017_yp026_r2_tributary_mouth_crossing@1;cg5v3__gn_nov_g4_xp017_yp026_r2_old_channel_pool_dry_crossing@1;cg5v3__gn_nov_g4_xp017_yp026_r2_forest_stream_route_bog_crossing@1,pf_river_channel,context_only_no_type_or_pf_binding,"Exact candidate geography/function references; no type binding, approval, or runtime presence is implied.",PF/scene candidate only; PF is the family-level presence scope. No direct place type presence rule established.,NONE: manifest exact_g4=[]; node_binding lu/place_template_id empty,infra/world-base/place_templates.seed.json:2248; data/world-catalogs/novgorod/game-base-v1/places-binding/places/region_type_pf_manifest.json:2687; data/world-catalogs/novgorod/m2c-nature-coverage.json:4889; data/world-catalogs/novgorod/game-base-v1/places-binding/places/node_binding.csv:24; data/world-catalogs/novgorod/game-base-v1/places-binding/places/node_binding.csv:94; data/world-catalogs/novgorod/game-base-v1/places-binding/places/node_binding.csv:124; data/world-catalogs/novgorod/game-base-v1/places-binding/places/node_binding.csv:165,"[{""node_ref"":""cg5v3__gn_nov_g4_xp017_yp026_r2_old_channel_pool_dry_crossing@1"",""dimension"":""landscape_template_id"",""reason"":""This existing old-channel crossing is seasonal candidate context; terrain and passability remain unverified."",""source_refs"":""data/world-catalogs/novgorod/game-base-v1/places-binding/places/node_binding.csv:124; infra/world-base/place_templates.seed.json:2248""},{""node_ref"":""cg5v3__gn_nov_g4_xp017_yp026_r2_old_channel_pool_dry_crossing@1"",""dimension"":""water_body_template_id"",""reason"":""The exact seasonal crossing node is an old-channel backwater; passability is conditional on season and water level."",""source_refs"":""data/world-catalogs/novgorod/game-base-v1/places-binding/places/node_binding.csv:124; infra/world-base/place_templates.seed.json:2248""},{""node_ref"":""cg5v3__gn_nov_g4_xp017_yp026_r2_forest_stream_route_bog_crossing@1"",""dimension"":""landscape_template_id"",""reason"":""This existing forest crossing is seasonal candidate context; terrain and passability remain unverified."",""source_refs"":""data/world-catalogs/novgorod/game-base-v1/places-binding/places/node_binding.csv:94; infra/world-base/place_templates.seed.json:2248""}]"
pt_forest_work_camp,place,Лесной рабочий стан,условно применим,Ресурсная кромка Вихтуя кандидатна; отдельный лагерь/постройка не подтверждены.,selected,g4v3__gn_nov_g3_xp017_yp026_r2_dry_pine_ridge@1;g4v3__gn_nov_g3_xp017_yp026_r2_forest_stream_route@1;g4v3__gn_nov_g3_xp017_yp026_r2_vikhtuy_resource_edge@1;g4v3__gn_nov_g3_xp017_yp026_r2_wet_conifer_tract@1,cg5v3__gn_nov_g4_xp017_yp026_r2_vikhtuy_resource_edge_deep_forest@1;cg5v3__gn_nov_g4_xp017_yp026_r2_vikhtuy_resource_edge_resource_patch@1;cg5v3__gn_nov_g4_xp017_yp026_r2_wet_conifer_tract_deep_forest@1;cg5v3__gn_nov_g4_xp017_yp026_r2_wet_conifer_tract_dry_patch@1;cg5v3__gn_nov_g4_xp017_yp026_r2_wet_conifer_tract_resource_patch@1,pf_conifer_woodland;pf_mixed_woodland,candidate_pf_overlap,G4=g4v3__gn_nov_g3_xp017_yp026_r2_dry_island_ridge@1;g4v3__gn_nov_g3_xp017_yp026_r2_dry_pine_ridge@1;g4v3__gn_nov_g3_xp017_yp026_r2_flooded_interior_basin@1;g4v3__gn_nov_g3_xp017_yp026_r2_forest_stream_route@1;g4v3__gn_nov_g3_xp017_yp026_r2_sheltered_landing_terrace@1;g4v3__gn_nov_g3_xp017_yp026_r2_vikhtuy_locality@1;g4v3__gn_nov_g3_xp017_yp026_r2_vikhtuy_resource_edge@1;g4v3__gn_nov_g3_xp017_yp026_r2_vikhtuy_river_approach@1;g4v3__gn_nov_g3_xp017_yp026_r2_wet_conifer_tract@1;g4v3__gn_nov_g3_xp017_yp026_r2_zaostrovye_settlement_center@1 | G5=cg5v3__gn_nov_g4_xp017_yp026_r2_dry_island_ridge_forest_edge@1;cg5v3__gn_nov_g4_xp017_yp026_r2_dry_pine_ridge_pine_stand@1;cg5v3__gn_nov_g4_xp017_yp026_r2_dry_pine_ridge_sandy_hollow@1;cg5v3__gn_nov_g4_xp017_yp026_r2_dry_pine_ridge_view_gap@1;cg5v3__gn_nov_g4_xp017_yp026_r2_forest_stream_route_pool@1;cg5v3__gn_nov_g4_xp017_yp026_r2_sheltered_landing_terrace_water_source@1;cg5v3__gn_nov_g4_xp017_yp026_r2_vikhtuy_locality_water_access@1;cg5v3__gn_nov_g4_xp017_yp026_r2_vikhtuy_resource_edge_game_trail@1;cg5v3__gn_nov_g4_xp017_yp026_r2_vikhtuy_resource_edge_resource_patch@1;cg5v3__gn_nov_g4_xp017_yp026_r2_vikhtuy_river_approach_water_source@1;cg5v3__gn_nov_g4_xp017_yp026_r2_wet_conifer_tract_deep_forest@1;cg5v3__gn_nov_g4_xp017_yp026_r2_wet_conifer_tract_dry_patch@1;cg5v3__gn_nov_g4_xp017_yp026_r2_wet_conifer_tract_game_trail@1;cg5v3__gn_nov_g4_xp017_yp026_r2_wet_conifer_tract_resource_patch@1;cg5v3__gn_nov_g4_xp017_yp026_r2_wet_conifer_tract_wet_forest@1;cg5v3__gn_nov_g4_xp017_yp026_r2_zaostrovye_settlement_center_water_source@1,PF/scene candidate only; PF is the family-level presence scope. No direct place type presence rule established.,NONE: manifest exact_g4=[]; node_binding lu/place_template_id empty,infra/world-base/place_templates.seed.json:872; data/world-catalogs/novgorod/game-base-v1/places-binding/places/region_type_pf_manifest.json:2715; data/world-catalogs/novgorod/m2c-nature-coverage.json:4914,[]
pt_hamlet,place,Малое сельское поселение,"правдоподобен, условно",Местные сельские PF и settlement candidate совместимы с малым поселением; размер/план не утверждены.,selected,g4v3__gn_nov_g3_xp017_yp026_r2_vikhtuy_locality@1;g4v3__gn_nov_g3_xp017_yp026_r2_vikhtuy_river_approach@1;g4v3__gn_nov_g3_xp017_yp026_r2_zaostrovye_landing@1;g4v3__gn_nov_g3_xp017_yp026_r2_zaostrovye_settlement_center@1,cg5v3__gn_nov_g4_xp017_yp026_r2_vikhtuy_locality_forest_path@1;cg5v3__gn_nov_g4_xp017_yp026_r2_vikhtuy_locality_household_cluster@1;cg5v3__gn_nov_g4_xp017_yp026_r2_vikhtuy_locality_meeting_area@1;cg5v3__gn_nov_g4_xp017_yp026_r2_vikhtuy_locality_occupation_terrace@1;cg5v3__gn_nov_g4_xp017_yp026_r2_vikhtuy_locality_work_storage@1;cg5v3__gn_nov_g4_xp017_yp026_r2_vikhtuy_river_approach_inland_path@1;cg5v3__gn_nov_g4_xp017_yp026_r2_zaostrovye_landing_boat_drawing@1;cg5v3__gn_nov_g4_xp017_yp026_r2_zaostrovye_landing_path_to_settlement@1;cg5v3__gn_nov_g4_xp017_yp026_r2_zaostrovye_settlement_center_habitation_terrace@1;cg5v3__gn_nov_g4_xp017_yp026_r2_zaostrovye_settlement_center_hinterland_path@1;cg5v3__gn_nov_g4_xp017_yp026_r2_zaostrovye_settlement_center_household_zone@1;cg5v3__gn_nov_g4_xp017_yp026_r2_zaostrovye_settlement_center_storage_zone@1;cg5v3__gn_nov_g4_xp017_yp026_r2_zaostrovye_settlement_center_work_zone@1,pf_bathhouse;pf_cellar_granary;pf_dwelling_interior;pf_grain_drying_shed_ovin;pf_orchard_garden;pf_outbuildings;pf_peasant_homestead;pf_rural_yard;pf_threshing_barn;pf_village_lane,candidate_pf_overlap,G4=g4v3__gn_nov_g3_xp017_yp026_r2_vikhtuy_locality@1;g4v3__gn_nov_g3_xp017_yp026_r2_vikhtuy_river_approach@1;g4v3__gn_nov_g3_xp017_yp026_r2_zaostrovye_landing@1;g4v3__gn_nov_g3_xp017_yp026_r2_zaostrovye_settlement_center@1 | G5=cg5v3__gn_nov_g4_xp017_yp026_r2_vikhtuy_locality_forest_path@1;cg5v3__gn_nov_g4_xp017_yp026_r2_vikhtuy_locality_household_cluster@1;cg5v3__gn_nov_g4_xp017_yp026_r2_vikhtuy_locality_meeting_area@1;cg5v3__gn_nov_g4_xp017_yp026_r2_vikhtuy_locality_occupation_terrace@1;cg5v3__gn_nov_g4_xp017_yp026_r2_vikhtuy_locality_work_storage@1;cg5v3__gn_nov_g4_xp017_yp026_r2_vikhtuy_river_approach_inland_path@1;cg5v3__gn_nov_g4_xp017_yp026_r2_zaostrovye_landing_boat_drawing@1;cg5v3__gn_nov_g4_xp017_yp026_r2_zaostrovye_landing_path_to_settlement@1;cg5v3__gn_nov_g4_xp017_yp026_r2_zaostrovye_settlement_center_habitation_terrace@1;cg5v3__gn_nov_g4_xp017_yp026_r2_zaostrovye_settlement_center_hinterland_path@1;cg5v3__gn_nov_g4_xp017_yp026_r2_zaostrovye_settlement_center_household_zone@1;cg5v3__gn_nov_g4_xp017_yp026_r2_zaostrovye_settlement_center_storage_zone@1;cg5v3__gn_nov_g4_xp017_yp026_r2_zaostrovye_settlement_center_work_zone@1,PF/scene candidate only; PF is the family-level presence scope. No direct place type presence rule established.,NONE: manifest exact_g4=[]; node_binding lu/place_template_id empty,infra/world-base/place_templates.seed.json:69; data/world-catalogs/novgorod/game-base-v1/places-binding/places/region_type_pf_manifest.json:2783; data/world-catalogs/novgorod/m2c-nature-coverage.json:4962,[]
pt_hunting_camp,place,Охотничий стан,условно применим,"Лес/болото допускают временный промысел, но лагерь и его использование не заданы.",selected,g4v3__gn_nov_g3_xp017_yp026_r2_dry_pine_ridge@1;g4v3__gn_nov_g3_xp017_yp026_r2_forest_stream_route@1;g4v3__gn_nov_g3_xp017_yp026_r2_vikhtuy_resource_edge@1;g4v3__gn_nov_g3_xp017_yp026_r2_wet_conifer_tract@1,cg5v3__gn_nov_g4_xp017_yp026_r2_vikhtuy_resource_edge_deep_forest@1;cg5v3__gn_nov_g4_xp017_yp026_r2_vikhtuy_resource_edge_dry_patch@1;cg5v3__gn_nov_g4_xp017_yp026_r2_wet_conifer_tract_deep_forest@1;cg5v3__gn_nov_g4_xp017_yp026_r2_wet_conifer_tract_dry_patch@1;cg5v3__gn_nov_g4_xp017_yp026_r2_dry_pine_ridge_sandy_hollow@1,pf_conifer_woodland;pf_hunting_ground;pf_mixed_woodland,candidate_pf_overlap,G4=g4v3__gn_nov_g3_xp017_yp026_r2_driftwood_bar@1;g4v3__gn_nov_g3_xp017_yp026_r2_dry_island_ridge@1;g4v3__gn_nov_g3_xp017_yp026_r2_dry_pine_ridge@1;g4v3__gn_nov_g3_xp017_yp026_r2_flooded_interior_basin@1;g4v3__gn_nov_g3_xp017_yp026_r2_forest_stream_route@1;g4v3__gn_nov_g3_xp017_yp026_r2_old_channel_pool@1;g4v3__gn_nov_g3_xp017_yp026_r2_reed_backwater@1;g4v3__gn_nov_g3_xp017_yp026_r2_sheltered_landing_terrace@1;g4v3__gn_nov_g3_xp017_yp026_r2_vikhtuy_locality@1;g4v3__gn_nov_g3_xp017_yp026_r2_vikhtuy_resource_edge@1;g4v3__gn_nov_g3_xp017_yp026_r2_vikhtuy_river_approach@1;g4v3__gn_nov_g3_xp017_yp026_r2_west_hidden_backwater@1;g4v3__gn_nov_g3_xp017_yp026_r2_wet_conifer_tract@1;g4v3__gn_nov_g3_xp017_yp026_r2_zaostrovye_settlement_center@1 | G5=cg5v3__gn_nov_g4_xp017_yp026_r2_driftwood_bar_shallow_pool@1;cg5v3__gn_nov_g4_xp017_yp026_r2_dry_island_ridge_forest_edge@1;cg5v3__gn_nov_g4_xp017_yp026_r2_dry_pine_ridge_pine_stand@1;cg5v3__gn_nov_g4_xp017_yp026_r2_dry_pine_ridge_sandy_hollow@1;cg5v3__gn_nov_g4_xp017_yp026_r2_dry_pine_ridge_view_gap@1;cg5v3__gn_nov_g4_xp017_yp026_r2_flooded_interior_basin_reed_margin@1;cg5v3__gn_nov_g4_xp017_yp026_r2_forest_stream_route_pool@1;cg5v3__gn_nov_g4_xp017_yp026_r2_old_channel_pool_willow_bank@1;cg5v3__gn_nov_g4_xp017_yp026_r2_reed_backwater_bird_shallows@1;cg5v3__gn_nov_g4_xp017_yp026_r2_reed_backwater_open_pool@1;cg5v3__gn_nov_g4_xp017_yp026_r2_sheltered_landing_terrace_water_source@1;cg5v3__gn_nov_g4_xp017_yp026_r2_vikhtuy_locality_water_access@1;cg5v3__gn_nov_g4_xp017_yp026_r2_vikhtuy_resource_edge_game_trail@1;cg5v3__gn_nov_g4_xp017_yp026_r2_vikhtuy_resource_edge_resource_patch@1;cg5v3__gn_nov_g4_xp017_yp026_r2_vikhtuy_river_approach_water_source@1;cg5v3__gn_nov_g4_xp017_yp026_r2_west_hidden_backwater_still_water@1;cg5v3__gn_nov_g4_xp017_yp026_r2_wet_conifer_tract_deep_forest@1;cg5v3__gn_nov_g4_xp017_yp026_r2_wet_conifer_tract_dry_patch@1;cg5v3__gn_nov_g4_xp017_yp026_r2_wet_conifer_tract_game_trail@1;cg5v3__gn_nov_g4_xp017_yp026_r2_wet_conifer_tract_resource_patch@1;cg5v3__gn_nov_g4_xp017_yp026_r2_wet_conifer_tract_wet_forest@1;cg5v3__gn_nov_g4_xp017_yp026_r2_zaostrovye_settlement_center_water_source@1,PF/scene candidate only; PF is the family-level presence scope. No direct place type presence rule established.,NONE: manifest exact_g4=[]; node_binding lu/place_template_id empty,infra/world-base/place_templates.seed.json:928; data/world-catalogs/novgorod/game-base-v1/places-binding/places/region_type_pf_manifest.json:2912; data/world-catalogs/novgorod/m2c-nature-coverage.json:5036,[]
pt_iron_smelting_site,place,Железоделательный / сыродутный участок,условно применим,"Wetland resource context can support a conditional smelting-site candidate if ore is independently established. No furnace, smithy, or production is asserted at these nodes.",selected,g4v3__gn_nov_g3_xp017_yp026_r2_forest_stream_route@1,cg5v3__gn_nov_g4_xp017_yp026_r2_forest_stream_route_bank_path@1,pf_marshy_stream;pf_riverbank,context_only_no_type_or_pf_binding,"Exact candidate geography/function references; no type binding, approval, or runtime presence is implied.",PF/scene candidate only; PF is the family-level presence scope. No direct place type presence rule established.,NONE: manifest exact_g4=[]; node_binding lu/place_template_id empty,infra/world-base/place_templates.seed.json:4145; data/world-catalogs/novgorod/game-base-v1/places-binding/places/region_type_pf_manifest.json:2949; data/world-catalogs/novgorod/m2c-nature-coverage.json:5060; data/world-catalogs/novgorod/game-base-v1/places-binding/places/node_binding.csv:12; data/world-catalogs/novgorod/game-base-v1/places-binding/places/node_binding.csv:93,[]
pt_isolated_farmstead,place,Одиночный двор / изолированная усадьба,"правдоподобен, условно","Сельские двор/хозяйственные PF подходят, но точный отдельный усадебный комплекс не выделен.",selected,g4v3__gn_nov_g3_xp017_yp026_r2_vikhtuy_locality@1;g4v3__gn_nov_g3_xp017_yp026_r2_zaostrovye_landing@1;g4v3__gn_nov_g3_xp017_yp026_r2_zaostrovye_settlement_center@1,cg5v3__gn_nov_g4_xp017_yp026_r2_vikhtuy_locality_household_cluster@1;cg5v3__gn_nov_g4_xp017_yp026_r2_vikhtuy_locality_meeting_area@1;cg5v3__gn_nov_g4_xp017_yp026_r2_vikhtuy_locality_occupation_terrace@1;cg5v3__gn_nov_g4_xp017_yp026_r2_vikhtuy_locality_work_storage@1;cg5v3__gn_nov_g4_xp017_yp026_r2_zaostrovye_landing_boat_drawing@1;cg5v3__gn_nov_g4_xp017_yp026_r2_zaostrovye_settlement_center_habitation_terrace@1;cg5v3__gn_nov_g4_xp017_yp026_r2_zaostrovye_settlement_center_household_zone@1;cg5v3__gn_nov_g4_xp017_yp026_r2_zaostrovye_settlement_center_storage_zone@1;cg5v3__gn_nov_g4_xp017_yp026_r2_zaostrovye_settlement_center_work_zone@1,pf_bathhouse;pf_cellar_granary;pf_dwelling_interior;pf_grain_drying_shed_ovin;pf_orchard_garden;pf_outbuildings;pf_peasant_homestead;pf_rural_yard;pf_threshing_barn,candidate_pf_overlap,G4=g4v3__gn_nov_g3_xp017_yp026_r2_vikhtuy_locality@1;g4v3__gn_nov_g3_xp017_yp026_r2_zaostrovye_landing@1;g4v3__gn_nov_g3_xp017_yp026_r2_zaostrovye_settlement_center@1 | G5=cg5v3__gn_nov_g4_xp017_yp026_r2_vikhtuy_locality_household_cluster@1;cg5v3__gn_nov_g4_xp017_yp026_r2_vikhtuy_locality_meeting_area@1;cg5v3__gn_nov_g4_xp017_yp026_r2_vikhtuy_locality_occupation_terrace@1;cg5v3__gn_nov_g4_xp017_yp026_r2_vikhtuy_locality_work_storage@1;cg5v3__gn_nov_g4_xp017_yp026_r2_zaostrovye_landing_boat_drawing@1;cg5v3__gn_nov_g4_xp017_yp026_r2_zaostrovye_settlement_center_habitation_terrace@1;cg5v3__gn_nov_g4_xp017_yp026_r2_zaostrovye_settlement_center_household_zone@1;cg5v3__gn_nov_g4_xp017_yp026_r2_zaostrovye_settlement_center_storage_zone@1;cg5v3__gn_nov_g4_xp017_yp026_r2_zaostrovye_settlement_center_work_zone@1,PF/scene candidate only; PF is the family-level presence scope. No direct place type presence rule established.,NONE: manifest exact_g4=[]; node_binding lu/place_template_id empty,infra/world-base/place_templates.seed.json:3; data/world-catalogs/novgorod/game-base-v1/places-binding/places/region_type_pf_manifest.json:2980; data/world-catalogs/novgorod/m2c-nature-coverage.json:5084,[]
pt_nucleated_village,place,Скученное / ядровое сельское поселение,условно применим,"Сельские PF поддерживают поселение, но плотность/ядерная планировка не установлены.",selected,g4v3__gn_nov_g3_xp017_yp026_r2_vikhtuy_locality@1;g4v3__gn_nov_g3_xp017_yp026_r2_vikhtuy_river_approach@1;g4v3__gn_nov_g3_xp017_yp026_r2_zaostrovye_landing@1;g4v3__gn_nov_g3_xp017_yp026_r2_zaostrovye_settlement_center@1,cg5v3__gn_nov_g4_xp017_yp026_r2_vikhtuy_locality_forest_path@1;cg5v3__gn_nov_g4_xp017_yp026_r2_vikhtuy_locality_household_cluster@1;cg5v3__gn_nov_g4_xp017_yp026_r2_vikhtuy_locality_meeting_area@1;cg5v3__gn_nov_g4_xp017_yp026_r2_vikhtuy_locality_occupation_terrace@1;cg5v3__gn_nov_g4_xp017_yp026_r2_vikhtuy_locality_work_storage@1;cg5v3__gn_nov_g4_xp017_yp026_r2_vikhtuy_river_approach_inland_path@1;cg5v3__gn_nov_g4_xp017_yp026_r2_zaostrovye_landing_boat_drawing@1;cg5v3__gn_nov_g4_xp017_yp026_r2_zaostrovye_landing_path_to_settlement@1;cg5v3__gn_nov_g4_xp017_yp026_r2_zaostrovye_settlement_center_habitation_terrace@1;cg5v3__gn_nov_g4_xp017_yp026_r2_zaostrovye_settlement_center_hinterland_path@1;cg5v3__gn_nov_g4_xp017_yp026_r2_zaostrovye_settlement_center_household_zone@1;cg5v3__gn_nov_g4_xp017_yp026_r2_zaostrovye_settlement_center_storage_zone@1;cg5v3__gn_nov_g4_xp017_yp026_r2_zaostrovye_settlement_center_work_zone@1,pf_peasant_homestead;pf_rural_yard;pf_village_lane,candidate_pf_overlap,G4=g4v3__gn_nov_g3_xp017_yp026_r2_vikhtuy_locality@1;g4v3__gn_nov_g3_xp017_yp026_r2_vikhtuy_river_approach@1;g4v3__gn_nov_g3_xp017_yp026_r2_zaostrovye_landing@1;g4v3__gn_nov_g3_xp017_yp026_r2_zaostrovye_settlement_center@1 | G5=cg5v3__gn_nov_g4_xp017_yp026_r2_vikhtuy_locality_forest_path@1;cg5v3__gn_nov_g4_xp017_yp026_r2_vikhtuy_locality_household_cluster@1;cg5v3__gn_nov_g4_xp017_yp026_r2_vikhtuy_locality_meeting_area@1;cg5v3__gn_nov_g4_xp017_yp026_r2_vikhtuy_locality_occupation_terrace@1;cg5v3__gn_nov_g4_xp017_yp026_r2_vikhtuy_locality_work_storage@1;cg5v3__gn_nov_g4_xp017_yp026_r2_vikhtuy_river_approach_inland_path@1;cg5v3__gn_nov_g4_xp017_yp026_r2_zaostrovye_landing_boat_drawing@1;cg5v3__gn_nov_g4_xp017_yp026_r2_zaostrovye_landing_path_to_settlement@1;cg5v3__gn_nov_g4_xp017_yp026_r2_zaostrovye_settlement_center_habitation_terrace@1;cg5v3__gn_nov_g4_xp017_yp026_r2_zaostrovye_settlement_center_hinterland_path@1;cg5v3__gn_nov_g4_xp017_yp026_r2_zaostrovye_settlement_center_household_zone@1;cg5v3__gn_nov_g4_xp017_yp026_r2_zaostrovye_settlement_center_storage_zone@1;cg5v3__gn_nov_g4_xp017_yp026_r2_zaostrovye_settlement_center_work_zone@1,PF/scene candidate only; PF is the family-level presence scope. No direct place type presence rule established.,NONE: manifest exact_g4=[]; node_binding lu/place_template_id empty,infra/world-base/place_templates.seed.json:203; data/world-catalogs/novgorod/game-base-v1/places-binding/places/region_type_pf_manifest.json:3194; data/world-catalogs/novgorod/m2c-nature-coverage.json:5181,[]
pt_river_landing,place,Речная пристань / высадочное место,условно применим,"Кандидатные G4 landing/riverbank PF дают основание, но отдельная точка/режим высадки не approved.",selected,g4v3__gn_nov_g3_xp017_yp026_r2_shifting_shoal_field@1;g4v3__gn_nov_g3_xp017_yp026_r2_vikhtuy_locality@1;g4v3__gn_nov_g3_xp017_yp026_r2_vikhtuy_river_approach@1;g4v3__gn_nov_g3_xp017_yp026_r2_zaostrovye_landing@1;g4v3__gn_nov_g3_xp017_yp026_r2_zaostrovye_settlement_center@1,cg5v3__gn_nov_g4_xp017_yp026_r2_shifting_shoal_field_emergency_bank@1;cg5v3__gn_nov_g4_xp017_yp026_r2_vikhtuy_locality_landing_candidate@1;cg5v3__gn_nov_g4_xp017_yp026_r2_vikhtuy_river_approach_high_platform@1;cg5v3__gn_nov_g4_xp017_yp026_r2_vikhtuy_river_approach_landing_edge@1;cg5v3__gn_nov_g4_xp017_yp026_r2_zaostrovye_landing_boat_drawing@1;cg5v3__gn_nov_g4_xp017_yp026_r2_zaostrovye_landing_dry_platform@1;cg5v3__gn_nov_g4_xp017_yp026_r2_zaostrovye_landing_landing_edge@1;cg5v3__gn_nov_g4_xp017_yp026_r2_zaostrovye_settlement_center_landing@1,pf_ferry_landing;pf_river_wharf,candidate_pf_overlap,G4=g4v3__gn_nov_g3_xp017_yp026_r2_dry_island_ridge@1;g4v3__gn_nov_g3_xp017_yp026_r2_floodplain_ridge_route@1;g4v3__gn_nov_g3_xp017_yp026_r2_sheltered_landing_terrace@1;g4v3__gn_nov_g3_xp017_yp026_r2_shifting_shoal_field@1;g4v3__gn_nov_g3_xp017_yp026_r2_vikhtuy_locality@1;g4v3__gn_nov_g3_xp017_yp026_r2_vikhtuy_river_approach@1;g4v3__gn_nov_g3_xp017_yp026_r2_zaostrovye_landing@1;g4v3__gn_nov_g3_xp017_yp026_r2_zaostrovye_settlement_center@1 | G5=cg5v3__gn_nov_g4_xp017_yp026_r2_dry_island_ridge_landing@1;cg5v3__gn_nov_g4_xp017_yp026_r2_floodplain_ridge_route_water_access@1;cg5v3__gn_nov_g4_xp017_yp026_r2_sheltered_landing_terrace_high_platform@1;cg5v3__gn_nov_g4_xp017_yp026_r2_sheltered_landing_terrace_landing_edge@1;cg5v3__gn_nov_g4_xp017_yp026_r2_shifting_shoal_field_emergency_bank@1;cg5v3__gn_nov_g4_xp017_yp026_r2_vikhtuy_locality_landing_candidate@1;cg5v3__gn_nov_g4_xp017_yp026_r2_vikhtuy_river_approach_high_platform@1;cg5v3__gn_nov_g4_xp017_yp026_r2_vikhtuy_river_approach_landing_edge@1;cg5v3__gn_nov_g4_xp017_yp026_r2_zaostrovye_landing_boat_drawing@1;cg5v3__gn_nov_g4_xp017_yp026_r2_zaostrovye_landing_dry_platform@1;cg5v3__gn_nov_g4_xp017_yp026_r2_zaostrovye_landing_landing_edge@1;cg5v3__gn_nov_g4_xp017_yp026_r2_zaostrovye_settlement_center_landing@1,PF/scene candidate only; PF is the family-level presence scope. No direct place type presence rule established.,NONE: manifest exact_g4=[]; node_binding lu/place_template_id empty,infra/world-base/place_templates.seed.json:1220; data/world-catalogs/novgorod/game-base-v1/places-binding/places/region_type_pf_manifest.json:3427; data/world-catalogs/novgorod/m2c-nature-coverage.json:5327,[]
pt_village,place,Сельское поселение,"правдоподобен, условно","Сельские семейства/основы есть как candidate, но статус, план и население не утверждены.",selected,g4v3__gn_nov_g3_xp017_yp026_r2_vikhtuy_locality@1;g4v3__gn_nov_g3_xp017_yp026_r2_vikhtuy_river_approach@1;g4v3__gn_nov_g3_xp017_yp026_r2_zaostrovye_landing@1;g4v3__gn_nov_g3_xp017_yp026_r2_zaostrovye_settlement_center@1,cg5v3__gn_nov_g4_xp017_yp026_r2_vikhtuy_locality_forest_path@1;cg5v3__gn_nov_g4_xp017_yp026_r2_vikhtuy_locality_household_cluster@1;cg5v3__gn_nov_g4_xp017_yp026_r2_vikhtuy_locality_meeting_area@1;cg5v3__gn_nov_g4_xp017_yp026_r2_vikhtuy_locality_occupation_terrace@1;cg5v3__gn_nov_g4_xp017_yp026_r2_vikhtuy_locality_work_storage@1;cg5v3__gn_nov_g4_xp017_yp026_r2_vikhtuy_river_approach_inland_path@1;cg5v3__gn_nov_g4_xp017_yp026_r2_zaostrovye_landing_boat_drawing@1;cg5v3__gn_nov_g4_xp017_yp026_r2_zaostrovye_landing_path_to_settlement@1;cg5v3__gn_nov_g4_xp017_yp026_r2_zaostrovye_settlement_center_habitation_terrace@1;cg5v3__gn_nov_g4_xp017_yp026_r2_zaostrovye_settlement_center_hinterland_path@1;cg5v3__gn_nov_g4_xp017_yp026_r2_zaostrovye_settlement_center_household_zone@1;cg5v3__gn_nov_g4_xp017_yp026_r2_zaostrovye_settlement_center_storage_zone@1;cg5v3__gn_nov_g4_xp017_yp026_r2_zaostrovye_settlement_center_work_zone@1,pf_bathhouse;pf_cellar_granary;pf_dwelling_interior;pf_grain_drying_shed_ovin;pf_orchard_garden;pf_ordinary_workshop;pf_outbuildings;pf_peasant_homestead;pf_rural_yard;pf_smithy;pf_threshing_barn;pf_village_lane,candidate_pf_overlap,G4=g4v3__gn_nov_g3_xp017_yp026_r2_vikhtuy_locality@1;g4v3__gn_nov_g3_xp017_yp026_r2_vikhtuy_river_approach@1;g4v3__gn_nov_g3_xp017_yp026_r2_zaostrovye_landing@1;g4v3__gn_nov_g3_xp017_yp026_r2_zaostrovye_settlement_center@1 | G5=cg5v3__gn_nov_g4_xp017_yp026_r2_vikhtuy_locality_forest_path@1;cg5v3__gn_nov_g4_xp017_yp026_r2_vikhtuy_locality_household_cluster@1;cg5v3__gn_nov_g4_xp017_yp026_r2_vikhtuy_locality_meeting_area@1;cg5v3__gn_nov_g4_xp017_yp026_r2_vikhtuy_locality_occupation_terrace@1;cg5v3__gn_nov_g4_xp017_yp026_r2_vikhtuy_locality_work_storage@1;cg5v3__gn_nov_g4_xp017_yp026_r2_vikhtuy_river_approach_inland_path@1;cg5v3__gn_nov_g4_xp017_yp026_r2_zaostrovye_landing_boat_drawing@1;cg5v3__gn_nov_g4_xp017_yp026_r2_zaostrovye_landing_path_to_settlement@1;cg5v3__gn_nov_g4_xp017_yp026_r2_zaostrovye_settlement_center_habitation_terrace@1;cg5v3__gn_nov_g4_xp017_yp026_r2_zaostrovye_settlement_center_hinterland_path@1;cg5v3__gn_nov_g4_xp017_yp026_r2_zaostrovye_settlement_center_household_zone@1;cg5v3__gn_nov_g4_xp017_yp026_r2_zaostrovye_settlement_center_storage_zone@1;cg5v3__gn_nov_g4_xp017_yp026_r2_zaostrovye_settlement_center_work_zone@1,PF/scene candidate only; PF is the family-level presence scope. No direct place type presence rule established.,NONE: manifest exact_g4=[]; node_binding lu/place_template_id empty,infra/world-base/place_templates.seed.json:136; data/world-catalogs/novgorod/game-base-v1/places-binding/places/region_type_pf_manifest.json:3671; data/world-catalogs/novgorod/m2c-nature-coverage.json:5474,[]
pt_wintering_hut,place,Зимовье / промысловая зимняя стоянка,условно применим,"Лесной сезонный доступ возможен, но зимовье/постройка не локализованы.",selected,g4v3__gn_nov_g3_xp017_yp026_r2_forest_stream_route@1;g4v3__gn_nov_g3_xp017_yp026_r2_vikhtuy_resource_edge@1;g4v3__gn_nov_g3_xp017_yp026_r2_wet_conifer_tract@1,cg5v3__gn_nov_g4_xp017_yp026_r2_vikhtuy_resource_edge_deep_forest@1;cg5v3__gn_nov_g4_xp017_yp026_r2_vikhtuy_resource_edge_dry_patch@1;cg5v3__gn_nov_g4_xp017_yp026_r2_wet_conifer_tract_deep_forest@1;cg5v3__gn_nov_g4_xp017_yp026_r2_wet_conifer_tract_dry_patch@1,pf_conifer_woodland;pf_dwelling_interior;pf_hunting_ground,candidate_pf_overlap,G4=g4v3__gn_nov_g3_xp017_yp026_r2_driftwood_bar@1;g4v3__gn_nov_g3_xp017_yp026_r2_dry_island_ridge@1;g4v3__gn_nov_g3_xp017_yp026_r2_dry_pine_ridge@1;g4v3__gn_nov_g3_xp017_yp026_r2_flooded_interior_basin@1;g4v3__gn_nov_g3_xp017_yp026_r2_forest_stream_route@1;g4v3__gn_nov_g3_xp017_yp026_r2_old_channel_pool@1;g4v3__gn_nov_g3_xp017_yp026_r2_reed_backwater@1;g4v3__gn_nov_g3_xp017_yp026_r2_sheltered_landing_terrace@1;g4v3__gn_nov_g3_xp017_yp026_r2_vikhtuy_locality@1;g4v3__gn_nov_g3_xp017_yp026_r2_vikhtuy_resource_edge@1;g4v3__gn_nov_g3_xp017_yp026_r2_vikhtuy_river_approach@1;g4v3__gn_nov_g3_xp017_yp026_r2_west_hidden_backwater@1;g4v3__gn_nov_g3_xp017_yp026_r2_wet_conifer_tract@1;g4v3__gn_nov_g3_xp017_yp026_r2_zaostrovye_settlement_center@1 | G5=cg5v3__gn_nov_g4_xp017_yp026_r2_driftwood_bar_shallow_pool@1;cg5v3__gn_nov_g4_xp017_yp026_r2_dry_island_ridge_forest_edge@1;cg5v3__gn_nov_g4_xp017_yp026_r2_dry_pine_ridge_pine_stand@1;cg5v3__gn_nov_g4_xp017_yp026_r2_dry_pine_ridge_sandy_hollow@1;cg5v3__gn_nov_g4_xp017_yp026_r2_dry_pine_ridge_view_gap@1;cg5v3__gn_nov_g4_xp017_yp026_r2_flooded_interior_basin_reed_margin@1;cg5v3__gn_nov_g4_xp017_yp026_r2_forest_stream_route_pool@1;cg5v3__gn_nov_g4_xp017_yp026_r2_old_channel_pool_willow_bank@1;cg5v3__gn_nov_g4_xp017_yp026_r2_reed_backwater_bird_shallows@1;cg5v3__gn_nov_g4_xp017_yp026_r2_reed_backwater_open_pool@1;cg5v3__gn_nov_g4_xp017_yp026_r2_sheltered_landing_terrace_water_source@1;cg5v3__gn_nov_g4_xp017_yp026_r2_vikhtuy_locality_household_cluster@1;cg5v3__gn_nov_g4_xp017_yp026_r2_vikhtuy_locality_occupation_terrace@1;cg5v3__gn_nov_g4_xp017_yp026_r2_vikhtuy_locality_water_access@1;cg5v3__gn_nov_g4_xp017_yp026_r2_vikhtuy_resource_edge_game_trail@1;cg5v3__gn_nov_g4_xp017_yp026_r2_vikhtuy_resource_edge_resource_patch@1;cg5v3__gn_nov_g4_xp017_yp026_r2_vikhtuy_river_approach_water_source@1;cg5v3__gn_nov_g4_xp017_yp026_r2_west_hidden_backwater_still_water@1;cg5v3__gn_nov_g4_xp017_yp026_r2_wet_conifer_tract_deep_forest@1;cg5v3__gn_nov_g4_xp017_yp026_r2_wet_conifer_tract_dry_patch@1;cg5v3__gn_nov_g4_xp017_yp026_r2_wet_conifer_tract_game_trail@1;cg5v3__gn_nov_g4_xp017_yp026_r2_wet_conifer_tract_resource_patch@1;cg5v3__gn_nov_g4_xp017_yp026_r2_wet_conifer_tract_wet_forest@1;cg5v3__gn_nov_g4_xp017_yp026_r2_zaostrovye_settlement_center_habitation_terrace@1;cg5v3__gn_nov_g4_xp017_yp026_r2_zaostrovye_settlement_center_household_zone@1;cg5v3__gn_nov_g4_xp017_yp026_r2_zaostrovye_settlement_center_water_source@1,PF/scene candidate only; PF is the family-level presence scope. No direct place type presence rule established.,NONE: manifest exact_g4=[]; node_binding lu/place_template_id empty,infra/world-base/place_templates.seed.json:787; data/world-catalogs/novgorod/game-base-v1/places-binding/places/region_type_pf_manifest.json:3814; data/world-catalogs/novgorod/m2c-nature-coverage.json:5548,[]
