pff_id,pf_id,facet_id,facet_order,slots,coverage,claim_ref_count,needs,limits,residual_needs,claim_refs,source_refs,confidence,status
pff_reality_batch_01_open_conditions__observed_conditions,pf_reality_batch_01_open_conditions,observed_conditions,1,facet_ground;facet_use_people;facet_senses_traces;facet_risks_upkeep,supported,21,"Какие уже наблюдаемые environment, work, animal and care conditions ограничивают попытку без создания presence?","Не создаёт место, материал, животное, тело, доступ, безопасность или исход.",Редкие специализированные практики остаются bounded P2.,claim:reality-batch-01-wetland-reed-dry-intact-stems-can-be-distinguished-by-observation;claim:reality-batch-01-wetland-reed-cutting-needs-clear-hand-and-foot-placement;claim:reality-batch-01-cut-reed-stems-can-be-gathered-before-moving-across-wet-ground;claim:reality-batch-01-rope-knot-can-hold-tension-when-loaded-and-allow-release-when-unloaded;claim:reality-batch-01-rope-knot-release-depends-on-access-to-its-working-part;claim:reality-batch-01-rope-knot-can-be-checked-for-dressing-and-contact-before-loading;claim:reality-batch-01-wooden-joinery-sag-can-be-observed-at-joints-frame-or-bearing-points;claim:reality-batch-01-wooden-joinery-can-be-unloaded-before-adjustment;claim:reality-batch-01-wooden-joinery-temporary-wedge-or-brace-can-limit-movement-conditionally;claim:reality-batch-01-dried-herbs-need-dry-protected-storage;claim:reality-batch-01-dried-herbs-can-be-checked-for-dampness-visible-mold-or-stale-odor;claim:reality-batch-01-dried-herbs-can-be-separated-from-damp-or-moldy-material;claim:reality-batch-01-working-horse-can-show-observable-post-work-heat-and-breathing-change;claim:reality-batch-01-horse-harness-contact-can-be-observed-for-rub-or-displacement;claim:reality-batch-01-horse-work-rest-and-harness-adjustment-can-be-considered-after-observation;claim:reality-batch-01-minor-dirty-abrasion-can-be-rinsed-or-cleaned-gently;claim:reality-batch-01-minor-dirty-abrasion-care-can-use-clean-hands-and-material;claim:reality-batch-01-minor-abrasion-can-be-kept-observed-for-change-after-initial-care;claim:reality-batch-01-soil-texture-and-moisture-change-local-resistance-to-a-temporary-stake;claim:reality-batch-01-saturated-soil-can-lose-cohesion-around-a-small-excavation;claim:reality-batch-01-temporary-stake-or-excavation-can-be-checked-locally-as-ground-changes,data/world-catalogs/novgorod/world-knowledge/production-v1/place-first-cartography.json#environment_families[id=reality_batch_01_open_conditions].facets[facet=observed_conditions],B,candidate
pff_reality_first_practical_conditions__place_rural_work,pf_reality_first_practical_conditions,place_rural_work,1,facet_ground;facet_use_people,supported,15,"Как уже наблюдаемые место, двор и работа задают условия без materialization?","Не создаёт место, двор, животных, запас, работу или исход.",Редкие локальные и специализированные практики остаются bounded P2.,claim:reality-first-place-environmental-composition-needs-observed-conditions-r1;claim:reality-first-place-environmental-composition-needs-observed-conditions-r2;claim:reality-first-place-environmental-composition-needs-observed-conditions-r3;claim:reality-first-place-environmental-composition-needs-observed-conditions-r4;claim:reality-first-place-environmental-composition-needs-observed-conditions-r5;claim:reality-first-rural-subsistence-storage-and-animal-yard-compete-for-labour-r1;claim:reality-first-rural-subsistence-storage-and-animal-yard-compete-for-labour-r2;claim:reality-first-rural-subsistence-storage-and-animal-yard-compete-for-labour-r3;claim:reality-first-rural-subsistence-storage-and-animal-yard-compete-for-labour-r4;claim:reality-first-rural-subsistence-storage-and-animal-yard-compete-for-labour-r5;claim:reality-first-ordinary-worksite-needs-task-specific-flow-and-clearance-r1;claim:reality-first-ordinary-worksite-needs-task-specific-flow-and-clearance-r2;claim:reality-first-ordinary-worksite-needs-task-specific-flow-and-clearance-r3;claim:reality-first-ordinary-worksite-needs-task-specific-flow-and-clearance-r4;claim:reality-first-ordinary-worksite-needs-task-specific-flow-and-clearance-r5,data/world-catalogs/novgorod/world-knowledge/production-v1/place-first-cartography.json#environment_families[id=reality_first_practical_conditions].facets[facet=place_rural_work],B,candidate
pff_reality_first_practical_conditions__travel_care_food,pf_reality_first_practical_conditions,travel_care_food,2,facet_use_people;facet_risks_upkeep,supported,15,"Как реальные условия пути, ухода, пищи и животных ограничивают попытку?","Не задаёт маршрут, диагноз, пищу, животное, безопасность или исход.","Редкие медицинские, ветеринарные и дальние дорожные случаи остаются bounded P2.",claim:reality-first-travel-wayfinding-and-exposure-remain-condition-bound-r1;claim:reality-first-travel-wayfinding-and-exposure-remain-condition-bound-r2;claim:reality-first-travel-wayfinding-and-exposure-remain-condition-bound-r3;claim:reality-first-travel-wayfinding-and-exposure-remain-condition-bound-r4;claim:reality-first-travel-wayfinding-and-exposure-remain-condition-bound-r5;claim:reality-first-common-care-and-sanitation-need-observation-and-separation-r1;claim:reality-first-common-care-and-sanitation-need-observation-and-separation-r2;claim:reality-first-common-care-and-sanitation-need-observation-and-separation-r3;claim:reality-first-common-care-and-sanitation-need-observation-and-separation-r4;claim:reality-first-common-care-and-sanitation-need-observation-and-separation-r5;claim:reality-first-food-animal-products-and-care-need-established-inputs-r1;claim:reality-first-food-animal-products-and-care-need-established-inputs-r2;claim:reality-first-food-animal-products-and-care-need-established-inputs-r3;claim:reality-first-food-animal-products-and-care-need-established-inputs-r4;claim:reality-first-food-animal-products-and-care-need-established-inputs-r5,data/world-catalogs/novgorod/world-knowledge/production-v1/place-first-cartography.json#environment_families[id=reality_first_practical_conditions].facets[facet=travel_care_food],B,candidate
pff_rural_yard__ordinary_conditions,pf_rural_yard,ordinary_conditions,1,facet_use_people,supported,1,Какие наблюдаемые условия двора меняют работу без создания хозяйства?,"Не создаёт двор, животное или запас.",Специализированные хозяйственные практики остаются bounded P2.,claim:reality-first-rural-subsistence-storage-and-animal-yard-compete-for-labour-r1,data/world-catalogs/novgorod/world-knowledge/production-v1/place-first-cartography.json#environment_families[id=rural_yard].facets[facet=ordinary_conditions],B,candidate
pff_town_street__paving_and_drainage,pf_town_street,paving_and_drainage,1,facet_ground,supported,5,"Какие покрытия, колеи, грязь, стоки и подсыпки меняют проход пешком, верхом и с телегой? | Что дождь, оттепель и ремонт делают с твёрдостью, лужами и краями улицы?","Не выводить мостовую, ширину или состояние без места и времени.",,claim:urban-pavements;claim:place-outdoors-traffic-wet-ground-and-ruts;claim:foundations-earth2-06-precipitation-infiltration-runoff-limit;claim:static-ground-b05-wet-soil-can-reduce-trafficability-and-rut-under-load;claim:candidate-v2-ice-or-snow-can-be-a-slip-hazard,data/world-catalogs/novgorod/world-knowledge/production-v1/place-first-cartography.json#environment_families[id=town_street].facets[facet=paving_and_drainage],B,candidate
pff_town_street__frontage_and_traffic,pf_town_street,frontage_and_traffic,2,facet_use_people,supported,2,"Какие ворота, лавочные фасады, навесы, телеги, носильщики и животные сужают или открывают путь? | Как различаются утренняя доставка, торг, ночная тишина и праздничная толпа?",Не превращать тип улицы в список обязательных построек.,,claim:settlement-cart-transport;claim:settlement-workshop-street,data/world-catalogs/novgorod/world-knowledge/production-v1/place-first-cartography.json#environment_families[id=town_street].facets[facet=frontage_and_traffic],B,candidate
pff_town_street__senses_and_traces,pf_town_street,senses_and_traces,3,facet_senses_traces,supported,6,"Какие запахи, шумы, дым, свет и линии обзора дают деятельность соседей? | Какие следы уборки, навоза, разгрузки, пожара или недавнего проезда требуют различения?","Конкретные сигналы, освещение и следы принадлежат состоянию сцены; след не доказывает скрытый факт.",,claim:work-waste-context;claim:place-outdoors-activity-sensory-pulses;claim:place-outdoors-cover-opening-and-work-visibility;claim:place-outdoors-clearing-and-trace-renewal;claim:smoke-particles-can-attenuate-light-and-reduce-visibility;claim:sound-background-noise-masks-speech,data/world-catalogs/novgorod/world-knowledge/production-v1/place-first-cartography.json#environment_families[id=town_street].facets[facet=senses_and_traces],B,candidate
pff_town_street__use_and_risk,pf_town_street,use_and_risk,4,facet_risks_upkeep,supported,8,"Какие обычные работы, встречи, доставка и обходы возможны для ребёнка, торговца, стражи и приезжего? | Какие риски дают теснота, скользкость, пожар, лошади и плохая видимость?",Не приписывать право доступа или охрану без owner/policy.,,claim:settlement-cart-transport;claim:candidate-v2-ice-or-snow-can-be-a-slip-hazard;claim:place-community-local-temporary-watch-can-agree-attention-handover-and-signal;claim:population-material-wood-combustion;claim:environment-p1-horse-transport;claim:static-animal-b06-perceived-threat-can-prompt-horse-flight;claim:reconstructed-place-work-hot-heavy-or-moving-work-benefits-from-clearance;claim:place-outdoors-cover-opening-and-work-visibility,data/world-catalogs/novgorod/world-knowledge/production-v1/place-first-cartography.json#environment_families[id=town_street].facets[facet=use_and_risk],B,candidate
pff_market_square__ground_and_stalls,pf_market_square,ground_and_stalls,1,facet_ground,supported,6,"Как открытый грунт, настилы, временные прилавки, навесы и отходы делят площадь? | Как сезонный торг, дождь и уборка меняют проход, сухие места и нагрузку?",Торговые позиции и товары не materialize без causal basis.,,claim:civic-public-market;claim:place-outdoors-traffic-wet-ground-and-ruts;claim:place-outdoors-market-activity-and-empty-intervals;claim:foundations-earth2-06-precipitation-infiltration-runoff-limit;claim:place-outdoors-microterrain-patches;claim:place-outdoors-clearing-and-trace-renewal,data/world-catalogs/novgorod/world-knowledge/production-v1/place-first-cartography.json#environment_families[id=market_square].facets[facet=ground_and_stalls],B,candidate
pff_market_square__goods_people_animals,pf_market_square,goods_people_animals,2,facet_use_people,supported,3,"Какие ordinary грузы, упряжь, вьючные животные и тара нужны для правдоподобного движения товаров? | Какие отношения покупателя, продавца, посредника и возницы важны для действий без фиксированного roster?",Не создавать значимых продавцов или официальный товарный статус.,,claim:domestic-animal-context;claim:rp-market-purchase-relates-proof-participant;claim:place-outdoors-market-activity-and-empty-intervals,data/world-catalogs/novgorod/world-knowledge/production-v1/place-first-cartography.json#environment_families[id=market_square].facets[facet=goods_people_animals],B,candidate
pff_market_square__noise_smell_visibility,pf_market_square,noise_smell_visibility,3,facet_senses_traces,supported,7,"Какие крики, звон, запахи пищи, шерсти, дыма и грязи меняют слышимость речи и обзор? | Что остаётся после закрытия рынка и что исчезает к следующему дню?",Текущий чувственный профиль и сохранность остатков принадлежат состоянию сцены; наблюдаемое не даёт знания о сделках вне восприятия.,,claim:work-waste-context;claim:place-outdoors-activity-sensory-pulses;claim:place-outdoors-market-activity-and-empty-intervals;claim:place-outdoors-cover-opening-and-work-visibility;claim:sound-background-noise-masks-speech;claim:smoke-particles-can-attenuate-light-and-reduce-visibility;claim:place-outdoors-clearing-and-trace-renewal,data/world-catalogs/novgorod/world-knowledge/production-v1/place-first-cartography.json#environment_families[id=market_square].facets[facet=noise_smell_visibility],B,candidate
pff_market_square__commerce_and_hazards,pf_market_square,commerce_and_hazards,4,facet_risks_upkeep,supported,3,"Какие обычные действия: разгрузка, торг, поиск, укрытие, проход, кормление животных — требуют среды? | Какие риски дают давка, кража, спор, огонь, испорченная пища и непогода?",Не моделировать право торговли или цены без отдельного owner.,,claim:civic-public-market;claim:domestic-animal-context;claim:place-outdoors-market-activity-and-empty-intervals,data/world-catalogs/novgorod/world-knowledge/production-v1/place-first-cartography.json#environment_families[id=market_square].facets[facet=commerce_and_hazards],B,candidate
pff_river_wharf__edge_and_mooring,pf_river_wharf,edge_and_mooring,1,facet_ground,supported,4,"Какие берега, сходни, сваи, настилы, канаты и глубины определяют посадку, разгрузку и падение в воду? | Как уровень воды, ледоход и ремонт меняют пригодность края?",Не утверждать судоходные характеристики конкретной точки.,,claim:river-landing-category;claim:river-landing-surfacing-allocation;claim:place-outdoors-shore-working-edge-composition;claim:place-outdoors-microterrain-patches,data/world-catalogs/novgorod/world-knowledge/production-v1/place-first-cartography.json#environment_families[id=river_wharf].facets[facet=edge_and_mooring],B,candidate
pff_river_wharf__cargo_and_labor,pf_river_wharf,cargo_and_labor,2,facet_use_people,supported,4,"Какие виды тары, волочения, носилок, телег и ручного труда нужны для разных грузов? | Как различаются работа грузчика, лодочника, рыбака, покупателя и случайного прохожего?",Груз и владелец требуют существующего source.,,claim:river-landing-market-approaches;claim:population-river-work;claim:place-outdoors-shore-working-edge-composition;claim:place-outdoors-microterrain-patches,data/world-catalogs/novgorod/world-knowledge/production-v1/place-first-cartography.json#environment_families[id=river_wharf].facets[facet=cargo_and_labor],B,candidate
pff_river_wharf__water_senses_and_marks,pf_river_wharf,water_senses_and_marks,3,facet_senses_traces,supported,5,"Какие плеск, скрип, запах тины, рыбы и смолы, туман и отражённый свет влияют на восприятие? | Какие мокрые следы, мусор, зарубки, потёртости и следы швартовки остаются?",След не доказывает конкретное судно или лицо.,,claim:research-flood-can-leave-high-water-mark-types;claim:place-outdoors-activity-sensory-pulses;claim:foundations-earth-27-fog-visibility;claim:place-outdoors-shore-working-edge-composition;claim:place-outdoors-clearing-and-trace-renewal,data/world-catalogs/novgorod/world-knowledge/production-v1/place-first-cartography.json#environment_families[id=river_wharf].facets[facet=water_senses_and_marks],B,candidate
pff_river_wharf__waterfront_risks,pf_river_wharf,waterfront_risks,4,facet_risks_upkeep,supported,4,"Какие риски дают скользкие доски, течение, груз, ледяная вода, ночная темнота и толпа? | Какие сезонные режимы: паводок, мелководье, лёд, навигация — нужны вместо вечной статики?",Не добавлять постоянный режим работы без binding.,,claim:foundations-earth2-11-river-ice-jam-flow-obstruction;claim:candidate-v2-ice-or-snow-can-be-a-slip-hazard;claim:place-outdoors-shore-working-edge-composition;claim:place-outdoors-microterrain-patches,data/world-catalogs/novgorod/world-knowledge/production-v1/place-first-cartography.json#environment_families[id=river_wharf].facets[facet=waterfront_risks],B,candidate
pff_town_courtyard__yard_surface_and_boundaries,pf_town_courtyard,yard_surface_and_boundaries,1,facet_ground,supported,6,"Какие земля, доски, мусор, дрова, заборы, ворота и проходы формируют доступ и работу? | Как снег, дождь и расчистка меняют двор?","Конкретные поверхность, ограды, проходы и их состояние принадлежат сцене; граница двора не заменяет ownership/access check.",,claim:static-ground-b05-wet-soil-can-reduce-trafficability-and-rut-under-load;claim:candidate-v2-ice-or-snow-can-be-a-slip-hazard;claim:place-outdoors-traffic-wet-ground-and-ruts;claim:foundations-earth2-06-precipitation-infiltration-runoff-limit;claim:place-outdoors-clearing-and-trace-renewal;claim:place-outdoors-season-work-space-reallocation,data/world-catalogs/novgorod/world-knowledge/production-v1/place-first-cartography.json#environment_families[id=town_courtyard].facets[facet=yard_surface_and_boundaries],B,candidate
pff_town_courtyard__household_life,pf_town_courtyard,household_life,2,facet_use_people,supported,6,"Какие хозяйственные занятия, сушка, перенос воды, кормление, починка и хранение могут происходить? | Как различаются жильцы, гости, работники и животные в пределах одного двора?",Не выводить состав семьи или имущество автоматически.,,claim:ordinary-life-household-needs-heat-food-storage;claim:domestic-animal-context;claim:place-outdoors-means-upkeep-and-environment;claim:place-outdoors-season-work-space-reallocation;claim:reconstructed-place-upkeep-competes-with-weather-work-and-available-means;claim:place-community-family-marriage-preparation-can-coordinate-ordinary-household-goods-without-transferring-title,data/world-catalogs/novgorod/world-knowledge/production-v1/place-first-cartography.json#environment_families[id=town_courtyard].facets[facet=household_life],B,candidate
pff_town_courtyard__odors_sounds_traces,pf_town_courtyard,odors_sounds_traces,3,facet_senses_traces,supported,5,"Какие дым, пища, навоз, зола, стук и разговоры говорят о текущей работе? | Какие следы выметания, рубки, пролива, ремонта или пребывания животных различимы?",Не превращать бытовой след в hidden evidence.,,claim:domestic-animal-context;claim:place-outdoors-activity-sensory-pulses;claim:place-outdoors-clearing-and-trace-renewal;claim:reconstructed-dwelling-moisture-and-routine-can-leave-changeable-traces;claim:ordinary-life-smith-leaves-scale-ash-offcuts,data/world-catalogs/novgorod/world-knowledge/production-v1/place-first-cartography.json#environment_families[id=town_courtyard].facets[facet=odors_sounds_traces],B,candidate
pff_town_courtyard__domestic_safety,pf_town_courtyard,domestic_safety,4,facet_risks_upkeep,supported,6,"Какие опасности создают открытый огонь, ямы, скользкий лёд, агрессивные животные и теснота? | Какая upkeep: подсыпка, чистка, латание, вывоз — удерживает двор пригодным?","Maintenance — вопрос состояния, не готовое событие.",,claim:candidate-v2-ice-or-snow-can-be-a-slip-hazard;claim:ordinary-life-household-repairs-compete-with-new-goods;claim:population-material-wood-combustion;claim:reconstructed-place-work-hot-heavy-or-moving-work-benefits-from-clearance;claim:place-outdoors-traffic-wet-ground-and-ruts;claim:reconstructed-place-upkeep-competes-with-weather-work-and-available-means,data/world-catalogs/novgorod/world-knowledge/production-v1/place-first-cartography.json#environment_families[id=town_courtyard].facets[facet=domestic_safety],B,candidate
pff_town_wall_edge__earthwork_and_approach,pf_town_wall_edge,earthwork_and_approach,1,facet_ground,supported,2,"Какие откосы, рвы, дорожки, древесина и размывы важны для прохода и обзора? | Как дождь, промерзание и ремонт меняют устойчивость и доступ?",Не заявлять фортификационные детали конкретного города.,,claim:civic-wood-earth-wall;claim:research-freeze-thaw-can-loosen-consolidated-sediment-for-erosion,data/world-catalogs/novgorod/world-knowledge/production-v1/place-first-cartography.json#environment_families[id=town_wall_edge].facets[facet=earthwork_and_approach],B,candidate
pff_town_wall_edge__threshold_traffic,pf_town_wall_edge,threshold_traffic,2,facet_use_people,supported,1,"Какие потоки людей, животных, возов и дров пересекают край в разное время? | Как различаются местный житель, путник, стража и ремонтный работник?",Контроль входа остаётся policy-owned.,,claim:settlement-cart-transport,data/world-catalogs/novgorod/world-knowledge/production-v1/place-first-cartography.json#environment_families[id=town_wall_edge].facets[facet=threshold_traffic],B,candidate
pff_town_wall_edge__open_edge_perception,pf_town_wall_edge,open_edge_perception,3,facet_senses_traces,supported,4,"Какие ветер, пыль, запахи полей, дальний звук и линии видимости отличают край от улицы? | Какие следы прохода, выпаса, ремонта и стока читаются на грунте?","Конкретные ветер, пыль, обзор и следы принадлежат состоянию сцены.",,claim:residual-traces-animal-trace-weather-decay;claim:place-outdoors-cover-opening-and-work-visibility;claim:place-outdoors-clearing-and-trace-renewal;claim:sound-wind-temperature-gradients-refract,data/world-catalogs/novgorod/world-knowledge/production-v1/place-first-cartography.json#environment_families[id=town_wall_edge].facets[facet=open_edge_perception],B,candidate
pff_town_wall_edge__edge_risks_and_upkeep,pf_town_wall_edge,edge_risks_and_upkeep,4,facet_risks_upkeep,supported,1,"Какие риски: обрыв, размокший склон, ночная изоляция, пожар у дерева — нужно различать? | Какая сезонная upkeep нужна, чтобы край не считать неизменным?",Не создавать угрозу без causal trigger.,,claim:research-freeze-thaw-can-loosen-consolidated-sediment-for-erosion,data/world-catalogs/novgorod/world-knowledge/production-v1/place-first-cartography.json#environment_families[id=town_wall_edge].facets[facet=edge_risks_and_upkeep],B,candidate
pff_riverbank__bank_material_and_water,pf_riverbank,bank_material_and_water,1,facet_ground,supported,2,"Какие песок, глина, камень, корни, уступы и глубина у кромки допускают подход и забор воды? | Как течение, паводок, размыв и ледостав меняют берег?",Не выводить качество воды без источника.,,claim:river-flow-affects-sediment-transport-deposition;claim:research-freeze-thaw-can-loosen-consolidated-sediment-for-erosion,data/world-catalogs/novgorod/world-knowledge/production-v1/place-first-cartography.json#environment_families[id=riverbank].facets[facet=bank_material_and_water],B,candidate
pff_riverbank__riparian_life,pf_riverbank,riparian_life,2,facet_use_people,partial,3,"Какие прибрежные растения, насекомые, птицы, рыба и следы животных требуют вероятностной среды? | Какие различия дня, сезона и погоды меняют их заметность?",Конкретные растения и животные принадлежат состоянию/контексту; не превращать fauna в гарантированную добычу.,"Связь прибрежной растительности с проходимостью и укрытием, а света суток — с наблюдаемостью животных.",claim:common-reed-rhizome-produces-stems-in-wetland-habitat;claim:water-temperature-affects-aquatic-organism-range;claim:fauna-animal-partial-migration,data/world-catalogs/novgorod/world-knowledge/production-v1/place-first-cartography.json#environment_families[id=riverbank].facets[facet=riparian_life],B,candidate
pff_riverbank__shore_use_and_marks,pf_riverbank,shore_use_and_marks,3,facet_senses_traces,supported,6,"Какие стирка, водопой, рыбная работа, ночёвка, сбор и проход могут оставлять следы? | Какие отпечатки, кострища, срезы, остатки наживки или вытаптывание требуют происхождения?",Следы не должны фабриковать людей или события.,,claim:population-river-work;claim:residual-traces-animal-trace-types;claim:residual-traces-animal-trace-weather-decay;claim:place-outdoors-shore-working-edge-composition;claim:place-outdoors-microterrain-patches;claim:reconstructed-place-work-vegetation-can-snag-flexible-lines-or-loads,data/world-catalogs/novgorod/world-knowledge/production-v1/place-first-cartography.json#environment_families[id=riverbank].facets[facet=shore_use_and_marks],B,candidate
pff_riverbank__shore_hazards,pf_riverbank,shore_hazards,4,facet_risks_upkeep,supported,4,"Какие риски: обвал, трясина у кромки, холод, течение, пиявки, лёд — зависят от конкретных условий? | Какие средства: шест, лодка, обувь, помощь — меняют попытку без гарантии успеха?",Exact checks принадлежат mechanics owner.,,claim:research-freeze-thaw-can-loosen-consolidated-sediment-for-erosion;claim:candidate-v2-ice-or-snow-can-be-a-slip-hazard;claim:place-outdoors-shore-working-edge-composition;claim:place-outdoors-microterrain-patches,data/world-catalogs/novgorod/world-knowledge/production-v1/place-first-cartography.json#environment_families[id=riverbank].facets[facet=shore_hazards],B,candidate
pff_river_channel__flow_depth_and_ice,pf_river_channel,flow_depth_and_ice,1,facet_ground,supported,2,"Какие течение, глубина, перекаты, заторы, береговые завихрения и лёд нужны для попыток пересечения? | Как сезон, ветер, дождь и таяние меняют воду в пределах суток?",Не давать точные гидрологические числа без authoritative data.,,claim:river-flow-affects-sediment-transport-deposition;claim:foundations-earth2-11-river-ice-jam-flow-obstruction,data/world-catalogs/novgorod/world-knowledge/production-v1/place-first-cartography.json#environment_families[id=river_channel].facets[facet=flow_depth_and_ice],B,candidate
pff_river_channel__watercraft_and_use,pf_river_channel,watercraft_and_use,2,facet_use_people,supported,4,"Какие лодки, вёсла, шесты, сети, грузы и навыки уместны как means, а не обязательные объекты? | Как различаются переправа, лов, перевозка, разведка и спасение?",Наличие плавсредства должно быть materialized причинно.,,claim:population-river-work;claim:river-landing-category;claim:place-outdoors-shore-working-edge-composition;claim:place-outdoors-microterrain-patches,data/world-catalogs/novgorod/world-knowledge/production-v1/place-first-cartography.json#environment_families[id=river_channel].facets[facet=watercraft_and_use],B,candidate
pff_river_channel__water_signals,pf_river_channel,water_signals,3,facet_senses_traces,supported,5,"Какие цвет воды, шум, дрейф, туман, птицы и мусор подсказывают условия наблюдателю? | Какие следы работы сохраняются или уносятся течением?",Наблюдение не заменяет проверку реального состояния.,,claim:river-flow-affects-sediment-transport-deposition;claim:research-flood-can-leave-high-water-mark-types;claim:place-outdoors-shore-working-edge-composition;claim:place-outdoors-activity-sensory-pulses;claim:place-outdoors-clearing-and-trace-renewal,data/world-catalogs/novgorod/world-knowledge/production-v1/place-first-cartography.json#environment_families[id=river_channel].facets[facet=water_signals],B,candidate
pff_river_channel__channel_danger,pf_river_channel,channel_danger,4,facet_risks_upkeep,supported,2,"Какие опасности: переохлаждение, опрокидывание, льдины, гроза, потеря груза — нужны для реалистичного partial result? | Какая upkeep судна и сезонная осторожность меняют риск?",Не симулировать навигацию как фиксированный маршрут.,,claim:foundations-earth2-11-river-ice-jam-flow-obstruction;claim:residual-nature-ice-current-thin-areas,data/world-catalogs/novgorod/world-knowledge/production-v1/place-first-cartography.json#environment_families[id=river_channel].facets[facet=channel_danger],B,candidate
pff_floodplain_meadow__wet_ground_and_growth,pf_floodplain_meadow,wet_ground_and_growth,1,facet_ground,supported,3,"Какие наносы, влажные ложбины, трава, кусты и кочки меняют путь и сбор? | Как половодье, сенокос, засуха и утренний иней меняют поверхность?",Не приписывать конкретные растения без контекста.,,claim:medieval-novgorod-landscape-attests-volkhov-ilmen-woodland-meadow-context;claim:research-flood-can-leave-high-water-mark-types;claim:place-outdoors-microterrain-patches,data/world-catalogs/novgorod/world-knowledge/production-v1/place-first-cartography.json#environment_families[id=floodplain_meadow].facets[facet=wet_ground_and_growth],B,candidate
pff_floodplain_meadow__grazing_and_wildlife,pf_floodplain_meadow,grazing_and_wildlife,2,facet_use_people,supported,2,"Какие выпас, птицы, насекомые, мелкие звери и водные следы могут пересекаться? | Как человек с косой, пастух, ребёнок и путник пользуются разными частями луга?",Не создавать стадо или охотничью цель из вопросника.,,claim:domestic-animal-context;claim:household-scythe-cutting,data/world-catalogs/novgorod/world-knowledge/production-v1/place-first-cartography.json#environment_families[id=floodplain_meadow].facets[facet=grazing_and_wildlife],B,candidate
pff_floodplain_meadow__sight_sound_and_traces,pf_floodplain_meadow,sight_sound_and_traces,3,facet_senses_traces,partial,3,"Как открытый горизонт, ветер в траве, комары, запах сырости и дальние звуки меняют восприятие? | Какие тропы, покос, помёт, волочение и следы воды остаются?",Следы требуют различимой давности и причины.,"Связь открытого луга с ветром, звуком, запахом сырости и сохранностью человеческих следов.",claim:research-flood-can-leave-high-water-mark-types;claim:residual-traces-animal-trace-weather-decay;claim:place-outdoors-clearing-and-trace-renewal,data/world-catalogs/novgorod/world-knowledge/production-v1/place-first-cartography.json#environment_families[id=floodplain_meadow].facets[facet=sight_sound_and_traces],B,candidate
pff_floodplain_meadow__floodplain_risk,pf_floodplain_meadow,floodplain_risk,4,facet_risks_upkeep,supported,2,"Какие скрытые ямы, высокая вода, клещи, мокрая одежда и потеря ориентира актуальны? | Какие сезонные способы ухода: покос, выпас, прокладка тропы — меняют среду?",Не считать уход постоянным без actor/process.,,claim:research-flood-can-leave-high-water-mark-types;claim:household-scythe-cutting,data/world-catalogs/novgorod/world-knowledge/production-v1/place-first-cartography.json#environment_families[id=floodplain_meadow].facets[facet=floodplain_risk],B,candidate
pff_lake_shore__shallows_and_bottom,pf_lake_shore,shallows_and_bottom,1,facet_ground,partial,2,"Какие тростник, ил, песок, камень и перепад глубины определяют вход в воду и лодочный подход? | Как ветер, сезонный уровень и лёд меняют кромку?","Конкретные тростник, дно, глубина, уровень и доступ принадлежат состоянию сцены; не считать каждое озеро одинаковым.",Связь волнения и сезонного уровня воды с пригодностью кромки для подхода.,claim:common-reed-rhizome-produces-stems-in-wetland-habitat;claim:candidate-v2-ice-strength-depends-on-physical-conditions,data/world-catalogs/novgorod/world-knowledge/production-v1/place-first-cartography.json#environment_families[id=lake_shore].facets[facet=shallows_and_bottom],B,candidate
pff_lake_shore__shore_ecology,pf_lake_shore,shore_ecology,2,facet_use_people,partial,5,"Какие водоплавающие птицы, рыба, насекомые, растения и звериные водопои могут быть замечены? | Как рассвет, сумерки, холод и цветение меняют звук и доступность?",Конкретная ecology и доступность принадлежат состоянию сцены; не давать добычу без checks/source.,Связь рассвета и сумерек с наблюдаемостью и звуком прибрежной фауны.,claim:fauna-mallard-wetland-diet;claim:water-temperature-affects-aquatic-organism-range;claim:fauna-animal-partial-migration;claim:place-outdoors-shore-working-edge-composition;claim:place-outdoors-microterrain-patches,data/world-catalogs/novgorod/world-knowledge/production-v1/place-first-cartography.json#environment_families[id=lake_shore].facets[facet=shore_ecology],B,candidate
pff_lake_shore__quiet_water_use,pf_lake_shore,quiet_water_use,3,facet_senses_traces,supported,5,"Какие лов, забор воды, стирка, стоянка, сбор камыша и обход берега требуют разных means? | Какие следы сетей, костра, причала или вытаптывания могут сохраняться?",Не создавать постоянную стоянку без causal basis.,,claim:population-river-work;claim:place-outdoors-shore-working-edge-composition;claim:place-outdoors-microterrain-patches;claim:reconstructed-place-work-vegetation-can-snag-flexible-lines-or-loads;claim:place-outdoors-clearing-and-trace-renewal,data/world-catalogs/novgorod/world-knowledge/production-v1/place-first-cartography.json#environment_families[id=lake_shore].facets[facet=quiet_water_use],B,candidate
pff_lake_shore__lake_hazards,pf_lake_shore,lake_hazards,4,facet_risks_upkeep,supported,2,"Какие туман, холодная вода, тонкий лёд, глубина и вязкий ил опасны разным людям? | Какая сезонная maintenance лодок, троп и берега нужна?",Риск зависит от фактической погоды.,,claim:residual-nature-ice-current-thin-areas;claim:candidate-v2-ice-strength-depends-on-physical-conditions,data/world-catalogs/novgorod/world-knowledge/production-v1/place-first-cartography.json#environment_families[id=lake_shore].facets[facet=lake_hazards],B,candidate
pff_arable_field__soil_crop_and_tools,pf_arable_field,soil_crop_and_tools,1,facet_ground,supported,4,"Какие почва, борозды, стерня, всходы, камни и остатки работ определяют движение и труд? | Как пашня, посев, прополка, жатва и залежь меняют поверхность?",Культура и урожай не предполагаются без профиля.,,claim:regional-agriculture-practice;claim:rural-agriculture-crop-context;claim:household-ploughshare-tillage;claim:place-outdoors-microterrain-patches,data/world-catalogs/novgorod/world-knowledge/production-v1/place-first-cartography.json#environment_families[id=arable_field].facets[facet=soil_crop_and_tools],B,candidate
pff_arable_field__labor_and_animals,pf_arable_field,labor_and_animals,2,facet_use_people,supported,3,"Какие упряжь, плуг, серп, корзины, рабочие животные и помощь нужны разным работам? | Как различаются земледелец, пастух, путник и ребёнок в поле?",Орудия и животные имеют owner/source.,,claim:regional-agriculture-practice;claim:domestic-animal-context;claim:harvest-sickle-crops-grasses,data/world-catalogs/novgorod/world-knowledge/production-v1/place-first-cartography.json#environment_families[id=arable_field].facets[facet=labor_and_animals],B,candidate
pff_arable_field__exposure_and_marks,pf_arable_field,exposure_and_marks,3,facet_senses_traces,partial,2,"Как ветер, пыль, запах земли, открытый обзор, жаворонки и дальние звуки меняют опыт? | Какие следы колёс, копыт, уборки, вредителей и дождя требуют различения?",Не выводить виновника по одному следу.,"Связь открытого поля с ветром, пылью, обзором и читаемостью человеческих/колёсных следов.",claim:residual-traces-animal-trace-types;claim:residual-traces-animal-trace-weather-decay,data/world-catalogs/novgorod/world-knowledge/production-v1/place-first-cartography.json#environment_families[id=arable_field].facets[facet=exposure_and_marks],B,candidate
pff_arable_field__seasonal_pressure,pf_arable_field,seasonal_pressure,4,facet_risks_upkeep,partial,1,"Какие риски дают град, засуха, грязь, ранний мороз, животные и усталость? | Какие работы по межам, дренажу, изгороди и сбору меняют поле со временем?",Не симулировать агрокалендарь без committed process.,"Общие отношения культурных растений с засухой, градом, ранним морозом, животными и сезонным уходом.",claim:rural-agriculture-crop-context,data/world-catalogs/novgorod/world-knowledge/production-v1/place-first-cartography.json#environment_families[id=arable_field].facets[facet=seasonal_pressure],B,candidate
pff_hay_meadow__grass_cut_and_drying,pf_hay_meadow,grass_cut_and_drying,1,facet_ground,supported,6,"Какая высота травы, влажность, валки, копны и ровность земли важны для косьбы и прохода? | Как дождь, роса, ветер и сезон делают сено пригодным или мокрым?",Не считать сенокос уже проведённым.,,claim:household-scythe-cutting;claim:medieval-novgorod-landscape-attests-volkhov-ilmen-woodland-meadow-context;claim:practical-fodder-hay;claim:food-drying-depends-on-humidity-airflow;claim:population-physics-evaporation-humidity;claim:place-outdoors-microterrain-patches,data/world-catalogs/novgorod/world-knowledge/production-v1/place-first-cartography.json#environment_families[id=hay_meadow].facets[facet=grass_cut_and_drying],B,candidate
pff_hay_meadow__workers_means_and_carrying,pf_hay_meadow,workers_means_and_carrying,2,facet_use_people,supported,3,"Какие косы, грабли, вилы, верёвки, носилки и телеги нужны разным масштабам работы? | Как координация людей, детей и животных меняет темп и опасность?",Инструменты/труд не возникают без причины.,,claim:household-scythe-cutting;claim:settlement-cart-transport;claim:domestic-animal-context,data/world-catalogs/novgorod/world-knowledge/production-v1/place-first-cartography.json#environment_families[id=hay_meadow].facets[facet=workers_means_and_carrying],B,candidate
pff_hay_meadow__meadow_signals,pf_hay_meadow,meadow_signals,3,facet_senses_traces,partial,3,"Какие запах срезанной травы, стрёкот, пыльца, открытый свет и следы волочения различимы? | Как вчерашний покос, ночной дождь или выпас меняют читаемые следы?",Не приписывать недавнюю работу конкретному actor.,"Связь покоса, дождя и выпаса с сенокосными следами, запахом и насекомыми.",claim:residual-traces-animal-trace-weather-decay;claim:place-outdoors-clearing-and-trace-renewal;claim:place-outdoors-cover-opening-and-work-visibility,data/world-catalogs/novgorod/world-knowledge/production-v1/place-first-cartography.json#environment_families[id=hay_meadow].facets[facet=meadow_signals],B,candidate
pff_hay_meadow__fodder_risk_and_storage_link,pf_hay_meadow,fodder_risk_and_storage_link,4,facet_risks_upkeep,partial,2,"Какие пожароопасность сухого сена, гроза, порча от воды и усталость требуют последствий? | Как вывоз, укладка и защита от дождя связывают луг с дорогой и амбаром?",Не считать объём заготовки без quantity owner.,Связь сухого сена с пожарным риском и порчей от воды.,claim:ordinary-life-household-needs-heat-food-storage;claim:settlement-cart-transport,data/world-catalogs/novgorod/world-knowledge/production-v1/place-first-cartography.json#environment_families[id=hay_meadow].facets[facet=fodder_risk_and_storage_link],B,candidate
pff_broadleaf_woodland__trees_ground_and_passage,pf_broadleaf_woodland,trees_ground_and_passage,1,facet_ground,supported,4,"Какие лиственные стволы, кустарник, листовой опад, корни, валежник и склоны меняют путь? | Как листва, грязь, снег и бурелом меняют обзор и скорость?",Не перечислять породы как закрытый набор.,,claim:medieval-novgorod-landscape-attests-volkhov-ilmen-woodland-meadow-context;claim:troitsky-gathered-plants-probably-link-to-southern-deciduous-woodland;claim:place-outdoors-forest-structure-and-season;claim:place-outdoors-microterrain-patches,data/world-catalogs/novgorod/world-knowledge/production-v1/place-first-cartography.json#environment_families[id=broadleaf_woodland].facets[facet=trees_ground_and_passage],B,candidate
pff_broadleaf_woodland__forest_life_and_material,pf_broadleaf_woodland,forest_life_and_material,2,facet_use_people,supported,3,"Какие грибы, ягоды, насекомые, птицы, звери и древесный материал могут быть уместны по сезону? | Какие действия: сбор, рубка, поиск, укрытие, охота — требуют реального доступа и средств?",Никакой ресурс не free loot без source transition.,,claim:troitsky-gathered-plants-probably-link-to-southern-deciduous-woodland;claim:agriculture-fauna-hunting-economic-context;claim:place-outdoors-forest-structure-and-season,data/world-catalogs/novgorod/world-knowledge/production-v1/place-first-cartography.json#environment_families[id=broadleaf_woodland].facets[facet=forest_life_and_material],B,candidate
pff_broadleaf_woodland__woodland_perception,pf_broadleaf_woodland,woodland_perception,3,facet_senses_traces,partial,4,"Как шелест, капли, запах перегноя, дым издали, пятнистый свет и эхо меняют слышимость и ориентацию? | Какие следы тропы, среза, зверя, костра и волочения читаемы на разных грунтах?",Не делать следы точной идентификацией.,"Связь лиственного полога и лесного грунта со светом, звуком, запахом и читаемостью следов.",claim:residual-traces-animal-trace-types;claim:residual-traces-animal-trace-weather-decay;claim:place-outdoors-forest-structure-and-season;claim:place-outdoors-clearing-and-trace-renewal,data/world-catalogs/novgorod/world-knowledge/production-v1/place-first-cartography.json#environment_families[id=broadleaf_woodland].facets[facet=woodland_perception],B,candidate
pff_broadleaf_woodland__woodland_hazards_and_care,pf_broadleaf_woodland,woodland_hazards_and_care,4,facet_risks_upkeep,partial,4,"Какие риски: потеря пути, падающее дерево, клещи, огонь, ночной холод — зависят от сезона? | Какая maintenance троп, делянок, кострищ или заготовок может быть причинно видима?",Конкретные hazards и history management принадлежат состоянию; не объявлять лес managed без owner.,"Связь валежника, огня, ночного холода и расчистки с проходимостью и риском.",claim:practical-season-work;claim:work-waste-context;claim:place-outdoors-forest-structure-and-season;claim:place-outdoors-clearing-and-trace-renewal,data/world-catalogs/novgorod/world-knowledge/production-v1/place-first-cartography.json#environment_families[id=broadleaf_woodland].facets[facet=woodland_hazards_and_care],B,candidate
pff_conifer_woodland__needles_roots_and_snow,pf_conifer_woodland,needles_roots_and_snow,1,facet_ground,partial,3,"Как хвоя, смола, сухие ветви, корни, мох и снежный покров меняют опору, огонь и путь? | Как ветер, оттепель и ледяной дождь меняют крону и опасность ветровала?",Не утверждать лесной состав конкретной локации.,"Связь хвойной подстилки, корней, снежного покрова и ветра с опорой, проходимостью и ветровалом.",claim:residual-tree-picea-abies-evergreen-needles;claim:candidate-v2-ice-or-snow-can-be-a-slip-hazard;claim:place-outdoors-forest-structure-and-season,data/world-catalogs/novgorod/world-knowledge/production-v1/place-first-cartography.json#environment_families[id=conifer_woodland].facets[facet=needles_roots_and_snow],B,candidate
pff_conifer_woodland__shelter_material_and_life,pf_conifer_woodland,shelter_material_and_life,2,facet_use_people,partial,4,"Какие укрытие, смолистое топливо, шишки, звериные убежища и птицы требуют сезонной оценки? | Какие способы рубки, переноски, ночёвки и ориентирования зависят от means?",Использование дерева требует прав и conservation.,"Связь хвойного леса с укрытием, топливом и сезонной обычной фауной.",claim:place-ant-workers-tend-immature-stages-and-some-larvae-form-cocoons;claim:place-some-ant-workers-can-carry-immature-brood-during-colony-relocation;claim:residual-tree-picea-abies-cones-brown-at-maturity;claim:place-outdoors-forest-structure-and-season,data/world-catalogs/novgorod/world-knowledge/production-v1/place-first-cartography.json#environment_families[id=conifer_woodland].facets[facet=shelter_material_and_life],B,candidate
pff_conifer_woodland__shade_sound_and_tracks,pf_conifer_woodland,shade_sound_and_tracks,3,facet_senses_traces,partial,2,"Как постоянная тень, запах смолы, глухой настил и капли влияют на видимость и звук? | Какие следы на хвое, снегу и мху быстро исчезают или сохраняются?",Давность следа не угадывать без основания.,"Связь хвойного полога, подстилки и снега с тенью, звуком, следами и их сохранностью.",claim:residual-traces-animal-trace-weather-decay;claim:place-outdoors-forest-structure-and-season,data/world-catalogs/novgorod/world-knowledge/production-v1/place-first-cartography.json#environment_families[id=conifer_woodland].facets[facet=shade_sound_and_tracks],B,candidate
pff_conifer_woodland__coniferous_risks,pf_conifer_woodland,coniferous_risks,4,facet_risks_upkeep,partial,3,"Какие риски: пожар от сухостоя, снежные ветви, темнота, смоляной дым, заблудиться — нужны? | Какая расчистка или выбор тропы делает это место доступнее?","Конкретные hazards, тропа и upkeep принадлежат состоянию; не создавать тропу ради удобства игрока.","Связь сухостоя и хвойной подстилки с пожарным риском, а снеговой нагрузки — с ветвями.",claim:candidate-v2-ice-or-snow-can-be-a-slip-hazard;claim:work-waste-context;claim:place-outdoors-forest-structure-and-season,data/world-catalogs/novgorod/world-knowledge/production-v1/place-first-cartography.json#environment_families[id=conifer_woodland].facets[facet=coniferous_risks],B,candidate
pff_mixed_woodland__patchwork_ground,pf_mixed_woodland,patchwork_ground,1,facet_ground,supported,7,"Какие чередования сухих бугров, сырого мха, листвы, хвои и кустарника меняют локальный маршрут? | Как сезон делает один участок проходимым, другой вязким или скрытым?",No local substrate or route follows.,,claim:wetland-hydric-soil-depends-on-saturation;claim:foundations-earth-07-soil-water-states;claim:static-ground-b05-wet-soil-can-reduce-trafficability-and-rut-under-load;claim:place-outdoors-forest-structure-and-season;claim:place-outdoors-microterrain-patches;claim:residual-nature-snow-melt-refreeze-crust;claim:residual-nature-snow-wind-drift-visibility,data/world-catalogs/novgorod/world-knowledge/production-v1/place-first-cartography.json#environment_families[id=mixed_woodland].facets[facet=patchwork_ground],B,candidate
pff_mixed_woodland__foraging_and_movement,pf_mixed_woodland,foraging_and_movement,2,facet_use_people,supported,6,"Какие разные материалы, корм, укрытия и звериные пути могут пересекаться без inventory whitelist? | Как охотник, сборщик, дровосек и путник читают разные признаки?","Co-occurrence, resource, animal, occupation and access in a specific transition are scene state, not WK facts.",,claim:fauna-mammals-brown-bear-food-driven-movement;claim:troitsky-bilberry-incidence-indicates-northern-heath-clearing-exploitation;claim:ordinary-life-carpenter-works-wood-with-tools;claim:place-outdoors-forest-structure-and-season;claim:reconstructed-place-work-vegetation-can-snag-flexible-lines-or-loads;claim:place-outdoors-clearing-and-trace-renewal,data/world-catalogs/novgorod/world-knowledge/production-v1/place-first-cartography.json#environment_families[id=mixed_woodland].facets[facet=foraging_and_movement],B,candidate
pff_mixed_woodland__changing_signals,pf_mixed_woodland,changing_signals,3,facet_senses_traces,partial,5,"Как смена кроны меняет ветер, свет, запах, звук и дальность зрения? | Какие следы животных и людей обрываются на смене грунта?",Signals do not identify an actor or direction.,"canopy-specific light, sound and scent effects",claim:foundations-earth-27-fog-visibility;claim:research-atmospheric-conditions-affect-smoke-transport-and-dispersion;claim:research-footprint-track-interpretation-can-depend-on-substrate;claim:place-outdoors-forest-structure-and-season;claim:place-outdoors-clearing-and-trace-renewal,data/world-catalogs/novgorod/world-knowledge/production-v1/place-first-cartography.json#environment_families[id=mixed_woodland].facets[facet=changing_signals],B,candidate
pff_mixed_woodland__transition_hazards,pf_mixed_woodland,transition_hazards,4,facet_risks_upkeep,partial,4,"Какие скрытые сырые места, заросли, бурелом и лесной пожар важны на стыках? | Какие maintenance действия могут удерживать лесную тропу, не создавая её по умолчанию?",No hazard or maintained path is assumed.,forest-fire spread and trail-maintenance causal premises,claim:candidate-river-flood-woody-debris-transport-retention-conditional;claim:population-material-wood-decay;claim:population-material-wood-combustion;claim:place-outdoors-forest-structure-and-season,data/world-catalogs/novgorod/world-knowledge/production-v1/place-first-cartography.json#environment_families[id=mixed_woodland].facets[facet=transition_hazards],B,candidate
pff_forest_edge__edge_structure,pf_forest_edge,edge_structure,1,facet_ground,partial,4,"Какие кусты, молодая поросль, канавы, межи, валежник и просветы создают проходимость? | Как расчистка, выпас, пожар и сезонная поросль меняют границу?",No fixed edge line.,"edge regrowth, grazing and clearance effects",claim:candidate-river-flood-woody-debris-transport-retention-conditional;claim:static-ground-b05-wet-soil-can-reduce-trafficability-and-rut-under-load;claim:place-outdoors-forest-structure-and-season;claim:place-outdoors-microterrain-patches,data/world-catalogs/novgorod/world-knowledge/production-v1/place-first-cartography.json#environment_families[id=forest_edge].facets[facet=edge_structure],B,candidate
pff_forest_edge__meeting_of_uses,pf_forest_edge,meeting_of_uses,2,facet_use_people,partial,5,"Какие сбор, выпас, заготовка, наблюдение, укрытие и переход между средами возможны? | Как различаются потребности поля, дороги, лесника, охотника и домашних животных?","Actual users, shared use, conflict and access are scene/social state.","general work traces left by clearance, grazing and gathering",claim:agriculture-fauna-hunting-economic-context;claim:fauna-mammals-ruminant-grazing-selectivity;claim:ordinary-life-fisher-needs-water-and-gear;claim:place-outdoors-forest-structure-and-season;claim:reconstructed-place-work-vegetation-can-snag-flexible-lines-or-loads,data/world-catalogs/novgorod/world-knowledge/production-v1/place-first-cartography.json#environment_families[id=forest_edge].facets[facet=meeting_of_uses],B,candidate
pff_forest_edge__visibility_and_sign,pf_forest_edge,visibility_and_sign,3,facet_senses_traces,partial,6,"Как свет из поля, тень леса, ветер, запахи и птичьи голоса меняют раннее предупреждение? | Какие следы зверя, колёс, рубки и выпаса переходят между субстратами?",No certain direction or identity.,"edge-specific wheel, cutting and grazing trace interpretation",claim:foundations-earth-27-fog-visibility;claim:residual-traces-animal-trace-types;claim:research-footprint-track-interpretation-can-depend-on-substrate;claim:place-outdoors-forest-structure-and-season;claim:place-outdoors-clearing-and-trace-renewal;claim:place-outdoors-cover-opening-and-work-visibility,data/world-catalogs/novgorod/world-knowledge/production-v1/place-first-cartography.json#environment_families[id=forest_edge].facets[facet=visibility_and_sign],B,candidate
pff_forest_edge__edge_risks,pf_forest_edge,edge_risks,4,facet_risks_upkeep,partial,5,"Какие риски: внезапный ветер, огонь, засада, потеря вещи в кустах, клещи — требуют contextual resolution? | Какая обрезка, изгородь или тропа меняет край и оставляет work traces?",No threat or fence is created.,pruning/fence work traces and fire spread,claim:fauna-tick-questing;claim:population-material-wood-combustion;claim:static-weather-b06-typical-advancing-cloud-sequence-can-warn-of-approaching-rain-and-increasing-wind;claim:place-outdoors-forest-structure-and-season;claim:reconstructed-place-work-vegetation-can-snag-flexible-lines-or-loads,data/world-catalogs/novgorod/world-knowledge/production-v1/place-first-cartography.json#environment_families[id=forest_edge].facets[facet=edge_risks],B,candidate
pff_bog__peat_water_and_footing,pf_bog,peat_water_and_footing,1,facet_ground,partial,4,"Какие торф, мох, кочки, открытая вода, сплавина и вязкая почва меняют вес, шаг и маршрут? | Как засуха, дождь, заморозок и снег делают риск иначе?",Bog is not automatically impassable.,"peat, hummock, floating-mat and seasonal freeze-thaw behaviour",claim:wetland-hydric-soil-depends-on-saturation;claim:foundations-earth-07-soil-water-states;claim:residual-nature-snow-grain-compaction;claim:place-outdoors-microterrain-patches,data/world-catalogs/novgorod/world-knowledge/production-v1/place-first-cartography.json#environment_families[id=bog].facets[facet=peat_water_and_footing],B,candidate
pff_bog__wetland_life_and_material,pf_bog,wetland_life_and_material,2,facet_use_people,partial,4,"Какие мхи, ягоды, насекомые, птицы, лягушки и сырой древесный материал могут быть релевантны? | Какие сбор, обход, охота или поиск требуют средств и времени?",No taxon or resource presence.,"bog-specific moss, amphibian, bird and wet-wood relations",claim:troitsky-bilberry-incidence-indicates-northern-heath-clearing-exploitation;claim:fauna-dragonfly-foodweb;claim:static-phragmites-australis-modern-native-range-includes-northwest-european-russia;claim:place-peat-cutting-can-use-turning-and-loose-stacking-to-expose-material-for-further-air-drying,data/world-catalogs/novgorod/world-knowledge/production-v1/place-first-cartography.json#environment_families[id=bog].facets[facet=wetland_life_and_material],B,candidate
pff_bog__bog_perception,pf_bog,bog_perception,3,facet_senses_traces,partial,3,"Как туман, запах торфа, комары, приглушённый звук и однообразный горизонт меняют ориентацию? | Какие следы быстро заливает вода, а какие остаются на кочках?",Atmosphere is not danger proof.,water-overwriting of traces and bog acoustics,claim:foundations-earth-27-fog-visibility;claim:residual-nature-stars-horizon-navigation;claim:research-footprint-track-interpretation-can-depend-on-substrate,data/world-catalogs/novgorod/world-knowledge/production-v1/place-first-cartography.json#environment_families[id=bog].facets[facet=bog_perception],B,candidate
pff_bog__wetland_hazards_and_routes,pf_bog,wetland_hazards_and_routes,4,facet_risks_upkeep,partial,3,"Какие утопание, переохлаждение, потеря груза, дым от огня и отсутствие опор опасны? | Какие жерди, настилы, проводник и upkeep перехода могут снижать риск?","Actual pole, boardwalk, guide, route condition and crossing safety are scene state.",general consequences of repeated wetland crossing on simple temporary supports,claim:research-cold-water-immersion-can-impair-muscle-control;claim:candidate-physiology-v3-drowning-respiratory-impairment;claim:force-contact-geometry,data/world-catalogs/novgorod/world-knowledge/production-v1/place-first-cartography.json#environment_families[id=bog].facets[facet=wetland_hazards_and_routes],B,candidate
pff_marshy_stream__channel_and_margins,pf_marshy_stream,channel_and_margins,1,facet_ground,partial,3,"Какие ручей, промоины, камни, ил, ольшаник и мокрые берега прерывают путь? | Как ливень, замерзание и бобровая деятельность при наличии меняют поток?","Actual channel morphology, water level, beaver and margin are scene state.",general small-channel obstruction and bank-change relations,claim:foundations-earth2-06-precipitation-infiltration-runoff-limit;claim:research-freeze-thaw-can-loosen-consolidated-sediment-for-erosion;claim:white-willow-depends-on-moist-lit-riparian-habitat,data/world-catalogs/novgorod/world-knowledge/production-v1/place-first-cartography.json#environment_families[id=marshy_stream].facets[facet=channel_and_margins],B,candidate
pff_marshy_stream__water_edge_use,pf_marshy_stream,water_edge_use,2,facet_use_people,partial,5,"Какие забор воды, переправа, поиск корма, лов мелочи и прокладка тропы возможны? | Какие средства: камни, жердь, сапоги, мосток — требуют физической проверки?",No bridge or safe crossing.,small-stream crossing and water-collection practice,claim:force-contact-geometry;claim:foundations-phys-04-fluid-viscous-resistance;claim:ordinary-life-fisher-needs-water-and-gear;claim:place-outdoors-shore-working-edge-composition;claim:place-outdoors-microterrain-patches,data/world-catalogs/novgorod/world-knowledge/production-v1/place-first-cartography.json#environment_families[id=marshy_stream].facets[facet=water_edge_use],B,candidate
pff_marshy_stream__small_corridor_signals,pf_marshy_stream,small_corridor_signals,3,facet_senses_traces,partial,3,"Как журчание, сырость, густая растительность, тень и следы у воды меняют слышимость/обзор? | Какие выдры, птицы, насекомые или следы копыт следует рассматривать только как условия?",No animal presence.,corridor sound/cover and context-specific traces,claim:foundations-earth-27-fog-visibility;claim:fauna-mammals-european-otter-solitary-crepuscular;claim:fauna-tick-questing,data/world-catalogs/novgorod/world-knowledge/production-v1/place-first-cartography.json#environment_families[id=marshy_stream].facets[facet=small_corridor_signals],B,candidate
pff_marshy_stream__stream_risk_and_care,pf_marshy_stream,stream_risk_and_care,4,facet_risks_upkeep,partial,5,"Какие скольжение, быстрый подъём воды, подмыв и насекомые создают hazards? | Какая расчистка, настил и обход требуют maintenance history?",No maintained path.,drainage clearing and crossing upkeep,claim:static-ground-b05-wet-soil-can-reduce-trafficability-and-rut-under-load;claim:foundations-haz-05-slope-water-triggers;claim:research-cold-water-immersion-can-impair-muscle-control;claim:place-outdoors-shore-working-edge-composition;claim:place-outdoors-microterrain-patches,data/world-catalogs/novgorod/world-knowledge/production-v1/place-first-cartography.json#environment_families[id=marshy_stream].facets[facet=stream_risk_and_care],B,candidate
pff_village_lane__rut_and_verge,pf_village_lane,rut_and_verge,1,facet_ground,partial,5,"Какие колеи, глина, песок, лужи, трава по краям и канавы определяют ходьбу и воз? | Как сезонные перевозки, дождь, мороз и подсыпка меняют покрытие?",No width or current quality.,"lane drainage, surfacing and seasonal maintenance",claim:static-ground-b05-wet-soil-can-reduce-trafficability-and-rut-under-load;claim:candidate-v2-ice-or-snow-can-be-a-slip-hazard;claim:foundations-earth2-06-precipitation-infiltration-runoff-limit;claim:place-outdoors-traffic-wet-ground-and-ruts;claim:reconstructed-place-upkeep-competes-with-weather-work-and-available-means,data/world-catalogs/novgorod/world-knowledge/production-v1/place-first-cartography.json#environment_families[id=village_lane].facets[facet=rut_and_verge],B,candidate
pff_village_lane__daily_traffic,pf_village_lane,daily_traffic,2,facet_use_people,supported,7,"Какие люди, скот, телеги, дрова, вода и хозяйственные грузы встречаются в разное время? | Как ребёнок, старик, всадник и возница проходят один и тот же узкий участок?","Текущие люди, грузы и расписание задаются сценой. Повторное движение, его следы, смена хозяйственной работы и согласованный проход покрыты качественно; это не полный roster деревни.",,claim:environment-p1-horse-transport;claim:settlement-cart-transport;claim:ordinary-life-fisher-needs-water-and-gear;claim:place-outdoors-traffic-wet-ground-and-ruts;claim:place-outdoors-season-work-space-reallocation;claim:reconstructed-place-work-hot-heavy-or-moving-work-benefits-from-clearance;claim:place-community-funeral-transfer-can-require-coordinated-carrying-and-passage,data/world-catalogs/novgorod/world-knowledge/production-v1/place-first-cartography.json#environment_families[id=village_lane].facets[facet=daily_traffic],B,candidate
pff_village_lane__lane_senses_and_marks,pf_village_lane,lane_senses_and_marks,3,facet_senses_traces,partial,6,"Какие лай собак, дым, навоз, голоса, пыль и огни дворов слышны/видны? | Какие следы колёс, копыт, босых ног, выгула и чистки требуют различения?",Traces do not reveal private life.,wheel/hoof/household-trace differentiation,claim:residual-traces-animal-trace-types;claim:research-footprint-track-interpretation-can-depend-on-substrate;claim:research-atmospheric-conditions-affect-smoke-transport-and-dispersion;claim:place-outdoors-activity-sensory-pulses;claim:place-outdoors-traffic-wet-ground-and-ruts;claim:place-outdoors-clearing-and-trace-renewal,data/world-catalogs/novgorod/world-knowledge/production-v1/place-first-cartography.json#environment_families[id=village_lane].facets[facet=lane_senses_and_marks],B,candidate
pff_village_lane__lane_hazards_upkeep,pf_village_lane,lane_hazards_upkeep,4,facet_risks_upkeep,partial,5,"Какие грязь, лёд, выбоины, бегущий скот и ночная темнота создают hazards? | Какие расчистка, канавы, подсыпка и ремонт дают maintenance variation?",No upkeep completion.,"ditch, filling and repair work consequences",claim:candidate-v2-ice-or-snow-can-be-a-slip-hazard;claim:static-ground-b05-wet-soil-can-reduce-trafficability-and-rut-under-load;claim:place-outdoors-traffic-wet-ground-and-ruts;claim:reconstructed-place-upkeep-competes-with-weather-work-and-available-means;claim:place-outdoors-cover-opening-and-work-visibility,data/world-catalogs/novgorod/world-knowledge/production-v1/place-first-cartography.json#environment_families[id=village_lane].facets[facet=lane_hazards_upkeep],B,candidate
pff_peasant_homestead__plot_and_utility,pf_peasant_homestead,plot_and_utility,1,facet_ground,supported,7,"Какие двор, ограда, колодец, поленница, огород, навозная куча и проходы разделяют работы? | Как сезонные запасы, дождь, снег и уборка меняют пространство?","Plot layout, current drainage, manure, stock and wealth are scene state.",,claim:settlement-log-building-form;claim:settlement-underfloor-storage;claim:agriculture-fauna-tow-log-gaps;claim:place-outdoors-season-work-space-reallocation;claim:place-outdoors-traffic-wet-ground-and-ruts;claim:foundations-earth2-06-precipitation-infiltration-runoff-limit;claim:place-outdoors-microterrain-patches,data/world-catalogs/novgorod/world-knowledge/production-v1/place-first-cartography.json#environment_families[id=peasant_homestead].facets[facet=plot_and_utility],B,candidate
pff_peasant_homestead__household_cycles,pf_peasant_homestead,household_cycles,2,facet_use_people,supported,8,"Какие готовка, вода, кормление, починка, прядение, заготовка и уход за детьми требуют среды? | Как роли жильца, гостя, работника и животного дают разные видимые маршруты?","Household members, cycles, child care and work allocation are scene state.",,claim:food-practices-rye-flour-bread;claim:ordinary-life-apprentice-learns-and-assists;claim:animal-care-needs-presence;claim:place-outdoors-means-upkeep-and-environment;claim:place-outdoors-season-work-space-reallocation;claim:reconstructed-place-upkeep-competes-with-weather-work-and-available-means;claim:reconstructed-place-work-wet-hot-dry-tasks-can-require-sequencing;claim:reconstructed-dwelling-interior-tasks-adjust-to-space-heat-and-attention,data/world-catalogs/novgorod/world-knowledge/production-v1/place-first-cartography.json#environment_families[id=peasant_homestead].facets[facet=household_cycles],B,candidate
pff_peasant_homestead__domestic_signals,pf_peasant_homestead,domestic_signals,3,facet_senses_traces,supported,7,"Какие дым, пар, пища, навоз, стук, животные и свет из окон меняются днём/ночью? | Какие следы колки дров, стирки, выноса золы и ремонта можно наблюдать?",No intent from traces.,,claim:research-fuel-burning-stoves-can-add-indoor-water-vapour;claim:ordinary-life-smith-leaves-scale-ash-offcuts;claim:population-material-wood-combustion;claim:place-outdoors-activity-sensory-pulses;claim:place-outdoors-clearing-and-trace-renewal;claim:reconstructed-dwelling-interior-light-and-air-change-with-opening-weather-and-fuel;claim:reconstructed-place-work-process-residue-can-differ-by-material-work,data/world-catalogs/novgorod/world-knowledge/production-v1/place-first-cartography.json#environment_families[id=peasant_homestead].facets[facet=domestic_signals],B,candidate
pff_peasant_homestead__homestead_risk_and_care,pf_peasant_homestead,homestead_risk_and_care,4,facet_risks_upkeep,partial,6,"Какие пожар, падение в колодец, скользкий двор, хищник для птицы и порча запасов требуют context? | Какая maintenance ограды, крыши, дренажа и чистоты должна влиять на состояние?",Access and property stay code-owned.,"well, poultry-predator and yard sanitation risks",claim:household-roof-local-condition-guides-repair;claim:water-can-cool-class-a-fire-fuel-and-flame;claim:static-ground-b05-wet-soil-can-reduce-trafficability-and-rut-under-load;claim:place-outdoors-means-upkeep-and-environment;claim:place-outdoors-season-work-space-reallocation;claim:reconstructed-place-upkeep-competes-with-weather-work-and-available-means,data/world-catalogs/novgorod/world-knowledge/production-v1/place-first-cartography.json#environment_families[id=peasant_homestead].facets[facet=homestead_risk_and_care],B,candidate
pff_outbuildings__structure_and_storage,pf_outbuildings,structure_and_storage,1,facet_ground,partial,4,"Какие стены, пол, порог, крыша, стойла, полки и запоры меняют доступ, сухость и вместимость? | Как сырость, снег, вредители и починка влияют на их состояние?","Actual threshold, stall, shelf, lock, inventory and stock are scene state.",general enclosed wood moisture/ventilation interaction,claim:settlement-wood-building;claim:foundations-mat-07-wood-storage-biological-damage;claim:household-roof-layers-shed-water;claim:reconstructed-place-work-spilled-dry-goods-can-increase-floor-level-pest-access,data/world-catalogs/novgorod/world-knowledge/production-v1/place-first-cartography.json#environment_families[id=outbuildings].facets[facet=structure_and_storage],B,candidate
pff_outbuildings__animal_and_work_use,pf_outbuildings,animal_and_work_use,2,facet_use_people,partial,11,"Какие стойловое содержание, доение, кормление, перенос, сушка или хранение уместны в разных строениях? | Как человек и животное взаимно ограничивают место и время работы?",No animal presence.,building-specific animal use and work timing,claim:place-brief-domestic-fowl-examination-supports-body-and-folded-wings-without-chest-compression;claim:place-poultry-observable-emergency-signs-bound-casual-examination;claim:place-cats-can-use-secluded-or-elevated-hiding-places;claim:place-equine-feet-bear-weight-absorb-shock-and-provide-traction;claim:place-basic-equine-hoof-cleaning-can-remove-debris-around-the-frog;claim:place-rock-pigeons-can-use-sheltered-built-sites-and-congregate-around-food;claim:place-domestic-geese-can-move-as-a-flock-when-herded;claim:place-poultry-approach-and-movement-can-affect-response-without-guaranteed-control;claim:animal-care-needs-presence;claim:practical-fodder-hay;claim:ordinary-life-carpenter-works-wood-with-tools,data/world-catalogs/novgorod/world-knowledge/production-v1/place-first-cartography.json#environment_families[id=outbuildings].facets[facet=animal_and_work_use],B,candidate
pff_outbuildings__enclosed_senses_and_traces,pf_outbuildings,enclosed_senses_and_traces,3,facet_senses_traces,partial,3,"Какие сено, навоз, дерево, плесень, писк, дыхание и слабый свет меняют восприятие? | Какие следы когтей, кормления, пролива, ремонта и вредителей сохраняются?",No hidden contents.,pest and enclosed-space trace interpretation,claim:population-material-wood-decay;claim:research-fuel-burning-stoves-can-add-indoor-water-vapour;claim:residual-traces-animal-trace-types,data/world-catalogs/novgorod/world-knowledge/production-v1/place-first-cartography.json#environment_families[id=outbuildings].facets[facet=enclosed_senses_and_traces],B,candidate
pff_outbuildings__confined_risk_and_upkeep,pf_outbuildings,confined_risk_and_upkeep,4,facet_risks_upkeep,partial,7,"Какие огонь, пыль, обрушение, укусы, запертость и скользкий пол опасны? | Какая чистка, подстилка, проветривание и латание меняют пригодность?",Maintenance is not state.,"dust, bite, collapse and cleaning effects",claim:population-material-wood-combustion;claim:research-carbon-monoxide-can-accumulate-indoors;claim:candidate-v2-ice-or-snow-can-be-a-slip-hazard;claim:place-outdoors-means-upkeep-and-environment;claim:place-outdoors-season-work-space-reallocation;claim:reconstructed-place-upkeep-competes-with-weather-work-and-available-means;claim:reconstructed-place-work-spilled-dry-goods-can-increase-floor-level-pest-access,data/world-catalogs/novgorod/world-knowledge/production-v1/place-first-cartography.json#environment_families[id=outbuildings].facets[facet=confined_risk_and_upkeep],B,candidate
pff_cellar_granary__temperature_dryness_and_containers,pf_cellar_granary,temperature_dryness_and_containers,1,facet_ground,supported,4,"Какие земляной холод, вентиляция, полки, бочки, мешки и защита от влаги определяют хранение? | Как сезон, протечка и проветривание меняют сохранность?",Inventory remains authoritative. container and cellar-specific thermal variation,,claim:place-salt-moisture-at-particle-contacts-can-cake-through-dissolution-and-recrystallization;claim:stored-grain-condition-depends-on-temperature-moisture;claim:stored-grain-airflow-can-reduce-temperature-differences;claim:stored-grain-temperature-gradient-can-migrate-moisture,data/world-catalogs/novgorod/world-knowledge/production-v1/place-first-cartography.json#environment_families[id=cellar_granary].facets[facet=temperature_dryness_and_containers],B,candidate
pff_cellar_granary__handling_and_access,pf_cellar_granary,handling_and_access,2,facet_use_people,supported,7,"Какие перенос, взвешивание, перебор, закладка и выдача требуют света, тары и людей? | Как различаются хозяин, работник, гость и вредитель как источник риска?","Actual light, tare, owner, access and contents are scene state.",,claim:measurement-grain-mass-volume-density;claim:practical-food-grain-storage;claim:settlement-underfloor-storage;claim:reconstructed-place-work-spilled-dry-goods-can-increase-floor-level-pest-access;claim:reconstructed-dwelling-shelter-food-and-care-shape-small-life-opportunity;claim:reconstructed-place-work-hot-heavy-or-moving-work-benefits-from-clearance;claim:place-outdoors-cover-opening-and-work-visibility,data/world-catalogs/novgorod/world-knowledge/production-v1/place-first-cartography.json#environment_families[id=cellar_granary].facets[facet=handling_and_access],B,candidate
pff_cellar_granary__storage_signals,pf_cellar_granary,storage_signals,3,facet_senses_traces,partial,3,"Какие запах зерна, дыма, плесени, кислого, прохлада, шорох и темнота наблюдаемы? | Какие следы мышей, просыпи, воды, перетаскивания и ремонта требуют оценки?",No spoilage asserted.,"mould, rodent and odour diagnostic signals",claim:stored-grain-condition-depends-on-temperature-moisture;claim:research-fuel-burning-stoves-can-add-indoor-water-vapour;claim:reconstructed-place-work-spilled-dry-goods-can-increase-floor-level-pest-access,data/world-catalogs/novgorod/world-knowledge/production-v1/place-first-cartography.json#environment_families[id=cellar_granary].facets[facet=storage_signals],B,candidate
pff_cellar_granary__preservation_hazards,pf_cellar_granary,preservation_hazards,4,facet_risks_upkeep,partial,4,"Какие пожар, сырость, плесень, вредители, падение с лестницы и запертый воздух требуют outcomes? | Какая maintenance: просушка, чистка, починка тары — предотвращает, но не отменяет риски?",No decorative stock.,stored-food pests and mould controls,claim:food-preservation-qualitative;claim:water-can-cool-class-a-fire-fuel-and-flame;claim:household-roof-local-condition-guides-repair;claim:reconstructed-place-work-spilled-dry-goods-can-increase-floor-level-pest-access,data/world-catalogs/novgorod/world-knowledge/production-v1/place-first-cartography.json#environment_families[id=cellar_granary].facets[facet=preservation_hazards],B,candidate
pff_bathhouse__heat_water_and_material,pf_bathhouse,heat_water_and_material,1,facet_ground,supported,3,"Какие печь, камни, вода, пол, пар, веники и дрова определяют работу помещения? | Как топка, проветривание, мороз и сырость меняют температуру и скольжение?","Generic heat, water, combustion and ventilation premises compose the qualitative steam/floor context; actual bathhouse, heating, water and surface state are scene state.",,claim:bathing-house-heating-before-washing;claim:bathing-washing-water;claim:population-material-wood-combustion,data/world-catalogs/novgorod/world-knowledge/production-v1/place-first-cartography.json#environment_families[id=bathhouse].facets[facet=heat_water_and_material],B,candidate
pff_bathhouse__washing_and_labor,pf_bathhouse,washing_and_labor,2,facet_use_people,partial,5,"Какие мытьё, перенос воды, топка, стирка, отдых и уборка требуют места и времени? | Как различаются пользователь, топящий и человек с ограниченной подвижностью?",No absolute privacy.,"water carrying, cleaning and mobility context",claim:bathing-washing-water;claim:bathing-house-heating-before-washing;claim:place-outdoors-means-upkeep-and-environment;claim:place-outdoors-season-work-space-reallocation;claim:reconstructed-place-upkeep-competes-with-weather-work-and-available-means,data/world-catalogs/novgorod/world-knowledge/production-v1/place-first-cartography.json#environment_families[id=bathhouse].facets[facet=washing_and_labor],B,candidate
pff_bathhouse__steam_and_marks,pf_bathhouse,steam_and_marks,3,facet_senses_traces,supported,3,"Как пар, треск дров, запах дыма/мыла, слабый свет и конденсат меняют обзор и звук? | Какие мокрые следы, зола, расход дров и следы чистки остаются?","Generic steam, condensation and sound premises compose this context; observed traces do not identify a person or conversation.",,claim:research-fuel-burning-stoves-can-add-indoor-water-vapour;claim:research-increased-ventilation-can-help-reduce-condensation;claim:foundations-physical-b2-snd-01-sound-source-vibration,data/world-catalogs/novgorod/world-knowledge/production-v1/place-first-cartography.json#environment_families[id=bathhouse].facets[facet=steam_and_marks],B,candidate
pff_bathhouse__bathhouse_hazards,pf_bathhouse,bathhouse_hazards,4,facet_risks_upkeep,partial,3,"Какие ожоги, дым, угар, поскальзывание, пожар и холод после выхода требуют реалистичной попытки? | Какая maintenance печи, дымохода, пола и воды влияет на риск?",Exact health mechanics elsewhere.,wet-floor slip and post-exit cold interaction,claim:static-minor-thermal-burn-first-aid-is-cool-water-and-no-adherent-removal-or-grease;claim:research-carbon-monoxide-can-accumulate-indoors;claim:water-can-cool-class-a-fire-fuel-and-flame,data/world-catalogs/novgorod/world-knowledge/production-v1/place-first-cartography.json#environment_families[id=bathhouse].facets[facet=bathhouse_hazards],B,candidate
pff_smithy__forge_material_and_layout,pf_smithy,forge_material_and_layout,1,facet_ground,supported,6,"Какие горн, наковальня, меха, уголь, вода, металл, верстак и проходы нужны для разных работ? | Как топливо, износ и ремонт меняют возможность процесса?",No tools or metal without source.,,claim:ordinary-life-smith-anvil-hammer-tongs;claim:fuel-charcoal-metallurgy-fuel;claim:static-forge-welding-requires-heated-pressed-interface;claim:reconstructed-place-work-process-residue-can-differ-by-material-work;claim:place-outdoors-activity-sensory-pulses;claim:reconstructed-place-work-smithy-can-conditionally-link-forge-bellows-anvil-and-quench,data/world-catalogs/novgorod/world-knowledge/production-v1/place-first-cartography.json#environment_families[id=smithy].facets[facet=forge_material_and_layout],B,candidate
pff_smithy__craft_labor_and_flow,pf_smithy,craft_labor_and_flow,2,facet_use_people,partial,6,"Какие ковка, нагрев, охлаждение, правка, перенос и ожидание требуют времени и навыка? | Как кузнец, помощник, заказчик и животные по-разному взаимодействуют с пространством?",Mechanics owner remains primary.,time/skill/workflow relations,claim:static-forge-welding-pressure-depends-on-temperature-and-material;claim:metal-properties-depend-on-state;claim:ordinary-life-smith-anvil-hammer-tongs;claim:reconstructed-place-work-hot-heavy-or-moving-work-benefits-from-clearance;claim:reconstructed-place-work-wet-hot-dry-tasks-can-require-sequencing;claim:reconstructed-place-work-smithy-can-conditionally-link-forge-bellows-anvil-and-quench,data/world-catalogs/novgorod/world-knowledge/production-v1/place-first-cartography.json#environment_families[id=smithy].facets[facet=craft_labor_and_flow],B,candidate
pff_smithy__fire_sounds_and_residue,pf_smithy,fire_sounds_and_residue,3,facet_senses_traces,supported,8,"Какие звон, меха, дым, жар, угольная пыль и искры влияют на восприятие? | Какие окалина, зола, обрезки, следы волочения и копоти могут остаться?",Residue proves no product.,,claim:ordinary-life-smith-leaves-scale-ash-offcuts;claim:foundations-physical-b2-snd-01-sound-source-vibration;claim:population-material-wood-combustion;claim:reconstructed-place-work-hot-heavy-or-moving-work-benefits-from-clearance;claim:reconstructed-place-work-wet-hot-dry-tasks-can-require-sequencing;claim:reconstructed-place-work-process-residue-can-differ-by-material-work;claim:place-outdoors-activity-sensory-pulses;claim:reconstructed-place-work-smithy-can-conditionally-link-forge-bellows-anvil-and-quench,data/world-catalogs/novgorod/world-knowledge/production-v1/place-first-cartography.json#environment_families[id=smithy].facets[facet=fire_sounds_and_residue],B,candidate
pff_smithy__forge_hazards_and_upkeep,pf_smithy,forge_hazards_and_upkeep,4,facet_risks_upkeep,partial,6,"Какие ожоги, пожар, дым, тяжёлый груз, шум и осколки требуют consequences? | Какая upkeep горна, крыши, воды и инструмента меняет безопасность?",No throughput model.,"heavy-load, noise and forge-upkeep risk",claim:static-burn-severity-or-location-red-flags-need-urgent-qualified-care;claim:research-carbon-monoxide-can-accumulate-indoors;claim:population-material-wood-combustion;claim:reconstructed-place-work-hot-heavy-or-moving-work-benefits-from-clearance;claim:reconstructed-place-work-wet-hot-dry-tasks-can-require-sequencing;claim:reconstructed-place-work-smithy-can-conditionally-link-forge-bellows-anvil-and-quench,data/world-catalogs/novgorod/world-knowledge/production-v1/place-first-cartography.json#environment_families[id=smithy].facets[facet=forge_hazards_and_upkeep],B,candidate
pff_mill__power_water_and_mechanism,pf_mill,power_water_and_mechanism,1,facet_ground,partial,4,"Какие поток/ветер, колесо, жернова, лотки, помост и мука определяют работу и подход? | Как уровень воды, мороз, штиль и ремонт меняют доступность?",No drive type.,"water/wind mill mechanism, frost and maintenance",claim:milling-grain-compression-shear-fracture;claim:foundations-phys-04-fluid-viscous-resistance;claim:stored-grain-condition-depends-on-temperature-moisture;claim:reconstructed-place-work-mill-operation-depends-on-drive-moving-parts-and-servicing,data/world-catalogs/novgorod/world-knowledge/production-v1/place-first-cartography.json#environment_families[id=mill].facets[facet=power_water_and_mechanism],B,candidate
pff_mill__milling_labor_and_queue,pf_mill,milling_labor_and_queue,2,facet_use_people,partial,6,"Какие зерно, мешки, измерение, перенос, ожидание и работа мельника образуют ordinary flow? | Как заказчик, работник, животное и ребёнок сталкиваются с движущимися частями?",No tariff/right.,"queue, carrying and moving-part access",claim:measurement-grain-mass-volume-density;claim:milling-plate-gap-pressure-fineness;claim:occupation-directed-grain-procurement;claim:reconstructed-place-work-hot-heavy-or-moving-work-benefits-from-clearance;claim:reconstructed-place-work-wet-hot-dry-tasks-can-require-sequencing;claim:reconstructed-place-work-mill-operation-depends-on-drive-moving-parts-and-servicing,data/world-catalogs/novgorod/world-knowledge/production-v1/place-first-cartography.json#environment_families[id=mill].facets[facet=milling_labor_and_queue],B,candidate
pff_mill__mill_senses_and_traces,pf_mill,mill_senses_and_traces,3,facet_senses_traces,supported,6,"Какие гул, скрип, мучная пыль, влажность, запах зерна и вибрация меняют ощущение места? | Какие просыпи, следы мешков, вода и следы обслуживания читаемы?","Generic sound, grain and moisture premises compose perception; actual vibration, dust, volume and maintenance traces are scene state.",,claim:foundations-physical-b2-snd-01-sound-source-vibration;claim:grain-processing-bread-ground-plant-base;claim:stored-grain-condition-depends-on-temperature-moisture;claim:reconstructed-place-work-process-residue-can-differ-by-material-work;claim:place-outdoors-activity-sensory-pulses;claim:reconstructed-place-work-mill-operation-depends-on-drive-moving-parts-and-servicing,data/world-catalogs/novgorod/world-knowledge/production-v1/place-first-cartography.json#environment_families[id=mill].facets[facet=mill_senses_and_traces],B,candidate
pff_mill__mill_hazards,pf_mill,mill_hazards,4,facet_risks_upkeep,partial,6,"Какие захват одеждой, падение в воду, пыль, тяжесть камня и пожар опасны? | Какая maintenance желобов, колеса, крыши и жерновов влияет на риск?",Exact mechanism owner.,"entanglement, water-fall and dust hazards",claim:force-contact-geometry;claim:population-physics-load-deformation;claim:water-can-cool-class-a-fire-fuel-and-flame;claim:reconstructed-place-work-hot-heavy-or-moving-work-benefits-from-clearance;claim:reconstructed-place-work-wet-hot-dry-tasks-can-require-sequencing;claim:reconstructed-place-work-mill-operation-depends-on-drive-moving-parts-and-servicing,data/world-catalogs/novgorod/world-knowledge/production-v1/place-first-cartography.json#environment_families[id=mill].facets[facet=mill_hazards],B,candidate
pff_threshing_barn__floor_crop_and_air,pf_threshing_barn,floor_crop_and_air,1,facet_ground,partial,4,"Какие ток, снопы, солома, пыль, щели и проветривание определяют работу и сохранность? | Как дождь, мороз, жара и влажность меняют пригодность?",No stored harvest.,barn floor/crop/air relations,claim:stored-grain-condition-depends-on-temperature-moisture;claim:stored-grain-airflow-can-reduce-temperature-differences;claim:practical-fodder-hay;claim:reconstructed-place-work-grain-drying-and-threshing-are-different-work-contexts,data/world-catalogs/novgorod/world-knowledge/production-v1/place-first-cartography.json#environment_families[id=threshing_barn].facets[facet=floor_crop_and_air],B,candidate
pff_threshing_barn__processing_and_carrying,pf_threshing_barn,processing_and_carrying,2,facet_use_people,partial,4,"Какие цепы, веяние, перенос, укладка и животная тяга требуют пространства и ритма? | Как мастерство, усталость и число работников меняют результат?",No yield.,"threshing, winnowing and team rhythm",claim:milling-grain-compression-shear-fracture;claim:milling-moisture-changes-grain-deformation;claim:measurement-grain-mass-volume-density;claim:reconstructed-place-work-grain-drying-and-threshing-are-different-work-contexts,data/world-catalogs/novgorod/world-knowledge/production-v1/place-first-cartography.json#environment_families[id=threshing_barn].facets[facet=processing_and_carrying],B,candidate
pff_threshing_barn__dust_sound_and_chaff,pf_threshing_barn,dust_sound_and_chaff,3,facet_senses_traces,partial,5,"Как грохот, пыль, солома, мышиный шорох, слабый свет и запах зерна влияют на восприятие? | Какие остатки мякины, следы волочения и ремонта остаются?","Actual residue, pest and work volume are scene state.",chaff/dust exposure and rodent-sign interpretation,claim:foundations-physical-b2-snd-01-sound-source-vibration;claim:grain-processing-bread-ground-plant-base;claim:reconstructed-place-work-process-residue-can-differ-by-material-work;claim:place-outdoors-activity-sensory-pulses;claim:reconstructed-place-work-grain-drying-and-threshing-are-different-work-contexts,data/world-catalogs/novgorod/world-knowledge/production-v1/place-first-cartography.json#environment_families[id=threshing_barn].facets[facet=dust_sound_and_chaff],B,candidate
pff_threshing_barn__barn_risk_and_care,pf_threshing_barn,barn_risk_and_care,4,facet_risks_upkeep,partial,7,"Какие пожар, пыль, обрушение, скольжение и порча от сырости требуют consideration? | Какие проветривание, уборка, латание крыши и защита от вредителей меняют состояние?",No upkeep completion.,"dust fire, collapse, pest and maintenance effects",claim:population-material-wood-combustion;claim:household-roof-local-condition-guides-repair;claim:stored-grain-condition-depends-on-temperature-moisture;claim:reconstructed-place-work-hot-heavy-or-moving-work-benefits-from-clearance;claim:reconstructed-place-work-wet-hot-dry-tasks-can-require-sequencing;claim:reconstructed-place-work-spilled-dry-goods-can-increase-floor-level-pest-access;claim:reconstructed-place-work-grain-drying-and-threshing-are-different-work-contexts,data/world-catalogs/novgorod/world-knowledge/production-v1/place-first-cartography.json#environment_families[id=threshing_barn].facets[facet=barn_risk_and_care],B,candidate
pff_churchyard__ground_paths_and_enclosure,pf_churchyard,ground_paths_and_enclosure,1,facet_ground,partial,4,"Какие дорожки, трава, ограда, ворота, ступени, деревья и влажный грунт требуют spatial attention? | Как дождь, праздник, уход и сезон меняют проход?","Actual paths, enclosure and access are scene state.","Общая связь церковного двора с путями, оградой и доступом.",claim:urban-pavements;claim:reconstructed-churchyard-weather-foot-traffic-and-care-alter-observable-traces;claim:reconstructed-church-interior-ordinary-presence-has-different-practical-paths;claim:reconstructed-place-upkeep-competes-with-weather-work-and-available-means,data/world-catalogs/novgorod/world-knowledge/production-v1/place-first-cartography.json#environment_families[id=churchyard].facets[facet=ground_paths_and_enclosure],B,candidate
pff_churchyard__people_and_ordinary_use,pf_churchyard,people_and_ordinary_use,2,facet_use_people,partial,4,"Какие приход, ожидание, встреча, уход за территорией и проход мимо могут происходить? | Как различаются посетитель, служитель, ребёнок и путник без заданного roster?",Статус и допуск не угадываются.,"Обычные uses, roles и граница secular activity церковного двора.",claim:reconstructed-churchyard-weather-foot-traffic-and-care-alter-observable-traces;claim:reconstructed-church-interior-ordinary-presence-has-different-practical-paths;claim:reconstructed-place-upkeep-competes-with-weather-work-and-available-means;claim:place-community-funeral-transfer-can-require-coordinated-carrying-and-passage,data/world-catalogs/novgorod/world-knowledge/production-v1/place-first-cartography.json#environment_families[id=churchyard].facets[facet=people_and_ordinary_use],B,candidate
pff_churchyard__quiet_senses_and_traces,pf_churchyard,quiet_senses_and_traces,3,facet_senses_traces,supported,5,"Какие звон, пение, дым, воск, сырость, тень и открытый свет влияют на восприятие? | Какие следы свечей, обуви, уборки, дождя и процессии могут быть видны?",Не выводить ritual/event из следа.,,claim:work-waste-context;claim:place-outdoors-activity-sensory-pulses;claim:reconstructed-churchyard-weather-foot-traffic-and-care-alter-observable-traces;claim:reconstructed-church-interior-ordinary-presence-has-different-practical-paths;claim:reconstructed-place-upkeep-competes-with-weather-work-and-available-means,data/world-catalogs/novgorod/world-knowledge/production-v1/place-first-cartography.json#environment_families[id=churchyard].facets[facet=quiet_senses_and_traces],B,candidate
pff_churchyard__precinct_care_and_risk,pf_churchyard,precinct_care_and_risk,4,facet_risks_upkeep,partial,3,"Какие скользкие ступени, огонь свечи, теснота и ночная темнота требуют context? | Какая уборка, ремонт дорожек, уход за зеленью меняют ordinary state?",Не создавать church policy.,"Caretaking, surface hazards and authority for maintenance.",claim:reconstructed-churchyard-weather-foot-traffic-and-care-alter-observable-traces;claim:reconstructed-church-interior-ordinary-presence-has-different-practical-paths;claim:reconstructed-place-upkeep-competes-with-weather-work-and-available-means,data/world-catalogs/novgorod/world-knowledge/production-v1/place-first-cartography.json#environment_families[id=churchyard].facets[facet=precinct_care_and_risk],B,candidate
pff_monastery_yard__compound_layout_and_water,pf_monastery_yard,compound_layout_and_water,1,facet_ground,supported,3,"Какие дворы, ограды, дорожки, хозяйственные зоны, колодцы и посадки могут разделять поток? | Как сезонная чистка, снег и дожди меняют связность?",Не утверждать конкретный монастырь или его устройство.,,claim:reconstructed-monastery-yard-can-coordinate-ordinary-outdoor-work-contextually;claim:place-outdoors-traffic-wet-ground-and-ruts;claim:reconstructed-place-upkeep-competes-with-weather-work-and-available-means,data/world-catalogs/novgorod/world-knowledge/production-v1/place-first-cartography.json#environment_families[id=monastery_yard].facets[facet=compound_layout_and_water],B,candidate
pff_monastery_yard__communal_work,pf_monastery_yard,communal_work,2,facet_use_people,supported,3,"Какие готовка, сад, приём, перенос, мастерская и уход за животными могут сосуществовать? | Как посетитель, брат, работник и поставщик видят разные части среды?",Роли/доступ требуют authoritative context.,,claim:construction-auxiliary-construction-work;claim:reconstructed-monastery-yard-can-coordinate-ordinary-outdoor-work-contextually;claim:place-community-established-monastic-distribution-can-coordinate-serving-waiting-and-safe-passage,data/world-catalogs/novgorod/world-knowledge/production-v1/place-first-cartography.json#environment_families[id=monastery_yard].facets[facet=communal_work],B,candidate
pff_monastery_yard__compound_senses,pf_monastery_yard,compound_senses,3,facet_senses_traces,supported,3,"Какие звон, молитва, дым кухни, садовые запахи, шаги и закрытые ворота меняют восприятие? | Какие следы ухода, доставки, воды и работ дают ordinary evidence?",Не превращать атмосферу в theological claim.,,claim:research-atmospheric-conditions-affect-smoke-transport-and-dispersion;claim:place-outdoors-activity-sensory-pulses;claim:reconstructed-monastery-yard-can-coordinate-ordinary-outdoor-work-contextually,data/world-catalogs/novgorod/world-knowledge/production-v1/place-first-cartography.json#environment_families[id=monastery_yard].facets[facet=compound_senses],B,candidate
pff_monastery_yard__order_and_hazards,pf_monastery_yard,order_and_hazards,4,facet_risks_upkeep,supported,2,"Какие пожар, скользкие дорожки, рабочие животные и тесные проходы требуют resolution? | Какая maintenance стен, крыш, сада и воды формирует меняющееся место?",Не создавать порядок/правила обители.,,claim:water-can-cool-class-a-fire-fuel-and-flame;claim:reconstructed-monastery-yard-can-coordinate-ordinary-outdoor-work-contextually,data/world-catalogs/novgorod/world-knowledge/production-v1/place-first-cartography.json#environment_families[id=monastery_yard].facets[facet=order_and_hazards],B,candidate
pff_road__route_surface_and_weather,pf_road,route_surface_and_weather,1,facet_ground,supported,3,"Какие колеи, песок, глина, камни, лужи, снег и уклоны меняют скорость людей, коней и повозок? | Как сезонная maintenance, дождь и мороз дают различную проходимость?",Не устанавливать маршрут или расстояние.,,claim:terrain-background;claim:wet-granular-liquid-bridges-can-provide-capillary-cohesion;claim:place-outdoors-traffic-wet-ground-and-ruts,data/world-catalogs/novgorod/world-knowledge/production-v1/place-first-cartography.json#environment_families[id=road].facets[facet=route_surface_and_weather],B,candidate
pff_road__travel_and_support,pf_road,travel_and_support,2,facet_use_people,supported,2,"Какие груз, упряжь, пеший ход, привалы, ремонт и ориентирование требуют means? | Как различаются купец, крестьянин, гонец, семья и одиночный путник?",Не присваивать цели путешествия.,,claim:transport-horse-sledge-equipment;claim:transport-sledge-summer-cargo,data/world-catalogs/novgorod/world-knowledge/production-v1/place-first-cartography.json#environment_families[id=road].facets[facet=travel_and_support],B,candidate
pff_road__road_signals,pf_road,road_signals,3,facet_senses_traces,supported,5,"Как пыль, скрип, копыта, птичьи голоса, дым вдали, сумерки и открытый обзор влияют на perception? | Какие следы колёс, костров, подков, поломки и ремонта требуют time sensitivity?",Следы не являются tracking guarantee.,,claim:place-outdoors-activity-sensory-pulses;claim:place-outdoors-traffic-wet-ground-and-ruts;claim:place-outdoors-clearing-and-trace-renewal;claim:place-outdoors-cover-opening-and-work-visibility;claim:residual-nature-twilight-solar-afterglow,data/world-catalogs/novgorod/world-knowledge/production-v1/place-first-cartography.json#environment_families[id=road].facets[facet=road_signals],B,candidate
pff_road__road_risk_and_repair,pf_road,road_risk_and_repair,4,facet_risks_upkeep,partial,5,"Какие усталость, разбойная опасность как контекстная возможность, слом оси, переохлаждение и потеря пути важны? | Какие объезды, гати, мосты и подсыпка требуют maintenance/source?","Не создаёт угрозы или инфраструктуру автоматически. Supported mechanical/upkeep relations do not by themselves cover the listed security, cold and navigation needs.","Связный контекст разбойной угрозы, потери пути и холодового воздействия при дорожной остановке; текущие refs преимущественно покрывают груз, утомление, повреждение дерева, грунт и уход.",claim:force-contact-geometry;claim:work-intensity-duration;claim:foundations-mat-02-wood-drying-crack-strength;claim:reconstructed-place-upkeep-competes-with-weather-work-and-available-means;claim:static-ground-b05-wet-soil-can-reduce-trafficability-and-rut-under-load,data/world-catalogs/novgorod/world-knowledge/production-v1/place-first-cartography.json#environment_families[id=road].facets[facet=road_risk_and_repair],B,candidate
pff_bridge_crossing__span_support_and_load,pf_bridge_crossing,span_support_and_load,1,facet_ground,supported,6,"Какие настил, брёвна, опоры, перила, лёд, подмыв и ширина влияют на перенос веса? | Как вода, мороз, гниль и ремонт меняют допустимый проход?",Не утверждать конструкцию конкретного моста.,,claim:force-contact-geometry;claim:population-material-wood-loading;claim:population-material-wood-decay;claim:foundations-mat-02-wood-drying-crack-strength;claim:foundations-haz-05-slope-water-triggers;claim:candidate-v2-ice-or-snow-can-be-a-slip-hazard,data/world-catalogs/novgorod/world-knowledge/production-v1/place-first-cartography.json#environment_families[id=bridge_crossing].facets[facet=span_support_and_load],B,candidate
pff_bridge_crossing__crossing_flow,pf_bridge_crossing,crossing_flow,2,facet_use_people,supported,5,"Как пешие, животные, телеги, носильщики и встречный поток делят узкий проход? | Какие манёвры, ожидание и помощь нужны при грузе или плохой погоде?","Обычный встречный проход и ожидание — композиция свободного рабочего пути, ограниченных средств и местной договорённости, не обязательный регламент. Осмотр поклажи применим лишь при уже заданном контрольном месте и просьбе; не делает любой мост заставой или neutral access zone.",,claim:force-contact-geometry;claim:reconstructed-place-work-hot-heavy-or-moving-work-benefits-from-clearance;claim:practical-work-tradeoff;claim:public-world-senior-can-coordinate-messenger-can-carry-word;claim:place-community-requested-convoy-inspection-can-require-a-stop-and-accessible-load-handling,data/world-catalogs/novgorod/world-knowledge/production-v1/place-first-cartography.json#environment_families[id=bridge_crossing].facets[facet=crossing_flow],B,candidate
pff_bridge_crossing__bridge_signals,pf_bridge_crossing,bridge_signals,3,facet_senses_traces,supported,6,"Какие скрип, плеск, ветер, вибрация, открытая видимость и следы колёс говорят о состоянии? | Какие трещины, свежие доски, грязь и водяные отметки требуют осторожного чтения?",Не ставить диагноз конструкции из атмосферы.,,claim:place-outdoors-activity-sensory-pulses;claim:foundations-physical-b2-snd-01-sound-source-vibration;claim:place-outdoors-cover-opening-and-work-visibility;claim:foundations-mat-02-wood-drying-crack-strength;claim:research-flood-can-leave-high-water-mark-types;claim:place-outdoors-traffic-wet-ground-and-ruts,data/world-catalogs/novgorod/world-knowledge/production-v1/place-first-cartography.json#environment_families[id=bridge_crossing].facets[facet=bridge_signals],B,candidate
pff_bridge_crossing__crossing_hazard_and_upkeep,pf_bridge_crossing,crossing_hazard_and_upkeep,4,facet_risks_upkeep,supported,7,"Какие падение, обрушение, ледяная скользкость, паника животного и затор создают outcomes? | Какие ремонт, очистка, подпорка и сезонное закрытие нуждаются в history?",Не считать maintenance выполненной.,,claim:candidate-v2-ice-or-snow-can-be-a-slip-hazard;claim:population-material-wood-loading;claim:population-material-wood-decay;claim:foundations-haz-05-slope-water-triggers;claim:static-animal-b06-perceived-threat-can-prompt-horse-flight;claim:reconstructed-place-work-hot-heavy-or-moving-work-benefits-from-clearance;claim:reconstructed-place-upkeep-competes-with-weather-work-and-available-means,data/world-catalogs/novgorod/world-knowledge/production-v1/place-first-cartography.json#environment_families[id=bridge_crossing].facets[facet=crossing_hazard_and_upkeep],B,candidate
pff_ferry_landing__landing_ground_and_wait,pf_ferry_landing,landing_ground_and_wait,1,facet_ground,supported,3,"Какие отмель, сходня, грязь, привязи, очередь и укрытие от ветра определяют ожидание? | Как уровень воды, лёд и погода меняют саму точку посадки?",Не утверждать паромное сообщение или расписание.,,claim:wet-granular-liquid-bridges-can-provide-capillary-cohesion;claim:place-outdoors-shore-working-edge-composition;claim:place-outdoors-microterrain-patches,data/world-catalogs/novgorod/world-knowledge/production-v1/place-first-cartography.json#environment_families[id=ferry_landing].facets[facet=landing_ground_and_wait],B,candidate
pff_ferry_landing__crossing_means_and_people,pf_ferry_landing,crossing_means_and_people,2,facet_use_people,supported,4,"Какие лодка, канат, шест, гребля, груз и помощь нужны разным попыткам переправы? | Как различаются лодочник, пассажир, возница, животное и ожидающий?",Плавсредство и услуга требуют source/owner.,,claim:transport-hired-boatman;claim:transport-private-boat-arrangement;claim:place-outdoors-shore-working-edge-composition;claim:place-outdoors-microterrain-patches,data/world-catalogs/novgorod/world-knowledge/production-v1/place-first-cartography.json#environment_families[id=ferry_landing].facets[facet=crossing_means_and_people],B,candidate
pff_ferry_landing__waterfront_waiting_signals,pf_ferry_landing,waterfront_waiting_signals,3,facet_senses_traces,supported,3,"Какие туман, ветер, плеск, скрип, мокрые следы, костёр ожидания и мусор различимы? | Какие следы посадки быстро исчезают из-за воды и дождя?",Не выводить поездку конкретного лица.,,claim:research-atmospheric-conditions-affect-smoke-transport-and-dispersion;claim:place-outdoors-shore-working-edge-composition;claim:place-outdoors-microterrain-patches,data/world-catalogs/novgorod/world-knowledge/production-v1/place-first-cartography.json#environment_families[id=ferry_landing].facets[facet=waterfront_waiting_signals],B,candidate
pff_ferry_landing__ferry_risk,pf_ferry_landing,ferry_risk,4,facet_risks_upkeep,supported,4,"Какие опрокидывание, течения, испуг животных, тяжёлый груз, лёд и ночная темнота важны? | Какая upkeep берега, каната и лодки меняет риск?",Exact resolution у physical owners.,,claim:buoyancy-pressure-phase-change;claim:candidate-physiology-v3-drowning-respiratory-impairment;claim:place-outdoors-shore-working-edge-composition;claim:place-outdoors-microterrain-patches,data/world-catalogs/novgorod/world-knowledge/production-v1/place-first-cartography.json#environment_families[id=ferry_landing].facets[facet=ferry_risk],B,candidate
pff_forest_track__track_legibility,pf_forest_track,track_legibility,1,facet_ground,supported,4,"Какие вытаптывание, зарубки, колеи, настил, ветви и корни делают путь читаемым или исчезающим? | Как листопад, снег, дождь и отсутствие ухода меняют его?","Наличие, давность и направление конкретной тропы — scene state.",,claim:static-weather-b06-typical-advancing-cloud-sequence-can-warn-of-approaching-rain-and-increasing-wind;claim:static-cloven-hoof-trace-comparison-requires-multiple-observable-features;claim:place-outdoors-forest-structure-and-season;claim:place-outdoors-clearing-and-trace-renewal,data/world-catalogs/novgorod/world-knowledge/production-v1/place-first-cartography.json#environment_families[id=forest_track].facets[facet=track_legibility],B,candidate
pff_forest_track__travel_and_clearance,pf_forest_track,travel_and_clearance,2,facet_use_people,supported,3,"Какие пеший ход, лошадь, волочение, перенос груза и проводник требуют ширины/очистки? | Как различаются охотник, дровосек, семья и потерявшийся путник?",Не гарантировать проход на основании названия.,,claim:work-intensity-duration;claim:place-outdoors-forest-structure-and-season;claim:reconstructed-place-work-vegetation-can-snag-flexible-lines-or-loads,data/world-catalogs/novgorod/world-knowledge/production-v1/place-first-cartography.json#environment_families[id=forest_track].facets[facet=travel_and_clearance],B,candidate
pff_forest_track__track_perception_and_marks,pf_forest_track,track_perception_and_marks,3,facet_senses_traces,supported,4,"Как кроны, тишина, ветер, запах дыма, близкие звуки и ограниченный обзор меняют orientation? | Какие следы обуви, копыт, зверя, рубки и волочения пересекают путь?",Не превращать следы в precise tracking.,,claim:static-cloven-hoof-trace-comparison-requires-multiple-observable-features;claim:place-outdoors-forest-structure-and-season;claim:place-outdoors-clearing-and-trace-renewal;claim:place-outdoors-cover-opening-and-work-visibility,data/world-catalogs/novgorod/world-knowledge/production-v1/place-first-cartography.json#environment_families[id=forest_track].facets[facet=track_perception_and_marks],B,candidate
pff_forest_track__track_hazard_and_maintenance,pf_forest_track,track_hazard_and_maintenance,4,facet_risks_upkeep,supported,2,"Какие бурелом, грязь, снег, потеря направления, падение ветви и огонь важны? | Какая расчистка, отметка, мосток и обход требуют actor-maintenance?",Не materialize helpful upkeep.,,claim:research-extreme-cold-can-cause-cold-stress;claim:place-outdoors-forest-structure-and-season,data/world-catalogs/novgorod/world-knowledge/production-v1/place-first-cartography.json#environment_families[id=forest_track].facets[facet=track_hazard_and_maintenance],B,candidate
pff_hunting_ground__terrain_and_sign,pf_hunting_ground,terrain_and_sign,1,facet_ground,supported,4,"Какие ветер, укрытия, кормовые места, грунт, следы и линии обзора важны для поиска? | Как дождь, снег, листопад и время суток меняют возможность чтения sign?",Не утверждать наличие конкретной добычи.,,claim:static-cloven-hoof-trace-comparison-requires-multiple-observable-features;claim:place-outdoors-forest-structure-and-season;claim:place-outdoors-microterrain-patches;claim:place-outdoors-clearing-and-trace-renewal,data/world-catalogs/novgorod/world-knowledge/production-v1/place-first-cartography.json#environment_families[id=hunting_ground].facets[facet=terrain_and_sign],B,candidate
pff_hunting_ground__pursuit_means_and_roles,pf_hunting_ground,pursuit_means_and_roles,2,facet_use_people,supported,3,"Какие следование, ожидание, ловушка, собака, оружие, перенос и разделка требуют means и access? | Как одиночный охотник, группа, проводник и случайный путник меняют disturbance?",Combat/animal mechanics остаются code-owned.,,claim:agriculture-fauna-ash-hunting-bow;claim:wild-food-and-fur-evidence;claim:place-outdoors-forest-structure-and-season,data/world-catalogs/novgorod/world-knowledge/production-v1/place-first-cartography.json#environment_families[id=hunting_ground].facets[facet=pursuit_means_and_roles],B,candidate
pff_hunting_ground__animal_senses_and_human_trace,pf_hunting_ground,animal_senses_and_human_trace,3,facet_senses_traces,partial,5,"Какие запахи, шум, ветер, дым, следы и тревожные птицы могут раскрывать или скрывать человека? | Какие footprints, шерсть, помёт, сломанные ветви и кровь требуют cautious interpretation?","Конкретный зверь, след и реакция — scene state.","Общая связь ветра, шума и запаха с обнаружением животными человека.",claim:static-weather-b06-multiple-near-water-beaver-signs-can-corroborate-a-beaver-explanation;claim:static-cloven-hoof-trace-comparison-requires-multiple-observable-features;claim:place-outdoors-forest-structure-and-season;claim:place-outdoors-clearing-and-trace-renewal;claim:place-outdoors-cover-opening-and-work-visibility,data/world-catalogs/novgorod/world-knowledge/production-v1/place-first-cartography.json#environment_families[id=hunting_ground].facets[facet=animal_senses_and_human_trace],B,candidate
pff_hunting_ground__hunt_risk_and_stewardship,pf_hunting_ground,hunt_risk_and_stewardship,4,facet_risks_upkeep,supported,3,"Какие потеря пути, ранение, холод, огонь, конфликт за добычу и порча мяса требуют outcomes? | Какие тропы, разделочные места и сезонный покой требуют causal maintenance/policy?",Не вводить hunting rules без authority.,,claim:research-extreme-cold-can-cause-cold-stress;claim:wound-healing-time-dependent;claim:place-outdoors-forest-structure-and-season,data/world-catalogs/novgorod/world-knowledge/production-v1/place-first-cartography.json#environment_families[id=hunting_ground].facets[facet=hunt_risk_and_stewardship],B,candidate
pff_orchard_garden__beds_trees_and_soil,pf_orchard_garden,beds_trees_and_soil,1,facet_ground,supported,5,"Какие гряды, плодовые деревья, кусты, компост, ограда и полив формируют доступ и работу? | Как посадка, цветение, плодоношение, обрезка и мороз меняют вид?",Не фиксировать культуры или урожай.,,claim:static-root-loss-can-cause-transplant-shock;claim:candidate-deciduous-tree-leaf-flower-emergence-varies-by-species;claim:place-orchard-pruning-can-preserve-a-branch-collar-barrier-while-bark-tearing-enlarges-injury;claim:place-orchard-pruning-can-have-different-seasonal-windows-before-spring-growth-or-during-active-growth;claim:place-orchard-heavy-renovation-can-trade-immediate-reshaping-against-retained-leaf-area,data/world-catalogs/novgorod/world-knowledge/production-v1/place-first-cartography.json#environment_families[id=orchard_garden].facets[facet=beds_trees_and_soil],B,candidate
pff_orchard_garden__tending_and_harvest,pf_orchard_garden,tending_and_harvest,2,facet_use_people,supported,1,"Какие прополка, полив, подвязка, сбор, защита и перенос требуют means и времени? | Как различаются хозяин, помощник, ребёнок, птицы и домашние животные?",Сбор уменьшает finite source.,,claim:static-hop-bines-can-be-trained-on-support-and-need-moisture-without-standing-water,data/world-catalogs/novgorod/world-knowledge/production-v1/place-first-cartography.json#environment_families[id=orchard_garden].facets[facet=tending_and_harvest],B,candidate
pff_orchard_garden__garden_signals,pf_orchard_garden,garden_signals,3,facet_senses_traces,supported,6,"Какие запах земли, цветения, насекомые, полив, птицы и тень меняют sensing? | Какие следы рыхления, обрезки, вредителей, упавших плодов и дождя видны?",Не выводить время работ с точностью без basis.,,claim:place-feathered-mobile-young-bird-on-ground-can-be-a-fledgling;claim:place-young-bird-plumage-and-immediate-danger-bound-intervention;claim:place-garden-snails-and-slugs-can-favor-moist-sheltered-conditions;claim:place-garden-snails-and-slugs-can-feed-on-cabbage-leaves-and-leave-irregular-holes;claim:animal-pollination-affects-flowering-plant-reproduction;claim:place-outdoors-clearing-and-trace-renewal,data/world-catalogs/novgorod/world-knowledge/production-v1/place-first-cartography.json#environment_families[id=orchard_garden].facets[facet=garden_signals],B,candidate
pff_orchard_garden__garden_risk_and_care,pf_orchard_garden,garden_risk_and_care,4,facet_risks_upkeep,partial,5,"Какие заморозок, засуха, вредители, слом ветвей, скольжение и конфликт с животными важны? | Какая поливная, оградная и почвенная maintenance меняет состояние?","Не заменять растениеводство декоративной статикой. Укрытие не гарантирует защиту, а уязвимость к замерзанию зависит от растения и стадии развития.","P2: plant-specific response of ordinary garden or orchard growth to drought and animal damage; freezing susceptibility and temporary-cover context are bounded by plant kind, developmental stage, cover properties and placement.",claim:place-outdoors-clearing-and-trace-renewal;claim:place-orchard-pruning-can-preserve-a-branch-collar-barrier-while-bark-tearing-enlarges-injury;claim:place-orchard-pruning-can-have-different-seasonal-windows-before-spring-growth-or-during-active-growth;claim:place-plant-freezing-injury-susceptibility-varies-by-kind-and-development;claim:place-plant-temporary-cover-can-retain-local-heat-without-guaranteeing-protection,data/world-catalogs/novgorod/world-knowledge/production-v1/place-first-cartography.json#environment_families[id=orchard_garden].facets[facet=garden_risk_and_care],B,candidate
pff_pasture__forage_ground_and_fence,pf_pasture,forage_ground_and_fence,1,facet_ground,supported,3,"Какие трава, выеденные участки, вода, солонцы, кочки и изгороди определяют выпас? | Как сезон, дождь, засуха и перегон меняют корм и опору?",Не заявлять стадо или ownership земли.,,claim:practical-fodder-hay;claim:static-ruminant-feed-b11-legume-forage-can-support-frothy-rumen-bloat;claim:place-outdoors-microterrain-patches,data/world-catalogs/novgorod/world-knowledge/production-v1/place-first-cartography.json#environment_families[id=pasture].facets[facet=forage_ground_and_fence],B,candidate
pff_pasture__herding_and_animal_movement,pf_pasture,herding_and_animal_movement,2,facet_use_people,supported,4,"Какие пастух, собака, привязь, загон, водопой и поиск отбившегося животного требуют среды? | Как animal temperament и число людей меняют movement hazards?",Не создавать животных из общего класса.,,claim:place-domestic-geese-can-move-as-a-flock-when-herded;claim:place-poultry-approach-and-movement-can-affect-response-without-guaranteed-control;claim:practical-livestock-care;claim:animal-care-needs-presence,data/world-catalogs/novgorod/world-knowledge/production-v1/place-first-cartography.json#environment_families[id=pasture].facets[facet=herding_and_animal_movement],B,candidate
pff_pasture__pasture_senses_and_marks,pf_pasture,pasture_senses_and_marks,3,facet_senses_traces,supported,1,"Какие звон, мычание, запах, мухи, ветер и открытый обзор меняют perception? | Какие помёт, вытаптывание, шерсть, следы хищника и прохода различимы по погоде?",Следы не дают certainty о нападении.,,claim:static-cloven-hoof-trace-comparison-requires-multiple-observable-features,data/world-catalogs/novgorod/world-knowledge/production-v1/place-first-cartography.json#environment_families[id=pasture].facets[facet=pasture_senses_and_marks],B,candidate
pff_pasture__grazing_risk_and_upkeep,pf_pasture,grazing_risk_and_upkeep,4,facet_risks_upkeep,supported,2,"Какие ядовитые/опасные участки как проверяемая возможность, болото, хищник, потеря животного и гроза актуальны? | Какая починка изгороди, перегон и расчистка водопоя создают maintenance variation?",Не заводить species blacklist без model.,,claim:static-ruminant-feed-b11-marked-distension-and-respiratory-distress-warrant-prompt-qualified-assessment;claim:place-outdoors-clearing-and-trace-renewal,data/world-catalogs/novgorod/world-knowledge/production-v1/place-first-cartography.json#environment_families[id=pasture].facets[facet=grazing_risk_and_upkeep],B,candidate
pff_winter_ice_crossing__ice_snow_and_load,pf_winter_ice_crossing,ice_snow_and_load,1,facet_ground,supported,3,"Какие толщина льда, снег, наледь, трещины, промоины и береговой сход меняют нагрузку и путь? | Как оттепель, ветер, течение и дневное тепло меняют условия?","Thickness, current, thaw, shore transition and load are scene state.",,claim:buoyancy-pressure-phase-change;claim:candidate-v2-near-melting-ice-has-less-strength;claim:candidate-v2-ice-or-snow-can-be-a-slip-hazard,data/world-catalogs/novgorod/world-knowledge/production-v1/place-first-cartography.json#environment_families[id=winter_ice_crossing].facets[facet=ice_snow_and_load],B,candidate
pff_winter_ice_crossing__winter_travel_means,pf_winter_ice_crossing,winter_travel_means,2,facet_use_people,supported,2,"Какие пеший ход, сани, шест, верёвка, тёплая одежда и совместный переход меняют попытку? | Как различаются ребёнок, нагруженная повозка, всадник и опытный местный?",Equipment needs existing inventory.,,claim:transport-winter-sledge-1220;claim:transport-horse-sledge-equipment,data/world-catalogs/novgorod/world-knowledge/production-v1/place-first-cartography.json#environment_families[id=winter_ice_crossing].facets[facet=winter_travel_means],B,candidate
pff_winter_ice_crossing__winter_perception_and_trace,pf_winter_ice_crossing,winter_perception_and_trace,3,facet_senses_traces,partial,7,"Как белизна, метель, скрип снега, дальний звук, пар дыхания и ранние сумерки влияют на orientation? | Какие следы саней, ног, полозьев, воды и животных сохраняются/заносатся?","Метель, свет и конкретные следы — scene state.","P2: qualitative snow-surface sound and visible cold-breath cues beyond the supported drift, visibility, twilight and trace-overwrite relations; ordinary scene composition may name them only when conditions support it, without exact temperature or a promised observation.",claim:candidate-v2-ice-or-snow-can-be-a-slip-hazard;claim:research-extreme-cold-can-cause-cold-stress;claim:residual-nature-snow-wind-drift-visibility;claim:place-outdoors-clearing-and-trace-renewal;claim:place-outdoors-cover-opening-and-work-visibility;claim:residual-nature-twilight-solar-afterglow;claim:sound-wind-temperature-gradients-refract,data/world-catalogs/novgorod/world-knowledge/production-v1/place-first-cartography.json#environment_families[id=winter_ice_crossing].facets[facet=winter_perception_and_trace],B,candidate
pff_winter_ice_crossing__ice_hazard_and_marking,pf_winter_ice_crossing,ice_hazard_and_marking,4,facet_risks_upkeep,supported,2,"Какие провал, обморожение, потеря пути, ледяной ветер и тяжёлый груз требуют outcomes? | Какие вешки, расчистка, проверка и сезонное закрытие требуют human maintenance?",Не создавать безопасный зимник без cause.,,claim:research-extreme-cold-can-cause-cold-stress;claim:candidate-physiology-v3-drowning-respiratory-impairment,data/world-catalogs/novgorod/world-knowledge/production-v1/place-first-cartography.json#environment_families[id=winter_ice_crossing].facets[facet=ice_hazard_and_marking],B,candidate
pff_field_margin__margin_form_and_drainage,pf_field_margin,margin_form_and_drainage,1,facet_ground,supported,4,"Какие межа, канава, куст, камни, трава и колея создают тонкую полосу прохода? | Как распашка, покос, дожди и repair меняют её читаемость?",Не считать границу legal fact.,,claim:terrain-parent-material-assemblage;claim:water-permeability-connected-pores;claim:place-outdoors-traffic-wet-ground-and-ruts;claim:place-outdoors-microterrain-patches,data/world-catalogs/novgorod/world-knowledge/production-v1/place-first-cartography.json#environment_families[id=field_margin].facets[facet=margin_form_and_drainage],B,candidate
pff_field_margin__edge_use_and_material,pf_field_margin,edge_use_and_material,2,facet_use_people,supported,1,"Какие обход, сбор, короткий путь, дренажная работа, выпас и укрытие могут происходить? | Какие растения, насекомые, грызуны и птицы зависят от adjacent environments?",Не создавать resource/animal automatically.,,claim:agriculture-fauna-flax-hemp-cultivation,data/world-catalogs/novgorod/world-knowledge/production-v1/place-first-cartography.json#environment_families[id=field_margin].facets[facet=edge_use_and_material],B,candidate
pff_field_margin__margin_signals,pf_field_margin,margin_signals,3,facet_senses_traces,supported,2,"Как ветер, открытый свет, запах земли, тень кустов и дальние звуки меняют perception? | Какие следы колес, сапог, зверя, стока и прополки пересекаются здесь?",Не назначать автора следов.,,claim:static-cloven-hoof-trace-comparison-requires-multiple-observable-features;claim:place-outdoors-clearing-and-trace-renewal,data/world-catalogs/novgorod/world-knowledge/production-v1/place-first-cartography.json#environment_families[id=field_margin].facets[facet=margin_signals],B,candidate
pff_field_margin__margin_hazard_and_care,pf_field_margin,margin_hazard_and_care,4,facet_risks_upkeep,supported,2,"Какие падение в канаву, колючки, мокрая трава, скрытая нора и потеря груза актуальны? | Какие очистка канавы, обрезка и подсыпка меняют edge?",Maintenance требует committed work.,,claim:wet-granular-liquid-bridges-can-provide-capillary-cohesion;claim:place-outdoors-clearing-and-trace-renewal,data/world-catalogs/novgorod/world-knowledge/production-v1/place-first-cartography.json#environment_families[id=field_margin].facets[facet=margin_hazard_and_care],B,candidate
pff_fishing_camp__shore_setup_and_material,pf_fishing_camp,shore_setup_and_material,1,facet_ground,supported,5,"Какие место сушки, костёр, сети, лодка, колья, разделочная поверхность и дрова могут быть нужны? | Как вода, ветер, дождь и сезон меняют возможность развернуть work?","Camp, shore form, gear and fuel are scene state.",,claim:population-fishing-workspace;claim:population-river-work;claim:practical-net-space;claim:place-outdoors-shore-working-edge-composition;claim:place-outdoors-microterrain-patches,data/world-catalogs/novgorod/world-knowledge/production-v1/place-first-cartography.json#environment_families[id=fishing_camp].facets[facet=shore_setup_and_material],B,candidate
pff_fishing_camp__catch_work_and_preservation,pf_fishing_camp,catch_work_and_preservation,2,facet_use_people,supported,5,"Какие лов, сортировка, починка сети, перенос, копчение/сушка как возможные процессы требуют средств? | Как один рыбак, группа, покупатель и животное вмешиваются в flow?","Catch, workers, means and processing state need valid sources.",,claim:population-net-work;claim:practical-net-repair;claim:population-fish-dried-form;claim:research-exposed-fish-drying-depends-on-sun-heat-air-movement-and-invites-pests;claim:place-fish-smoking-preservation-depends-on-combined-smoke-drying-heat-and-optional-salt,data/world-catalogs/novgorod/world-knowledge/production-v1/place-first-cartography.json#environment_families[id=fishing_camp].facets[facet=catch_work_and_preservation],B,candidate
pff_fishing_camp__camp_senses_and_traces,pf_fishing_camp,camp_senses_and_traces,3,facet_senses_traces,supported,4,"Какие дым, рыба, мокрая верёвка, чайки, плеск и огонь заметны в разное время? | Какие чешуя, угли, следы сетей, лодки и мусор могут оставаться или смываться?","Current smoke, residue and their age are scene state.",,claim:research-atmospheric-conditions-affect-smoke-transport-and-dispersion;claim:work-waste-context;claim:practical-net-dry;claim:place-outdoors-activity-sensory-pulses,data/world-catalogs/novgorod/world-knowledge/production-v1/place-first-cartography.json#environment_families[id=fishing_camp].facets[facet=camp_senses_and_traces],B,candidate
pff_fishing_camp__waterwork_hazards,pf_fishing_camp,waterwork_hazards,4,facet_risks_upkeep,supported,4,"Какие крючки, ножи, холод, огонь, течение, порча улова и ночные риски требуют resolution? | Какая maintenance сетей, лодки, очага и берега меняет работу?","Water, knife, cold and boat risks depend on scene conditions.",,claim:practical-boat-leak;claim:practical-boat-shore-transfer;claim:research-fish-gutting-removes-viscera-and-blood-while-gall-bladder-damage-is-a-handling-risk;claim:place-fish-smoking-sensory-signs-do-not-establish-safety-or-storage-outcome,data/world-catalogs/novgorod/world-knowledge/production-v1/place-first-cartography.json#environment_families[id=fishing_camp].facets[facet=waterwork_hazards],B,candidate
pff_dwelling_interior__hearth_smoke_and_air,pf_dwelling_interior,hearth_smoke_and_air,1,facet_ground,supported,5,"Как источник огня, топливо, проёмы и движение воздуха меняют дым, тепло, работу и риск внутри жилья?","No hearth, smoke level, fuel, occupant exposure or safe indoor condition is established. How a particular room's opening, fuel and current fire state combine remains materialized state, not an assumed ventilation result.",,claim:practical-dwelling-smoke-draft;claim:research-fire-plume-can-transfer-combustion-products-to-an-upper-layer;claim:smoke-particles-can-attenuate-light-and-reduce-visibility;claim:reconstructed-dwelling-interior-light-and-air-change-with-opening-weather-and-fuel;claim:reconstructed-dwelling-moisture-and-routine-can-leave-changeable-traces,data/world-catalogs/novgorod/world-knowledge/production-v1/place-first-cartography.json#environment_families[id=dwelling_interior].facets[facet=hearth_smoke_and_air],B,candidate
pff_dwelling_interior__warmth_damp_and_weather_enclosure,pf_dwelling_interior,warmth_damp_and_weather_enclosure,2,facet_ground,supported,9,"Как крыша, стены, пол, щели, влажные вещи и уход влияют на укрытие от холода и сырости?","No actual leak, roof condition, room temperature, bedding state or successful repair follows.",,claim:practical-dwelling-rain-snow;claim:household-roof-layers-shed-water;claim:research-fuel-burning-stoves-can-add-indoor-water-vapour;claim:research-increased-ventilation-can-help-reduce-condensation;claim:reconstructed-dwelling-interior-light-and-air-change-with-opening-weather-and-fuel;claim:reconstructed-dwelling-moisture-and-routine-can-leave-changeable-traces;claim:foundations-mat-12-material-thermal-insulation-porosity;claim:reconstructed-dwelling-interior-tasks-adjust-to-space-heat-and-attention;claim:place-outdoors-means-upkeep-and-environment,data/world-catalogs/novgorod/world-knowledge/production-v1/place-first-cartography.json#environment_families[id=dwelling_interior].facets[facet=warmth_damp_and_weather_enclosure],B,candidate
pff_dwelling_interior__sleep_care_and_means_variation,pf_dwelling_interior,sleep_care_and_means_variation,3,facet_use_people,supported,11,"Как сон, уход, готовка, работа и хранение делят жилое пространство при разном достатке, составе людей и погоде?","No family, guest, bed, privacy norm, available space or duty is materialized.",,claim:place-skin-oily-or-fatty-surface-film-can-reduce-evaporative-water-loss;claim:place-established-emollient-or-occlusive-skin-preparation-can-trap-moisture;claim:human-life-reception-depends-on-trust-ties-means;claim:human-life-visitors-add-resource-demands;claim:static-bedding-material-selection-depends-on-dryness-nonirritation-and-dust;claim:candidate-v5-sleep-is-basic-human-need;claim:place-outdoors-means-upkeep-and-environment;claim:place-outdoors-season-work-space-reallocation;claim:reconstructed-place-upkeep-competes-with-weather-work-and-available-means;claim:reconstructed-dwelling-interior-shares-work-rest-and-passage-contextually;claim:reconstructed-dwelling-interior-tasks-adjust-to-space-heat-and-attention,data/world-catalogs/novgorod/world-knowledge/production-v1/place-first-cartography.json#environment_families[id=dwelling_interior].facets[facet=sleep_care_and_means_variation],B,candidate
pff_dwelling_interior__household_biota_food_and_storage,pf_dwelling_interior,household_biota_food_and_storage,4,facet_use_people,supported,5,"Какие условия пищи, подстилки, щелей, влажности и уборки привлекают либо ограничивают обычную домашнюю биоту?","No rodent, food stock, contamination, disease, cleanliness or successful exclusion is inferred.",,claim:research-rodents-are-drawn-to-available-food-water-and-nesting-sites;claim:research-enclosing-food-and-sealing-openings-can-reduce-rodent-access;claim:food-drying-depends-on-humidity-airflow;claim:place-practical-settling-and-cloth-filtration-can-reduce-suspended-matter-not-prove-safe-water;claim:reconstructed-dwelling-shelter-food-and-care-shape-small-life-opportunity,data/world-catalogs/novgorod/world-knowledge/production-v1/place-first-cartography.json#environment_families[id=dwelling_interior].facets[facet=household_biota_food_and_storage],B,candidate
pff_dwelling_interior__light_sound_trace_and_upkeep,pf_dwelling_interior,light_sound_trace_and_upkeep,5,facet_senses_traces;facet_risks_upkeep,supported,11,"Как проёмы, огонь, мебель, поверхности, ходьба и уборка меняют освещение, слышимость и бытовые следы?","No lamp, window, sound source, observed trace, maintenance work or exact time of day is created.",,claim:residual-nature-twilight-solar-afterglow;claim:sound-background-noise-masks-speech;claim:practical-dwelling-roof;claim:practical-dwelling-fuel;claim:place-outdoors-cover-opening-and-work-visibility;claim:place-outdoors-means-upkeep-and-environment;claim:place-outdoors-season-work-space-reallocation;claim:reconstructed-place-upkeep-competes-with-weather-work-and-available-means;claim:reconstructed-dwelling-interior-light-and-air-change-with-opening-weather-and-fuel;claim:reconstructed-dwelling-moisture-and-routine-can-leave-changeable-traces;claim:place-practical-wick-capillary-feed-and-exposed-length-can-affect-soot-without-a-universal-adjustment,data/world-catalogs/novgorod/world-knowledge/production-v1/place-first-cartography.json#environment_families[id=dwelling_interior].facets[facet=light_sound_trace_and_upkeep],B,candidate
pff_church_interior__threshold_light_and_ordinary_objects,pf_church_interior,threshold_light_and_ordinary_objects,1,facet_ground,supported,7,"Как порог, проёмы, свечной свет, поверхности и обычная обстановка церковного интерьера задают обзор и движение?","No church, candle, candlestick, furnishing, access or actual illumination is materialized.",,claim:candle-wax-material;claim:candle-thread-wick;claim:fuel-iron-candlestick-form;claim:residual-nature-twilight-solar-afterglow;claim:place-outdoors-cover-opening-and-work-visibility;claim:reconstructed-church-interior-threshold-light-and-sound-shape-ordinary-perception;claim:reconstructed-church-interior-ordinary-presence-has-different-practical-paths,data/world-catalogs/novgorod/world-knowledge/production-v1/place-first-cartography.json#environment_families[id=church_interior].facets[facet=threshold_light_and_ordinary_objects],B,candidate
pff_church_interior__voice_sound_and_formal_interaction,pf_church_interior,voice_sound_and_formal_interaction,2,facet_senses_traces,supported,6,"Как голоса, отражения звука, служба, толпа и положение внутри меняют слышимость и обычное взаимодействие?","No speaker, congregation, ritual, message, authority or hearing outcome follows. No fixed liturgy or universal acoustic design is required; scene-specific audibility still needs actual geometry and attendance.",,claim:public-world-church-and-official-speech-can-be-marked;claim:sound-background-noise-masks-speech;claim:sound-reflections-arrive-after-direct-path;claim:foundations-physical-b2-snd-04-sound-reflection-surface;claim:reconstructed-church-interior-threshold-light-and-sound-shape-ordinary-perception;claim:reconstructed-church-interior-ordinary-presence-has-different-practical-paths,data/world-catalogs/novgorod/world-knowledge/production-v1/place-first-cartography.json#environment_families[id=church_interior].facets[facet=voice_sound_and_formal_interaction],B,candidate
pff_church_interior__smoke_wax_fire_and_air,pf_church_interior,smoke_wax_fire_and_air,3,facet_senses_traces;facet_risks_upkeep,partial,9,"Как горение свечей, дым, воск, движение воздуха и уход влияют на видимость, следы и пожарные риски?","No lit flame, incense, soot, fire, smoke dose, injury or suppression result is established.","Interior-specific relation of candle/incense-like smoke, airflow, soot and maintenance, without treating all church haze as the same process.",claim:candle-wax-material;claim:candle-thread-wick;claim:place-practical-wick-capillary-feed-and-exposed-length-can-affect-soot-without-a-universal-adjustment;claim:research-fire-plume-can-transfer-combustion-products-to-an-upper-layer;claim:smoke-particles-can-attenuate-light-and-reduce-visibility;claim:water-can-cool-class-a-fire-fuel-and-flame;claim:reconstructed-church-interior-threshold-light-and-sound-shape-ordinary-perception;claim:reconstructed-dwelling-moisture-and-routine-can-leave-changeable-traces;claim:reconstructed-churchyard-weather-foot-traffic-and-care-alter-observable-traces,data/world-catalogs/novgorod/world-knowledge/production-v1/place-first-cartography.json#environment_families[id=church_interior].facets[facet=smoke_wax_fire_and_air],B,candidate
pff_church_interior__people_roles_and_care,pf_church_interior,people_roles_and_care,4,facet_use_people,supported,5,"Как посетители, служители и работники используют вход, проходы и места ожидания при разных работах, сезонах и степени ухода?","No named cleric, schedule, feast, jurisdiction, rule, entry right or current activity follows.",,claim:religion-olenin-church-people;claim:social-priest-fragment-relates-office-address;claim:historical-xiii-century-church-monthbook-associates-days-with-commemorations;claim:reconstructed-church-interior-threshold-light-and-sound-shape-ordinary-perception;claim:reconstructed-church-interior-ordinary-presence-has-different-practical-paths,data/world-catalogs/novgorod/world-knowledge/production-v1/place-first-cartography.json#environment_families[id=church_interior].facets[facet=people_roles_and_care],B,candidate
pff_church_interior__surfaces_traces_weather_and_upkeep,pf_church_interior,surfaces_traces_weather_and_upkeep,5,facet_risks_upkeep,supported,3,"Как грязь, снег, мокрая обувь, капли воска, износ и уборка меняют опору ног и наблюдаемые следы в помещении?","The lack of this relation does not permit inventing floor material, upkeep, crowding, slip result or building state.",,claim:reconstructed-church-interior-threshold-light-and-sound-shape-ordinary-perception;claim:reconstructed-dwelling-moisture-and-routine-can-leave-changeable-traces;claim:reconstructed-churchyard-weather-foot-traffic-and-care-alter-observable-traces,data/world-catalogs/novgorod/world-knowledge/production-v1/place-first-cartography.json#environment_families[id=church_interior].facets[facet=surfaces_traces_weather_and_upkeep],B,candidate
pff_ordinary_workshop__work_bay_and_access,pf_ordinary_workshop,work_bay_and_access,1,facet_ground,supported,6,"Как форма и размах работы определяют свободное место, опору, подход к материалу и перенос груза в разных ремёслах?","Specific trade, room, owner and access are scene state.",,claim:settlement-workshop-street;claim:ordinary-life-smith-fire-needs-managed-space;claim:place-outdoors-cover-opening-and-work-visibility;claim:reconstructed-place-work-hot-heavy-or-moving-work-benefits-from-clearance;claim:reconstructed-place-work-wet-hot-dry-tasks-can-require-sequencing;claim:place-wet-work-can-separate-work-water-from-water-reserved-for-clean-task,data/world-catalogs/novgorod/world-knowledge/production-v1/place-first-cartography.json#environment_families[id=ordinary_workshop].facets[facet=work_bay_and_access],B,candidate
pff_ordinary_workshop__tools_material_and_waste,pf_ordinary_workshop,tools_material_and_waste,2,facet_use_people,supported,16,"Какие связи между инструментом, материалом, сырьём, заготовками, готовой вещью и отходами формируют рабочую среду?","Tools, stock and waste quantities require sources. Animal glue applies only when its aqueous collagen/gelatin preparation is established; linden-bast handling is editorial and not universal plant-fibre practice.",,claim:place-plant-leaves-can-serve-as-a-dye-source-with-sorrel-foliage-as-modern-example;claim:ordinary-life-household-repairs-compete-with-new-goods;claim:work-waste-context;claim:reconstructed-place-work-process-residue-can-differ-by-material-work;claim:place-outdoors-activity-sensory-pulses;claim:reconstructed-place-work-spilled-dry-goods-can-increase-floor-level-pest-access;claim:place-wet-hide-preparation-can-combine-washing-and-removal-of-attached-residue;claim:place-wet-hide-work-can-leave-liquid-effluent-and-removable-organic-residue;claim:place-thermal-birch-tar-can-link-heated-bark-and-a-separate-collection-path;claim:place-thermal-birch-tar-method-choice-can-change-oxygen-and-collection-conditions;claim:place-dye-textile-preparation-can-affect-uptake-evenness;claim:place-dye-bath-to-fibre-transfer-can-change-with-process-conditions;claim:place-dye-moving-submerged-textile-can-support-even-contact;claim:place-practical-hoop-fit-can-change-stave-contact-and-leakage-without-establishing-repair;claim:place-adhesive-aqueous-collagen-gelatin-animal-glue-can-gel-on-cooling-and-dry-after-joining;claim:place-adhesive-linden-bast-soaking-can-support-separation-and-flexible-handling,data/world-catalogs/novgorod/world-knowledge/production-v1/place-first-cartography.json#environment_families[id=ordinary_workshop].facets[facet=tools_material_and_waste],B,candidate
pff_ordinary_workshop__work_rhythm_and_assistance,pf_ordinary_workshop,work_rhythm_and_assistance,3,facet_use_people,supported,7,"Как операции, помощники, перерывы, усталость и разделение работы меняют использование мастерской?","Workers, roles and current job are scene state.",,claim:ordinary-life-apprentice-learns-and-assists;claim:work-intensity-duration;claim:place-outdoors-means-upkeep-and-environment;claim:place-outdoors-season-work-space-reallocation;claim:reconstructed-place-upkeep-competes-with-weather-work-and-available-means;claim:reconstructed-place-work-hot-heavy-or-moving-work-benefits-from-clearance;claim:reconstructed-place-work-wet-hot-dry-tasks-can-require-sequencing,data/world-catalogs/novgorod/world-knowledge/production-v1/place-first-cartography.json#environment_families[id=ordinary_workshop].facets[facet=work_rhythm_and_assistance],B,candidate
pff_ordinary_workshop__light_smoke_sound_and_trace,pf_ordinary_workshop,light_smoke_sound_and_trace,4,facet_senses_traces,supported,6,"Как работа и материалы создают свет, шум, дым, пыль, запахи и остатки; как день, погода и уборка их меняют?","Current emissions, noise and traces are scene state.",,claim:research-atmospheric-conditions-affect-smoke-transport-and-dispersion;claim:smoke-particles-can-attenuate-light-and-reduce-visibility;claim:work-waste-context;claim:place-outdoors-cover-opening-and-work-visibility;claim:reconstructed-place-work-process-residue-can-differ-by-material-work;claim:place-outdoors-activity-sensory-pulses,data/world-catalogs/novgorod/world-knowledge/production-v1/place-first-cartography.json#environment_families[id=ordinary_workshop].facets[facet=light_smoke_sound_and_trace],B,candidate
pff_ordinary_workshop__fire_injury_and_maintenance,pf_ordinary_workshop,fire_injury_and_maintenance,5,facet_risks_upkeep,supported,8,"Какие опасности горячих, движущихся, режущих и тяжёлых предметов требуют места и ухода без заданного сценария травмы?","Actual fire, hazards and repair history are scene state.",,claim:ordinary-life-smith-fire-needs-managed-space;claim:water-can-cool-class-a-fire-fuel-and-flame;claim:ordinary-life-household-repairs-compete-with-new-goods;claim:place-outdoors-means-upkeep-and-environment;claim:place-outdoors-season-work-space-reallocation;claim:reconstructed-place-upkeep-competes-with-weather-work-and-available-means;claim:reconstructed-place-work-hot-heavy-or-moving-work-benefits-from-clearance;claim:reconstructed-place-work-wet-hot-dry-tasks-can-require-sequencing,data/world-catalogs/novgorod/world-knowledge/production-v1/place-first-cartography.json#environment_families[id=ordinary_workshop].facets[facet=fire_injury_and_maintenance],B,candidate
pff_grain_drying_shed_ovin__drying_space_air_and_grain,pf_grain_drying_shed_ovin,drying_space_air_and_grain,1,facet_ground,supported,6,"Как снопы или зерно, опоры, воздушные пути и укрытие образуют пространство сушки, отличное от хранения и обмолота?","Building, grain, airflow and weather are scene state.",,claim:food-drying-depends-on-humidity-airflow;claim:stored-grain-condition-depends-on-temperature-moisture;claim:stored-grain-airflow-can-reduce-temperature-differences;claim:reconstructed-place-work-grain-drying-and-threshing-are-different-work-contexts;claim:place-thermal-ovin-can-relate-a-furnace-to-sheaves-held-on-grates;claim:place-thermal-ovin-heat-source-and-sheaf-area-can-have-distinct-work-roles,data/world-catalogs/novgorod/world-knowledge/production-v1/place-first-cartography.json#environment_families[id=grain_drying_shed_ovin].facets[facet=drying_space_air_and_grain],B,candidate
pff_grain_drying_shed_ovin__heat_smoke_and_fire_control,pf_grain_drying_shed_ovin,heat_smoke_and_fire_control,2,facet_use_people,supported,8,"Как источник тепла и расположение сухого материала меняют сушку, дым и опасность загорания в овине?","Fire, flue, heat level and outcome are scene state.",,claim:research-fire-plume-can-transfer-combustion-products-to-an-upper-layer;claim:research-increased-ventilation-can-help-reduce-condensation;claim:water-can-cool-class-a-fire-fuel-and-flame;claim:reconstructed-place-work-hot-heavy-or-moving-work-benefits-from-clearance;claim:reconstructed-place-work-wet-hot-dry-tasks-can-require-sequencing;claim:reconstructed-place-work-grain-drying-and-threshing-are-different-work-contexts;claim:place-thermal-ovin-can-relate-a-furnace-to-sheaves-held-on-grates;claim:place-thermal-ovin-heat-source-and-sheaf-area-can-have-distinct-work-roles,data/world-catalogs/novgorod/world-knowledge/production-v1/place-first-cartography.json#environment_families[id=grain_drying_shed_ovin].facets[facet=heat_smoke_and_fire_control],B,candidate
pff_grain_drying_shed_ovin__handling_and_residue,pf_grain_drying_shed_ovin,handling_and_residue,3,facet_senses_traces,supported,6,"Как перенос, укладка и уборка при сушке отличаются от работы на току и оставляют мякину, солому, пыль и просыпи?","Quantity, tools and current work remain scene state.",,claim:food-practices-threshing-chaff;claim:measurement-grain-mass-volume-density;claim:work-waste-context;claim:reconstructed-place-work-process-residue-can-differ-by-material-work;claim:place-outdoors-activity-sensory-pulses;claim:reconstructed-place-work-grain-drying-and-threshing-are-different-work-contexts,data/world-catalogs/novgorod/world-knowledge/production-v1/place-first-cartography.json#environment_families[id=grain_drying_shed_ovin].facets[facet=handling_and_residue],B,candidate
pff_grain_drying_shed_ovin__moisture_pest_and_repair,pf_grain_drying_shed_ovin,moisture_pest_and_repair,4,facet_risks_upkeep,supported,5,"Как сырость, протечки, вентиляция, вредители и сезонное обслуживание влияют на пригодность сушильного помещения?","Pests, damage and maintenance history are scene state.",,claim:drying-reduces-microbial-growth-conditions;claim:practical-food-grain-storage;claim:ordinary-life-household-repairs-compete-with-new-goods;claim:reconstructed-place-work-spilled-dry-goods-can-increase-floor-level-pest-access;claim:reconstructed-place-work-grain-drying-and-threshing-are-different-work-contexts,data/world-catalogs/novgorod/world-knowledge/production-v1/place-first-cartography.json#environment_families[id=grain_drying_shed_ovin].facets[facet=moisture_pest_and_repair],B,candidate
