sch_id,revision,role_ref,occupation_ref,day_type,season,months,local_start_minute,time_blocks,place_access_ref,source_refs,source_rule_ref,no_source,confidence,status,note
sch_household_child_pf_peasant_homestead_normal_autumn,2,,,normal,autumn,9|10|11,0,"[{""state_id"":""sleep_before_dawn"",""duration_minutes"":413,""runtime_status"":""sleeping"",""activity_ref"":""routine_sleep_before_dawn_v1"",""summary"":""Сон в своём дворе."",""activity_status"":""active"",""uses_current_activity"":false,""can_continue_automatically"":true,""decision_required"":false,""presence_state"":""on_site"",""location_ref"":""pf_peasant_homestead"",""absence_reason_ru"":""""},{""state_id"":""preparation"",""duration_minutes"":60,""runtime_status"":""available"",""activity_ref"":""routine_preparation_v1"",""summary"":""Утренние дела после восхода."",""activity_status"":""active"",""uses_current_activity"":false,""can_continue_automatically"":true,""decision_required"":false,""presence_state"":""on_site"",""location_ref"":""pf_peasant_homestead"",""absence_reason_ru"":""""},{""state_id"":""morning_work"",""duration_minutes"":247,""runtime_status"":""available"",""activity_ref"":""routine_morning_work_v1"",""summary"":""Домашние дела по возрасту и положению"",""activity_status"":""active"",""uses_current_activity"":false,""can_continue_automatically"":true,""decision_required"":false,""presence_state"":""on_site"",""location_ref"":""pf_peasant_homestead"",""absence_reason_ru"":""""},{""state_id"":""noon_meal"",""duration_minutes"":45,""runtime_status"":""available"",""activity_ref"":""routine_noon_meal_v1"",""summary"":""Полуденная трапеза (аналогия)."",""activity_status"":""active"",""uses_current_activity"":false,""can_continue_automatically"":true,""decision_required"":false,""presence_state"":""on_site"",""location_ref"":""pf_peasant_homestead"",""absence_reason_ru"":""""},{""state_id"":""post_meal_rest"",""duration_minutes"":90,""runtime_status"":""sleeping"",""activity_ref"":""routine_post_meal_rest_v1"",""summary"":""Послеобеденный отдых (аналогия; длительность редакционная)."",""activity_status"":""active"",""uses_current_activity"":false,""can_continue_automatically"":true,""decision_required"":false,""presence_state"":""on_site"",""location_ref"":""pf_peasant_homestead"",""absence_reason_ru"":""""},{""state_id"":""afternoon_work"",""duration_minutes"":81,""runtime_status"":""available"",""activity_ref"":""routine_afternoon_work_v1"",""summary"":""Домашние дела по возрасту и положению"",""activity_status"":""active"",""uses_current_activity"":false,""can_continue_automatically"":true,""decision_required"":false,""presence_state"":""on_site"",""location_ref"":""pf_peasant_homestead"",""absence_reason_ru"":""""},{""state_id"":""evening_return"",""duration_minutes"":60,""runtime_status"":""available"",""activity_ref"":""routine_evening_return_v1"",""summary"":""Завершает дела."",""activity_status"":""active"",""uses_current_activity"":false,""can_continue_automatically"":true,""decision_required"":false,""presence_state"":""on_site"",""location_ref"":""pf_peasant_homestead"",""absence_reason_ru"":""""},{""state_id"":""sleep_after_dusk"",""duration_minutes"":444,""runtime_status"":""sleeping"",""activity_ref"":""routine_sleep_after_dusk_v1"",""summary"":""Сон в своём дворе."",""activity_status"":""active"",""uses_current_activity"":false,""can_continue_automatically"":true,""decision_required"":false,""presence_state"":""on_site"",""location_ref"":""pf_peasant_homestead"",""absence_reason_ru"":""""}]",,book:622242 ¶519;places-binding/places/place_families.csv#pf_peasant_homestead;data/world-catalogs/novgorod/temporal-v4/datasets/calendar_daylight_light_profiles.json#record:calendar_daylight_light_profiles:novgorod_1230_1233_v2;book:375645 ¶964;book:375645 ¶965,rule:editorial_daylight_phase_partition_v2,no_source:exact_clock_times_and_individual_presence;no_source:child_role_not_catalogued,C,candidate,Сезонный распорядок-кандидат; конкретный человек и доступ требуют сцены.
sch_household_child_pf_peasant_homestead_normal_spring,2,,,normal,spring,3|4|5,0,"[{""state_id"":""sleep_before_dawn"",""duration_minutes"":268,""runtime_status"":""sleeping"",""activity_ref"":""routine_sleep_before_dawn_v1"",""summary"":""Сон в своём дворе."",""activity_status"":""active"",""uses_current_activity"":false,""can_continue_automatically"":true,""decision_required"":false,""presence_state"":""on_site"",""location_ref"":""pf_peasant_homestead"",""absence_reason_ru"":""""},{""state_id"":""preparation"",""duration_minutes"":60,""runtime_status"":""available"",""activity_ref"":""routine_preparation_v1"",""summary"":""Утренние дела после восхода."",""activity_status"":""active"",""uses_current_activity"":false,""can_continue_automatically"":true,""decision_required"":false,""presence_state"":""on_site"",""location_ref"":""pf_peasant_homestead"",""absence_reason_ru"":""""},{""state_id"":""morning_work"",""duration_minutes"":392,""runtime_status"":""available"",""activity_ref"":""routine_morning_work_v1"",""summary"":""Домашние дела по возрасту и положению"",""activity_status"":""active"",""uses_current_activity"":false,""can_continue_automatically"":true,""decision_required"":false,""presence_state"":""on_site"",""location_ref"":""pf_peasant_homestead"",""absence_reason_ru"":""""},{""state_id"":""noon_meal"",""duration_minutes"":45,""runtime_status"":""available"",""activity_ref"":""routine_noon_meal_v1"",""summary"":""Полуденная трапеза (аналогия)."",""activity_status"":""active"",""uses_current_activity"":false,""can_continue_automatically"":true,""decision_required"":false,""presence_state"":""on_site"",""location_ref"":""pf_peasant_homestead"",""absence_reason_ru"":""""},{""state_id"":""post_meal_rest"",""duration_minutes"":90,""runtime_status"":""sleeping"",""activity_ref"":""routine_post_meal_rest_v1"",""summary"":""Послеобеденный отдых (аналогия; длительность редакционная)."",""activity_status"":""active"",""uses_current_activity"":false,""can_continue_automatically"":true,""decision_required"":false,""presence_state"":""on_site"",""location_ref"":""pf_peasant_homestead"",""absence_reason_ru"":""""},{""state_id"":""afternoon_work"",""duration_minutes"":253,""runtime_status"":""available"",""activity_ref"":""routine_afternoon_work_v1"",""summary"":""Домашние дела по возрасту и положению"",""activity_status"":""active"",""uses_current_activity"":false,""can_continue_automatically"":true,""decision_required"":false,""presence_state"":""on_site"",""location_ref"":""pf_peasant_homestead"",""absence_reason_ru"":""""},{""state_id"":""evening_return"",""duration_minutes"":60,""runtime_status"":""available"",""activity_ref"":""routine_evening_return_v1"",""summary"":""Завершает дела."",""activity_status"":""active"",""uses_current_activity"":false,""can_continue_automatically"":true,""decision_required"":false,""presence_state"":""on_site"",""location_ref"":""pf_peasant_homestead"",""absence_reason_ru"":""""},{""state_id"":""sleep_after_dusk"",""duration_minutes"":272,""runtime_status"":""sleeping"",""activity_ref"":""routine_sleep_after_dusk_v1"",""summary"":""Сон в своём дворе."",""activity_status"":""active"",""uses_current_activity"":false,""can_continue_automatically"":true,""decision_required"":false,""presence_state"":""on_site"",""location_ref"":""pf_peasant_homestead"",""absence_reason_ru"":""""}]",,book:622242 ¶519;places-binding/places/place_families.csv#pf_peasant_homestead;data/world-catalogs/novgorod/temporal-v4/datasets/calendar_daylight_light_profiles.json#record:calendar_daylight_light_profiles:novgorod_1230_1233_v2;book:375645 ¶964;book:375645 ¶965,rule:editorial_daylight_phase_partition_v2,no_source:exact_clock_times_and_individual_presence;no_source:child_role_not_catalogued,C,candidate,Сезонный распорядок-кандидат; конкретный человек и доступ требуют сцены.
sch_household_child_pf_peasant_homestead_normal_summer,2,,,normal,summer,6|7|8,0,"[{""state_id"":""sleep_before_dawn"",""duration_minutes"":206,""runtime_status"":""sleeping"",""activity_ref"":""routine_sleep_before_dawn_v1"",""summary"":""Сон в своём дворе."",""activity_status"":""active"",""uses_current_activity"":false,""can_continue_automatically"":true,""decision_required"":false,""presence_state"":""on_site"",""location_ref"":""pf_peasant_homestead"",""absence_reason_ru"":""""},{""state_id"":""preparation"",""duration_minutes"":60,""runtime_status"":""available"",""activity_ref"":""routine_preparation_v1"",""summary"":""Утренние дела после восхода."",""activity_status"":""active"",""uses_current_activity"":false,""can_continue_automatically"":true,""decision_required"":false,""presence_state"":""on_site"",""location_ref"":""pf_peasant_homestead"",""absence_reason_ru"":""""},{""state_id"":""morning_work"",""duration_minutes"":454,""runtime_status"":""available"",""activity_ref"":""routine_morning_work_v1"",""summary"":""Домашние дела по возрасту и положению"",""activity_status"":""active"",""uses_current_activity"":false,""can_continue_automatically"":true,""decision_required"":false,""presence_state"":""on_site"",""location_ref"":""pf_peasant_homestead"",""absence_reason_ru"":""""},{""state_id"":""noon_meal"",""duration_minutes"":45,""runtime_status"":""available"",""activity_ref"":""routine_noon_meal_v1"",""summary"":""Полуденная трапеза (аналогия)."",""activity_status"":""active"",""uses_current_activity"":false,""can_continue_automatically"":true,""decision_required"":false,""presence_state"":""on_site"",""location_ref"":""pf_peasant_homestead"",""absence_reason_ru"":""""},{""state_id"":""post_meal_rest"",""duration_minutes"":90,""runtime_status"":""sleeping"",""activity_ref"":""routine_post_meal_rest_v1"",""summary"":""Послеобеденный отдых (аналогия; длительность редакционная)."",""activity_status"":""active"",""uses_current_activity"":false,""can_continue_automatically"":true,""decision_required"":false,""presence_state"":""on_site"",""location_ref"":""pf_peasant_homestead"",""absence_reason_ru"":""""},{""state_id"":""afternoon_work"",""duration_minutes"":328,""runtime_status"":""available"",""activity_ref"":""routine_afternoon_work_v1"",""summary"":""Домашние дела по возрасту и положению"",""activity_status"":""active"",""uses_current_activity"":false,""can_continue_automatically"":true,""decision_required"":false,""presence_state"":""on_site"",""location_ref"":""pf_peasant_homestead"",""absence_reason_ru"":""""},{""state_id"":""evening_return"",""duration_minutes"":60,""runtime_status"":""available"",""activity_ref"":""routine_evening_return_v1"",""summary"":""Завершает дела."",""activity_status"":""active"",""uses_current_activity"":false,""can_continue_automatically"":true,""decision_required"":false,""presence_state"":""on_site"",""location_ref"":""pf_peasant_homestead"",""absence_reason_ru"":""""},{""state_id"":""sleep_after_dusk"",""duration_minutes"":197,""runtime_status"":""sleeping"",""activity_ref"":""routine_sleep_after_dusk_v1"",""summary"":""Сон в своём дворе."",""activity_status"":""active"",""uses_current_activity"":false,""can_continue_automatically"":true,""decision_required"":false,""presence_state"":""on_site"",""location_ref"":""pf_peasant_homestead"",""absence_reason_ru"":""""}]",,book:622242 ¶519;places-binding/places/place_families.csv#pf_peasant_homestead;data/world-catalogs/novgorod/temporal-v4/datasets/calendar_daylight_light_profiles.json#record:calendar_daylight_light_profiles:novgorod_1230_1233_v2;book:375645 ¶964;book:375645 ¶965,rule:editorial_daylight_phase_partition_v2,no_source:exact_clock_times_and_individual_presence;no_source:child_role_not_catalogued,C,candidate,Сезонный распорядок-кандидат; конкретный человек и доступ требуют сцены.
sch_household_child_pf_peasant_homestead_normal_winter,2,,,normal,winter,12|1|2,0,"[{""state_id"":""sleep_before_dawn"",""duration_minutes"":508,""runtime_status"":""sleeping"",""activity_ref"":""routine_sleep_before_dawn_v1"",""summary"":""Сон в своём дворе."",""activity_status"":""active"",""uses_current_activity"":false,""can_continue_automatically"":true,""decision_required"":false,""presence_state"":""on_site"",""location_ref"":""pf_peasant_homestead"",""absence_reason_ru"":""""},{""state_id"":""preparation"",""duration_minutes"":60,""runtime_status"":""available"",""activity_ref"":""routine_preparation_v1"",""summary"":""Утренние дела после восхода."",""activity_status"":""active"",""uses_current_activity"":false,""can_continue_automatically"":true,""decision_required"":false,""presence_state"":""on_site"",""location_ref"":""pf_peasant_homestead"",""absence_reason_ru"":""""},{""state_id"":""morning_work"",""duration_minutes"":152,""runtime_status"":""available"",""activity_ref"":""routine_morning_work_v1"",""summary"":""Домашние дела по возрасту и положению"",""activity_status"":""active"",""uses_current_activity"":false,""can_continue_automatically"":true,""decision_required"":false,""presence_state"":""on_site"",""location_ref"":""pf_peasant_homestead"",""absence_reason_ru"":""""},{""state_id"":""noon_meal"",""duration_minutes"":45,""runtime_status"":""available"",""activity_ref"":""routine_noon_meal_v1"",""summary"":""Полуденная трапеза (аналогия)."",""activity_status"":""active"",""uses_current_activity"":false,""can_continue_automatically"":true,""decision_required"":false,""presence_state"":""on_site"",""location_ref"":""pf_peasant_homestead"",""absence_reason_ru"":""""},{""state_id"":""post_meal_rest"",""duration_minutes"":90,""runtime_status"":""sleeping"",""activity_ref"":""routine_post_meal_rest_v1"",""summary"":""Послеобеденный отдых (аналогия; длительность редакционная)."",""activity_status"":""active"",""uses_current_activity"":false,""can_continue_automatically"":true,""decision_required"":false,""presence_state"":""on_site"",""location_ref"":""pf_peasant_homestead"",""absence_reason_ru"":""""},{""state_id"":""afternoon_work"",""duration_minutes"":44,""runtime_status"":""available"",""activity_ref"":""routine_afternoon_work_v1"",""summary"":""Домашние дела по возрасту и положению"",""activity_status"":""active"",""uses_current_activity"":false,""can_continue_automatically"":true,""decision_required"":false,""presence_state"":""on_site"",""location_ref"":""pf_peasant_homestead"",""absence_reason_ru"":""""},{""state_id"":""evening_return"",""duration_minutes"":60,""runtime_status"":""available"",""activity_ref"":""routine_evening_return_v1"",""summary"":""Завершает дела."",""activity_status"":""active"",""uses_current_activity"":false,""can_continue_automatically"":true,""decision_required"":false,""presence_state"":""on_site"",""location_ref"":""pf_peasant_homestead"",""absence_reason_ru"":""""},{""state_id"":""sleep_after_dusk"",""duration_minutes"":481,""runtime_status"":""sleeping"",""activity_ref"":""routine_sleep_after_dusk_v1"",""summary"":""Сон в своём дворе."",""activity_status"":""active"",""uses_current_activity"":false,""can_continue_automatically"":true,""decision_required"":false,""presence_state"":""on_site"",""location_ref"":""pf_peasant_homestead"",""absence_reason_ru"":""""}]",,book:622242 ¶519;places-binding/places/place_families.csv#pf_peasant_homestead;data/world-catalogs/novgorod/temporal-v4/datasets/calendar_daylight_light_profiles.json#record:calendar_daylight_light_profiles:novgorod_1230_1233_v2;book:375645 ¶964;book:375645 ¶965,rule:editorial_daylight_phase_partition_v2,no_source:exact_clock_times_and_individual_presence;no_source:child_role_not_catalogued,C,candidate,Сезонный распорядок-кандидат; конкретный человек и доступ требуют сцены.
sch_nov_occ_blacksmith_pf_smithy_normal_autumn,2,nov_role_craftsman_master,nov_occ_blacksmith,normal,autumn,9|10|11,0,"[{""state_id"":""sleep_before_dawn"",""duration_minutes"":413,""runtime_status"":""sleeping"",""activity_ref"":""routine_sleep_before_dawn_v1"",""summary"":""Ночной сон; место неизвестно."",""activity_status"":""active"",""uses_current_activity"":false,""can_continue_automatically"":true,""decision_required"":false,""presence_state"":""away"",""location_ref"":"""",""absence_reason_ru"":""ночлег требует индивидуальной привязки""},{""state_id"":""preparation"",""duration_minutes"":60,""runtime_status"":""available"",""activity_ref"":""routine_preparation_v1"",""summary"":""Утренние дела после восхода."",""activity_status"":""active"",""uses_current_activity"":false,""can_continue_automatically"":true,""decision_required"":false,""presence_state"":""on_site"",""location_ref"":""pf_smithy"",""absence_reason_ru"":""""},{""state_id"":""morning_work"",""duration_minutes"":247,""runtime_status"":""available"",""activity_ref"":""routine_morning_work_v1"",""summary"":""занят кузнечной работой"",""activity_status"":""active"",""uses_current_activity"":false,""can_continue_automatically"":true,""decision_required"":false,""presence_state"":""on_site"",""location_ref"":""pf_smithy"",""absence_reason_ru"":""""},{""state_id"":""noon_meal"",""duration_minutes"":45,""runtime_status"":""available"",""activity_ref"":""routine_noon_meal_v1"",""summary"":""Полуденная трапеза (аналогия)."",""activity_status"":""active"",""uses_current_activity"":false,""can_continue_automatically"":true,""decision_required"":false,""presence_state"":""on_site"",""location_ref"":""pf_smithy"",""absence_reason_ru"":""""},{""state_id"":""post_meal_rest"",""duration_minutes"":90,""runtime_status"":""sleeping"",""activity_ref"":""routine_post_meal_rest_v1"",""summary"":""Послеобеденный отдых (аналогия; длительность редакционная)."",""activity_status"":""active"",""uses_current_activity"":false,""can_continue_automatically"":true,""decision_required"":false,""presence_state"":""on_site"",""location_ref"":""pf_smithy"",""absence_reason_ru"":""""},{""state_id"":""afternoon_work"",""duration_minutes"":81,""runtime_status"":""available"",""activity_ref"":""routine_afternoon_work_v1"",""summary"":""занят кузнечной работой"",""activity_status"":""active"",""uses_current_activity"":false,""can_continue_automatically"":true,""decision_required"":false,""presence_state"":""on_site"",""location_ref"":""pf_smithy"",""absence_reason_ru"":""""},{""state_id"":""evening_return"",""duration_minutes"":60,""runtime_status"":""available"",""activity_ref"":""routine_evening_return_v1"",""summary"":""Завершает дела."",""activity_status"":""active"",""uses_current_activity"":false,""can_continue_automatically"":true,""decision_required"":false,""presence_state"":""on_site"",""location_ref"":""pf_smithy"",""absence_reason_ru"":""""},{""state_id"":""sleep_after_dusk"",""duration_minutes"":444,""runtime_status"":""sleeping"",""activity_ref"":""routine_sleep_after_dusk_v1"",""summary"":""Ночной сон; место неизвестно."",""activity_status"":""active"",""uses_current_activity"":false,""can_continue_automatically"":true,""decision_required"":false,""presence_state"":""away"",""location_ref"":"""",""absence_reason_ru"":""ночлег требует индивидуальной привязки""}]",,data/novgorod-region/novgorod_occupations_v1_enriched.tsv#nov_occ_blacksmith:where_work_happens;places-binding/places/place_families.csv#pf_smithy;data/world-catalogs/novgorod/temporal-v4/datasets/calendar_daylight_light_profiles.json#record:calendar_daylight_light_profiles:novgorod_1230_1233_v2;book:375645 ¶964;book:375645 ¶965,rule:editorial_daylight_phase_partition_v2,no_source:exact_clock_times_and_individual_presence,C,candidate,Сезонный распорядок-кандидат; конкретный человек и доступ требуют сцены.
sch_nov_occ_blacksmith_pf_smithy_normal_spring,2,nov_role_craftsman_master,nov_occ_blacksmith,normal,spring,3|4|5,0,"[{""state_id"":""sleep_before_dawn"",""duration_minutes"":268,""runtime_status"":""sleeping"",""activity_ref"":""routine_sleep_before_dawn_v1"",""summary"":""Ночной сон; место неизвестно."",""activity_status"":""active"",""uses_current_activity"":false,""can_continue_automatically"":true,""decision_required"":false,""presence_state"":""away"",""location_ref"":"""",""absence_reason_ru"":""ночлег требует индивидуальной привязки""},{""state_id"":""preparation"",""duration_minutes"":60,""runtime_status"":""available"",""activity_ref"":""routine_preparation_v1"",""summary"":""Утренние дела после восхода."",""activity_status"":""active"",""uses_current_activity"":false,""can_continue_automatically"":true,""decision_required"":false,""presence_state"":""on_site"",""location_ref"":""pf_smithy"",""absence_reason_ru"":""""},{""state_id"":""morning_work"",""duration_minutes"":392,""runtime_status"":""available"",""activity_ref"":""routine_morning_work_v1"",""summary"":""занят кузнечной работой"",""activity_status"":""active"",""uses_current_activity"":false,""can_continue_automatically"":true,""decision_required"":false,""presence_state"":""on_site"",""location_ref"":""pf_smithy"",""absence_reason_ru"":""""},{""state_id"":""noon_meal"",""duration_minutes"":45,""runtime_status"":""available"",""activity_ref"":""routine_noon_meal_v1"",""summary"":""Полуденная трапеза (аналогия)."",""activity_status"":""active"",""uses_current_activity"":false,""can_continue_automatically"":true,""decision_required"":false,""presence_state"":""on_site"",""location_ref"":""pf_smithy"",""absence_reason_ru"":""""},{""state_id"":""post_meal_rest"",""duration_minutes"":90,""runtime_status"":""sleeping"",""activity_ref"":""routine_post_meal_rest_v1"",""summary"":""Послеобеденный отдых (аналогия; длительность редакционная)."",""activity_status"":""active"",""uses_current_activity"":false,""can_continue_automatically"":true,""decision_required"":false,""presence_state"":""on_site"",""location_ref"":""pf_smithy"",""absence_reason_ru"":""""},{""state_id"":""afternoon_work"",""duration_minutes"":253,""runtime_status"":""available"",""activity_ref"":""routine_afternoon_work_v1"",""summary"":""занят кузнечной работой"",""activity_status"":""active"",""uses_current_activity"":false,""can_continue_automatically"":true,""decision_required"":false,""presence_state"":""on_site"",""location_ref"":""pf_smithy"",""absence_reason_ru"":""""},{""state_id"":""evening_return"",""duration_minutes"":60,""runtime_status"":""available"",""activity_ref"":""routine_evening_return_v1"",""summary"":""Завершает дела."",""activity_status"":""active"",""uses_current_activity"":false,""can_continue_automatically"":true,""decision_required"":false,""presence_state"":""on_site"",""location_ref"":""pf_smithy"",""absence_reason_ru"":""""},{""state_id"":""sleep_after_dusk"",""duration_minutes"":272,""runtime_status"":""sleeping"",""activity_ref"":""routine_sleep_after_dusk_v1"",""summary"":""Ночной сон; место неизвестно."",""activity_status"":""active"",""uses_current_activity"":false,""can_continue_automatically"":true,""decision_required"":false,""presence_state"":""away"",""location_ref"":"""",""absence_reason_ru"":""ночлег требует индивидуальной привязки""}]",,data/novgorod-region/novgorod_occupations_v1_enriched.tsv#nov_occ_blacksmith:where_work_happens;places-binding/places/place_families.csv#pf_smithy;data/world-catalogs/novgorod/temporal-v4/datasets/calendar_daylight_light_profiles.json#record:calendar_daylight_light_profiles:novgorod_1230_1233_v2;book:375645 ¶964;book:375645 ¶965,rule:editorial_daylight_phase_partition_v2,no_source:exact_clock_times_and_individual_presence,C,candidate,Сезонный распорядок-кандидат; конкретный человек и доступ требуют сцены.
sch_nov_occ_blacksmith_pf_smithy_normal_summer,2,nov_role_craftsman_master,nov_occ_blacksmith,normal,summer,6|7|8,0,"[{""state_id"":""sleep_before_dawn"",""duration_minutes"":206,""runtime_status"":""sleeping"",""activity_ref"":""routine_sleep_before_dawn_v1"",""summary"":""Ночной сон; место неизвестно."",""activity_status"":""active"",""uses_current_activity"":false,""can_continue_automatically"":true,""decision_required"":false,""presence_state"":""away"",""location_ref"":"""",""absence_reason_ru"":""ночлег требует индивидуальной привязки""},{""state_id"":""preparation"",""duration_minutes"":60,""runtime_status"":""available"",""activity_ref"":""routine_preparation_v1"",""summary"":""Утренние дела после восхода."",""activity_status"":""active"",""uses_current_activity"":false,""can_continue_automatically"":true,""decision_required"":false,""presence_state"":""on_site"",""location_ref"":""pf_smithy"",""absence_reason_ru"":""""},{""state_id"":""morning_work"",""duration_minutes"":454,""runtime_status"":""available"",""activity_ref"":""routine_morning_work_v1"",""summary"":""занят кузнечной работой"",""activity_status"":""active"",""uses_current_activity"":false,""can_continue_automatically"":true,""decision_required"":false,""presence_state"":""on_site"",""location_ref"":""pf_smithy"",""absence_reason_ru"":""""},{""state_id"":""noon_meal"",""duration_minutes"":45,""runtime_status"":""available"",""activity_ref"":""routine_noon_meal_v1"",""summary"":""Полуденная трапеза (аналогия)."",""activity_status"":""active"",""uses_current_activity"":false,""can_continue_automatically"":true,""decision_required"":false,""presence_state"":""on_site"",""location_ref"":""pf_smithy"",""absence_reason_ru"":""""},{""state_id"":""post_meal_rest"",""duration_minutes"":90,""runtime_status"":""sleeping"",""activity_ref"":""routine_post_meal_rest_v1"",""summary"":""Послеобеденный отдых (аналогия; длительность редакционная)."",""activity_status"":""active"",""uses_current_activity"":false,""can_continue_automatically"":true,""decision_required"":false,""presence_state"":""on_site"",""location_ref"":""pf_smithy"",""absence_reason_ru"":""""},{""state_id"":""afternoon_work"",""duration_minutes"":328,""runtime_status"":""available"",""activity_ref"":""routine_afternoon_work_v1"",""summary"":""занят кузнечной работой"",""activity_status"":""active"",""uses_current_activity"":false,""can_continue_automatically"":true,""decision_required"":false,""presence_state"":""on_site"",""location_ref"":""pf_smithy"",""absence_reason_ru"":""""},{""state_id"":""evening_return"",""duration_minutes"":60,""runtime_status"":""available"",""activity_ref"":""routine_evening_return_v1"",""summary"":""Завершает дела."",""activity_status"":""active"",""uses_current_activity"":false,""can_continue_automatically"":true,""decision_required"":false,""presence_state"":""on_site"",""location_ref"":""pf_smithy"",""absence_reason_ru"":""""},{""state_id"":""sleep_after_dusk"",""duration_minutes"":197,""runtime_status"":""sleeping"",""activity_ref"":""routine_sleep_after_dusk_v1"",""summary"":""Ночной сон; место неизвестно."",""activity_status"":""active"",""uses_current_activity"":false,""can_continue_automatically"":true,""decision_required"":false,""presence_state"":""away"",""location_ref"":"""",""absence_reason_ru"":""ночлег требует индивидуальной привязки""}]",,data/novgorod-region/novgorod_occupations_v1_enriched.tsv#nov_occ_blacksmith:where_work_happens;places-binding/places/place_families.csv#pf_smithy;data/world-catalogs/novgorod/temporal-v4/datasets/calendar_daylight_light_profiles.json#record:calendar_daylight_light_profiles:novgorod_1230_1233_v2;book:375645 ¶964;book:375645 ¶965,rule:editorial_daylight_phase_partition_v2,no_source:exact_clock_times_and_individual_presence,C,candidate,Сезонный распорядок-кандидат; конкретный человек и доступ требуют сцены.
sch_nov_occ_blacksmith_pf_smithy_normal_winter,2,nov_role_craftsman_master,nov_occ_blacksmith,normal,winter,12|1|2,0,"[{""state_id"":""sleep_before_dawn"",""duration_minutes"":508,""runtime_status"":""sleeping"",""activity_ref"":""routine_sleep_before_dawn_v1"",""summary"":""Ночной сон; место неизвестно."",""activity_status"":""active"",""uses_current_activity"":false,""can_continue_automatically"":true,""decision_required"":false,""presence_state"":""away"",""location_ref"":"""",""absence_reason_ru"":""ночлег требует индивидуальной привязки""},{""state_id"":""preparation"",""duration_minutes"":60,""runtime_status"":""available"",""activity_ref"":""routine_preparation_v1"",""summary"":""Утренние дела после восхода."",""activity_status"":""active"",""uses_current_activity"":false,""can_continue_automatically"":true,""decision_required"":false,""presence_state"":""on_site"",""location_ref"":""pf_smithy"",""absence_reason_ru"":""""},{""state_id"":""morning_work"",""duration_minutes"":152,""runtime_status"":""available"",""activity_ref"":""routine_morning_work_v1"",""summary"":""занят кузнечной работой"",""activity_status"":""active"",""uses_current_activity"":false,""can_continue_automatically"":true,""decision_required"":false,""presence_state"":""on_site"",""location_ref"":""pf_smithy"",""absence_reason_ru"":""""},{""state_id"":""noon_meal"",""duration_minutes"":45,""runtime_status"":""available"",""activity_ref"":""routine_noon_meal_v1"",""summary"":""Полуденная трапеза (аналогия)."",""activity_status"":""active"",""uses_current_activity"":false,""can_continue_automatically"":true,""decision_required"":false,""presence_state"":""on_site"",""location_ref"":""pf_smithy"",""absence_reason_ru"":""""},{""state_id"":""post_meal_rest"",""duration_minutes"":90,""runtime_status"":""sleeping"",""activity_ref"":""routine_post_meal_rest_v1"",""summary"":""Послеобеденный отдых (аналогия; длительность редакционная)."",""activity_status"":""active"",""uses_current_activity"":false,""can_continue_automatically"":true,""decision_required"":false,""presence_state"":""on_site"",""location_ref"":""pf_smithy"",""absence_reason_ru"":""""},{""state_id"":""afternoon_work"",""duration_minutes"":44,""runtime_status"":""available"",""activity_ref"":""routine_afternoon_work_v1"",""summary"":""занят кузнечной работой"",""activity_status"":""active"",""uses_current_activity"":false,""can_continue_automatically"":true,""decision_required"":false,""presence_state"":""on_site"",""location_ref"":""pf_smithy"",""absence_reason_ru"":""""},{""state_id"":""evening_return"",""duration_minutes"":60,""runtime_status"":""available"",""activity_ref"":""routine_evening_return_v1"",""summary"":""Завершает дела."",""activity_status"":""active"",""uses_current_activity"":false,""can_continue_automatically"":true,""decision_required"":false,""presence_state"":""on_site"",""location_ref"":""pf_smithy"",""absence_reason_ru"":""""},{""state_id"":""sleep_after_dusk"",""duration_minutes"":481,""runtime_status"":""sleeping"",""activity_ref"":""routine_sleep_after_dusk_v1"",""summary"":""Ночной сон; место неизвестно."",""activity_status"":""active"",""uses_current_activity"":false,""can_continue_automatically"":true,""decision_required"":false,""presence_state"":""away"",""location_ref"":"""",""absence_reason_ru"":""ночлег требует индивидуальной привязки""}]",,data/novgorod-region/novgorod_occupations_v1_enriched.tsv#nov_occ_blacksmith:where_work_happens;places-binding/places/place_families.csv#pf_smithy;data/world-catalogs/novgorod/temporal-v4/datasets/calendar_daylight_light_profiles.json#record:calendar_daylight_light_profiles:novgorod_1230_1233_v2;book:375645 ¶964;book:375645 ¶965,rule:editorial_daylight_phase_partition_v2,no_source:exact_clock_times_and_individual_presence,C,candidate,Сезонный распорядок-кандидат; конкретный человек и доступ требуют сцены.
sch_nov_occ_boatman_pf_river_channel_normal_autumn,2,nov_role_boatman,nov_occ_boatman,normal,autumn,9|10|11,0,"[{""state_id"":""sleep_before_dawn"",""duration_minutes"":413,""runtime_status"":""sleeping"",""activity_ref"":""routine_sleep_before_dawn_v1"",""summary"":""Ночной сон; место неизвестно."",""activity_status"":""active"",""uses_current_activity"":false,""can_continue_automatically"":true,""decision_required"":false,""presence_state"":""away"",""location_ref"":"""",""absence_reason_ru"":""ночлег требует индивидуальной привязки""},{""state_id"":""preparation"",""duration_minutes"":60,""runtime_status"":""available"",""activity_ref"":""routine_preparation_v1"",""summary"":""Утренние дела после восхода."",""activity_status"":""active"",""uses_current_activity"":false,""can_continue_automatically"":true,""decision_required"":false,""presence_state"":""on_site"",""location_ref"":""pf_river_channel"",""absence_reason_ru"":""""},{""state_id"":""morning_work"",""duration_minutes"":247,""runtime_status"":""available"",""activity_ref"":""routine_morning_work_v1"",""summary"":""утро: сбор, ремонт, закупка; день: заготовки, торг, дороги до распутицы; вечер: учёт запасов; ночь холоднее и опаснее"",""activity_status"":""active"",""uses_current_activity"":false,""can_continue_automatically"":true,""decision_required"":false,""presence_state"":""on_site"",""location_ref"":""pf_river_channel"",""absence_reason_ru"":""""},{""state_id"":""noon_meal"",""duration_minutes"":45,""runtime_status"":""available"",""activity_ref"":""routine_noon_meal_v1"",""summary"":""Полуденная трапеза (аналогия)."",""activity_status"":""active"",""uses_current_activity"":false,""can_continue_automatically"":true,""decision_required"":false,""presence_state"":""on_site"",""location_ref"":""pf_river_channel"",""absence_reason_ru"":""""},{""state_id"":""post_meal_rest"",""duration_minutes"":90,""runtime_status"":""sleeping"",""activity_ref"":""routine_post_meal_rest_v1"",""summary"":""Послеобеденный отдых (аналогия; длительность редакционная)."",""activity_status"":""active"",""uses_current_activity"":false,""can_continue_automatically"":true,""decision_required"":false,""presence_state"":""on_site"",""location_ref"":""pf_river_channel"",""absence_reason_ru"":""""},{""state_id"":""afternoon_work"",""duration_minutes"":81,""runtime_status"":""available"",""activity_ref"":""routine_afternoon_work_v1"",""summary"":""утро: сбор, ремонт, закупка; день: заготовки, торг, дороги до распутицы; вечер: учёт запасов; ночь холоднее и опаснее"",""activity_status"":""active"",""uses_current_activity"":false,""can_continue_automatically"":true,""decision_required"":false,""presence_state"":""on_site"",""location_ref"":""pf_river_channel"",""absence_reason_ru"":""""},{""state_id"":""evening_return"",""duration_minutes"":60,""runtime_status"":""available"",""activity_ref"":""routine_evening_return_v1"",""summary"":""Завершает дела."",""activity_status"":""active"",""uses_current_activity"":false,""can_continue_automatically"":true,""decision_required"":false,""presence_state"":""on_site"",""location_ref"":""pf_river_channel"",""absence_reason_ru"":""""},{""state_id"":""sleep_after_dusk"",""duration_minutes"":444,""runtime_status"":""sleeping"",""activity_ref"":""routine_sleep_after_dusk_v1"",""summary"":""Ночной сон; место неизвестно."",""activity_status"":""active"",""uses_current_activity"":false,""can_continue_automatically"":true,""decision_required"":false,""presence_state"":""away"",""location_ref"":"""",""absence_reason_ru"":""ночлег требует индивидуальной привязки""}]",,data/novgorod-region/novgorod_occupations_v1_enriched.tsv#nov_occ_boatman:daily_schedule_autumn;places-binding/places/place_families.csv#pf_river_channel;data/world-catalogs/novgorod/temporal-v4/datasets/calendar_daylight_light_profiles.json#record:calendar_daylight_light_profiles:novgorod_1230_1233_v2;book:375645 ¶964;book:375645 ¶965;places-binding/presence/people_presence_authoring.csv#nov_occ_boatman,rule:editorial_daylight_phase_partition_v2,no_source:exact_clock_times_and_individual_presence,C,candidate,Сезонный распорядок-кандидат; конкретный человек и доступ требуют сцены.
sch_nov_occ_boatman_pf_river_channel_normal_spring,2,nov_role_boatman,nov_occ_boatman,normal,spring,3|4|5,0,"[{""state_id"":""sleep_before_dawn"",""duration_minutes"":268,""runtime_status"":""sleeping"",""activity_ref"":""routine_sleep_before_dawn_v1"",""summary"":""Ночной сон; место неизвестно."",""activity_status"":""active"",""uses_current_activity"":false,""can_continue_automatically"":true,""decision_required"":false,""presence_state"":""away"",""location_ref"":"""",""absence_reason_ru"":""ночлег требует индивидуальной привязки""},{""state_id"":""preparation"",""duration_minutes"":60,""runtime_status"":""available"",""activity_ref"":""routine_preparation_v1"",""summary"":""Утренние дела после восхода."",""activity_status"":""active"",""uses_current_activity"":false,""can_continue_automatically"":true,""decision_required"":false,""presence_state"":""on_site"",""location_ref"":""pf_river_channel"",""absence_reason_ru"":""""},{""state_id"":""morning_work"",""duration_minutes"":392,""runtime_status"":""available"",""activity_ref"":""routine_morning_work_v1"",""summary"":""утро: проверка грязи, воды и доступа; день: работа замедлена распутицей; вечер: возврат раньше; ночь: дороги и перевозы рискованны"",""activity_status"":""active"",""uses_current_activity"":false,""can_continue_automatically"":true,""decision_required"":false,""presence_state"":""on_site"",""location_ref"":""pf_river_channel"",""absence_reason_ru"":""""},{""state_id"":""noon_meal"",""duration_minutes"":45,""runtime_status"":""available"",""activity_ref"":""routine_noon_meal_v1"",""summary"":""Полуденная трапеза (аналогия)."",""activity_status"":""active"",""uses_current_activity"":false,""can_continue_automatically"":true,""decision_required"":false,""presence_state"":""on_site"",""location_ref"":""pf_river_channel"",""absence_reason_ru"":""""},{""state_id"":""post_meal_rest"",""duration_minutes"":90,""runtime_status"":""sleeping"",""activity_ref"":""routine_post_meal_rest_v1"",""summary"":""Послеобеденный отдых (аналогия; длительность редакционная)."",""activity_status"":""active"",""uses_current_activity"":false,""can_continue_automatically"":true,""decision_required"":false,""presence_state"":""on_site"",""location_ref"":""pf_river_channel"",""absence_reason_ru"":""""},{""state_id"":""afternoon_work"",""duration_minutes"":253,""runtime_status"":""available"",""activity_ref"":""routine_afternoon_work_v1"",""summary"":""утро: проверка грязи, воды и доступа; день: работа замедлена распутицей; вечер: возврат раньше; ночь: дороги и перевозы рискованны"",""activity_status"":""active"",""uses_current_activity"":false,""can_continue_automatically"":true,""decision_required"":false,""presence_state"":""on_site"",""location_ref"":""pf_river_channel"",""absence_reason_ru"":""""},{""state_id"":""evening_return"",""duration_minutes"":60,""runtime_status"":""available"",""activity_ref"":""routine_evening_return_v1"",""summary"":""Завершает дела."",""activity_status"":""active"",""uses_current_activity"":false,""can_continue_automatically"":true,""decision_required"":false,""presence_state"":""on_site"",""location_ref"":""pf_river_channel"",""absence_reason_ru"":""""},{""state_id"":""sleep_after_dusk"",""duration_minutes"":272,""runtime_status"":""sleeping"",""activity_ref"":""routine_sleep_after_dusk_v1"",""summary"":""Ночной сон; место неизвестно."",""activity_status"":""active"",""uses_current_activity"":false,""can_continue_automatically"":true,""decision_required"":false,""presence_state"":""away"",""location_ref"":"""",""absence_reason_ru"":""ночлег требует индивидуальной привязки""}]",,data/novgorod-region/novgorod_occupations_v1_enriched.tsv#nov_occ_boatman:daily_schedule_spring_rasputitsa;places-binding/places/place_families.csv#pf_river_channel;data/world-catalogs/novgorod/temporal-v4/datasets/calendar_daylight_light_profiles.json#record:calendar_daylight_light_profiles:novgorod_1230_1233_v2;book:375645 ¶964;book:375645 ¶965;places-binding/presence/people_presence_authoring.csv#nov_occ_boatman,rule:editorial_daylight_phase_partition_v2,no_source:exact_clock_times_and_individual_presence,C,candidate,Сезонный распорядок-кандидат; конкретный человек и доступ требуют сцены.
sch_nov_occ_boatman_pf_river_channel_normal_summer,2,nov_role_boatman,nov_occ_boatman,normal,summer,6|7|8,0,"[{""state_id"":""sleep_before_dawn"",""duration_minutes"":206,""runtime_status"":""sleeping"",""activity_ref"":""routine_sleep_before_dawn_v1"",""summary"":""Ночной сон; место неизвестно."",""activity_status"":""active"",""uses_current_activity"":false,""can_continue_automatically"":true,""decision_required"":false,""presence_state"":""away"",""location_ref"":"""",""absence_reason_ru"":""ночлег требует индивидуальной привязки""},{""state_id"":""preparation"",""duration_minutes"":60,""runtime_status"":""available"",""activity_ref"":""routine_preparation_v1"",""summary"":""Утренние дела после восхода."",""activity_status"":""active"",""uses_current_activity"":false,""can_continue_automatically"":true,""decision_required"":false,""presence_state"":""on_site"",""location_ref"":""pf_river_channel"",""absence_reason_ru"":""""},{""state_id"":""morning_work"",""duration_minutes"":454,""runtime_status"":""available"",""activity_ref"":""routine_morning_work_v1"",""summary"":""утро раннее; день длинный и трудовой; вечер занят запасами, скотом, лодками или товаром; ночь возможна для сторожи, рыбы и дороги"",""activity_status"":""active"",""uses_current_activity"":false,""can_continue_automatically"":true,""decision_required"":false,""presence_state"":""on_site"",""location_ref"":""pf_river_channel"",""absence_reason_ru"":""""},{""state_id"":""noon_meal"",""duration_minutes"":45,""runtime_status"":""available"",""activity_ref"":""routine_noon_meal_v1"",""summary"":""Полуденная трапеза (аналогия)."",""activity_status"":""active"",""uses_current_activity"":false,""can_continue_automatically"":true,""decision_required"":false,""presence_state"":""on_site"",""location_ref"":""pf_river_channel"",""absence_reason_ru"":""""},{""state_id"":""post_meal_rest"",""duration_minutes"":90,""runtime_status"":""sleeping"",""activity_ref"":""routine_post_meal_rest_v1"",""summary"":""Послеобеденный отдых (аналогия; длительность редакционная)."",""activity_status"":""active"",""uses_current_activity"":false,""can_continue_automatically"":true,""decision_required"":false,""presence_state"":""on_site"",""location_ref"":""pf_river_channel"",""absence_reason_ru"":""""},{""state_id"":""afternoon_work"",""duration_minutes"":328,""runtime_status"":""available"",""activity_ref"":""routine_afternoon_work_v1"",""summary"":""утро раннее; день длинный и трудовой; вечер занят запасами, скотом, лодками или товаром; ночь возможна для сторожи, рыбы и дороги"",""activity_status"":""active"",""uses_current_activity"":false,""can_continue_automatically"":true,""decision_required"":false,""presence_state"":""on_site"",""location_ref"":""pf_river_channel"",""absence_reason_ru"":""""},{""state_id"":""evening_return"",""duration_minutes"":60,""runtime_status"":""available"",""activity_ref"":""routine_evening_return_v1"",""summary"":""Завершает дела."",""activity_status"":""active"",""uses_current_activity"":false,""can_continue_automatically"":true,""decision_required"":false,""presence_state"":""on_site"",""location_ref"":""pf_river_channel"",""absence_reason_ru"":""""},{""state_id"":""sleep_after_dusk"",""duration_minutes"":197,""runtime_status"":""sleeping"",""activity_ref"":""routine_sleep_after_dusk_v1"",""summary"":""Ночной сон; место неизвестно."",""activity_status"":""active"",""uses_current_activity"":false,""can_continue_automatically"":true,""decision_required"":false,""presence_state"":""away"",""location_ref"":"""",""absence_reason_ru"":""ночлег требует индивидуальной привязки""}]",,data/novgorod-region/novgorod_occupations_v1_enriched.tsv#nov_occ_boatman:daily_schedule_summer;places-binding/places/place_families.csv#pf_river_channel;data/world-catalogs/novgorod/temporal-v4/datasets/calendar_daylight_light_profiles.json#record:calendar_daylight_light_profiles:novgorod_1230_1233_v2;book:375645 ¶964;book:375645 ¶965;places-binding/presence/people_presence_authoring.csv#nov_occ_boatman,rule:editorial_daylight_phase_partition_v2,no_source:exact_clock_times_and_individual_presence,C,candidate,Сезонный распорядок-кандидат; конкретный человек и доступ требуют сцены.
sch_nov_occ_boatman_pf_river_channel_normal_winter,2,nov_role_boatman,nov_occ_boatman,normal,winter,12|1|2,0,"[{""state_id"":""sleep_before_dawn"",""duration_minutes"":508,""runtime_status"":""sleeping"",""activity_ref"":""routine_sleep_before_dawn_v1"",""summary"":""Ночной сон; место неизвестно."",""activity_status"":""active"",""uses_current_activity"":false,""can_continue_automatically"":true,""decision_required"":false,""presence_state"":""away"",""location_ref"":"""",""absence_reason_ru"":""ночлег требует индивидуальной привязки""},{""state_id"":""preparation"",""duration_minutes"":60,""runtime_status"":""available"",""activity_ref"":""routine_preparation_v1"",""summary"":""Утренние дела после восхода."",""activity_status"":""active"",""uses_current_activity"":false,""can_continue_automatically"":true,""decision_required"":false,""presence_state"":""on_site"",""location_ref"":""pf_river_channel"",""absence_reason_ru"":""""},{""state_id"":""morning_work"",""duration_minutes"":152,""runtime_status"":""available"",""activity_ref"":""routine_morning_work_v1"",""summary"":""утро позднее и короче; день: зимний путь, ремонт, скот, склад или внутренняя работа; вечер ранний; ночь опасна из-за холода и темноты"",""activity_status"":""active"",""uses_current_activity"":false,""can_continue_automatically"":true,""decision_required"":false,""presence_state"":""on_site"",""location_ref"":""pf_river_channel"",""absence_reason_ru"":""""},{""state_id"":""noon_meal"",""duration_minutes"":45,""runtime_status"":""available"",""activity_ref"":""routine_noon_meal_v1"",""summary"":""Полуденная трапеза (аналогия)."",""activity_status"":""active"",""uses_current_activity"":false,""can_continue_automatically"":true,""decision_required"":false,""presence_state"":""on_site"",""location_ref"":""pf_river_channel"",""absence_reason_ru"":""""},{""state_id"":""post_meal_rest"",""duration_minutes"":90,""runtime_status"":""sleeping"",""activity_ref"":""routine_post_meal_rest_v1"",""summary"":""Послеобеденный отдых (аналогия; длительность редакционная)."",""activity_status"":""active"",""uses_current_activity"":false,""can_continue_automatically"":true,""decision_required"":false,""presence_state"":""on_site"",""location_ref"":""pf_river_channel"",""absence_reason_ru"":""""},{""state_id"":""afternoon_work"",""duration_minutes"":44,""runtime_status"":""available"",""activity_ref"":""routine_afternoon_work_v1"",""summary"":""утро позднее и короче; день: зимний путь, ремонт, скот, склад или внутренняя работа; вечер ранний; ночь опасна из-за холода и темноты"",""activity_status"":""active"",""uses_current_activity"":false,""can_continue_automatically"":true,""decision_required"":false,""presence_state"":""on_site"",""location_ref"":""pf_river_channel"",""absence_reason_ru"":""""},{""state_id"":""evening_return"",""duration_minutes"":60,""runtime_status"":""available"",""activity_ref"":""routine_evening_return_v1"",""summary"":""Завершает дела."",""activity_status"":""active"",""uses_current_activity"":false,""can_continue_automatically"":true,""decision_required"":false,""presence_state"":""on_site"",""location_ref"":""pf_river_channel"",""absence_reason_ru"":""""},{""state_id"":""sleep_after_dusk"",""duration_minutes"":481,""runtime_status"":""sleeping"",""activity_ref"":""routine_sleep_after_dusk_v1"",""summary"":""Ночной сон; место неизвестно."",""activity_status"":""active"",""uses_current_activity"":false,""can_continue_automatically"":true,""decision_required"":false,""presence_state"":""away"",""location_ref"":"""",""absence_reason_ru"":""ночлег требует индивидуальной привязки""}]",,data/novgorod-region/novgorod_occupations_v1_enriched.tsv#nov_occ_boatman:daily_schedule_winter;places-binding/places/place_families.csv#pf_river_channel;data/world-catalogs/novgorod/temporal-v4/datasets/calendar_daylight_light_profiles.json#record:calendar_daylight_light_profiles:novgorod_1230_1233_v2;book:375645 ¶964;book:375645 ¶965;places-binding/presence/people_presence_authoring.csv#nov_occ_boatman,rule:editorial_daylight_phase_partition_v2,no_source:exact_clock_times_and_individual_presence,C,candidate,Сезонный распорядок-кандидат; конкретный человек и доступ требуют сцены.
sch_nov_occ_carpenter_pf_ordinary_workshop_normal_autumn,2,nov_role_craftsman_master,nov_occ_carpenter,normal,autumn,9|10|11,0,"[{""state_id"":""sleep_before_dawn"",""duration_minutes"":413,""runtime_status"":""sleeping"",""activity_ref"":""routine_sleep_before_dawn_v1"",""summary"":""Ночной сон; место неизвестно."",""activity_status"":""active"",""uses_current_activity"":false,""can_continue_automatically"":true,""decision_required"":false,""presence_state"":""away"",""location_ref"":"""",""absence_reason_ru"":""ночлег требует индивидуальной привязки""},{""state_id"":""preparation"",""duration_minutes"":60,""runtime_status"":""available"",""activity_ref"":""routine_preparation_v1"",""summary"":""Утренние дела после восхода."",""activity_status"":""active"",""uses_current_activity"":false,""can_continue_automatically"":true,""decision_required"":false,""presence_state"":""on_site"",""location_ref"":""pf_ordinary_workshop"",""absence_reason_ru"":""""},{""state_id"":""morning_work"",""duration_minutes"":247,""runtime_status"":""available"",""activity_ref"":""routine_morning_work_v1"",""summary"":""занят плотницкой работой"",""activity_status"":""active"",""uses_current_activity"":false,""can_continue_automatically"":true,""decision_required"":false,""presence_state"":""on_site"",""location_ref"":""pf_ordinary_workshop"",""absence_reason_ru"":""""},{""state_id"":""noon_meal"",""duration_minutes"":45,""runtime_status"":""available"",""activity_ref"":""routine_noon_meal_v1"",""summary"":""Полуденная трапеза (аналогия)."",""activity_status"":""active"",""uses_current_activity"":false,""can_continue_automatically"":true,""decision_required"":false,""presence_state"":""on_site"",""location_ref"":""pf_ordinary_workshop"",""absence_reason_ru"":""""},{""state_id"":""post_meal_rest"",""duration_minutes"":90,""runtime_status"":""sleeping"",""activity_ref"":""routine_post_meal_rest_v1"",""summary"":""Послеобеденный отдых (аналогия; длительность редакционная)."",""activity_status"":""active"",""uses_current_activity"":false,""can_continue_automatically"":true,""decision_required"":false,""presence_state"":""on_site"",""location_ref"":""pf_ordinary_workshop"",""absence_reason_ru"":""""},{""state_id"":""afternoon_work"",""duration_minutes"":81,""runtime_status"":""available"",""activity_ref"":""routine_afternoon_work_v1"",""summary"":""занят плотницкой работой"",""activity_status"":""active"",""uses_current_activity"":false,""can_continue_automatically"":true,""decision_required"":false,""presence_state"":""on_site"",""location_ref"":""pf_ordinary_workshop"",""absence_reason_ru"":""""},{""state_id"":""evening_return"",""duration_minutes"":60,""runtime_status"":""available"",""activity_ref"":""routine_evening_return_v1"",""summary"":""Завершает дела."",""activity_status"":""active"",""uses_current_activity"":false,""can_continue_automatically"":true,""decision_required"":false,""presence_state"":""on_site"",""location_ref"":""pf_ordinary_workshop"",""absence_reason_ru"":""""},{""state_id"":""sleep_after_dusk"",""duration_minutes"":444,""runtime_status"":""sleeping"",""activity_ref"":""routine_sleep_after_dusk_v1"",""summary"":""Ночной сон; место неизвестно."",""activity_status"":""active"",""uses_current_activity"":false,""can_continue_automatically"":true,""decision_required"":false,""presence_state"":""away"",""location_ref"":"""",""absence_reason_ru"":""ночлег требует индивидуальной привязки""}]",,data/novgorod-region/novgorod_occupations_v1_enriched.tsv#nov_occ_carpenter:where_work_happens;places-binding/places/place_families.csv#pf_ordinary_workshop;data/world-catalogs/novgorod/temporal-v4/datasets/calendar_daylight_light_profiles.json#record:calendar_daylight_light_profiles:novgorod_1230_1233_v2;book:375645 ¶964;book:375645 ¶965,rule:editorial_daylight_phase_partition_v2,no_source:exact_clock_times_and_individual_presence,C,candidate,Сезонный распорядок-кандидат; конкретный человек и доступ требуют сцены.
sch_nov_occ_carpenter_pf_ordinary_workshop_normal_spring,2,nov_role_craftsman_master,nov_occ_carpenter,normal,spring,3|4|5,0,"[{""state_id"":""sleep_before_dawn"",""duration_minutes"":268,""runtime_status"":""sleeping"",""activity_ref"":""routine_sleep_before_dawn_v1"",""summary"":""Ночной сон; место неизвестно."",""activity_status"":""active"",""uses_current_activity"":false,""can_continue_automatically"":true,""decision_required"":false,""presence_state"":""away"",""location_ref"":"""",""absence_reason_ru"":""ночлег требует индивидуальной привязки""},{""state_id"":""preparation"",""duration_minutes"":60,""runtime_status"":""available"",""activity_ref"":""routine_preparation_v1"",""summary"":""Утренние дела после восхода."",""activity_status"":""active"",""uses_current_activity"":false,""can_continue_automatically"":true,""decision_required"":false,""presence_state"":""on_site"",""location_ref"":""pf_ordinary_workshop"",""absence_reason_ru"":""""},{""state_id"":""morning_work"",""duration_minutes"":392,""runtime_status"":""available"",""activity_ref"":""routine_morning_work_v1"",""summary"":""занят плотницкой работой"",""activity_status"":""active"",""uses_current_activity"":false,""can_continue_automatically"":true,""decision_required"":false,""presence_state"":""on_site"",""location_ref"":""pf_ordinary_workshop"",""absence_reason_ru"":""""},{""state_id"":""noon_meal"",""duration_minutes"":45,""runtime_status"":""available"",""activity_ref"":""routine_noon_meal_v1"",""summary"":""Полуденная трапеза (аналогия)."",""activity_status"":""active"",""uses_current_activity"":false,""can_continue_automatically"":true,""decision_required"":false,""presence_state"":""on_site"",""location_ref"":""pf_ordinary_workshop"",""absence_reason_ru"":""""},{""state_id"":""post_meal_rest"",""duration_minutes"":90,""runtime_status"":""sleeping"",""activity_ref"":""routine_post_meal_rest_v1"",""summary"":""Послеобеденный отдых (аналогия; длительность редакционная)."",""activity_status"":""active"",""uses_current_activity"":false,""can_continue_automatically"":true,""decision_required"":false,""presence_state"":""on_site"",""location_ref"":""pf_ordinary_workshop"",""absence_reason_ru"":""""},{""state_id"":""afternoon_work"",""duration_minutes"":253,""runtime_status"":""available"",""activity_ref"":""routine_afternoon_work_v1"",""summary"":""занят плотницкой работой"",""activity_status"":""active"",""uses_current_activity"":false,""can_continue_automatically"":true,""decision_required"":false,""presence_state"":""on_site"",""location_ref"":""pf_ordinary_workshop"",""absence_reason_ru"":""""},{""state_id"":""evening_return"",""duration_minutes"":60,""runtime_status"":""available"",""activity_ref"":""routine_evening_return_v1"",""summary"":""Завершает дела."",""activity_status"":""active"",""uses_current_activity"":false,""can_continue_automatically"":true,""decision_required"":false,""presence_state"":""on_site"",""location_ref"":""pf_ordinary_workshop"",""absence_reason_ru"":""""},{""state_id"":""sleep_after_dusk"",""duration_minutes"":272,""runtime_status"":""sleeping"",""activity_ref"":""routine_sleep_after_dusk_v1"",""summary"":""Ночной сон; место неизвестно."",""activity_status"":""active"",""uses_current_activity"":false,""can_continue_automatically"":true,""decision_required"":false,""presence_state"":""away"",""location_ref"":"""",""absence_reason_ru"":""ночлег требует индивидуальной привязки""}]",,data/novgorod-region/novgorod_occupations_v1_enriched.tsv#nov_occ_carpenter:where_work_happens;places-binding/places/place_families.csv#pf_ordinary_workshop;data/world-catalogs/novgorod/temporal-v4/datasets/calendar_daylight_light_profiles.json#record:calendar_daylight_light_profiles:novgorod_1230_1233_v2;book:375645 ¶964;book:375645 ¶965,rule:editorial_daylight_phase_partition_v2,no_source:exact_clock_times_and_individual_presence,C,candidate,Сезонный распорядок-кандидат; конкретный человек и доступ требуют сцены.
sch_nov_occ_carpenter_pf_ordinary_workshop_normal_summer,2,nov_role_craftsman_master,nov_occ_carpenter,normal,summer,6|7|8,0,"[{""state_id"":""sleep_before_dawn"",""duration_minutes"":206,""runtime_status"":""sleeping"",""activity_ref"":""routine_sleep_before_dawn_v1"",""summary"":""Ночной сон; место неизвестно."",""activity_status"":""active"",""uses_current_activity"":false,""can_continue_automatically"":true,""decision_required"":false,""presence_state"":""away"",""location_ref"":"""",""absence_reason_ru"":""ночлег требует индивидуальной привязки""},{""state_id"":""preparation"",""duration_minutes"":60,""runtime_status"":""available"",""activity_ref"":""routine_preparation_v1"",""summary"":""Утренние дела после восхода."",""activity_status"":""active"",""uses_current_activity"":false,""can_continue_automatically"":true,""decision_required"":false,""presence_state"":""on_site"",""location_ref"":""pf_ordinary_workshop"",""absence_reason_ru"":""""},{""state_id"":""morning_work"",""duration_minutes"":454,""runtime_status"":""available"",""activity_ref"":""routine_morning_work_v1"",""summary"":""занят плотницкой работой"",""activity_status"":""active"",""uses_current_activity"":false,""can_continue_automatically"":true,""decision_required"":false,""presence_state"":""on_site"",""location_ref"":""pf_ordinary_workshop"",""absence_reason_ru"":""""},{""state_id"":""noon_meal"",""duration_minutes"":45,""runtime_status"":""available"",""activity_ref"":""routine_noon_meal_v1"",""summary"":""Полуденная трапеза (аналогия)."",""activity_status"":""active"",""uses_current_activity"":false,""can_continue_automatically"":true,""decision_required"":false,""presence_state"":""on_site"",""location_ref"":""pf_ordinary_workshop"",""absence_reason_ru"":""""},{""state_id"":""post_meal_rest"",""duration_minutes"":90,""runtime_status"":""sleeping"",""activity_ref"":""routine_post_meal_rest_v1"",""summary"":""Послеобеденный отдых (аналогия; длительность редакционная)."",""activity_status"":""active"",""uses_current_activity"":false,""can_continue_automatically"":true,""decision_required"":false,""presence_state"":""on_site"",""location_ref"":""pf_ordinary_workshop"",""absence_reason_ru"":""""},{""state_id"":""afternoon_work"",""duration_minutes"":328,""runtime_status"":""available"",""activity_ref"":""routine_afternoon_work_v1"",""summary"":""занят плотницкой работой"",""activity_status"":""active"",""uses_current_activity"":false,""can_continue_automatically"":true,""decision_required"":false,""presence_state"":""on_site"",""location_ref"":""pf_ordinary_workshop"",""absence_reason_ru"":""""},{""state_id"":""evening_return"",""duration_minutes"":60,""runtime_status"":""available"",""activity_ref"":""routine_evening_return_v1"",""summary"":""Завершает дела."",""activity_status"":""active"",""uses_current_activity"":false,""can_continue_automatically"":true,""decision_required"":false,""presence_state"":""on_site"",""location_ref"":""pf_ordinary_workshop"",""absence_reason_ru"":""""},{""state_id"":""sleep_after_dusk"",""duration_minutes"":197,""runtime_status"":""sleeping"",""activity_ref"":""routine_sleep_after_dusk_v1"",""summary"":""Ночной сон; место неизвестно."",""activity_status"":""active"",""uses_current_activity"":false,""can_continue_automatically"":true,""decision_required"":false,""presence_state"":""away"",""location_ref"":"""",""absence_reason_ru"":""ночлег требует индивидуальной привязки""}]",,data/novgorod-region/novgorod_occupations_v1_enriched.tsv#nov_occ_carpenter:where_work_happens;places-binding/places/place_families.csv#pf_ordinary_workshop;data/world-catalogs/novgorod/temporal-v4/datasets/calendar_daylight_light_profiles.json#record:calendar_daylight_light_profiles:novgorod_1230_1233_v2;book:375645 ¶964;book:375645 ¶965,rule:editorial_daylight_phase_partition_v2,no_source:exact_clock_times_and_individual_presence,C,candidate,Сезонный распорядок-кандидат; конкретный человек и доступ требуют сцены.
sch_nov_occ_carpenter_pf_ordinary_workshop_normal_winter,2,nov_role_craftsman_master,nov_occ_carpenter,normal,winter,12|1|2,0,"[{""state_id"":""sleep_before_dawn"",""duration_minutes"":508,""runtime_status"":""sleeping"",""activity_ref"":""routine_sleep_before_dawn_v1"",""summary"":""Ночной сон; место неизвестно."",""activity_status"":""active"",""uses_current_activity"":false,""can_continue_automatically"":true,""decision_required"":false,""presence_state"":""away"",""location_ref"":"""",""absence_reason_ru"":""ночлег требует индивидуальной привязки""},{""state_id"":""preparation"",""duration_minutes"":60,""runtime_status"":""available"",""activity_ref"":""routine_preparation_v1"",""summary"":""Утренние дела после восхода."",""activity_status"":""active"",""uses_current_activity"":false,""can_continue_automatically"":true,""decision_required"":false,""presence_state"":""on_site"",""location_ref"":""pf_ordinary_workshop"",""absence_reason_ru"":""""},{""state_id"":""morning_work"",""duration_minutes"":152,""runtime_status"":""available"",""activity_ref"":""routine_morning_work_v1"",""summary"":""занят плотницкой работой"",""activity_status"":""active"",""uses_current_activity"":false,""can_continue_automatically"":true,""decision_required"":false,""presence_state"":""on_site"",""location_ref"":""pf_ordinary_workshop"",""absence_reason_ru"":""""},{""state_id"":""noon_meal"",""duration_minutes"":45,""runtime_status"":""available"",""activity_ref"":""routine_noon_meal_v1"",""summary"":""Полуденная трапеза (аналогия)."",""activity_status"":""active"",""uses_current_activity"":false,""can_continue_automatically"":true,""decision_required"":false,""presence_state"":""on_site"",""location_ref"":""pf_ordinary_workshop"",""absence_reason_ru"":""""},{""state_id"":""post_meal_rest"",""duration_minutes"":90,""runtime_status"":""sleeping"",""activity_ref"":""routine_post_meal_rest_v1"",""summary"":""Послеобеденный отдых (аналогия; длительность редакционная)."",""activity_status"":""active"",""uses_current_activity"":false,""can_continue_automatically"":true,""decision_required"":false,""presence_state"":""on_site"",""location_ref"":""pf_ordinary_workshop"",""absence_reason_ru"":""""},{""state_id"":""afternoon_work"",""duration_minutes"":44,""runtime_status"":""available"",""activity_ref"":""routine_afternoon_work_v1"",""summary"":""занят плотницкой работой"",""activity_status"":""active"",""uses_current_activity"":false,""can_continue_automatically"":true,""decision_required"":false,""presence_state"":""on_site"",""location_ref"":""pf_ordinary_workshop"",""absence_reason_ru"":""""},{""state_id"":""evening_return"",""duration_minutes"":60,""runtime_status"":""available"",""activity_ref"":""routine_evening_return_v1"",""summary"":""Завершает дела."",""activity_status"":""active"",""uses_current_activity"":false,""can_continue_automatically"":true,""decision_required"":false,""presence_state"":""on_site"",""location_ref"":""pf_ordinary_workshop"",""absence_reason_ru"":""""},{""state_id"":""sleep_after_dusk"",""duration_minutes"":481,""runtime_status"":""sleeping"",""activity_ref"":""routine_sleep_after_dusk_v1"",""summary"":""Ночной сон; место неизвестно."",""activity_status"":""active"",""uses_current_activity"":false,""can_continue_automatically"":true,""decision_required"":false,""presence_state"":""away"",""location_ref"":"""",""absence_reason_ru"":""ночлег требует индивидуальной привязки""}]",,data/novgorod-region/novgorod_occupations_v1_enriched.tsv#nov_occ_carpenter:where_work_happens;places-binding/places/place_families.csv#pf_ordinary_workshop;data/world-catalogs/novgorod/temporal-v4/datasets/calendar_daylight_light_profiles.json#record:calendar_daylight_light_profiles:novgorod_1230_1233_v2;book:375645 ¶964;book:375645 ¶965,rule:editorial_daylight_phase_partition_v2,no_source:exact_clock_times_and_individual_presence,C,candidate,Сезонный распорядок-кандидат; конкретный человек и доступ требуют сцены.
sch_nov_occ_cart_driver_pf_road_normal_autumn,2,nov_role_cart_driver,nov_occ_cart_driver,normal,autumn,9|10|11,0,"[{""state_id"":""sleep_before_dawn"",""duration_minutes"":413,""runtime_status"":""sleeping"",""activity_ref"":""routine_sleep_before_dawn_v1"",""summary"":""Ночной сон; место неизвестно."",""activity_status"":""active"",""uses_current_activity"":false,""can_continue_automatically"":true,""decision_required"":false,""presence_state"":""away"",""location_ref"":"""",""absence_reason_ru"":""ночлег требует индивидуальной привязки""},{""state_id"":""preparation"",""duration_minutes"":60,""runtime_status"":""available"",""activity_ref"":""routine_preparation_v1"",""summary"":""Утренние дела после восхода."",""activity_status"":""active"",""uses_current_activity"":false,""can_continue_automatically"":true,""decision_required"":false,""presence_state"":""on_site"",""location_ref"":""pf_road"",""absence_reason_ru"":""""},{""state_id"":""morning_work"",""duration_minutes"":247,""runtime_status"":""available"",""activity_ref"":""routine_morning_work_v1"",""summary"":""утро: сбор, ремонт, закупка; день: заготовки, торг, дороги до распутицы; вечер: учёт запасов; ночь холоднее и опаснее"",""activity_status"":""active"",""uses_current_activity"":false,""can_continue_automatically"":true,""decision_required"":false,""presence_state"":""on_site"",""location_ref"":""pf_road"",""absence_reason_ru"":""""},{""state_id"":""noon_meal"",""duration_minutes"":45,""runtime_status"":""available"",""activity_ref"":""routine_noon_meal_v1"",""summary"":""Полуденная трапеза (аналогия)."",""activity_status"":""active"",""uses_current_activity"":false,""can_continue_automatically"":true,""decision_required"":false,""presence_state"":""on_site"",""location_ref"":""pf_road"",""absence_reason_ru"":""""},{""state_id"":""post_meal_rest"",""duration_minutes"":90,""runtime_status"":""sleeping"",""activity_ref"":""routine_post_meal_rest_v1"",""summary"":""Послеобеденный отдых (аналогия; длительность редакционная)."",""activity_status"":""active"",""uses_current_activity"":false,""can_continue_automatically"":true,""decision_required"":false,""presence_state"":""on_site"",""location_ref"":""pf_road"",""absence_reason_ru"":""""},{""state_id"":""afternoon_work"",""duration_minutes"":81,""runtime_status"":""available"",""activity_ref"":""routine_afternoon_work_v1"",""summary"":""утро: сбор, ремонт, закупка; день: заготовки, торг, дороги до распутицы; вечер: учёт запасов; ночь холоднее и опаснее"",""activity_status"":""active"",""uses_current_activity"":false,""can_continue_automatically"":true,""decision_required"":false,""presence_state"":""on_site"",""location_ref"":""pf_road"",""absence_reason_ru"":""""},{""state_id"":""evening_return"",""duration_minutes"":60,""runtime_status"":""available"",""activity_ref"":""routine_evening_return_v1"",""summary"":""Завершает дела."",""activity_status"":""active"",""uses_current_activity"":false,""can_continue_automatically"":true,""decision_required"":false,""presence_state"":""on_site"",""location_ref"":""pf_road"",""absence_reason_ru"":""""},{""state_id"":""sleep_after_dusk"",""duration_minutes"":444,""runtime_status"":""sleeping"",""activity_ref"":""routine_sleep_after_dusk_v1"",""summary"":""Ночной сон; место неизвестно."",""activity_status"":""active"",""uses_current_activity"":false,""can_continue_automatically"":true,""decision_required"":false,""presence_state"":""away"",""location_ref"":"""",""absence_reason_ru"":""ночлег требует индивидуальной привязки""}]",,data/novgorod-region/novgorod_occupations_v1_enriched.tsv#nov_occ_cart_driver:daily_schedule_autumn;places-binding/places/place_families.csv#pf_road;data/world-catalogs/novgorod/temporal-v4/datasets/calendar_daylight_light_profiles.json#record:calendar_daylight_light_profiles:novgorod_1230_1233_v2;book:375645 ¶964;book:375645 ¶965;places-binding/presence/people_presence_authoring.csv#nov_occ_cart_driver,rule:editorial_daylight_phase_partition_v2,no_source:exact_clock_times_and_individual_presence,C,candidate,Сезонный распорядок-кандидат; конкретный человек и доступ требуют сцены.
sch_nov_occ_cart_driver_pf_road_normal_spring,2,nov_role_cart_driver,nov_occ_cart_driver,normal,spring,3|4|5,0,"[{""state_id"":""sleep_before_dawn"",""duration_minutes"":268,""runtime_status"":""sleeping"",""activity_ref"":""routine_sleep_before_dawn_v1"",""summary"":""Ночной сон; место неизвестно."",""activity_status"":""active"",""uses_current_activity"":false,""can_continue_automatically"":true,""decision_required"":false,""presence_state"":""away"",""location_ref"":"""",""absence_reason_ru"":""ночлег требует индивидуальной привязки""},{""state_id"":""preparation"",""duration_minutes"":60,""runtime_status"":""available"",""activity_ref"":""routine_preparation_v1"",""summary"":""Утренние дела после восхода."",""activity_status"":""active"",""uses_current_activity"":false,""can_continue_automatically"":true,""decision_required"":false,""presence_state"":""on_site"",""location_ref"":""pf_road"",""absence_reason_ru"":""""},{""state_id"":""morning_work"",""duration_minutes"":392,""runtime_status"":""available"",""activity_ref"":""routine_morning_work_v1"",""summary"":""утро: проверка грязи, воды и доступа; день: работа замедлена распутицей; вечер: возврат раньше; ночь: дороги и перевозы рискованны"",""activity_status"":""active"",""uses_current_activity"":false,""can_continue_automatically"":true,""decision_required"":false,""presence_state"":""on_site"",""location_ref"":""pf_road"",""absence_reason_ru"":""""},{""state_id"":""noon_meal"",""duration_minutes"":45,""runtime_status"":""available"",""activity_ref"":""routine_noon_meal_v1"",""summary"":""Полуденная трапеза (аналогия)."",""activity_status"":""active"",""uses_current_activity"":false,""can_continue_automatically"":true,""decision_required"":false,""presence_state"":""on_site"",""location_ref"":""pf_road"",""absence_reason_ru"":""""},{""state_id"":""post_meal_rest"",""duration_minutes"":90,""runtime_status"":""sleeping"",""activity_ref"":""routine_post_meal_rest_v1"",""summary"":""Послеобеденный отдых (аналогия; длительность редакционная)."",""activity_status"":""active"",""uses_current_activity"":false,""can_continue_automatically"":true,""decision_required"":false,""presence_state"":""on_site"",""location_ref"":""pf_road"",""absence_reason_ru"":""""},{""state_id"":""afternoon_work"",""duration_minutes"":253,""runtime_status"":""available"",""activity_ref"":""routine_afternoon_work_v1"",""summary"":""утро: проверка грязи, воды и доступа; день: работа замедлена распутицей; вечер: возврат раньше; ночь: дороги и перевозы рискованны"",""activity_status"":""active"",""uses_current_activity"":false,""can_continue_automatically"":true,""decision_required"":false,""presence_state"":""on_site"",""location_ref"":""pf_road"",""absence_reason_ru"":""""},{""state_id"":""evening_return"",""duration_minutes"":60,""runtime_status"":""available"",""activity_ref"":""routine_evening_return_v1"",""summary"":""Завершает дела."",""activity_status"":""active"",""uses_current_activity"":false,""can_continue_automatically"":true,""decision_required"":false,""presence_state"":""on_site"",""location_ref"":""pf_road"",""absence_reason_ru"":""""},{""state_id"":""sleep_after_dusk"",""duration_minutes"":272,""runtime_status"":""sleeping"",""activity_ref"":""routine_sleep_after_dusk_v1"",""summary"":""Ночной сон; место неизвестно."",""activity_status"":""active"",""uses_current_activity"":false,""can_continue_automatically"":true,""decision_required"":false,""presence_state"":""away"",""location_ref"":"""",""absence_reason_ru"":""ночлег требует индивидуальной привязки""}]",,data/novgorod-region/novgorod_occupations_v1_enriched.tsv#nov_occ_cart_driver:daily_schedule_spring_rasputitsa;places-binding/places/place_families.csv#pf_road;data/world-catalogs/novgorod/temporal-v4/datasets/calendar_daylight_light_profiles.json#record:calendar_daylight_light_profiles:novgorod_1230_1233_v2;book:375645 ¶964;book:375645 ¶965;places-binding/presence/people_presence_authoring.csv#nov_occ_cart_driver,rule:editorial_daylight_phase_partition_v2,no_source:exact_clock_times_and_individual_presence,C,candidate,Сезонный распорядок-кандидат; конкретный человек и доступ требуют сцены.
sch_nov_occ_cart_driver_pf_road_normal_summer,2,nov_role_cart_driver,nov_occ_cart_driver,normal,summer,6|7|8,0,"[{""state_id"":""sleep_before_dawn"",""duration_minutes"":206,""runtime_status"":""sleeping"",""activity_ref"":""routine_sleep_before_dawn_v1"",""summary"":""Ночной сон; место неизвестно."",""activity_status"":""active"",""uses_current_activity"":false,""can_continue_automatically"":true,""decision_required"":false,""presence_state"":""away"",""location_ref"":"""",""absence_reason_ru"":""ночлег требует индивидуальной привязки""},{""state_id"":""preparation"",""duration_minutes"":60,""runtime_status"":""available"",""activity_ref"":""routine_preparation_v1"",""summary"":""Утренние дела после восхода."",""activity_status"":""active"",""uses_current_activity"":false,""can_continue_automatically"":true,""decision_required"":false,""presence_state"":""on_site"",""location_ref"":""pf_road"",""absence_reason_ru"":""""},{""state_id"":""morning_work"",""duration_minutes"":454,""runtime_status"":""available"",""activity_ref"":""routine_morning_work_v1"",""summary"":""утро раннее; день длинный и трудовой; вечер занят запасами, скотом, лодками или товаром; ночь возможна для сторожи, рыбы и дороги"",""activity_status"":""active"",""uses_current_activity"":false,""can_continue_automatically"":true,""decision_required"":false,""presence_state"":""on_site"",""location_ref"":""pf_road"",""absence_reason_ru"":""""},{""state_id"":""noon_meal"",""duration_minutes"":45,""runtime_status"":""available"",""activity_ref"":""routine_noon_meal_v1"",""summary"":""Полуденная трапеза (аналогия)."",""activity_status"":""active"",""uses_current_activity"":false,""can_continue_automatically"":true,""decision_required"":false,""presence_state"":""on_site"",""location_ref"":""pf_road"",""absence_reason_ru"":""""},{""state_id"":""post_meal_rest"",""duration_minutes"":90,""runtime_status"":""sleeping"",""activity_ref"":""routine_post_meal_rest_v1"",""summary"":""Послеобеденный отдых (аналогия; длительность редакционная)."",""activity_status"":""active"",""uses_current_activity"":false,""can_continue_automatically"":true,""decision_required"":false,""presence_state"":""on_site"",""location_ref"":""pf_road"",""absence_reason_ru"":""""},{""state_id"":""afternoon_work"",""duration_minutes"":328,""runtime_status"":""available"",""activity_ref"":""routine_afternoon_work_v1"",""summary"":""утро раннее; день длинный и трудовой; вечер занят запасами, скотом, лодками или товаром; ночь возможна для сторожи, рыбы и дороги"",""activity_status"":""active"",""uses_current_activity"":false,""can_continue_automatically"":true,""decision_required"":false,""presence_state"":""on_site"",""location_ref"":""pf_road"",""absence_reason_ru"":""""},{""state_id"":""evening_return"",""duration_minutes"":60,""runtime_status"":""available"",""activity_ref"":""routine_evening_return_v1"",""summary"":""Завершает дела."",""activity_status"":""active"",""uses_current_activity"":false,""can_continue_automatically"":true,""decision_required"":false,""presence_state"":""on_site"",""location_ref"":""pf_road"",""absence_reason_ru"":""""},{""state_id"":""sleep_after_dusk"",""duration_minutes"":197,""runtime_status"":""sleeping"",""activity_ref"":""routine_sleep_after_dusk_v1"",""summary"":""Ночной сон; место неизвестно."",""activity_status"":""active"",""uses_current_activity"":false,""can_continue_automatically"":true,""decision_required"":false,""presence_state"":""away"",""location_ref"":"""",""absence_reason_ru"":""ночлег требует индивидуальной привязки""}]",,data/novgorod-region/novgorod_occupations_v1_enriched.tsv#nov_occ_cart_driver:daily_schedule_summer;places-binding/places/place_families.csv#pf_road;data/world-catalogs/novgorod/temporal-v4/datasets/calendar_daylight_light_profiles.json#record:calendar_daylight_light_profiles:novgorod_1230_1233_v2;book:375645 ¶964;book:375645 ¶965;places-binding/presence/people_presence_authoring.csv#nov_occ_cart_driver,rule:editorial_daylight_phase_partition_v2,no_source:exact_clock_times_and_individual_presence,C,candidate,Сезонный распорядок-кандидат; конкретный человек и доступ требуют сцены.
sch_nov_occ_cart_driver_pf_road_normal_winter,2,nov_role_cart_driver,nov_occ_cart_driver,normal,winter,12|1|2,0,"[{""state_id"":""sleep_before_dawn"",""duration_minutes"":508,""runtime_status"":""sleeping"",""activity_ref"":""routine_sleep_before_dawn_v1"",""summary"":""Ночной сон; место неизвестно."",""activity_status"":""active"",""uses_current_activity"":false,""can_continue_automatically"":true,""decision_required"":false,""presence_state"":""away"",""location_ref"":"""",""absence_reason_ru"":""ночлег требует индивидуальной привязки""},{""state_id"":""preparation"",""duration_minutes"":60,""runtime_status"":""available"",""activity_ref"":""routine_preparation_v1"",""summary"":""Утренние дела после восхода."",""activity_status"":""active"",""uses_current_activity"":false,""can_continue_automatically"":true,""decision_required"":false,""presence_state"":""on_site"",""location_ref"":""pf_road"",""absence_reason_ru"":""""},{""state_id"":""morning_work"",""duration_minutes"":152,""runtime_status"":""available"",""activity_ref"":""routine_morning_work_v1"",""summary"":""утро позднее и короче; день: зимний путь, ремонт, скот, склад или внутренняя работа; вечер ранний; ночь опасна из-за холода и темноты"",""activity_status"":""active"",""uses_current_activity"":false,""can_continue_automatically"":true,""decision_required"":false,""presence_state"":""on_site"",""location_ref"":""pf_road"",""absence_reason_ru"":""""},{""state_id"":""noon_meal"",""duration_minutes"":45,""runtime_status"":""available"",""activity_ref"":""routine_noon_meal_v1"",""summary"":""Полуденная трапеза (аналогия)."",""activity_status"":""active"",""uses_current_activity"":false,""can_continue_automatically"":true,""decision_required"":false,""presence_state"":""on_site"",""location_ref"":""pf_road"",""absence_reason_ru"":""""},{""state_id"":""post_meal_rest"",""duration_minutes"":90,""runtime_status"":""sleeping"",""activity_ref"":""routine_post_meal_rest_v1"",""summary"":""Послеобеденный отдых (аналогия; длительность редакционная)."",""activity_status"":""active"",""uses_current_activity"":false,""can_continue_automatically"":true,""decision_required"":false,""presence_state"":""on_site"",""location_ref"":""pf_road"",""absence_reason_ru"":""""},{""state_id"":""afternoon_work"",""duration_minutes"":44,""runtime_status"":""available"",""activity_ref"":""routine_afternoon_work_v1"",""summary"":""утро позднее и короче; день: зимний путь, ремонт, скот, склад или внутренняя работа; вечер ранний; ночь опасна из-за холода и темноты"",""activity_status"":""active"",""uses_current_activity"":false,""can_continue_automatically"":true,""decision_required"":false,""presence_state"":""on_site"",""location_ref"":""pf_road"",""absence_reason_ru"":""""},{""state_id"":""evening_return"",""duration_minutes"":60,""runtime_status"":""available"",""activity_ref"":""routine_evening_return_v1"",""summary"":""Завершает дела."",""activity_status"":""active"",""uses_current_activity"":false,""can_continue_automatically"":true,""decision_required"":false,""presence_state"":""on_site"",""location_ref"":""pf_road"",""absence_reason_ru"":""""},{""state_id"":""sleep_after_dusk"",""duration_minutes"":481,""runtime_status"":""sleeping"",""activity_ref"":""routine_sleep_after_dusk_v1"",""summary"":""Ночной сон; место неизвестно."",""activity_status"":""active"",""uses_current_activity"":false,""can_continue_automatically"":true,""decision_required"":false,""presence_state"":""away"",""location_ref"":"""",""absence_reason_ru"":""ночлег требует индивидуальной привязки""}]",,data/novgorod-region/novgorod_occupations_v1_enriched.tsv#nov_occ_cart_driver:daily_schedule_winter;places-binding/places/place_families.csv#pf_road;data/world-catalogs/novgorod/temporal-v4/datasets/calendar_daylight_light_profiles.json#record:calendar_daylight_light_profiles:novgorod_1230_1233_v2;book:375645 ¶964;book:375645 ¶965;places-binding/presence/people_presence_authoring.csv#nov_occ_cart_driver,rule:editorial_daylight_phase_partition_v2,no_source:exact_clock_times_and_individual_presence,C,candidate,Сезонный распорядок-кандидат; конкретный человек и доступ требуют сцены.
sch_nov_occ_church_guard_pf_churchyard_night_watch_autumn,2,nov_role_church_guard,nov_occ_church_guard,night_watch,autumn,9|10|11,0,"[{""state_id"":""night_work"",""duration_minutes"":413,""runtime_status"":""available"",""activity_ref"":""routine_night_work_v1"",""summary"":""Ночная стража при назначенной смене."",""activity_status"":""active"",""uses_current_activity"":false,""can_continue_automatically"":true,""decision_required"":false,""presence_state"":""on_site"",""location_ref"":""pf_churchyard"",""absence_reason_ru"":""""},{""state_id"":""morning_rest"",""duration_minutes"":307,""runtime_status"":""sleeping"",""activity_ref"":""routine_morning_rest_v1"",""summary"":""Отдых после ночной работы."",""activity_status"":""active"",""uses_current_activity"":false,""can_continue_automatically"":true,""decision_required"":false,""presence_state"":""on_site"",""location_ref"":""pf_churchyard"",""absence_reason_ru"":""""},{""state_id"":""noon_meal"",""duration_minutes"":45,""runtime_status"":""available"",""activity_ref"":""routine_noon_meal_v1"",""summary"":""Полуденная трапеза (аналогия)."",""activity_status"":""active"",""uses_current_activity"":false,""can_continue_automatically"":true,""decision_required"":false,""presence_state"":""on_site"",""location_ref"":""pf_churchyard"",""absence_reason_ru"":""""},{""state_id"":""post_meal_rest"",""duration_minutes"":90,""runtime_status"":""sleeping"",""activity_ref"":""routine_post_meal_rest_v1"",""summary"":""Послеобеденный отдых (аналогия; длительность редакционная)."",""activity_status"":""active"",""uses_current_activity"":false,""can_continue_automatically"":true,""decision_required"":false,""presence_state"":""on_site"",""location_ref"":""pf_churchyard"",""absence_reason_ru"":""""},{""state_id"":""afternoon_work"",""duration_minutes"":81,""runtime_status"":""available"",""activity_ref"":""routine_afternoon_work_v1"",""summary"":""Ночная стража при назначенной смене."",""activity_status"":""active"",""uses_current_activity"":false,""can_continue_automatically"":true,""decision_required"":false,""presence_state"":""on_site"",""location_ref"":""pf_churchyard"",""absence_reason_ru"":""""},{""state_id"":""evening_return"",""duration_minutes"":60,""runtime_status"":""available"",""activity_ref"":""routine_evening_return_v1"",""summary"":""Завершает дела."",""activity_status"":""active"",""uses_current_activity"":false,""can_continue_automatically"":true,""decision_required"":false,""presence_state"":""on_site"",""location_ref"":""pf_churchyard"",""absence_reason_ru"":""""},{""state_id"":""night_work_after_dusk"",""duration_minutes"":444,""runtime_status"":""available"",""activity_ref"":""routine_night_work_after_dusk_v1"",""summary"":""Ночная стража при назначенной смене."",""activity_status"":""active"",""uses_current_activity"":false,""can_continue_automatically"":true,""decision_required"":false,""presence_state"":""on_site"",""location_ref"":""pf_churchyard"",""absence_reason_ru"":""""}]",,data/novgorod-region/novgorod_occupations_v1_enriched.tsv#nov_occ_church_guard:night_behavior;places-binding/places/place_families.csv#pf_churchyard;data/world-catalogs/novgorod/temporal-v4/datasets/calendar_daylight_light_profiles.json#record:calendar_daylight_light_profiles:novgorod_1230_1233_v2;book:375645 ¶964;book:375645 ¶965;book:185868 ¶684,rule:editorial_daylight_phase_partition_v2,no_source:exact_clock_times_and_individual_presence,C,candidate,Сезонный распорядок-кандидат; конкретный человек и доступ требуют сцены.
sch_nov_occ_church_guard_pf_churchyard_normal_autumn,2,nov_role_church_guard,nov_occ_church_guard,normal,autumn,9|10|11,0,"[{""state_id"":""sleep_before_dawn"",""duration_minutes"":413,""runtime_status"":""sleeping"",""activity_ref"":""routine_sleep_before_dawn_v1"",""summary"":""Ночной сон; место неизвестно."",""activity_status"":""active"",""uses_current_activity"":false,""can_continue_automatically"":true,""decision_required"":false,""presence_state"":""away"",""location_ref"":"""",""absence_reason_ru"":""ночлег требует индивидуальной привязки""},{""state_id"":""preparation"",""duration_minutes"":60,""runtime_status"":""available"",""activity_ref"":""routine_preparation_v1"",""summary"":""Утренние дела после восхода."",""activity_status"":""active"",""uses_current_activity"":false,""can_continue_automatically"":true,""decision_required"":false,""presence_state"":""on_site"",""location_ref"":""pf_churchyard"",""absence_reason_ru"":""""},{""state_id"":""morning_work"",""duration_minutes"":247,""runtime_status"":""available"",""activity_ref"":""routine_morning_work_v1"",""summary"":""следит за доступом к церковному двору"",""activity_status"":""active"",""uses_current_activity"":false,""can_continue_automatically"":true,""decision_required"":false,""presence_state"":""on_site"",""location_ref"":""pf_churchyard"",""absence_reason_ru"":""""},{""state_id"":""noon_meal"",""duration_minutes"":45,""runtime_status"":""available"",""activity_ref"":""routine_noon_meal_v1"",""summary"":""Полуденная трапеза (аналогия)."",""activity_status"":""active"",""uses_current_activity"":false,""can_continue_automatically"":true,""decision_required"":false,""presence_state"":""on_site"",""location_ref"":""pf_churchyard"",""absence_reason_ru"":""""},{""state_id"":""post_meal_rest"",""duration_minutes"":90,""runtime_status"":""sleeping"",""activity_ref"":""routine_post_meal_rest_v1"",""summary"":""Послеобеденный отдых (аналогия; длительность редакционная)."",""activity_status"":""active"",""uses_current_activity"":false,""can_continue_automatically"":true,""decision_required"":false,""presence_state"":""on_site"",""location_ref"":""pf_churchyard"",""absence_reason_ru"":""""},{""state_id"":""afternoon_work"",""duration_minutes"":81,""runtime_status"":""available"",""activity_ref"":""routine_afternoon_work_v1"",""summary"":""следит за доступом к церковному двору"",""activity_status"":""active"",""uses_current_activity"":false,""can_continue_automatically"":true,""decision_required"":false,""presence_state"":""on_site"",""location_ref"":""pf_churchyard"",""absence_reason_ru"":""""},{""state_id"":""evening_return"",""duration_minutes"":60,""runtime_status"":""available"",""activity_ref"":""routine_evening_return_v1"",""summary"":""Завершает дела."",""activity_status"":""active"",""uses_current_activity"":false,""can_continue_automatically"":true,""decision_required"":false,""presence_state"":""on_site"",""location_ref"":""pf_churchyard"",""absence_reason_ru"":""""},{""state_id"":""sleep_after_dusk"",""duration_minutes"":444,""runtime_status"":""sleeping"",""activity_ref"":""routine_sleep_after_dusk_v1"",""summary"":""Ночной сон; место неизвестно."",""activity_status"":""active"",""uses_current_activity"":false,""can_continue_automatically"":true,""decision_required"":false,""presence_state"":""away"",""location_ref"":"""",""absence_reason_ru"":""ночлег требует индивидуальной привязки""}]",,data/novgorod-region/novgorod_occupations_v1_enriched.tsv#nov_occ_church_guard:where_work_happens;places-binding/places/place_families.csv#pf_churchyard;data/world-catalogs/novgorod/temporal-v4/datasets/calendar_daylight_light_profiles.json#record:calendar_daylight_light_profiles:novgorod_1230_1233_v2;book:375645 ¶964;book:375645 ¶965,rule:editorial_daylight_phase_partition_v2,no_source:exact_clock_times_and_individual_presence,C,candidate,Сезонный распорядок-кандидат; конкретный человек и доступ требуют сцены.
sch_nov_occ_church_guard_pf_churchyard_night_watch_spring,2,nov_role_church_guard,nov_occ_church_guard,night_watch,spring,3|4|5,0,"[{""state_id"":""night_work"",""duration_minutes"":268,""runtime_status"":""available"",""activity_ref"":""routine_night_work_v1"",""summary"":""Ночная стража при назначенной смене."",""activity_status"":""active"",""uses_current_activity"":false,""can_continue_automatically"":true,""decision_required"":false,""presence_state"":""on_site"",""location_ref"":""pf_churchyard"",""absence_reason_ru"":""""},{""state_id"":""morning_rest"",""duration_minutes"":452,""runtime_status"":""sleeping"",""activity_ref"":""routine_morning_rest_v1"",""summary"":""Отдых после ночной работы."",""activity_status"":""active"",""uses_current_activity"":false,""can_continue_automatically"":true,""decision_required"":false,""presence_state"":""on_site"",""location_ref"":""pf_churchyard"",""absence_reason_ru"":""""},{""state_id"":""noon_meal"",""duration_minutes"":45,""runtime_status"":""available"",""activity_ref"":""routine_noon_meal_v1"",""summary"":""Полуденная трапеза (аналогия)."",""activity_status"":""active"",""uses_current_activity"":false,""can_continue_automatically"":true,""decision_required"":false,""presence_state"":""on_site"",""location_ref"":""pf_churchyard"",""absence_reason_ru"":""""},{""state_id"":""post_meal_rest"",""duration_minutes"":90,""runtime_status"":""sleeping"",""activity_ref"":""routine_post_meal_rest_v1"",""summary"":""Послеобеденный отдых (аналогия; длительность редакционная)."",""activity_status"":""active"",""uses_current_activity"":false,""can_continue_automatically"":true,""decision_required"":false,""presence_state"":""on_site"",""location_ref"":""pf_churchyard"",""absence_reason_ru"":""""},{""state_id"":""afternoon_work"",""duration_minutes"":253,""runtime_status"":""available"",""activity_ref"":""routine_afternoon_work_v1"",""summary"":""Ночная стража при назначенной смене."",""activity_status"":""active"",""uses_current_activity"":false,""can_continue_automatically"":true,""decision_required"":false,""presence_state"":""on_site"",""location_ref"":""pf_churchyard"",""absence_reason_ru"":""""},{""state_id"":""evening_return"",""duration_minutes"":60,""runtime_status"":""available"",""activity_ref"":""routine_evening_return_v1"",""summary"":""Завершает дела."",""activity_status"":""active"",""uses_current_activity"":false,""can_continue_automatically"":true,""decision_required"":false,""presence_state"":""on_site"",""location_ref"":""pf_churchyard"",""absence_reason_ru"":""""},{""state_id"":""night_work_after_dusk"",""duration_minutes"":272,""runtime_status"":""available"",""activity_ref"":""routine_night_work_after_dusk_v1"",""summary"":""Ночная стража при назначенной смене."",""activity_status"":""active"",""uses_current_activity"":false,""can_continue_automatically"":true,""decision_required"":false,""presence_state"":""on_site"",""location_ref"":""pf_churchyard"",""absence_reason_ru"":""""}]",,data/novgorod-region/novgorod_occupations_v1_enriched.tsv#nov_occ_church_guard:night_behavior;places-binding/places/place_families.csv#pf_churchyard;data/world-catalogs/novgorod/temporal-v4/datasets/calendar_daylight_light_profiles.json#record:calendar_daylight_light_profiles:novgorod_1230_1233_v2;book:375645 ¶964;book:375645 ¶965;book:185868 ¶684,rule:editorial_daylight_phase_partition_v2,no_source:exact_clock_times_and_individual_presence,C,candidate,Сезонный распорядок-кандидат; конкретный человек и доступ требуют сцены.
sch_nov_occ_church_guard_pf_churchyard_normal_spring,2,nov_role_church_guard,nov_occ_church_guard,normal,spring,3|4|5,0,"[{""state_id"":""sleep_before_dawn"",""duration_minutes"":268,""runtime_status"":""sleeping"",""activity_ref"":""routine_sleep_before_dawn_v1"",""summary"":""Ночной сон; место неизвестно."",""activity_status"":""active"",""uses_current_activity"":false,""can_continue_automatically"":true,""decision_required"":false,""presence_state"":""away"",""location_ref"":"""",""absence_reason_ru"":""ночлег требует индивидуальной привязки""},{""state_id"":""preparation"",""duration_minutes"":60,""runtime_status"":""available"",""activity_ref"":""routine_preparation_v1"",""summary"":""Утренние дела после восхода."",""activity_status"":""active"",""uses_current_activity"":false,""can_continue_automatically"":true,""decision_required"":false,""presence_state"":""on_site"",""location_ref"":""pf_churchyard"",""absence_reason_ru"":""""},{""state_id"":""morning_work"",""duration_minutes"":392,""runtime_status"":""available"",""activity_ref"":""routine_morning_work_v1"",""summary"":""следит за доступом к церковному двору"",""activity_status"":""active"",""uses_current_activity"":false,""can_continue_automatically"":true,""decision_required"":false,""presence_state"":""on_site"",""location_ref"":""pf_churchyard"",""absence_reason_ru"":""""},{""state_id"":""noon_meal"",""duration_minutes"":45,""runtime_status"":""available"",""activity_ref"":""routine_noon_meal_v1"",""summary"":""Полуденная трапеза (аналогия)."",""activity_status"":""active"",""uses_current_activity"":false,""can_continue_automatically"":true,""decision_required"":false,""presence_state"":""on_site"",""location_ref"":""pf_churchyard"",""absence_reason_ru"":""""},{""state_id"":""post_meal_rest"",""duration_minutes"":90,""runtime_status"":""sleeping"",""activity_ref"":""routine_post_meal_rest_v1"",""summary"":""Послеобеденный отдых (аналогия; длительность редакционная)."",""activity_status"":""active"",""uses_current_activity"":false,""can_continue_automatically"":true,""decision_required"":false,""presence_state"":""on_site"",""location_ref"":""pf_churchyard"",""absence_reason_ru"":""""},{""state_id"":""afternoon_work"",""duration_minutes"":253,""runtime_status"":""available"",""activity_ref"":""routine_afternoon_work_v1"",""summary"":""следит за доступом к церковному двору"",""activity_status"":""active"",""uses_current_activity"":false,""can_continue_automatically"":true,""decision_required"":false,""presence_state"":""on_site"",""location_ref"":""pf_churchyard"",""absence_reason_ru"":""""},{""state_id"":""evening_return"",""duration_minutes"":60,""runtime_status"":""available"",""activity_ref"":""routine_evening_return_v1"",""summary"":""Завершает дела."",""activity_status"":""active"",""uses_current_activity"":false,""can_continue_automatically"":true,""decision_required"":false,""presence_state"":""on_site"",""location_ref"":""pf_churchyard"",""absence_reason_ru"":""""},{""state_id"":""sleep_after_dusk"",""duration_minutes"":272,""runtime_status"":""sleeping"",""activity_ref"":""routine_sleep_after_dusk_v1"",""summary"":""Ночной сон; место неизвестно."",""activity_status"":""active"",""uses_current_activity"":false,""can_continue_automatically"":true,""decision_required"":false,""presence_state"":""away"",""location_ref"":"""",""absence_reason_ru"":""ночлег требует индивидуальной привязки""}]",,data/novgorod-region/novgorod_occupations_v1_enriched.tsv#nov_occ_church_guard:where_work_happens;places-binding/places/place_families.csv#pf_churchyard;data/world-catalogs/novgorod/temporal-v4/datasets/calendar_daylight_light_profiles.json#record:calendar_daylight_light_profiles:novgorod_1230_1233_v2;book:375645 ¶964;book:375645 ¶965,rule:editorial_daylight_phase_partition_v2,no_source:exact_clock_times_and_individual_presence,C,candidate,Сезонный распорядок-кандидат; конкретный человек и доступ требуют сцены.
sch_nov_occ_church_guard_pf_churchyard_night_watch_summer,2,nov_role_church_guard,nov_occ_church_guard,night_watch,summer,6|7|8,0,"[{""state_id"":""night_work"",""duration_minutes"":206,""runtime_status"":""available"",""activity_ref"":""routine_night_work_v1"",""summary"":""Ночная стража при назначенной смене."",""activity_status"":""active"",""uses_current_activity"":false,""can_continue_automatically"":true,""decision_required"":false,""presence_state"":""on_site"",""location_ref"":""pf_churchyard"",""absence_reason_ru"":""""},{""state_id"":""morning_rest"",""duration_minutes"":514,""runtime_status"":""sleeping"",""activity_ref"":""routine_morning_rest_v1"",""summary"":""Отдых после ночной работы."",""activity_status"":""active"",""uses_current_activity"":false,""can_continue_automatically"":true,""decision_required"":false,""presence_state"":""on_site"",""location_ref"":""pf_churchyard"",""absence_reason_ru"":""""},{""state_id"":""noon_meal"",""duration_minutes"":45,""runtime_status"":""available"",""activity_ref"":""routine_noon_meal_v1"",""summary"":""Полуденная трапеза (аналогия)."",""activity_status"":""active"",""uses_current_activity"":false,""can_continue_automatically"":true,""decision_required"":false,""presence_state"":""on_site"",""location_ref"":""pf_churchyard"",""absence_reason_ru"":""""},{""state_id"":""post_meal_rest"",""duration_minutes"":90,""runtime_status"":""sleeping"",""activity_ref"":""routine_post_meal_rest_v1"",""summary"":""Послеобеденный отдых (аналогия; длительность редакционная)."",""activity_status"":""active"",""uses_current_activity"":false,""can_continue_automatically"":true,""decision_required"":false,""presence_state"":""on_site"",""location_ref"":""pf_churchyard"",""absence_reason_ru"":""""},{""state_id"":""afternoon_work"",""duration_minutes"":328,""runtime_status"":""available"",""activity_ref"":""routine_afternoon_work_v1"",""summary"":""Ночная стража при назначенной смене."",""activity_status"":""active"",""uses_current_activity"":false,""can_continue_automatically"":true,""decision_required"":false,""presence_state"":""on_site"",""location_ref"":""pf_churchyard"",""absence_reason_ru"":""""},{""state_id"":""evening_return"",""duration_minutes"":60,""runtime_status"":""available"",""activity_ref"":""routine_evening_return_v1"",""summary"":""Завершает дела."",""activity_status"":""active"",""uses_current_activity"":false,""can_continue_automatically"":true,""decision_required"":false,""presence_state"":""on_site"",""location_ref"":""pf_churchyard"",""absence_reason_ru"":""""},{""state_id"":""night_work_after_dusk"",""duration_minutes"":197,""runtime_status"":""available"",""activity_ref"":""routine_night_work_after_dusk_v1"",""summary"":""Ночная стража при назначенной смене."",""activity_status"":""active"",""uses_current_activity"":false,""can_continue_automatically"":true,""decision_required"":false,""presence_state"":""on_site"",""location_ref"":""pf_churchyard"",""absence_reason_ru"":""""}]",,data/novgorod-region/novgorod_occupations_v1_enriched.tsv#nov_occ_church_guard:night_behavior;places-binding/places/place_families.csv#pf_churchyard;data/world-catalogs/novgorod/temporal-v4/datasets/calendar_daylight_light_profiles.json#record:calendar_daylight_light_profiles:novgorod_1230_1233_v2;book:375645 ¶964;book:375645 ¶965;book:185868 ¶684,rule:editorial_daylight_phase_partition_v2,no_source:exact_clock_times_and_individual_presence,C,candidate,Сезонный распорядок-кандидат; конкретный человек и доступ требуют сцены.
sch_nov_occ_church_guard_pf_churchyard_normal_summer,2,nov_role_church_guard,nov_occ_church_guard,normal,summer,6|7|8,0,"[{""state_id"":""sleep_before_dawn"",""duration_minutes"":206,""runtime_status"":""sleeping"",""activity_ref"":""routine_sleep_before_dawn_v1"",""summary"":""Ночной сон; место неизвестно."",""activity_status"":""active"",""uses_current_activity"":false,""can_continue_automatically"":true,""decision_required"":false,""presence_state"":""away"",""location_ref"":"""",""absence_reason_ru"":""ночлег требует индивидуальной привязки""},{""state_id"":""preparation"",""duration_minutes"":60,""runtime_status"":""available"",""activity_ref"":""routine_preparation_v1"",""summary"":""Утренние дела после восхода."",""activity_status"":""active"",""uses_current_activity"":false,""can_continue_automatically"":true,""decision_required"":false,""presence_state"":""on_site"",""location_ref"":""pf_churchyard"",""absence_reason_ru"":""""},{""state_id"":""morning_work"",""duration_minutes"":454,""runtime_status"":""available"",""activity_ref"":""routine_morning_work_v1"",""summary"":""следит за доступом к церковному двору"",""activity_status"":""active"",""uses_current_activity"":false,""can_continue_automatically"":true,""decision_required"":false,""presence_state"":""on_site"",""location_ref"":""pf_churchyard"",""absence_reason_ru"":""""},{""state_id"":""noon_meal"",""duration_minutes"":45,""runtime_status"":""available"",""activity_ref"":""routine_noon_meal_v1"",""summary"":""Полуденная трапеза (аналогия)."",""activity_status"":""active"",""uses_current_activity"":false,""can_continue_automatically"":true,""decision_required"":false,""presence_state"":""on_site"",""location_ref"":""pf_churchyard"",""absence_reason_ru"":""""},{""state_id"":""post_meal_rest"",""duration_minutes"":90,""runtime_status"":""sleeping"",""activity_ref"":""routine_post_meal_rest_v1"",""summary"":""Послеобеденный отдых (аналогия; длительность редакционная)."",""activity_status"":""active"",""uses_current_activity"":false,""can_continue_automatically"":true,""decision_required"":false,""presence_state"":""on_site"",""location_ref"":""pf_churchyard"",""absence_reason_ru"":""""},{""state_id"":""afternoon_work"",""duration_minutes"":328,""runtime_status"":""available"",""activity_ref"":""routine_afternoon_work_v1"",""summary"":""следит за доступом к церковному двору"",""activity_status"":""active"",""uses_current_activity"":false,""can_continue_automatically"":true,""decision_required"":false,""presence_state"":""on_site"",""location_ref"":""pf_churchyard"",""absence_reason_ru"":""""},{""state_id"":""evening_return"",""duration_minutes"":60,""runtime_status"":""available"",""activity_ref"":""routine_evening_return_v1"",""summary"":""Завершает дела."",""activity_status"":""active"",""uses_current_activity"":false,""can_continue_automatically"":true,""decision_required"":false,""presence_state"":""on_site"",""location_ref"":""pf_churchyard"",""absence_reason_ru"":""""},{""state_id"":""sleep_after_dusk"",""duration_minutes"":197,""runtime_status"":""sleeping"",""activity_ref"":""routine_sleep_after_dusk_v1"",""summary"":""Ночной сон; место неизвестно."",""activity_status"":""active"",""uses_current_activity"":false,""can_continue_automatically"":true,""decision_required"":false,""presence_state"":""away"",""location_ref"":"""",""absence_reason_ru"":""ночлег требует индивидуальной привязки""}]",,data/novgorod-region/novgorod_occupations_v1_enriched.tsv#nov_occ_church_guard:where_work_happens;places-binding/places/place_families.csv#pf_churchyard;data/world-catalogs/novgorod/temporal-v4/datasets/calendar_daylight_light_profiles.json#record:calendar_daylight_light_profiles:novgorod_1230_1233_v2;book:375645 ¶964;book:375645 ¶965,rule:editorial_daylight_phase_partition_v2,no_source:exact_clock_times_and_individual_presence,C,candidate,Сезонный распорядок-кандидат; конкретный человек и доступ требуют сцены.
sch_nov_occ_church_guard_pf_churchyard_night_watch_winter,2,nov_role_church_guard,nov_occ_church_guard,night_watch,winter,12|1|2,0,"[{""state_id"":""night_work"",""duration_minutes"":508,""runtime_status"":""available"",""activity_ref"":""routine_night_work_v1"",""summary"":""Ночная стража при назначенной смене."",""activity_status"":""active"",""uses_current_activity"":false,""can_continue_automatically"":true,""decision_required"":false,""presence_state"":""on_site"",""location_ref"":""pf_churchyard"",""absence_reason_ru"":""""},{""state_id"":""morning_rest"",""duration_minutes"":212,""runtime_status"":""sleeping"",""activity_ref"":""routine_morning_rest_v1"",""summary"":""Отдых после ночной работы."",""activity_status"":""active"",""uses_current_activity"":false,""can_continue_automatically"":true,""decision_required"":false,""presence_state"":""on_site"",""location_ref"":""pf_churchyard"",""absence_reason_ru"":""""},{""state_id"":""noon_meal"",""duration_minutes"":45,""runtime_status"":""available"",""activity_ref"":""routine_noon_meal_v1"",""summary"":""Полуденная трапеза (аналогия)."",""activity_status"":""active"",""uses_current_activity"":false,""can_continue_automatically"":true,""decision_required"":false,""presence_state"":""on_site"",""location_ref"":""pf_churchyard"",""absence_reason_ru"":""""},{""state_id"":""post_meal_rest"",""duration_minutes"":90,""runtime_status"":""sleeping"",""activity_ref"":""routine_post_meal_rest_v1"",""summary"":""Послеобеденный отдых (аналогия; длительность редакционная)."",""activity_status"":""active"",""uses_current_activity"":false,""can_continue_automatically"":true,""decision_required"":false,""presence_state"":""on_site"",""location_ref"":""pf_churchyard"",""absence_reason_ru"":""""},{""state_id"":""afternoon_work"",""duration_minutes"":44,""runtime_status"":""available"",""activity_ref"":""routine_afternoon_work_v1"",""summary"":""Ночная стража при назначенной смене."",""activity_status"":""active"",""uses_current_activity"":false,""can_continue_automatically"":true,""decision_required"":false,""presence_state"":""on_site"",""location_ref"":""pf_churchyard"",""absence_reason_ru"":""""},{""state_id"":""evening_return"",""duration_minutes"":60,""runtime_status"":""available"",""activity_ref"":""routine_evening_return_v1"",""summary"":""Завершает дела."",""activity_status"":""active"",""uses_current_activity"":false,""can_continue_automatically"":true,""decision_required"":false,""presence_state"":""on_site"",""location_ref"":""pf_churchyard"",""absence_reason_ru"":""""},{""state_id"":""night_work_after_dusk"",""duration_minutes"":481,""runtime_status"":""available"",""activity_ref"":""routine_night_work_after_dusk_v1"",""summary"":""Ночная стража при назначенной смене."",""activity_status"":""active"",""uses_current_activity"":false,""can_continue_automatically"":true,""decision_required"":false,""presence_state"":""on_site"",""location_ref"":""pf_churchyard"",""absence_reason_ru"":""""}]",,data/novgorod-region/novgorod_occupations_v1_enriched.tsv#nov_occ_church_guard:night_behavior;places-binding/places/place_families.csv#pf_churchyard;data/world-catalogs/novgorod/temporal-v4/datasets/calendar_daylight_light_profiles.json#record:calendar_daylight_light_profiles:novgorod_1230_1233_v2;book:375645 ¶964;book:375645 ¶965;book:185868 ¶684,rule:editorial_daylight_phase_partition_v2,no_source:exact_clock_times_and_individual_presence,C,candidate,Сезонный распорядок-кандидат; конкретный человек и доступ требуют сцены.
sch_nov_occ_church_guard_pf_churchyard_normal_winter,2,nov_role_church_guard,nov_occ_church_guard,normal,winter,12|1|2,0,"[{""state_id"":""sleep_before_dawn"",""duration_minutes"":508,""runtime_status"":""sleeping"",""activity_ref"":""routine_sleep_before_dawn_v1"",""summary"":""Ночной сон; место неизвестно."",""activity_status"":""active"",""uses_current_activity"":false,""can_continue_automatically"":true,""decision_required"":false,""presence_state"":""away"",""location_ref"":"""",""absence_reason_ru"":""ночлег требует индивидуальной привязки""},{""state_id"":""preparation"",""duration_minutes"":60,""runtime_status"":""available"",""activity_ref"":""routine_preparation_v1"",""summary"":""Утренние дела после восхода."",""activity_status"":""active"",""uses_current_activity"":false,""can_continue_automatically"":true,""decision_required"":false,""presence_state"":""on_site"",""location_ref"":""pf_churchyard"",""absence_reason_ru"":""""},{""state_id"":""morning_work"",""duration_minutes"":152,""runtime_status"":""available"",""activity_ref"":""routine_morning_work_v1"",""summary"":""следит за доступом к церковному двору"",""activity_status"":""active"",""uses_current_activity"":false,""can_continue_automatically"":true,""decision_required"":false,""presence_state"":""on_site"",""location_ref"":""pf_churchyard"",""absence_reason_ru"":""""},{""state_id"":""noon_meal"",""duration_minutes"":45,""runtime_status"":""available"",""activity_ref"":""routine_noon_meal_v1"",""summary"":""Полуденная трапеза (аналогия)."",""activity_status"":""active"",""uses_current_activity"":false,""can_continue_automatically"":true,""decision_required"":false,""presence_state"":""on_site"",""location_ref"":""pf_churchyard"",""absence_reason_ru"":""""},{""state_id"":""post_meal_rest"",""duration_minutes"":90,""runtime_status"":""sleeping"",""activity_ref"":""routine_post_meal_rest_v1"",""summary"":""Послеобеденный отдых (аналогия; длительность редакционная)."",""activity_status"":""active"",""uses_current_activity"":false,""can_continue_automatically"":true,""decision_required"":false,""presence_state"":""on_site"",""location_ref"":""pf_churchyard"",""absence_reason_ru"":""""},{""state_id"":""afternoon_work"",""duration_minutes"":44,""runtime_status"":""available"",""activity_ref"":""routine_afternoon_work_v1"",""summary"":""следит за доступом к церковному двору"",""activity_status"":""active"",""uses_current_activity"":false,""can_continue_automatically"":true,""decision_required"":false,""presence_state"":""on_site"",""location_ref"":""pf_churchyard"",""absence_reason_ru"":""""},{""state_id"":""evening_return"",""duration_minutes"":60,""runtime_status"":""available"",""activity_ref"":""routine_evening_return_v1"",""summary"":""Завершает дела."",""activity_status"":""active"",""uses_current_activity"":false,""can_continue_automatically"":true,""decision_required"":false,""presence_state"":""on_site"",""location_ref"":""pf_churchyard"",""absence_reason_ru"":""""},{""state_id"":""sleep_after_dusk"",""duration_minutes"":481,""runtime_status"":""sleeping"",""activity_ref"":""routine_sleep_after_dusk_v1"",""summary"":""Ночной сон; место неизвестно."",""activity_status"":""active"",""uses_current_activity"":false,""can_continue_automatically"":true,""decision_required"":false,""presence_state"":""away"",""location_ref"":"""",""absence_reason_ru"":""ночлег требует индивидуальной привязки""}]",,data/novgorod-region/novgorod_occupations_v1_enriched.tsv#nov_occ_church_guard:where_work_happens;places-binding/places/place_families.csv#pf_churchyard;data/world-catalogs/novgorod/temporal-v4/datasets/calendar_daylight_light_profiles.json#record:calendar_daylight_light_profiles:novgorod_1230_1233_v2;book:375645 ¶964;book:375645 ¶965,rule:editorial_daylight_phase_partition_v2,no_source:exact_clock_times_and_individual_presence,C,candidate,Сезонный распорядок-кандидат; конкретный человек и доступ требуют сцены.
sch_nov_occ_crossing_guard_pf_ferry_landing_night_watch_autumn,2,nov_role_guard,nov_occ_crossing_guard,night_watch,autumn,9|10|11,0,"[{""state_id"":""night_work"",""duration_minutes"":413,""runtime_status"":""available"",""activity_ref"":""routine_night_work_v1"",""summary"":""Ночная стража при назначенной смене."",""activity_status"":""active"",""uses_current_activity"":false,""can_continue_automatically"":true,""decision_required"":false,""presence_state"":""on_site"",""location_ref"":""pf_ferry_landing"",""absence_reason_ru"":""""},{""state_id"":""morning_rest"",""duration_minutes"":307,""runtime_status"":""sleeping"",""activity_ref"":""routine_morning_rest_v1"",""summary"":""Отдых после ночной работы."",""activity_status"":""active"",""uses_current_activity"":false,""can_continue_automatically"":true,""decision_required"":false,""presence_state"":""on_site"",""location_ref"":""pf_ferry_landing"",""absence_reason_ru"":""""},{""state_id"":""noon_meal"",""duration_minutes"":45,""runtime_status"":""available"",""activity_ref"":""routine_noon_meal_v1"",""summary"":""Полуденная трапеза (аналогия)."",""activity_status"":""active"",""uses_current_activity"":false,""can_continue_automatically"":true,""decision_required"":false,""presence_state"":""on_site"",""location_ref"":""pf_ferry_landing"",""absence_reason_ru"":""""},{""state_id"":""post_meal_rest"",""duration_minutes"":90,""runtime_status"":""sleeping"",""activity_ref"":""routine_post_meal_rest_v1"",""summary"":""Послеобеденный отдых (аналогия; длительность редакционная)."",""activity_status"":""active"",""uses_current_activity"":false,""can_continue_automatically"":true,""decision_required"":false,""presence_state"":""on_site"",""location_ref"":""pf_ferry_landing"",""absence_reason_ru"":""""},{""state_id"":""afternoon_work"",""duration_minutes"":81,""runtime_status"":""available"",""activity_ref"":""routine_afternoon_work_v1"",""summary"":""Ночная стража при назначенной смене."",""activity_status"":""active"",""uses_current_activity"":false,""can_continue_automatically"":true,""decision_required"":false,""presence_state"":""on_site"",""location_ref"":""pf_ferry_landing"",""absence_reason_ru"":""""},{""state_id"":""evening_return"",""duration_minutes"":60,""runtime_status"":""available"",""activity_ref"":""routine_evening_return_v1"",""summary"":""Завершает дела."",""activity_status"":""active"",""uses_current_activity"":false,""can_continue_automatically"":true,""decision_required"":false,""presence_state"":""on_site"",""location_ref"":""pf_ferry_landing"",""absence_reason_ru"":""""},{""state_id"":""night_work_after_dusk"",""duration_minutes"":444,""runtime_status"":""available"",""activity_ref"":""routine_night_work_after_dusk_v1"",""summary"":""Ночная стража при назначенной смене."",""activity_status"":""active"",""uses_current_activity"":false,""can_continue_automatically"":true,""decision_required"":false,""presence_state"":""on_site"",""location_ref"":""pf_ferry_landing"",""absence_reason_ru"":""""}]",,data/novgorod-region/novgorod_occupations_v1_enriched.tsv#nov_occ_crossing_guard:night_behavior;places-binding/places/place_families.csv#pf_ferry_landing;data/world-catalogs/novgorod/temporal-v4/datasets/calendar_daylight_light_profiles.json#record:calendar_daylight_light_profiles:novgorod_1230_1233_v2;book:375645 ¶964;book:375645 ¶965;book:185868 ¶684,rule:editorial_daylight_phase_partition_v2,no_source:exact_clock_times_and_individual_presence,C,candidate,Сезонный распорядок-кандидат; конкретный человек и доступ требуют сцены.
sch_nov_occ_crossing_guard_pf_ferry_landing_night_watch_spring,2,nov_role_guard,nov_occ_crossing_guard,night_watch,spring,3|4|5,0,"[{""state_id"":""night_work"",""duration_minutes"":268,""runtime_status"":""available"",""activity_ref"":""routine_night_work_v1"",""summary"":""Ночная стража при назначенной смене."",""activity_status"":""active"",""uses_current_activity"":false,""can_continue_automatically"":true,""decision_required"":false,""presence_state"":""on_site"",""location_ref"":""pf_ferry_landing"",""absence_reason_ru"":""""},{""state_id"":""morning_rest"",""duration_minutes"":452,""runtime_status"":""sleeping"",""activity_ref"":""routine_morning_rest_v1"",""summary"":""Отдых после ночной работы."",""activity_status"":""active"",""uses_current_activity"":false,""can_continue_automatically"":true,""decision_required"":false,""presence_state"":""on_site"",""location_ref"":""pf_ferry_landing"",""absence_reason_ru"":""""},{""state_id"":""noon_meal"",""duration_minutes"":45,""runtime_status"":""available"",""activity_ref"":""routine_noon_meal_v1"",""summary"":""Полуденная трапеза (аналогия)."",""activity_status"":""active"",""uses_current_activity"":false,""can_continue_automatically"":true,""decision_required"":false,""presence_state"":""on_site"",""location_ref"":""pf_ferry_landing"",""absence_reason_ru"":""""},{""state_id"":""post_meal_rest"",""duration_minutes"":90,""runtime_status"":""sleeping"",""activity_ref"":""routine_post_meal_rest_v1"",""summary"":""Послеобеденный отдых (аналогия; длительность редакционная)."",""activity_status"":""active"",""uses_current_activity"":false,""can_continue_automatically"":true,""decision_required"":false,""presence_state"":""on_site"",""location_ref"":""pf_ferry_landing"",""absence_reason_ru"":""""},{""state_id"":""afternoon_work"",""duration_minutes"":253,""runtime_status"":""available"",""activity_ref"":""routine_afternoon_work_v1"",""summary"":""Ночная стража при назначенной смене."",""activity_status"":""active"",""uses_current_activity"":false,""can_continue_automatically"":true,""decision_required"":false,""presence_state"":""on_site"",""location_ref"":""pf_ferry_landing"",""absence_reason_ru"":""""},{""state_id"":""evening_return"",""duration_minutes"":60,""runtime_status"":""available"",""activity_ref"":""routine_evening_return_v1"",""summary"":""Завершает дела."",""activity_status"":""active"",""uses_current_activity"":false,""can_continue_automatically"":true,""decision_required"":false,""presence_state"":""on_site"",""location_ref"":""pf_ferry_landing"",""absence_reason_ru"":""""},{""state_id"":""night_work_after_dusk"",""duration_minutes"":272,""runtime_status"":""available"",""activity_ref"":""routine_night_work_after_dusk_v1"",""summary"":""Ночная стража при назначенной смене."",""activity_status"":""active"",""uses_current_activity"":false,""can_continue_automatically"":true,""decision_required"":false,""presence_state"":""on_site"",""location_ref"":""pf_ferry_landing"",""absence_reason_ru"":""""}]",,data/novgorod-region/novgorod_occupations_v1_enriched.tsv#nov_occ_crossing_guard:night_behavior;places-binding/places/place_families.csv#pf_ferry_landing;data/world-catalogs/novgorod/temporal-v4/datasets/calendar_daylight_light_profiles.json#record:calendar_daylight_light_profiles:novgorod_1230_1233_v2;book:375645 ¶964;book:375645 ¶965;book:185868 ¶684,rule:editorial_daylight_phase_partition_v2,no_source:exact_clock_times_and_individual_presence,C,candidate,Сезонный распорядок-кандидат; конкретный человек и доступ требуют сцены.
sch_nov_occ_crossing_guard_pf_ferry_landing_night_watch_summer,2,nov_role_guard,nov_occ_crossing_guard,night_watch,summer,6|7|8,0,"[{""state_id"":""night_work"",""duration_minutes"":206,""runtime_status"":""available"",""activity_ref"":""routine_night_work_v1"",""summary"":""Ночная стража при назначенной смене."",""activity_status"":""active"",""uses_current_activity"":false,""can_continue_automatically"":true,""decision_required"":false,""presence_state"":""on_site"",""location_ref"":""pf_ferry_landing"",""absence_reason_ru"":""""},{""state_id"":""morning_rest"",""duration_minutes"":514,""runtime_status"":""sleeping"",""activity_ref"":""routine_morning_rest_v1"",""summary"":""Отдых после ночной работы."",""activity_status"":""active"",""uses_current_activity"":false,""can_continue_automatically"":true,""decision_required"":false,""presence_state"":""on_site"",""location_ref"":""pf_ferry_landing"",""absence_reason_ru"":""""},{""state_id"":""noon_meal"",""duration_minutes"":45,""runtime_status"":""available"",""activity_ref"":""routine_noon_meal_v1"",""summary"":""Полуденная трапеза (аналогия)."",""activity_status"":""active"",""uses_current_activity"":false,""can_continue_automatically"":true,""decision_required"":false,""presence_state"":""on_site"",""location_ref"":""pf_ferry_landing"",""absence_reason_ru"":""""},{""state_id"":""post_meal_rest"",""duration_minutes"":90,""runtime_status"":""sleeping"",""activity_ref"":""routine_post_meal_rest_v1"",""summary"":""Послеобеденный отдых (аналогия; длительность редакционная)."",""activity_status"":""active"",""uses_current_activity"":false,""can_continue_automatically"":true,""decision_required"":false,""presence_state"":""on_site"",""location_ref"":""pf_ferry_landing"",""absence_reason_ru"":""""},{""state_id"":""afternoon_work"",""duration_minutes"":328,""runtime_status"":""available"",""activity_ref"":""routine_afternoon_work_v1"",""summary"":""Ночная стража при назначенной смене."",""activity_status"":""active"",""uses_current_activity"":false,""can_continue_automatically"":true,""decision_required"":false,""presence_state"":""on_site"",""location_ref"":""pf_ferry_landing"",""absence_reason_ru"":""""},{""state_id"":""evening_return"",""duration_minutes"":60,""runtime_status"":""available"",""activity_ref"":""routine_evening_return_v1"",""summary"":""Завершает дела."",""activity_status"":""active"",""uses_current_activity"":false,""can_continue_automatically"":true,""decision_required"":false,""presence_state"":""on_site"",""location_ref"":""pf_ferry_landing"",""absence_reason_ru"":""""},{""state_id"":""night_work_after_dusk"",""duration_minutes"":197,""runtime_status"":""available"",""activity_ref"":""routine_night_work_after_dusk_v1"",""summary"":""Ночная стража при назначенной смене."",""activity_status"":""active"",""uses_current_activity"":false,""can_continue_automatically"":true,""decision_required"":false,""presence_state"":""on_site"",""location_ref"":""pf_ferry_landing"",""absence_reason_ru"":""""}]",,data/novgorod-region/novgorod_occupations_v1_enriched.tsv#nov_occ_crossing_guard:night_behavior;places-binding/places/place_families.csv#pf_ferry_landing;data/world-catalogs/novgorod/temporal-v4/datasets/calendar_daylight_light_profiles.json#record:calendar_daylight_light_profiles:novgorod_1230_1233_v2;book:375645 ¶964;book:375645 ¶965;book:185868 ¶684,rule:editorial_daylight_phase_partition_v2,no_source:exact_clock_times_and_individual_presence,C,candidate,Сезонный распорядок-кандидат; конкретный человек и доступ требуют сцены.
sch_nov_occ_crossing_guard_pf_ferry_landing_normal_summer,2,nov_role_guard,nov_occ_crossing_guard,normal,summer,6|7|8,0,"[{""state_id"":""sleep_before_dawn"",""duration_minutes"":206,""runtime_status"":""sleeping"",""activity_ref"":""routine_sleep_before_dawn_v1"",""summary"":""Ночной сон; место неизвестно."",""activity_status"":""active"",""uses_current_activity"":false,""can_continue_automatically"":true,""decision_required"":false,""presence_state"":""away"",""location_ref"":"""",""absence_reason_ru"":""ночлег требует индивидуальной привязки""},{""state_id"":""preparation"",""duration_minutes"":60,""runtime_status"":""available"",""activity_ref"":""routine_preparation_v1"",""summary"":""Утренние дела после восхода."",""activity_status"":""active"",""uses_current_activity"":false,""can_continue_automatically"":true,""decision_required"":false,""presence_state"":""on_site"",""location_ref"":""pf_ferry_landing"",""absence_reason_ru"":""""},{""state_id"":""morning_work"",""duration_minutes"":454,""runtime_status"":""available"",""activity_ref"":""routine_morning_work_v1"",""summary"":""наблюдает за местом переправы"",""activity_status"":""active"",""uses_current_activity"":false,""can_continue_automatically"":true,""decision_required"":false,""presence_state"":""on_site"",""location_ref"":""pf_ferry_landing"",""absence_reason_ru"":""""},{""state_id"":""noon_meal"",""duration_minutes"":45,""runtime_status"":""available"",""activity_ref"":""routine_noon_meal_v1"",""summary"":""Полуденная трапеза (аналогия)."",""activity_status"":""active"",""uses_current_activity"":false,""can_continue_automatically"":true,""decision_required"":false,""presence_state"":""on_site"",""location_ref"":""pf_ferry_landing"",""absence_reason_ru"":""""},{""state_id"":""post_meal_rest"",""duration_minutes"":90,""runtime_status"":""sleeping"",""activity_ref"":""routine_post_meal_rest_v1"",""summary"":""Послеобеденный отдых (аналогия; длительность редакционная)."",""activity_status"":""active"",""uses_current_activity"":false,""can_continue_automatically"":true,""decision_required"":false,""presence_state"":""on_site"",""location_ref"":""pf_ferry_landing"",""absence_reason_ru"":""""},{""state_id"":""afternoon_work"",""duration_minutes"":328,""runtime_status"":""available"",""activity_ref"":""routine_afternoon_work_v1"",""summary"":""наблюдает за местом переправы"",""activity_status"":""active"",""uses_current_activity"":false,""can_continue_automatically"":true,""decision_required"":false,""presence_state"":""on_site"",""location_ref"":""pf_ferry_landing"",""absence_reason_ru"":""""},{""state_id"":""evening_return"",""duration_minutes"":60,""runtime_status"":""available"",""activity_ref"":""routine_evening_return_v1"",""summary"":""Завершает дела."",""activity_status"":""active"",""uses_current_activity"":false,""can_continue_automatically"":true,""decision_required"":false,""presence_state"":""on_site"",""location_ref"":""pf_ferry_landing"",""absence_reason_ru"":""""},{""state_id"":""sleep_after_dusk"",""duration_minutes"":197,""runtime_status"":""sleeping"",""activity_ref"":""routine_sleep_after_dusk_v1"",""summary"":""Ночной сон; место неизвестно."",""activity_status"":""active"",""uses_current_activity"":false,""can_continue_automatically"":true,""decision_required"":false,""presence_state"":""away"",""location_ref"":"""",""absence_reason_ru"":""ночлег требует индивидуальной привязки""}]",,data/novgorod-region/novgorod_occupations_v1_enriched.tsv#nov_occ_crossing_guard:where_work_happens;places-binding/places/place_families.csv#pf_ferry_landing;data/world-catalogs/novgorod/temporal-v4/datasets/calendar_daylight_light_profiles.json#record:calendar_daylight_light_profiles:novgorod_1230_1233_v2;book:375645 ¶964;book:375645 ¶965,rule:editorial_daylight_phase_partition_v2,no_source:exact_clock_times_and_individual_presence,C,candidate,Сезонный распорядок-кандидат; конкретный человек и доступ требуют сцены.
sch_nov_occ_crossing_guard_pf_ferry_landing_night_watch_winter,2,nov_role_guard,nov_occ_crossing_guard,night_watch,winter,12|1|2,0,"[{""state_id"":""night_work"",""duration_minutes"":508,""runtime_status"":""available"",""activity_ref"":""routine_night_work_v1"",""summary"":""Ночная стража при назначенной смене."",""activity_status"":""active"",""uses_current_activity"":false,""can_continue_automatically"":true,""decision_required"":false,""presence_state"":""on_site"",""location_ref"":""pf_ferry_landing"",""absence_reason_ru"":""""},{""state_id"":""morning_rest"",""duration_minutes"":212,""runtime_status"":""sleeping"",""activity_ref"":""routine_morning_rest_v1"",""summary"":""Отдых после ночной работы."",""activity_status"":""active"",""uses_current_activity"":false,""can_continue_automatically"":true,""decision_required"":false,""presence_state"":""on_site"",""location_ref"":""pf_ferry_landing"",""absence_reason_ru"":""""},{""state_id"":""noon_meal"",""duration_minutes"":45,""runtime_status"":""available"",""activity_ref"":""routine_noon_meal_v1"",""summary"":""Полуденная трапеза (аналогия)."",""activity_status"":""active"",""uses_current_activity"":false,""can_continue_automatically"":true,""decision_required"":false,""presence_state"":""on_site"",""location_ref"":""pf_ferry_landing"",""absence_reason_ru"":""""},{""state_id"":""post_meal_rest"",""duration_minutes"":90,""runtime_status"":""sleeping"",""activity_ref"":""routine_post_meal_rest_v1"",""summary"":""Послеобеденный отдых (аналогия; длительность редакционная)."",""activity_status"":""active"",""uses_current_activity"":false,""can_continue_automatically"":true,""decision_required"":false,""presence_state"":""on_site"",""location_ref"":""pf_ferry_landing"",""absence_reason_ru"":""""},{""state_id"":""afternoon_work"",""duration_minutes"":44,""runtime_status"":""available"",""activity_ref"":""routine_afternoon_work_v1"",""summary"":""Ночная стража при назначенной смене."",""activity_status"":""active"",""uses_current_activity"":false,""can_continue_automatically"":true,""decision_required"":false,""presence_state"":""on_site"",""location_ref"":""pf_ferry_landing"",""absence_reason_ru"":""""},{""state_id"":""evening_return"",""duration_minutes"":60,""runtime_status"":""available"",""activity_ref"":""routine_evening_return_v1"",""summary"":""Завершает дела."",""activity_status"":""active"",""uses_current_activity"":false,""can_continue_automatically"":true,""decision_required"":false,""presence_state"":""on_site"",""location_ref"":""pf_ferry_landing"",""absence_reason_ru"":""""},{""state_id"":""night_work_after_dusk"",""duration_minutes"":481,""runtime_status"":""available"",""activity_ref"":""routine_night_work_after_dusk_v1"",""summary"":""Ночная стража при назначенной смене."",""activity_status"":""active"",""uses_current_activity"":false,""can_continue_automatically"":true,""decision_required"":false,""presence_state"":""on_site"",""location_ref"":""pf_ferry_landing"",""absence_reason_ru"":""""}]",,data/novgorod-region/novgorod_occupations_v1_enriched.tsv#nov_occ_crossing_guard:night_behavior;places-binding/places/place_families.csv#pf_ferry_landing;data/world-catalogs/novgorod/temporal-v4/datasets/calendar_daylight_light_profiles.json#record:calendar_daylight_light_profiles:novgorod_1230_1233_v2;book:375645 ¶964;book:375645 ¶965;book:185868 ¶684,rule:editorial_daylight_phase_partition_v2,no_source:exact_clock_times_and_individual_presence,C,candidate,Сезонный распорядок-кандидат; конкретный человек и доступ требуют сцены.
sch_nov_occ_ferryman_pf_ferry_landing_normal_autumn,2,nov_role_ferryman,nov_occ_ferryman,normal,autumn,9|10|11,0,"[{""state_id"":""sleep_before_dawn"",""duration_minutes"":413,""runtime_status"":""sleeping"",""activity_ref"":""routine_sleep_before_dawn_v1"",""summary"":""Ночной сон; место неизвестно."",""activity_status"":""active"",""uses_current_activity"":false,""can_continue_automatically"":true,""decision_required"":false,""presence_state"":""away"",""location_ref"":"""",""absence_reason_ru"":""ночлег требует индивидуальной привязки""},{""state_id"":""preparation"",""duration_minutes"":60,""runtime_status"":""available"",""activity_ref"":""routine_preparation_v1"",""summary"":""Утренние дела после восхода."",""activity_status"":""active"",""uses_current_activity"":false,""can_continue_automatically"":true,""decision_required"":false,""presence_state"":""on_site"",""location_ref"":""pf_ferry_landing"",""absence_reason_ru"":""""},{""state_id"":""morning_work"",""duration_minutes"":247,""runtime_status"":""available"",""activity_ref"":""routine_morning_work_v1"",""summary"":""утро: сбор, ремонт, закупка; день: заготовки, торг, дороги до распутицы; вечер: учёт запасов; ночь холоднее и опаснее"",""activity_status"":""active"",""uses_current_activity"":false,""can_continue_automatically"":true,""decision_required"":false,""presence_state"":""on_site"",""location_ref"":""pf_ferry_landing"",""absence_reason_ru"":""""},{""state_id"":""noon_meal"",""duration_minutes"":45,""runtime_status"":""available"",""activity_ref"":""routine_noon_meal_v1"",""summary"":""Полуденная трапеза (аналогия)."",""activity_status"":""active"",""uses_current_activity"":false,""can_continue_automatically"":true,""decision_required"":false,""presence_state"":""on_site"",""location_ref"":""pf_ferry_landing"",""absence_reason_ru"":""""},{""state_id"":""post_meal_rest"",""duration_minutes"":90,""runtime_status"":""sleeping"",""activity_ref"":""routine_post_meal_rest_v1"",""summary"":""Послеобеденный отдых (аналогия; длительность редакционная)."",""activity_status"":""active"",""uses_current_activity"":false,""can_continue_automatically"":true,""decision_required"":false,""presence_state"":""on_site"",""location_ref"":""pf_ferry_landing"",""absence_reason_ru"":""""},{""state_id"":""afternoon_work"",""duration_minutes"":81,""runtime_status"":""available"",""activity_ref"":""routine_afternoon_work_v1"",""summary"":""утро: сбор, ремонт, закупка; день: заготовки, торг, дороги до распутицы; вечер: учёт запасов; ночь холоднее и опаснее"",""activity_status"":""active"",""uses_current_activity"":false,""can_continue_automatically"":true,""decision_required"":false,""presence_state"":""on_site"",""location_ref"":""pf_ferry_landing"",""absence_reason_ru"":""""},{""state_id"":""evening_return"",""duration_minutes"":60,""runtime_status"":""available"",""activity_ref"":""routine_evening_return_v1"",""summary"":""Завершает дела."",""activity_status"":""active"",""uses_current_activity"":false,""can_continue_automatically"":true,""decision_required"":false,""presence_state"":""on_site"",""location_ref"":""pf_ferry_landing"",""absence_reason_ru"":""""},{""state_id"":""sleep_after_dusk"",""duration_minutes"":444,""runtime_status"":""sleeping"",""activity_ref"":""routine_sleep_after_dusk_v1"",""summary"":""Ночной сон; место неизвестно."",""activity_status"":""active"",""uses_current_activity"":false,""can_continue_automatically"":true,""decision_required"":false,""presence_state"":""away"",""location_ref"":"""",""absence_reason_ru"":""ночлег требует индивидуальной привязки""}]",,data/novgorod-region/novgorod_occupations_v1_enriched.tsv#nov_occ_ferryman:daily_schedule_autumn;places-binding/places/place_families.csv#pf_ferry_landing;data/world-catalogs/novgorod/temporal-v4/datasets/calendar_daylight_light_profiles.json#record:calendar_daylight_light_profiles:novgorod_1230_1233_v2;book:375645 ¶964;book:375645 ¶965;places-binding/presence/people_presence_authoring.csv#nov_occ_ferryman,rule:editorial_daylight_phase_partition_v2,no_source:exact_clock_times_and_individual_presence,C,candidate,Сезонный распорядок-кандидат; конкретный человек и доступ требуют сцены.
sch_nov_occ_ferryman_pf_ferry_landing_normal_spring,2,nov_role_ferryman,nov_occ_ferryman,normal,spring,3|4|5,0,"[{""state_id"":""sleep_before_dawn"",""duration_minutes"":268,""runtime_status"":""sleeping"",""activity_ref"":""routine_sleep_before_dawn_v1"",""summary"":""Ночной сон; место неизвестно."",""activity_status"":""active"",""uses_current_activity"":false,""can_continue_automatically"":true,""decision_required"":false,""presence_state"":""away"",""location_ref"":"""",""absence_reason_ru"":""ночлег требует индивидуальной привязки""},{""state_id"":""preparation"",""duration_minutes"":60,""runtime_status"":""available"",""activity_ref"":""routine_preparation_v1"",""summary"":""Утренние дела после восхода."",""activity_status"":""active"",""uses_current_activity"":false,""can_continue_automatically"":true,""decision_required"":false,""presence_state"":""on_site"",""location_ref"":""pf_ferry_landing"",""absence_reason_ru"":""""},{""state_id"":""morning_work"",""duration_minutes"":392,""runtime_status"":""available"",""activity_ref"":""routine_morning_work_v1"",""summary"":""утро: проверка грязи, воды и доступа; день: работа замедлена распутицей; вечер: возврат раньше; ночь: дороги и перевозы рискованны"",""activity_status"":""active"",""uses_current_activity"":false,""can_continue_automatically"":true,""decision_required"":false,""presence_state"":""on_site"",""location_ref"":""pf_ferry_landing"",""absence_reason_ru"":""""},{""state_id"":""noon_meal"",""duration_minutes"":45,""runtime_status"":""available"",""activity_ref"":""routine_noon_meal_v1"",""summary"":""Полуденная трапеза (аналогия)."",""activity_status"":""active"",""uses_current_activity"":false,""can_continue_automatically"":true,""decision_required"":false,""presence_state"":""on_site"",""location_ref"":""pf_ferry_landing"",""absence_reason_ru"":""""},{""state_id"":""post_meal_rest"",""duration_minutes"":90,""runtime_status"":""sleeping"",""activity_ref"":""routine_post_meal_rest_v1"",""summary"":""Послеобеденный отдых (аналогия; длительность редакционная)."",""activity_status"":""active"",""uses_current_activity"":false,""can_continue_automatically"":true,""decision_required"":false,""presence_state"":""on_site"",""location_ref"":""pf_ferry_landing"",""absence_reason_ru"":""""},{""state_id"":""afternoon_work"",""duration_minutes"":253,""runtime_status"":""available"",""activity_ref"":""routine_afternoon_work_v1"",""summary"":""утро: проверка грязи, воды и доступа; день: работа замедлена распутицей; вечер: возврат раньше; ночь: дороги и перевозы рискованны"",""activity_status"":""active"",""uses_current_activity"":false,""can_continue_automatically"":true,""decision_required"":false,""presence_state"":""on_site"",""location_ref"":""pf_ferry_landing"",""absence_reason_ru"":""""},{""state_id"":""evening_return"",""duration_minutes"":60,""runtime_status"":""available"",""activity_ref"":""routine_evening_return_v1"",""summary"":""Завершает дела."",""activity_status"":""active"",""uses_current_activity"":false,""can_continue_automatically"":true,""decision_required"":false,""presence_state"":""on_site"",""location_ref"":""pf_ferry_landing"",""absence_reason_ru"":""""},{""state_id"":""sleep_after_dusk"",""duration_minutes"":272,""runtime_status"":""sleeping"",""activity_ref"":""routine_sleep_after_dusk_v1"",""summary"":""Ночной сон; место неизвестно."",""activity_status"":""active"",""uses_current_activity"":false,""can_continue_automatically"":true,""decision_required"":false,""presence_state"":""away"",""location_ref"":"""",""absence_reason_ru"":""ночлег требует индивидуальной привязки""}]",,data/novgorod-region/novgorod_occupations_v1_enriched.tsv#nov_occ_ferryman:daily_schedule_spring_rasputitsa;places-binding/places/place_families.csv#pf_ferry_landing;data/world-catalogs/novgorod/temporal-v4/datasets/calendar_daylight_light_profiles.json#record:calendar_daylight_light_profiles:novgorod_1230_1233_v2;book:375645 ¶964;book:375645 ¶965;places-binding/presence/people_presence_authoring.csv#nov_occ_ferryman,rule:editorial_daylight_phase_partition_v2,no_source:exact_clock_times_and_individual_presence,C,candidate,Сезонный распорядок-кандидат; конкретный человек и доступ требуют сцены.
sch_nov_occ_ferryman_pf_ferry_landing_normal_summer,2,nov_role_ferryman,nov_occ_ferryman,normal,summer,6|7|8,0,"[{""state_id"":""sleep_before_dawn"",""duration_minutes"":206,""runtime_status"":""sleeping"",""activity_ref"":""routine_sleep_before_dawn_v1"",""summary"":""Ночной сон; место неизвестно."",""activity_status"":""active"",""uses_current_activity"":false,""can_continue_automatically"":true,""decision_required"":false,""presence_state"":""away"",""location_ref"":"""",""absence_reason_ru"":""ночлег требует индивидуальной привязки""},{""state_id"":""preparation"",""duration_minutes"":60,""runtime_status"":""available"",""activity_ref"":""routine_preparation_v1"",""summary"":""Утренние дела после восхода."",""activity_status"":""active"",""uses_current_activity"":false,""can_continue_automatically"":true,""decision_required"":false,""presence_state"":""on_site"",""location_ref"":""pf_ferry_landing"",""absence_reason_ru"":""""},{""state_id"":""morning_work"",""duration_minutes"":454,""runtime_status"":""available"",""activity_ref"":""routine_morning_work_v1"",""summary"":""ожидает перевоз и помогает при переправе"",""activity_status"":""active"",""uses_current_activity"":false,""can_continue_automatically"":true,""decision_required"":false,""presence_state"":""on_site"",""location_ref"":""pf_ferry_landing"",""absence_reason_ru"":""""},{""state_id"":""noon_meal"",""duration_minutes"":45,""runtime_status"":""available"",""activity_ref"":""routine_noon_meal_v1"",""summary"":""Полуденная трапеза (аналогия)."",""activity_status"":""active"",""uses_current_activity"":false,""can_continue_automatically"":true,""decision_required"":false,""presence_state"":""on_site"",""location_ref"":""pf_ferry_landing"",""absence_reason_ru"":""""},{""state_id"":""post_meal_rest"",""duration_minutes"":90,""runtime_status"":""sleeping"",""activity_ref"":""routine_post_meal_rest_v1"",""summary"":""Послеобеденный отдых (аналогия; длительность редакционная)."",""activity_status"":""active"",""uses_current_activity"":false,""can_continue_automatically"":true,""decision_required"":false,""presence_state"":""on_site"",""location_ref"":""pf_ferry_landing"",""absence_reason_ru"":""""},{""state_id"":""afternoon_work"",""duration_minutes"":328,""runtime_status"":""available"",""activity_ref"":""routine_afternoon_work_v1"",""summary"":""ожидает перевоз и помогает при переправе"",""activity_status"":""active"",""uses_current_activity"":false,""can_continue_automatically"":true,""decision_required"":false,""presence_state"":""on_site"",""location_ref"":""pf_ferry_landing"",""absence_reason_ru"":""""},{""state_id"":""evening_return"",""duration_minutes"":60,""runtime_status"":""available"",""activity_ref"":""routine_evening_return_v1"",""summary"":""Завершает дела."",""activity_status"":""active"",""uses_current_activity"":false,""can_continue_automatically"":true,""decision_required"":false,""presence_state"":""on_site"",""location_ref"":""pf_ferry_landing"",""absence_reason_ru"":""""},{""state_id"":""sleep_after_dusk"",""duration_minutes"":197,""runtime_status"":""sleeping"",""activity_ref"":""routine_sleep_after_dusk_v1"",""summary"":""Ночной сон; место неизвестно."",""activity_status"":""active"",""uses_current_activity"":false,""can_continue_automatically"":true,""decision_required"":false,""presence_state"":""away"",""location_ref"":"""",""absence_reason_ru"":""ночлег требует индивидуальной привязки""}]",,data/novgorod-region/novgorod_occupations_v1_enriched.tsv#nov_occ_ferryman:where_work_happens;places-binding/places/place_families.csv#pf_ferry_landing;data/world-catalogs/novgorod/temporal-v4/datasets/calendar_daylight_light_profiles.json#record:calendar_daylight_light_profiles:novgorod_1230_1233_v2;book:375645 ¶964;book:375645 ¶965;places-binding/presence/people_presence_authoring.csv#nov_occ_ferryman,rule:editorial_daylight_phase_partition_v2,no_source:exact_clock_times_and_individual_presence,C,candidate,Сезонный распорядок-кандидат; конкретный человек и доступ требуют сцены.
sch_nov_occ_ferryman_pf_ferry_landing_normal_winter,2,nov_role_ferryman,nov_occ_ferryman,normal,winter,12|1|2,0,"[{""state_id"":""sleep_before_dawn"",""duration_minutes"":508,""runtime_status"":""sleeping"",""activity_ref"":""routine_sleep_before_dawn_v1"",""summary"":""Ночной сон; место неизвестно."",""activity_status"":""active"",""uses_current_activity"":false,""can_continue_automatically"":true,""decision_required"":false,""presence_state"":""away"",""location_ref"":"""",""absence_reason_ru"":""ночлег требует индивидуальной привязки""},{""state_id"":""preparation"",""duration_minutes"":60,""runtime_status"":""available"",""activity_ref"":""routine_preparation_v1"",""summary"":""Утренние дела после восхода."",""activity_status"":""active"",""uses_current_activity"":false,""can_continue_automatically"":true,""decision_required"":false,""presence_state"":""on_site"",""location_ref"":""pf_ferry_landing"",""absence_reason_ru"":""""},{""state_id"":""morning_work"",""duration_minutes"":152,""runtime_status"":""available"",""activity_ref"":""routine_morning_work_v1"",""summary"":""Следит за зимником и ледовой переправой, когда переход открыт."",""activity_status"":""active"",""uses_current_activity"":false,""can_continue_automatically"":true,""decision_required"":false,""presence_state"":""away"",""location_ref"":""pf_winter_ice_crossing"",""absence_reason_ru"":""занятие у pf_winter_ice_crossing""},{""state_id"":""noon_meal"",""duration_minutes"":45,""runtime_status"":""available"",""activity_ref"":""routine_noon_meal_v1"",""summary"":""Полуденная трапеза (аналогия)."",""activity_status"":""active"",""uses_current_activity"":false,""can_continue_automatically"":true,""decision_required"":false,""presence_state"":""on_site"",""location_ref"":""pf_ferry_landing"",""absence_reason_ru"":""""},{""state_id"":""post_meal_rest"",""duration_minutes"":90,""runtime_status"":""sleeping"",""activity_ref"":""routine_post_meal_rest_v1"",""summary"":""Послеобеденный отдых (аналогия; длительность редакционная)."",""activity_status"":""active"",""uses_current_activity"":false,""can_continue_automatically"":true,""decision_required"":false,""presence_state"":""on_site"",""location_ref"":""pf_ferry_landing"",""absence_reason_ru"":""""},{""state_id"":""afternoon_work"",""duration_minutes"":104,""runtime_status"":""available"",""activity_ref"":""routine_afternoon_work_v1"",""summary"":""Следит за зимником и ледовой переправой, когда переход открыт."",""activity_status"":""active"",""uses_current_activity"":false,""can_continue_automatically"":true,""decision_required"":false,""presence_state"":""away"",""location_ref"":""pf_winter_ice_crossing"",""absence_reason_ru"":""занятие у pf_winter_ice_crossing""},{""state_id"":""sleep_after_dusk"",""duration_minutes"":481,""runtime_status"":""sleeping"",""activity_ref"":""routine_sleep_after_dusk_v1"",""summary"":""Ночной сон; место неизвестно."",""activity_status"":""active"",""uses_current_activity"":false,""can_continue_automatically"":true,""decision_required"":false,""presence_state"":""away"",""location_ref"":"""",""absence_reason_ru"":""ночлег требует индивидуальной привязки""}]",,data/novgorod-region/novgorod_occupations_v1_enriched.tsv#nov_occ_ferryman:where_work_happens;places-binding/places/place_families.csv#pf_ferry_landing;data/world-catalogs/novgorod/temporal-v4/datasets/calendar_daylight_light_profiles.json#record:calendar_daylight_light_profiles:novgorod_1230_1233_v2;book:375645 ¶964;book:375645 ¶965;places-binding/places/place_families.csv#pf_winter_ice_crossing;places-binding/presence/people_presence_authoring.csv#nov_occ_ferryman,rule:editorial_daylight_phase_partition_v2,no_source:exact_clock_times_and_individual_presence,C,candidate,Сезонный распорядок-кандидат; конкретный человек и доступ требуют сцены.
sch_nov_occ_fish_weir_keeper_pf_fishing_camp_normal_summer,2,nov_role_fisher,nov_occ_fish_weir_keeper,normal,summer,6|7|8,0,"[{""state_id"":""sleep_before_dawn"",""duration_minutes"":206,""runtime_status"":""sleeping"",""activity_ref"":""routine_sleep_before_dawn_v1"",""summary"":""Ночной сон; место неизвестно."",""activity_status"":""active"",""uses_current_activity"":false,""can_continue_automatically"":true,""decision_required"":false,""presence_state"":""away"",""location_ref"":"""",""absence_reason_ru"":""ночлег требует индивидуальной привязки""},{""state_id"":""preparation"",""duration_minutes"":60,""runtime_status"":""available"",""activity_ref"":""routine_preparation_v1"",""summary"":""Утренние дела после восхода."",""activity_status"":""active"",""uses_current_activity"":false,""can_continue_automatically"":true,""decision_required"":false,""presence_state"":""on_site"",""location_ref"":""pf_fishing_camp"",""absence_reason_ru"":""""},{""state_id"":""morning_work"",""duration_minutes"":454,""runtime_status"":""available"",""activity_ref"":""routine_morning_work_v1"",""summary"":""осматривает место лова"",""activity_status"":""active"",""uses_current_activity"":false,""can_continue_automatically"":true,""decision_required"":false,""presence_state"":""away"",""location_ref"":""pf_riverbank"",""absence_reason_ru"":""занятие у pf_riverbank""},{""state_id"":""noon_meal"",""duration_minutes"":45,""runtime_status"":""available"",""activity_ref"":""routine_noon_meal_v1"",""summary"":""Полуденная трапеза (аналогия)."",""activity_status"":""active"",""uses_current_activity"":false,""can_continue_automatically"":true,""decision_required"":false,""presence_state"":""on_site"",""location_ref"":""pf_fishing_camp"",""absence_reason_ru"":""""},{""state_id"":""post_meal_rest"",""duration_minutes"":90,""runtime_status"":""sleeping"",""activity_ref"":""routine_post_meal_rest_v1"",""summary"":""Послеобеденный отдых (аналогия; длительность редакционная)."",""activity_status"":""active"",""uses_current_activity"":false,""can_continue_automatically"":true,""decision_required"":false,""presence_state"":""on_site"",""location_ref"":""pf_fishing_camp"",""absence_reason_ru"":""""},{""state_id"":""afternoon_work"",""duration_minutes"":328,""runtime_status"":""available"",""activity_ref"":""routine_afternoon_work_v1"",""summary"":""осматривает место лова"",""activity_status"":""active"",""uses_current_activity"":false,""can_continue_automatically"":true,""decision_required"":false,""presence_state"":""away"",""location_ref"":""pf_riverbank"",""absence_reason_ru"":""занятие у pf_riverbank""},{""state_id"":""evening_return"",""duration_minutes"":60,""runtime_status"":""available"",""activity_ref"":""routine_evening_return_v1"",""summary"":""Завершает дела."",""activity_status"":""active"",""uses_current_activity"":false,""can_continue_automatically"":true,""decision_required"":false,""presence_state"":""on_site"",""location_ref"":""pf_fishing_camp"",""absence_reason_ru"":""""},{""state_id"":""sleep_after_dusk"",""duration_minutes"":197,""runtime_status"":""sleeping"",""activity_ref"":""routine_sleep_after_dusk_v1"",""summary"":""Ночной сон; место неизвестно."",""activity_status"":""active"",""uses_current_activity"":false,""can_continue_automatically"":true,""decision_required"":false,""presence_state"":""away"",""location_ref"":"""",""absence_reason_ru"":""ночлег требует индивидуальной привязки""}]",,data/novgorod-region/novgorod_occupations_v1_enriched.tsv#nov_occ_fish_weir_keeper:where_work_happens;places-binding/places/place_families.csv#pf_fishing_camp;data/world-catalogs/novgorod/temporal-v4/datasets/calendar_daylight_light_profiles.json#record:calendar_daylight_light_profiles:novgorod_1230_1233_v2;book:375645 ¶964;book:375645 ¶965;places-binding/places/place_families.csv#pf_riverbank,rule:editorial_daylight_phase_partition_v2,no_source:exact_clock_times_and_individual_presence,C,candidate,Сезонный распорядок-кандидат; конкретный человек и доступ требуют сцены.
sch_nov_occ_fisher_pf_fishing_camp_normal_summer,2,nov_role_fisher,nov_occ_fisher,normal,summer,6|7|8,0,"[{""state_id"":""sleep_before_dawn"",""duration_minutes"":206,""runtime_status"":""sleeping"",""activity_ref"":""routine_sleep_before_dawn_v1"",""summary"":""Ночной сон; место неизвестно."",""activity_status"":""active"",""uses_current_activity"":false,""can_continue_automatically"":true,""decision_required"":false,""presence_state"":""away"",""location_ref"":"""",""absence_reason_ru"":""ночлег требует индивидуальной привязки""},{""state_id"":""preparation"",""duration_minutes"":60,""runtime_status"":""available"",""activity_ref"":""routine_preparation_v1"",""summary"":""Утренние дела после восхода."",""activity_status"":""active"",""uses_current_activity"":false,""can_continue_automatically"":true,""decision_required"":false,""presence_state"":""on_site"",""location_ref"":""pf_fishing_camp"",""absence_reason_ru"":""""},{""state_id"":""morning_work"",""duration_minutes"":454,""runtime_status"":""available"",""activity_ref"":""routine_morning_work_v1"",""summary"":""занят ловом и осмотром снастей у берега"",""activity_status"":""active"",""uses_current_activity"":false,""can_continue_automatically"":true,""decision_required"":false,""presence_state"":""away"",""location_ref"":""pf_riverbank"",""absence_reason_ru"":""занятие у pf_riverbank""},{""state_id"":""noon_meal"",""duration_minutes"":45,""runtime_status"":""available"",""activity_ref"":""routine_noon_meal_v1"",""summary"":""Полуденная трапеза (аналогия)."",""activity_status"":""active"",""uses_current_activity"":false,""can_continue_automatically"":true,""decision_required"":false,""presence_state"":""on_site"",""location_ref"":""pf_fishing_camp"",""absence_reason_ru"":""""},{""state_id"":""post_meal_rest"",""duration_minutes"":90,""runtime_status"":""sleeping"",""activity_ref"":""routine_post_meal_rest_v1"",""summary"":""Послеобеденный отдых (аналогия; длительность редакционная)."",""activity_status"":""active"",""uses_current_activity"":false,""can_continue_automatically"":true,""decision_required"":false,""presence_state"":""on_site"",""location_ref"":""pf_fishing_camp"",""absence_reason_ru"":""""},{""state_id"":""afternoon_work"",""duration_minutes"":328,""runtime_status"":""available"",""activity_ref"":""routine_afternoon_work_v1"",""summary"":""занят ловом и осмотром снастей у берега"",""activity_status"":""active"",""uses_current_activity"":false,""can_continue_automatically"":true,""decision_required"":false,""presence_state"":""away"",""location_ref"":""pf_riverbank"",""absence_reason_ru"":""занятие у pf_riverbank""},{""state_id"":""evening_return"",""duration_minutes"":60,""runtime_status"":""available"",""activity_ref"":""routine_evening_return_v1"",""summary"":""Завершает дела."",""activity_status"":""active"",""uses_current_activity"":false,""can_continue_automatically"":true,""decision_required"":false,""presence_state"":""on_site"",""location_ref"":""pf_fishing_camp"",""absence_reason_ru"":""""},{""state_id"":""sleep_after_dusk"",""duration_minutes"":197,""runtime_status"":""sleeping"",""activity_ref"":""routine_sleep_after_dusk_v1"",""summary"":""Ночной сон; место неизвестно."",""activity_status"":""active"",""uses_current_activity"":false,""can_continue_automatically"":true,""decision_required"":false,""presence_state"":""away"",""location_ref"":"""",""absence_reason_ru"":""ночлег требует индивидуальной привязки""}]",,data/novgorod-region/novgorod_occupations_v1_enriched.tsv#nov_occ_fisher:where_work_happens;places-binding/places/place_families.csv#pf_fishing_camp;data/world-catalogs/novgorod/temporal-v4/datasets/calendar_daylight_light_profiles.json#record:calendar_daylight_light_profiles:novgorod_1230_1233_v2;book:375645 ¶964;book:375645 ¶965;places-binding/places/place_families.csv#pf_riverbank,rule:editorial_daylight_phase_partition_v2,no_source:exact_clock_times_and_individual_presence,C,candidate,Сезонный распорядок-кандидат; конкретный человек и доступ требуют сцены.
sch_nov_occ_fisher_pf_fishing_camp_normal_winter,2,nov_role_fisher,nov_occ_fisher,normal,winter,12|1|2,0,"[{""state_id"":""sleep_before_dawn"",""duration_minutes"":508,""runtime_status"":""sleeping"",""activity_ref"":""routine_sleep_before_dawn_v1"",""summary"":""Ночной сон; место неизвестно."",""activity_status"":""active"",""uses_current_activity"":false,""can_continue_automatically"":true,""decision_required"":false,""presence_state"":""away"",""location_ref"":"""",""absence_reason_ru"":""ночлег требует индивидуальной привязки""},{""state_id"":""preparation"",""duration_minutes"":60,""runtime_status"":""available"",""activity_ref"":""routine_preparation_v1"",""summary"":""Утренние дела после восхода."",""activity_status"":""active"",""uses_current_activity"":false,""can_continue_automatically"":true,""decision_required"":false,""presence_state"":""on_site"",""location_ref"":""pf_fishing_camp"",""absence_reason_ru"":""""},{""state_id"":""morning_work"",""duration_minutes"":152,""runtime_status"":""available"",""activity_ref"":""routine_morning_work_v1"",""summary"":""чинит снасти и готовит промысел"",""activity_status"":""active"",""uses_current_activity"":false,""can_continue_automatically"":true,""decision_required"":false,""presence_state"":""on_site"",""location_ref"":""pf_fishing_camp"",""absence_reason_ru"":""""},{""state_id"":""noon_meal"",""duration_minutes"":45,""runtime_status"":""available"",""activity_ref"":""routine_noon_meal_v1"",""summary"":""Полуденная трапеза (аналогия)."",""activity_status"":""active"",""uses_current_activity"":false,""can_continue_automatically"":true,""decision_required"":false,""presence_state"":""on_site"",""location_ref"":""pf_fishing_camp"",""absence_reason_ru"":""""},{""state_id"":""post_meal_rest"",""duration_minutes"":90,""runtime_status"":""sleeping"",""activity_ref"":""routine_post_meal_rest_v1"",""summary"":""Послеобеденный отдых (аналогия; длительность редакционная)."",""activity_status"":""active"",""uses_current_activity"":false,""can_continue_automatically"":true,""decision_required"":false,""presence_state"":""on_site"",""location_ref"":""pf_fishing_camp"",""absence_reason_ru"":""""},{""state_id"":""afternoon_work"",""duration_minutes"":44,""runtime_status"":""available"",""activity_ref"":""routine_afternoon_work_v1"",""summary"":""чинит снасти и готовит промысел"",""activity_status"":""active"",""uses_current_activity"":false,""can_continue_automatically"":true,""decision_required"":false,""presence_state"":""on_site"",""location_ref"":""pf_fishing_camp"",""absence_reason_ru"":""""},{""state_id"":""evening_return"",""duration_minutes"":60,""runtime_status"":""available"",""activity_ref"":""routine_evening_return_v1"",""summary"":""Завершает дела."",""activity_status"":""active"",""uses_current_activity"":false,""can_continue_automatically"":true,""decision_required"":false,""presence_state"":""on_site"",""location_ref"":""pf_fishing_camp"",""absence_reason_ru"":""""},{""state_id"":""sleep_after_dusk"",""duration_minutes"":481,""runtime_status"":""sleeping"",""activity_ref"":""routine_sleep_after_dusk_v1"",""summary"":""Ночной сон; место неизвестно."",""activity_status"":""active"",""uses_current_activity"":false,""can_continue_automatically"":true,""decision_required"":false,""presence_state"":""away"",""location_ref"":"""",""absence_reason_ru"":""ночлег требует индивидуальной привязки""}]",,data/novgorod-region/novgorod_occupations_v1_enriched.tsv#nov_occ_fisher:where_work_happens;places-binding/places/place_families.csv#pf_fishing_camp;data/world-catalogs/novgorod/temporal-v4/datasets/calendar_daylight_light_profiles.json#record:calendar_daylight_light_profiles:novgorod_1230_1233_v2;book:375645 ¶964;book:375645 ¶965,rule:editorial_daylight_phase_partition_v2,no_source:exact_clock_times_and_individual_presence,C,candidate,Сезонный распорядок-кандидат; конкретный человек и доступ требуют сцены.
sch_nov_occ_fisher_pf_riverbank_normal_autumn,2,nov_role_fisher,nov_occ_fisher,normal,autumn,9|10|11,0,"[{""state_id"":""sleep_before_dawn"",""duration_minutes"":413,""runtime_status"":""sleeping"",""activity_ref"":""routine_sleep_before_dawn_v1"",""summary"":""Ночной сон; место неизвестно."",""activity_status"":""active"",""uses_current_activity"":false,""can_continue_automatically"":true,""decision_required"":false,""presence_state"":""away"",""location_ref"":"""",""absence_reason_ru"":""ночлег требует индивидуальной привязки""},{""state_id"":""preparation"",""duration_minutes"":60,""runtime_status"":""available"",""activity_ref"":""routine_preparation_v1"",""summary"":""Утренние дела после восхода."",""activity_status"":""active"",""uses_current_activity"":false,""can_continue_automatically"":true,""decision_required"":false,""presence_state"":""on_site"",""location_ref"":""pf_riverbank"",""absence_reason_ru"":""""},{""state_id"":""morning_work"",""duration_minutes"":247,""runtime_status"":""available"",""activity_ref"":""routine_morning_work_v1"",""summary"":""утро: сбор, ремонт, закупка; день: заготовки, торг, дороги до распутицы; вечер: учёт запасов; ночь холоднее и опаснее"",""activity_status"":""active"",""uses_current_activity"":false,""can_continue_automatically"":true,""decision_required"":false,""presence_state"":""on_site"",""location_ref"":""pf_riverbank"",""absence_reason_ru"":""""},{""state_id"":""noon_meal"",""duration_minutes"":45,""runtime_status"":""available"",""activity_ref"":""routine_noon_meal_v1"",""summary"":""Полуденная трапеза (аналогия)."",""activity_status"":""active"",""uses_current_activity"":false,""can_continue_automatically"":true,""decision_required"":false,""presence_state"":""on_site"",""location_ref"":""pf_riverbank"",""absence_reason_ru"":""""},{""state_id"":""post_meal_rest"",""duration_minutes"":90,""runtime_status"":""sleeping"",""activity_ref"":""routine_post_meal_rest_v1"",""summary"":""Послеобеденный отдых (аналогия; длительность редакционная)."",""activity_status"":""active"",""uses_current_activity"":false,""can_continue_automatically"":true,""decision_required"":false,""presence_state"":""on_site"",""location_ref"":""pf_riverbank"",""absence_reason_ru"":""""},{""state_id"":""afternoon_work"",""duration_minutes"":81,""runtime_status"":""available"",""activity_ref"":""routine_afternoon_work_v1"",""summary"":""утро: сбор, ремонт, закупка; день: заготовки, торг, дороги до распутицы; вечер: учёт запасов; ночь холоднее и опаснее"",""activity_status"":""active"",""uses_current_activity"":false,""can_continue_automatically"":true,""decision_required"":false,""presence_state"":""on_site"",""location_ref"":""pf_riverbank"",""absence_reason_ru"":""""},{""state_id"":""evening_return"",""duration_minutes"":60,""runtime_status"":""available"",""activity_ref"":""routine_evening_return_v1"",""summary"":""Завершает дела."",""activity_status"":""active"",""uses_current_activity"":false,""can_continue_automatically"":true,""decision_required"":false,""presence_state"":""on_site"",""location_ref"":""pf_riverbank"",""absence_reason_ru"":""""},{""state_id"":""sleep_after_dusk"",""duration_minutes"":444,""runtime_status"":""sleeping"",""activity_ref"":""routine_sleep_after_dusk_v1"",""summary"":""Ночной сон; место неизвестно."",""activity_status"":""active"",""uses_current_activity"":false,""can_continue_automatically"":true,""decision_required"":false,""presence_state"":""away"",""location_ref"":"""",""absence_reason_ru"":""ночлег требует индивидуальной привязки""}]",,data/novgorod-region/novgorod_occupations_v1_enriched.tsv#nov_occ_fisher:daily_schedule_autumn;places-binding/places/place_families.csv#pf_riverbank;data/world-catalogs/novgorod/temporal-v4/datasets/calendar_daylight_light_profiles.json#record:calendar_daylight_light_profiles:novgorod_1230_1233_v2;book:375645 ¶964;book:375645 ¶965;places-binding/presence/people_presence_authoring.csv#nov_occ_fisher,rule:editorial_daylight_phase_partition_v2,no_source:exact_clock_times_and_individual_presence,C,candidate,Сезонный распорядок-кандидат; конкретный человек и доступ требуют сцены.
sch_nov_occ_fisher_pf_riverbank_normal_spring,2,nov_role_fisher,nov_occ_fisher,normal,spring,3|4|5,0,"[{""state_id"":""sleep_before_dawn"",""duration_minutes"":268,""runtime_status"":""sleeping"",""activity_ref"":""routine_sleep_before_dawn_v1"",""summary"":""Ночной сон; место неизвестно."",""activity_status"":""active"",""uses_current_activity"":false,""can_continue_automatically"":true,""decision_required"":false,""presence_state"":""away"",""location_ref"":"""",""absence_reason_ru"":""ночлег требует индивидуальной привязки""},{""state_id"":""preparation"",""duration_minutes"":60,""runtime_status"":""available"",""activity_ref"":""routine_preparation_v1"",""summary"":""Утренние дела после восхода."",""activity_status"":""active"",""uses_current_activity"":false,""can_continue_automatically"":true,""decision_required"":false,""presence_state"":""on_site"",""location_ref"":""pf_riverbank"",""absence_reason_ru"":""""},{""state_id"":""morning_work"",""duration_minutes"":392,""runtime_status"":""available"",""activity_ref"":""routine_morning_work_v1"",""summary"":""утро: проверка грязи, воды и доступа; день: работа замедлена распутицей; вечер: возврат раньше; ночь: дороги и перевозы рискованны"",""activity_status"":""active"",""uses_current_activity"":false,""can_continue_automatically"":true,""decision_required"":false,""presence_state"":""on_site"",""location_ref"":""pf_riverbank"",""absence_reason_ru"":""""},{""state_id"":""noon_meal"",""duration_minutes"":45,""runtime_status"":""available"",""activity_ref"":""routine_noon_meal_v1"",""summary"":""Полуденная трапеза (аналогия)."",""activity_status"":""active"",""uses_current_activity"":false,""can_continue_automatically"":true,""decision_required"":false,""presence_state"":""on_site"",""location_ref"":""pf_riverbank"",""absence_reason_ru"":""""},{""state_id"":""post_meal_rest"",""duration_minutes"":90,""runtime_status"":""sleeping"",""activity_ref"":""routine_post_meal_rest_v1"",""summary"":""Послеобеденный отдых (аналогия; длительность редакционная)."",""activity_status"":""active"",""uses_current_activity"":false,""can_continue_automatically"":true,""decision_required"":false,""presence_state"":""on_site"",""location_ref"":""pf_riverbank"",""absence_reason_ru"":""""},{""state_id"":""afternoon_work"",""duration_minutes"":253,""runtime_status"":""available"",""activity_ref"":""routine_afternoon_work_v1"",""summary"":""утро: проверка грязи, воды и доступа; день: работа замедлена распутицей; вечер: возврат раньше; ночь: дороги и перевозы рискованны"",""activity_status"":""active"",""uses_current_activity"":false,""can_continue_automatically"":true,""decision_required"":false,""presence_state"":""on_site"",""location_ref"":""pf_riverbank"",""absence_reason_ru"":""""},{""state_id"":""evening_return"",""duration_minutes"":60,""runtime_status"":""available"",""activity_ref"":""routine_evening_return_v1"",""summary"":""Завершает дела."",""activity_status"":""active"",""uses_current_activity"":false,""can_continue_automatically"":true,""decision_required"":false,""presence_state"":""on_site"",""location_ref"":""pf_riverbank"",""absence_reason_ru"":""""},{""state_id"":""sleep_after_dusk"",""duration_minutes"":272,""runtime_status"":""sleeping"",""activity_ref"":""routine_sleep_after_dusk_v1"",""summary"":""Ночной сон; место неизвестно."",""activity_status"":""active"",""uses_current_activity"":false,""can_continue_automatically"":true,""decision_required"":false,""presence_state"":""away"",""location_ref"":"""",""absence_reason_ru"":""ночлег требует индивидуальной привязки""}]",,data/novgorod-region/novgorod_occupations_v1_enriched.tsv#nov_occ_fisher:daily_schedule_spring_rasputitsa;places-binding/places/place_families.csv#pf_riverbank;data/world-catalogs/novgorod/temporal-v4/datasets/calendar_daylight_light_profiles.json#record:calendar_daylight_light_profiles:novgorod_1230_1233_v2;book:375645 ¶964;book:375645 ¶965;places-binding/presence/people_presence_authoring.csv#nov_occ_fisher,rule:editorial_daylight_phase_partition_v2,no_source:exact_clock_times_and_individual_presence,C,candidate,Сезонный распорядок-кандидат; конкретный человек и доступ требуют сцены.
sch_nov_occ_fisher_pf_riverbank_night_fishing_summer,2,nov_role_fisher,nov_occ_fisher,night_fishing,summer,6|7|8,0,"[{""state_id"":""night_work"",""duration_minutes"":206,""runtime_status"":""available"",""activity_ref"":""routine_night_work_v1"",""summary"":""Ночной лов с огнём при подходящих условиях."",""activity_status"":""active"",""uses_current_activity"":false,""can_continue_automatically"":true,""decision_required"":false,""presence_state"":""on_site"",""location_ref"":""pf_riverbank"",""absence_reason_ru"":""""},{""state_id"":""morning_rest"",""duration_minutes"":514,""runtime_status"":""sleeping"",""activity_ref"":""routine_morning_rest_v1"",""summary"":""Отдых после ночной работы."",""activity_status"":""active"",""uses_current_activity"":false,""can_continue_automatically"":true,""decision_required"":false,""presence_state"":""on_site"",""location_ref"":""pf_riverbank"",""absence_reason_ru"":""""},{""state_id"":""noon_meal"",""duration_minutes"":45,""runtime_status"":""available"",""activity_ref"":""routine_noon_meal_v1"",""summary"":""Полуденная трапеза (аналогия)."",""activity_status"":""active"",""uses_current_activity"":false,""can_continue_automatically"":true,""decision_required"":false,""presence_state"":""on_site"",""location_ref"":""pf_riverbank"",""absence_reason_ru"":""""},{""state_id"":""post_meal_rest"",""duration_minutes"":90,""runtime_status"":""sleeping"",""activity_ref"":""routine_post_meal_rest_v1"",""summary"":""Послеобеденный отдых (аналогия; длительность редакционная)."",""activity_status"":""active"",""uses_current_activity"":false,""can_continue_automatically"":true,""decision_required"":false,""presence_state"":""on_site"",""location_ref"":""pf_riverbank"",""absence_reason_ru"":""""},{""state_id"":""afternoon_work"",""duration_minutes"":328,""runtime_status"":""available"",""activity_ref"":""routine_afternoon_work_v1"",""summary"":""Ночной лов с огнём при подходящих условиях."",""activity_status"":""active"",""uses_current_activity"":false,""can_continue_automatically"":true,""decision_required"":false,""presence_state"":""on_site"",""location_ref"":""pf_riverbank"",""absence_reason_ru"":""""},{""state_id"":""evening_return"",""duration_minutes"":60,""runtime_status"":""available"",""activity_ref"":""routine_evening_return_v1"",""summary"":""Завершает дела."",""activity_status"":""active"",""uses_current_activity"":false,""can_continue_automatically"":true,""decision_required"":false,""presence_state"":""on_site"",""location_ref"":""pf_riverbank"",""absence_reason_ru"":""""},{""state_id"":""night_work_after_dusk"",""duration_minutes"":197,""runtime_status"":""available"",""activity_ref"":""routine_night_work_after_dusk_v1"",""summary"":""Ночной лов с огнём при подходящих условиях."",""activity_status"":""active"",""uses_current_activity"":false,""can_continue_automatically"":true,""decision_required"":false,""presence_state"":""on_site"",""location_ref"":""pf_riverbank"",""absence_reason_ru"":""""}]",,data/novgorod-region/novgorod_occupations_v1_enriched.tsv#nov_occ_fisher:night_behavior;places-binding/places/place_families.csv#pf_riverbank;data/world-catalogs/novgorod/temporal-v4/datasets/calendar_daylight_light_profiles.json#record:calendar_daylight_light_profiles:novgorod_1230_1233_v2;book:375645 ¶964;book:375645 ¶965;places-binding/presence/people_presence_authoring.csv#nov_occ_fisher;book:622242 ¶1435,rule:editorial_daylight_phase_partition_v2,no_source:exact_clock_times_and_individual_presence,C,candidate,Сезонный распорядок-кандидат; конкретный человек и доступ требуют сцены.
sch_nov_occ_fisher_pf_riverbank_normal_summer,2,nov_role_fisher,nov_occ_fisher,normal,summer,6|7|8,0,"[{""state_id"":""sleep_before_dawn"",""duration_minutes"":206,""runtime_status"":""sleeping"",""activity_ref"":""routine_sleep_before_dawn_v1"",""summary"":""Ночной сон; место неизвестно."",""activity_status"":""active"",""uses_current_activity"":false,""can_continue_automatically"":true,""decision_required"":false,""presence_state"":""away"",""location_ref"":"""",""absence_reason_ru"":""ночлег требует индивидуальной привязки""},{""state_id"":""preparation"",""duration_minutes"":60,""runtime_status"":""available"",""activity_ref"":""routine_preparation_v1"",""summary"":""Утренние дела после восхода."",""activity_status"":""active"",""uses_current_activity"":false,""can_continue_automatically"":true,""decision_required"":false,""presence_state"":""on_site"",""location_ref"":""pf_riverbank"",""absence_reason_ru"":""""},{""state_id"":""morning_work"",""duration_minutes"":454,""runtime_status"":""available"",""activity_ref"":""routine_morning_work_v1"",""summary"":""утро раннее; день длинный и трудовой; вечер занят запасами, скотом, лодками или товаром; ночь возможна для сторожи, рыбы и дороги"",""activity_status"":""active"",""uses_current_activity"":false,""can_continue_automatically"":true,""decision_required"":false,""presence_state"":""on_site"",""location_ref"":""pf_riverbank"",""absence_reason_ru"":""""},{""state_id"":""noon_meal"",""duration_minutes"":45,""runtime_status"":""available"",""activity_ref"":""routine_noon_meal_v1"",""summary"":""Полуденная трапеза (аналогия)."",""activity_status"":""active"",""uses_current_activity"":false,""can_continue_automatically"":true,""decision_required"":false,""presence_state"":""on_site"",""location_ref"":""pf_riverbank"",""absence_reason_ru"":""""},{""state_id"":""post_meal_rest"",""duration_minutes"":90,""runtime_status"":""sleeping"",""activity_ref"":""routine_post_meal_rest_v1"",""summary"":""Послеобеденный отдых (аналогия; длительность редакционная)."",""activity_status"":""active"",""uses_current_activity"":false,""can_continue_automatically"":true,""decision_required"":false,""presence_state"":""on_site"",""location_ref"":""pf_riverbank"",""absence_reason_ru"":""""},{""state_id"":""afternoon_work"",""duration_minutes"":328,""runtime_status"":""available"",""activity_ref"":""routine_afternoon_work_v1"",""summary"":""утро раннее; день длинный и трудовой; вечер занят запасами, скотом, лодками или товаром; ночь возможна для сторожи, рыбы и дороги"",""activity_status"":""active"",""uses_current_activity"":false,""can_continue_automatically"":true,""decision_required"":false,""presence_state"":""on_site"",""location_ref"":""pf_riverbank"",""absence_reason_ru"":""""},{""state_id"":""evening_return"",""duration_minutes"":60,""runtime_status"":""available"",""activity_ref"":""routine_evening_return_v1"",""summary"":""Завершает дела."",""activity_status"":""active"",""uses_current_activity"":false,""can_continue_automatically"":true,""decision_required"":false,""presence_state"":""on_site"",""location_ref"":""pf_riverbank"",""absence_reason_ru"":""""},{""state_id"":""sleep_after_dusk"",""duration_minutes"":197,""runtime_status"":""sleeping"",""activity_ref"":""routine_sleep_after_dusk_v1"",""summary"":""Ночной сон; место неизвестно."",""activity_status"":""active"",""uses_current_activity"":false,""can_continue_automatically"":true,""decision_required"":false,""presence_state"":""away"",""location_ref"":"""",""absence_reason_ru"":""ночлег требует индивидуальной привязки""}]",,data/novgorod-region/novgorod_occupations_v1_enriched.tsv#nov_occ_fisher:daily_schedule_summer;places-binding/places/place_families.csv#pf_riverbank;data/world-catalogs/novgorod/temporal-v4/datasets/calendar_daylight_light_profiles.json#record:calendar_daylight_light_profiles:novgorod_1230_1233_v2;book:375645 ¶964;book:375645 ¶965;places-binding/presence/people_presence_authoring.csv#nov_occ_fisher,rule:editorial_daylight_phase_partition_v2,no_source:exact_clock_times_and_individual_presence,C,candidate,Сезонный распорядок-кандидат; конкретный человек и доступ требуют сцены.
sch_nov_occ_fisher_pf_riverbank_normal_winter,2,nov_role_fisher,nov_occ_fisher,normal,winter,12|1|2,0,"[{""state_id"":""sleep_before_dawn"",""duration_minutes"":508,""runtime_status"":""sleeping"",""activity_ref"":""routine_sleep_before_dawn_v1"",""summary"":""Ночной сон; место неизвестно."",""activity_status"":""active"",""uses_current_activity"":false,""can_continue_automatically"":true,""decision_required"":false,""presence_state"":""away"",""location_ref"":"""",""absence_reason_ru"":""ночлег требует индивидуальной привязки""},{""state_id"":""preparation"",""duration_minutes"":60,""runtime_status"":""available"",""activity_ref"":""routine_preparation_v1"",""summary"":""Утренние дела после восхода."",""activity_status"":""active"",""uses_current_activity"":false,""can_continue_automatically"":true,""decision_required"":false,""presence_state"":""on_site"",""location_ref"":""pf_riverbank"",""absence_reason_ru"":""""},{""state_id"":""morning_work"",""duration_minutes"":152,""runtime_status"":""available"",""activity_ref"":""routine_morning_work_v1"",""summary"":""утро позднее и короче; день: зимний путь, ремонт, скот, склад или внутренняя работа; вечер ранний; ночь опасна из-за холода и темноты"",""activity_status"":""active"",""uses_current_activity"":false,""can_continue_automatically"":true,""decision_required"":false,""presence_state"":""on_site"",""location_ref"":""pf_riverbank"",""absence_reason_ru"":""""},{""state_id"":""noon_meal"",""duration_minutes"":45,""runtime_status"":""available"",""activity_ref"":""routine_noon_meal_v1"",""summary"":""Полуденная трапеза (аналогия)."",""activity_status"":""active"",""uses_current_activity"":false,""can_continue_automatically"":true,""decision_required"":false,""presence_state"":""on_site"",""location_ref"":""pf_riverbank"",""absence_reason_ru"":""""},{""state_id"":""post_meal_rest"",""duration_minutes"":90,""runtime_status"":""sleeping"",""activity_ref"":""routine_post_meal_rest_v1"",""summary"":""Послеобеденный отдых (аналогия; длительность редакционная)."",""activity_status"":""active"",""uses_current_activity"":false,""can_continue_automatically"":true,""decision_required"":false,""presence_state"":""on_site"",""location_ref"":""pf_riverbank"",""absence_reason_ru"":""""},{""state_id"":""afternoon_work"",""duration_minutes"":44,""runtime_status"":""available"",""activity_ref"":""routine_afternoon_work_v1"",""summary"":""утро позднее и короче; день: зимний путь, ремонт, скот, склад или внутренняя работа; вечер ранний; ночь опасна из-за холода и темноты"",""activity_status"":""active"",""uses_current_activity"":false,""can_continue_automatically"":true,""decision_required"":false,""presence_state"":""on_site"",""location_ref"":""pf_riverbank"",""absence_reason_ru"":""""},{""state_id"":""evening_return"",""duration_minutes"":60,""runtime_status"":""available"",""activity_ref"":""routine_evening_return_v1"",""summary"":""Завершает дела."",""activity_status"":""active"",""uses_current_activity"":false,""can_continue_automatically"":true,""decision_required"":false,""presence_state"":""on_site"",""location_ref"":""pf_riverbank"",""absence_reason_ru"":""""},{""state_id"":""sleep_after_dusk"",""duration_minutes"":481,""runtime_status"":""sleeping"",""activity_ref"":""routine_sleep_after_dusk_v1"",""summary"":""Ночной сон; место неизвестно."",""activity_status"":""active"",""uses_current_activity"":false,""can_continue_automatically"":true,""decision_required"":false,""presence_state"":""away"",""location_ref"":"""",""absence_reason_ru"":""ночлег требует индивидуальной привязки""}]",,data/novgorod-region/novgorod_occupations_v1_enriched.tsv#nov_occ_fisher:daily_schedule_winter;places-binding/places/place_families.csv#pf_riverbank;data/world-catalogs/novgorod/temporal-v4/datasets/calendar_daylight_light_profiles.json#record:calendar_daylight_light_profiles:novgorod_1230_1233_v2;book:375645 ¶964;book:375645 ¶965;places-binding/presence/people_presence_authoring.csv#nov_occ_fisher,rule:editorial_daylight_phase_partition_v2,no_source:exact_clock_times_and_individual_presence,C,candidate,Сезонный распорядок-кандидат; конкретный человек и доступ требуют сцены.
sch_nov_occ_forest_worker_pf_conifer_woodland_normal_autumn,2,nov_role_forest_promyslovik,nov_occ_forest_worker,normal,autumn,9|10|11,0,"[{""state_id"":""sleep_before_dawn"",""duration_minutes"":413,""runtime_status"":""sleeping"",""activity_ref"":""routine_sleep_before_dawn_v1"",""summary"":""Ночной сон; место неизвестно."",""activity_status"":""active"",""uses_current_activity"":false,""can_continue_automatically"":true,""decision_required"":false,""presence_state"":""away"",""location_ref"":"""",""absence_reason_ru"":""ночлег требует индивидуальной привязки""},{""state_id"":""preparation"",""duration_minutes"":60,""runtime_status"":""available"",""activity_ref"":""routine_preparation_v1"",""summary"":""Утренние дела после восхода."",""activity_status"":""active"",""uses_current_activity"":false,""can_continue_automatically"":true,""decision_required"":false,""presence_state"":""on_site"",""location_ref"":""pf_conifer_woodland"",""absence_reason_ru"":""""},{""state_id"":""morning_work"",""duration_minutes"":247,""runtime_status"":""available"",""activity_ref"":""routine_morning_work_v1"",""summary"":""утро: сбор, ремонт, закупка; день: заготовки, торг, дороги до распутицы; вечер: учёт запасов; ночь холоднее и опаснее"",""activity_status"":""active"",""uses_current_activity"":false,""can_continue_automatically"":true,""decision_required"":false,""presence_state"":""on_site"",""location_ref"":""pf_conifer_woodland"",""absence_reason_ru"":""""},{""state_id"":""noon_meal"",""duration_minutes"":45,""runtime_status"":""available"",""activity_ref"":""routine_noon_meal_v1"",""summary"":""Полуденная трапеза (аналогия)."",""activity_status"":""active"",""uses_current_activity"":false,""can_continue_automatically"":true,""decision_required"":false,""presence_state"":""on_site"",""location_ref"":""pf_conifer_woodland"",""absence_reason_ru"":""""},{""state_id"":""post_meal_rest"",""duration_minutes"":90,""runtime_status"":""sleeping"",""activity_ref"":""routine_post_meal_rest_v1"",""summary"":""Послеобеденный отдых (аналогия; длительность редакционная)."",""activity_status"":""active"",""uses_current_activity"":false,""can_continue_automatically"":true,""decision_required"":false,""presence_state"":""on_site"",""location_ref"":""pf_conifer_woodland"",""absence_reason_ru"":""""},{""state_id"":""afternoon_work"",""duration_minutes"":81,""runtime_status"":""available"",""activity_ref"":""routine_afternoon_work_v1"",""summary"":""утро: сбор, ремонт, закупка; день: заготовки, торг, дороги до распутицы; вечер: учёт запасов; ночь холоднее и опаснее"",""activity_status"":""active"",""uses_current_activity"":false,""can_continue_automatically"":true,""decision_required"":false,""presence_state"":""on_site"",""location_ref"":""pf_conifer_woodland"",""absence_reason_ru"":""""},{""state_id"":""evening_return"",""duration_minutes"":60,""runtime_status"":""available"",""activity_ref"":""routine_evening_return_v1"",""summary"":""Завершает дела."",""activity_status"":""active"",""uses_current_activity"":false,""can_continue_automatically"":true,""decision_required"":false,""presence_state"":""on_site"",""location_ref"":""pf_conifer_woodland"",""absence_reason_ru"":""""},{""state_id"":""sleep_after_dusk"",""duration_minutes"":444,""runtime_status"":""sleeping"",""activity_ref"":""routine_sleep_after_dusk_v1"",""summary"":""Ночной сон; место неизвестно."",""activity_status"":""active"",""uses_current_activity"":false,""can_continue_automatically"":true,""decision_required"":false,""presence_state"":""away"",""location_ref"":"""",""absence_reason_ru"":""ночлег требует индивидуальной привязки""}]",,data/novgorod-region/novgorod_occupations_v1_enriched.tsv#nov_occ_forest_worker:daily_schedule_autumn;places-binding/places/place_families.csv#pf_conifer_woodland;data/world-catalogs/novgorod/temporal-v4/datasets/calendar_daylight_light_profiles.json#record:calendar_daylight_light_profiles:novgorod_1230_1233_v2;book:375645 ¶964;book:375645 ¶965;places-binding/presence/people_presence_authoring.csv#nov_occ_forest_worker,rule:editorial_daylight_phase_partition_v2,no_source:exact_clock_times_and_individual_presence,C,candidate,Сезонный распорядок-кандидат; конкретный человек и доступ требуют сцены.
sch_nov_occ_forest_worker_pf_conifer_woodland_normal_spring,2,nov_role_forest_promyslovik,nov_occ_forest_worker,normal,spring,3|4|5,0,"[{""state_id"":""sleep_before_dawn"",""duration_minutes"":268,""runtime_status"":""sleeping"",""activity_ref"":""routine_sleep_before_dawn_v1"",""summary"":""Ночной сон; место неизвестно."",""activity_status"":""active"",""uses_current_activity"":false,""can_continue_automatically"":true,""decision_required"":false,""presence_state"":""away"",""location_ref"":"""",""absence_reason_ru"":""ночлег требует индивидуальной привязки""},{""state_id"":""preparation"",""duration_minutes"":60,""runtime_status"":""available"",""activity_ref"":""routine_preparation_v1"",""summary"":""Утренние дела после восхода."",""activity_status"":""active"",""uses_current_activity"":false,""can_continue_automatically"":true,""decision_required"":false,""presence_state"":""on_site"",""location_ref"":""pf_conifer_woodland"",""absence_reason_ru"":""""},{""state_id"":""morning_work"",""duration_minutes"":392,""runtime_status"":""available"",""activity_ref"":""routine_morning_work_v1"",""summary"":""утро: проверка грязи, воды и доступа; день: работа замедлена распутицей; вечер: возврат раньше; ночь: дороги и перевозы рискованны"",""activity_status"":""active"",""uses_current_activity"":false,""can_continue_automatically"":true,""decision_required"":false,""presence_state"":""on_site"",""location_ref"":""pf_conifer_woodland"",""absence_reason_ru"":""""},{""state_id"":""noon_meal"",""duration_minutes"":45,""runtime_status"":""available"",""activity_ref"":""routine_noon_meal_v1"",""summary"":""Полуденная трапеза (аналогия)."",""activity_status"":""active"",""uses_current_activity"":false,""can_continue_automatically"":true,""decision_required"":false,""presence_state"":""on_site"",""location_ref"":""pf_conifer_woodland"",""absence_reason_ru"":""""},{""state_id"":""post_meal_rest"",""duration_minutes"":90,""runtime_status"":""sleeping"",""activity_ref"":""routine_post_meal_rest_v1"",""summary"":""Послеобеденный отдых (аналогия; длительность редакционная)."",""activity_status"":""active"",""uses_current_activity"":false,""can_continue_automatically"":true,""decision_required"":false,""presence_state"":""on_site"",""location_ref"":""pf_conifer_woodland"",""absence_reason_ru"":""""},{""state_id"":""afternoon_work"",""duration_minutes"":253,""runtime_status"":""available"",""activity_ref"":""routine_afternoon_work_v1"",""summary"":""утро: проверка грязи, воды и доступа; день: работа замедлена распутицей; вечер: возврат раньше; ночь: дороги и перевозы рискованны"",""activity_status"":""active"",""uses_current_activity"":false,""can_continue_automatically"":true,""decision_required"":false,""presence_state"":""on_site"",""location_ref"":""pf_conifer_woodland"",""absence_reason_ru"":""""},{""state_id"":""evening_return"",""duration_minutes"":60,""runtime_status"":""available"",""activity_ref"":""routine_evening_return_v1"",""summary"":""Завершает дела."",""activity_status"":""active"",""uses_current_activity"":false,""can_continue_automatically"":true,""decision_required"":false,""presence_state"":""on_site"",""location_ref"":""pf_conifer_woodland"",""absence_reason_ru"":""""},{""state_id"":""sleep_after_dusk"",""duration_minutes"":272,""runtime_status"":""sleeping"",""activity_ref"":""routine_sleep_after_dusk_v1"",""summary"":""Ночной сон; место неизвестно."",""activity_status"":""active"",""uses_current_activity"":false,""can_continue_automatically"":true,""decision_required"":false,""presence_state"":""away"",""location_ref"":"""",""absence_reason_ru"":""ночлег требует индивидуальной привязки""}]",,data/novgorod-region/novgorod_occupations_v1_enriched.tsv#nov_occ_forest_worker:daily_schedule_spring_rasputitsa;places-binding/places/place_families.csv#pf_conifer_woodland;data/world-catalogs/novgorod/temporal-v4/datasets/calendar_daylight_light_profiles.json#record:calendar_daylight_light_profiles:novgorod_1230_1233_v2;book:375645 ¶964;book:375645 ¶965;places-binding/presence/people_presence_authoring.csv#nov_occ_forest_worker,rule:editorial_daylight_phase_partition_v2,no_source:exact_clock_times_and_individual_presence,C,candidate,Сезонный распорядок-кандидат; конкретный человек и доступ требуют сцены.
sch_nov_occ_forest_worker_pf_conifer_woodland_normal_summer,2,nov_role_forest_promyslovik,nov_occ_forest_worker,normal,summer,6|7|8,0,"[{""state_id"":""sleep_before_dawn"",""duration_minutes"":206,""runtime_status"":""sleeping"",""activity_ref"":""routine_sleep_before_dawn_v1"",""summary"":""Ночной сон; место неизвестно."",""activity_status"":""active"",""uses_current_activity"":false,""can_continue_automatically"":true,""decision_required"":false,""presence_state"":""away"",""location_ref"":"""",""absence_reason_ru"":""ночлег требует индивидуальной привязки""},{""state_id"":""preparation"",""duration_minutes"":60,""runtime_status"":""available"",""activity_ref"":""routine_preparation_v1"",""summary"":""Утренние дела после восхода."",""activity_status"":""active"",""uses_current_activity"":false,""can_continue_automatically"":true,""decision_required"":false,""presence_state"":""on_site"",""location_ref"":""pf_conifer_woodland"",""absence_reason_ru"":""""},{""state_id"":""morning_work"",""duration_minutes"":454,""runtime_status"":""available"",""activity_ref"":""routine_morning_work_v1"",""summary"":""утро раннее; день длинный и трудовой; вечер занят запасами, скотом, лодками или товаром; ночь возможна для сторожи, рыбы и дороги"",""activity_status"":""active"",""uses_current_activity"":false,""can_continue_automatically"":true,""decision_required"":false,""presence_state"":""on_site"",""location_ref"":""pf_conifer_woodland"",""absence_reason_ru"":""""},{""state_id"":""noon_meal"",""duration_minutes"":45,""runtime_status"":""available"",""activity_ref"":""routine_noon_meal_v1"",""summary"":""Полуденная трапеза (аналогия)."",""activity_status"":""active"",""uses_current_activity"":false,""can_continue_automatically"":true,""decision_required"":false,""presence_state"":""on_site"",""location_ref"":""pf_conifer_woodland"",""absence_reason_ru"":""""},{""state_id"":""post_meal_rest"",""duration_minutes"":90,""runtime_status"":""sleeping"",""activity_ref"":""routine_post_meal_rest_v1"",""summary"":""Послеобеденный отдых (аналогия; длительность редакционная)."",""activity_status"":""active"",""uses_current_activity"":false,""can_continue_automatically"":true,""decision_required"":false,""presence_state"":""on_site"",""location_ref"":""pf_conifer_woodland"",""absence_reason_ru"":""""},{""state_id"":""afternoon_work"",""duration_minutes"":328,""runtime_status"":""available"",""activity_ref"":""routine_afternoon_work_v1"",""summary"":""утро раннее; день длинный и трудовой; вечер занят запасами, скотом, лодками или товаром; ночь возможна для сторожи, рыбы и дороги"",""activity_status"":""active"",""uses_current_activity"":false,""can_continue_automatically"":true,""decision_required"":false,""presence_state"":""on_site"",""location_ref"":""pf_conifer_woodland"",""absence_reason_ru"":""""},{""state_id"":""evening_return"",""duration_minutes"":60,""runtime_status"":""available"",""activity_ref"":""routine_evening_return_v1"",""summary"":""Завершает дела."",""activity_status"":""active"",""uses_current_activity"":false,""can_continue_automatically"":true,""decision_required"":false,""presence_state"":""on_site"",""location_ref"":""pf_conifer_woodland"",""absence_reason_ru"":""""},{""state_id"":""sleep_after_dusk"",""duration_minutes"":197,""runtime_status"":""sleeping"",""activity_ref"":""routine_sleep_after_dusk_v1"",""summary"":""Ночной сон; место неизвестно."",""activity_status"":""active"",""uses_current_activity"":false,""can_continue_automatically"":true,""decision_required"":false,""presence_state"":""away"",""location_ref"":"""",""absence_reason_ru"":""ночлег требует индивидуальной привязки""}]",,data/novgorod-region/novgorod_occupations_v1_enriched.tsv#nov_occ_forest_worker:daily_schedule_summer;places-binding/places/place_families.csv#pf_conifer_woodland;data/world-catalogs/novgorod/temporal-v4/datasets/calendar_daylight_light_profiles.json#record:calendar_daylight_light_profiles:novgorod_1230_1233_v2;book:375645 ¶964;book:375645 ¶965;places-binding/presence/people_presence_authoring.csv#nov_occ_forest_worker,rule:editorial_daylight_phase_partition_v2,no_source:exact_clock_times_and_individual_presence,C,candidate,Сезонный распорядок-кандидат; конкретный человек и доступ требуют сцены.
sch_nov_occ_forest_worker_pf_conifer_woodland_normal_winter,2,nov_role_forest_promyslovik,nov_occ_forest_worker,normal,winter,12|1|2,0,"[{""state_id"":""sleep_before_dawn"",""duration_minutes"":508,""runtime_status"":""sleeping"",""activity_ref"":""routine_sleep_before_dawn_v1"",""summary"":""Ночной сон; место неизвестно."",""activity_status"":""active"",""uses_current_activity"":false,""can_continue_automatically"":true,""decision_required"":false,""presence_state"":""away"",""location_ref"":"""",""absence_reason_ru"":""ночлег требует индивидуальной привязки""},{""state_id"":""preparation"",""duration_minutes"":60,""runtime_status"":""available"",""activity_ref"":""routine_preparation_v1"",""summary"":""Утренние дела после восхода."",""activity_status"":""active"",""uses_current_activity"":false,""can_continue_automatically"":true,""decision_required"":false,""presence_state"":""on_site"",""location_ref"":""pf_conifer_woodland"",""absence_reason_ru"":""""},{""state_id"":""morning_work"",""duration_minutes"":152,""runtime_status"":""available"",""activity_ref"":""routine_morning_work_v1"",""summary"":""утро позднее и короче; день: зимний путь, ремонт, скот, склад или внутренняя работа; вечер ранний; ночь опасна из-за холода и темноты"",""activity_status"":""active"",""uses_current_activity"":false,""can_continue_automatically"":true,""decision_required"":false,""presence_state"":""on_site"",""location_ref"":""pf_conifer_woodland"",""absence_reason_ru"":""""},{""state_id"":""noon_meal"",""duration_minutes"":45,""runtime_status"":""available"",""activity_ref"":""routine_noon_meal_v1"",""summary"":""Полуденная трапеза (аналогия)."",""activity_status"":""active"",""uses_current_activity"":false,""can_continue_automatically"":true,""decision_required"":false,""presence_state"":""on_site"",""location_ref"":""pf_conifer_woodland"",""absence_reason_ru"":""""},{""state_id"":""post_meal_rest"",""duration_minutes"":90,""runtime_status"":""sleeping"",""activity_ref"":""routine_post_meal_rest_v1"",""summary"":""Послеобеденный отдых (аналогия; длительность редакционная)."",""activity_status"":""active"",""uses_current_activity"":false,""can_continue_automatically"":true,""decision_required"":false,""presence_state"":""on_site"",""location_ref"":""pf_conifer_woodland"",""absence_reason_ru"":""""},{""state_id"":""afternoon_work"",""duration_minutes"":44,""runtime_status"":""available"",""activity_ref"":""routine_afternoon_work_v1"",""summary"":""утро позднее и короче; день: зимний путь, ремонт, скот, склад или внутренняя работа; вечер ранний; ночь опасна из-за холода и темноты"",""activity_status"":""active"",""uses_current_activity"":false,""can_continue_automatically"":true,""decision_required"":false,""presence_state"":""on_site"",""location_ref"":""pf_conifer_woodland"",""absence_reason_ru"":""""},{""state_id"":""evening_return"",""duration_minutes"":60,""runtime_status"":""available"",""activity_ref"":""routine_evening_return_v1"",""summary"":""Завершает дела."",""activity_status"":""active"",""uses_current_activity"":false,""can_continue_automatically"":true,""decision_required"":false,""presence_state"":""on_site"",""location_ref"":""pf_conifer_woodland"",""absence_reason_ru"":""""},{""state_id"":""sleep_after_dusk"",""duration_minutes"":481,""runtime_status"":""sleeping"",""activity_ref"":""routine_sleep_after_dusk_v1"",""summary"":""Ночной сон; место неизвестно."",""activity_status"":""active"",""uses_current_activity"":false,""can_continue_automatically"":true,""decision_required"":false,""presence_state"":""away"",""location_ref"":"""",""absence_reason_ru"":""ночлег требует индивидуальной привязки""}]",,data/novgorod-region/novgorod_occupations_v1_enriched.tsv#nov_occ_forest_worker:daily_schedule_winter;places-binding/places/place_families.csv#pf_conifer_woodland;data/world-catalogs/novgorod/temporal-v4/datasets/calendar_daylight_light_profiles.json#record:calendar_daylight_light_profiles:novgorod_1230_1233_v2;book:375645 ¶964;book:375645 ¶965;places-binding/presence/people_presence_authoring.csv#nov_occ_forest_worker,rule:editorial_daylight_phase_partition_v2,no_source:exact_clock_times_and_individual_presence,C,candidate,Сезонный распорядок-кандидат; конкретный человек и доступ требуют сцены.
sch_nov_occ_haymaker_pf_rural_yard_normal_summer,2,nov_role_senokos_worker,nov_occ_haymaker,normal,summer,6|7|8,0,"[{""state_id"":""sleep_before_dawn"",""duration_minutes"":206,""runtime_status"":""sleeping"",""activity_ref"":""routine_sleep_before_dawn_v1"",""summary"":""Сон в своём дворе."",""activity_status"":""active"",""uses_current_activity"":false,""can_continue_automatically"":true,""decision_required"":false,""presence_state"":""on_site"",""location_ref"":""pf_rural_yard"",""absence_reason_ru"":""""},{""state_id"":""preparation"",""duration_minutes"":60,""runtime_status"":""available"",""activity_ref"":""routine_preparation_v1"",""summary"":""Утренние дела после восхода."",""activity_status"":""active"",""uses_current_activity"":false,""can_continue_automatically"":true,""decision_required"":false,""presence_state"":""on_site"",""location_ref"":""pf_rural_yard"",""absence_reason_ru"":""""},{""state_id"":""morning_work"",""duration_minutes"":454,""runtime_status"":""available"",""activity_ref"":""routine_morning_work_v1"",""summary"":""занят сенокосом при подходящей погоде"",""activity_status"":""active"",""uses_current_activity"":false,""can_continue_automatically"":true,""decision_required"":false,""presence_state"":""away"",""location_ref"":""pf_hay_meadow"",""absence_reason_ru"":""занятие у pf_hay_meadow""},{""state_id"":""noon_meal"",""duration_minutes"":45,""runtime_status"":""available"",""activity_ref"":""routine_noon_meal_v1"",""summary"":""Полуденная трапеза (аналогия)."",""activity_status"":""active"",""uses_current_activity"":false,""can_continue_automatically"":true,""decision_required"":false,""presence_state"":""on_site"",""location_ref"":""pf_rural_yard"",""absence_reason_ru"":""""},{""state_id"":""post_meal_rest"",""duration_minutes"":90,""runtime_status"":""sleeping"",""activity_ref"":""routine_post_meal_rest_v1"",""summary"":""Послеобеденный отдых (аналогия; длительность редакционная)."",""activity_status"":""active"",""uses_current_activity"":false,""can_continue_automatically"":true,""decision_required"":false,""presence_state"":""on_site"",""location_ref"":""pf_rural_yard"",""absence_reason_ru"":""""},{""state_id"":""afternoon_work"",""duration_minutes"":328,""runtime_status"":""available"",""activity_ref"":""routine_afternoon_work_v1"",""summary"":""занят сенокосом при подходящей погоде"",""activity_status"":""active"",""uses_current_activity"":false,""can_continue_automatically"":true,""decision_required"":false,""presence_state"":""away"",""location_ref"":""pf_hay_meadow"",""absence_reason_ru"":""занятие у pf_hay_meadow""},{""state_id"":""evening_return"",""duration_minutes"":60,""runtime_status"":""available"",""activity_ref"":""routine_evening_return_v1"",""summary"":""Завершает дела."",""activity_status"":""active"",""uses_current_activity"":false,""can_continue_automatically"":true,""decision_required"":false,""presence_state"":""on_site"",""location_ref"":""pf_rural_yard"",""absence_reason_ru"":""""},{""state_id"":""sleep_after_dusk"",""duration_minutes"":197,""runtime_status"":""sleeping"",""activity_ref"":""routine_sleep_after_dusk_v1"",""summary"":""Сон в своём дворе."",""activity_status"":""active"",""uses_current_activity"":false,""can_continue_automatically"":true,""decision_required"":false,""presence_state"":""on_site"",""location_ref"":""pf_rural_yard"",""absence_reason_ru"":""""}]",,data/novgorod-region/novgorod_occupations_v1_enriched.tsv#nov_occ_haymaker:where_work_happens;places-binding/places/place_families.csv#pf_rural_yard;data/world-catalogs/novgorod/temporal-v4/datasets/calendar_daylight_light_profiles.json#record:calendar_daylight_light_profiles:novgorod_1230_1233_v2;book:375645 ¶964;book:375645 ¶965;places-binding/places/place_families.csv#pf_hay_meadow;book:622242 ¶519,rule:editorial_daylight_phase_partition_v2,no_source:exact_clock_times_and_individual_presence,C,candidate,Сезонный распорядок-кандидат; конкретный человек и доступ требуют сцены.
sch_nov_occ_herder_pf_floodplain_meadow_normal_autumn,2,nov_role_pastoral_worker,nov_occ_herder,normal,autumn,9|10|11,0,"[{""state_id"":""sleep_before_dawn"",""duration_minutes"":413,""runtime_status"":""sleeping"",""activity_ref"":""routine_sleep_before_dawn_v1"",""summary"":""Ночной сон; место неизвестно."",""activity_status"":""active"",""uses_current_activity"":false,""can_continue_automatically"":true,""decision_required"":false,""presence_state"":""away"",""location_ref"":"""",""absence_reason_ru"":""ночлег требует индивидуальной привязки""},{""state_id"":""preparation"",""duration_minutes"":60,""runtime_status"":""available"",""activity_ref"":""routine_preparation_v1"",""summary"":""Утренние дела после восхода."",""activity_status"":""active"",""uses_current_activity"":false,""can_continue_automatically"":true,""decision_required"":false,""presence_state"":""on_site"",""location_ref"":""pf_floodplain_meadow"",""absence_reason_ru"":""""},{""state_id"":""morning_work"",""duration_minutes"":247,""runtime_status"":""available"",""activity_ref"":""routine_morning_work_v1"",""summary"":""утро: сбор, ремонт, закупка; день: заготовки, торг, дороги до распутицы; вечер: учёт запасов; ночь холоднее и опаснее"",""activity_status"":""active"",""uses_current_activity"":false,""can_continue_automatically"":true,""decision_required"":false,""presence_state"":""on_site"",""location_ref"":""pf_floodplain_meadow"",""absence_reason_ru"":""""},{""state_id"":""noon_meal"",""duration_minutes"":45,""runtime_status"":""available"",""activity_ref"":""routine_noon_meal_v1"",""summary"":""Полуденная трапеза (аналогия)."",""activity_status"":""active"",""uses_current_activity"":false,""can_continue_automatically"":true,""decision_required"":false,""presence_state"":""on_site"",""location_ref"":""pf_floodplain_meadow"",""absence_reason_ru"":""""},{""state_id"":""post_meal_rest"",""duration_minutes"":90,""runtime_status"":""sleeping"",""activity_ref"":""routine_post_meal_rest_v1"",""summary"":""Послеобеденный отдых (аналогия; длительность редакционная)."",""activity_status"":""active"",""uses_current_activity"":false,""can_continue_automatically"":true,""decision_required"":false,""presence_state"":""on_site"",""location_ref"":""pf_floodplain_meadow"",""absence_reason_ru"":""""},{""state_id"":""afternoon_work"",""duration_minutes"":81,""runtime_status"":""available"",""activity_ref"":""routine_afternoon_work_v1"",""summary"":""утро: сбор, ремонт, закупка; день: заготовки, торг, дороги до распутицы; вечер: учёт запасов; ночь холоднее и опаснее"",""activity_status"":""active"",""uses_current_activity"":false,""can_continue_automatically"":true,""decision_required"":false,""presence_state"":""on_site"",""location_ref"":""pf_floodplain_meadow"",""absence_reason_ru"":""""},{""state_id"":""evening_return"",""duration_minutes"":60,""runtime_status"":""available"",""activity_ref"":""routine_evening_return_v1"",""summary"":""Завершает дела."",""activity_status"":""active"",""uses_current_activity"":false,""can_continue_automatically"":true,""decision_required"":false,""presence_state"":""on_site"",""location_ref"":""pf_floodplain_meadow"",""absence_reason_ru"":""""},{""state_id"":""sleep_after_dusk"",""duration_minutes"":444,""runtime_status"":""sleeping"",""activity_ref"":""routine_sleep_after_dusk_v1"",""summary"":""Ночной сон; место неизвестно."",""activity_status"":""active"",""uses_current_activity"":false,""can_continue_automatically"":true,""decision_required"":false,""presence_state"":""away"",""location_ref"":"""",""absence_reason_ru"":""ночлег требует индивидуальной привязки""}]",,data/novgorod-region/novgorod_occupations_v1_enriched.tsv#nov_occ_herder:daily_schedule_autumn;places-binding/places/place_families.csv#pf_floodplain_meadow;data/world-catalogs/novgorod/temporal-v4/datasets/calendar_daylight_light_profiles.json#record:calendar_daylight_light_profiles:novgorod_1230_1233_v2;book:375645 ¶964;book:375645 ¶965;places-binding/presence/people_presence_authoring.csv#nov_occ_herder,rule:editorial_daylight_phase_partition_v2,no_source:exact_clock_times_and_individual_presence,C,candidate,Сезонный распорядок-кандидат; конкретный человек и доступ требуют сцены.
sch_nov_occ_herder_pf_floodplain_meadow_normal_spring,2,nov_role_pastoral_worker,nov_occ_herder,normal,spring,3|4|5,0,"[{""state_id"":""sleep_before_dawn"",""duration_minutes"":268,""runtime_status"":""sleeping"",""activity_ref"":""routine_sleep_before_dawn_v1"",""summary"":""Ночной сон; место неизвестно."",""activity_status"":""active"",""uses_current_activity"":false,""can_continue_automatically"":true,""decision_required"":false,""presence_state"":""away"",""location_ref"":"""",""absence_reason_ru"":""ночлег требует индивидуальной привязки""},{""state_id"":""preparation"",""duration_minutes"":60,""runtime_status"":""available"",""activity_ref"":""routine_preparation_v1"",""summary"":""Утренние дела после восхода."",""activity_status"":""active"",""uses_current_activity"":false,""can_continue_automatically"":true,""decision_required"":false,""presence_state"":""on_site"",""location_ref"":""pf_floodplain_meadow"",""absence_reason_ru"":""""},{""state_id"":""morning_work"",""duration_minutes"":392,""runtime_status"":""available"",""activity_ref"":""routine_morning_work_v1"",""summary"":""утро: проверка грязи, воды и доступа; день: работа замедлена распутицей; вечер: возврат раньше; ночь: дороги и перевозы рискованны"",""activity_status"":""active"",""uses_current_activity"":false,""can_continue_automatically"":true,""decision_required"":false,""presence_state"":""on_site"",""location_ref"":""pf_floodplain_meadow"",""absence_reason_ru"":""""},{""state_id"":""noon_meal"",""duration_minutes"":45,""runtime_status"":""available"",""activity_ref"":""routine_noon_meal_v1"",""summary"":""Полуденная трапеза (аналогия)."",""activity_status"":""active"",""uses_current_activity"":false,""can_continue_automatically"":true,""decision_required"":false,""presence_state"":""on_site"",""location_ref"":""pf_floodplain_meadow"",""absence_reason_ru"":""""},{""state_id"":""post_meal_rest"",""duration_minutes"":90,""runtime_status"":""sleeping"",""activity_ref"":""routine_post_meal_rest_v1"",""summary"":""Послеобеденный отдых (аналогия; длительность редакционная)."",""activity_status"":""active"",""uses_current_activity"":false,""can_continue_automatically"":true,""decision_required"":false,""presence_state"":""on_site"",""location_ref"":""pf_floodplain_meadow"",""absence_reason_ru"":""""},{""state_id"":""afternoon_work"",""duration_minutes"":253,""runtime_status"":""available"",""activity_ref"":""routine_afternoon_work_v1"",""summary"":""утро: проверка грязи, воды и доступа; день: работа замедлена распутицей; вечер: возврат раньше; ночь: дороги и перевозы рискованны"",""activity_status"":""active"",""uses_current_activity"":false,""can_continue_automatically"":true,""decision_required"":false,""presence_state"":""on_site"",""location_ref"":""pf_floodplain_meadow"",""absence_reason_ru"":""""},{""state_id"":""evening_return"",""duration_minutes"":60,""runtime_status"":""available"",""activity_ref"":""routine_evening_return_v1"",""summary"":""Завершает дела."",""activity_status"":""active"",""uses_current_activity"":false,""can_continue_automatically"":true,""decision_required"":false,""presence_state"":""on_site"",""location_ref"":""pf_floodplain_meadow"",""absence_reason_ru"":""""},{""state_id"":""sleep_after_dusk"",""duration_minutes"":272,""runtime_status"":""sleeping"",""activity_ref"":""routine_sleep_after_dusk_v1"",""summary"":""Ночной сон; место неизвестно."",""activity_status"":""active"",""uses_current_activity"":false,""can_continue_automatically"":true,""decision_required"":false,""presence_state"":""away"",""location_ref"":"""",""absence_reason_ru"":""ночлег требует индивидуальной привязки""}]",,data/novgorod-region/novgorod_occupations_v1_enriched.tsv#nov_occ_herder:daily_schedule_spring_rasputitsa;places-binding/places/place_families.csv#pf_floodplain_meadow;data/world-catalogs/novgorod/temporal-v4/datasets/calendar_daylight_light_profiles.json#record:calendar_daylight_light_profiles:novgorod_1230_1233_v2;book:375645 ¶964;book:375645 ¶965;places-binding/presence/people_presence_authoring.csv#nov_occ_herder,rule:editorial_daylight_phase_partition_v2,no_source:exact_clock_times_and_individual_presence,C,candidate,Сезонный распорядок-кандидат; конкретный человек и доступ требуют сцены.
sch_nov_occ_herder_pf_floodplain_meadow_normal_summer,2,nov_role_pastoral_worker,nov_occ_herder,normal,summer,6|7|8,0,"[{""state_id"":""sleep_before_dawn"",""duration_minutes"":206,""runtime_status"":""sleeping"",""activity_ref"":""routine_sleep_before_dawn_v1"",""summary"":""Ночной сон; место неизвестно."",""activity_status"":""active"",""uses_current_activity"":false,""can_continue_automatically"":true,""decision_required"":false,""presence_state"":""away"",""location_ref"":"""",""absence_reason_ru"":""ночлег требует индивидуальной привязки""},{""state_id"":""preparation"",""duration_minutes"":60,""runtime_status"":""available"",""activity_ref"":""routine_preparation_v1"",""summary"":""Утренние дела после восхода."",""activity_status"":""active"",""uses_current_activity"":false,""can_continue_automatically"":true,""decision_required"":false,""presence_state"":""on_site"",""location_ref"":""pf_floodplain_meadow"",""absence_reason_ru"":""""},{""state_id"":""morning_work"",""duration_minutes"":454,""runtime_status"":""available"",""activity_ref"":""routine_morning_work_v1"",""summary"":""утро раннее; день длинный и трудовой; вечер занят запасами, скотом, лодками или товаром; ночь возможна для сторожи, рыбы и дороги"",""activity_status"":""active"",""uses_current_activity"":false,""can_continue_automatically"":true,""decision_required"":false,""presence_state"":""on_site"",""location_ref"":""pf_floodplain_meadow"",""absence_reason_ru"":""""},{""state_id"":""noon_meal"",""duration_minutes"":45,""runtime_status"":""available"",""activity_ref"":""routine_noon_meal_v1"",""summary"":""Полуденная трапеза (аналогия)."",""activity_status"":""active"",""uses_current_activity"":false,""can_continue_automatically"":true,""decision_required"":false,""presence_state"":""on_site"",""location_ref"":""pf_floodplain_meadow"",""absence_reason_ru"":""""},{""state_id"":""post_meal_rest"",""duration_minutes"":90,""runtime_status"":""sleeping"",""activity_ref"":""routine_post_meal_rest_v1"",""summary"":""Послеобеденный отдых (аналогия; длительность редакционная)."",""activity_status"":""active"",""uses_current_activity"":false,""can_continue_automatically"":true,""decision_required"":false,""presence_state"":""on_site"",""location_ref"":""pf_floodplain_meadow"",""absence_reason_ru"":""""},{""state_id"":""afternoon_work"",""duration_minutes"":328,""runtime_status"":""available"",""activity_ref"":""routine_afternoon_work_v1"",""summary"":""утро раннее; день длинный и трудовой; вечер занят запасами, скотом, лодками или товаром; ночь возможна для сторожи, рыбы и дороги"",""activity_status"":""active"",""uses_current_activity"":false,""can_continue_automatically"":true,""decision_required"":false,""presence_state"":""on_site"",""location_ref"":""pf_floodplain_meadow"",""absence_reason_ru"":""""},{""state_id"":""evening_return"",""duration_minutes"":60,""runtime_status"":""available"",""activity_ref"":""routine_evening_return_v1"",""summary"":""Завершает дела."",""activity_status"":""active"",""uses_current_activity"":false,""can_continue_automatically"":true,""decision_required"":false,""presence_state"":""on_site"",""location_ref"":""pf_floodplain_meadow"",""absence_reason_ru"":""""},{""state_id"":""sleep_after_dusk"",""duration_minutes"":197,""runtime_status"":""sleeping"",""activity_ref"":""routine_sleep_after_dusk_v1"",""summary"":""Ночной сон; место неизвестно."",""activity_status"":""active"",""uses_current_activity"":false,""can_continue_automatically"":true,""decision_required"":false,""presence_state"":""away"",""location_ref"":"""",""absence_reason_ru"":""ночлег требует индивидуальной привязки""}]",,data/novgorod-region/novgorod_occupations_v1_enriched.tsv#nov_occ_herder:daily_schedule_summer;places-binding/places/place_families.csv#pf_floodplain_meadow;data/world-catalogs/novgorod/temporal-v4/datasets/calendar_daylight_light_profiles.json#record:calendar_daylight_light_profiles:novgorod_1230_1233_v2;book:375645 ¶964;book:375645 ¶965;places-binding/presence/people_presence_authoring.csv#nov_occ_herder,rule:editorial_daylight_phase_partition_v2,no_source:exact_clock_times_and_individual_presence,C,candidate,Сезонный распорядок-кандидат; конкретный человек и доступ требуют сцены.
sch_nov_occ_herder_pf_rural_yard_normal_summer,2,nov_role_pastoral_worker,nov_occ_herder,normal,summer,6|7|8,0,"[{""state_id"":""sleep_before_dawn"",""duration_minutes"":206,""runtime_status"":""sleeping"",""activity_ref"":""routine_sleep_before_dawn_v1"",""summary"":""Сон в своём дворе."",""activity_status"":""active"",""uses_current_activity"":false,""can_continue_automatically"":true,""decision_required"":false,""presence_state"":""on_site"",""location_ref"":""pf_rural_yard"",""absence_reason_ru"":""""},{""state_id"":""preparation"",""duration_minutes"":60,""runtime_status"":""available"",""activity_ref"":""routine_preparation_v1"",""summary"":""Утренние дела после восхода."",""activity_status"":""active"",""uses_current_activity"":false,""can_continue_automatically"":true,""decision_required"":false,""presence_state"":""on_site"",""location_ref"":""pf_rural_yard"",""absence_reason_ru"":""""},{""state_id"":""morning_work"",""duration_minutes"":454,""runtime_status"":""available"",""activity_ref"":""routine_morning_work_v1"",""summary"":""пасёт доверенный скот"",""activity_status"":""active"",""uses_current_activity"":false,""can_continue_automatically"":true,""decision_required"":false,""presence_state"":""away"",""location_ref"":""pf_pasture"",""absence_reason_ru"":""занятие у pf_pasture""},{""state_id"":""noon_meal"",""duration_minutes"":45,""runtime_status"":""available"",""activity_ref"":""routine_noon_meal_v1"",""summary"":""Полуденная трапеза (аналогия)."",""activity_status"":""active"",""uses_current_activity"":false,""can_continue_automatically"":true,""decision_required"":false,""presence_state"":""on_site"",""location_ref"":""pf_rural_yard"",""absence_reason_ru"":""""},{""state_id"":""post_meal_rest"",""duration_minutes"":90,""runtime_status"":""sleeping"",""activity_ref"":""routine_post_meal_rest_v1"",""summary"":""Послеобеденный отдых (аналогия; длительность редакционная)."",""activity_status"":""active"",""uses_current_activity"":false,""can_continue_automatically"":true,""decision_required"":false,""presence_state"":""on_site"",""location_ref"":""pf_rural_yard"",""absence_reason_ru"":""""},{""state_id"":""afternoon_work"",""duration_minutes"":328,""runtime_status"":""available"",""activity_ref"":""routine_afternoon_work_v1"",""summary"":""пасёт доверенный скот"",""activity_status"":""active"",""uses_current_activity"":false,""can_continue_automatically"":true,""decision_required"":false,""presence_state"":""away"",""location_ref"":""pf_pasture"",""absence_reason_ru"":""занятие у pf_pasture""},{""state_id"":""evening_return"",""duration_minutes"":60,""runtime_status"":""available"",""activity_ref"":""routine_evening_return_v1"",""summary"":""Завершает дела."",""activity_status"":""active"",""uses_current_activity"":false,""can_continue_automatically"":true,""decision_required"":false,""presence_state"":""on_site"",""location_ref"":""pf_rural_yard"",""absence_reason_ru"":""""},{""state_id"":""sleep_after_dusk"",""duration_minutes"":197,""runtime_status"":""sleeping"",""activity_ref"":""routine_sleep_after_dusk_v1"",""summary"":""Сон в своём дворе."",""activity_status"":""active"",""uses_current_activity"":false,""can_continue_automatically"":true,""decision_required"":false,""presence_state"":""on_site"",""location_ref"":""pf_rural_yard"",""absence_reason_ru"":""""}]",,data/novgorod-region/novgorod_occupations_v1_enriched.tsv#nov_occ_herder:where_work_happens;places-binding/places/place_families.csv#pf_rural_yard;data/world-catalogs/novgorod/temporal-v4/datasets/calendar_daylight_light_profiles.json#record:calendar_daylight_light_profiles:novgorod_1230_1233_v2;book:375645 ¶964;book:375645 ¶965;places-binding/places/place_families.csv#pf_pasture;book:622242 ¶519,rule:editorial_daylight_phase_partition_v2,no_source:exact_clock_times_and_individual_presence,C,candidate,Сезонный распорядок-кандидат; конкретный человек и доступ требуют сцены.
sch_nov_occ_herder_pf_rural_yard_normal_winter,2,nov_role_pastoral_worker,nov_occ_herder,normal,winter,12|1|2,0,"[{""state_id"":""sleep_before_dawn"",""duration_minutes"":508,""runtime_status"":""sleeping"",""activity_ref"":""routine_sleep_before_dawn_v1"",""summary"":""Сон в своём дворе."",""activity_status"":""active"",""uses_current_activity"":false,""can_continue_automatically"":true,""decision_required"":false,""presence_state"":""on_site"",""location_ref"":""pf_rural_yard"",""absence_reason_ru"":""""},{""state_id"":""preparation"",""duration_minutes"":60,""runtime_status"":""available"",""activity_ref"":""routine_preparation_v1"",""summary"":""Утренние дела после восхода."",""activity_status"":""active"",""uses_current_activity"":false,""can_continue_automatically"":true,""decision_required"":false,""presence_state"":""on_site"",""location_ref"":""pf_rural_yard"",""absence_reason_ru"":""""},{""state_id"":""morning_work"",""duration_minutes"":152,""runtime_status"":""available"",""activity_ref"":""routine_morning_work_v1"",""summary"":""присматривает за скотом при дворе"",""activity_status"":""active"",""uses_current_activity"":false,""can_continue_automatically"":true,""decision_required"":false,""presence_state"":""on_site"",""location_ref"":""pf_rural_yard"",""absence_reason_ru"":""""},{""state_id"":""noon_meal"",""duration_minutes"":45,""runtime_status"":""available"",""activity_ref"":""routine_noon_meal_v1"",""summary"":""Полуденная трапеза (аналогия)."",""activity_status"":""active"",""uses_current_activity"":false,""can_continue_automatically"":true,""decision_required"":false,""presence_state"":""on_site"",""location_ref"":""pf_rural_yard"",""absence_reason_ru"":""""},{""state_id"":""post_meal_rest"",""duration_minutes"":90,""runtime_status"":""sleeping"",""activity_ref"":""routine_post_meal_rest_v1"",""summary"":""Послеобеденный отдых (аналогия; длительность редакционная)."",""activity_status"":""active"",""uses_current_activity"":false,""can_continue_automatically"":true,""decision_required"":false,""presence_state"":""on_site"",""location_ref"":""pf_rural_yard"",""absence_reason_ru"":""""},{""state_id"":""afternoon_work"",""duration_minutes"":44,""runtime_status"":""available"",""activity_ref"":""routine_afternoon_work_v1"",""summary"":""присматривает за скотом при дворе"",""activity_status"":""active"",""uses_current_activity"":false,""can_continue_automatically"":true,""decision_required"":false,""presence_state"":""on_site"",""location_ref"":""pf_rural_yard"",""absence_reason_ru"":""""},{""state_id"":""evening_return"",""duration_minutes"":60,""runtime_status"":""available"",""activity_ref"":""routine_evening_return_v1"",""summary"":""Завершает дела."",""activity_status"":""active"",""uses_current_activity"":false,""can_continue_automatically"":true,""decision_required"":false,""presence_state"":""on_site"",""location_ref"":""pf_rural_yard"",""absence_reason_ru"":""""},{""state_id"":""sleep_after_dusk"",""duration_minutes"":481,""runtime_status"":""sleeping"",""activity_ref"":""routine_sleep_after_dusk_v1"",""summary"":""Сон в своём дворе."",""activity_status"":""active"",""uses_current_activity"":false,""can_continue_automatically"":true,""decision_required"":false,""presence_state"":""on_site"",""location_ref"":""pf_rural_yard"",""absence_reason_ru"":""""}]",,data/novgorod-region/novgorod_occupations_v1_enriched.tsv#nov_occ_herder:where_work_happens;places-binding/places/place_families.csv#pf_rural_yard;data/world-catalogs/novgorod/temporal-v4/datasets/calendar_daylight_light_profiles.json#record:calendar_daylight_light_profiles:novgorod_1230_1233_v2;book:375645 ¶964;book:375645 ¶965;book:622242 ¶519,rule:editorial_daylight_phase_partition_v2,no_source:exact_clock_times_and_individual_presence,C,candidate,Сезонный распорядок-кандидат; конкретный человек и доступ требуют сцены.
sch_nov_occ_household_servant_pf_outbuildings_normal_autumn,2,nov_role_servant,nov_occ_household_servant,normal,autumn,9|10|11,0,"[{""state_id"":""sleep_before_dawn"",""duration_minutes"":413,""runtime_status"":""sleeping"",""activity_ref"":""routine_sleep_before_dawn_v1"",""summary"":""Сон в своём дворе."",""activity_status"":""active"",""uses_current_activity"":false,""can_continue_automatically"":true,""decision_required"":false,""presence_state"":""away"",""location_ref"":""pf_rural_yard"",""absence_reason_ru"":""занятие у pf_rural_yard""},{""state_id"":""preparation"",""duration_minutes"":60,""runtime_status"":""available"",""activity_ref"":""routine_preparation_v1"",""summary"":""Утренние дела после восхода."",""activity_status"":""active"",""uses_current_activity"":false,""can_continue_automatically"":true,""decision_required"":false,""presence_state"":""on_site"",""location_ref"":""pf_outbuildings"",""absence_reason_ru"":""""},{""state_id"":""morning_work"",""duration_minutes"":247,""runtime_status"":""available"",""activity_ref"":""routine_morning_work_v1"",""summary"":""утро: сбор, ремонт, закупка; день: заготовки, торг, дороги до распутицы; вечер: учёт запасов; ночь холоднее и опаснее"",""activity_status"":""active"",""uses_current_activity"":false,""can_continue_automatically"":true,""decision_required"":false,""presence_state"":""on_site"",""location_ref"":""pf_outbuildings"",""absence_reason_ru"":""""},{""state_id"":""noon_meal"",""duration_minutes"":45,""runtime_status"":""available"",""activity_ref"":""routine_noon_meal_v1"",""summary"":""Полуденная трапеза (аналогия)."",""activity_status"":""active"",""uses_current_activity"":false,""can_continue_automatically"":true,""decision_required"":false,""presence_state"":""on_site"",""location_ref"":""pf_outbuildings"",""absence_reason_ru"":""""},{""state_id"":""post_meal_rest"",""duration_minutes"":90,""runtime_status"":""sleeping"",""activity_ref"":""routine_post_meal_rest_v1"",""summary"":""Послеобеденный отдых (аналогия; длительность редакционная)."",""activity_status"":""active"",""uses_current_activity"":false,""can_continue_automatically"":true,""decision_required"":false,""presence_state"":""on_site"",""location_ref"":""pf_outbuildings"",""absence_reason_ru"":""""},{""state_id"":""afternoon_work"",""duration_minutes"":81,""runtime_status"":""available"",""activity_ref"":""routine_afternoon_work_v1"",""summary"":""утро: сбор, ремонт, закупка; день: заготовки, торг, дороги до распутицы; вечер: учёт запасов; ночь холоднее и опаснее"",""activity_status"":""active"",""uses_current_activity"":false,""can_continue_automatically"":true,""decision_required"":false,""presence_state"":""on_site"",""location_ref"":""pf_outbuildings"",""absence_reason_ru"":""""},{""state_id"":""evening_return"",""duration_minutes"":60,""runtime_status"":""available"",""activity_ref"":""routine_evening_return_v1"",""summary"":""Завершает дела."",""activity_status"":""active"",""uses_current_activity"":false,""can_continue_automatically"":true,""decision_required"":false,""presence_state"":""on_site"",""location_ref"":""pf_outbuildings"",""absence_reason_ru"":""""},{""state_id"":""sleep_after_dusk"",""duration_minutes"":444,""runtime_status"":""sleeping"",""activity_ref"":""routine_sleep_after_dusk_v1"",""summary"":""Сон в своём дворе."",""activity_status"":""active"",""uses_current_activity"":false,""can_continue_automatically"":true,""decision_required"":false,""presence_state"":""away"",""location_ref"":""pf_rural_yard"",""absence_reason_ru"":""занятие у pf_rural_yard""}]",,data/novgorod-region/novgorod_occupations_v1_enriched.tsv#nov_occ_household_servant:daily_schedule_autumn;places-binding/places/place_families.csv#pf_outbuildings;data/world-catalogs/novgorod/temporal-v4/datasets/calendar_daylight_light_profiles.json#record:calendar_daylight_light_profiles:novgorod_1230_1233_v2;book:375645 ¶964;book:375645 ¶965;places-binding/presence/people_presence_authoring.csv#nov_occ_household_servant;book:622242 ¶519;places-binding/places/place_families.csv#pf_rural_yard,rule:editorial_daylight_phase_partition_v2,no_source:exact_clock_times_and_individual_presence,C,candidate,Сезонный распорядок-кандидат; конкретный человек и доступ требуют сцены.
sch_nov_occ_household_servant_pf_outbuildings_normal_spring,2,nov_role_servant,nov_occ_household_servant,normal,spring,3|4|5,0,"[{""state_id"":""sleep_before_dawn"",""duration_minutes"":268,""runtime_status"":""sleeping"",""activity_ref"":""routine_sleep_before_dawn_v1"",""summary"":""Сон в своём дворе."",""activity_status"":""active"",""uses_current_activity"":false,""can_continue_automatically"":true,""decision_required"":false,""presence_state"":""away"",""location_ref"":""pf_rural_yard"",""absence_reason_ru"":""занятие у pf_rural_yard""},{""state_id"":""preparation"",""duration_minutes"":60,""runtime_status"":""available"",""activity_ref"":""routine_preparation_v1"",""summary"":""Утренние дела после восхода."",""activity_status"":""active"",""uses_current_activity"":false,""can_continue_automatically"":true,""decision_required"":false,""presence_state"":""on_site"",""location_ref"":""pf_outbuildings"",""absence_reason_ru"":""""},{""state_id"":""morning_work"",""duration_minutes"":392,""runtime_status"":""available"",""activity_ref"":""routine_morning_work_v1"",""summary"":""утро: проверка грязи, воды и доступа; день: работа замедлена распутицей; вечер: возврат раньше; ночь: дороги и перевозы рискованны"",""activity_status"":""active"",""uses_current_activity"":false,""can_continue_automatically"":true,""decision_required"":false,""presence_state"":""on_site"",""location_ref"":""pf_outbuildings"",""absence_reason_ru"":""""},{""state_id"":""noon_meal"",""duration_minutes"":45,""runtime_status"":""available"",""activity_ref"":""routine_noon_meal_v1"",""summary"":""Полуденная трапеза (аналогия)."",""activity_status"":""active"",""uses_current_activity"":false,""can_continue_automatically"":true,""decision_required"":false,""presence_state"":""on_site"",""location_ref"":""pf_outbuildings"",""absence_reason_ru"":""""},{""state_id"":""post_meal_rest"",""duration_minutes"":90,""runtime_status"":""sleeping"",""activity_ref"":""routine_post_meal_rest_v1"",""summary"":""Послеобеденный отдых (аналогия; длительность редакционная)."",""activity_status"":""active"",""uses_current_activity"":false,""can_continue_automatically"":true,""decision_required"":false,""presence_state"":""on_site"",""location_ref"":""pf_outbuildings"",""absence_reason_ru"":""""},{""state_id"":""afternoon_work"",""duration_minutes"":253,""runtime_status"":""available"",""activity_ref"":""routine_afternoon_work_v1"",""summary"":""утро: проверка грязи, воды и доступа; день: работа замедлена распутицей; вечер: возврат раньше; ночь: дороги и перевозы рискованны"",""activity_status"":""active"",""uses_current_activity"":false,""can_continue_automatically"":true,""decision_required"":false,""presence_state"":""on_site"",""location_ref"":""pf_outbuildings"",""absence_reason_ru"":""""},{""state_id"":""evening_return"",""duration_minutes"":60,""runtime_status"":""available"",""activity_ref"":""routine_evening_return_v1"",""summary"":""Завершает дела."",""activity_status"":""active"",""uses_current_activity"":false,""can_continue_automatically"":true,""decision_required"":false,""presence_state"":""on_site"",""location_ref"":""pf_outbuildings"",""absence_reason_ru"":""""},{""state_id"":""sleep_after_dusk"",""duration_minutes"":272,""runtime_status"":""sleeping"",""activity_ref"":""routine_sleep_after_dusk_v1"",""summary"":""Сон в своём дворе."",""activity_status"":""active"",""uses_current_activity"":false,""can_continue_automatically"":true,""decision_required"":false,""presence_state"":""away"",""location_ref"":""pf_rural_yard"",""absence_reason_ru"":""занятие у pf_rural_yard""}]",,data/novgorod-region/novgorod_occupations_v1_enriched.tsv#nov_occ_household_servant:daily_schedule_spring_rasputitsa;places-binding/places/place_families.csv#pf_outbuildings;data/world-catalogs/novgorod/temporal-v4/datasets/calendar_daylight_light_profiles.json#record:calendar_daylight_light_profiles:novgorod_1230_1233_v2;book:375645 ¶964;book:375645 ¶965;places-binding/presence/people_presence_authoring.csv#nov_occ_household_servant;book:622242 ¶519;places-binding/places/place_families.csv#pf_rural_yard,rule:editorial_daylight_phase_partition_v2,no_source:exact_clock_times_and_individual_presence,C,candidate,Сезонный распорядок-кандидат; конкретный человек и доступ требуют сцены.
sch_nov_occ_household_servant_pf_outbuildings_normal_summer,2,nov_role_servant,nov_occ_household_servant,normal,summer,6|7|8,0,"[{""state_id"":""sleep_before_dawn"",""duration_minutes"":206,""runtime_status"":""sleeping"",""activity_ref"":""routine_sleep_before_dawn_v1"",""summary"":""Сон в своём дворе."",""activity_status"":""active"",""uses_current_activity"":false,""can_continue_automatically"":true,""decision_required"":false,""presence_state"":""away"",""location_ref"":""pf_rural_yard"",""absence_reason_ru"":""занятие у pf_rural_yard""},{""state_id"":""preparation"",""duration_minutes"":60,""runtime_status"":""available"",""activity_ref"":""routine_preparation_v1"",""summary"":""Утренние дела после восхода."",""activity_status"":""active"",""uses_current_activity"":false,""can_continue_automatically"":true,""decision_required"":false,""presence_state"":""on_site"",""location_ref"":""pf_outbuildings"",""absence_reason_ru"":""""},{""state_id"":""morning_work"",""duration_minutes"":454,""runtime_status"":""available"",""activity_ref"":""routine_morning_work_v1"",""summary"":""утро раннее; день длинный и трудовой; вечер занят запасами, скотом, лодками или товаром; ночь возможна для сторожи, рыбы и дороги"",""activity_status"":""active"",""uses_current_activity"":false,""can_continue_automatically"":true,""decision_required"":false,""presence_state"":""on_site"",""location_ref"":""pf_outbuildings"",""absence_reason_ru"":""""},{""state_id"":""noon_meal"",""duration_minutes"":45,""runtime_status"":""available"",""activity_ref"":""routine_noon_meal_v1"",""summary"":""Полуденная трапеза (аналогия)."",""activity_status"":""active"",""uses_current_activity"":false,""can_continue_automatically"":true,""decision_required"":false,""presence_state"":""on_site"",""location_ref"":""pf_outbuildings"",""absence_reason_ru"":""""},{""state_id"":""post_meal_rest"",""duration_minutes"":90,""runtime_status"":""sleeping"",""activity_ref"":""routine_post_meal_rest_v1"",""summary"":""Послеобеденный отдых (аналогия; длительность редакционная)."",""activity_status"":""active"",""uses_current_activity"":false,""can_continue_automatically"":true,""decision_required"":false,""presence_state"":""on_site"",""location_ref"":""pf_outbuildings"",""absence_reason_ru"":""""},{""state_id"":""afternoon_work"",""duration_minutes"":328,""runtime_status"":""available"",""activity_ref"":""routine_afternoon_work_v1"",""summary"":""утро раннее; день длинный и трудовой; вечер занят запасами, скотом, лодками или товаром; ночь возможна для сторожи, рыбы и дороги"",""activity_status"":""active"",""uses_current_activity"":false,""can_continue_automatically"":true,""decision_required"":false,""presence_state"":""on_site"",""location_ref"":""pf_outbuildings"",""absence_reason_ru"":""""},{""state_id"":""evening_return"",""duration_minutes"":60,""runtime_status"":""available"",""activity_ref"":""routine_evening_return_v1"",""summary"":""Завершает дела."",""activity_status"":""active"",""uses_current_activity"":false,""can_continue_automatically"":true,""decision_required"":false,""presence_state"":""on_site"",""location_ref"":""pf_outbuildings"",""absence_reason_ru"":""""},{""state_id"":""sleep_after_dusk"",""duration_minutes"":197,""runtime_status"":""sleeping"",""activity_ref"":""routine_sleep_after_dusk_v1"",""summary"":""Сон в своём дворе."",""activity_status"":""active"",""uses_current_activity"":false,""can_continue_automatically"":true,""decision_required"":false,""presence_state"":""away"",""location_ref"":""pf_rural_yard"",""absence_reason_ru"":""занятие у pf_rural_yard""}]",,data/novgorod-region/novgorod_occupations_v1_enriched.tsv#nov_occ_household_servant:daily_schedule_summer;places-binding/places/place_families.csv#pf_outbuildings;data/world-catalogs/novgorod/temporal-v4/datasets/calendar_daylight_light_profiles.json#record:calendar_daylight_light_profiles:novgorod_1230_1233_v2;book:375645 ¶964;book:375645 ¶965;places-binding/presence/people_presence_authoring.csv#nov_occ_household_servant;book:622242 ¶519;places-binding/places/place_families.csv#pf_rural_yard,rule:editorial_daylight_phase_partition_v2,no_source:exact_clock_times_and_individual_presence,C,candidate,Сезонный распорядок-кандидат; конкретный человек и доступ требуют сцены.
sch_nov_occ_household_servant_pf_outbuildings_normal_winter,2,nov_role_servant,nov_occ_household_servant,normal,winter,12|1|2,0,"[{""state_id"":""sleep_before_dawn"",""duration_minutes"":508,""runtime_status"":""sleeping"",""activity_ref"":""routine_sleep_before_dawn_v1"",""summary"":""Сон в своём дворе."",""activity_status"":""active"",""uses_current_activity"":false,""can_continue_automatically"":true,""decision_required"":false,""presence_state"":""away"",""location_ref"":""pf_rural_yard"",""absence_reason_ru"":""занятие у pf_rural_yard""},{""state_id"":""preparation"",""duration_minutes"":60,""runtime_status"":""available"",""activity_ref"":""routine_preparation_v1"",""summary"":""Утренние дела после восхода."",""activity_status"":""active"",""uses_current_activity"":false,""can_continue_automatically"":true,""decision_required"":false,""presence_state"":""on_site"",""location_ref"":""pf_outbuildings"",""absence_reason_ru"":""""},{""state_id"":""morning_work"",""duration_minutes"":152,""runtime_status"":""available"",""activity_ref"":""routine_morning_work_v1"",""summary"":""утро позднее и короче; день: зимний путь, ремонт, скот, склад или внутренняя работа; вечер ранний; ночь опасна из-за холода и темноты"",""activity_status"":""active"",""uses_current_activity"":false,""can_continue_automatically"":true,""decision_required"":false,""presence_state"":""on_site"",""location_ref"":""pf_outbuildings"",""absence_reason_ru"":""""},{""state_id"":""noon_meal"",""duration_minutes"":45,""runtime_status"":""available"",""activity_ref"":""routine_noon_meal_v1"",""summary"":""Полуденная трапеза (аналогия)."",""activity_status"":""active"",""uses_current_activity"":false,""can_continue_automatically"":true,""decision_required"":false,""presence_state"":""on_site"",""location_ref"":""pf_outbuildings"",""absence_reason_ru"":""""},{""state_id"":""post_meal_rest"",""duration_minutes"":90,""runtime_status"":""sleeping"",""activity_ref"":""routine_post_meal_rest_v1"",""summary"":""Послеобеденный отдых (аналогия; длительность редакционная)."",""activity_status"":""active"",""uses_current_activity"":false,""can_continue_automatically"":true,""decision_required"":false,""presence_state"":""on_site"",""location_ref"":""pf_outbuildings"",""absence_reason_ru"":""""},{""state_id"":""afternoon_work"",""duration_minutes"":44,""runtime_status"":""available"",""activity_ref"":""routine_afternoon_work_v1"",""summary"":""утро позднее и короче; день: зимний путь, ремонт, скот, склад или внутренняя работа; вечер ранний; ночь опасна из-за холода и темноты"",""activity_status"":""active"",""uses_current_activity"":false,""can_continue_automatically"":true,""decision_required"":false,""presence_state"":""on_site"",""location_ref"":""pf_outbuildings"",""absence_reason_ru"":""""},{""state_id"":""evening_return"",""duration_minutes"":60,""runtime_status"":""available"",""activity_ref"":""routine_evening_return_v1"",""summary"":""Завершает дела."",""activity_status"":""active"",""uses_current_activity"":false,""can_continue_automatically"":true,""decision_required"":false,""presence_state"":""on_site"",""location_ref"":""pf_outbuildings"",""absence_reason_ru"":""""},{""state_id"":""sleep_after_dusk"",""duration_minutes"":481,""runtime_status"":""sleeping"",""activity_ref"":""routine_sleep_after_dusk_v1"",""summary"":""Сон в своём дворе."",""activity_status"":""active"",""uses_current_activity"":false,""can_continue_automatically"":true,""decision_required"":false,""presence_state"":""away"",""location_ref"":""pf_rural_yard"",""absence_reason_ru"":""занятие у pf_rural_yard""}]",,data/novgorod-region/novgorod_occupations_v1_enriched.tsv#nov_occ_household_servant:daily_schedule_winter;places-binding/places/place_families.csv#pf_outbuildings;data/world-catalogs/novgorod/temporal-v4/datasets/calendar_daylight_light_profiles.json#record:calendar_daylight_light_profiles:novgorod_1230_1233_v2;book:375645 ¶964;book:375645 ¶965;places-binding/presence/people_presence_authoring.csv#nov_occ_household_servant;book:622242 ¶519;places-binding/places/place_families.csv#pf_rural_yard,rule:editorial_daylight_phase_partition_v2,no_source:exact_clock_times_and_individual_presence,C,candidate,Сезонный распорядок-кандидат; конкретный человек и доступ требуют сцены.
sch_nov_occ_household_servant_pf_peasant_homestead_normal_autumn,2,nov_role_servant,nov_occ_household_servant,normal,autumn,9|10|11,0,"[{""state_id"":""sleep_before_dawn"",""duration_minutes"":413,""runtime_status"":""sleeping"",""activity_ref"":""routine_sleep_before_dawn_v1"",""summary"":""Сон в своём дворе."",""activity_status"":""active"",""uses_current_activity"":false,""can_continue_automatically"":true,""decision_required"":false,""presence_state"":""on_site"",""location_ref"":""pf_peasant_homestead"",""absence_reason_ru"":""""},{""state_id"":""preparation"",""duration_minutes"":60,""runtime_status"":""available"",""activity_ref"":""routine_preparation_v1"",""summary"":""Утренние дела после восхода."",""activity_status"":""active"",""uses_current_activity"":false,""can_continue_automatically"":true,""decision_required"":false,""presence_state"":""on_site"",""location_ref"":""pf_peasant_homestead"",""absence_reason_ru"":""""},{""state_id"":""morning_work"",""duration_minutes"":247,""runtime_status"":""available"",""activity_ref"":""routine_morning_work_v1"",""summary"":""утро: сбор, ремонт, закупка; день: заготовки, торг, дороги до распутицы; вечер: учёт запасов; ночь холоднее и опаснее"",""activity_status"":""active"",""uses_current_activity"":false,""can_continue_automatically"":true,""decision_required"":false,""presence_state"":""on_site"",""location_ref"":""pf_peasant_homestead"",""absence_reason_ru"":""""},{""state_id"":""noon_meal"",""duration_minutes"":45,""runtime_status"":""available"",""activity_ref"":""routine_noon_meal_v1"",""summary"":""Полуденная трапеза (аналогия)."",""activity_status"":""active"",""uses_current_activity"":false,""can_continue_automatically"":true,""decision_required"":false,""presence_state"":""on_site"",""location_ref"":""pf_peasant_homestead"",""absence_reason_ru"":""""},{""state_id"":""post_meal_rest"",""duration_minutes"":90,""runtime_status"":""sleeping"",""activity_ref"":""routine_post_meal_rest_v1"",""summary"":""Послеобеденный отдых (аналогия; длительность редакционная)."",""activity_status"":""active"",""uses_current_activity"":false,""can_continue_automatically"":true,""decision_required"":false,""presence_state"":""on_site"",""location_ref"":""pf_peasant_homestead"",""absence_reason_ru"":""""},{""state_id"":""afternoon_work"",""duration_minutes"":81,""runtime_status"":""available"",""activity_ref"":""routine_afternoon_work_v1"",""summary"":""утро: сбор, ремонт, закупка; день: заготовки, торг, дороги до распутицы; вечер: учёт запасов; ночь холоднее и опаснее"",""activity_status"":""active"",""uses_current_activity"":false,""can_continue_automatically"":true,""decision_required"":false,""presence_state"":""on_site"",""location_ref"":""pf_peasant_homestead"",""absence_reason_ru"":""""},{""state_id"":""evening_return"",""duration_minutes"":60,""runtime_status"":""available"",""activity_ref"":""routine_evening_return_v1"",""summary"":""Завершает дела."",""activity_status"":""active"",""uses_current_activity"":false,""can_continue_automatically"":true,""decision_required"":false,""presence_state"":""on_site"",""location_ref"":""pf_peasant_homestead"",""absence_reason_ru"":""""},{""state_id"":""sleep_after_dusk"",""duration_minutes"":444,""runtime_status"":""sleeping"",""activity_ref"":""routine_sleep_after_dusk_v1"",""summary"":""Сон в своём дворе."",""activity_status"":""active"",""uses_current_activity"":false,""can_continue_automatically"":true,""decision_required"":false,""presence_state"":""on_site"",""location_ref"":""pf_peasant_homestead"",""absence_reason_ru"":""""}]",,data/novgorod-region/novgorod_occupations_v1_enriched.tsv#nov_occ_household_servant:daily_schedule_autumn;places-binding/places/place_families.csv#pf_peasant_homestead;data/world-catalogs/novgorod/temporal-v4/datasets/calendar_daylight_light_profiles.json#record:calendar_daylight_light_profiles:novgorod_1230_1233_v2;book:375645 ¶964;book:375645 ¶965;book:622242 ¶519,rule:editorial_daylight_phase_partition_v2,no_source:exact_clock_times_and_individual_presence,C,candidate,Сезонный распорядок-кандидат; конкретный человек и доступ требуют сцены.
sch_nov_occ_household_servant_pf_peasant_homestead_normal_spring,2,nov_role_servant,nov_occ_household_servant,normal,spring,3|4|5,0,"[{""state_id"":""sleep_before_dawn"",""duration_minutes"":268,""runtime_status"":""sleeping"",""activity_ref"":""routine_sleep_before_dawn_v1"",""summary"":""Сон в своём дворе."",""activity_status"":""active"",""uses_current_activity"":false,""can_continue_automatically"":true,""decision_required"":false,""presence_state"":""on_site"",""location_ref"":""pf_peasant_homestead"",""absence_reason_ru"":""""},{""state_id"":""preparation"",""duration_minutes"":60,""runtime_status"":""available"",""activity_ref"":""routine_preparation_v1"",""summary"":""Утренние дела после восхода."",""activity_status"":""active"",""uses_current_activity"":false,""can_continue_automatically"":true,""decision_required"":false,""presence_state"":""on_site"",""location_ref"":""pf_peasant_homestead"",""absence_reason_ru"":""""},{""state_id"":""morning_work"",""duration_minutes"":392,""runtime_status"":""available"",""activity_ref"":""routine_morning_work_v1"",""summary"":""утро: проверка грязи, воды и доступа; день: работа замедлена распутицей; вечер: возврат раньше; ночь: дороги и перевозы рискованны"",""activity_status"":""active"",""uses_current_activity"":false,""can_continue_automatically"":true,""decision_required"":false,""presence_state"":""on_site"",""location_ref"":""pf_peasant_homestead"",""absence_reason_ru"":""""},{""state_id"":""noon_meal"",""duration_minutes"":45,""runtime_status"":""available"",""activity_ref"":""routine_noon_meal_v1"",""summary"":""Полуденная трапеза (аналогия)."",""activity_status"":""active"",""uses_current_activity"":false,""can_continue_automatically"":true,""decision_required"":false,""presence_state"":""on_site"",""location_ref"":""pf_peasant_homestead"",""absence_reason_ru"":""""},{""state_id"":""post_meal_rest"",""duration_minutes"":90,""runtime_status"":""sleeping"",""activity_ref"":""routine_post_meal_rest_v1"",""summary"":""Послеобеденный отдых (аналогия; длительность редакционная)."",""activity_status"":""active"",""uses_current_activity"":false,""can_continue_automatically"":true,""decision_required"":false,""presence_state"":""on_site"",""location_ref"":""pf_peasant_homestead"",""absence_reason_ru"":""""},{""state_id"":""afternoon_work"",""duration_minutes"":253,""runtime_status"":""available"",""activity_ref"":""routine_afternoon_work_v1"",""summary"":""утро: проверка грязи, воды и доступа; день: работа замедлена распутицей; вечер: возврат раньше; ночь: дороги и перевозы рискованны"",""activity_status"":""active"",""uses_current_activity"":false,""can_continue_automatically"":true,""decision_required"":false,""presence_state"":""on_site"",""location_ref"":""pf_peasant_homestead"",""absence_reason_ru"":""""},{""state_id"":""evening_return"",""duration_minutes"":60,""runtime_status"":""available"",""activity_ref"":""routine_evening_return_v1"",""summary"":""Завершает дела."",""activity_status"":""active"",""uses_current_activity"":false,""can_continue_automatically"":true,""decision_required"":false,""presence_state"":""on_site"",""location_ref"":""pf_peasant_homestead"",""absence_reason_ru"":""""},{""state_id"":""sleep_after_dusk"",""duration_minutes"":272,""runtime_status"":""sleeping"",""activity_ref"":""routine_sleep_after_dusk_v1"",""summary"":""Сон в своём дворе."",""activity_status"":""active"",""uses_current_activity"":false,""can_continue_automatically"":true,""decision_required"":false,""presence_state"":""on_site"",""location_ref"":""pf_peasant_homestead"",""absence_reason_ru"":""""}]",,data/novgorod-region/novgorod_occupations_v1_enriched.tsv#nov_occ_household_servant:daily_schedule_spring_rasputitsa;places-binding/places/place_families.csv#pf_peasant_homestead;data/world-catalogs/novgorod/temporal-v4/datasets/calendar_daylight_light_profiles.json#record:calendar_daylight_light_profiles:novgorod_1230_1233_v2;book:375645 ¶964;book:375645 ¶965;book:622242 ¶519,rule:editorial_daylight_phase_partition_v2,no_source:exact_clock_times_and_individual_presence,C,candidate,Сезонный распорядок-кандидат; конкретный человек и доступ требуют сцены.
sch_nov_occ_household_servant_pf_peasant_homestead_normal_summer,2,nov_role_servant,nov_occ_household_servant,normal,summer,6|7|8,0,"[{""state_id"":""sleep_before_dawn"",""duration_minutes"":206,""runtime_status"":""sleeping"",""activity_ref"":""routine_sleep_before_dawn_v1"",""summary"":""Сон в своём дворе."",""activity_status"":""active"",""uses_current_activity"":false,""can_continue_automatically"":true,""decision_required"":false,""presence_state"":""on_site"",""location_ref"":""pf_peasant_homestead"",""absence_reason_ru"":""""},{""state_id"":""preparation"",""duration_minutes"":60,""runtime_status"":""available"",""activity_ref"":""routine_preparation_v1"",""summary"":""Утренние дела после восхода."",""activity_status"":""active"",""uses_current_activity"":false,""can_continue_automatically"":true,""decision_required"":false,""presence_state"":""on_site"",""location_ref"":""pf_peasant_homestead"",""absence_reason_ru"":""""},{""state_id"":""morning_work"",""duration_minutes"":454,""runtime_status"":""available"",""activity_ref"":""routine_morning_work_v1"",""summary"":""утро раннее; день длинный и трудовой; вечер занят запасами, скотом, лодками или товаром; ночь возможна для сторожи, рыбы и дороги"",""activity_status"":""active"",""uses_current_activity"":false,""can_continue_automatically"":true,""decision_required"":false,""presence_state"":""on_site"",""location_ref"":""pf_peasant_homestead"",""absence_reason_ru"":""""},{""state_id"":""noon_meal"",""duration_minutes"":45,""runtime_status"":""available"",""activity_ref"":""routine_noon_meal_v1"",""summary"":""Полуденная трапеза (аналогия)."",""activity_status"":""active"",""uses_current_activity"":false,""can_continue_automatically"":true,""decision_required"":false,""presence_state"":""on_site"",""location_ref"":""pf_peasant_homestead"",""absence_reason_ru"":""""},{""state_id"":""post_meal_rest"",""duration_minutes"":90,""runtime_status"":""sleeping"",""activity_ref"":""routine_post_meal_rest_v1"",""summary"":""Послеобеденный отдых (аналогия; длительность редакционная)."",""activity_status"":""active"",""uses_current_activity"":false,""can_continue_automatically"":true,""decision_required"":false,""presence_state"":""on_site"",""location_ref"":""pf_peasant_homestead"",""absence_reason_ru"":""""},{""state_id"":""afternoon_work"",""duration_minutes"":328,""runtime_status"":""available"",""activity_ref"":""routine_afternoon_work_v1"",""summary"":""утро раннее; день длинный и трудовой; вечер занят запасами, скотом, лодками или товаром; ночь возможна для сторожи, рыбы и дороги"",""activity_status"":""active"",""uses_current_activity"":false,""can_continue_automatically"":true,""decision_required"":false,""presence_state"":""on_site"",""location_ref"":""pf_peasant_homestead"",""absence_reason_ru"":""""},{""state_id"":""evening_return"",""duration_minutes"":60,""runtime_status"":""available"",""activity_ref"":""routine_evening_return_v1"",""summary"":""Завершает дела."",""activity_status"":""active"",""uses_current_activity"":false,""can_continue_automatically"":true,""decision_required"":false,""presence_state"":""on_site"",""location_ref"":""pf_peasant_homestead"",""absence_reason_ru"":""""},{""state_id"":""sleep_after_dusk"",""duration_minutes"":197,""runtime_status"":""sleeping"",""activity_ref"":""routine_sleep_after_dusk_v1"",""summary"":""Сон в своём дворе."",""activity_status"":""active"",""uses_current_activity"":false,""can_continue_automatically"":true,""decision_required"":false,""presence_state"":""on_site"",""location_ref"":""pf_peasant_homestead"",""absence_reason_ru"":""""}]",,data/novgorod-region/novgorod_occupations_v1_enriched.tsv#nov_occ_household_servant:daily_schedule_summer;places-binding/places/place_families.csv#pf_peasant_homestead;data/world-catalogs/novgorod/temporal-v4/datasets/calendar_daylight_light_profiles.json#record:calendar_daylight_light_profiles:novgorod_1230_1233_v2;book:375645 ¶964;book:375645 ¶965;book:622242 ¶519,rule:editorial_daylight_phase_partition_v2,no_source:exact_clock_times_and_individual_presence,C,candidate,Сезонный распорядок-кандидат; конкретный человек и доступ требуют сцены.
sch_nov_occ_household_servant_pf_peasant_homestead_normal_winter,2,nov_role_servant,nov_occ_household_servant,normal,winter,12|1|2,0,"[{""state_id"":""sleep_before_dawn"",""duration_minutes"":508,""runtime_status"":""sleeping"",""activity_ref"":""routine_sleep_before_dawn_v1"",""summary"":""Сон в своём дворе."",""activity_status"":""active"",""uses_current_activity"":false,""can_continue_automatically"":true,""decision_required"":false,""presence_state"":""on_site"",""location_ref"":""pf_peasant_homestead"",""absence_reason_ru"":""""},{""state_id"":""preparation"",""duration_minutes"":60,""runtime_status"":""available"",""activity_ref"":""routine_preparation_v1"",""summary"":""Утренние дела после восхода."",""activity_status"":""active"",""uses_current_activity"":false,""can_continue_automatically"":true,""decision_required"":false,""presence_state"":""on_site"",""location_ref"":""pf_peasant_homestead"",""absence_reason_ru"":""""},{""state_id"":""morning_work"",""duration_minutes"":152,""runtime_status"":""available"",""activity_ref"":""routine_morning_work_v1"",""summary"":""утро позднее и короче; день: зимний путь, ремонт, скот, склад или внутренняя работа; вечер ранний; ночь опасна из-за холода и темноты"",""activity_status"":""active"",""uses_current_activity"":false,""can_continue_automatically"":true,""decision_required"":false,""presence_state"":""on_site"",""location_ref"":""pf_peasant_homestead"",""absence_reason_ru"":""""},{""state_id"":""noon_meal"",""duration_minutes"":45,""runtime_status"":""available"",""activity_ref"":""routine_noon_meal_v1"",""summary"":""Полуденная трапеза (аналогия)."",""activity_status"":""active"",""uses_current_activity"":false,""can_continue_automatically"":true,""decision_required"":false,""presence_state"":""on_site"",""location_ref"":""pf_peasant_homestead"",""absence_reason_ru"":""""},{""state_id"":""post_meal_rest"",""duration_minutes"":90,""runtime_status"":""sleeping"",""activity_ref"":""routine_post_meal_rest_v1"",""summary"":""Послеобеденный отдых (аналогия; длительность редакционная)."",""activity_status"":""active"",""uses_current_activity"":false,""can_continue_automatically"":true,""decision_required"":false,""presence_state"":""on_site"",""location_ref"":""pf_peasant_homestead"",""absence_reason_ru"":""""},{""state_id"":""afternoon_work"",""duration_minutes"":44,""runtime_status"":""available"",""activity_ref"":""routine_afternoon_work_v1"",""summary"":""утро позднее и короче; день: зимний путь, ремонт, скот, склад или внутренняя работа; вечер ранний; ночь опасна из-за холода и темноты"",""activity_status"":""active"",""uses_current_activity"":false,""can_continue_automatically"":true,""decision_required"":false,""presence_state"":""on_site"",""location_ref"":""pf_peasant_homestead"",""absence_reason_ru"":""""},{""state_id"":""evening_return"",""duration_minutes"":60,""runtime_status"":""available"",""activity_ref"":""routine_evening_return_v1"",""summary"":""Завершает дела."",""activity_status"":""active"",""uses_current_activity"":false,""can_continue_automatically"":true,""decision_required"":false,""presence_state"":""on_site"",""location_ref"":""pf_peasant_homestead"",""absence_reason_ru"":""""},{""state_id"":""sleep_after_dusk"",""duration_minutes"":481,""runtime_status"":""sleeping"",""activity_ref"":""routine_sleep_after_dusk_v1"",""summary"":""Сон в своём дворе."",""activity_status"":""active"",""uses_current_activity"":false,""can_continue_automatically"":true,""decision_required"":false,""presence_state"":""on_site"",""location_ref"":""pf_peasant_homestead"",""absence_reason_ru"":""""}]",,data/novgorod-region/novgorod_occupations_v1_enriched.tsv#nov_occ_household_servant:daily_schedule_winter;places-binding/places/place_families.csv#pf_peasant_homestead;data/world-catalogs/novgorod/temporal-v4/datasets/calendar_daylight_light_profiles.json#record:calendar_daylight_light_profiles:novgorod_1230_1233_v2;book:375645 ¶964;book:375645 ¶965;book:622242 ¶519,rule:editorial_daylight_phase_partition_v2,no_source:exact_clock_times_and_individual_presence,C,candidate,Сезонный распорядок-кандидат; конкретный человек и доступ требуют сцены.
sch_nov_occ_hunter_trapper_pf_forest_edge_normal_autumn,2,nov_role_hunter,nov_occ_hunter_trapper,normal,autumn,9|10|11,0,"[{""state_id"":""sleep_before_dawn"",""duration_minutes"":413,""runtime_status"":""sleeping"",""activity_ref"":""routine_sleep_before_dawn_v1"",""summary"":""Ночной сон; место неизвестно."",""activity_status"":""active"",""uses_current_activity"":false,""can_continue_automatically"":true,""decision_required"":false,""presence_state"":""away"",""location_ref"":"""",""absence_reason_ru"":""ночлег требует индивидуальной привязки""},{""state_id"":""preparation"",""duration_minutes"":60,""runtime_status"":""available"",""activity_ref"":""routine_preparation_v1"",""summary"":""Утренние дела после восхода."",""activity_status"":""active"",""uses_current_activity"":false,""can_continue_automatically"":true,""decision_required"":false,""presence_state"":""on_site"",""location_ref"":""pf_forest_edge"",""absence_reason_ru"":""""},{""state_id"":""morning_work"",""duration_minutes"":247,""runtime_status"":""available"",""activity_ref"":""routine_morning_work_v1"",""summary"":""утро: сбор, ремонт, закупка; день: заготовки, торг, дороги до распутицы; вечер: учёт запасов; ночь холоднее и опаснее"",""activity_status"":""active"",""uses_current_activity"":false,""can_continue_automatically"":true,""decision_required"":false,""presence_state"":""on_site"",""location_ref"":""pf_forest_edge"",""absence_reason_ru"":""""},{""state_id"":""noon_meal"",""duration_minutes"":45,""runtime_status"":""available"",""activity_ref"":""routine_noon_meal_v1"",""summary"":""Полуденная трапеза (аналогия)."",""activity_status"":""active"",""uses_current_activity"":false,""can_continue_automatically"":true,""decision_required"":false,""presence_state"":""on_site"",""location_ref"":""pf_forest_edge"",""absence_reason_ru"":""""},{""state_id"":""post_meal_rest"",""duration_minutes"":90,""runtime_status"":""sleeping"",""activity_ref"":""routine_post_meal_rest_v1"",""summary"":""Послеобеденный отдых (аналогия; длительность редакционная)."",""activity_status"":""active"",""uses_current_activity"":false,""can_continue_automatically"":true,""decision_required"":false,""presence_state"":""on_site"",""location_ref"":""pf_forest_edge"",""absence_reason_ru"":""""},{""state_id"":""afternoon_work"",""duration_minutes"":81,""runtime_status"":""available"",""activity_ref"":""routine_afternoon_work_v1"",""summary"":""утро: сбор, ремонт, закупка; день: заготовки, торг, дороги до распутицы; вечер: учёт запасов; ночь холоднее и опаснее"",""activity_status"":""active"",""uses_current_activity"":false,""can_continue_automatically"":true,""decision_required"":false,""presence_state"":""on_site"",""location_ref"":""pf_forest_edge"",""absence_reason_ru"":""""},{""state_id"":""evening_return"",""duration_minutes"":60,""runtime_status"":""available"",""activity_ref"":""routine_evening_return_v1"",""summary"":""Завершает дела."",""activity_status"":""active"",""uses_current_activity"":false,""can_continue_automatically"":true,""decision_required"":false,""presence_state"":""on_site"",""location_ref"":""pf_forest_edge"",""absence_reason_ru"":""""},{""state_id"":""sleep_after_dusk"",""duration_minutes"":444,""runtime_status"":""sleeping"",""activity_ref"":""routine_sleep_after_dusk_v1"",""summary"":""Ночной сон; место неизвестно."",""activity_status"":""active"",""uses_current_activity"":false,""can_continue_automatically"":true,""decision_required"":false,""presence_state"":""away"",""location_ref"":"""",""absence_reason_ru"":""ночлег требует индивидуальной привязки""}]",,data/novgorod-region/novgorod_occupations_v1_enriched.tsv#nov_occ_hunter_trapper:daily_schedule_autumn;places-binding/places/place_families.csv#pf_forest_edge;data/world-catalogs/novgorod/temporal-v4/datasets/calendar_daylight_light_profiles.json#record:calendar_daylight_light_profiles:novgorod_1230_1233_v2;book:375645 ¶964;book:375645 ¶965;places-binding/presence/people_presence_authoring.csv#nov_occ_hunter_trapper,rule:editorial_daylight_phase_partition_v2,no_source:exact_clock_times_and_individual_presence,C,candidate,Сезонный распорядок-кандидат; конкретный человек и доступ требуют сцены.
sch_nov_occ_hunter_trapper_pf_forest_edge_normal_spring,2,nov_role_hunter,nov_occ_hunter_trapper,normal,spring,3|4|5,0,"[{""state_id"":""sleep_before_dawn"",""duration_minutes"":268,""runtime_status"":""sleeping"",""activity_ref"":""routine_sleep_before_dawn_v1"",""summary"":""Ночной сон; место неизвестно."",""activity_status"":""active"",""uses_current_activity"":false,""can_continue_automatically"":true,""decision_required"":false,""presence_state"":""away"",""location_ref"":"""",""absence_reason_ru"":""ночлег требует индивидуальной привязки""},{""state_id"":""preparation"",""duration_minutes"":60,""runtime_status"":""available"",""activity_ref"":""routine_preparation_v1"",""summary"":""Утренние дела после восхода."",""activity_status"":""active"",""uses_current_activity"":false,""can_continue_automatically"":true,""decision_required"":false,""presence_state"":""on_site"",""location_ref"":""pf_forest_edge"",""absence_reason_ru"":""""},{""state_id"":""morning_work"",""duration_minutes"":392,""runtime_status"":""available"",""activity_ref"":""routine_morning_work_v1"",""summary"":""утро: проверка грязи, воды и доступа; день: работа замедлена распутицей; вечер: возврат раньше; ночь: дороги и перевозы рискованны"",""activity_status"":""active"",""uses_current_activity"":false,""can_continue_automatically"":true,""decision_required"":false,""presence_state"":""on_site"",""location_ref"":""pf_forest_edge"",""absence_reason_ru"":""""},{""state_id"":""noon_meal"",""duration_minutes"":45,""runtime_status"":""available"",""activity_ref"":""routine_noon_meal_v1"",""summary"":""Полуденная трапеза (аналогия)."",""activity_status"":""active"",""uses_current_activity"":false,""can_continue_automatically"":true,""decision_required"":false,""presence_state"":""on_site"",""location_ref"":""pf_forest_edge"",""absence_reason_ru"":""""},{""state_id"":""post_meal_rest"",""duration_minutes"":90,""runtime_status"":""sleeping"",""activity_ref"":""routine_post_meal_rest_v1"",""summary"":""Послеобеденный отдых (аналогия; длительность редакционная)."",""activity_status"":""active"",""uses_current_activity"":false,""can_continue_automatically"":true,""decision_required"":false,""presence_state"":""on_site"",""location_ref"":""pf_forest_edge"",""absence_reason_ru"":""""},{""state_id"":""afternoon_work"",""duration_minutes"":253,""runtime_status"":""available"",""activity_ref"":""routine_afternoon_work_v1"",""summary"":""утро: проверка грязи, воды и доступа; день: работа замедлена распутицей; вечер: возврат раньше; ночь: дороги и перевозы рискованны"",""activity_status"":""active"",""uses_current_activity"":false,""can_continue_automatically"":true,""decision_required"":false,""presence_state"":""on_site"",""location_ref"":""pf_forest_edge"",""absence_reason_ru"":""""},{""state_id"":""evening_return"",""duration_minutes"":60,""runtime_status"":""available"",""activity_ref"":""routine_evening_return_v1"",""summary"":""Завершает дела."",""activity_status"":""active"",""uses_current_activity"":false,""can_continue_automatically"":true,""decision_required"":false,""presence_state"":""on_site"",""location_ref"":""pf_forest_edge"",""absence_reason_ru"":""""},{""state_id"":""sleep_after_dusk"",""duration_minutes"":272,""runtime_status"":""sleeping"",""activity_ref"":""routine_sleep_after_dusk_v1"",""summary"":""Ночной сон; место неизвестно."",""activity_status"":""active"",""uses_current_activity"":false,""can_continue_automatically"":true,""decision_required"":false,""presence_state"":""away"",""location_ref"":"""",""absence_reason_ru"":""ночлег требует индивидуальной привязки""}]",,data/novgorod-region/novgorod_occupations_v1_enriched.tsv#nov_occ_hunter_trapper:daily_schedule_spring_rasputitsa;places-binding/places/place_families.csv#pf_forest_edge;data/world-catalogs/novgorod/temporal-v4/datasets/calendar_daylight_light_profiles.json#record:calendar_daylight_light_profiles:novgorod_1230_1233_v2;book:375645 ¶964;book:375645 ¶965;places-binding/presence/people_presence_authoring.csv#nov_occ_hunter_trapper,rule:editorial_daylight_phase_partition_v2,no_source:exact_clock_times_and_individual_presence,C,candidate,Сезонный распорядок-кандидат; конкретный человек и доступ требуют сцены.
sch_nov_occ_hunter_trapper_pf_forest_edge_normal_summer,2,nov_role_hunter,nov_occ_hunter_trapper,normal,summer,6|7|8,0,"[{""state_id"":""sleep_before_dawn"",""duration_minutes"":206,""runtime_status"":""sleeping"",""activity_ref"":""routine_sleep_before_dawn_v1"",""summary"":""Ночной сон; место неизвестно."",""activity_status"":""active"",""uses_current_activity"":false,""can_continue_automatically"":true,""decision_required"":false,""presence_state"":""away"",""location_ref"":"""",""absence_reason_ru"":""ночлег требует индивидуальной привязки""},{""state_id"":""preparation"",""duration_minutes"":60,""runtime_status"":""available"",""activity_ref"":""routine_preparation_v1"",""summary"":""Утренние дела после восхода."",""activity_status"":""active"",""uses_current_activity"":false,""can_continue_automatically"":true,""decision_required"":false,""presence_state"":""on_site"",""location_ref"":""pf_forest_edge"",""absence_reason_ru"":""""},{""state_id"":""morning_work"",""duration_minutes"":454,""runtime_status"":""available"",""activity_ref"":""routine_morning_work_v1"",""summary"":""утро раннее; день длинный и трудовой; вечер занят запасами, скотом, лодками или товаром; ночь возможна для сторожи, рыбы и дороги"",""activity_status"":""active"",""uses_current_activity"":false,""can_continue_automatically"":true,""decision_required"":false,""presence_state"":""on_site"",""location_ref"":""pf_forest_edge"",""absence_reason_ru"":""""},{""state_id"":""noon_meal"",""duration_minutes"":45,""runtime_status"":""available"",""activity_ref"":""routine_noon_meal_v1"",""summary"":""Полуденная трапеза (аналогия)."",""activity_status"":""active"",""uses_current_activity"":false,""can_continue_automatically"":true,""decision_required"":false,""presence_state"":""on_site"",""location_ref"":""pf_forest_edge"",""absence_reason_ru"":""""},{""state_id"":""post_meal_rest"",""duration_minutes"":90,""runtime_status"":""sleeping"",""activity_ref"":""routine_post_meal_rest_v1"",""summary"":""Послеобеденный отдых (аналогия; длительность редакционная)."",""activity_status"":""active"",""uses_current_activity"":false,""can_continue_automatically"":true,""decision_required"":false,""presence_state"":""on_site"",""location_ref"":""pf_forest_edge"",""absence_reason_ru"":""""},{""state_id"":""afternoon_work"",""duration_minutes"":328,""runtime_status"":""available"",""activity_ref"":""routine_afternoon_work_v1"",""summary"":""утро раннее; день длинный и трудовой; вечер занят запасами, скотом, лодками или товаром; ночь возможна для сторожи, рыбы и дороги"",""activity_status"":""active"",""uses_current_activity"":false,""can_continue_automatically"":true,""decision_required"":false,""presence_state"":""on_site"",""location_ref"":""pf_forest_edge"",""absence_reason_ru"":""""},{""state_id"":""evening_return"",""duration_minutes"":60,""runtime_status"":""available"",""activity_ref"":""routine_evening_return_v1"",""summary"":""Завершает дела."",""activity_status"":""active"",""uses_current_activity"":false,""can_continue_automatically"":true,""decision_required"":false,""presence_state"":""on_site"",""location_ref"":""pf_forest_edge"",""absence_reason_ru"":""""},{""state_id"":""sleep_after_dusk"",""duration_minutes"":197,""runtime_status"":""sleeping"",""activity_ref"":""routine_sleep_after_dusk_v1"",""summary"":""Ночной сон; место неизвестно."",""activity_status"":""active"",""uses_current_activity"":false,""can_continue_automatically"":true,""decision_required"":false,""presence_state"":""away"",""location_ref"":"""",""absence_reason_ru"":""ночлег требует индивидуальной привязки""}]",,data/novgorod-region/novgorod_occupations_v1_enriched.tsv#nov_occ_hunter_trapper:daily_schedule_summer;places-binding/places/place_families.csv#pf_forest_edge;data/world-catalogs/novgorod/temporal-v4/datasets/calendar_daylight_light_profiles.json#record:calendar_daylight_light_profiles:novgorod_1230_1233_v2;book:375645 ¶964;book:375645 ¶965;places-binding/presence/people_presence_authoring.csv#nov_occ_hunter_trapper,rule:editorial_daylight_phase_partition_v2,no_source:exact_clock_times_and_individual_presence,C,candidate,Сезонный распорядок-кандидат; конкретный человек и доступ требуют сцены.
sch_nov_occ_hunter_trapper_pf_forest_edge_normal_winter,2,nov_role_hunter,nov_occ_hunter_trapper,normal,winter,12|1|2,0,"[{""state_id"":""sleep_before_dawn"",""duration_minutes"":508,""runtime_status"":""sleeping"",""activity_ref"":""routine_sleep_before_dawn_v1"",""summary"":""Ночной сон; место неизвестно."",""activity_status"":""active"",""uses_current_activity"":false,""can_continue_automatically"":true,""decision_required"":false,""presence_state"":""away"",""location_ref"":"""",""absence_reason_ru"":""ночлег требует индивидуальной привязки""},{""state_id"":""preparation"",""duration_minutes"":60,""runtime_status"":""available"",""activity_ref"":""routine_preparation_v1"",""summary"":""Утренние дела после восхода."",""activity_status"":""active"",""uses_current_activity"":false,""can_continue_automatically"":true,""decision_required"":false,""presence_state"":""on_site"",""location_ref"":""pf_forest_edge"",""absence_reason_ru"":""""},{""state_id"":""morning_work"",""duration_minutes"":152,""runtime_status"":""available"",""activity_ref"":""routine_morning_work_v1"",""summary"":""утро позднее и короче; день: зимний путь, ремонт, скот, склад или внутренняя работа; вечер ранний; ночь опасна из-за холода и темноты"",""activity_status"":""active"",""uses_current_activity"":false,""can_continue_automatically"":true,""decision_required"":false,""presence_state"":""on_site"",""location_ref"":""pf_forest_edge"",""absence_reason_ru"":""""},{""state_id"":""noon_meal"",""duration_minutes"":45,""runtime_status"":""available"",""activity_ref"":""routine_noon_meal_v1"",""summary"":""Полуденная трапеза (аналогия)."",""activity_status"":""active"",""uses_current_activity"":false,""can_continue_automatically"":true,""decision_required"":false,""presence_state"":""on_site"",""location_ref"":""pf_forest_edge"",""absence_reason_ru"":""""},{""state_id"":""post_meal_rest"",""duration_minutes"":90,""runtime_status"":""sleeping"",""activity_ref"":""routine_post_meal_rest_v1"",""summary"":""Послеобеденный отдых (аналогия; длительность редакционная)."",""activity_status"":""active"",""uses_current_activity"":false,""can_continue_automatically"":true,""decision_required"":false,""presence_state"":""on_site"",""location_ref"":""pf_forest_edge"",""absence_reason_ru"":""""},{""state_id"":""afternoon_work"",""duration_minutes"":44,""runtime_status"":""available"",""activity_ref"":""routine_afternoon_work_v1"",""summary"":""утро позднее и короче; день: зимний путь, ремонт, скот, склад или внутренняя работа; вечер ранний; ночь опасна из-за холода и темноты"",""activity_status"":""active"",""uses_current_activity"":false,""can_continue_automatically"":true,""decision_required"":false,""presence_state"":""on_site"",""location_ref"":""pf_forest_edge"",""absence_reason_ru"":""""},{""state_id"":""evening_return"",""duration_minutes"":60,""runtime_status"":""available"",""activity_ref"":""routine_evening_return_v1"",""summary"":""Завершает дела."",""activity_status"":""active"",""uses_current_activity"":false,""can_continue_automatically"":true,""decision_required"":false,""presence_state"":""on_site"",""location_ref"":""pf_forest_edge"",""absence_reason_ru"":""""},{""state_id"":""sleep_after_dusk"",""duration_minutes"":481,""runtime_status"":""sleeping"",""activity_ref"":""routine_sleep_after_dusk_v1"",""summary"":""Ночной сон; место неизвестно."",""activity_status"":""active"",""uses_current_activity"":false,""can_continue_automatically"":true,""decision_required"":false,""presence_state"":""away"",""location_ref"":"""",""absence_reason_ru"":""ночлег требует индивидуальной привязки""}]",,data/novgorod-region/novgorod_occupations_v1_enriched.tsv#nov_occ_hunter_trapper:daily_schedule_winter;places-binding/places/place_families.csv#pf_forest_edge;data/world-catalogs/novgorod/temporal-v4/datasets/calendar_daylight_light_profiles.json#record:calendar_daylight_light_profiles:novgorod_1230_1233_v2;book:375645 ¶964;book:375645 ¶965;places-binding/presence/people_presence_authoring.csv#nov_occ_hunter_trapper,rule:editorial_daylight_phase_partition_v2,no_source:exact_clock_times_and_individual_presence,C,candidate,Сезонный распорядок-кандидат; конкретный человек и доступ требуют сцены.
sch_nov_occ_hunter_trapper_pf_hunting_ground_normal_autumn,2,nov_role_hunter,nov_occ_hunter_trapper,normal,autumn,9|10|11,0,"[{""state_id"":""sleep_before_dawn"",""duration_minutes"":413,""runtime_status"":""sleeping"",""activity_ref"":""routine_sleep_before_dawn_v1"",""summary"":""Ночной сон; место неизвестно."",""activity_status"":""active"",""uses_current_activity"":false,""can_continue_automatically"":true,""decision_required"":false,""presence_state"":""away"",""location_ref"":"""",""absence_reason_ru"":""ночлег требует индивидуальной привязки""},{""state_id"":""preparation"",""duration_minutes"":60,""runtime_status"":""available"",""activity_ref"":""routine_preparation_v1"",""summary"":""Утренние дела после восхода."",""activity_status"":""active"",""uses_current_activity"":false,""can_continue_automatically"":true,""decision_required"":false,""presence_state"":""on_site"",""location_ref"":""pf_hunting_ground"",""absence_reason_ru"":""""},{""state_id"":""morning_work"",""duration_minutes"":247,""runtime_status"":""available"",""activity_ref"":""routine_morning_work_v1"",""summary"":""утро: сбор, ремонт, закупка; день: заготовки, торг, дороги до распутицы; вечер: учёт запасов; ночь холоднее и опаснее"",""activity_status"":""active"",""uses_current_activity"":false,""can_continue_automatically"":true,""decision_required"":false,""presence_state"":""on_site"",""location_ref"":""pf_hunting_ground"",""absence_reason_ru"":""""},{""state_id"":""noon_meal"",""duration_minutes"":45,""runtime_status"":""available"",""activity_ref"":""routine_noon_meal_v1"",""summary"":""Полуденная трапеза (аналогия)."",""activity_status"":""active"",""uses_current_activity"":false,""can_continue_automatically"":true,""decision_required"":false,""presence_state"":""on_site"",""location_ref"":""pf_hunting_ground"",""absence_reason_ru"":""""},{""state_id"":""post_meal_rest"",""duration_minutes"":90,""runtime_status"":""sleeping"",""activity_ref"":""routine_post_meal_rest_v1"",""summary"":""Послеобеденный отдых (аналогия; длительность редакционная)."",""activity_status"":""active"",""uses_current_activity"":false,""can_continue_automatically"":true,""decision_required"":false,""presence_state"":""on_site"",""location_ref"":""pf_hunting_ground"",""absence_reason_ru"":""""},{""state_id"":""afternoon_work"",""duration_minutes"":81,""runtime_status"":""available"",""activity_ref"":""routine_afternoon_work_v1"",""summary"":""утро: сбор, ремонт, закупка; день: заготовки, торг, дороги до распутицы; вечер: учёт запасов; ночь холоднее и опаснее"",""activity_status"":""active"",""uses_current_activity"":false,""can_continue_automatically"":true,""decision_required"":false,""presence_state"":""on_site"",""location_ref"":""pf_hunting_ground"",""absence_reason_ru"":""""},{""state_id"":""evening_return"",""duration_minutes"":60,""runtime_status"":""available"",""activity_ref"":""routine_evening_return_v1"",""summary"":""Завершает дела."",""activity_status"":""active"",""uses_current_activity"":false,""can_continue_automatically"":true,""decision_required"":false,""presence_state"":""on_site"",""location_ref"":""pf_hunting_ground"",""absence_reason_ru"":""""},{""state_id"":""sleep_after_dusk"",""duration_minutes"":444,""runtime_status"":""sleeping"",""activity_ref"":""routine_sleep_after_dusk_v1"",""summary"":""Ночной сон; место неизвестно."",""activity_status"":""active"",""uses_current_activity"":false,""can_continue_automatically"":true,""decision_required"":false,""presence_state"":""away"",""location_ref"":"""",""absence_reason_ru"":""ночлег требует индивидуальной привязки""}]",,data/novgorod-region/novgorod_occupations_v1_enriched.tsv#nov_occ_hunter_trapper:daily_schedule_autumn;places-binding/places/place_families.csv#pf_hunting_ground;data/world-catalogs/novgorod/temporal-v4/datasets/calendar_daylight_light_profiles.json#record:calendar_daylight_light_profiles:novgorod_1230_1233_v2;book:375645 ¶964;book:375645 ¶965;places-binding/presence/people_presence_authoring.csv#nov_occ_hunter_trapper,rule:editorial_daylight_phase_partition_v2,no_source:exact_clock_times_and_individual_presence,C,candidate,Сезонный распорядок-кандидат; конкретный человек и доступ требуют сцены.
sch_nov_occ_hunter_trapper_pf_hunting_ground_normal_spring,2,nov_role_hunter,nov_occ_hunter_trapper,normal,spring,3|4|5,0,"[{""state_id"":""sleep_before_dawn"",""duration_minutes"":268,""runtime_status"":""sleeping"",""activity_ref"":""routine_sleep_before_dawn_v1"",""summary"":""Ночной сон; место неизвестно."",""activity_status"":""active"",""uses_current_activity"":false,""can_continue_automatically"":true,""decision_required"":false,""presence_state"":""away"",""location_ref"":"""",""absence_reason_ru"":""ночлег требует индивидуальной привязки""},{""state_id"":""preparation"",""duration_minutes"":60,""runtime_status"":""available"",""activity_ref"":""routine_preparation_v1"",""summary"":""Утренние дела после восхода."",""activity_status"":""active"",""uses_current_activity"":false,""can_continue_automatically"":true,""decision_required"":false,""presence_state"":""on_site"",""location_ref"":""pf_hunting_ground"",""absence_reason_ru"":""""},{""state_id"":""morning_work"",""duration_minutes"":392,""runtime_status"":""available"",""activity_ref"":""routine_morning_work_v1"",""summary"":""утро: проверка грязи, воды и доступа; день: работа замедлена распутицей; вечер: возврат раньше; ночь: дороги и перевозы рискованны"",""activity_status"":""active"",""uses_current_activity"":false,""can_continue_automatically"":true,""decision_required"":false,""presence_state"":""on_site"",""location_ref"":""pf_hunting_ground"",""absence_reason_ru"":""""},{""state_id"":""noon_meal"",""duration_minutes"":45,""runtime_status"":""available"",""activity_ref"":""routine_noon_meal_v1"",""summary"":""Полуденная трапеза (аналогия)."",""activity_status"":""active"",""uses_current_activity"":false,""can_continue_automatically"":true,""decision_required"":false,""presence_state"":""on_site"",""location_ref"":""pf_hunting_ground"",""absence_reason_ru"":""""},{""state_id"":""post_meal_rest"",""duration_minutes"":90,""runtime_status"":""sleeping"",""activity_ref"":""routine_post_meal_rest_v1"",""summary"":""Послеобеденный отдых (аналогия; длительность редакционная)."",""activity_status"":""active"",""uses_current_activity"":false,""can_continue_automatically"":true,""decision_required"":false,""presence_state"":""on_site"",""location_ref"":""pf_hunting_ground"",""absence_reason_ru"":""""},{""state_id"":""afternoon_work"",""duration_minutes"":253,""runtime_status"":""available"",""activity_ref"":""routine_afternoon_work_v1"",""summary"":""утро: проверка грязи, воды и доступа; день: работа замедлена распутицей; вечер: возврат раньше; ночь: дороги и перевозы рискованны"",""activity_status"":""active"",""uses_current_activity"":false,""can_continue_automatically"":true,""decision_required"":false,""presence_state"":""on_site"",""location_ref"":""pf_hunting_ground"",""absence_reason_ru"":""""},{""state_id"":""evening_return"",""duration_minutes"":60,""runtime_status"":""available"",""activity_ref"":""routine_evening_return_v1"",""summary"":""Завершает дела."",""activity_status"":""active"",""uses_current_activity"":false,""can_continue_automatically"":true,""decision_required"":false,""presence_state"":""on_site"",""location_ref"":""pf_hunting_ground"",""absence_reason_ru"":""""},{""state_id"":""sleep_after_dusk"",""duration_minutes"":272,""runtime_status"":""sleeping"",""activity_ref"":""routine_sleep_after_dusk_v1"",""summary"":""Ночной сон; место неизвестно."",""activity_status"":""active"",""uses_current_activity"":false,""can_continue_automatically"":true,""decision_required"":false,""presence_state"":""away"",""location_ref"":"""",""absence_reason_ru"":""ночлег требует индивидуальной привязки""}]",,data/novgorod-region/novgorod_occupations_v1_enriched.tsv#nov_occ_hunter_trapper:daily_schedule_spring_rasputitsa;places-binding/places/place_families.csv#pf_hunting_ground;data/world-catalogs/novgorod/temporal-v4/datasets/calendar_daylight_light_profiles.json#record:calendar_daylight_light_profiles:novgorod_1230_1233_v2;book:375645 ¶964;book:375645 ¶965;places-binding/presence/people_presence_authoring.csv#nov_occ_hunter_trapper,rule:editorial_daylight_phase_partition_v2,no_source:exact_clock_times_and_individual_presence,C,candidate,Сезонный распорядок-кандидат; конкретный человек и доступ требуют сцены.
sch_nov_occ_hunter_trapper_pf_hunting_ground_normal_summer,2,nov_role_hunter,nov_occ_hunter_trapper,normal,summer,6|7|8,0,"[{""state_id"":""sleep_before_dawn"",""duration_minutes"":206,""runtime_status"":""sleeping"",""activity_ref"":""routine_sleep_before_dawn_v1"",""summary"":""Ночной сон; место неизвестно."",""activity_status"":""active"",""uses_current_activity"":false,""can_continue_automatically"":true,""decision_required"":false,""presence_state"":""away"",""location_ref"":"""",""absence_reason_ru"":""ночлег требует индивидуальной привязки""},{""state_id"":""preparation"",""duration_minutes"":60,""runtime_status"":""available"",""activity_ref"":""routine_preparation_v1"",""summary"":""Утренние дела после восхода."",""activity_status"":""active"",""uses_current_activity"":false,""can_continue_automatically"":true,""decision_required"":false,""presence_state"":""on_site"",""location_ref"":""pf_hunting_ground"",""absence_reason_ru"":""""},{""state_id"":""morning_work"",""duration_minutes"":454,""runtime_status"":""available"",""activity_ref"":""routine_morning_work_v1"",""summary"":""утро раннее; день длинный и трудовой; вечер занят запасами, скотом, лодками или товаром; ночь возможна для сторожи, рыбы и дороги"",""activity_status"":""active"",""uses_current_activity"":false,""can_continue_automatically"":true,""decision_required"":false,""presence_state"":""on_site"",""location_ref"":""pf_hunting_ground"",""absence_reason_ru"":""""},{""state_id"":""noon_meal"",""duration_minutes"":45,""runtime_status"":""available"",""activity_ref"":""routine_noon_meal_v1"",""summary"":""Полуденная трапеза (аналогия)."",""activity_status"":""active"",""uses_current_activity"":false,""can_continue_automatically"":true,""decision_required"":false,""presence_state"":""on_site"",""location_ref"":""pf_hunting_ground"",""absence_reason_ru"":""""},{""state_id"":""post_meal_rest"",""duration_minutes"":90,""runtime_status"":""sleeping"",""activity_ref"":""routine_post_meal_rest_v1"",""summary"":""Послеобеденный отдых (аналогия; длительность редакционная)."",""activity_status"":""active"",""uses_current_activity"":false,""can_continue_automatically"":true,""decision_required"":false,""presence_state"":""on_site"",""location_ref"":""pf_hunting_ground"",""absence_reason_ru"":""""},{""state_id"":""afternoon_work"",""duration_minutes"":328,""runtime_status"":""available"",""activity_ref"":""routine_afternoon_work_v1"",""summary"":""утро раннее; день длинный и трудовой; вечер занят запасами, скотом, лодками или товаром; ночь возможна для сторожи, рыбы и дороги"",""activity_status"":""active"",""uses_current_activity"":false,""can_continue_automatically"":true,""decision_required"":false,""presence_state"":""on_site"",""location_ref"":""pf_hunting_ground"",""absence_reason_ru"":""""},{""state_id"":""evening_return"",""duration_minutes"":60,""runtime_status"":""available"",""activity_ref"":""routine_evening_return_v1"",""summary"":""Завершает дела."",""activity_status"":""active"",""uses_current_activity"":false,""can_continue_automatically"":true,""decision_required"":false,""presence_state"":""on_site"",""location_ref"":""pf_hunting_ground"",""absence_reason_ru"":""""},{""state_id"":""sleep_after_dusk"",""duration_minutes"":197,""runtime_status"":""sleeping"",""activity_ref"":""routine_sleep_after_dusk_v1"",""summary"":""Ночной сон; место неизвестно."",""activity_status"":""active"",""uses_current_activity"":false,""can_continue_automatically"":true,""decision_required"":false,""presence_state"":""away"",""location_ref"":"""",""absence_reason_ru"":""ночлег требует индивидуальной привязки""}]",,data/novgorod-region/novgorod_occupations_v1_enriched.tsv#nov_occ_hunter_trapper:daily_schedule_summer;places-binding/places/place_families.csv#pf_hunting_ground;data/world-catalogs/novgorod/temporal-v4/datasets/calendar_daylight_light_profiles.json#record:calendar_daylight_light_profiles:novgorod_1230_1233_v2;book:375645 ¶964;book:375645 ¶965;places-binding/presence/people_presence_authoring.csv#nov_occ_hunter_trapper,rule:editorial_daylight_phase_partition_v2,no_source:exact_clock_times_and_individual_presence,C,candidate,Сезонный распорядок-кандидат; конкретный человек и доступ требуют сцены.
sch_nov_occ_hunter_trapper_pf_hunting_ground_normal_winter,2,nov_role_hunter,nov_occ_hunter_trapper,normal,winter,12|1|2,0,"[{""state_id"":""sleep_before_dawn"",""duration_minutes"":508,""runtime_status"":""sleeping"",""activity_ref"":""routine_sleep_before_dawn_v1"",""summary"":""Ночной сон; место неизвестно."",""activity_status"":""active"",""uses_current_activity"":false,""can_continue_automatically"":true,""decision_required"":false,""presence_state"":""away"",""location_ref"":"""",""absence_reason_ru"":""ночлег требует индивидуальной привязки""},{""state_id"":""preparation"",""duration_minutes"":60,""runtime_status"":""available"",""activity_ref"":""routine_preparation_v1"",""summary"":""Утренние дела после восхода."",""activity_status"":""active"",""uses_current_activity"":false,""can_continue_automatically"":true,""decision_required"":false,""presence_state"":""on_site"",""location_ref"":""pf_hunting_ground"",""absence_reason_ru"":""""},{""state_id"":""morning_work"",""duration_minutes"":152,""runtime_status"":""available"",""activity_ref"":""routine_morning_work_v1"",""summary"":""утро позднее и короче; день: зимний путь, ремонт, скот, склад или внутренняя работа; вечер ранний; ночь опасна из-за холода и темноты"",""activity_status"":""active"",""uses_current_activity"":false,""can_continue_automatically"":true,""decision_required"":false,""presence_state"":""on_site"",""location_ref"":""pf_hunting_ground"",""absence_reason_ru"":""""},{""state_id"":""noon_meal"",""duration_minutes"":45,""runtime_status"":""available"",""activity_ref"":""routine_noon_meal_v1"",""summary"":""Полуденная трапеза (аналогия)."",""activity_status"":""active"",""uses_current_activity"":false,""can_continue_automatically"":true,""decision_required"":false,""presence_state"":""on_site"",""location_ref"":""pf_hunting_ground"",""absence_reason_ru"":""""},{""state_id"":""post_meal_rest"",""duration_minutes"":90,""runtime_status"":""sleeping"",""activity_ref"":""routine_post_meal_rest_v1"",""summary"":""Послеобеденный отдых (аналогия; длительность редакционная)."",""activity_status"":""active"",""uses_current_activity"":false,""can_continue_automatically"":true,""decision_required"":false,""presence_state"":""on_site"",""location_ref"":""pf_hunting_ground"",""absence_reason_ru"":""""},{""state_id"":""afternoon_work"",""duration_minutes"":44,""runtime_status"":""available"",""activity_ref"":""routine_afternoon_work_v1"",""summary"":""утро позднее и короче; день: зимний путь, ремонт, скот, склад или внутренняя работа; вечер ранний; ночь опасна из-за холода и темноты"",""activity_status"":""active"",""uses_current_activity"":false,""can_continue_automatically"":true,""decision_required"":false,""presence_state"":""on_site"",""location_ref"":""pf_hunting_ground"",""absence_reason_ru"":""""},{""state_id"":""evening_return"",""duration_minutes"":60,""runtime_status"":""available"",""activity_ref"":""routine_evening_return_v1"",""summary"":""Завершает дела."",""activity_status"":""active"",""uses_current_activity"":false,""can_continue_automatically"":true,""decision_required"":false,""presence_state"":""on_site"",""location_ref"":""pf_hunting_ground"",""absence_reason_ru"":""""},{""state_id"":""sleep_after_dusk"",""duration_minutes"":481,""runtime_status"":""sleeping"",""activity_ref"":""routine_sleep_after_dusk_v1"",""summary"":""Ночной сон; место неизвестно."",""activity_status"":""active"",""uses_current_activity"":false,""can_continue_automatically"":true,""decision_required"":false,""presence_state"":""away"",""location_ref"":"""",""absence_reason_ru"":""ночлег требует индивидуальной привязки""}]",,data/novgorod-region/novgorod_occupations_v1_enriched.tsv#nov_occ_hunter_trapper:daily_schedule_winter;places-binding/places/place_families.csv#pf_hunting_ground;data/world-catalogs/novgorod/temporal-v4/datasets/calendar_daylight_light_profiles.json#record:calendar_daylight_light_profiles:novgorod_1230_1233_v2;book:375645 ¶964;book:375645 ¶965;places-binding/presence/people_presence_authoring.csv#nov_occ_hunter_trapper,rule:editorial_daylight_phase_partition_v2,no_source:exact_clock_times_and_individual_presence,C,candidate,Сезонный распорядок-кандидат; конкретный человек и доступ требуют сцены.
sch_nov_occ_local_trader_pf_market_square_market_day_autumn,2,nov_role_local_merchant,nov_occ_local_trader,market_day,autumn,9|10|11,0,"[{""state_id"":""sleep_before_dawn"",""duration_minutes"":413,""runtime_status"":""sleeping"",""activity_ref"":""routine_sleep_before_dawn_v1"",""summary"":""Ночной сон; место неизвестно."",""activity_status"":""active"",""uses_current_activity"":false,""can_continue_automatically"":true,""decision_required"":false,""presence_state"":""away"",""location_ref"":"""",""absence_reason_ru"":""ночлег требует индивидуальной привязки""},{""state_id"":""preparation"",""duration_minutes"":60,""runtime_status"":""available"",""activity_ref"":""routine_preparation_v1"",""summary"":""Утренние дела после восхода."",""activity_status"":""active"",""uses_current_activity"":false,""can_continue_automatically"":true,""decision_required"":false,""presence_state"":""on_site"",""location_ref"":""pf_market_square"",""absence_reason_ru"":""""},{""state_id"":""morning_work"",""duration_minutes"":247,""runtime_status"":""available"",""activity_ref"":""routine_morning_work_v1"",""summary"":""ведёт торг и расчёты"",""activity_status"":""active"",""uses_current_activity"":false,""can_continue_automatically"":true,""decision_required"":false,""presence_state"":""on_site"",""location_ref"":""pf_market_square"",""absence_reason_ru"":""""},{""state_id"":""noon_meal"",""duration_minutes"":45,""runtime_status"":""available"",""activity_ref"":""routine_noon_meal_v1"",""summary"":""Полуденная трапеза (аналогия)."",""activity_status"":""active"",""uses_current_activity"":false,""can_continue_automatically"":true,""decision_required"":false,""presence_state"":""on_site"",""location_ref"":""pf_market_square"",""absence_reason_ru"":""""},{""state_id"":""post_meal_rest"",""duration_minutes"":90,""runtime_status"":""sleeping"",""activity_ref"":""routine_post_meal_rest_v1"",""summary"":""Послеобеденный отдых (аналогия; длительность редакционная)."",""activity_status"":""active"",""uses_current_activity"":false,""can_continue_automatically"":true,""decision_required"":false,""presence_state"":""on_site"",""location_ref"":""pf_market_square"",""absence_reason_ru"":""""},{""state_id"":""afternoon_work"",""duration_minutes"":81,""runtime_status"":""available"",""activity_ref"":""routine_afternoon_work_v1"",""summary"":""ведёт торг и расчёты"",""activity_status"":""active"",""uses_current_activity"":false,""can_continue_automatically"":true,""decision_required"":false,""presence_state"":""on_site"",""location_ref"":""pf_market_square"",""absence_reason_ru"":""""},{""state_id"":""evening_return"",""duration_minutes"":60,""runtime_status"":""available"",""activity_ref"":""routine_evening_return_v1"",""summary"":""Завершает дела."",""activity_status"":""active"",""uses_current_activity"":false,""can_continue_automatically"":true,""decision_required"":false,""presence_state"":""on_site"",""location_ref"":""pf_market_square"",""absence_reason_ru"":""""},{""state_id"":""sleep_after_dusk"",""duration_minutes"":444,""runtime_status"":""sleeping"",""activity_ref"":""routine_sleep_after_dusk_v1"",""summary"":""Ночной сон; место неизвестно."",""activity_status"":""active"",""uses_current_activity"":false,""can_continue_automatically"":true,""decision_required"":false,""presence_state"":""away"",""location_ref"":"""",""absence_reason_ru"":""ночлег требует индивидуальной привязки""}]",,data/novgorod-region/novgorod_occupations_v1_enriched.tsv#nov_occ_local_trader:where_work_happens;places-binding/places/place_families.csv#pf_market_square;data/world-catalogs/novgorod/temporal-v4/datasets/calendar_daylight_light_profiles.json#record:calendar_daylight_light_profiles:novgorod_1230_1233_v2;book:375645 ¶964;book:375645 ¶965,rule:editorial_daylight_phase_partition_v2,no_source:exact_clock_times_and_individual_presence,C,candidate,Сезонный распорядок-кандидат; конкретный человек и доступ требуют сцены.
sch_nov_occ_local_trader_pf_market_square_normal_autumn,2,nov_role_local_merchant,nov_occ_local_trader,normal,autumn,9|10|11,0,"[{""state_id"":""sleep_before_dawn"",""duration_minutes"":413,""runtime_status"":""sleeping"",""activity_ref"":""routine_sleep_before_dawn_v1"",""summary"":""Ночной сон; место неизвестно."",""activity_status"":""active"",""uses_current_activity"":false,""can_continue_automatically"":true,""decision_required"":false,""presence_state"":""away"",""location_ref"":"""",""absence_reason_ru"":""ночлег требует индивидуальной привязки""},{""state_id"":""preparation"",""duration_minutes"":60,""runtime_status"":""available"",""activity_ref"":""routine_preparation_v1"",""summary"":""Утренние дела после восхода."",""activity_status"":""active"",""uses_current_activity"":false,""can_continue_automatically"":true,""decision_required"":false,""presence_state"":""on_site"",""location_ref"":""pf_market_square"",""absence_reason_ru"":""""},{""state_id"":""morning_work"",""duration_minutes"":247,""runtime_status"":""available"",""activity_ref"":""routine_morning_work_v1"",""summary"":""утро: работа у места занятия; день: основной труд и переговоры; вечер: сдача инструмента, корм, семья или двор; ночь: обычно недоступен, кроме сторожи и дороги"",""activity_status"":""active"",""uses_current_activity"":false,""can_continue_automatically"":true,""decision_required"":false,""presence_state"":""on_site"",""location_ref"":""pf_market_square"",""absence_reason_ru"":""""},{""state_id"":""noon_meal"",""duration_minutes"":45,""runtime_status"":""available"",""activity_ref"":""routine_noon_meal_v1"",""summary"":""Полуденная трапеза (аналогия)."",""activity_status"":""active"",""uses_current_activity"":false,""can_continue_automatically"":true,""decision_required"":false,""presence_state"":""on_site"",""location_ref"":""pf_market_square"",""absence_reason_ru"":""""},{""state_id"":""post_meal_rest"",""duration_minutes"":90,""runtime_status"":""sleeping"",""activity_ref"":""routine_post_meal_rest_v1"",""summary"":""Послеобеденный отдых (аналогия; длительность редакционная)."",""activity_status"":""active"",""uses_current_activity"":false,""can_continue_automatically"":true,""decision_required"":false,""presence_state"":""on_site"",""location_ref"":""pf_market_square"",""absence_reason_ru"":""""},{""state_id"":""afternoon_work"",""duration_minutes"":81,""runtime_status"":""available"",""activity_ref"":""routine_afternoon_work_v1"",""summary"":""утро: работа у места занятия; день: основной труд и переговоры; вечер: сдача инструмента, корм, семья или двор; ночь: обычно недоступен, кроме сторожи и дороги"",""activity_status"":""active"",""uses_current_activity"":false,""can_continue_automatically"":true,""decision_required"":false,""presence_state"":""on_site"",""location_ref"":""pf_market_square"",""absence_reason_ru"":""""},{""state_id"":""evening_return"",""duration_minutes"":60,""runtime_status"":""available"",""activity_ref"":""routine_evening_return_v1"",""summary"":""Завершает дела."",""activity_status"":""active"",""uses_current_activity"":false,""can_continue_automatically"":true,""decision_required"":false,""presence_state"":""on_site"",""location_ref"":""pf_market_square"",""absence_reason_ru"":""""},{""state_id"":""sleep_after_dusk"",""duration_minutes"":444,""runtime_status"":""sleeping"",""activity_ref"":""routine_sleep_after_dusk_v1"",""summary"":""Ночной сон; место неизвестно."",""activity_status"":""active"",""uses_current_activity"":false,""can_continue_automatically"":true,""decision_required"":false,""presence_state"":""away"",""location_ref"":"""",""absence_reason_ru"":""ночлег требует индивидуальной привязки""}]",,data/novgorod-region/novgorod_occupations_v1_enriched.tsv#nov_occ_local_trader:daily_schedule_normal;places-binding/places/place_families.csv#pf_market_square;data/world-catalogs/novgorod/temporal-v4/datasets/calendar_daylight_light_profiles.json#record:calendar_daylight_light_profiles:novgorod_1230_1233_v2;book:375645 ¶964;book:375645 ¶965,rule:editorial_daylight_phase_partition_v2,no_source:exact_clock_times_and_individual_presence,C,candidate,Сезонный распорядок-кандидат; конкретный человек и доступ требуют сцены.
sch_nov_occ_local_trader_pf_market_square_market_day_spring,2,nov_role_local_merchant,nov_occ_local_trader,market_day,spring,3|4|5,0,"[{""state_id"":""sleep_before_dawn"",""duration_minutes"":268,""runtime_status"":""sleeping"",""activity_ref"":""routine_sleep_before_dawn_v1"",""summary"":""Ночной сон; место неизвестно."",""activity_status"":""active"",""uses_current_activity"":false,""can_continue_automatically"":true,""decision_required"":false,""presence_state"":""away"",""location_ref"":"""",""absence_reason_ru"":""ночлег требует индивидуальной привязки""},{""state_id"":""preparation"",""duration_minutes"":60,""runtime_status"":""available"",""activity_ref"":""routine_preparation_v1"",""summary"":""Утренние дела после восхода."",""activity_status"":""active"",""uses_current_activity"":false,""can_continue_automatically"":true,""decision_required"":false,""presence_state"":""on_site"",""location_ref"":""pf_market_square"",""absence_reason_ru"":""""},{""state_id"":""morning_work"",""duration_minutes"":392,""runtime_status"":""available"",""activity_ref"":""routine_morning_work_v1"",""summary"":""ведёт торг и расчёты"",""activity_status"":""active"",""uses_current_activity"":false,""can_continue_automatically"":true,""decision_required"":false,""presence_state"":""on_site"",""location_ref"":""pf_market_square"",""absence_reason_ru"":""""},{""state_id"":""noon_meal"",""duration_minutes"":45,""runtime_status"":""available"",""activity_ref"":""routine_noon_meal_v1"",""summary"":""Полуденная трапеза (аналогия)."",""activity_status"":""active"",""uses_current_activity"":false,""can_continue_automatically"":true,""decision_required"":false,""presence_state"":""on_site"",""location_ref"":""pf_market_square"",""absence_reason_ru"":""""},{""state_id"":""post_meal_rest"",""duration_minutes"":90,""runtime_status"":""sleeping"",""activity_ref"":""routine_post_meal_rest_v1"",""summary"":""Послеобеденный отдых (аналогия; длительность редакционная)."",""activity_status"":""active"",""uses_current_activity"":false,""can_continue_automatically"":true,""decision_required"":false,""presence_state"":""on_site"",""location_ref"":""pf_market_square"",""absence_reason_ru"":""""},{""state_id"":""afternoon_work"",""duration_minutes"":253,""runtime_status"":""available"",""activity_ref"":""routine_afternoon_work_v1"",""summary"":""ведёт торг и расчёты"",""activity_status"":""active"",""uses_current_activity"":false,""can_continue_automatically"":true,""decision_required"":false,""presence_state"":""on_site"",""location_ref"":""pf_market_square"",""absence_reason_ru"":""""},{""state_id"":""evening_return"",""duration_minutes"":60,""runtime_status"":""available"",""activity_ref"":""routine_evening_return_v1"",""summary"":""Завершает дела."",""activity_status"":""active"",""uses_current_activity"":false,""can_continue_automatically"":true,""decision_required"":false,""presence_state"":""on_site"",""location_ref"":""pf_market_square"",""absence_reason_ru"":""""},{""state_id"":""sleep_after_dusk"",""duration_minutes"":272,""runtime_status"":""sleeping"",""activity_ref"":""routine_sleep_after_dusk_v1"",""summary"":""Ночной сон; место неизвестно."",""activity_status"":""active"",""uses_current_activity"":false,""can_continue_automatically"":true,""decision_required"":false,""presence_state"":""away"",""location_ref"":"""",""absence_reason_ru"":""ночлег требует индивидуальной привязки""}]",,data/novgorod-region/novgorod_occupations_v1_enriched.tsv#nov_occ_local_trader:where_work_happens;places-binding/places/place_families.csv#pf_market_square;data/world-catalogs/novgorod/temporal-v4/datasets/calendar_daylight_light_profiles.json#record:calendar_daylight_light_profiles:novgorod_1230_1233_v2;book:375645 ¶964;book:375645 ¶965,rule:editorial_daylight_phase_partition_v2,no_source:exact_clock_times_and_individual_presence,C,candidate,Сезонный распорядок-кандидат; конкретный человек и доступ требуют сцены.
sch_nov_occ_local_trader_pf_market_square_normal_spring,2,nov_role_local_merchant,nov_occ_local_trader,normal,spring,3|4|5,0,"[{""state_id"":""sleep_before_dawn"",""duration_minutes"":268,""runtime_status"":""sleeping"",""activity_ref"":""routine_sleep_before_dawn_v1"",""summary"":""Ночной сон; место неизвестно."",""activity_status"":""active"",""uses_current_activity"":false,""can_continue_automatically"":true,""decision_required"":false,""presence_state"":""away"",""location_ref"":"""",""absence_reason_ru"":""ночлег требует индивидуальной привязки""},{""state_id"":""preparation"",""duration_minutes"":60,""runtime_status"":""available"",""activity_ref"":""routine_preparation_v1"",""summary"":""Утренние дела после восхода."",""activity_status"":""active"",""uses_current_activity"":false,""can_continue_automatically"":true,""decision_required"":false,""presence_state"":""on_site"",""location_ref"":""pf_market_square"",""absence_reason_ru"":""""},{""state_id"":""morning_work"",""duration_minutes"":392,""runtime_status"":""available"",""activity_ref"":""routine_morning_work_v1"",""summary"":""утро: работа у места занятия; день: основной труд и переговоры; вечер: сдача инструмента, корм, семья или двор; ночь: обычно недоступен, кроме сторожи и дороги"",""activity_status"":""active"",""uses_current_activity"":false,""can_continue_automatically"":true,""decision_required"":false,""presence_state"":""on_site"",""location_ref"":""pf_market_square"",""absence_reason_ru"":""""},{""state_id"":""noon_meal"",""duration_minutes"":45,""runtime_status"":""available"",""activity_ref"":""routine_noon_meal_v1"",""summary"":""Полуденная трапеза (аналогия)."",""activity_status"":""active"",""uses_current_activity"":false,""can_continue_automatically"":true,""decision_required"":false,""presence_state"":""on_site"",""location_ref"":""pf_market_square"",""absence_reason_ru"":""""},{""state_id"":""post_meal_rest"",""duration_minutes"":90,""runtime_status"":""sleeping"",""activity_ref"":""routine_post_meal_rest_v1"",""summary"":""Послеобеденный отдых (аналогия; длительность редакционная)."",""activity_status"":""active"",""uses_current_activity"":false,""can_continue_automatically"":true,""decision_required"":false,""presence_state"":""on_site"",""location_ref"":""pf_market_square"",""absence_reason_ru"":""""},{""state_id"":""afternoon_work"",""duration_minutes"":253,""runtime_status"":""available"",""activity_ref"":""routine_afternoon_work_v1"",""summary"":""утро: работа у места занятия; день: основной труд и переговоры; вечер: сдача инструмента, корм, семья или двор; ночь: обычно недоступен, кроме сторожи и дороги"",""activity_status"":""active"",""uses_current_activity"":false,""can_continue_automatically"":true,""decision_required"":false,""presence_state"":""on_site"",""location_ref"":""pf_market_square"",""absence_reason_ru"":""""},{""state_id"":""evening_return"",""duration_minutes"":60,""runtime_status"":""available"",""activity_ref"":""routine_evening_return_v1"",""summary"":""Завершает дела."",""activity_status"":""active"",""uses_current_activity"":false,""can_continue_automatically"":true,""decision_required"":false,""presence_state"":""on_site"",""location_ref"":""pf_market_square"",""absence_reason_ru"":""""},{""state_id"":""sleep_after_dusk"",""duration_minutes"":272,""runtime_status"":""sleeping"",""activity_ref"":""routine_sleep_after_dusk_v1"",""summary"":""Ночной сон; место неизвестно."",""activity_status"":""active"",""uses_current_activity"":false,""can_continue_automatically"":true,""decision_required"":false,""presence_state"":""away"",""location_ref"":"""",""absence_reason_ru"":""ночлег требует индивидуальной привязки""}]",,data/novgorod-region/novgorod_occupations_v1_enriched.tsv#nov_occ_local_trader:daily_schedule_normal;places-binding/places/place_families.csv#pf_market_square;data/world-catalogs/novgorod/temporal-v4/datasets/calendar_daylight_light_profiles.json#record:calendar_daylight_light_profiles:novgorod_1230_1233_v2;book:375645 ¶964;book:375645 ¶965,rule:editorial_daylight_phase_partition_v2,no_source:exact_clock_times_and_individual_presence,C,candidate,Сезонный распорядок-кандидат; конкретный человек и доступ требуют сцены.
sch_nov_occ_local_trader_pf_market_square_market_day_summer,2,nov_role_local_merchant,nov_occ_local_trader,market_day,summer,6|7|8,0,"[{""state_id"":""sleep_before_dawn"",""duration_minutes"":206,""runtime_status"":""sleeping"",""activity_ref"":""routine_sleep_before_dawn_v1"",""summary"":""Ночной сон; место неизвестно."",""activity_status"":""active"",""uses_current_activity"":false,""can_continue_automatically"":true,""decision_required"":false,""presence_state"":""away"",""location_ref"":"""",""absence_reason_ru"":""ночлег требует индивидуальной привязки""},{""state_id"":""preparation"",""duration_minutes"":60,""runtime_status"":""available"",""activity_ref"":""routine_preparation_v1"",""summary"":""Утренние дела после восхода."",""activity_status"":""active"",""uses_current_activity"":false,""can_continue_automatically"":true,""decision_required"":false,""presence_state"":""on_site"",""location_ref"":""pf_market_square"",""absence_reason_ru"":""""},{""state_id"":""morning_work"",""duration_minutes"":454,""runtime_status"":""available"",""activity_ref"":""routine_morning_work_v1"",""summary"":""ведёт торг и расчёты"",""activity_status"":""active"",""uses_current_activity"":false,""can_continue_automatically"":true,""decision_required"":false,""presence_state"":""on_site"",""location_ref"":""pf_market_square"",""absence_reason_ru"":""""},{""state_id"":""noon_meal"",""duration_minutes"":45,""runtime_status"":""available"",""activity_ref"":""routine_noon_meal_v1"",""summary"":""Полуденная трапеза (аналогия)."",""activity_status"":""active"",""uses_current_activity"":false,""can_continue_automatically"":true,""decision_required"":false,""presence_state"":""on_site"",""location_ref"":""pf_market_square"",""absence_reason_ru"":""""},{""state_id"":""post_meal_rest"",""duration_minutes"":90,""runtime_status"":""sleeping"",""activity_ref"":""routine_post_meal_rest_v1"",""summary"":""Послеобеденный отдых (аналогия; длительность редакционная)."",""activity_status"":""active"",""uses_current_activity"":false,""can_continue_automatically"":true,""decision_required"":false,""presence_state"":""on_site"",""location_ref"":""pf_market_square"",""absence_reason_ru"":""""},{""state_id"":""afternoon_work"",""duration_minutes"":328,""runtime_status"":""available"",""activity_ref"":""routine_afternoon_work_v1"",""summary"":""ведёт торг и расчёты"",""activity_status"":""active"",""uses_current_activity"":false,""can_continue_automatically"":true,""decision_required"":false,""presence_state"":""on_site"",""location_ref"":""pf_market_square"",""absence_reason_ru"":""""},{""state_id"":""evening_return"",""duration_minutes"":60,""runtime_status"":""available"",""activity_ref"":""routine_evening_return_v1"",""summary"":""Завершает дела."",""activity_status"":""active"",""uses_current_activity"":false,""can_continue_automatically"":true,""decision_required"":false,""presence_state"":""on_site"",""location_ref"":""pf_market_square"",""absence_reason_ru"":""""},{""state_id"":""sleep_after_dusk"",""duration_minutes"":197,""runtime_status"":""sleeping"",""activity_ref"":""routine_sleep_after_dusk_v1"",""summary"":""Ночной сон; место неизвестно."",""activity_status"":""active"",""uses_current_activity"":false,""can_continue_automatically"":true,""decision_required"":false,""presence_state"":""away"",""location_ref"":"""",""absence_reason_ru"":""ночлег требует индивидуальной привязки""}]",,data/novgorod-region/novgorod_occupations_v1_enriched.tsv#nov_occ_local_trader:where_work_happens;places-binding/places/place_families.csv#pf_market_square;data/world-catalogs/novgorod/temporal-v4/datasets/calendar_daylight_light_profiles.json#record:calendar_daylight_light_profiles:novgorod_1230_1233_v2;book:375645 ¶964;book:375645 ¶965,rule:editorial_daylight_phase_partition_v2,no_source:exact_clock_times_and_individual_presence,C,candidate,Сезонный распорядок-кандидат; конкретный человек и доступ требуют сцены.
sch_nov_occ_local_trader_pf_market_square_normal_summer,2,nov_role_local_merchant,nov_occ_local_trader,normal,summer,6|7|8,0,"[{""state_id"":""sleep_before_dawn"",""duration_minutes"":206,""runtime_status"":""sleeping"",""activity_ref"":""routine_sleep_before_dawn_v1"",""summary"":""Ночной сон; место неизвестно."",""activity_status"":""active"",""uses_current_activity"":false,""can_continue_automatically"":true,""decision_required"":false,""presence_state"":""away"",""location_ref"":"""",""absence_reason_ru"":""ночлег требует индивидуальной привязки""},{""state_id"":""preparation"",""duration_minutes"":60,""runtime_status"":""available"",""activity_ref"":""routine_preparation_v1"",""summary"":""Утренние дела после восхода."",""activity_status"":""active"",""uses_current_activity"":false,""can_continue_automatically"":true,""decision_required"":false,""presence_state"":""on_site"",""location_ref"":""pf_market_square"",""absence_reason_ru"":""""},{""state_id"":""morning_work"",""duration_minutes"":454,""runtime_status"":""available"",""activity_ref"":""routine_morning_work_v1"",""summary"":""утро: работа у места занятия; день: основной труд и переговоры; вечер: сдача инструмента, корм, семья или двор; ночь: обычно недоступен, кроме сторожи и дороги"",""activity_status"":""active"",""uses_current_activity"":false,""can_continue_automatically"":true,""decision_required"":false,""presence_state"":""on_site"",""location_ref"":""pf_market_square"",""absence_reason_ru"":""""},{""state_id"":""noon_meal"",""duration_minutes"":45,""runtime_status"":""available"",""activity_ref"":""routine_noon_meal_v1"",""summary"":""Полуденная трапеза (аналогия)."",""activity_status"":""active"",""uses_current_activity"":false,""can_continue_automatically"":true,""decision_required"":false,""presence_state"":""on_site"",""location_ref"":""pf_market_square"",""absence_reason_ru"":""""},{""state_id"":""post_meal_rest"",""duration_minutes"":90,""runtime_status"":""sleeping"",""activity_ref"":""routine_post_meal_rest_v1"",""summary"":""Послеобеденный отдых (аналогия; длительность редакционная)."",""activity_status"":""active"",""uses_current_activity"":false,""can_continue_automatically"":true,""decision_required"":false,""presence_state"":""on_site"",""location_ref"":""pf_market_square"",""absence_reason_ru"":""""},{""state_id"":""afternoon_work"",""duration_minutes"":328,""runtime_status"":""available"",""activity_ref"":""routine_afternoon_work_v1"",""summary"":""утро: работа у места занятия; день: основной труд и переговоры; вечер: сдача инструмента, корм, семья или двор; ночь: обычно недоступен, кроме сторожи и дороги"",""activity_status"":""active"",""uses_current_activity"":false,""can_continue_automatically"":true,""decision_required"":false,""presence_state"":""on_site"",""location_ref"":""pf_market_square"",""absence_reason_ru"":""""},{""state_id"":""evening_return"",""duration_minutes"":60,""runtime_status"":""available"",""activity_ref"":""routine_evening_return_v1"",""summary"":""Завершает дела."",""activity_status"":""active"",""uses_current_activity"":false,""can_continue_automatically"":true,""decision_required"":false,""presence_state"":""on_site"",""location_ref"":""pf_market_square"",""absence_reason_ru"":""""},{""state_id"":""sleep_after_dusk"",""duration_minutes"":197,""runtime_status"":""sleeping"",""activity_ref"":""routine_sleep_after_dusk_v1"",""summary"":""Ночной сон; место неизвестно."",""activity_status"":""active"",""uses_current_activity"":false,""can_continue_automatically"":true,""decision_required"":false,""presence_state"":""away"",""location_ref"":"""",""absence_reason_ru"":""ночлег требует индивидуальной привязки""}]",,data/novgorod-region/novgorod_occupations_v1_enriched.tsv#nov_occ_local_trader:daily_schedule_normal;places-binding/places/place_families.csv#pf_market_square;data/world-catalogs/novgorod/temporal-v4/datasets/calendar_daylight_light_profiles.json#record:calendar_daylight_light_profiles:novgorod_1230_1233_v2;book:375645 ¶964;book:375645 ¶965,rule:editorial_daylight_phase_partition_v2,no_source:exact_clock_times_and_individual_presence,C,candidate,Сезонный распорядок-кандидат; конкретный человек и доступ требуют сцены.
sch_nov_occ_local_trader_pf_market_square_market_day_winter,2,nov_role_local_merchant,nov_occ_local_trader,market_day,winter,12|1|2,0,"[{""state_id"":""sleep_before_dawn"",""duration_minutes"":508,""runtime_status"":""sleeping"",""activity_ref"":""routine_sleep_before_dawn_v1"",""summary"":""Ночной сон; место неизвестно."",""activity_status"":""active"",""uses_current_activity"":false,""can_continue_automatically"":true,""decision_required"":false,""presence_state"":""away"",""location_ref"":"""",""absence_reason_ru"":""ночлег требует индивидуальной привязки""},{""state_id"":""preparation"",""duration_minutes"":60,""runtime_status"":""available"",""activity_ref"":""routine_preparation_v1"",""summary"":""Утренние дела после восхода."",""activity_status"":""active"",""uses_current_activity"":false,""can_continue_automatically"":true,""decision_required"":false,""presence_state"":""on_site"",""location_ref"":""pf_market_square"",""absence_reason_ru"":""""},{""state_id"":""morning_work"",""duration_minutes"":152,""runtime_status"":""available"",""activity_ref"":""routine_morning_work_v1"",""summary"":""ведёт торг и расчёты"",""activity_status"":""active"",""uses_current_activity"":false,""can_continue_automatically"":true,""decision_required"":false,""presence_state"":""on_site"",""location_ref"":""pf_market_square"",""absence_reason_ru"":""""},{""state_id"":""noon_meal"",""duration_minutes"":45,""runtime_status"":""available"",""activity_ref"":""routine_noon_meal_v1"",""summary"":""Полуденная трапеза (аналогия)."",""activity_status"":""active"",""uses_current_activity"":false,""can_continue_automatically"":true,""decision_required"":false,""presence_state"":""on_site"",""location_ref"":""pf_market_square"",""absence_reason_ru"":""""},{""state_id"":""post_meal_rest"",""duration_minutes"":90,""runtime_status"":""sleeping"",""activity_ref"":""routine_post_meal_rest_v1"",""summary"":""Послеобеденный отдых (аналогия; длительность редакционная)."",""activity_status"":""active"",""uses_current_activity"":false,""can_continue_automatically"":true,""decision_required"":false,""presence_state"":""on_site"",""location_ref"":""pf_market_square"",""absence_reason_ru"":""""},{""state_id"":""afternoon_work"",""duration_minutes"":44,""runtime_status"":""available"",""activity_ref"":""routine_afternoon_work_v1"",""summary"":""ведёт торг и расчёты"",""activity_status"":""active"",""uses_current_activity"":false,""can_continue_automatically"":true,""decision_required"":false,""presence_state"":""on_site"",""location_ref"":""pf_market_square"",""absence_reason_ru"":""""},{""state_id"":""evening_return"",""duration_minutes"":60,""runtime_status"":""available"",""activity_ref"":""routine_evening_return_v1"",""summary"":""Завершает дела."",""activity_status"":""active"",""uses_current_activity"":false,""can_continue_automatically"":true,""decision_required"":false,""presence_state"":""on_site"",""location_ref"":""pf_market_square"",""absence_reason_ru"":""""},{""state_id"":""sleep_after_dusk"",""duration_minutes"":481,""runtime_status"":""sleeping"",""activity_ref"":""routine_sleep_after_dusk_v1"",""summary"":""Ночной сон; место неизвестно."",""activity_status"":""active"",""uses_current_activity"":false,""can_continue_automatically"":true,""decision_required"":false,""presence_state"":""away"",""location_ref"":"""",""absence_reason_ru"":""ночлег требует индивидуальной привязки""}]",,data/novgorod-region/novgorod_occupations_v1_enriched.tsv#nov_occ_local_trader:where_work_happens;places-binding/places/place_families.csv#pf_market_square;data/world-catalogs/novgorod/temporal-v4/datasets/calendar_daylight_light_profiles.json#record:calendar_daylight_light_profiles:novgorod_1230_1233_v2;book:375645 ¶964;book:375645 ¶965,rule:editorial_daylight_phase_partition_v2,no_source:exact_clock_times_and_individual_presence,C,candidate,Сезонный распорядок-кандидат; конкретный человек и доступ требуют сцены.
sch_nov_occ_local_trader_pf_market_square_normal_winter,2,nov_role_local_merchant,nov_occ_local_trader,normal,winter,12|1|2,0,"[{""state_id"":""sleep_before_dawn"",""duration_minutes"":508,""runtime_status"":""sleeping"",""activity_ref"":""routine_sleep_before_dawn_v1"",""summary"":""Ночной сон; место неизвестно."",""activity_status"":""active"",""uses_current_activity"":false,""can_continue_automatically"":true,""decision_required"":false,""presence_state"":""away"",""location_ref"":"""",""absence_reason_ru"":""ночлег требует индивидуальной привязки""},{""state_id"":""preparation"",""duration_minutes"":60,""runtime_status"":""available"",""activity_ref"":""routine_preparation_v1"",""summary"":""Утренние дела после восхода."",""activity_status"":""active"",""uses_current_activity"":false,""can_continue_automatically"":true,""decision_required"":false,""presence_state"":""on_site"",""location_ref"":""pf_market_square"",""absence_reason_ru"":""""},{""state_id"":""morning_work"",""duration_minutes"":152,""runtime_status"":""available"",""activity_ref"":""routine_morning_work_v1"",""summary"":""утро: работа у места занятия; день: основной труд и переговоры; вечер: сдача инструмента, корм, семья или двор; ночь: обычно недоступен, кроме сторожи и дороги"",""activity_status"":""active"",""uses_current_activity"":false,""can_continue_automatically"":true,""decision_required"":false,""presence_state"":""on_site"",""location_ref"":""pf_market_square"",""absence_reason_ru"":""""},{""state_id"":""noon_meal"",""duration_minutes"":45,""runtime_status"":""available"",""activity_ref"":""routine_noon_meal_v1"",""summary"":""Полуденная трапеза (аналогия)."",""activity_status"":""active"",""uses_current_activity"":false,""can_continue_automatically"":true,""decision_required"":false,""presence_state"":""on_site"",""location_ref"":""pf_market_square"",""absence_reason_ru"":""""},{""state_id"":""post_meal_rest"",""duration_minutes"":90,""runtime_status"":""sleeping"",""activity_ref"":""routine_post_meal_rest_v1"",""summary"":""Послеобеденный отдых (аналогия; длительность редакционная)."",""activity_status"":""active"",""uses_current_activity"":false,""can_continue_automatically"":true,""decision_required"":false,""presence_state"":""on_site"",""location_ref"":""pf_market_square"",""absence_reason_ru"":""""},{""state_id"":""afternoon_work"",""duration_minutes"":44,""runtime_status"":""available"",""activity_ref"":""routine_afternoon_work_v1"",""summary"":""утро: работа у места занятия; день: основной труд и переговоры; вечер: сдача инструмента, корм, семья или двор; ночь: обычно недоступен, кроме сторожи и дороги"",""activity_status"":""active"",""uses_current_activity"":false,""can_continue_automatically"":true,""decision_required"":false,""presence_state"":""on_site"",""location_ref"":""pf_market_square"",""absence_reason_ru"":""""},{""state_id"":""evening_return"",""duration_minutes"":60,""runtime_status"":""available"",""activity_ref"":""routine_evening_return_v1"",""summary"":""Завершает дела."",""activity_status"":""active"",""uses_current_activity"":false,""can_continue_automatically"":true,""decision_required"":false,""presence_state"":""on_site"",""location_ref"":""pf_market_square"",""absence_reason_ru"":""""},{""state_id"":""sleep_after_dusk"",""duration_minutes"":481,""runtime_status"":""sleeping"",""activity_ref"":""routine_sleep_after_dusk_v1"",""summary"":""Ночной сон; место неизвестно."",""activity_status"":""active"",""uses_current_activity"":false,""can_continue_automatically"":true,""decision_required"":false,""presence_state"":""away"",""location_ref"":"""",""absence_reason_ru"":""ночлег требует индивидуальной привязки""}]",,data/novgorod-region/novgorod_occupations_v1_enriched.tsv#nov_occ_local_trader:daily_schedule_normal;places-binding/places/place_families.csv#pf_market_square;data/world-catalogs/novgorod/temporal-v4/datasets/calendar_daylight_light_profiles.json#record:calendar_daylight_light_profiles:novgorod_1230_1233_v2;book:375645 ¶964;book:375645 ¶965,rule:editorial_daylight_phase_partition_v2,no_source:exact_clock_times_and_individual_presence,C,candidate,Сезонный распорядок-кандидат; конкретный человек и доступ требуют сцены.
sch_nov_occ_market_guard_pf_market_square_market_day_autumn,2,nov_role_guard,nov_occ_market_guard,market_day,autumn,9|10|11,0,"[{""state_id"":""sleep_before_dawn"",""duration_minutes"":413,""runtime_status"":""sleeping"",""activity_ref"":""routine_sleep_before_dawn_v1"",""summary"":""Ночной сон; место неизвестно."",""activity_status"":""active"",""uses_current_activity"":false,""can_continue_automatically"":true,""decision_required"":false,""presence_state"":""away"",""location_ref"":"""",""absence_reason_ru"":""ночлег требует индивидуальной привязки""},{""state_id"":""preparation"",""duration_minutes"":60,""runtime_status"":""available"",""activity_ref"":""routine_preparation_v1"",""summary"":""Утренние дела после восхода."",""activity_status"":""active"",""uses_current_activity"":false,""can_continue_automatically"":true,""decision_required"":false,""presence_state"":""on_site"",""location_ref"":""pf_market_square"",""absence_reason_ru"":""""},{""state_id"":""morning_work"",""duration_minutes"":247,""runtime_status"":""available"",""activity_ref"":""routine_morning_work_v1"",""summary"":""наблюдает за порядком на торгу"",""activity_status"":""active"",""uses_current_activity"":false,""can_continue_automatically"":true,""decision_required"":false,""presence_state"":""on_site"",""location_ref"":""pf_market_square"",""absence_reason_ru"":""""},{""state_id"":""noon_meal"",""duration_minutes"":45,""runtime_status"":""available"",""activity_ref"":""routine_noon_meal_v1"",""summary"":""Полуденная трапеза (аналогия)."",""activity_status"":""active"",""uses_current_activity"":false,""can_continue_automatically"":true,""decision_required"":false,""presence_state"":""on_site"",""location_ref"":""pf_market_square"",""absence_reason_ru"":""""},{""state_id"":""post_meal_rest"",""duration_minutes"":90,""runtime_status"":""sleeping"",""activity_ref"":""routine_post_meal_rest_v1"",""summary"":""Послеобеденный отдых (аналогия; длительность редакционная)."",""activity_status"":""active"",""uses_current_activity"":false,""can_continue_automatically"":true,""decision_required"":false,""presence_state"":""on_site"",""location_ref"":""pf_market_square"",""absence_reason_ru"":""""},{""state_id"":""afternoon_work"",""duration_minutes"":81,""runtime_status"":""available"",""activity_ref"":""routine_afternoon_work_v1"",""summary"":""наблюдает за порядком на торгу"",""activity_status"":""active"",""uses_current_activity"":false,""can_continue_automatically"":true,""decision_required"":false,""presence_state"":""on_site"",""location_ref"":""pf_market_square"",""absence_reason_ru"":""""},{""state_id"":""evening_return"",""duration_minutes"":60,""runtime_status"":""available"",""activity_ref"":""routine_evening_return_v1"",""summary"":""Завершает дела."",""activity_status"":""active"",""uses_current_activity"":false,""can_continue_automatically"":true,""decision_required"":false,""presence_state"":""on_site"",""location_ref"":""pf_market_square"",""absence_reason_ru"":""""},{""state_id"":""sleep_after_dusk"",""duration_minutes"":444,""runtime_status"":""sleeping"",""activity_ref"":""routine_sleep_after_dusk_v1"",""summary"":""Ночной сон; место неизвестно."",""activity_status"":""active"",""uses_current_activity"":false,""can_continue_automatically"":true,""decision_required"":false,""presence_state"":""away"",""location_ref"":"""",""absence_reason_ru"":""ночлег требует индивидуальной привязки""}]",,data/novgorod-region/novgorod_occupations_v1_enriched.tsv#nov_occ_market_guard:where_work_happens;places-binding/places/place_families.csv#pf_market_square;data/world-catalogs/novgorod/temporal-v4/datasets/calendar_daylight_light_profiles.json#record:calendar_daylight_light_profiles:novgorod_1230_1233_v2;book:375645 ¶964;book:375645 ¶965,rule:editorial_daylight_phase_partition_v2,no_source:exact_clock_times_and_individual_presence,C,candidate,Сезонный распорядок-кандидат; конкретный человек и доступ требуют сцены.
sch_nov_occ_market_guard_pf_market_square_night_watch_autumn,2,nov_role_guard,nov_occ_market_guard,night_watch,autumn,9|10|11,0,"[{""state_id"":""night_work"",""duration_minutes"":413,""runtime_status"":""available"",""activity_ref"":""routine_night_work_v1"",""summary"":""Ночная стража при назначенной смене."",""activity_status"":""active"",""uses_current_activity"":false,""can_continue_automatically"":true,""decision_required"":false,""presence_state"":""on_site"",""location_ref"":""pf_market_square"",""absence_reason_ru"":""""},{""state_id"":""morning_rest"",""duration_minutes"":307,""runtime_status"":""sleeping"",""activity_ref"":""routine_morning_rest_v1"",""summary"":""Отдых после ночной работы."",""activity_status"":""active"",""uses_current_activity"":false,""can_continue_automatically"":true,""decision_required"":false,""presence_state"":""on_site"",""location_ref"":""pf_market_square"",""absence_reason_ru"":""""},{""state_id"":""noon_meal"",""duration_minutes"":45,""runtime_status"":""available"",""activity_ref"":""routine_noon_meal_v1"",""summary"":""Полуденная трапеза (аналогия)."",""activity_status"":""active"",""uses_current_activity"":false,""can_continue_automatically"":true,""decision_required"":false,""presence_state"":""on_site"",""location_ref"":""pf_market_square"",""absence_reason_ru"":""""},{""state_id"":""post_meal_rest"",""duration_minutes"":90,""runtime_status"":""sleeping"",""activity_ref"":""routine_post_meal_rest_v1"",""summary"":""Послеобеденный отдых (аналогия; длительность редакционная)."",""activity_status"":""active"",""uses_current_activity"":false,""can_continue_automatically"":true,""decision_required"":false,""presence_state"":""on_site"",""location_ref"":""pf_market_square"",""absence_reason_ru"":""""},{""state_id"":""afternoon_work"",""duration_minutes"":81,""runtime_status"":""available"",""activity_ref"":""routine_afternoon_work_v1"",""summary"":""Ночная стража при назначенной смене."",""activity_status"":""active"",""uses_current_activity"":false,""can_continue_automatically"":true,""decision_required"":false,""presence_state"":""on_site"",""location_ref"":""pf_market_square"",""absence_reason_ru"":""""},{""state_id"":""evening_return"",""duration_minutes"":60,""runtime_status"":""available"",""activity_ref"":""routine_evening_return_v1"",""summary"":""Завершает дела."",""activity_status"":""active"",""uses_current_activity"":false,""can_continue_automatically"":true,""decision_required"":false,""presence_state"":""on_site"",""location_ref"":""pf_market_square"",""absence_reason_ru"":""""},{""state_id"":""night_work_after_dusk"",""duration_minutes"":444,""runtime_status"":""available"",""activity_ref"":""routine_night_work_after_dusk_v1"",""summary"":""Ночная стража при назначенной смене."",""activity_status"":""active"",""uses_current_activity"":false,""can_continue_automatically"":true,""decision_required"":false,""presence_state"":""on_site"",""location_ref"":""pf_market_square"",""absence_reason_ru"":""""}]",,data/novgorod-region/novgorod_occupations_v1_enriched.tsv#nov_occ_market_guard:night_behavior;places-binding/places/place_families.csv#pf_market_square;data/world-catalogs/novgorod/temporal-v4/datasets/calendar_daylight_light_profiles.json#record:calendar_daylight_light_profiles:novgorod_1230_1233_v2;book:375645 ¶964;book:375645 ¶965;book:185868 ¶684,rule:editorial_daylight_phase_partition_v2,no_source:exact_clock_times_and_individual_presence,C,candidate,Сезонный распорядок-кандидат; конкретный человек и доступ требуют сцены.
sch_nov_occ_market_guard_pf_market_square_normal_autumn,2,nov_role_guard,nov_occ_market_guard,normal,autumn,9|10|11,0,"[{""state_id"":""sleep_before_dawn"",""duration_minutes"":413,""runtime_status"":""sleeping"",""activity_ref"":""routine_sleep_before_dawn_v1"",""summary"":""Ночной сон; место неизвестно."",""activity_status"":""active"",""uses_current_activity"":false,""can_continue_automatically"":true,""decision_required"":false,""presence_state"":""away"",""location_ref"":"""",""absence_reason_ru"":""ночлег требует индивидуальной привязки""},{""state_id"":""preparation"",""duration_minutes"":60,""runtime_status"":""available"",""activity_ref"":""routine_preparation_v1"",""summary"":""Утренние дела после восхода."",""activity_status"":""active"",""uses_current_activity"":false,""can_continue_automatically"":true,""decision_required"":false,""presence_state"":""on_site"",""location_ref"":""pf_market_square"",""absence_reason_ru"":""""},{""state_id"":""morning_work"",""duration_minutes"":247,""runtime_status"":""available"",""activity_ref"":""routine_morning_work_v1"",""summary"":""утро: работа у места занятия; день: основной труд и переговоры; вечер: сдача инструмента, корм, семья или двор; ночь: обычно недоступен, кроме сторожи и дороги"",""activity_status"":""active"",""uses_current_activity"":false,""can_continue_automatically"":true,""decision_required"":false,""presence_state"":""on_site"",""location_ref"":""pf_market_square"",""absence_reason_ru"":""""},{""state_id"":""noon_meal"",""duration_minutes"":45,""runtime_status"":""available"",""activity_ref"":""routine_noon_meal_v1"",""summary"":""Полуденная трапеза (аналогия)."",""activity_status"":""active"",""uses_current_activity"":false,""can_continue_automatically"":true,""decision_required"":false,""presence_state"":""on_site"",""location_ref"":""pf_market_square"",""absence_reason_ru"":""""},{""state_id"":""post_meal_rest"",""duration_minutes"":90,""runtime_status"":""sleeping"",""activity_ref"":""routine_post_meal_rest_v1"",""summary"":""Послеобеденный отдых (аналогия; длительность редакционная)."",""activity_status"":""active"",""uses_current_activity"":false,""can_continue_automatically"":true,""decision_required"":false,""presence_state"":""on_site"",""location_ref"":""pf_market_square"",""absence_reason_ru"":""""},{""state_id"":""afternoon_work"",""duration_minutes"":81,""runtime_status"":""available"",""activity_ref"":""routine_afternoon_work_v1"",""summary"":""утро: работа у места занятия; день: основной труд и переговоры; вечер: сдача инструмента, корм, семья или двор; ночь: обычно недоступен, кроме сторожи и дороги"",""activity_status"":""active"",""uses_current_activity"":false,""can_continue_automatically"":true,""decision_required"":false,""presence_state"":""on_site"",""location_ref"":""pf_market_square"",""absence_reason_ru"":""""},{""state_id"":""evening_return"",""duration_minutes"":60,""runtime_status"":""available"",""activity_ref"":""routine_evening_return_v1"",""summary"":""Завершает дела."",""activity_status"":""active"",""uses_current_activity"":false,""can_continue_automatically"":true,""decision_required"":false,""presence_state"":""on_site"",""location_ref"":""pf_market_square"",""absence_reason_ru"":""""},{""state_id"":""sleep_after_dusk"",""duration_minutes"":444,""runtime_status"":""sleeping"",""activity_ref"":""routine_sleep_after_dusk_v1"",""summary"":""Ночной сон; место неизвестно."",""activity_status"":""active"",""uses_current_activity"":false,""can_continue_automatically"":true,""decision_required"":false,""presence_state"":""away"",""location_ref"":"""",""absence_reason_ru"":""ночлег требует индивидуальной привязки""}]",,data/novgorod-region/novgorod_occupations_v1_enriched.tsv#nov_occ_market_guard:daily_schedule_normal;places-binding/places/place_families.csv#pf_market_square;data/world-catalogs/novgorod/temporal-v4/datasets/calendar_daylight_light_profiles.json#record:calendar_daylight_light_profiles:novgorod_1230_1233_v2;book:375645 ¶964;book:375645 ¶965,rule:editorial_daylight_phase_partition_v2,no_source:exact_clock_times_and_individual_presence,C,candidate,Сезонный распорядок-кандидат; конкретный человек и доступ требуют сцены.
sch_nov_occ_market_guard_pf_market_square_market_day_spring,2,nov_role_guard,nov_occ_market_guard,market_day,spring,3|4|5,0,"[{""state_id"":""sleep_before_dawn"",""duration_minutes"":268,""runtime_status"":""sleeping"",""activity_ref"":""routine_sleep_before_dawn_v1"",""summary"":""Ночной сон; место неизвестно."",""activity_status"":""active"",""uses_current_activity"":false,""can_continue_automatically"":true,""decision_required"":false,""presence_state"":""away"",""location_ref"":"""",""absence_reason_ru"":""ночлег требует индивидуальной привязки""},{""state_id"":""preparation"",""duration_minutes"":60,""runtime_status"":""available"",""activity_ref"":""routine_preparation_v1"",""summary"":""Утренние дела после восхода."",""activity_status"":""active"",""uses_current_activity"":false,""can_continue_automatically"":true,""decision_required"":false,""presence_state"":""on_site"",""location_ref"":""pf_market_square"",""absence_reason_ru"":""""},{""state_id"":""morning_work"",""duration_minutes"":392,""runtime_status"":""available"",""activity_ref"":""routine_morning_work_v1"",""summary"":""наблюдает за порядком на торгу"",""activity_status"":""active"",""uses_current_activity"":false,""can_continue_automatically"":true,""decision_required"":false,""presence_state"":""on_site"",""location_ref"":""pf_market_square"",""absence_reason_ru"":""""},{""state_id"":""noon_meal"",""duration_minutes"":45,""runtime_status"":""available"",""activity_ref"":""routine_noon_meal_v1"",""summary"":""Полуденная трапеза (аналогия)."",""activity_status"":""active"",""uses_current_activity"":false,""can_continue_automatically"":true,""decision_required"":false,""presence_state"":""on_site"",""location_ref"":""pf_market_square"",""absence_reason_ru"":""""},{""state_id"":""post_meal_rest"",""duration_minutes"":90,""runtime_status"":""sleeping"",""activity_ref"":""routine_post_meal_rest_v1"",""summary"":""Послеобеденный отдых (аналогия; длительность редакционная)."",""activity_status"":""active"",""uses_current_activity"":false,""can_continue_automatically"":true,""decision_required"":false,""presence_state"":""on_site"",""location_ref"":""pf_market_square"",""absence_reason_ru"":""""},{""state_id"":""afternoon_work"",""duration_minutes"":253,""runtime_status"":""available"",""activity_ref"":""routine_afternoon_work_v1"",""summary"":""наблюдает за порядком на торгу"",""activity_status"":""active"",""uses_current_activity"":false,""can_continue_automatically"":true,""decision_required"":false,""presence_state"":""on_site"",""location_ref"":""pf_market_square"",""absence_reason_ru"":""""},{""state_id"":""evening_return"",""duration_minutes"":60,""runtime_status"":""available"",""activity_ref"":""routine_evening_return_v1"",""summary"":""Завершает дела."",""activity_status"":""active"",""uses_current_activity"":false,""can_continue_automatically"":true,""decision_required"":false,""presence_state"":""on_site"",""location_ref"":""pf_market_square"",""absence_reason_ru"":""""},{""state_id"":""sleep_after_dusk"",""duration_minutes"":272,""runtime_status"":""sleeping"",""activity_ref"":""routine_sleep_after_dusk_v1"",""summary"":""Ночной сон; место неизвестно."",""activity_status"":""active"",""uses_current_activity"":false,""can_continue_automatically"":true,""decision_required"":false,""presence_state"":""away"",""location_ref"":"""",""absence_reason_ru"":""ночлег требует индивидуальной привязки""}]",,data/novgorod-region/novgorod_occupations_v1_enriched.tsv#nov_occ_market_guard:where_work_happens;places-binding/places/place_families.csv#pf_market_square;data/world-catalogs/novgorod/temporal-v4/datasets/calendar_daylight_light_profiles.json#record:calendar_daylight_light_profiles:novgorod_1230_1233_v2;book:375645 ¶964;book:375645 ¶965,rule:editorial_daylight_phase_partition_v2,no_source:exact_clock_times_and_individual_presence,C,candidate,Сезонный распорядок-кандидат; конкретный человек и доступ требуют сцены.
sch_nov_occ_market_guard_pf_market_square_night_watch_spring,2,nov_role_guard,nov_occ_market_guard,night_watch,spring,3|4|5,0,"[{""state_id"":""night_work"",""duration_minutes"":268,""runtime_status"":""available"",""activity_ref"":""routine_night_work_v1"",""summary"":""Ночная стража при назначенной смене."",""activity_status"":""active"",""uses_current_activity"":false,""can_continue_automatically"":true,""decision_required"":false,""presence_state"":""on_site"",""location_ref"":""pf_market_square"",""absence_reason_ru"":""""},{""state_id"":""morning_rest"",""duration_minutes"":452,""runtime_status"":""sleeping"",""activity_ref"":""routine_morning_rest_v1"",""summary"":""Отдых после ночной работы."",""activity_status"":""active"",""uses_current_activity"":false,""can_continue_automatically"":true,""decision_required"":false,""presence_state"":""on_site"",""location_ref"":""pf_market_square"",""absence_reason_ru"":""""},{""state_id"":""noon_meal"",""duration_minutes"":45,""runtime_status"":""available"",""activity_ref"":""routine_noon_meal_v1"",""summary"":""Полуденная трапеза (аналогия)."",""activity_status"":""active"",""uses_current_activity"":false,""can_continue_automatically"":true,""decision_required"":false,""presence_state"":""on_site"",""location_ref"":""pf_market_square"",""absence_reason_ru"":""""},{""state_id"":""post_meal_rest"",""duration_minutes"":90,""runtime_status"":""sleeping"",""activity_ref"":""routine_post_meal_rest_v1"",""summary"":""Послеобеденный отдых (аналогия; длительность редакционная)."",""activity_status"":""active"",""uses_current_activity"":false,""can_continue_automatically"":true,""decision_required"":false,""presence_state"":""on_site"",""location_ref"":""pf_market_square"",""absence_reason_ru"":""""},{""state_id"":""afternoon_work"",""duration_minutes"":253,""runtime_status"":""available"",""activity_ref"":""routine_afternoon_work_v1"",""summary"":""Ночная стража при назначенной смене."",""activity_status"":""active"",""uses_current_activity"":false,""can_continue_automatically"":true,""decision_required"":false,""presence_state"":""on_site"",""location_ref"":""pf_market_square"",""absence_reason_ru"":""""},{""state_id"":""evening_return"",""duration_minutes"":60,""runtime_status"":""available"",""activity_ref"":""routine_evening_return_v1"",""summary"":""Завершает дела."",""activity_status"":""active"",""uses_current_activity"":false,""can_continue_automatically"":true,""decision_required"":false,""presence_state"":""on_site"",""location_ref"":""pf_market_square"",""absence_reason_ru"":""""},{""state_id"":""night_work_after_dusk"",""duration_minutes"":272,""runtime_status"":""available"",""activity_ref"":""routine_night_work_after_dusk_v1"",""summary"":""Ночная стража при назначенной смене."",""activity_status"":""active"",""uses_current_activity"":false,""can_continue_automatically"":true,""decision_required"":false,""presence_state"":""on_site"",""location_ref"":""pf_market_square"",""absence_reason_ru"":""""}]",,data/novgorod-region/novgorod_occupations_v1_enriched.tsv#nov_occ_market_guard:night_behavior;places-binding/places/place_families.csv#pf_market_square;data/world-catalogs/novgorod/temporal-v4/datasets/calendar_daylight_light_profiles.json#record:calendar_daylight_light_profiles:novgorod_1230_1233_v2;book:375645 ¶964;book:375645 ¶965;book:185868 ¶684,rule:editorial_daylight_phase_partition_v2,no_source:exact_clock_times_and_individual_presence,C,candidate,Сезонный распорядок-кандидат; конкретный человек и доступ требуют сцены.
sch_nov_occ_market_guard_pf_market_square_normal_spring,2,nov_role_guard,nov_occ_market_guard,normal,spring,3|4|5,0,"[{""state_id"":""sleep_before_dawn"",""duration_minutes"":268,""runtime_status"":""sleeping"",""activity_ref"":""routine_sleep_before_dawn_v1"",""summary"":""Ночной сон; место неизвестно."",""activity_status"":""active"",""uses_current_activity"":false,""can_continue_automatically"":true,""decision_required"":false,""presence_state"":""away"",""location_ref"":"""",""absence_reason_ru"":""ночлег требует индивидуальной привязки""},{""state_id"":""preparation"",""duration_minutes"":60,""runtime_status"":""available"",""activity_ref"":""routine_preparation_v1"",""summary"":""Утренние дела после восхода."",""activity_status"":""active"",""uses_current_activity"":false,""can_continue_automatically"":true,""decision_required"":false,""presence_state"":""on_site"",""location_ref"":""pf_market_square"",""absence_reason_ru"":""""},{""state_id"":""morning_work"",""duration_minutes"":392,""runtime_status"":""available"",""activity_ref"":""routine_morning_work_v1"",""summary"":""утро: работа у места занятия; день: основной труд и переговоры; вечер: сдача инструмента, корм, семья или двор; ночь: обычно недоступен, кроме сторожи и дороги"",""activity_status"":""active"",""uses_current_activity"":false,""can_continue_automatically"":true,""decision_required"":false,""presence_state"":""on_site"",""location_ref"":""pf_market_square"",""absence_reason_ru"":""""},{""state_id"":""noon_meal"",""duration_minutes"":45,""runtime_status"":""available"",""activity_ref"":""routine_noon_meal_v1"",""summary"":""Полуденная трапеза (аналогия)."",""activity_status"":""active"",""uses_current_activity"":false,""can_continue_automatically"":true,""decision_required"":false,""presence_state"":""on_site"",""location_ref"":""pf_market_square"",""absence_reason_ru"":""""},{""state_id"":""post_meal_rest"",""duration_minutes"":90,""runtime_status"":""sleeping"",""activity_ref"":""routine_post_meal_rest_v1"",""summary"":""Послеобеденный отдых (аналогия; длительность редакционная)."",""activity_status"":""active"",""uses_current_activity"":false,""can_continue_automatically"":true,""decision_required"":false,""presence_state"":""on_site"",""location_ref"":""pf_market_square"",""absence_reason_ru"":""""},{""state_id"":""afternoon_work"",""duration_minutes"":253,""runtime_status"":""available"",""activity_ref"":""routine_afternoon_work_v1"",""summary"":""утро: работа у места занятия; день: основной труд и переговоры; вечер: сдача инструмента, корм, семья или двор; ночь: обычно недоступен, кроме сторожи и дороги"",""activity_status"":""active"",""uses_current_activity"":false,""can_continue_automatically"":true,""decision_required"":false,""presence_state"":""on_site"",""location_ref"":""pf_market_square"",""absence_reason_ru"":""""},{""state_id"":""evening_return"",""duration_minutes"":60,""runtime_status"":""available"",""activity_ref"":""routine_evening_return_v1"",""summary"":""Завершает дела."",""activity_status"":""active"",""uses_current_activity"":false,""can_continue_automatically"":true,""decision_required"":false,""presence_state"":""on_site"",""location_ref"":""pf_market_square"",""absence_reason_ru"":""""},{""state_id"":""sleep_after_dusk"",""duration_minutes"":272,""runtime_status"":""sleeping"",""activity_ref"":""routine_sleep_after_dusk_v1"",""summary"":""Ночной сон; место неизвестно."",""activity_status"":""active"",""uses_current_activity"":false,""can_continue_automatically"":true,""decision_required"":false,""presence_state"":""away"",""location_ref"":"""",""absence_reason_ru"":""ночлег требует индивидуальной привязки""}]",,data/novgorod-region/novgorod_occupations_v1_enriched.tsv#nov_occ_market_guard:daily_schedule_normal;places-binding/places/place_families.csv#pf_market_square;data/world-catalogs/novgorod/temporal-v4/datasets/calendar_daylight_light_profiles.json#record:calendar_daylight_light_profiles:novgorod_1230_1233_v2;book:375645 ¶964;book:375645 ¶965,rule:editorial_daylight_phase_partition_v2,no_source:exact_clock_times_and_individual_presence,C,candidate,Сезонный распорядок-кандидат; конкретный человек и доступ требуют сцены.
sch_nov_occ_market_guard_pf_market_square_market_day_summer,2,nov_role_guard,nov_occ_market_guard,market_day,summer,6|7|8,0,"[{""state_id"":""sleep_before_dawn"",""duration_minutes"":206,""runtime_status"":""sleeping"",""activity_ref"":""routine_sleep_before_dawn_v1"",""summary"":""Ночной сон; место неизвестно."",""activity_status"":""active"",""uses_current_activity"":false,""can_continue_automatically"":true,""decision_required"":false,""presence_state"":""away"",""location_ref"":"""",""absence_reason_ru"":""ночлег требует индивидуальной привязки""},{""state_id"":""preparation"",""duration_minutes"":60,""runtime_status"":""available"",""activity_ref"":""routine_preparation_v1"",""summary"":""Утренние дела после восхода."",""activity_status"":""active"",""uses_current_activity"":false,""can_continue_automatically"":true,""decision_required"":false,""presence_state"":""on_site"",""location_ref"":""pf_market_square"",""absence_reason_ru"":""""},{""state_id"":""morning_work"",""duration_minutes"":454,""runtime_status"":""available"",""activity_ref"":""routine_morning_work_v1"",""summary"":""наблюдает за порядком на торгу"",""activity_status"":""active"",""uses_current_activity"":false,""can_continue_automatically"":true,""decision_required"":false,""presence_state"":""on_site"",""location_ref"":""pf_market_square"",""absence_reason_ru"":""""},{""state_id"":""noon_meal"",""duration_minutes"":45,""runtime_status"":""available"",""activity_ref"":""routine_noon_meal_v1"",""summary"":""Полуденная трапеза (аналогия)."",""activity_status"":""active"",""uses_current_activity"":false,""can_continue_automatically"":true,""decision_required"":false,""presence_state"":""on_site"",""location_ref"":""pf_market_square"",""absence_reason_ru"":""""},{""state_id"":""post_meal_rest"",""duration_minutes"":90,""runtime_status"":""sleeping"",""activity_ref"":""routine_post_meal_rest_v1"",""summary"":""Послеобеденный отдых (аналогия; длительность редакционная)."",""activity_status"":""active"",""uses_current_activity"":false,""can_continue_automatically"":true,""decision_required"":false,""presence_state"":""on_site"",""location_ref"":""pf_market_square"",""absence_reason_ru"":""""},{""state_id"":""afternoon_work"",""duration_minutes"":328,""runtime_status"":""available"",""activity_ref"":""routine_afternoon_work_v1"",""summary"":""наблюдает за порядком на торгу"",""activity_status"":""active"",""uses_current_activity"":false,""can_continue_automatically"":true,""decision_required"":false,""presence_state"":""on_site"",""location_ref"":""pf_market_square"",""absence_reason_ru"":""""},{""state_id"":""evening_return"",""duration_minutes"":60,""runtime_status"":""available"",""activity_ref"":""routine_evening_return_v1"",""summary"":""Завершает дела."",""activity_status"":""active"",""uses_current_activity"":false,""can_continue_automatically"":true,""decision_required"":false,""presence_state"":""on_site"",""location_ref"":""pf_market_square"",""absence_reason_ru"":""""},{""state_id"":""sleep_after_dusk"",""duration_minutes"":197,""runtime_status"":""sleeping"",""activity_ref"":""routine_sleep_after_dusk_v1"",""summary"":""Ночной сон; место неизвестно."",""activity_status"":""active"",""uses_current_activity"":false,""can_continue_automatically"":true,""decision_required"":false,""presence_state"":""away"",""location_ref"":"""",""absence_reason_ru"":""ночлег требует индивидуальной привязки""}]",,data/novgorod-region/novgorod_occupations_v1_enriched.tsv#nov_occ_market_guard:where_work_happens;places-binding/places/place_families.csv#pf_market_square;data/world-catalogs/novgorod/temporal-v4/datasets/calendar_daylight_light_profiles.json#record:calendar_daylight_light_profiles:novgorod_1230_1233_v2;book:375645 ¶964;book:375645 ¶965,rule:editorial_daylight_phase_partition_v2,no_source:exact_clock_times_and_individual_presence,C,candidate,Сезонный распорядок-кандидат; конкретный человек и доступ требуют сцены.
sch_nov_occ_market_guard_pf_market_square_night_watch_summer,2,nov_role_guard,nov_occ_market_guard,night_watch,summer,6|7|8,0,"[{""state_id"":""night_work"",""duration_minutes"":206,""runtime_status"":""available"",""activity_ref"":""routine_night_work_v1"",""summary"":""Ночная стража при назначенной смене."",""activity_status"":""active"",""uses_current_activity"":false,""can_continue_automatically"":true,""decision_required"":false,""presence_state"":""on_site"",""location_ref"":""pf_market_square"",""absence_reason_ru"":""""},{""state_id"":""morning_rest"",""duration_minutes"":514,""runtime_status"":""sleeping"",""activity_ref"":""routine_morning_rest_v1"",""summary"":""Отдых после ночной работы."",""activity_status"":""active"",""uses_current_activity"":false,""can_continue_automatically"":true,""decision_required"":false,""presence_state"":""on_site"",""location_ref"":""pf_market_square"",""absence_reason_ru"":""""},{""state_id"":""noon_meal"",""duration_minutes"":45,""runtime_status"":""available"",""activity_ref"":""routine_noon_meal_v1"",""summary"":""Полуденная трапеза (аналогия)."",""activity_status"":""active"",""uses_current_activity"":false,""can_continue_automatically"":true,""decision_required"":false,""presence_state"":""on_site"",""location_ref"":""pf_market_square"",""absence_reason_ru"":""""},{""state_id"":""post_meal_rest"",""duration_minutes"":90,""runtime_status"":""sleeping"",""activity_ref"":""routine_post_meal_rest_v1"",""summary"":""Послеобеденный отдых (аналогия; длительность редакционная)."",""activity_status"":""active"",""uses_current_activity"":false,""can_continue_automatically"":true,""decision_required"":false,""presence_state"":""on_site"",""location_ref"":""pf_market_square"",""absence_reason_ru"":""""},{""state_id"":""afternoon_work"",""duration_minutes"":328,""runtime_status"":""available"",""activity_ref"":""routine_afternoon_work_v1"",""summary"":""Ночная стража при назначенной смене."",""activity_status"":""active"",""uses_current_activity"":false,""can_continue_automatically"":true,""decision_required"":false,""presence_state"":""on_site"",""location_ref"":""pf_market_square"",""absence_reason_ru"":""""},{""state_id"":""evening_return"",""duration_minutes"":60,""runtime_status"":""available"",""activity_ref"":""routine_evening_return_v1"",""summary"":""Завершает дела."",""activity_status"":""active"",""uses_current_activity"":false,""can_continue_automatically"":true,""decision_required"":false,""presence_state"":""on_site"",""location_ref"":""pf_market_square"",""absence_reason_ru"":""""},{""state_id"":""night_work_after_dusk"",""duration_minutes"":197,""runtime_status"":""available"",""activity_ref"":""routine_night_work_after_dusk_v1"",""summary"":""Ночная стража при назначенной смене."",""activity_status"":""active"",""uses_current_activity"":false,""can_continue_automatically"":true,""decision_required"":false,""presence_state"":""on_site"",""location_ref"":""pf_market_square"",""absence_reason_ru"":""""}]",,data/novgorod-region/novgorod_occupations_v1_enriched.tsv#nov_occ_market_guard:night_behavior;places-binding/places/place_families.csv#pf_market_square;data/world-catalogs/novgorod/temporal-v4/datasets/calendar_daylight_light_profiles.json#record:calendar_daylight_light_profiles:novgorod_1230_1233_v2;book:375645 ¶964;book:375645 ¶965;book:185868 ¶684,rule:editorial_daylight_phase_partition_v2,no_source:exact_clock_times_and_individual_presence,C,candidate,Сезонный распорядок-кандидат; конкретный человек и доступ требуют сцены.
sch_nov_occ_market_guard_pf_market_square_normal_summer,2,nov_role_guard,nov_occ_market_guard,normal,summer,6|7|8,0,"[{""state_id"":""sleep_before_dawn"",""duration_minutes"":206,""runtime_status"":""sleeping"",""activity_ref"":""routine_sleep_before_dawn_v1"",""summary"":""Ночной сон; место неизвестно."",""activity_status"":""active"",""uses_current_activity"":false,""can_continue_automatically"":true,""decision_required"":false,""presence_state"":""away"",""location_ref"":"""",""absence_reason_ru"":""ночлег требует индивидуальной привязки""},{""state_id"":""preparation"",""duration_minutes"":60,""runtime_status"":""available"",""activity_ref"":""routine_preparation_v1"",""summary"":""Утренние дела после восхода."",""activity_status"":""active"",""uses_current_activity"":false,""can_continue_automatically"":true,""decision_required"":false,""presence_state"":""on_site"",""location_ref"":""pf_market_square"",""absence_reason_ru"":""""},{""state_id"":""morning_work"",""duration_minutes"":454,""runtime_status"":""available"",""activity_ref"":""routine_morning_work_v1"",""summary"":""утро: работа у места занятия; день: основной труд и переговоры; вечер: сдача инструмента, корм, семья или двор; ночь: обычно недоступен, кроме сторожи и дороги"",""activity_status"":""active"",""uses_current_activity"":false,""can_continue_automatically"":true,""decision_required"":false,""presence_state"":""on_site"",""location_ref"":""pf_market_square"",""absence_reason_ru"":""""},{""state_id"":""noon_meal"",""duration_minutes"":45,""runtime_status"":""available"",""activity_ref"":""routine_noon_meal_v1"",""summary"":""Полуденная трапеза (аналогия)."",""activity_status"":""active"",""uses_current_activity"":false,""can_continue_automatically"":true,""decision_required"":false,""presence_state"":""on_site"",""location_ref"":""pf_market_square"",""absence_reason_ru"":""""},{""state_id"":""post_meal_rest"",""duration_minutes"":90,""runtime_status"":""sleeping"",""activity_ref"":""routine_post_meal_rest_v1"",""summary"":""Послеобеденный отдых (аналогия; длительность редакционная)."",""activity_status"":""active"",""uses_current_activity"":false,""can_continue_automatically"":true,""decision_required"":false,""presence_state"":""on_site"",""location_ref"":""pf_market_square"",""absence_reason_ru"":""""},{""state_id"":""afternoon_work"",""duration_minutes"":328,""runtime_status"":""available"",""activity_ref"":""routine_afternoon_work_v1"",""summary"":""утро: работа у места занятия; день: основной труд и переговоры; вечер: сдача инструмента, корм, семья или двор; ночь: обычно недоступен, кроме сторожи и дороги"",""activity_status"":""active"",""uses_current_activity"":false,""can_continue_automatically"":true,""decision_required"":false,""presence_state"":""on_site"",""location_ref"":""pf_market_square"",""absence_reason_ru"":""""},{""state_id"":""evening_return"",""duration_minutes"":60,""runtime_status"":""available"",""activity_ref"":""routine_evening_return_v1"",""summary"":""Завершает дела."",""activity_status"":""active"",""uses_current_activity"":false,""can_continue_automatically"":true,""decision_required"":false,""presence_state"":""on_site"",""location_ref"":""pf_market_square"",""absence_reason_ru"":""""},{""state_id"":""sleep_after_dusk"",""duration_minutes"":197,""runtime_status"":""sleeping"",""activity_ref"":""routine_sleep_after_dusk_v1"",""summary"":""Ночной сон; место неизвестно."",""activity_status"":""active"",""uses_current_activity"":false,""can_continue_automatically"":true,""decision_required"":false,""presence_state"":""away"",""location_ref"":"""",""absence_reason_ru"":""ночлег требует индивидуальной привязки""}]",,data/novgorod-region/novgorod_occupations_v1_enriched.tsv#nov_occ_market_guard:daily_schedule_normal;places-binding/places/place_families.csv#pf_market_square;data/world-catalogs/novgorod/temporal-v4/datasets/calendar_daylight_light_profiles.json#record:calendar_daylight_light_profiles:novgorod_1230_1233_v2;book:375645 ¶964;book:375645 ¶965,rule:editorial_daylight_phase_partition_v2,no_source:exact_clock_times_and_individual_presence,C,candidate,Сезонный распорядок-кандидат; конкретный человек и доступ требуют сцены.
sch_nov_occ_market_guard_pf_market_square_market_day_winter,2,nov_role_guard,nov_occ_market_guard,market_day,winter,12|1|2,0,"[{""state_id"":""sleep_before_dawn"",""duration_minutes"":508,""runtime_status"":""sleeping"",""activity_ref"":""routine_sleep_before_dawn_v1"",""summary"":""Ночной сон; место неизвестно."",""activity_status"":""active"",""uses_current_activity"":false,""can_continue_automatically"":true,""decision_required"":false,""presence_state"":""away"",""location_ref"":"""",""absence_reason_ru"":""ночлег требует индивидуальной привязки""},{""state_id"":""preparation"",""duration_minutes"":60,""runtime_status"":""available"",""activity_ref"":""routine_preparation_v1"",""summary"":""Утренние дела после восхода."",""activity_status"":""active"",""uses_current_activity"":false,""can_continue_automatically"":true,""decision_required"":false,""presence_state"":""on_site"",""location_ref"":""pf_market_square"",""absence_reason_ru"":""""},{""state_id"":""morning_work"",""duration_minutes"":152,""runtime_status"":""available"",""activity_ref"":""routine_morning_work_v1"",""summary"":""наблюдает за порядком на торгу"",""activity_status"":""active"",""uses_current_activity"":false,""can_continue_automatically"":true,""decision_required"":false,""presence_state"":""on_site"",""location_ref"":""pf_market_square"",""absence_reason_ru"":""""},{""state_id"":""noon_meal"",""duration_minutes"":45,""runtime_status"":""available"",""activity_ref"":""routine_noon_meal_v1"",""summary"":""Полуденная трапеза (аналогия)."",""activity_status"":""active"",""uses_current_activity"":false,""can_continue_automatically"":true,""decision_required"":false,""presence_state"":""on_site"",""location_ref"":""pf_market_square"",""absence_reason_ru"":""""},{""state_id"":""post_meal_rest"",""duration_minutes"":90,""runtime_status"":""sleeping"",""activity_ref"":""routine_post_meal_rest_v1"",""summary"":""Послеобеденный отдых (аналогия; длительность редакционная)."",""activity_status"":""active"",""uses_current_activity"":false,""can_continue_automatically"":true,""decision_required"":false,""presence_state"":""on_site"",""location_ref"":""pf_market_square"",""absence_reason_ru"":""""},{""state_id"":""afternoon_work"",""duration_minutes"":44,""runtime_status"":""available"",""activity_ref"":""routine_afternoon_work_v1"",""summary"":""наблюдает за порядком на торгу"",""activity_status"":""active"",""uses_current_activity"":false,""can_continue_automatically"":true,""decision_required"":false,""presence_state"":""on_site"",""location_ref"":""pf_market_square"",""absence_reason_ru"":""""},{""state_id"":""evening_return"",""duration_minutes"":60,""runtime_status"":""available"",""activity_ref"":""routine_evening_return_v1"",""summary"":""Завершает дела."",""activity_status"":""active"",""uses_current_activity"":false,""can_continue_automatically"":true,""decision_required"":false,""presence_state"":""on_site"",""location_ref"":""pf_market_square"",""absence_reason_ru"":""""},{""state_id"":""sleep_after_dusk"",""duration_minutes"":481,""runtime_status"":""sleeping"",""activity_ref"":""routine_sleep_after_dusk_v1"",""summary"":""Ночной сон; место неизвестно."",""activity_status"":""active"",""uses_current_activity"":false,""can_continue_automatically"":true,""decision_required"":false,""presence_state"":""away"",""location_ref"":"""",""absence_reason_ru"":""ночлег требует индивидуальной привязки""}]",,data/novgorod-region/novgorod_occupations_v1_enriched.tsv#nov_occ_market_guard:where_work_happens;places-binding/places/place_families.csv#pf_market_square;data/world-catalogs/novgorod/temporal-v4/datasets/calendar_daylight_light_profiles.json#record:calendar_daylight_light_profiles:novgorod_1230_1233_v2;book:375645 ¶964;book:375645 ¶965,rule:editorial_daylight_phase_partition_v2,no_source:exact_clock_times_and_individual_presence,C,candidate,Сезонный распорядок-кандидат; конкретный человек и доступ требуют сцены.
sch_nov_occ_market_guard_pf_market_square_night_watch_winter,2,nov_role_guard,nov_occ_market_guard,night_watch,winter,12|1|2,0,"[{""state_id"":""night_work"",""duration_minutes"":508,""runtime_status"":""available"",""activity_ref"":""routine_night_work_v1"",""summary"":""Ночная стража при назначенной смене."",""activity_status"":""active"",""uses_current_activity"":false,""can_continue_automatically"":true,""decision_required"":false,""presence_state"":""on_site"",""location_ref"":""pf_market_square"",""absence_reason_ru"":""""},{""state_id"":""morning_rest"",""duration_minutes"":212,""runtime_status"":""sleeping"",""activity_ref"":""routine_morning_rest_v1"",""summary"":""Отдых после ночной работы."",""activity_status"":""active"",""uses_current_activity"":false,""can_continue_automatically"":true,""decision_required"":false,""presence_state"":""on_site"",""location_ref"":""pf_market_square"",""absence_reason_ru"":""""},{""state_id"":""noon_meal"",""duration_minutes"":45,""runtime_status"":""available"",""activity_ref"":""routine_noon_meal_v1"",""summary"":""Полуденная трапеза (аналогия)."",""activity_status"":""active"",""uses_current_activity"":false,""can_continue_automatically"":true,""decision_required"":false,""presence_state"":""on_site"",""location_ref"":""pf_market_square"",""absence_reason_ru"":""""},{""state_id"":""post_meal_rest"",""duration_minutes"":90,""runtime_status"":""sleeping"",""activity_ref"":""routine_post_meal_rest_v1"",""summary"":""Послеобеденный отдых (аналогия; длительность редакционная)."",""activity_status"":""active"",""uses_current_activity"":false,""can_continue_automatically"":true,""decision_required"":false,""presence_state"":""on_site"",""location_ref"":""pf_market_square"",""absence_reason_ru"":""""},{""state_id"":""afternoon_work"",""duration_minutes"":44,""runtime_status"":""available"",""activity_ref"":""routine_afternoon_work_v1"",""summary"":""Ночная стража при назначенной смене."",""activity_status"":""active"",""uses_current_activity"":false,""can_continue_automatically"":true,""decision_required"":false,""presence_state"":""on_site"",""location_ref"":""pf_market_square"",""absence_reason_ru"":""""},{""state_id"":""evening_return"",""duration_minutes"":60,""runtime_status"":""available"",""activity_ref"":""routine_evening_return_v1"",""summary"":""Завершает дела."",""activity_status"":""active"",""uses_current_activity"":false,""can_continue_automatically"":true,""decision_required"":false,""presence_state"":""on_site"",""location_ref"":""pf_market_square"",""absence_reason_ru"":""""},{""state_id"":""night_work_after_dusk"",""duration_minutes"":481,""runtime_status"":""available"",""activity_ref"":""routine_night_work_after_dusk_v1"",""summary"":""Ночная стража при назначенной смене."",""activity_status"":""active"",""uses_current_activity"":false,""can_continue_automatically"":true,""decision_required"":false,""presence_state"":""on_site"",""location_ref"":""pf_market_square"",""absence_reason_ru"":""""}]",,data/novgorod-region/novgorod_occupations_v1_enriched.tsv#nov_occ_market_guard:night_behavior;places-binding/places/place_families.csv#pf_market_square;data/world-catalogs/novgorod/temporal-v4/datasets/calendar_daylight_light_profiles.json#record:calendar_daylight_light_profiles:novgorod_1230_1233_v2;book:375645 ¶964;book:375645 ¶965;book:185868 ¶684,rule:editorial_daylight_phase_partition_v2,no_source:exact_clock_times_and_individual_presence,C,candidate,Сезонный распорядок-кандидат; конкретный человек и доступ требуют сцены.
sch_nov_occ_market_guard_pf_market_square_normal_winter,2,nov_role_guard,nov_occ_market_guard,normal,winter,12|1|2,0,"[{""state_id"":""sleep_before_dawn"",""duration_minutes"":508,""runtime_status"":""sleeping"",""activity_ref"":""routine_sleep_before_dawn_v1"",""summary"":""Ночной сон; место неизвестно."",""activity_status"":""active"",""uses_current_activity"":false,""can_continue_automatically"":true,""decision_required"":false,""presence_state"":""away"",""location_ref"":"""",""absence_reason_ru"":""ночлег требует индивидуальной привязки""},{""state_id"":""preparation"",""duration_minutes"":60,""runtime_status"":""available"",""activity_ref"":""routine_preparation_v1"",""summary"":""Утренние дела после восхода."",""activity_status"":""active"",""uses_current_activity"":false,""can_continue_automatically"":true,""decision_required"":false,""presence_state"":""on_site"",""location_ref"":""pf_market_square"",""absence_reason_ru"":""""},{""state_id"":""morning_work"",""duration_minutes"":152,""runtime_status"":""available"",""activity_ref"":""routine_morning_work_v1"",""summary"":""утро: работа у места занятия; день: основной труд и переговоры; вечер: сдача инструмента, корм, семья или двор; ночь: обычно недоступен, кроме сторожи и дороги"",""activity_status"":""active"",""uses_current_activity"":false,""can_continue_automatically"":true,""decision_required"":false,""presence_state"":""on_site"",""location_ref"":""pf_market_square"",""absence_reason_ru"":""""},{""state_id"":""noon_meal"",""duration_minutes"":45,""runtime_status"":""available"",""activity_ref"":""routine_noon_meal_v1"",""summary"":""Полуденная трапеза (аналогия)."",""activity_status"":""active"",""uses_current_activity"":false,""can_continue_automatically"":true,""decision_required"":false,""presence_state"":""on_site"",""location_ref"":""pf_market_square"",""absence_reason_ru"":""""},{""state_id"":""post_meal_rest"",""duration_minutes"":90,""runtime_status"":""sleeping"",""activity_ref"":""routine_post_meal_rest_v1"",""summary"":""Послеобеденный отдых (аналогия; длительность редакционная)."",""activity_status"":""active"",""uses_current_activity"":false,""can_continue_automatically"":true,""decision_required"":false,""presence_state"":""on_site"",""location_ref"":""pf_market_square"",""absence_reason_ru"":""""},{""state_id"":""afternoon_work"",""duration_minutes"":44,""runtime_status"":""available"",""activity_ref"":""routine_afternoon_work_v1"",""summary"":""утро: работа у места занятия; день: основной труд и переговоры; вечер: сдача инструмента, корм, семья или двор; ночь: обычно недоступен, кроме сторожи и дороги"",""activity_status"":""active"",""uses_current_activity"":false,""can_continue_automatically"":true,""decision_required"":false,""presence_state"":""on_site"",""location_ref"":""pf_market_square"",""absence_reason_ru"":""""},{""state_id"":""evening_return"",""duration_minutes"":60,""runtime_status"":""available"",""activity_ref"":""routine_evening_return_v1"",""summary"":""Завершает дела."",""activity_status"":""active"",""uses_current_activity"":false,""can_continue_automatically"":true,""decision_required"":false,""presence_state"":""on_site"",""location_ref"":""pf_market_square"",""absence_reason_ru"":""""},{""state_id"":""sleep_after_dusk"",""duration_minutes"":481,""runtime_status"":""sleeping"",""activity_ref"":""routine_sleep_after_dusk_v1"",""summary"":""Ночной сон; место неизвестно."",""activity_status"":""active"",""uses_current_activity"":false,""can_continue_automatically"":true,""decision_required"":false,""presence_state"":""away"",""location_ref"":"""",""absence_reason_ru"":""ночлег требует индивидуальной привязки""}]",,data/novgorod-region/novgorod_occupations_v1_enriched.tsv#nov_occ_market_guard:daily_schedule_normal;places-binding/places/place_families.csv#pf_market_square;data/world-catalogs/novgorod/temporal-v4/datasets/calendar_daylight_light_profiles.json#record:calendar_daylight_light_profiles:novgorod_1230_1233_v2;book:375645 ¶964;book:375645 ¶965,rule:editorial_daylight_phase_partition_v2,no_source:exact_clock_times_and_individual_presence,C,candidate,Сезонный распорядок-кандидат; конкретный человек и доступ требуют сцены.
sch_nov_occ_market_stall_seller_pf_market_square_market_day_autumn,2,nov_role_trader,nov_occ_market_stall_seller,market_day,autumn,9|10|11,0,"[{""state_id"":""sleep_before_dawn"",""duration_minutes"":413,""runtime_status"":""sleeping"",""activity_ref"":""routine_sleep_before_dawn_v1"",""summary"":""Ночной сон; место неизвестно."",""activity_status"":""active"",""uses_current_activity"":false,""can_continue_automatically"":true,""decision_required"":false,""presence_state"":""away"",""location_ref"":"""",""absence_reason_ru"":""ночлег требует индивидуальной привязки""},{""state_id"":""preparation"",""duration_minutes"":60,""runtime_status"":""available"",""activity_ref"":""routine_preparation_v1"",""summary"":""Утренние дела после восхода."",""activity_status"":""active"",""uses_current_activity"":false,""can_continue_automatically"":true,""decision_required"":false,""presence_state"":""on_site"",""location_ref"":""pf_market_square"",""absence_reason_ru"":""""},{""state_id"":""morning_work"",""duration_minutes"":247,""runtime_status"":""available"",""activity_ref"":""routine_morning_work_v1"",""summary"":""держит торговое место"",""activity_status"":""active"",""uses_current_activity"":false,""can_continue_automatically"":true,""decision_required"":false,""presence_state"":""on_site"",""location_ref"":""pf_market_square"",""absence_reason_ru"":""""},{""state_id"":""noon_meal"",""duration_minutes"":45,""runtime_status"":""available"",""activity_ref"":""routine_noon_meal_v1"",""summary"":""Полуденная трапеза (аналогия)."",""activity_status"":""active"",""uses_current_activity"":false,""can_continue_automatically"":true,""decision_required"":false,""presence_state"":""on_site"",""location_ref"":""pf_market_square"",""absence_reason_ru"":""""},{""state_id"":""post_meal_rest"",""duration_minutes"":90,""runtime_status"":""sleeping"",""activity_ref"":""routine_post_meal_rest_v1"",""summary"":""Послеобеденный отдых (аналогия; длительность редакционная)."",""activity_status"":""active"",""uses_current_activity"":false,""can_continue_automatically"":true,""decision_required"":false,""presence_state"":""on_site"",""location_ref"":""pf_market_square"",""absence_reason_ru"":""""},{""state_id"":""afternoon_work"",""duration_minutes"":81,""runtime_status"":""available"",""activity_ref"":""routine_afternoon_work_v1"",""summary"":""держит торговое место"",""activity_status"":""active"",""uses_current_activity"":false,""can_continue_automatically"":true,""decision_required"":false,""presence_state"":""on_site"",""location_ref"":""pf_market_square"",""absence_reason_ru"":""""},{""state_id"":""evening_return"",""duration_minutes"":60,""runtime_status"":""available"",""activity_ref"":""routine_evening_return_v1"",""summary"":""Завершает дела."",""activity_status"":""active"",""uses_current_activity"":false,""can_continue_automatically"":true,""decision_required"":false,""presence_state"":""on_site"",""location_ref"":""pf_market_square"",""absence_reason_ru"":""""},{""state_id"":""sleep_after_dusk"",""duration_minutes"":444,""runtime_status"":""sleeping"",""activity_ref"":""routine_sleep_after_dusk_v1"",""summary"":""Ночной сон; место неизвестно."",""activity_status"":""active"",""uses_current_activity"":false,""can_continue_automatically"":true,""decision_required"":false,""presence_state"":""away"",""location_ref"":"""",""absence_reason_ru"":""ночлег требует индивидуальной привязки""}]",,data/novgorod-region/novgorod_occupations_v1_enriched.tsv#nov_occ_market_stall_seller:where_work_happens;places-binding/places/place_families.csv#pf_market_square;data/world-catalogs/novgorod/temporal-v4/datasets/calendar_daylight_light_profiles.json#record:calendar_daylight_light_profiles:novgorod_1230_1233_v2;book:375645 ¶964;book:375645 ¶965,rule:editorial_daylight_phase_partition_v2,no_source:exact_clock_times_and_individual_presence,C,candidate,Сезонный распорядок-кандидат; конкретный человек и доступ требуют сцены.
sch_nov_occ_market_stall_seller_pf_market_square_normal_autumn,2,nov_role_trader,nov_occ_market_stall_seller,normal,autumn,9|10|11,0,"[{""state_id"":""sleep_before_dawn"",""duration_minutes"":413,""runtime_status"":""sleeping"",""activity_ref"":""routine_sleep_before_dawn_v1"",""summary"":""Ночной сон; место неизвестно."",""activity_status"":""active"",""uses_current_activity"":false,""can_continue_automatically"":true,""decision_required"":false,""presence_state"":""away"",""location_ref"":"""",""absence_reason_ru"":""ночлег требует индивидуальной привязки""},{""state_id"":""preparation"",""duration_minutes"":60,""runtime_status"":""available"",""activity_ref"":""routine_preparation_v1"",""summary"":""Утренние дела после восхода."",""activity_status"":""active"",""uses_current_activity"":false,""can_continue_automatically"":true,""decision_required"":false,""presence_state"":""on_site"",""location_ref"":""pf_market_square"",""absence_reason_ru"":""""},{""state_id"":""morning_work"",""duration_minutes"":247,""runtime_status"":""available"",""activity_ref"":""routine_morning_work_v1"",""summary"":""утро: работа у места занятия; день: основной труд и переговоры; вечер: сдача инструмента, корм, семья или двор; ночь: обычно недоступен, кроме сторожи и дороги"",""activity_status"":""active"",""uses_current_activity"":false,""can_continue_automatically"":true,""decision_required"":false,""presence_state"":""on_site"",""location_ref"":""pf_market_square"",""absence_reason_ru"":""""},{""state_id"":""noon_meal"",""duration_minutes"":45,""runtime_status"":""available"",""activity_ref"":""routine_noon_meal_v1"",""summary"":""Полуденная трапеза (аналогия)."",""activity_status"":""active"",""uses_current_activity"":false,""can_continue_automatically"":true,""decision_required"":false,""presence_state"":""on_site"",""location_ref"":""pf_market_square"",""absence_reason_ru"":""""},{""state_id"":""post_meal_rest"",""duration_minutes"":90,""runtime_status"":""sleeping"",""activity_ref"":""routine_post_meal_rest_v1"",""summary"":""Послеобеденный отдых (аналогия; длительность редакционная)."",""activity_status"":""active"",""uses_current_activity"":false,""can_continue_automatically"":true,""decision_required"":false,""presence_state"":""on_site"",""location_ref"":""pf_market_square"",""absence_reason_ru"":""""},{""state_id"":""afternoon_work"",""duration_minutes"":81,""runtime_status"":""available"",""activity_ref"":""routine_afternoon_work_v1"",""summary"":""утро: работа у места занятия; день: основной труд и переговоры; вечер: сдача инструмента, корм, семья или двор; ночь: обычно недоступен, кроме сторожи и дороги"",""activity_status"":""active"",""uses_current_activity"":false,""can_continue_automatically"":true,""decision_required"":false,""presence_state"":""on_site"",""location_ref"":""pf_market_square"",""absence_reason_ru"":""""},{""state_id"":""evening_return"",""duration_minutes"":60,""runtime_status"":""available"",""activity_ref"":""routine_evening_return_v1"",""summary"":""Завершает дела."",""activity_status"":""active"",""uses_current_activity"":false,""can_continue_automatically"":true,""decision_required"":false,""presence_state"":""on_site"",""location_ref"":""pf_market_square"",""absence_reason_ru"":""""},{""state_id"":""sleep_after_dusk"",""duration_minutes"":444,""runtime_status"":""sleeping"",""activity_ref"":""routine_sleep_after_dusk_v1"",""summary"":""Ночной сон; место неизвестно."",""activity_status"":""active"",""uses_current_activity"":false,""can_continue_automatically"":true,""decision_required"":false,""presence_state"":""away"",""location_ref"":"""",""absence_reason_ru"":""ночлег требует индивидуальной привязки""}]",,data/novgorod-region/novgorod_occupations_v1_enriched.tsv#nov_occ_market_stall_seller:daily_schedule_normal;places-binding/places/place_families.csv#pf_market_square;data/world-catalogs/novgorod/temporal-v4/datasets/calendar_daylight_light_profiles.json#record:calendar_daylight_light_profiles:novgorod_1230_1233_v2;book:375645 ¶964;book:375645 ¶965,rule:editorial_daylight_phase_partition_v2,no_source:exact_clock_times_and_individual_presence,C,candidate,Сезонный распорядок-кандидат; конкретный человек и доступ требуют сцены.
sch_nov_occ_market_stall_seller_pf_market_square_market_day_spring,2,nov_role_trader,nov_occ_market_stall_seller,market_day,spring,3|4|5,0,"[{""state_id"":""sleep_before_dawn"",""duration_minutes"":268,""runtime_status"":""sleeping"",""activity_ref"":""routine_sleep_before_dawn_v1"",""summary"":""Ночной сон; место неизвестно."",""activity_status"":""active"",""uses_current_activity"":false,""can_continue_automatically"":true,""decision_required"":false,""presence_state"":""away"",""location_ref"":"""",""absence_reason_ru"":""ночлег требует индивидуальной привязки""},{""state_id"":""preparation"",""duration_minutes"":60,""runtime_status"":""available"",""activity_ref"":""routine_preparation_v1"",""summary"":""Утренние дела после восхода."",""activity_status"":""active"",""uses_current_activity"":false,""can_continue_automatically"":true,""decision_required"":false,""presence_state"":""on_site"",""location_ref"":""pf_market_square"",""absence_reason_ru"":""""},{""state_id"":""morning_work"",""duration_minutes"":392,""runtime_status"":""available"",""activity_ref"":""routine_morning_work_v1"",""summary"":""держит торговое место"",""activity_status"":""active"",""uses_current_activity"":false,""can_continue_automatically"":true,""decision_required"":false,""presence_state"":""on_site"",""location_ref"":""pf_market_square"",""absence_reason_ru"":""""},{""state_id"":""noon_meal"",""duration_minutes"":45,""runtime_status"":""available"",""activity_ref"":""routine_noon_meal_v1"",""summary"":""Полуденная трапеза (аналогия)."",""activity_status"":""active"",""uses_current_activity"":false,""can_continue_automatically"":true,""decision_required"":false,""presence_state"":""on_site"",""location_ref"":""pf_market_square"",""absence_reason_ru"":""""},{""state_id"":""post_meal_rest"",""duration_minutes"":90,""runtime_status"":""sleeping"",""activity_ref"":""routine_post_meal_rest_v1"",""summary"":""Послеобеденный отдых (аналогия; длительность редакционная)."",""activity_status"":""active"",""uses_current_activity"":false,""can_continue_automatically"":true,""decision_required"":false,""presence_state"":""on_site"",""location_ref"":""pf_market_square"",""absence_reason_ru"":""""},{""state_id"":""afternoon_work"",""duration_minutes"":253,""runtime_status"":""available"",""activity_ref"":""routine_afternoon_work_v1"",""summary"":""держит торговое место"",""activity_status"":""active"",""uses_current_activity"":false,""can_continue_automatically"":true,""decision_required"":false,""presence_state"":""on_site"",""location_ref"":""pf_market_square"",""absence_reason_ru"":""""},{""state_id"":""evening_return"",""duration_minutes"":60,""runtime_status"":""available"",""activity_ref"":""routine_evening_return_v1"",""summary"":""Завершает дела."",""activity_status"":""active"",""uses_current_activity"":false,""can_continue_automatically"":true,""decision_required"":false,""presence_state"":""on_site"",""location_ref"":""pf_market_square"",""absence_reason_ru"":""""},{""state_id"":""sleep_after_dusk"",""duration_minutes"":272,""runtime_status"":""sleeping"",""activity_ref"":""routine_sleep_after_dusk_v1"",""summary"":""Ночной сон; место неизвестно."",""activity_status"":""active"",""uses_current_activity"":false,""can_continue_automatically"":true,""decision_required"":false,""presence_state"":""away"",""location_ref"":"""",""absence_reason_ru"":""ночлег требует индивидуальной привязки""}]",,data/novgorod-region/novgorod_occupations_v1_enriched.tsv#nov_occ_market_stall_seller:where_work_happens;places-binding/places/place_families.csv#pf_market_square;data/world-catalogs/novgorod/temporal-v4/datasets/calendar_daylight_light_profiles.json#record:calendar_daylight_light_profiles:novgorod_1230_1233_v2;book:375645 ¶964;book:375645 ¶965,rule:editorial_daylight_phase_partition_v2,no_source:exact_clock_times_and_individual_presence,C,candidate,Сезонный распорядок-кандидат; конкретный человек и доступ требуют сцены.
sch_nov_occ_market_stall_seller_pf_market_square_normal_spring,2,nov_role_trader,nov_occ_market_stall_seller,normal,spring,3|4|5,0,"[{""state_id"":""sleep_before_dawn"",""duration_minutes"":268,""runtime_status"":""sleeping"",""activity_ref"":""routine_sleep_before_dawn_v1"",""summary"":""Ночной сон; место неизвестно."",""activity_status"":""active"",""uses_current_activity"":false,""can_continue_automatically"":true,""decision_required"":false,""presence_state"":""away"",""location_ref"":"""",""absence_reason_ru"":""ночлег требует индивидуальной привязки""},{""state_id"":""preparation"",""duration_minutes"":60,""runtime_status"":""available"",""activity_ref"":""routine_preparation_v1"",""summary"":""Утренние дела после восхода."",""activity_status"":""active"",""uses_current_activity"":false,""can_continue_automatically"":true,""decision_required"":false,""presence_state"":""on_site"",""location_ref"":""pf_market_square"",""absence_reason_ru"":""""},{""state_id"":""morning_work"",""duration_minutes"":392,""runtime_status"":""available"",""activity_ref"":""routine_morning_work_v1"",""summary"":""утро: работа у места занятия; день: основной труд и переговоры; вечер: сдача инструмента, корм, семья или двор; ночь: обычно недоступен, кроме сторожи и дороги"",""activity_status"":""active"",""uses_current_activity"":false,""can_continue_automatically"":true,""decision_required"":false,""presence_state"":""on_site"",""location_ref"":""pf_market_square"",""absence_reason_ru"":""""},{""state_id"":""noon_meal"",""duration_minutes"":45,""runtime_status"":""available"",""activity_ref"":""routine_noon_meal_v1"",""summary"":""Полуденная трапеза (аналогия)."",""activity_status"":""active"",""uses_current_activity"":false,""can_continue_automatically"":true,""decision_required"":false,""presence_state"":""on_site"",""location_ref"":""pf_market_square"",""absence_reason_ru"":""""},{""state_id"":""post_meal_rest"",""duration_minutes"":90,""runtime_status"":""sleeping"",""activity_ref"":""routine_post_meal_rest_v1"",""summary"":""Послеобеденный отдых (аналогия; длительность редакционная)."",""activity_status"":""active"",""uses_current_activity"":false,""can_continue_automatically"":true,""decision_required"":false,""presence_state"":""on_site"",""location_ref"":""pf_market_square"",""absence_reason_ru"":""""},{""state_id"":""afternoon_work"",""duration_minutes"":253,""runtime_status"":""available"",""activity_ref"":""routine_afternoon_work_v1"",""summary"":""утро: работа у места занятия; день: основной труд и переговоры; вечер: сдача инструмента, корм, семья или двор; ночь: обычно недоступен, кроме сторожи и дороги"",""activity_status"":""active"",""uses_current_activity"":false,""can_continue_automatically"":true,""decision_required"":false,""presence_state"":""on_site"",""location_ref"":""pf_market_square"",""absence_reason_ru"":""""},{""state_id"":""evening_return"",""duration_minutes"":60,""runtime_status"":""available"",""activity_ref"":""routine_evening_return_v1"",""summary"":""Завершает дела."",""activity_status"":""active"",""uses_current_activity"":false,""can_continue_automatically"":true,""decision_required"":false,""presence_state"":""on_site"",""location_ref"":""pf_market_square"",""absence_reason_ru"":""""},{""state_id"":""sleep_after_dusk"",""duration_minutes"":272,""runtime_status"":""sleeping"",""activity_ref"":""routine_sleep_after_dusk_v1"",""summary"":""Ночной сон; место неизвестно."",""activity_status"":""active"",""uses_current_activity"":false,""can_continue_automatically"":true,""decision_required"":false,""presence_state"":""away"",""location_ref"":"""",""absence_reason_ru"":""ночлег требует индивидуальной привязки""}]",,data/novgorod-region/novgorod_occupations_v1_enriched.tsv#nov_occ_market_stall_seller:daily_schedule_normal;places-binding/places/place_families.csv#pf_market_square;data/world-catalogs/novgorod/temporal-v4/datasets/calendar_daylight_light_profiles.json#record:calendar_daylight_light_profiles:novgorod_1230_1233_v2;book:375645 ¶964;book:375645 ¶965,rule:editorial_daylight_phase_partition_v2,no_source:exact_clock_times_and_individual_presence,C,candidate,Сезонный распорядок-кандидат; конкретный человек и доступ требуют сцены.
sch_nov_occ_market_stall_seller_pf_market_square_market_day_summer,2,nov_role_trader,nov_occ_market_stall_seller,market_day,summer,6|7|8,0,"[{""state_id"":""sleep_before_dawn"",""duration_minutes"":206,""runtime_status"":""sleeping"",""activity_ref"":""routine_sleep_before_dawn_v1"",""summary"":""Ночной сон; место неизвестно."",""activity_status"":""active"",""uses_current_activity"":false,""can_continue_automatically"":true,""decision_required"":false,""presence_state"":""away"",""location_ref"":"""",""absence_reason_ru"":""ночлег требует индивидуальной привязки""},{""state_id"":""preparation"",""duration_minutes"":60,""runtime_status"":""available"",""activity_ref"":""routine_preparation_v1"",""summary"":""Утренние дела после восхода."",""activity_status"":""active"",""uses_current_activity"":false,""can_continue_automatically"":true,""decision_required"":false,""presence_state"":""on_site"",""location_ref"":""pf_market_square"",""absence_reason_ru"":""""},{""state_id"":""morning_work"",""duration_minutes"":454,""runtime_status"":""available"",""activity_ref"":""routine_morning_work_v1"",""summary"":""держит торговое место"",""activity_status"":""active"",""uses_current_activity"":false,""can_continue_automatically"":true,""decision_required"":false,""presence_state"":""on_site"",""location_ref"":""pf_market_square"",""absence_reason_ru"":""""},{""state_id"":""noon_meal"",""duration_minutes"":45,""runtime_status"":""available"",""activity_ref"":""routine_noon_meal_v1"",""summary"":""Полуденная трапеза (аналогия)."",""activity_status"":""active"",""uses_current_activity"":false,""can_continue_automatically"":true,""decision_required"":false,""presence_state"":""on_site"",""location_ref"":""pf_market_square"",""absence_reason_ru"":""""},{""state_id"":""post_meal_rest"",""duration_minutes"":90,""runtime_status"":""sleeping"",""activity_ref"":""routine_post_meal_rest_v1"",""summary"":""Послеобеденный отдых (аналогия; длительность редакционная)."",""activity_status"":""active"",""uses_current_activity"":false,""can_continue_automatically"":true,""decision_required"":false,""presence_state"":""on_site"",""location_ref"":""pf_market_square"",""absence_reason_ru"":""""},{""state_id"":""afternoon_work"",""duration_minutes"":328,""runtime_status"":""available"",""activity_ref"":""routine_afternoon_work_v1"",""summary"":""держит торговое место"",""activity_status"":""active"",""uses_current_activity"":false,""can_continue_automatically"":true,""decision_required"":false,""presence_state"":""on_site"",""location_ref"":""pf_market_square"",""absence_reason_ru"":""""},{""state_id"":""evening_return"",""duration_minutes"":60,""runtime_status"":""available"",""activity_ref"":""routine_evening_return_v1"",""summary"":""Завершает дела."",""activity_status"":""active"",""uses_current_activity"":false,""can_continue_automatically"":true,""decision_required"":false,""presence_state"":""on_site"",""location_ref"":""pf_market_square"",""absence_reason_ru"":""""},{""state_id"":""sleep_after_dusk"",""duration_minutes"":197,""runtime_status"":""sleeping"",""activity_ref"":""routine_sleep_after_dusk_v1"",""summary"":""Ночной сон; место неизвестно."",""activity_status"":""active"",""uses_current_activity"":false,""can_continue_automatically"":true,""decision_required"":false,""presence_state"":""away"",""location_ref"":"""",""absence_reason_ru"":""ночлег требует индивидуальной привязки""}]",,data/novgorod-region/novgorod_occupations_v1_enriched.tsv#nov_occ_market_stall_seller:where_work_happens;places-binding/places/place_families.csv#pf_market_square;data/world-catalogs/novgorod/temporal-v4/datasets/calendar_daylight_light_profiles.json#record:calendar_daylight_light_profiles:novgorod_1230_1233_v2;book:375645 ¶964;book:375645 ¶965,rule:editorial_daylight_phase_partition_v2,no_source:exact_clock_times_and_individual_presence,C,candidate,Сезонный распорядок-кандидат; конкретный человек и доступ требуют сцены.
sch_nov_occ_market_stall_seller_pf_market_square_normal_summer,2,nov_role_trader,nov_occ_market_stall_seller,normal,summer,6|7|8,0,"[{""state_id"":""sleep_before_dawn"",""duration_minutes"":206,""runtime_status"":""sleeping"",""activity_ref"":""routine_sleep_before_dawn_v1"",""summary"":""Ночной сон; место неизвестно."",""activity_status"":""active"",""uses_current_activity"":false,""can_continue_automatically"":true,""decision_required"":false,""presence_state"":""away"",""location_ref"":"""",""absence_reason_ru"":""ночлег требует индивидуальной привязки""},{""state_id"":""preparation"",""duration_minutes"":60,""runtime_status"":""available"",""activity_ref"":""routine_preparation_v1"",""summary"":""Утренние дела после восхода."",""activity_status"":""active"",""uses_current_activity"":false,""can_continue_automatically"":true,""decision_required"":false,""presence_state"":""on_site"",""location_ref"":""pf_market_square"",""absence_reason_ru"":""""},{""state_id"":""morning_work"",""duration_minutes"":454,""runtime_status"":""available"",""activity_ref"":""routine_morning_work_v1"",""summary"":""утро: работа у места занятия; день: основной труд и переговоры; вечер: сдача инструмента, корм, семья или двор; ночь: обычно недоступен, кроме сторожи и дороги"",""activity_status"":""active"",""uses_current_activity"":false,""can_continue_automatically"":true,""decision_required"":false,""presence_state"":""on_site"",""location_ref"":""pf_market_square"",""absence_reason_ru"":""""},{""state_id"":""noon_meal"",""duration_minutes"":45,""runtime_status"":""available"",""activity_ref"":""routine_noon_meal_v1"",""summary"":""Полуденная трапеза (аналогия)."",""activity_status"":""active"",""uses_current_activity"":false,""can_continue_automatically"":true,""decision_required"":false,""presence_state"":""on_site"",""location_ref"":""pf_market_square"",""absence_reason_ru"":""""},{""state_id"":""post_meal_rest"",""duration_minutes"":90,""runtime_status"":""sleeping"",""activity_ref"":""routine_post_meal_rest_v1"",""summary"":""Послеобеденный отдых (аналогия; длительность редакционная)."",""activity_status"":""active"",""uses_current_activity"":false,""can_continue_automatically"":true,""decision_required"":false,""presence_state"":""on_site"",""location_ref"":""pf_market_square"",""absence_reason_ru"":""""},{""state_id"":""afternoon_work"",""duration_minutes"":328,""runtime_status"":""available"",""activity_ref"":""routine_afternoon_work_v1"",""summary"":""утро: работа у места занятия; день: основной труд и переговоры; вечер: сдача инструмента, корм, семья или двор; ночь: обычно недоступен, кроме сторожи и дороги"",""activity_status"":""active"",""uses_current_activity"":false,""can_continue_automatically"":true,""decision_required"":false,""presence_state"":""on_site"",""location_ref"":""pf_market_square"",""absence_reason_ru"":""""},{""state_id"":""evening_return"",""duration_minutes"":60,""runtime_status"":""available"",""activity_ref"":""routine_evening_return_v1"",""summary"":""Завершает дела."",""activity_status"":""active"",""uses_current_activity"":false,""can_continue_automatically"":true,""decision_required"":false,""presence_state"":""on_site"",""location_ref"":""pf_market_square"",""absence_reason_ru"":""""},{""state_id"":""sleep_after_dusk"",""duration_minutes"":197,""runtime_status"":""sleeping"",""activity_ref"":""routine_sleep_after_dusk_v1"",""summary"":""Ночной сон; место неизвестно."",""activity_status"":""active"",""uses_current_activity"":false,""can_continue_automatically"":true,""decision_required"":false,""presence_state"":""away"",""location_ref"":"""",""absence_reason_ru"":""ночлег требует индивидуальной привязки""}]",,data/novgorod-region/novgorod_occupations_v1_enriched.tsv#nov_occ_market_stall_seller:daily_schedule_normal;places-binding/places/place_families.csv#pf_market_square;data/world-catalogs/novgorod/temporal-v4/datasets/calendar_daylight_light_profiles.json#record:calendar_daylight_light_profiles:novgorod_1230_1233_v2;book:375645 ¶964;book:375645 ¶965,rule:editorial_daylight_phase_partition_v2,no_source:exact_clock_times_and_individual_presence,C,candidate,Сезонный распорядок-кандидат; конкретный человек и доступ требуют сцены.
sch_nov_occ_market_stall_seller_pf_market_square_market_day_winter,2,nov_role_trader,nov_occ_market_stall_seller,market_day,winter,12|1|2,0,"[{""state_id"":""sleep_before_dawn"",""duration_minutes"":508,""runtime_status"":""sleeping"",""activity_ref"":""routine_sleep_before_dawn_v1"",""summary"":""Ночной сон; место неизвестно."",""activity_status"":""active"",""uses_current_activity"":false,""can_continue_automatically"":true,""decision_required"":false,""presence_state"":""away"",""location_ref"":"""",""absence_reason_ru"":""ночлег требует индивидуальной привязки""},{""state_id"":""preparation"",""duration_minutes"":60,""runtime_status"":""available"",""activity_ref"":""routine_preparation_v1"",""summary"":""Утренние дела после восхода."",""activity_status"":""active"",""uses_current_activity"":false,""can_continue_automatically"":true,""decision_required"":false,""presence_state"":""on_site"",""location_ref"":""pf_market_square"",""absence_reason_ru"":""""},{""state_id"":""morning_work"",""duration_minutes"":152,""runtime_status"":""available"",""activity_ref"":""routine_morning_work_v1"",""summary"":""держит торговое место"",""activity_status"":""active"",""uses_current_activity"":false,""can_continue_automatically"":true,""decision_required"":false,""presence_state"":""on_site"",""location_ref"":""pf_market_square"",""absence_reason_ru"":""""},{""state_id"":""noon_meal"",""duration_minutes"":45,""runtime_status"":""available"",""activity_ref"":""routine_noon_meal_v1"",""summary"":""Полуденная трапеза (аналогия)."",""activity_status"":""active"",""uses_current_activity"":false,""can_continue_automatically"":true,""decision_required"":false,""presence_state"":""on_site"",""location_ref"":""pf_market_square"",""absence_reason_ru"":""""},{""state_id"":""post_meal_rest"",""duration_minutes"":90,""runtime_status"":""sleeping"",""activity_ref"":""routine_post_meal_rest_v1"",""summary"":""Послеобеденный отдых (аналогия; длительность редакционная)."",""activity_status"":""active"",""uses_current_activity"":false,""can_continue_automatically"":true,""decision_required"":false,""presence_state"":""on_site"",""location_ref"":""pf_market_square"",""absence_reason_ru"":""""},{""state_id"":""afternoon_work"",""duration_minutes"":44,""runtime_status"":""available"",""activity_ref"":""routine_afternoon_work_v1"",""summary"":""держит торговое место"",""activity_status"":""active"",""uses_current_activity"":false,""can_continue_automatically"":true,""decision_required"":false,""presence_state"":""on_site"",""location_ref"":""pf_market_square"",""absence_reason_ru"":""""},{""state_id"":""evening_return"",""duration_minutes"":60,""runtime_status"":""available"",""activity_ref"":""routine_evening_return_v1"",""summary"":""Завершает дела."",""activity_status"":""active"",""uses_current_activity"":false,""can_continue_automatically"":true,""decision_required"":false,""presence_state"":""on_site"",""location_ref"":""pf_market_square"",""absence_reason_ru"":""""},{""state_id"":""sleep_after_dusk"",""duration_minutes"":481,""runtime_status"":""sleeping"",""activity_ref"":""routine_sleep_after_dusk_v1"",""summary"":""Ночной сон; место неизвестно."",""activity_status"":""active"",""uses_current_activity"":false,""can_continue_automatically"":true,""decision_required"":false,""presence_state"":""away"",""location_ref"":"""",""absence_reason_ru"":""ночлег требует индивидуальной привязки""}]",,data/novgorod-region/novgorod_occupations_v1_enriched.tsv#nov_occ_market_stall_seller:where_work_happens;places-binding/places/place_families.csv#pf_market_square;data/world-catalogs/novgorod/temporal-v4/datasets/calendar_daylight_light_profiles.json#record:calendar_daylight_light_profiles:novgorod_1230_1233_v2;book:375645 ¶964;book:375645 ¶965,rule:editorial_daylight_phase_partition_v2,no_source:exact_clock_times_and_individual_presence,C,candidate,Сезонный распорядок-кандидат; конкретный человек и доступ требуют сцены.
sch_nov_occ_market_stall_seller_pf_market_square_normal_winter,2,nov_role_trader,nov_occ_market_stall_seller,normal,winter,12|1|2,0,"[{""state_id"":""sleep_before_dawn"",""duration_minutes"":508,""runtime_status"":""sleeping"",""activity_ref"":""routine_sleep_before_dawn_v1"",""summary"":""Ночной сон; место неизвестно."",""activity_status"":""active"",""uses_current_activity"":false,""can_continue_automatically"":true,""decision_required"":false,""presence_state"":""away"",""location_ref"":"""",""absence_reason_ru"":""ночлег требует индивидуальной привязки""},{""state_id"":""preparation"",""duration_minutes"":60,""runtime_status"":""available"",""activity_ref"":""routine_preparation_v1"",""summary"":""Утренние дела после восхода."",""activity_status"":""active"",""uses_current_activity"":false,""can_continue_automatically"":true,""decision_required"":false,""presence_state"":""on_site"",""location_ref"":""pf_market_square"",""absence_reason_ru"":""""},{""state_id"":""morning_work"",""duration_minutes"":152,""runtime_status"":""available"",""activity_ref"":""routine_morning_work_v1"",""summary"":""утро: работа у места занятия; день: основной труд и переговоры; вечер: сдача инструмента, корм, семья или двор; ночь: обычно недоступен, кроме сторожи и дороги"",""activity_status"":""active"",""uses_current_activity"":false,""can_continue_automatically"":true,""decision_required"":false,""presence_state"":""on_site"",""location_ref"":""pf_market_square"",""absence_reason_ru"":""""},{""state_id"":""noon_meal"",""duration_minutes"":45,""runtime_status"":""available"",""activity_ref"":""routine_noon_meal_v1"",""summary"":""Полуденная трапеза (аналогия)."",""activity_status"":""active"",""uses_current_activity"":false,""can_continue_automatically"":true,""decision_required"":false,""presence_state"":""on_site"",""location_ref"":""pf_market_square"",""absence_reason_ru"":""""},{""state_id"":""post_meal_rest"",""duration_minutes"":90,""runtime_status"":""sleeping"",""activity_ref"":""routine_post_meal_rest_v1"",""summary"":""Послеобеденный отдых (аналогия; длительность редакционная)."",""activity_status"":""active"",""uses_current_activity"":false,""can_continue_automatically"":true,""decision_required"":false,""presence_state"":""on_site"",""location_ref"":""pf_market_square"",""absence_reason_ru"":""""},{""state_id"":""afternoon_work"",""duration_minutes"":44,""runtime_status"":""available"",""activity_ref"":""routine_afternoon_work_v1"",""summary"":""утро: работа у места занятия; день: основной труд и переговоры; вечер: сдача инструмента, корм, семья или двор; ночь: обычно недоступен, кроме сторожи и дороги"",""activity_status"":""active"",""uses_current_activity"":false,""can_continue_automatically"":true,""decision_required"":false,""presence_state"":""on_site"",""location_ref"":""pf_market_square"",""absence_reason_ru"":""""},{""state_id"":""evening_return"",""duration_minutes"":60,""runtime_status"":""available"",""activity_ref"":""routine_evening_return_v1"",""summary"":""Завершает дела."",""activity_status"":""active"",""uses_current_activity"":false,""can_continue_automatically"":true,""decision_required"":false,""presence_state"":""on_site"",""location_ref"":""pf_market_square"",""absence_reason_ru"":""""},{""state_id"":""sleep_after_dusk"",""duration_minutes"":481,""runtime_status"":""sleeping"",""activity_ref"":""routine_sleep_after_dusk_v1"",""summary"":""Ночной сон; место неизвестно."",""activity_status"":""active"",""uses_current_activity"":false,""can_continue_automatically"":true,""decision_required"":false,""presence_state"":""away"",""location_ref"":"""",""absence_reason_ru"":""ночлег требует индивидуальной привязки""}]",,data/novgorod-region/novgorod_occupations_v1_enriched.tsv#nov_occ_market_stall_seller:daily_schedule_normal;places-binding/places/place_families.csv#pf_market_square;data/world-catalogs/novgorod/temporal-v4/datasets/calendar_daylight_light_profiles.json#record:calendar_daylight_light_profiles:novgorod_1230_1233_v2;book:375645 ¶964;book:375645 ¶965,rule:editorial_daylight_phase_partition_v2,no_source:exact_clock_times_and_individual_presence,C,candidate,Сезонный распорядок-кандидат; конкретный человек и доступ требуют сцены.
sch_nov_occ_parish_priest_service_pf_church_interior_church_day_autumn,2,nov_role_priest,nov_occ_parish_priest_service,church_day,autumn,9|10|11,0,"[{""state_id"":""sleep_before_service"",""duration_minutes"":353,""runtime_status"":""sleeping"",""activity_ref"":""routine_sleep_before_service_v1"",""summary"":""Сон до заутрени; ночлег не установлен."",""activity_status"":""active"",""uses_current_activity"":false,""can_continue_automatically"":true,""decision_required"":false,""presence_state"":""away"",""location_ref"":"""",""absence_reason_ru"":""ночлег требует индивидуальной привязки""},{""state_id"":""early_service"",""duration_minutes"":60,""runtime_status"":""available"",""activity_ref"":""routine_early_service_v1"",""summary"":""Заутреня; пономарь подаёт сигнал к службе."",""activity_status"":""active"",""uses_current_activity"":false,""can_continue_automatically"":true,""decision_required"":false,""presence_state"":""on_site"",""location_ref"":""pf_church_interior"",""absence_reason_ru"":""""},{""state_id"":""morning_work"",""duration_minutes"":307,""runtime_status"":""available"",""activity_ref"":""routine_morning_work_v1"",""summary"":""занят приходской службой и обращениями людей"",""activity_status"":""active"",""uses_current_activity"":false,""can_continue_automatically"":true,""decision_required"":false,""presence_state"":""on_site"",""location_ref"":""pf_church_interior"",""absence_reason_ru"":""""},{""state_id"":""noon_meal"",""duration_minutes"":45,""runtime_status"":""available"",""activity_ref"":""routine_noon_meal_v1"",""summary"":""Полуденная трапеза (аналогия)."",""activity_status"":""active"",""uses_current_activity"":false,""can_continue_automatically"":true,""decision_required"":false,""presence_state"":""away"",""location_ref"":"""",""absence_reason_ru"":""место вне службы требует индивидуальной привязки""},{""state_id"":""post_meal_rest"",""duration_minutes"":90,""runtime_status"":""sleeping"",""activity_ref"":""routine_post_meal_rest_v1"",""summary"":""Послеобеденный отдых (аналогия; длительность редакционная)."",""activity_status"":""active"",""uses_current_activity"":false,""can_continue_automatically"":true,""decision_required"":false,""presence_state"":""away"",""location_ref"":"""",""absence_reason_ru"":""место вне службы требует индивидуальной привязки""},{""state_id"":""afternoon_work"",""duration_minutes"":81,""runtime_status"":""available"",""activity_ref"":""routine_afternoon_work_v1"",""summary"":""занят приходской службой и обращениями людей"",""activity_status"":""active"",""uses_current_activity"":false,""can_continue_automatically"":true,""decision_required"":false,""presence_state"":""on_site"",""location_ref"":""pf_church_interior"",""absence_reason_ru"":""""},{""state_id"":""evening_return"",""duration_minutes"":60,""runtime_status"":""available"",""activity_ref"":""routine_evening_return_v1"",""summary"":""Завершает дела."",""activity_status"":""active"",""uses_current_activity"":false,""can_continue_automatically"":true,""decision_required"":false,""presence_state"":""away"",""location_ref"":"""",""absence_reason_ru"":""место вне службы требует индивидуальной привязки""},{""state_id"":""sleep_after_dusk"",""duration_minutes"":444,""runtime_status"":""sleeping"",""activity_ref"":""routine_sleep_after_dusk_v1"",""summary"":""Ночной сон; место неизвестно."",""activity_status"":""active"",""uses_current_activity"":false,""can_continue_automatically"":true,""decision_required"":false,""presence_state"":""away"",""location_ref"":"""",""absence_reason_ru"":""ночлег требует индивидуальной привязки""}]",,data/novgorod-region/novgorod_occupations_v1_enriched.tsv#nov_occ_parish_priest_service:where_work_happens;places-binding/places/place_families.csv#pf_church_interior;data/world-catalogs/novgorod/temporal-v4/datasets/calendar_daylight_light_profiles.json#record:calendar_daylight_light_profiles:novgorod_1230_1233_v2;book:375645 ¶964;book:375645 ¶965;book:641342 ¶1788,rule:editorial_daylight_phase_partition_v2,no_source:exact_clock_times_and_individual_presence,C,candidate,Сезонный распорядок-кандидат; конкретный человек и доступ требуют сцены.
sch_nov_occ_parish_priest_service_pf_church_interior_normal_autumn,2,nov_role_priest,nov_occ_parish_priest_service,normal,autumn,9|10|11,0,"[{""state_id"":""sleep_before_service"",""duration_minutes"":353,""runtime_status"":""sleeping"",""activity_ref"":""routine_sleep_before_service_v1"",""summary"":""Сон до заутрени; ночлег не установлен."",""activity_status"":""active"",""uses_current_activity"":false,""can_continue_automatically"":true,""decision_required"":false,""presence_state"":""away"",""location_ref"":"""",""absence_reason_ru"":""ночлег требует индивидуальной привязки""},{""state_id"":""early_service"",""duration_minutes"":60,""runtime_status"":""available"",""activity_ref"":""routine_early_service_v1"",""summary"":""Заутреня; пономарь подаёт сигнал к службе."",""activity_status"":""active"",""uses_current_activity"":false,""can_continue_automatically"":true,""decision_required"":false,""presence_state"":""on_site"",""location_ref"":""pf_church_interior"",""absence_reason_ru"":""""},{""state_id"":""morning_work"",""duration_minutes"":307,""runtime_status"":""available"",""activity_ref"":""routine_morning_work_v1"",""summary"":""утро: работа у места занятия; день: основной труд и переговоры; вечер: сдача инструмента, корм, семья или двор; ночь: обычно недоступен, кроме сторожи и дороги"",""activity_status"":""active"",""uses_current_activity"":false,""can_continue_automatically"":true,""decision_required"":false,""presence_state"":""on_site"",""location_ref"":""pf_church_interior"",""absence_reason_ru"":""""},{""state_id"":""noon_meal"",""duration_minutes"":45,""runtime_status"":""available"",""activity_ref"":""routine_noon_meal_v1"",""summary"":""Полуденная трапеза (аналогия)."",""activity_status"":""active"",""uses_current_activity"":false,""can_continue_automatically"":true,""decision_required"":false,""presence_state"":""away"",""location_ref"":"""",""absence_reason_ru"":""место вне службы требует индивидуальной привязки""},{""state_id"":""post_meal_rest"",""duration_minutes"":90,""runtime_status"":""sleeping"",""activity_ref"":""routine_post_meal_rest_v1"",""summary"":""Послеобеденный отдых (аналогия; длительность редакционная)."",""activity_status"":""active"",""uses_current_activity"":false,""can_continue_automatically"":true,""decision_required"":false,""presence_state"":""away"",""location_ref"":"""",""absence_reason_ru"":""место вне службы требует индивидуальной привязки""},{""state_id"":""afternoon_work"",""duration_minutes"":81,""runtime_status"":""available"",""activity_ref"":""routine_afternoon_work_v1"",""summary"":""утро: работа у места занятия; день: основной труд и переговоры; вечер: сдача инструмента, корм, семья или двор; ночь: обычно недоступен, кроме сторожи и дороги"",""activity_status"":""active"",""uses_current_activity"":false,""can_continue_automatically"":true,""decision_required"":false,""presence_state"":""on_site"",""location_ref"":""pf_church_interior"",""absence_reason_ru"":""""},{""state_id"":""evening_return"",""duration_minutes"":60,""runtime_status"":""available"",""activity_ref"":""routine_evening_return_v1"",""summary"":""Завершает дела."",""activity_status"":""active"",""uses_current_activity"":false,""can_continue_automatically"":true,""decision_required"":false,""presence_state"":""away"",""location_ref"":"""",""absence_reason_ru"":""место вне службы требует индивидуальной привязки""},{""state_id"":""sleep_after_dusk"",""duration_minutes"":444,""runtime_status"":""sleeping"",""activity_ref"":""routine_sleep_after_dusk_v1"",""summary"":""Ночной сон; место неизвестно."",""activity_status"":""active"",""uses_current_activity"":false,""can_continue_automatically"":true,""decision_required"":false,""presence_state"":""away"",""location_ref"":"""",""absence_reason_ru"":""ночлег требует индивидуальной привязки""}]",,data/novgorod-region/novgorod_occupations_v1_enriched.tsv#nov_occ_parish_priest_service:daily_schedule_normal;places-binding/places/place_families.csv#pf_church_interior;data/world-catalogs/novgorod/temporal-v4/datasets/calendar_daylight_light_profiles.json#record:calendar_daylight_light_profiles:novgorod_1230_1233_v2;book:375645 ¶964;book:375645 ¶965;book:641342 ¶1788,rule:editorial_daylight_phase_partition_v2,no_source:exact_clock_times_and_individual_presence,C,candidate,Сезонный распорядок-кандидат; конкретный человек и доступ требуют сцены.
sch_nov_occ_parish_priest_service_pf_church_interior_church_day_spring,2,nov_role_priest,nov_occ_parish_priest_service,church_day,spring,3|4|5,0,"[{""state_id"":""sleep_before_service"",""duration_minutes"":208,""runtime_status"":""sleeping"",""activity_ref"":""routine_sleep_before_service_v1"",""summary"":""Сон до заутрени; ночлег не установлен."",""activity_status"":""active"",""uses_current_activity"":false,""can_continue_automatically"":true,""decision_required"":false,""presence_state"":""away"",""location_ref"":"""",""absence_reason_ru"":""ночлег требует индивидуальной привязки""},{""state_id"":""early_service"",""duration_minutes"":60,""runtime_status"":""available"",""activity_ref"":""routine_early_service_v1"",""summary"":""Заутреня; пономарь подаёт сигнал к службе."",""activity_status"":""active"",""uses_current_activity"":false,""can_continue_automatically"":true,""decision_required"":false,""presence_state"":""on_site"",""location_ref"":""pf_church_interior"",""absence_reason_ru"":""""},{""state_id"":""morning_work"",""duration_minutes"":452,""runtime_status"":""available"",""activity_ref"":""routine_morning_work_v1"",""summary"":""занят приходской службой и обращениями людей"",""activity_status"":""active"",""uses_current_activity"":false,""can_continue_automatically"":true,""decision_required"":false,""presence_state"":""on_site"",""location_ref"":""pf_church_interior"",""absence_reason_ru"":""""},{""state_id"":""noon_meal"",""duration_minutes"":45,""runtime_status"":""available"",""activity_ref"":""routine_noon_meal_v1"",""summary"":""Полуденная трапеза (аналогия)."",""activity_status"":""active"",""uses_current_activity"":false,""can_continue_automatically"":true,""decision_required"":false,""presence_state"":""away"",""location_ref"":"""",""absence_reason_ru"":""место вне службы требует индивидуальной привязки""},{""state_id"":""post_meal_rest"",""duration_minutes"":90,""runtime_status"":""sleeping"",""activity_ref"":""routine_post_meal_rest_v1"",""summary"":""Послеобеденный отдых (аналогия; длительность редакционная)."",""activity_status"":""active"",""uses_current_activity"":false,""can_continue_automatically"":true,""decision_required"":false,""presence_state"":""away"",""location_ref"":"""",""absence_reason_ru"":""место вне службы требует индивидуальной привязки""},{""state_id"":""afternoon_work"",""duration_minutes"":253,""runtime_status"":""available"",""activity_ref"":""routine_afternoon_work_v1"",""summary"":""занят приходской службой и обращениями людей"",""activity_status"":""active"",""uses_current_activity"":false,""can_continue_automatically"":true,""decision_required"":false,""presence_state"":""on_site"",""location_ref"":""pf_church_interior"",""absence_reason_ru"":""""},{""state_id"":""evening_return"",""duration_minutes"":60,""runtime_status"":""available"",""activity_ref"":""routine_evening_return_v1"",""summary"":""Завершает дела."",""activity_status"":""active"",""uses_current_activity"":false,""can_continue_automatically"":true,""decision_required"":false,""presence_state"":""away"",""location_ref"":"""",""absence_reason_ru"":""место вне службы требует индивидуальной привязки""},{""state_id"":""sleep_after_dusk"",""duration_minutes"":272,""runtime_status"":""sleeping"",""activity_ref"":""routine_sleep_after_dusk_v1"",""summary"":""Ночной сон; место неизвестно."",""activity_status"":""active"",""uses_current_activity"":false,""can_continue_automatically"":true,""decision_required"":false,""presence_state"":""away"",""location_ref"":"""",""absence_reason_ru"":""ночлег требует индивидуальной привязки""}]",,data/novgorod-region/novgorod_occupations_v1_enriched.tsv#nov_occ_parish_priest_service:where_work_happens;places-binding/places/place_families.csv#pf_church_interior;data/world-catalogs/novgorod/temporal-v4/datasets/calendar_daylight_light_profiles.json#record:calendar_daylight_light_profiles:novgorod_1230_1233_v2;book:375645 ¶964;book:375645 ¶965;book:641342 ¶1788,rule:editorial_daylight_phase_partition_v2,no_source:exact_clock_times_and_individual_presence,C,candidate,Сезонный распорядок-кандидат; конкретный человек и доступ требуют сцены.
sch_nov_occ_parish_priest_service_pf_church_interior_normal_spring,2,nov_role_priest,nov_occ_parish_priest_service,normal,spring,3|4|5,0,"[{""state_id"":""sleep_before_service"",""duration_minutes"":208,""runtime_status"":""sleeping"",""activity_ref"":""routine_sleep_before_service_v1"",""summary"":""Сон до заутрени; ночлег не установлен."",""activity_status"":""active"",""uses_current_activity"":false,""can_continue_automatically"":true,""decision_required"":false,""presence_state"":""away"",""location_ref"":"""",""absence_reason_ru"":""ночлег требует индивидуальной привязки""},{""state_id"":""early_service"",""duration_minutes"":60,""runtime_status"":""available"",""activity_ref"":""routine_early_service_v1"",""summary"":""Заутреня; пономарь подаёт сигнал к службе."",""activity_status"":""active"",""uses_current_activity"":false,""can_continue_automatically"":true,""decision_required"":false,""presence_state"":""on_site"",""location_ref"":""pf_church_interior"",""absence_reason_ru"":""""},{""state_id"":""morning_work"",""duration_minutes"":452,""runtime_status"":""available"",""activity_ref"":""routine_morning_work_v1"",""summary"":""утро: работа у места занятия; день: основной труд и переговоры; вечер: сдача инструмента, корм, семья или двор; ночь: обычно недоступен, кроме сторожи и дороги"",""activity_status"":""active"",""uses_current_activity"":false,""can_continue_automatically"":true,""decision_required"":false,""presence_state"":""on_site"",""location_ref"":""pf_church_interior"",""absence_reason_ru"":""""},{""state_id"":""noon_meal"",""duration_minutes"":45,""runtime_status"":""available"",""activity_ref"":""routine_noon_meal_v1"",""summary"":""Полуденная трапеза (аналогия)."",""activity_status"":""active"",""uses_current_activity"":false,""can_continue_automatically"":true,""decision_required"":false,""presence_state"":""away"",""location_ref"":"""",""absence_reason_ru"":""место вне службы требует индивидуальной привязки""},{""state_id"":""post_meal_rest"",""duration_minutes"":90,""runtime_status"":""sleeping"",""activity_ref"":""routine_post_meal_rest_v1"",""summary"":""Послеобеденный отдых (аналогия; длительность редакционная)."",""activity_status"":""active"",""uses_current_activity"":false,""can_continue_automatically"":true,""decision_required"":false,""presence_state"":""away"",""location_ref"":"""",""absence_reason_ru"":""место вне службы требует индивидуальной привязки""},{""state_id"":""afternoon_work"",""duration_minutes"":253,""runtime_status"":""available"",""activity_ref"":""routine_afternoon_work_v1"",""summary"":""утро: работа у места занятия; день: основной труд и переговоры; вечер: сдача инструмента, корм, семья или двор; ночь: обычно недоступен, кроме сторожи и дороги"",""activity_status"":""active"",""uses_current_activity"":false,""can_continue_automatically"":true,""decision_required"":false,""presence_state"":""on_site"",""location_ref"":""pf_church_interior"",""absence_reason_ru"":""""},{""state_id"":""evening_return"",""duration_minutes"":60,""runtime_status"":""available"",""activity_ref"":""routine_evening_return_v1"",""summary"":""Завершает дела."",""activity_status"":""active"",""uses_current_activity"":false,""can_continue_automatically"":true,""decision_required"":false,""presence_state"":""away"",""location_ref"":"""",""absence_reason_ru"":""место вне службы требует индивидуальной привязки""},{""state_id"":""sleep_after_dusk"",""duration_minutes"":272,""runtime_status"":""sleeping"",""activity_ref"":""routine_sleep_after_dusk_v1"",""summary"":""Ночной сон; место неизвестно."",""activity_status"":""active"",""uses_current_activity"":false,""can_continue_automatically"":true,""decision_required"":false,""presence_state"":""away"",""location_ref"":"""",""absence_reason_ru"":""ночлег требует индивидуальной привязки""}]",,data/novgorod-region/novgorod_occupations_v1_enriched.tsv#nov_occ_parish_priest_service:daily_schedule_normal;places-binding/places/place_families.csv#pf_church_interior;data/world-catalogs/novgorod/temporal-v4/datasets/calendar_daylight_light_profiles.json#record:calendar_daylight_light_profiles:novgorod_1230_1233_v2;book:375645 ¶964;book:375645 ¶965;book:641342 ¶1788,rule:editorial_daylight_phase_partition_v2,no_source:exact_clock_times_and_individual_presence,C,candidate,Сезонный распорядок-кандидат; конкретный человек и доступ требуют сцены.
sch_nov_occ_parish_priest_service_pf_church_interior_church_day_summer,2,nov_role_priest,nov_occ_parish_priest_service,church_day,summer,6|7|8,0,"[{""state_id"":""sleep_before_service"",""duration_minutes"":146,""runtime_status"":""sleeping"",""activity_ref"":""routine_sleep_before_service_v1"",""summary"":""Сон до заутрени; ночлег не установлен."",""activity_status"":""active"",""uses_current_activity"":false,""can_continue_automatically"":true,""decision_required"":false,""presence_state"":""away"",""location_ref"":"""",""absence_reason_ru"":""ночлег требует индивидуальной привязки""},{""state_id"":""early_service"",""duration_minutes"":60,""runtime_status"":""available"",""activity_ref"":""routine_early_service_v1"",""summary"":""Заутреня; пономарь подаёт сигнал к службе."",""activity_status"":""active"",""uses_current_activity"":false,""can_continue_automatically"":true,""decision_required"":false,""presence_state"":""on_site"",""location_ref"":""pf_church_interior"",""absence_reason_ru"":""""},{""state_id"":""morning_work"",""duration_minutes"":514,""runtime_status"":""available"",""activity_ref"":""routine_morning_work_v1"",""summary"":""занят приходской службой и обращениями людей"",""activity_status"":""active"",""uses_current_activity"":false,""can_continue_automatically"":true,""decision_required"":false,""presence_state"":""on_site"",""location_ref"":""pf_church_interior"",""absence_reason_ru"":""""},{""state_id"":""noon_meal"",""duration_minutes"":45,""runtime_status"":""available"",""activity_ref"":""routine_noon_meal_v1"",""summary"":""Полуденная трапеза (аналогия)."",""activity_status"":""active"",""uses_current_activity"":false,""can_continue_automatically"":true,""decision_required"":false,""presence_state"":""away"",""location_ref"":"""",""absence_reason_ru"":""место вне службы требует индивидуальной привязки""},{""state_id"":""post_meal_rest"",""duration_minutes"":90,""runtime_status"":""sleeping"",""activity_ref"":""routine_post_meal_rest_v1"",""summary"":""Послеобеденный отдых (аналогия; длительность редакционная)."",""activity_status"":""active"",""uses_current_activity"":false,""can_continue_automatically"":true,""decision_required"":false,""presence_state"":""away"",""location_ref"":"""",""absence_reason_ru"":""место вне службы требует индивидуальной привязки""},{""state_id"":""afternoon_work"",""duration_minutes"":328,""runtime_status"":""available"",""activity_ref"":""routine_afternoon_work_v1"",""summary"":""занят приходской службой и обращениями людей"",""activity_status"":""active"",""uses_current_activity"":false,""can_continue_automatically"":true,""decision_required"":false,""presence_state"":""on_site"",""location_ref"":""pf_church_interior"",""absence_reason_ru"":""""},{""state_id"":""evening_return"",""duration_minutes"":60,""runtime_status"":""available"",""activity_ref"":""routine_evening_return_v1"",""summary"":""Завершает дела."",""activity_status"":""active"",""uses_current_activity"":false,""can_continue_automatically"":true,""decision_required"":false,""presence_state"":""away"",""location_ref"":"""",""absence_reason_ru"":""место вне службы требует индивидуальной привязки""},{""state_id"":""sleep_after_dusk"",""duration_minutes"":197,""runtime_status"":""sleeping"",""activity_ref"":""routine_sleep_after_dusk_v1"",""summary"":""Ночной сон; место неизвестно."",""activity_status"":""active"",""uses_current_activity"":false,""can_continue_automatically"":true,""decision_required"":false,""presence_state"":""away"",""location_ref"":"""",""absence_reason_ru"":""ночлег требует индивидуальной привязки""}]",,data/novgorod-region/novgorod_occupations_v1_enriched.tsv#nov_occ_parish_priest_service:where_work_happens;places-binding/places/place_families.csv#pf_church_interior;data/world-catalogs/novgorod/temporal-v4/datasets/calendar_daylight_light_profiles.json#record:calendar_daylight_light_profiles:novgorod_1230_1233_v2;book:375645 ¶964;book:375645 ¶965;book:641342 ¶1788,rule:editorial_daylight_phase_partition_v2,no_source:exact_clock_times_and_individual_presence,C,candidate,Сезонный распорядок-кандидат; конкретный человек и доступ требуют сцены.
sch_nov_occ_parish_priest_service_pf_church_interior_normal_summer,2,nov_role_priest,nov_occ_parish_priest_service,normal,summer,6|7|8,0,"[{""state_id"":""sleep_before_service"",""duration_minutes"":146,""runtime_status"":""sleeping"",""activity_ref"":""routine_sleep_before_service_v1"",""summary"":""Сон до заутрени; ночлег не установлен."",""activity_status"":""active"",""uses_current_activity"":false,""can_continue_automatically"":true,""decision_required"":false,""presence_state"":""away"",""location_ref"":"""",""absence_reason_ru"":""ночлег требует индивидуальной привязки""},{""state_id"":""early_service"",""duration_minutes"":60,""runtime_status"":""available"",""activity_ref"":""routine_early_service_v1"",""summary"":""Заутреня; пономарь подаёт сигнал к службе."",""activity_status"":""active"",""uses_current_activity"":false,""can_continue_automatically"":true,""decision_required"":false,""presence_state"":""on_site"",""location_ref"":""pf_church_interior"",""absence_reason_ru"":""""},{""state_id"":""morning_work"",""duration_minutes"":514,""runtime_status"":""available"",""activity_ref"":""routine_morning_work_v1"",""summary"":""утро: работа у места занятия; день: основной труд и переговоры; вечер: сдача инструмента, корм, семья или двор; ночь: обычно недоступен, кроме сторожи и дороги"",""activity_status"":""active"",""uses_current_activity"":false,""can_continue_automatically"":true,""decision_required"":false,""presence_state"":""on_site"",""location_ref"":""pf_church_interior"",""absence_reason_ru"":""""},{""state_id"":""noon_meal"",""duration_minutes"":45,""runtime_status"":""available"",""activity_ref"":""routine_noon_meal_v1"",""summary"":""Полуденная трапеза (аналогия)."",""activity_status"":""active"",""uses_current_activity"":false,""can_continue_automatically"":true,""decision_required"":false,""presence_state"":""away"",""location_ref"":"""",""absence_reason_ru"":""место вне службы требует индивидуальной привязки""},{""state_id"":""post_meal_rest"",""duration_minutes"":90,""runtime_status"":""sleeping"",""activity_ref"":""routine_post_meal_rest_v1"",""summary"":""Послеобеденный отдых (аналогия; длительность редакционная)."",""activity_status"":""active"",""uses_current_activity"":false,""can_continue_automatically"":true,""decision_required"":false,""presence_state"":""away"",""location_ref"":"""",""absence_reason_ru"":""место вне службы требует индивидуальной привязки""},{""state_id"":""afternoon_work"",""duration_minutes"":328,""runtime_status"":""available"",""activity_ref"":""routine_afternoon_work_v1"",""summary"":""утро: работа у места занятия; день: основной труд и переговоры; вечер: сдача инструмента, корм, семья или двор; ночь: обычно недоступен, кроме сторожи и дороги"",""activity_status"":""active"",""uses_current_activity"":false,""can_continue_automatically"":true,""decision_required"":false,""presence_state"":""on_site"",""location_ref"":""pf_church_interior"",""absence_reason_ru"":""""},{""state_id"":""evening_return"",""duration_minutes"":60,""runtime_status"":""available"",""activity_ref"":""routine_evening_return_v1"",""summary"":""Завершает дела."",""activity_status"":""active"",""uses_current_activity"":false,""can_continue_automatically"":true,""decision_required"":false,""presence_state"":""away"",""location_ref"":"""",""absence_reason_ru"":""место вне службы требует индивидуальной привязки""},{""state_id"":""sleep_after_dusk"",""duration_minutes"":197,""runtime_status"":""sleeping"",""activity_ref"":""routine_sleep_after_dusk_v1"",""summary"":""Ночной сон; место неизвестно."",""activity_status"":""active"",""uses_current_activity"":false,""can_continue_automatically"":true,""decision_required"":false,""presence_state"":""away"",""location_ref"":"""",""absence_reason_ru"":""ночлег требует индивидуальной привязки""}]",,data/novgorod-region/novgorod_occupations_v1_enriched.tsv#nov_occ_parish_priest_service:daily_schedule_normal;places-binding/places/place_families.csv#pf_church_interior;data/world-catalogs/novgorod/temporal-v4/datasets/calendar_daylight_light_profiles.json#record:calendar_daylight_light_profiles:novgorod_1230_1233_v2;book:375645 ¶964;book:375645 ¶965;book:641342 ¶1788,rule:editorial_daylight_phase_partition_v2,no_source:exact_clock_times_and_individual_presence,C,candidate,Сезонный распорядок-кандидат; конкретный человек и доступ требуют сцены.
sch_nov_occ_parish_priest_service_pf_church_interior_church_day_winter,2,nov_role_priest,nov_occ_parish_priest_service,church_day,winter,12|1|2,0,"[{""state_id"":""sleep_before_service"",""duration_minutes"":448,""runtime_status"":""sleeping"",""activity_ref"":""routine_sleep_before_service_v1"",""summary"":""Сон до заутрени; ночлег не установлен."",""activity_status"":""active"",""uses_current_activity"":false,""can_continue_automatically"":true,""decision_required"":false,""presence_state"":""away"",""location_ref"":"""",""absence_reason_ru"":""ночлег требует индивидуальной привязки""},{""state_id"":""early_service"",""duration_minutes"":60,""runtime_status"":""available"",""activity_ref"":""routine_early_service_v1"",""summary"":""Заутреня; пономарь подаёт сигнал к службе."",""activity_status"":""active"",""uses_current_activity"":false,""can_continue_automatically"":true,""decision_required"":false,""presence_state"":""on_site"",""location_ref"":""pf_church_interior"",""absence_reason_ru"":""""},{""state_id"":""morning_work"",""duration_minutes"":212,""runtime_status"":""available"",""activity_ref"":""routine_morning_work_v1"",""summary"":""занят приходской службой и обращениями людей"",""activity_status"":""active"",""uses_current_activity"":false,""can_continue_automatically"":true,""decision_required"":false,""presence_state"":""on_site"",""location_ref"":""pf_church_interior"",""absence_reason_ru"":""""},{""state_id"":""noon_meal"",""duration_minutes"":45,""runtime_status"":""available"",""activity_ref"":""routine_noon_meal_v1"",""summary"":""Полуденная трапеза (аналогия)."",""activity_status"":""active"",""uses_current_activity"":false,""can_continue_automatically"":true,""decision_required"":false,""presence_state"":""away"",""location_ref"":"""",""absence_reason_ru"":""место вне службы требует индивидуальной привязки""},{""state_id"":""post_meal_rest"",""duration_minutes"":90,""runtime_status"":""sleeping"",""activity_ref"":""routine_post_meal_rest_v1"",""summary"":""Послеобеденный отдых (аналогия; длительность редакционная)."",""activity_status"":""active"",""uses_current_activity"":false,""can_continue_automatically"":true,""decision_required"":false,""presence_state"":""away"",""location_ref"":"""",""absence_reason_ru"":""место вне службы требует индивидуальной привязки""},{""state_id"":""afternoon_work"",""duration_minutes"":44,""runtime_status"":""available"",""activity_ref"":""routine_afternoon_work_v1"",""summary"":""занят приходской службой и обращениями людей"",""activity_status"":""active"",""uses_current_activity"":false,""can_continue_automatically"":true,""decision_required"":false,""presence_state"":""on_site"",""location_ref"":""pf_church_interior"",""absence_reason_ru"":""""},{""state_id"":""evening_return"",""duration_minutes"":60,""runtime_status"":""available"",""activity_ref"":""routine_evening_return_v1"",""summary"":""Завершает дела."",""activity_status"":""active"",""uses_current_activity"":false,""can_continue_automatically"":true,""decision_required"":false,""presence_state"":""away"",""location_ref"":"""",""absence_reason_ru"":""место вне службы требует индивидуальной привязки""},{""state_id"":""sleep_after_dusk"",""duration_minutes"":481,""runtime_status"":""sleeping"",""activity_ref"":""routine_sleep_after_dusk_v1"",""summary"":""Ночной сон; место неизвестно."",""activity_status"":""active"",""uses_current_activity"":false,""can_continue_automatically"":true,""decision_required"":false,""presence_state"":""away"",""location_ref"":"""",""absence_reason_ru"":""ночлег требует индивидуальной привязки""}]",,data/novgorod-region/novgorod_occupations_v1_enriched.tsv#nov_occ_parish_priest_service:where_work_happens;places-binding/places/place_families.csv#pf_church_interior;data/world-catalogs/novgorod/temporal-v4/datasets/calendar_daylight_light_profiles.json#record:calendar_daylight_light_profiles:novgorod_1230_1233_v2;book:375645 ¶964;book:375645 ¶965;book:641342 ¶1788,rule:editorial_daylight_phase_partition_v2,no_source:exact_clock_times_and_individual_presence,C,candidate,Сезонный распорядок-кандидат; конкретный человек и доступ требуют сцены.
sch_nov_occ_parish_priest_service_pf_church_interior_normal_winter,2,nov_role_priest,nov_occ_parish_priest_service,normal,winter,12|1|2,0,"[{""state_id"":""sleep_before_service"",""duration_minutes"":448,""runtime_status"":""sleeping"",""activity_ref"":""routine_sleep_before_service_v1"",""summary"":""Сон до заутрени; ночлег не установлен."",""activity_status"":""active"",""uses_current_activity"":false,""can_continue_automatically"":true,""decision_required"":false,""presence_state"":""away"",""location_ref"":"""",""absence_reason_ru"":""ночлег требует индивидуальной привязки""},{""state_id"":""early_service"",""duration_minutes"":60,""runtime_status"":""available"",""activity_ref"":""routine_early_service_v1"",""summary"":""Заутреня; пономарь подаёт сигнал к службе."",""activity_status"":""active"",""uses_current_activity"":false,""can_continue_automatically"":true,""decision_required"":false,""presence_state"":""on_site"",""location_ref"":""pf_church_interior"",""absence_reason_ru"":""""},{""state_id"":""morning_work"",""duration_minutes"":212,""runtime_status"":""available"",""activity_ref"":""routine_morning_work_v1"",""summary"":""утро: работа у места занятия; день: основной труд и переговоры; вечер: сдача инструмента, корм, семья или двор; ночь: обычно недоступен, кроме сторожи и дороги"",""activity_status"":""active"",""uses_current_activity"":false,""can_continue_automatically"":true,""decision_required"":false,""presence_state"":""on_site"",""location_ref"":""pf_church_interior"",""absence_reason_ru"":""""},{""state_id"":""noon_meal"",""duration_minutes"":45,""runtime_status"":""available"",""activity_ref"":""routine_noon_meal_v1"",""summary"":""Полуденная трапеза (аналогия)."",""activity_status"":""active"",""uses_current_activity"":false,""can_continue_automatically"":true,""decision_required"":false,""presence_state"":""away"",""location_ref"":"""",""absence_reason_ru"":""место вне службы требует индивидуальной привязки""},{""state_id"":""post_meal_rest"",""duration_minutes"":90,""runtime_status"":""sleeping"",""activity_ref"":""routine_post_meal_rest_v1"",""summary"":""Послеобеденный отдых (аналогия; длительность редакционная)."",""activity_status"":""active"",""uses_current_activity"":false,""can_continue_automatically"":true,""decision_required"":false,""presence_state"":""away"",""location_ref"":"""",""absence_reason_ru"":""место вне службы требует индивидуальной привязки""},{""state_id"":""afternoon_work"",""duration_minutes"":44,""runtime_status"":""available"",""activity_ref"":""routine_afternoon_work_v1"",""summary"":""утро: работа у места занятия; день: основной труд и переговоры; вечер: сдача инструмента, корм, семья или двор; ночь: обычно недоступен, кроме сторожи и дороги"",""activity_status"":""active"",""uses_current_activity"":false,""can_continue_automatically"":true,""decision_required"":false,""presence_state"":""on_site"",""location_ref"":""pf_church_interior"",""absence_reason_ru"":""""},{""state_id"":""evening_return"",""duration_minutes"":60,""runtime_status"":""available"",""activity_ref"":""routine_evening_return_v1"",""summary"":""Завершает дела."",""activity_status"":""active"",""uses_current_activity"":false,""can_continue_automatically"":true,""decision_required"":false,""presence_state"":""away"",""location_ref"":"""",""absence_reason_ru"":""место вне службы требует индивидуальной привязки""},{""state_id"":""sleep_after_dusk"",""duration_minutes"":481,""runtime_status"":""sleeping"",""activity_ref"":""routine_sleep_after_dusk_v1"",""summary"":""Ночной сон; место неизвестно."",""activity_status"":""active"",""uses_current_activity"":false,""can_continue_automatically"":true,""decision_required"":false,""presence_state"":""away"",""location_ref"":"""",""absence_reason_ru"":""ночлег требует индивидуальной привязки""}]",,data/novgorod-region/novgorod_occupations_v1_enriched.tsv#nov_occ_parish_priest_service:daily_schedule_normal;places-binding/places/place_families.csv#pf_church_interior;data/world-catalogs/novgorod/temporal-v4/datasets/calendar_daylight_light_profiles.json#record:calendar_daylight_light_profiles:novgorod_1230_1233_v2;book:375645 ¶964;book:375645 ¶965;book:641342 ¶1788,rule:editorial_daylight_phase_partition_v2,no_source:exact_clock_times_and_individual_presence,C,candidate,Сезонный распорядок-кандидат; конкретный человек и доступ требуют сцены.
sch_nov_occ_ploughman_pf_peasant_homestead_normal_spring,2,nov_role_ploughman,nov_occ_ploughman,normal,spring,3|4|5,0,"[{""state_id"":""sleep_before_dawn"",""duration_minutes"":268,""runtime_status"":""sleeping"",""activity_ref"":""routine_sleep_before_dawn_v1"",""summary"":""Сон в своём дворе."",""activity_status"":""active"",""uses_current_activity"":false,""can_continue_automatically"":true,""decision_required"":false,""presence_state"":""on_site"",""location_ref"":""pf_peasant_homestead"",""absence_reason_ru"":""""},{""state_id"":""preparation"",""duration_minutes"":60,""runtime_status"":""available"",""activity_ref"":""routine_preparation_v1"",""summary"":""Утренние дела после восхода."",""activity_status"":""active"",""uses_current_activity"":false,""can_continue_automatically"":true,""decision_required"":false,""presence_state"":""on_site"",""location_ref"":""pf_peasant_homestead"",""absence_reason_ru"":""""},{""state_id"":""morning_work"",""duration_minutes"":392,""runtime_status"":""available"",""activity_ref"":""routine_morning_work_v1"",""summary"":""работает в поле при подходящей погоде"",""activity_status"":""active"",""uses_current_activity"":false,""can_continue_automatically"":true,""decision_required"":false,""presence_state"":""away"",""location_ref"":""pf_arable_field"",""absence_reason_ru"":""занятие у pf_arable_field""},{""state_id"":""noon_meal"",""duration_minutes"":45,""runtime_status"":""available"",""activity_ref"":""routine_noon_meal_v1"",""summary"":""Полуденная трапеза (аналогия)."",""activity_status"":""active"",""uses_current_activity"":false,""can_continue_automatically"":true,""decision_required"":false,""presence_state"":""on_site"",""location_ref"":""pf_peasant_homestead"",""absence_reason_ru"":""""},{""state_id"":""post_meal_rest"",""duration_minutes"":90,""runtime_status"":""sleeping"",""activity_ref"":""routine_post_meal_rest_v1"",""summary"":""Послеобеденный отдых (аналогия; длительность редакционная)."",""activity_status"":""active"",""uses_current_activity"":false,""can_continue_automatically"":true,""decision_required"":false,""presence_state"":""on_site"",""location_ref"":""pf_peasant_homestead"",""absence_reason_ru"":""""},{""state_id"":""afternoon_work"",""duration_minutes"":253,""runtime_status"":""available"",""activity_ref"":""routine_afternoon_work_v1"",""summary"":""работает в поле при подходящей погоде"",""activity_status"":""active"",""uses_current_activity"":false,""can_continue_automatically"":true,""decision_required"":false,""presence_state"":""away"",""location_ref"":""pf_arable_field"",""absence_reason_ru"":""занятие у pf_arable_field""},{""state_id"":""evening_return"",""duration_minutes"":60,""runtime_status"":""available"",""activity_ref"":""routine_evening_return_v1"",""summary"":""Завершает дела."",""activity_status"":""active"",""uses_current_activity"":false,""can_continue_automatically"":true,""decision_required"":false,""presence_state"":""on_site"",""location_ref"":""pf_peasant_homestead"",""absence_reason_ru"":""""},{""state_id"":""sleep_after_dusk"",""duration_minutes"":272,""runtime_status"":""sleeping"",""activity_ref"":""routine_sleep_after_dusk_v1"",""summary"":""Сон в своём дворе."",""activity_status"":""active"",""uses_current_activity"":false,""can_continue_automatically"":true,""decision_required"":false,""presence_state"":""on_site"",""location_ref"":""pf_peasant_homestead"",""absence_reason_ru"":""""}]",,data/novgorod-region/novgorod_occupations_v1_enriched.tsv#nov_occ_ploughman:where_work_happens;places-binding/places/place_families.csv#pf_peasant_homestead;data/world-catalogs/novgorod/temporal-v4/datasets/calendar_daylight_light_profiles.json#record:calendar_daylight_light_profiles:novgorod_1230_1233_v2;book:375645 ¶964;book:375645 ¶965;places-binding/places/place_families.csv#pf_arable_field;book:622242 ¶519,rule:editorial_daylight_phase_partition_v2,no_source:exact_clock_times_and_individual_presence,C,candidate,Сезонный распорядок-кандидат; конкретный человек и доступ требуют сцены.
sch_nov_occ_ploughman_pf_peasant_homestead_normal_winter,2,nov_role_ploughman,nov_occ_ploughman,normal,winter,12|1|2,0,"[{""state_id"":""sleep_before_dawn"",""duration_minutes"":508,""runtime_status"":""sleeping"",""activity_ref"":""routine_sleep_before_dawn_v1"",""summary"":""Сон в своём дворе."",""activity_status"":""active"",""uses_current_activity"":false,""can_continue_automatically"":true,""decision_required"":false,""presence_state"":""on_site"",""location_ref"":""pf_peasant_homestead"",""absence_reason_ru"":""""},{""state_id"":""preparation"",""duration_minutes"":60,""runtime_status"":""available"",""activity_ref"":""routine_preparation_v1"",""summary"":""Утренние дела после восхода."",""activity_status"":""active"",""uses_current_activity"":false,""can_continue_automatically"":true,""decision_required"":false,""presence_state"":""on_site"",""location_ref"":""pf_peasant_homestead"",""absence_reason_ru"":""""},{""state_id"":""morning_work"",""duration_minutes"":152,""runtime_status"":""available"",""activity_ref"":""routine_morning_work_v1"",""summary"":""занимается зимними хозяйственными делами"",""activity_status"":""active"",""uses_current_activity"":false,""can_continue_automatically"":true,""decision_required"":false,""presence_state"":""on_site"",""location_ref"":""pf_peasant_homestead"",""absence_reason_ru"":""""},{""state_id"":""noon_meal"",""duration_minutes"":45,""runtime_status"":""available"",""activity_ref"":""routine_noon_meal_v1"",""summary"":""Полуденная трапеза (аналогия)."",""activity_status"":""active"",""uses_current_activity"":false,""can_continue_automatically"":true,""decision_required"":false,""presence_state"":""on_site"",""location_ref"":""pf_peasant_homestead"",""absence_reason_ru"":""""},{""state_id"":""post_meal_rest"",""duration_minutes"":90,""runtime_status"":""sleeping"",""activity_ref"":""routine_post_meal_rest_v1"",""summary"":""Послеобеденный отдых (аналогия; длительность редакционная)."",""activity_status"":""active"",""uses_current_activity"":false,""can_continue_automatically"":true,""decision_required"":false,""presence_state"":""on_site"",""location_ref"":""pf_peasant_homestead"",""absence_reason_ru"":""""},{""state_id"":""afternoon_work"",""duration_minutes"":44,""runtime_status"":""available"",""activity_ref"":""routine_afternoon_work_v1"",""summary"":""занимается зимними хозяйственными делами"",""activity_status"":""active"",""uses_current_activity"":false,""can_continue_automatically"":true,""decision_required"":false,""presence_state"":""on_site"",""location_ref"":""pf_peasant_homestead"",""absence_reason_ru"":""""},{""state_id"":""evening_return"",""duration_minutes"":60,""runtime_status"":""available"",""activity_ref"":""routine_evening_return_v1"",""summary"":""Завершает дела."",""activity_status"":""active"",""uses_current_activity"":false,""can_continue_automatically"":true,""decision_required"":false,""presence_state"":""on_site"",""location_ref"":""pf_peasant_homestead"",""absence_reason_ru"":""""},{""state_id"":""sleep_after_dusk"",""duration_minutes"":481,""runtime_status"":""sleeping"",""activity_ref"":""routine_sleep_after_dusk_v1"",""summary"":""Сон в своём дворе."",""activity_status"":""active"",""uses_current_activity"":false,""can_continue_automatically"":true,""decision_required"":false,""presence_state"":""on_site"",""location_ref"":""pf_peasant_homestead"",""absence_reason_ru"":""""}]",,data/novgorod-region/novgorod_occupations_v1_enriched.tsv#nov_occ_ploughman:where_work_happens;places-binding/places/place_families.csv#pf_peasant_homestead;data/world-catalogs/novgorod/temporal-v4/datasets/calendar_daylight_light_profiles.json#record:calendar_daylight_light_profiles:novgorod_1230_1233_v2;book:375645 ¶964;book:375645 ¶965;book:622242 ¶519,rule:editorial_daylight_phase_partition_v2,no_source:exact_clock_times_and_individual_presence,C,candidate,Сезонный распорядок-кандидат; конкретный человек и доступ требуют сцены.
sch_nov_occ_ponomar_pf_church_interior_church_day_autumn,2,nov_role_ponomar,nov_occ_ponomar,church_day,autumn,9|10|11,0,"[{""state_id"":""sleep_before_service"",""duration_minutes"":353,""runtime_status"":""sleeping"",""activity_ref"":""routine_sleep_before_service_v1"",""summary"":""Сон до заутрени; ночлег не установлен."",""activity_status"":""active"",""uses_current_activity"":false,""can_continue_automatically"":true,""decision_required"":false,""presence_state"":""away"",""location_ref"":"""",""absence_reason_ru"":""ночлег требует индивидуальной привязки""},{""state_id"":""early_service"",""duration_minutes"":60,""runtime_status"":""available"",""activity_ref"":""routine_early_service_v1"",""summary"":""Заутреня; пономарь подаёт сигнал к службе."",""activity_status"":""active"",""uses_current_activity"":false,""can_continue_automatically"":true,""decision_required"":false,""presence_state"":""on_site"",""location_ref"":""pf_church_interior"",""absence_reason_ru"":""""},{""state_id"":""morning_work"",""duration_minutes"":307,""runtime_status"":""available"",""activity_ref"":""routine_morning_work_v1"",""summary"":""готовит церковь и помогает при службе"",""activity_status"":""active"",""uses_current_activity"":false,""can_continue_automatically"":true,""decision_required"":false,""presence_state"":""on_site"",""location_ref"":""pf_church_interior"",""absence_reason_ru"":""""},{""state_id"":""noon_meal"",""duration_minutes"":45,""runtime_status"":""available"",""activity_ref"":""routine_noon_meal_v1"",""summary"":""Полуденная трапеза (аналогия)."",""activity_status"":""active"",""uses_current_activity"":false,""can_continue_automatically"":true,""decision_required"":false,""presence_state"":""away"",""location_ref"":"""",""absence_reason_ru"":""место вне службы требует индивидуальной привязки""},{""state_id"":""post_meal_rest"",""duration_minutes"":90,""runtime_status"":""sleeping"",""activity_ref"":""routine_post_meal_rest_v1"",""summary"":""Послеобеденный отдых (аналогия; длительность редакционная)."",""activity_status"":""active"",""uses_current_activity"":false,""can_continue_automatically"":true,""decision_required"":false,""presence_state"":""away"",""location_ref"":"""",""absence_reason_ru"":""место вне службы требует индивидуальной привязки""},{""state_id"":""afternoon_work"",""duration_minutes"":81,""runtime_status"":""available"",""activity_ref"":""routine_afternoon_work_v1"",""summary"":""готовит церковь и помогает при службе"",""activity_status"":""active"",""uses_current_activity"":false,""can_continue_automatically"":true,""decision_required"":false,""presence_state"":""on_site"",""location_ref"":""pf_church_interior"",""absence_reason_ru"":""""},{""state_id"":""evening_return"",""duration_minutes"":60,""runtime_status"":""available"",""activity_ref"":""routine_evening_return_v1"",""summary"":""Завершает дела."",""activity_status"":""active"",""uses_current_activity"":false,""can_continue_automatically"":true,""decision_required"":false,""presence_state"":""away"",""location_ref"":"""",""absence_reason_ru"":""место вне службы требует индивидуальной привязки""},{""state_id"":""sleep_after_dusk"",""duration_minutes"":444,""runtime_status"":""sleeping"",""activity_ref"":""routine_sleep_after_dusk_v1"",""summary"":""Ночной сон; место неизвестно."",""activity_status"":""active"",""uses_current_activity"":false,""can_continue_automatically"":true,""decision_required"":false,""presence_state"":""away"",""location_ref"":"""",""absence_reason_ru"":""ночлег требует индивидуальной привязки""}]",,data/novgorod-region/novgorod_occupations_v1_enriched.tsv#nov_occ_ponomar:where_work_happens;places-binding/places/place_families.csv#pf_church_interior;data/world-catalogs/novgorod/temporal-v4/datasets/calendar_daylight_light_profiles.json#record:calendar_daylight_light_profiles:novgorod_1230_1233_v2;book:375645 ¶964;book:375645 ¶965;book:641342 ¶1788;book:641342 ¶1557,rule:editorial_daylight_phase_partition_v2,no_source:exact_clock_times_and_individual_presence,C,candidate,Сезонный распорядок-кандидат; конкретный человек и доступ требуют сцены.
sch_nov_occ_ponomar_pf_church_interior_normal_autumn,2,nov_role_ponomar,nov_occ_ponomar,normal,autumn,9|10|11,0,"[{""state_id"":""sleep_before_service"",""duration_minutes"":353,""runtime_status"":""sleeping"",""activity_ref"":""routine_sleep_before_service_v1"",""summary"":""Сон до заутрени; ночлег не установлен."",""activity_status"":""active"",""uses_current_activity"":false,""can_continue_automatically"":true,""decision_required"":false,""presence_state"":""away"",""location_ref"":"""",""absence_reason_ru"":""ночлег требует индивидуальной привязки""},{""state_id"":""early_service"",""duration_minutes"":60,""runtime_status"":""available"",""activity_ref"":""routine_early_service_v1"",""summary"":""Заутреня; пономарь подаёт сигнал к службе."",""activity_status"":""active"",""uses_current_activity"":false,""can_continue_automatically"":true,""decision_required"":false,""presence_state"":""on_site"",""location_ref"":""pf_church_interior"",""absence_reason_ru"":""""},{""state_id"":""morning_work"",""duration_minutes"":307,""runtime_status"":""available"",""activity_ref"":""routine_morning_work_v1"",""summary"":""утро: работа у места занятия; день: основной труд и переговоры; вечер: сдача инструмента, корм, семья или двор; ночь: обычно недоступен, кроме сторожи и дороги"",""activity_status"":""active"",""uses_current_activity"":false,""can_continue_automatically"":true,""decision_required"":false,""presence_state"":""on_site"",""location_ref"":""pf_church_interior"",""absence_reason_ru"":""""},{""state_id"":""noon_meal"",""duration_minutes"":45,""runtime_status"":""available"",""activity_ref"":""routine_noon_meal_v1"",""summary"":""Полуденная трапеза (аналогия)."",""activity_status"":""active"",""uses_current_activity"":false,""can_continue_automatically"":true,""decision_required"":false,""presence_state"":""away"",""location_ref"":"""",""absence_reason_ru"":""место вне службы требует индивидуальной привязки""},{""state_id"":""post_meal_rest"",""duration_minutes"":90,""runtime_status"":""sleeping"",""activity_ref"":""routine_post_meal_rest_v1"",""summary"":""Послеобеденный отдых (аналогия; длительность редакционная)."",""activity_status"":""active"",""uses_current_activity"":false,""can_continue_automatically"":true,""decision_required"":false,""presence_state"":""away"",""location_ref"":"""",""absence_reason_ru"":""место вне службы требует индивидуальной привязки""},{""state_id"":""afternoon_work"",""duration_minutes"":81,""runtime_status"":""available"",""activity_ref"":""routine_afternoon_work_v1"",""summary"":""утро: работа у места занятия; день: основной труд и переговоры; вечер: сдача инструмента, корм, семья или двор; ночь: обычно недоступен, кроме сторожи и дороги"",""activity_status"":""active"",""uses_current_activity"":false,""can_continue_automatically"":true,""decision_required"":false,""presence_state"":""on_site"",""location_ref"":""pf_church_interior"",""absence_reason_ru"":""""},{""state_id"":""evening_return"",""duration_minutes"":60,""runtime_status"":""available"",""activity_ref"":""routine_evening_return_v1"",""summary"":""Завершает дела."",""activity_status"":""active"",""uses_current_activity"":false,""can_continue_automatically"":true,""decision_required"":false,""presence_state"":""away"",""location_ref"":"""",""absence_reason_ru"":""место вне службы требует индивидуальной привязки""},{""state_id"":""sleep_after_dusk"",""duration_minutes"":444,""runtime_status"":""sleeping"",""activity_ref"":""routine_sleep_after_dusk_v1"",""summary"":""Ночной сон; место неизвестно."",""activity_status"":""active"",""uses_current_activity"":false,""can_continue_automatically"":true,""decision_required"":false,""presence_state"":""away"",""location_ref"":"""",""absence_reason_ru"":""ночлег требует индивидуальной привязки""}]",,data/novgorod-region/novgorod_occupations_v1_enriched.tsv#nov_occ_ponomar:daily_schedule_normal;places-binding/places/place_families.csv#pf_church_interior;data/world-catalogs/novgorod/temporal-v4/datasets/calendar_daylight_light_profiles.json#record:calendar_daylight_light_profiles:novgorod_1230_1233_v2;book:375645 ¶964;book:375645 ¶965;book:641342 ¶1788;book:641342 ¶1557,rule:editorial_daylight_phase_partition_v2,no_source:exact_clock_times_and_individual_presence,C,candidate,Сезонный распорядок-кандидат; конкретный человек и доступ требуют сцены.
sch_nov_occ_ponomar_pf_church_interior_church_day_spring,2,nov_role_ponomar,nov_occ_ponomar,church_day,spring,3|4|5,0,"[{""state_id"":""sleep_before_service"",""duration_minutes"":208,""runtime_status"":""sleeping"",""activity_ref"":""routine_sleep_before_service_v1"",""summary"":""Сон до заутрени; ночлег не установлен."",""activity_status"":""active"",""uses_current_activity"":false,""can_continue_automatically"":true,""decision_required"":false,""presence_state"":""away"",""location_ref"":"""",""absence_reason_ru"":""ночлег требует индивидуальной привязки""},{""state_id"":""early_service"",""duration_minutes"":60,""runtime_status"":""available"",""activity_ref"":""routine_early_service_v1"",""summary"":""Заутреня; пономарь подаёт сигнал к службе."",""activity_status"":""active"",""uses_current_activity"":false,""can_continue_automatically"":true,""decision_required"":false,""presence_state"":""on_site"",""location_ref"":""pf_church_interior"",""absence_reason_ru"":""""},{""state_id"":""morning_work"",""duration_minutes"":452,""runtime_status"":""available"",""activity_ref"":""routine_morning_work_v1"",""summary"":""готовит церковь и помогает при службе"",""activity_status"":""active"",""uses_current_activity"":false,""can_continue_automatically"":true,""decision_required"":false,""presence_state"":""on_site"",""location_ref"":""pf_church_interior"",""absence_reason_ru"":""""},{""state_id"":""noon_meal"",""duration_minutes"":45,""runtime_status"":""available"",""activity_ref"":""routine_noon_meal_v1"",""summary"":""Полуденная трапеза (аналогия)."",""activity_status"":""active"",""uses_current_activity"":false,""can_continue_automatically"":true,""decision_required"":false,""presence_state"":""away"",""location_ref"":"""",""absence_reason_ru"":""место вне службы требует индивидуальной привязки""},{""state_id"":""post_meal_rest"",""duration_minutes"":90,""runtime_status"":""sleeping"",""activity_ref"":""routine_post_meal_rest_v1"",""summary"":""Послеобеденный отдых (аналогия; длительность редакционная)."",""activity_status"":""active"",""uses_current_activity"":false,""can_continue_automatically"":true,""decision_required"":false,""presence_state"":""away"",""location_ref"":"""",""absence_reason_ru"":""место вне службы требует индивидуальной привязки""},{""state_id"":""afternoon_work"",""duration_minutes"":253,""runtime_status"":""available"",""activity_ref"":""routine_afternoon_work_v1"",""summary"":""готовит церковь и помогает при службе"",""activity_status"":""active"",""uses_current_activity"":false,""can_continue_automatically"":true,""decision_required"":false,""presence_state"":""on_site"",""location_ref"":""pf_church_interior"",""absence_reason_ru"":""""},{""state_id"":""evening_return"",""duration_minutes"":60,""runtime_status"":""available"",""activity_ref"":""routine_evening_return_v1"",""summary"":""Завершает дела."",""activity_status"":""active"",""uses_current_activity"":false,""can_continue_automatically"":true,""decision_required"":false,""presence_state"":""away"",""location_ref"":"""",""absence_reason_ru"":""место вне службы требует индивидуальной привязки""},{""state_id"":""sleep_after_dusk"",""duration_minutes"":272,""runtime_status"":""sleeping"",""activity_ref"":""routine_sleep_after_dusk_v1"",""summary"":""Ночной сон; место неизвестно."",""activity_status"":""active"",""uses_current_activity"":false,""can_continue_automatically"":true,""decision_required"":false,""presence_state"":""away"",""location_ref"":"""",""absence_reason_ru"":""ночлег требует индивидуальной привязки""}]",,data/novgorod-region/novgorod_occupations_v1_enriched.tsv#nov_occ_ponomar:where_work_happens;places-binding/places/place_families.csv#pf_church_interior;data/world-catalogs/novgorod/temporal-v4/datasets/calendar_daylight_light_profiles.json#record:calendar_daylight_light_profiles:novgorod_1230_1233_v2;book:375645 ¶964;book:375645 ¶965;book:641342 ¶1788;book:641342 ¶1557,rule:editorial_daylight_phase_partition_v2,no_source:exact_clock_times_and_individual_presence,C,candidate,Сезонный распорядок-кандидат; конкретный человек и доступ требуют сцены.
sch_nov_occ_ponomar_pf_church_interior_normal_spring,2,nov_role_ponomar,nov_occ_ponomar,normal,spring,3|4|5,0,"[{""state_id"":""sleep_before_service"",""duration_minutes"":208,""runtime_status"":""sleeping"",""activity_ref"":""routine_sleep_before_service_v1"",""summary"":""Сон до заутрени; ночлег не установлен."",""activity_status"":""active"",""uses_current_activity"":false,""can_continue_automatically"":true,""decision_required"":false,""presence_state"":""away"",""location_ref"":"""",""absence_reason_ru"":""ночлег требует индивидуальной привязки""},{""state_id"":""early_service"",""duration_minutes"":60,""runtime_status"":""available"",""activity_ref"":""routine_early_service_v1"",""summary"":""Заутреня; пономарь подаёт сигнал к службе."",""activity_status"":""active"",""uses_current_activity"":false,""can_continue_automatically"":true,""decision_required"":false,""presence_state"":""on_site"",""location_ref"":""pf_church_interior"",""absence_reason_ru"":""""},{""state_id"":""morning_work"",""duration_minutes"":452,""runtime_status"":""available"",""activity_ref"":""routine_morning_work_v1"",""summary"":""утро: работа у места занятия; день: основной труд и переговоры; вечер: сдача инструмента, корм, семья или двор; ночь: обычно недоступен, кроме сторожи и дороги"",""activity_status"":""active"",""uses_current_activity"":false,""can_continue_automatically"":true,""decision_required"":false,""presence_state"":""on_site"",""location_ref"":""pf_church_interior"",""absence_reason_ru"":""""},{""state_id"":""noon_meal"",""duration_minutes"":45,""runtime_status"":""available"",""activity_ref"":""routine_noon_meal_v1"",""summary"":""Полуденная трапеза (аналогия)."",""activity_status"":""active"",""uses_current_activity"":false,""can_continue_automatically"":true,""decision_required"":false,""presence_state"":""away"",""location_ref"":"""",""absence_reason_ru"":""место вне службы требует индивидуальной привязки""},{""state_id"":""post_meal_rest"",""duration_minutes"":90,""runtime_status"":""sleeping"",""activity_ref"":""routine_post_meal_rest_v1"",""summary"":""Послеобеденный отдых (аналогия; длительность редакционная)."",""activity_status"":""active"",""uses_current_activity"":false,""can_continue_automatically"":true,""decision_required"":false,""presence_state"":""away"",""location_ref"":"""",""absence_reason_ru"":""место вне службы требует индивидуальной привязки""},{""state_id"":""afternoon_work"",""duration_minutes"":253,""runtime_status"":""available"",""activity_ref"":""routine_afternoon_work_v1"",""summary"":""утро: работа у места занятия; день: основной труд и переговоры; вечер: сдача инструмента, корм, семья или двор; ночь: обычно недоступен, кроме сторожи и дороги"",""activity_status"":""active"",""uses_current_activity"":false,""can_continue_automatically"":true,""decision_required"":false,""presence_state"":""on_site"",""location_ref"":""pf_church_interior"",""absence_reason_ru"":""""},{""state_id"":""evening_return"",""duration_minutes"":60,""runtime_status"":""available"",""activity_ref"":""routine_evening_return_v1"",""summary"":""Завершает дела."",""activity_status"":""active"",""uses_current_activity"":false,""can_continue_automatically"":true,""decision_required"":false,""presence_state"":""away"",""location_ref"":"""",""absence_reason_ru"":""место вне службы требует индивидуальной привязки""},{""state_id"":""sleep_after_dusk"",""duration_minutes"":272,""runtime_status"":""sleeping"",""activity_ref"":""routine_sleep_after_dusk_v1"",""summary"":""Ночной сон; место неизвестно."",""activity_status"":""active"",""uses_current_activity"":false,""can_continue_automatically"":true,""decision_required"":false,""presence_state"":""away"",""location_ref"":"""",""absence_reason_ru"":""ночлег требует индивидуальной привязки""}]",,data/novgorod-region/novgorod_occupations_v1_enriched.tsv#nov_occ_ponomar:daily_schedule_normal;places-binding/places/place_families.csv#pf_church_interior;data/world-catalogs/novgorod/temporal-v4/datasets/calendar_daylight_light_profiles.json#record:calendar_daylight_light_profiles:novgorod_1230_1233_v2;book:375645 ¶964;book:375645 ¶965;book:641342 ¶1788;book:641342 ¶1557,rule:editorial_daylight_phase_partition_v2,no_source:exact_clock_times_and_individual_presence,C,candidate,Сезонный распорядок-кандидат; конкретный человек и доступ требуют сцены.
sch_nov_occ_ponomar_pf_church_interior_church_day_summer,2,nov_role_ponomar,nov_occ_ponomar,church_day,summer,6|7|8,0,"[{""state_id"":""sleep_before_service"",""duration_minutes"":146,""runtime_status"":""sleeping"",""activity_ref"":""routine_sleep_before_service_v1"",""summary"":""Сон до заутрени; ночлег не установлен."",""activity_status"":""active"",""uses_current_activity"":false,""can_continue_automatically"":true,""decision_required"":false,""presence_state"":""away"",""location_ref"":"""",""absence_reason_ru"":""ночлег требует индивидуальной привязки""},{""state_id"":""early_service"",""duration_minutes"":60,""runtime_status"":""available"",""activity_ref"":""routine_early_service_v1"",""summary"":""Заутреня; пономарь подаёт сигнал к службе."",""activity_status"":""active"",""uses_current_activity"":false,""can_continue_automatically"":true,""decision_required"":false,""presence_state"":""on_site"",""location_ref"":""pf_church_interior"",""absence_reason_ru"":""""},{""state_id"":""morning_work"",""duration_minutes"":514,""runtime_status"":""available"",""activity_ref"":""routine_morning_work_v1"",""summary"":""готовит церковь и помогает при службе"",""activity_status"":""active"",""uses_current_activity"":false,""can_continue_automatically"":true,""decision_required"":false,""presence_state"":""on_site"",""location_ref"":""pf_church_interior"",""absence_reason_ru"":""""},{""state_id"":""noon_meal"",""duration_minutes"":45,""runtime_status"":""available"",""activity_ref"":""routine_noon_meal_v1"",""summary"":""Полуденная трапеза (аналогия)."",""activity_status"":""active"",""uses_current_activity"":false,""can_continue_automatically"":true,""decision_required"":false,""presence_state"":""away"",""location_ref"":"""",""absence_reason_ru"":""место вне службы требует индивидуальной привязки""},{""state_id"":""post_meal_rest"",""duration_minutes"":90,""runtime_status"":""sleeping"",""activity_ref"":""routine_post_meal_rest_v1"",""summary"":""Послеобеденный отдых (аналогия; длительность редакционная)."",""activity_status"":""active"",""uses_current_activity"":false,""can_continue_automatically"":true,""decision_required"":false,""presence_state"":""away"",""location_ref"":"""",""absence_reason_ru"":""место вне службы требует индивидуальной привязки""},{""state_id"":""afternoon_work"",""duration_minutes"":328,""runtime_status"":""available"",""activity_ref"":""routine_afternoon_work_v1"",""summary"":""готовит церковь и помогает при службе"",""activity_status"":""active"",""uses_current_activity"":false,""can_continue_automatically"":true,""decision_required"":false,""presence_state"":""on_site"",""location_ref"":""pf_church_interior"",""absence_reason_ru"":""""},{""state_id"":""evening_return"",""duration_minutes"":60,""runtime_status"":""available"",""activity_ref"":""routine_evening_return_v1"",""summary"":""Завершает дела."",""activity_status"":""active"",""uses_current_activity"":false,""can_continue_automatically"":true,""decision_required"":false,""presence_state"":""away"",""location_ref"":"""",""absence_reason_ru"":""место вне службы требует индивидуальной привязки""},{""state_id"":""sleep_after_dusk"",""duration_minutes"":197,""runtime_status"":""sleeping"",""activity_ref"":""routine_sleep_after_dusk_v1"",""summary"":""Ночной сон; место неизвестно."",""activity_status"":""active"",""uses_current_activity"":false,""can_continue_automatically"":true,""decision_required"":false,""presence_state"":""away"",""location_ref"":"""",""absence_reason_ru"":""ночлег требует индивидуальной привязки""}]",,data/novgorod-region/novgorod_occupations_v1_enriched.tsv#nov_occ_ponomar:where_work_happens;places-binding/places/place_families.csv#pf_church_interior;data/world-catalogs/novgorod/temporal-v4/datasets/calendar_daylight_light_profiles.json#record:calendar_daylight_light_profiles:novgorod_1230_1233_v2;book:375645 ¶964;book:375645 ¶965;book:641342 ¶1788;book:641342 ¶1557,rule:editorial_daylight_phase_partition_v2,no_source:exact_clock_times_and_individual_presence,C,candidate,Сезонный распорядок-кандидат; конкретный человек и доступ требуют сцены.
sch_nov_occ_ponomar_pf_church_interior_normal_summer,2,nov_role_ponomar,nov_occ_ponomar,normal,summer,6|7|8,0,"[{""state_id"":""sleep_before_service"",""duration_minutes"":146,""runtime_status"":""sleeping"",""activity_ref"":""routine_sleep_before_service_v1"",""summary"":""Сон до заутрени; ночлег не установлен."",""activity_status"":""active"",""uses_current_activity"":false,""can_continue_automatically"":true,""decision_required"":false,""presence_state"":""away"",""location_ref"":"""",""absence_reason_ru"":""ночлег требует индивидуальной привязки""},{""state_id"":""early_service"",""duration_minutes"":60,""runtime_status"":""available"",""activity_ref"":""routine_early_service_v1"",""summary"":""Заутреня; пономарь подаёт сигнал к службе."",""activity_status"":""active"",""uses_current_activity"":false,""can_continue_automatically"":true,""decision_required"":false,""presence_state"":""on_site"",""location_ref"":""pf_church_interior"",""absence_reason_ru"":""""},{""state_id"":""morning_work"",""duration_minutes"":514,""runtime_status"":""available"",""activity_ref"":""routine_morning_work_v1"",""summary"":""утро: работа у места занятия; день: основной труд и переговоры; вечер: сдача инструмента, корм, семья или двор; ночь: обычно недоступен, кроме сторожи и дороги"",""activity_status"":""active"",""uses_current_activity"":false,""can_continue_automatically"":true,""decision_required"":false,""presence_state"":""on_site"",""location_ref"":""pf_church_interior"",""absence_reason_ru"":""""},{""state_id"":""noon_meal"",""duration_minutes"":45,""runtime_status"":""available"",""activity_ref"":""routine_noon_meal_v1"",""summary"":""Полуденная трапеза (аналогия)."",""activity_status"":""active"",""uses_current_activity"":false,""can_continue_automatically"":true,""decision_required"":false,""presence_state"":""away"",""location_ref"":"""",""absence_reason_ru"":""место вне службы требует индивидуальной привязки""},{""state_id"":""post_meal_rest"",""duration_minutes"":90,""runtime_status"":""sleeping"",""activity_ref"":""routine_post_meal_rest_v1"",""summary"":""Послеобеденный отдых (аналогия; длительность редакционная)."",""activity_status"":""active"",""uses_current_activity"":false,""can_continue_automatically"":true,""decision_required"":false,""presence_state"":""away"",""location_ref"":"""",""absence_reason_ru"":""место вне службы требует индивидуальной привязки""},{""state_id"":""afternoon_work"",""duration_minutes"":328,""runtime_status"":""available"",""activity_ref"":""routine_afternoon_work_v1"",""summary"":""утро: работа у места занятия; день: основной труд и переговоры; вечер: сдача инструмента, корм, семья или двор; ночь: обычно недоступен, кроме сторожи и дороги"",""activity_status"":""active"",""uses_current_activity"":false,""can_continue_automatically"":true,""decision_required"":false,""presence_state"":""on_site"",""location_ref"":""pf_church_interior"",""absence_reason_ru"":""""},{""state_id"":""evening_return"",""duration_minutes"":60,""runtime_status"":""available"",""activity_ref"":""routine_evening_return_v1"",""summary"":""Завершает дела."",""activity_status"":""active"",""uses_current_activity"":false,""can_continue_automatically"":true,""decision_required"":false,""presence_state"":""away"",""location_ref"":"""",""absence_reason_ru"":""место вне службы требует индивидуальной привязки""},{""state_id"":""sleep_after_dusk"",""duration_minutes"":197,""runtime_status"":""sleeping"",""activity_ref"":""routine_sleep_after_dusk_v1"",""summary"":""Ночной сон; место неизвестно."",""activity_status"":""active"",""uses_current_activity"":false,""can_continue_automatically"":true,""decision_required"":false,""presence_state"":""away"",""location_ref"":"""",""absence_reason_ru"":""ночлег требует индивидуальной привязки""}]",,data/novgorod-region/novgorod_occupations_v1_enriched.tsv#nov_occ_ponomar:daily_schedule_normal;places-binding/places/place_families.csv#pf_church_interior;data/world-catalogs/novgorod/temporal-v4/datasets/calendar_daylight_light_profiles.json#record:calendar_daylight_light_profiles:novgorod_1230_1233_v2;book:375645 ¶964;book:375645 ¶965;book:641342 ¶1788;book:641342 ¶1557,rule:editorial_daylight_phase_partition_v2,no_source:exact_clock_times_and_individual_presence,C,candidate,Сезонный распорядок-кандидат; конкретный человек и доступ требуют сцены.
sch_nov_occ_ponomar_pf_church_interior_church_day_winter,2,nov_role_ponomar,nov_occ_ponomar,church_day,winter,12|1|2,0,"[{""state_id"":""sleep_before_service"",""duration_minutes"":448,""runtime_status"":""sleeping"",""activity_ref"":""routine_sleep_before_service_v1"",""summary"":""Сон до заутрени; ночлег не установлен."",""activity_status"":""active"",""uses_current_activity"":false,""can_continue_automatically"":true,""decision_required"":false,""presence_state"":""away"",""location_ref"":"""",""absence_reason_ru"":""ночлег требует индивидуальной привязки""},{""state_id"":""early_service"",""duration_minutes"":60,""runtime_status"":""available"",""activity_ref"":""routine_early_service_v1"",""summary"":""Заутреня; пономарь подаёт сигнал к службе."",""activity_status"":""active"",""uses_current_activity"":false,""can_continue_automatically"":true,""decision_required"":false,""presence_state"":""on_site"",""location_ref"":""pf_church_interior"",""absence_reason_ru"":""""},{""state_id"":""morning_work"",""duration_minutes"":212,""runtime_status"":""available"",""activity_ref"":""routine_morning_work_v1"",""summary"":""готовит церковь и помогает при службе"",""activity_status"":""active"",""uses_current_activity"":false,""can_continue_automatically"":true,""decision_required"":false,""presence_state"":""on_site"",""location_ref"":""pf_church_interior"",""absence_reason_ru"":""""},{""state_id"":""noon_meal"",""duration_minutes"":45,""runtime_status"":""available"",""activity_ref"":""routine_noon_meal_v1"",""summary"":""Полуденная трапеза (аналогия)."",""activity_status"":""active"",""uses_current_activity"":false,""can_continue_automatically"":true,""decision_required"":false,""presence_state"":""away"",""location_ref"":"""",""absence_reason_ru"":""место вне службы требует индивидуальной привязки""},{""state_id"":""post_meal_rest"",""duration_minutes"":90,""runtime_status"":""sleeping"",""activity_ref"":""routine_post_meal_rest_v1"",""summary"":""Послеобеденный отдых (аналогия; длительность редакционная)."",""activity_status"":""active"",""uses_current_activity"":false,""can_continue_automatically"":true,""decision_required"":false,""presence_state"":""away"",""location_ref"":"""",""absence_reason_ru"":""место вне службы требует индивидуальной привязки""},{""state_id"":""afternoon_work"",""duration_minutes"":44,""runtime_status"":""available"",""activity_ref"":""routine_afternoon_work_v1"",""summary"":""готовит церковь и помогает при службе"",""activity_status"":""active"",""uses_current_activity"":false,""can_continue_automatically"":true,""decision_required"":false,""presence_state"":""on_site"",""location_ref"":""pf_church_interior"",""absence_reason_ru"":""""},{""state_id"":""evening_return"",""duration_minutes"":60,""runtime_status"":""available"",""activity_ref"":""routine_evening_return_v1"",""summary"":""Завершает дела."",""activity_status"":""active"",""uses_current_activity"":false,""can_continue_automatically"":true,""decision_required"":false,""presence_state"":""away"",""location_ref"":"""",""absence_reason_ru"":""место вне службы требует индивидуальной привязки""},{""state_id"":""sleep_after_dusk"",""duration_minutes"":481,""runtime_status"":""sleeping"",""activity_ref"":""routine_sleep_after_dusk_v1"",""summary"":""Ночной сон; место неизвестно."",""activity_status"":""active"",""uses_current_activity"":false,""can_continue_automatically"":true,""decision_required"":false,""presence_state"":""away"",""location_ref"":"""",""absence_reason_ru"":""ночлег требует индивидуальной привязки""}]",,data/novgorod-region/novgorod_occupations_v1_enriched.tsv#nov_occ_ponomar:where_work_happens;places-binding/places/place_families.csv#pf_church_interior;data/world-catalogs/novgorod/temporal-v4/datasets/calendar_daylight_light_profiles.json#record:calendar_daylight_light_profiles:novgorod_1230_1233_v2;book:375645 ¶964;book:375645 ¶965;book:641342 ¶1788;book:641342 ¶1557,rule:editorial_daylight_phase_partition_v2,no_source:exact_clock_times_and_individual_presence,C,candidate,Сезонный распорядок-кандидат; конкретный человек и доступ требуют сцены.
sch_nov_occ_ponomar_pf_church_interior_normal_winter,2,nov_role_ponomar,nov_occ_ponomar,normal,winter,12|1|2,0,"[{""state_id"":""sleep_before_service"",""duration_minutes"":448,""runtime_status"":""sleeping"",""activity_ref"":""routine_sleep_before_service_v1"",""summary"":""Сон до заутрени; ночлег не установлен."",""activity_status"":""active"",""uses_current_activity"":false,""can_continue_automatically"":true,""decision_required"":false,""presence_state"":""away"",""location_ref"":"""",""absence_reason_ru"":""ночлег требует индивидуальной привязки""},{""state_id"":""early_service"",""duration_minutes"":60,""runtime_status"":""available"",""activity_ref"":""routine_early_service_v1"",""summary"":""Заутреня; пономарь подаёт сигнал к службе."",""activity_status"":""active"",""uses_current_activity"":false,""can_continue_automatically"":true,""decision_required"":false,""presence_state"":""on_site"",""location_ref"":""pf_church_interior"",""absence_reason_ru"":""""},{""state_id"":""morning_work"",""duration_minutes"":212,""runtime_status"":""available"",""activity_ref"":""routine_morning_work_v1"",""summary"":""утро: работа у места занятия; день: основной труд и переговоры; вечер: сдача инструмента, корм, семья или двор; ночь: обычно недоступен, кроме сторожи и дороги"",""activity_status"":""active"",""uses_current_activity"":false,""can_continue_automatically"":true,""decision_required"":false,""presence_state"":""on_site"",""location_ref"":""pf_church_interior"",""absence_reason_ru"":""""},{""state_id"":""noon_meal"",""duration_minutes"":45,""runtime_status"":""available"",""activity_ref"":""routine_noon_meal_v1"",""summary"":""Полуденная трапеза (аналогия)."",""activity_status"":""active"",""uses_current_activity"":false,""can_continue_automatically"":true,""decision_required"":false,""presence_state"":""away"",""location_ref"":"""",""absence_reason_ru"":""место вне службы требует индивидуальной привязки""},{""state_id"":""post_meal_rest"",""duration_minutes"":90,""runtime_status"":""sleeping"",""activity_ref"":""routine_post_meal_rest_v1"",""summary"":""Послеобеденный отдых (аналогия; длительность редакционная)."",""activity_status"":""active"",""uses_current_activity"":false,""can_continue_automatically"":true,""decision_required"":false,""presence_state"":""away"",""location_ref"":"""",""absence_reason_ru"":""место вне службы требует индивидуальной привязки""},{""state_id"":""afternoon_work"",""duration_minutes"":44,""runtime_status"":""available"",""activity_ref"":""routine_afternoon_work_v1"",""summary"":""утро: работа у места занятия; день: основной труд и переговоры; вечер: сдача инструмента, корм, семья или двор; ночь: обычно недоступен, кроме сторожи и дороги"",""activity_status"":""active"",""uses_current_activity"":false,""can_continue_automatically"":true,""decision_required"":false,""presence_state"":""on_site"",""location_ref"":""pf_church_interior"",""absence_reason_ru"":""""},{""state_id"":""evening_return"",""duration_minutes"":60,""runtime_status"":""available"",""activity_ref"":""routine_evening_return_v1"",""summary"":""Завершает дела."",""activity_status"":""active"",""uses_current_activity"":false,""can_continue_automatically"":true,""decision_required"":false,""presence_state"":""away"",""location_ref"":"""",""absence_reason_ru"":""место вне службы требует индивидуальной привязки""},{""state_id"":""sleep_after_dusk"",""duration_minutes"":481,""runtime_status"":""sleeping"",""activity_ref"":""routine_sleep_after_dusk_v1"",""summary"":""Ночной сон; место неизвестно."",""activity_status"":""active"",""uses_current_activity"":false,""can_continue_automatically"":true,""decision_required"":false,""presence_state"":""away"",""location_ref"":"""",""absence_reason_ru"":""ночлег требует индивидуальной привязки""}]",,data/novgorod-region/novgorod_occupations_v1_enriched.tsv#nov_occ_ponomar:daily_schedule_normal;places-binding/places/place_families.csv#pf_church_interior;data/world-catalogs/novgorod/temporal-v4/datasets/calendar_daylight_light_profiles.json#record:calendar_daylight_light_profiles:novgorod_1230_1233_v2;book:375645 ¶964;book:375645 ¶965;book:641342 ¶1788;book:641342 ¶1557,rule:editorial_daylight_phase_partition_v2,no_source:exact_clock_times_and_individual_presence,C,candidate,Сезонный распорядок-кандидат; конкретный человек и доступ требуют сцены.
sch_nov_occ_potter_pf_ordinary_workshop_normal_autumn,2,nov_role_craftsman_master,nov_occ_potter,normal,autumn,9|10|11,0,"[{""state_id"":""sleep_before_dawn"",""duration_minutes"":413,""runtime_status"":""sleeping"",""activity_ref"":""routine_sleep_before_dawn_v1"",""summary"":""Ночной сон; место неизвестно."",""activity_status"":""active"",""uses_current_activity"":false,""can_continue_automatically"":true,""decision_required"":false,""presence_state"":""away"",""location_ref"":"""",""absence_reason_ru"":""ночлег требует индивидуальной привязки""},{""state_id"":""preparation"",""duration_minutes"":60,""runtime_status"":""available"",""activity_ref"":""routine_preparation_v1"",""summary"":""Утренние дела после восхода."",""activity_status"":""active"",""uses_current_activity"":false,""can_continue_automatically"":true,""decision_required"":false,""presence_state"":""on_site"",""location_ref"":""pf_ordinary_workshop"",""absence_reason_ru"":""""},{""state_id"":""morning_work"",""duration_minutes"":247,""runtime_status"":""available"",""activity_ref"":""routine_morning_work_v1"",""summary"":""занят гончарной работой"",""activity_status"":""active"",""uses_current_activity"":false,""can_continue_automatically"":true,""decision_required"":false,""presence_state"":""on_site"",""location_ref"":""pf_ordinary_workshop"",""absence_reason_ru"":""""},{""state_id"":""noon_meal"",""duration_minutes"":45,""runtime_status"":""available"",""activity_ref"":""routine_noon_meal_v1"",""summary"":""Полуденная трапеза (аналогия)."",""activity_status"":""active"",""uses_current_activity"":false,""can_continue_automatically"":true,""decision_required"":false,""presence_state"":""on_site"",""location_ref"":""pf_ordinary_workshop"",""absence_reason_ru"":""""},{""state_id"":""post_meal_rest"",""duration_minutes"":90,""runtime_status"":""sleeping"",""activity_ref"":""routine_post_meal_rest_v1"",""summary"":""Послеобеденный отдых (аналогия; длительность редакционная)."",""activity_status"":""active"",""uses_current_activity"":false,""can_continue_automatically"":true,""decision_required"":false,""presence_state"":""on_site"",""location_ref"":""pf_ordinary_workshop"",""absence_reason_ru"":""""},{""state_id"":""afternoon_work"",""duration_minutes"":81,""runtime_status"":""available"",""activity_ref"":""routine_afternoon_work_v1"",""summary"":""занят гончарной работой"",""activity_status"":""active"",""uses_current_activity"":false,""can_continue_automatically"":true,""decision_required"":false,""presence_state"":""on_site"",""location_ref"":""pf_ordinary_workshop"",""absence_reason_ru"":""""},{""state_id"":""evening_return"",""duration_minutes"":60,""runtime_status"":""available"",""activity_ref"":""routine_evening_return_v1"",""summary"":""Завершает дела."",""activity_status"":""active"",""uses_current_activity"":false,""can_continue_automatically"":true,""decision_required"":false,""presence_state"":""on_site"",""location_ref"":""pf_ordinary_workshop"",""absence_reason_ru"":""""},{""state_id"":""sleep_after_dusk"",""duration_minutes"":444,""runtime_status"":""sleeping"",""activity_ref"":""routine_sleep_after_dusk_v1"",""summary"":""Ночной сон; место неизвестно."",""activity_status"":""active"",""uses_current_activity"":false,""can_continue_automatically"":true,""decision_required"":false,""presence_state"":""away"",""location_ref"":"""",""absence_reason_ru"":""ночлег требует индивидуальной привязки""}]",,data/novgorod-region/novgorod_occupations_v1_enriched.tsv#nov_occ_potter:where_work_happens;places-binding/places/place_families.csv#pf_ordinary_workshop;data/world-catalogs/novgorod/temporal-v4/datasets/calendar_daylight_light_profiles.json#record:calendar_daylight_light_profiles:novgorod_1230_1233_v2;book:375645 ¶964;book:375645 ¶965,rule:editorial_daylight_phase_partition_v2,no_source:exact_clock_times_and_individual_presence,C,candidate,Сезонный распорядок-кандидат; конкретный человек и доступ требуют сцены.
sch_nov_occ_potter_pf_ordinary_workshop_normal_spring,2,nov_role_craftsman_master,nov_occ_potter,normal,spring,3|4|5,0,"[{""state_id"":""sleep_before_dawn"",""duration_minutes"":268,""runtime_status"":""sleeping"",""activity_ref"":""routine_sleep_before_dawn_v1"",""summary"":""Ночной сон; место неизвестно."",""activity_status"":""active"",""uses_current_activity"":false,""can_continue_automatically"":true,""decision_required"":false,""presence_state"":""away"",""location_ref"":"""",""absence_reason_ru"":""ночлег требует индивидуальной привязки""},{""state_id"":""preparation"",""duration_minutes"":60,""runtime_status"":""available"",""activity_ref"":""routine_preparation_v1"",""summary"":""Утренние дела после восхода."",""activity_status"":""active"",""uses_current_activity"":false,""can_continue_automatically"":true,""decision_required"":false,""presence_state"":""on_site"",""location_ref"":""pf_ordinary_workshop"",""absence_reason_ru"":""""},{""state_id"":""morning_work"",""duration_minutes"":392,""runtime_status"":""available"",""activity_ref"":""routine_morning_work_v1"",""summary"":""занят гончарной работой"",""activity_status"":""active"",""uses_current_activity"":false,""can_continue_automatically"":true,""decision_required"":false,""presence_state"":""on_site"",""location_ref"":""pf_ordinary_workshop"",""absence_reason_ru"":""""},{""state_id"":""noon_meal"",""duration_minutes"":45,""runtime_status"":""available"",""activity_ref"":""routine_noon_meal_v1"",""summary"":""Полуденная трапеза (аналогия)."",""activity_status"":""active"",""uses_current_activity"":false,""can_continue_automatically"":true,""decision_required"":false,""presence_state"":""on_site"",""location_ref"":""pf_ordinary_workshop"",""absence_reason_ru"":""""},{""state_id"":""post_meal_rest"",""duration_minutes"":90,""runtime_status"":""sleeping"",""activity_ref"":""routine_post_meal_rest_v1"",""summary"":""Послеобеденный отдых (аналогия; длительность редакционная)."",""activity_status"":""active"",""uses_current_activity"":false,""can_continue_automatically"":true,""decision_required"":false,""presence_state"":""on_site"",""location_ref"":""pf_ordinary_workshop"",""absence_reason_ru"":""""},{""state_id"":""afternoon_work"",""duration_minutes"":253,""runtime_status"":""available"",""activity_ref"":""routine_afternoon_work_v1"",""summary"":""занят гончарной работой"",""activity_status"":""active"",""uses_current_activity"":false,""can_continue_automatically"":true,""decision_required"":false,""presence_state"":""on_site"",""location_ref"":""pf_ordinary_workshop"",""absence_reason_ru"":""""},{""state_id"":""evening_return"",""duration_minutes"":60,""runtime_status"":""available"",""activity_ref"":""routine_evening_return_v1"",""summary"":""Завершает дела."",""activity_status"":""active"",""uses_current_activity"":false,""can_continue_automatically"":true,""decision_required"":false,""presence_state"":""on_site"",""location_ref"":""pf_ordinary_workshop"",""absence_reason_ru"":""""},{""state_id"":""sleep_after_dusk"",""duration_minutes"":272,""runtime_status"":""sleeping"",""activity_ref"":""routine_sleep_after_dusk_v1"",""summary"":""Ночной сон; место неизвестно."",""activity_status"":""active"",""uses_current_activity"":false,""can_continue_automatically"":true,""decision_required"":false,""presence_state"":""away"",""location_ref"":"""",""absence_reason_ru"":""ночлег требует индивидуальной привязки""}]",,data/novgorod-region/novgorod_occupations_v1_enriched.tsv#nov_occ_potter:where_work_happens;places-binding/places/place_families.csv#pf_ordinary_workshop;data/world-catalogs/novgorod/temporal-v4/datasets/calendar_daylight_light_profiles.json#record:calendar_daylight_light_profiles:novgorod_1230_1233_v2;book:375645 ¶964;book:375645 ¶965,rule:editorial_daylight_phase_partition_v2,no_source:exact_clock_times_and_individual_presence,C,candidate,Сезонный распорядок-кандидат; конкретный человек и доступ требуют сцены.
sch_nov_occ_potter_pf_ordinary_workshop_normal_summer,2,nov_role_craftsman_master,nov_occ_potter,normal,summer,6|7|8,0,"[{""state_id"":""sleep_before_dawn"",""duration_minutes"":206,""runtime_status"":""sleeping"",""activity_ref"":""routine_sleep_before_dawn_v1"",""summary"":""Ночной сон; место неизвестно."",""activity_status"":""active"",""uses_current_activity"":false,""can_continue_automatically"":true,""decision_required"":false,""presence_state"":""away"",""location_ref"":"""",""absence_reason_ru"":""ночлег требует индивидуальной привязки""},{""state_id"":""preparation"",""duration_minutes"":60,""runtime_status"":""available"",""activity_ref"":""routine_preparation_v1"",""summary"":""Утренние дела после восхода."",""activity_status"":""active"",""uses_current_activity"":false,""can_continue_automatically"":true,""decision_required"":false,""presence_state"":""on_site"",""location_ref"":""pf_ordinary_workshop"",""absence_reason_ru"":""""},{""state_id"":""morning_work"",""duration_minutes"":454,""runtime_status"":""available"",""activity_ref"":""routine_morning_work_v1"",""summary"":""занят гончарной работой"",""activity_status"":""active"",""uses_current_activity"":false,""can_continue_automatically"":true,""decision_required"":false,""presence_state"":""on_site"",""location_ref"":""pf_ordinary_workshop"",""absence_reason_ru"":""""},{""state_id"":""noon_meal"",""duration_minutes"":45,""runtime_status"":""available"",""activity_ref"":""routine_noon_meal_v1"",""summary"":""Полуденная трапеза (аналогия)."",""activity_status"":""active"",""uses_current_activity"":false,""can_continue_automatically"":true,""decision_required"":false,""presence_state"":""on_site"",""location_ref"":""pf_ordinary_workshop"",""absence_reason_ru"":""""},{""state_id"":""post_meal_rest"",""duration_minutes"":90,""runtime_status"":""sleeping"",""activity_ref"":""routine_post_meal_rest_v1"",""summary"":""Послеобеденный отдых (аналогия; длительность редакционная)."",""activity_status"":""active"",""uses_current_activity"":false,""can_continue_automatically"":true,""decision_required"":false,""presence_state"":""on_site"",""location_ref"":""pf_ordinary_workshop"",""absence_reason_ru"":""""},{""state_id"":""afternoon_work"",""duration_minutes"":328,""runtime_status"":""available"",""activity_ref"":""routine_afternoon_work_v1"",""summary"":""занят гончарной работой"",""activity_status"":""active"",""uses_current_activity"":false,""can_continue_automatically"":true,""decision_required"":false,""presence_state"":""on_site"",""location_ref"":""pf_ordinary_workshop"",""absence_reason_ru"":""""},{""state_id"":""evening_return"",""duration_minutes"":60,""runtime_status"":""available"",""activity_ref"":""routine_evening_return_v1"",""summary"":""Завершает дела."",""activity_status"":""active"",""uses_current_activity"":false,""can_continue_automatically"":true,""decision_required"":false,""presence_state"":""on_site"",""location_ref"":""pf_ordinary_workshop"",""absence_reason_ru"":""""},{""state_id"":""sleep_after_dusk"",""duration_minutes"":197,""runtime_status"":""sleeping"",""activity_ref"":""routine_sleep_after_dusk_v1"",""summary"":""Ночной сон; место неизвестно."",""activity_status"":""active"",""uses_current_activity"":false,""can_continue_automatically"":true,""decision_required"":false,""presence_state"":""away"",""location_ref"":"""",""absence_reason_ru"":""ночлег требует индивидуальной привязки""}]",,data/novgorod-region/novgorod_occupations_v1_enriched.tsv#nov_occ_potter:where_work_happens;places-binding/places/place_families.csv#pf_ordinary_workshop;data/world-catalogs/novgorod/temporal-v4/datasets/calendar_daylight_light_profiles.json#record:calendar_daylight_light_profiles:novgorod_1230_1233_v2;book:375645 ¶964;book:375645 ¶965,rule:editorial_daylight_phase_partition_v2,no_source:exact_clock_times_and_individual_presence,C,candidate,Сезонный распорядок-кандидат; конкретный человек и доступ требуют сцены.
sch_nov_occ_potter_pf_ordinary_workshop_normal_winter,2,nov_role_craftsman_master,nov_occ_potter,normal,winter,12|1|2,0,"[{""state_id"":""sleep_before_dawn"",""duration_minutes"":508,""runtime_status"":""sleeping"",""activity_ref"":""routine_sleep_before_dawn_v1"",""summary"":""Ночной сон; место неизвестно."",""activity_status"":""active"",""uses_current_activity"":false,""can_continue_automatically"":true,""decision_required"":false,""presence_state"":""away"",""location_ref"":"""",""absence_reason_ru"":""ночлег требует индивидуальной привязки""},{""state_id"":""preparation"",""duration_minutes"":60,""runtime_status"":""available"",""activity_ref"":""routine_preparation_v1"",""summary"":""Утренние дела после восхода."",""activity_status"":""active"",""uses_current_activity"":false,""can_continue_automatically"":true,""decision_required"":false,""presence_state"":""on_site"",""location_ref"":""pf_ordinary_workshop"",""absence_reason_ru"":""""},{""state_id"":""morning_work"",""duration_minutes"":152,""runtime_status"":""available"",""activity_ref"":""routine_morning_work_v1"",""summary"":""занят гончарной работой"",""activity_status"":""active"",""uses_current_activity"":false,""can_continue_automatically"":true,""decision_required"":false,""presence_state"":""on_site"",""location_ref"":""pf_ordinary_workshop"",""absence_reason_ru"":""""},{""state_id"":""noon_meal"",""duration_minutes"":45,""runtime_status"":""available"",""activity_ref"":""routine_noon_meal_v1"",""summary"":""Полуденная трапеза (аналогия)."",""activity_status"":""active"",""uses_current_activity"":false,""can_continue_automatically"":true,""decision_required"":false,""presence_state"":""on_site"",""location_ref"":""pf_ordinary_workshop"",""absence_reason_ru"":""""},{""state_id"":""post_meal_rest"",""duration_minutes"":90,""runtime_status"":""sleeping"",""activity_ref"":""routine_post_meal_rest_v1"",""summary"":""Послеобеденный отдых (аналогия; длительность редакционная)."",""activity_status"":""active"",""uses_current_activity"":false,""can_continue_automatically"":true,""decision_required"":false,""presence_state"":""on_site"",""location_ref"":""pf_ordinary_workshop"",""absence_reason_ru"":""""},{""state_id"":""afternoon_work"",""duration_minutes"":44,""runtime_status"":""available"",""activity_ref"":""routine_afternoon_work_v1"",""summary"":""занят гончарной работой"",""activity_status"":""active"",""uses_current_activity"":false,""can_continue_automatically"":true,""decision_required"":false,""presence_state"":""on_site"",""location_ref"":""pf_ordinary_workshop"",""absence_reason_ru"":""""},{""state_id"":""evening_return"",""duration_minutes"":60,""runtime_status"":""available"",""activity_ref"":""routine_evening_return_v1"",""summary"":""Завершает дела."",""activity_status"":""active"",""uses_current_activity"":false,""can_continue_automatically"":true,""decision_required"":false,""presence_state"":""on_site"",""location_ref"":""pf_ordinary_workshop"",""absence_reason_ru"":""""},{""state_id"":""sleep_after_dusk"",""duration_minutes"":481,""runtime_status"":""sleeping"",""activity_ref"":""routine_sleep_after_dusk_v1"",""summary"":""Ночной сон; место неизвестно."",""activity_status"":""active"",""uses_current_activity"":false,""can_continue_automatically"":true,""decision_required"":false,""presence_state"":""away"",""location_ref"":"""",""absence_reason_ru"":""ночлег требует индивидуальной привязки""}]",,data/novgorod-region/novgorod_occupations_v1_enriched.tsv#nov_occ_potter:where_work_happens;places-binding/places/place_families.csv#pf_ordinary_workshop;data/world-catalogs/novgorod/temporal-v4/datasets/calendar_daylight_light_profiles.json#record:calendar_daylight_light_profiles:novgorod_1230_1233_v2;book:375645 ¶964;book:375645 ¶965,rule:editorial_daylight_phase_partition_v2,no_source:exact_clock_times_and_individual_presence,C,candidate,Сезонный распорядок-кандидат; конкретный человек и доступ требуют сцены.
sch_nov_occ_route_guide_pf_bog_normal_autumn,2,nov_role_guide,nov_occ_route_guide,normal,autumn,9|10|11,0,"[{""state_id"":""sleep_before_dawn"",""duration_minutes"":413,""runtime_status"":""sleeping"",""activity_ref"":""routine_sleep_before_dawn_v1"",""summary"":""Ночной сон; место неизвестно."",""activity_status"":""active"",""uses_current_activity"":false,""can_continue_automatically"":true,""decision_required"":false,""presence_state"":""away"",""location_ref"":"""",""absence_reason_ru"":""ночлег требует индивидуальной привязки""},{""state_id"":""preparation"",""duration_minutes"":60,""runtime_status"":""available"",""activity_ref"":""routine_preparation_v1"",""summary"":""Утренние дела после восхода."",""activity_status"":""active"",""uses_current_activity"":false,""can_continue_automatically"":true,""decision_required"":false,""presence_state"":""on_site"",""location_ref"":""pf_bog"",""absence_reason_ru"":""""},{""state_id"":""morning_work"",""duration_minutes"":247,""runtime_status"":""available"",""activity_ref"":""routine_morning_work_v1"",""summary"":""утро: сбор, ремонт, закупка; день: заготовки, торг, дороги до распутицы; вечер: учёт запасов; ночь холоднее и опаснее"",""activity_status"":""active"",""uses_current_activity"":false,""can_continue_automatically"":true,""decision_required"":false,""presence_state"":""on_site"",""location_ref"":""pf_bog"",""absence_reason_ru"":""""},{""state_id"":""noon_meal"",""duration_minutes"":45,""runtime_status"":""available"",""activity_ref"":""routine_noon_meal_v1"",""summary"":""Полуденная трапеза (аналогия)."",""activity_status"":""active"",""uses_current_activity"":false,""can_continue_automatically"":true,""decision_required"":false,""presence_state"":""on_site"",""location_ref"":""pf_bog"",""absence_reason_ru"":""""},{""state_id"":""post_meal_rest"",""duration_minutes"":90,""runtime_status"":""sleeping"",""activity_ref"":""routine_post_meal_rest_v1"",""summary"":""Послеобеденный отдых (аналогия; длительность редакционная)."",""activity_status"":""active"",""uses_current_activity"":false,""can_continue_automatically"":true,""decision_required"":false,""presence_state"":""on_site"",""location_ref"":""pf_bog"",""absence_reason_ru"":""""},{""state_id"":""afternoon_work"",""duration_minutes"":81,""runtime_status"":""available"",""activity_ref"":""routine_afternoon_work_v1"",""summary"":""утро: сбор, ремонт, закупка; день: заготовки, торг, дороги до распутицы; вечер: учёт запасов; ночь холоднее и опаснее"",""activity_status"":""active"",""uses_current_activity"":false,""can_continue_automatically"":true,""decision_required"":false,""presence_state"":""on_site"",""location_ref"":""pf_bog"",""absence_reason_ru"":""""},{""state_id"":""evening_return"",""duration_minutes"":60,""runtime_status"":""available"",""activity_ref"":""routine_evening_return_v1"",""summary"":""Завершает дела."",""activity_status"":""active"",""uses_current_activity"":false,""can_continue_automatically"":true,""decision_required"":false,""presence_state"":""on_site"",""location_ref"":""pf_bog"",""absence_reason_ru"":""""},{""state_id"":""sleep_after_dusk"",""duration_minutes"":444,""runtime_status"":""sleeping"",""activity_ref"":""routine_sleep_after_dusk_v1"",""summary"":""Ночной сон; место неизвестно."",""activity_status"":""active"",""uses_current_activity"":false,""can_continue_automatically"":true,""decision_required"":false,""presence_state"":""away"",""location_ref"":"""",""absence_reason_ru"":""ночлег требует индивидуальной привязки""}]",,data/novgorod-region/novgorod_occupations_v1_enriched.tsv#nov_occ_route_guide:daily_schedule_autumn;places-binding/places/place_families.csv#pf_bog;data/world-catalogs/novgorod/temporal-v4/datasets/calendar_daylight_light_profiles.json#record:calendar_daylight_light_profiles:novgorod_1230_1233_v2;book:375645 ¶964;book:375645 ¶965;places-binding/presence/people_presence_authoring.csv#nov_occ_route_guide,rule:editorial_daylight_phase_partition_v2,no_source:exact_clock_times_and_individual_presence,C,candidate,Сезонный распорядок-кандидат; конкретный человек и доступ требуют сцены.
sch_nov_occ_route_guide_pf_bog_normal_spring,2,nov_role_guide,nov_occ_route_guide,normal,spring,3|4|5,0,"[{""state_id"":""sleep_before_dawn"",""duration_minutes"":268,""runtime_status"":""sleeping"",""activity_ref"":""routine_sleep_before_dawn_v1"",""summary"":""Ночной сон; место неизвестно."",""activity_status"":""active"",""uses_current_activity"":false,""can_continue_automatically"":true,""decision_required"":false,""presence_state"":""away"",""location_ref"":"""",""absence_reason_ru"":""ночлег требует индивидуальной привязки""},{""state_id"":""preparation"",""duration_minutes"":60,""runtime_status"":""available"",""activity_ref"":""routine_preparation_v1"",""summary"":""Утренние дела после восхода."",""activity_status"":""active"",""uses_current_activity"":false,""can_continue_automatically"":true,""decision_required"":false,""presence_state"":""on_site"",""location_ref"":""pf_bog"",""absence_reason_ru"":""""},{""state_id"":""morning_work"",""duration_minutes"":392,""runtime_status"":""available"",""activity_ref"":""routine_morning_work_v1"",""summary"":""утро: проверка грязи, воды и доступа; день: работа замедлена распутицей; вечер: возврат раньше; ночь: дороги и перевозы рискованны"",""activity_status"":""active"",""uses_current_activity"":false,""can_continue_automatically"":true,""decision_required"":false,""presence_state"":""on_site"",""location_ref"":""pf_bog"",""absence_reason_ru"":""""},{""state_id"":""noon_meal"",""duration_minutes"":45,""runtime_status"":""available"",""activity_ref"":""routine_noon_meal_v1"",""summary"":""Полуденная трапеза (аналогия)."",""activity_status"":""active"",""uses_current_activity"":false,""can_continue_automatically"":true,""decision_required"":false,""presence_state"":""on_site"",""location_ref"":""pf_bog"",""absence_reason_ru"":""""},{""state_id"":""post_meal_rest"",""duration_minutes"":90,""runtime_status"":""sleeping"",""activity_ref"":""routine_post_meal_rest_v1"",""summary"":""Послеобеденный отдых (аналогия; длительность редакционная)."",""activity_status"":""active"",""uses_current_activity"":false,""can_continue_automatically"":true,""decision_required"":false,""presence_state"":""on_site"",""location_ref"":""pf_bog"",""absence_reason_ru"":""""},{""state_id"":""afternoon_work"",""duration_minutes"":253,""runtime_status"":""available"",""activity_ref"":""routine_afternoon_work_v1"",""summary"":""утро: проверка грязи, воды и доступа; день: работа замедлена распутицей; вечер: возврат раньше; ночь: дороги и перевозы рискованны"",""activity_status"":""active"",""uses_current_activity"":false,""can_continue_automatically"":true,""decision_required"":false,""presence_state"":""on_site"",""location_ref"":""pf_bog"",""absence_reason_ru"":""""},{""state_id"":""evening_return"",""duration_minutes"":60,""runtime_status"":""available"",""activity_ref"":""routine_evening_return_v1"",""summary"":""Завершает дела."",""activity_status"":""active"",""uses_current_activity"":false,""can_continue_automatically"":true,""decision_required"":false,""presence_state"":""on_site"",""location_ref"":""pf_bog"",""absence_reason_ru"":""""},{""state_id"":""sleep_after_dusk"",""duration_minutes"":272,""runtime_status"":""sleeping"",""activity_ref"":""routine_sleep_after_dusk_v1"",""summary"":""Ночной сон; место неизвестно."",""activity_status"":""active"",""uses_current_activity"":false,""can_continue_automatically"":true,""decision_required"":false,""presence_state"":""away"",""location_ref"":"""",""absence_reason_ru"":""ночлег требует индивидуальной привязки""}]",,data/novgorod-region/novgorod_occupations_v1_enriched.tsv#nov_occ_route_guide:daily_schedule_spring_rasputitsa;places-binding/places/place_families.csv#pf_bog;data/world-catalogs/novgorod/temporal-v4/datasets/calendar_daylight_light_profiles.json#record:calendar_daylight_light_profiles:novgorod_1230_1233_v2;book:375645 ¶964;book:375645 ¶965;places-binding/presence/people_presence_authoring.csv#nov_occ_route_guide,rule:editorial_daylight_phase_partition_v2,no_source:exact_clock_times_and_individual_presence,C,candidate,Сезонный распорядок-кандидат; конкретный человек и доступ требуют сцены.
sch_nov_occ_route_guide_pf_bog_normal_summer,2,nov_role_guide,nov_occ_route_guide,normal,summer,6|7|8,0,"[{""state_id"":""sleep_before_dawn"",""duration_minutes"":206,""runtime_status"":""sleeping"",""activity_ref"":""routine_sleep_before_dawn_v1"",""summary"":""Ночной сон; место неизвестно."",""activity_status"":""active"",""uses_current_activity"":false,""can_continue_automatically"":true,""decision_required"":false,""presence_state"":""away"",""location_ref"":"""",""absence_reason_ru"":""ночлег требует индивидуальной привязки""},{""state_id"":""preparation"",""duration_minutes"":60,""runtime_status"":""available"",""activity_ref"":""routine_preparation_v1"",""summary"":""Утренние дела после восхода."",""activity_status"":""active"",""uses_current_activity"":false,""can_continue_automatically"":true,""decision_required"":false,""presence_state"":""on_site"",""location_ref"":""pf_bog"",""absence_reason_ru"":""""},{""state_id"":""morning_work"",""duration_minutes"":454,""runtime_status"":""available"",""activity_ref"":""routine_morning_work_v1"",""summary"":""утро раннее; день длинный и трудовой; вечер занят запасами, скотом, лодками или товаром; ночь возможна для сторожи, рыбы и дороги"",""activity_status"":""active"",""uses_current_activity"":false,""can_continue_automatically"":true,""decision_required"":false,""presence_state"":""on_site"",""location_ref"":""pf_bog"",""absence_reason_ru"":""""},{""state_id"":""noon_meal"",""duration_minutes"":45,""runtime_status"":""available"",""activity_ref"":""routine_noon_meal_v1"",""summary"":""Полуденная трапеза (аналогия)."",""activity_status"":""active"",""uses_current_activity"":false,""can_continue_automatically"":true,""decision_required"":false,""presence_state"":""on_site"",""location_ref"":""pf_bog"",""absence_reason_ru"":""""},{""state_id"":""post_meal_rest"",""duration_minutes"":90,""runtime_status"":""sleeping"",""activity_ref"":""routine_post_meal_rest_v1"",""summary"":""Послеобеденный отдых (аналогия; длительность редакционная)."",""activity_status"":""active"",""uses_current_activity"":false,""can_continue_automatically"":true,""decision_required"":false,""presence_state"":""on_site"",""location_ref"":""pf_bog"",""absence_reason_ru"":""""},{""state_id"":""afternoon_work"",""duration_minutes"":328,""runtime_status"":""available"",""activity_ref"":""routine_afternoon_work_v1"",""summary"":""утро раннее; день длинный и трудовой; вечер занят запасами, скотом, лодками или товаром; ночь возможна для сторожи, рыбы и дороги"",""activity_status"":""active"",""uses_current_activity"":false,""can_continue_automatically"":true,""decision_required"":false,""presence_state"":""on_site"",""location_ref"":""pf_bog"",""absence_reason_ru"":""""},{""state_id"":""evening_return"",""duration_minutes"":60,""runtime_status"":""available"",""activity_ref"":""routine_evening_return_v1"",""summary"":""Завершает дела."",""activity_status"":""active"",""uses_current_activity"":false,""can_continue_automatically"":true,""decision_required"":false,""presence_state"":""on_site"",""location_ref"":""pf_bog"",""absence_reason_ru"":""""},{""state_id"":""sleep_after_dusk"",""duration_minutes"":197,""runtime_status"":""sleeping"",""activity_ref"":""routine_sleep_after_dusk_v1"",""summary"":""Ночной сон; место неизвестно."",""activity_status"":""active"",""uses_current_activity"":false,""can_continue_automatically"":true,""decision_required"":false,""presence_state"":""away"",""location_ref"":"""",""absence_reason_ru"":""ночлег требует индивидуальной привязки""}]",,data/novgorod-region/novgorod_occupations_v1_enriched.tsv#nov_occ_route_guide:daily_schedule_summer;places-binding/places/place_families.csv#pf_bog;data/world-catalogs/novgorod/temporal-v4/datasets/calendar_daylight_light_profiles.json#record:calendar_daylight_light_profiles:novgorod_1230_1233_v2;book:375645 ¶964;book:375645 ¶965;places-binding/presence/people_presence_authoring.csv#nov_occ_route_guide,rule:editorial_daylight_phase_partition_v2,no_source:exact_clock_times_and_individual_presence,C,candidate,Сезонный распорядок-кандидат; конкретный человек и доступ требуют сцены.
sch_nov_occ_route_guide_pf_bog_normal_winter,2,nov_role_guide,nov_occ_route_guide,normal,winter,12|1|2,0,"[{""state_id"":""sleep_before_dawn"",""duration_minutes"":508,""runtime_status"":""sleeping"",""activity_ref"":""routine_sleep_before_dawn_v1"",""summary"":""Ночной сон; место неизвестно."",""activity_status"":""active"",""uses_current_activity"":false,""can_continue_automatically"":true,""decision_required"":false,""presence_state"":""away"",""location_ref"":"""",""absence_reason_ru"":""ночлег требует индивидуальной привязки""},{""state_id"":""preparation"",""duration_minutes"":60,""runtime_status"":""available"",""activity_ref"":""routine_preparation_v1"",""summary"":""Утренние дела после восхода."",""activity_status"":""active"",""uses_current_activity"":false,""can_continue_automatically"":true,""decision_required"":false,""presence_state"":""on_site"",""location_ref"":""pf_bog"",""absence_reason_ru"":""""},{""state_id"":""morning_work"",""duration_minutes"":152,""runtime_status"":""available"",""activity_ref"":""routine_morning_work_v1"",""summary"":""утро позднее и короче; день: зимний путь, ремонт, скот, склад или внутренняя работа; вечер ранний; ночь опасна из-за холода и темноты"",""activity_status"":""active"",""uses_current_activity"":false,""can_continue_automatically"":true,""decision_required"":false,""presence_state"":""on_site"",""location_ref"":""pf_bog"",""absence_reason_ru"":""""},{""state_id"":""noon_meal"",""duration_minutes"":45,""runtime_status"":""available"",""activity_ref"":""routine_noon_meal_v1"",""summary"":""Полуденная трапеза (аналогия)."",""activity_status"":""active"",""uses_current_activity"":false,""can_continue_automatically"":true,""decision_required"":false,""presence_state"":""on_site"",""location_ref"":""pf_bog"",""absence_reason_ru"":""""},{""state_id"":""post_meal_rest"",""duration_minutes"":90,""runtime_status"":""sleeping"",""activity_ref"":""routine_post_meal_rest_v1"",""summary"":""Послеобеденный отдых (аналогия; длительность редакционная)."",""activity_status"":""active"",""uses_current_activity"":false,""can_continue_automatically"":true,""decision_required"":false,""presence_state"":""on_site"",""location_ref"":""pf_bog"",""absence_reason_ru"":""""},{""state_id"":""afternoon_work"",""duration_minutes"":44,""runtime_status"":""available"",""activity_ref"":""routine_afternoon_work_v1"",""summary"":""утро позднее и короче; день: зимний путь, ремонт, скот, склад или внутренняя работа; вечер ранний; ночь опасна из-за холода и темноты"",""activity_status"":""active"",""uses_current_activity"":false,""can_continue_automatically"":true,""decision_required"":false,""presence_state"":""on_site"",""location_ref"":""pf_bog"",""absence_reason_ru"":""""},{""state_id"":""evening_return"",""duration_minutes"":60,""runtime_status"":""available"",""activity_ref"":""routine_evening_return_v1"",""summary"":""Завершает дела."",""activity_status"":""active"",""uses_current_activity"":false,""can_continue_automatically"":true,""decision_required"":false,""presence_state"":""on_site"",""location_ref"":""pf_bog"",""absence_reason_ru"":""""},{""state_id"":""sleep_after_dusk"",""duration_minutes"":481,""runtime_status"":""sleeping"",""activity_ref"":""routine_sleep_after_dusk_v1"",""summary"":""Ночной сон; место неизвестно."",""activity_status"":""active"",""uses_current_activity"":false,""can_continue_automatically"":true,""decision_required"":false,""presence_state"":""away"",""location_ref"":"""",""absence_reason_ru"":""ночлег требует индивидуальной привязки""}]",,data/novgorod-region/novgorod_occupations_v1_enriched.tsv#nov_occ_route_guide:daily_schedule_winter;places-binding/places/place_families.csv#pf_bog;data/world-catalogs/novgorod/temporal-v4/datasets/calendar_daylight_light_profiles.json#record:calendar_daylight_light_profiles:novgorod_1230_1233_v2;book:375645 ¶964;book:375645 ¶965;places-binding/presence/people_presence_authoring.csv#nov_occ_route_guide,rule:editorial_daylight_phase_partition_v2,no_source:exact_clock_times_and_individual_presence,C,candidate,Сезонный распорядок-кандидат; конкретный человек и доступ требуют сцены.
sch_nov_occ_route_guide_pf_forest_track_normal_autumn,2,nov_role_guide,nov_occ_route_guide,normal,autumn,9|10|11,0,"[{""state_id"":""sleep_before_dawn"",""duration_minutes"":413,""runtime_status"":""sleeping"",""activity_ref"":""routine_sleep_before_dawn_v1"",""summary"":""Ночной сон; место неизвестно."",""activity_status"":""active"",""uses_current_activity"":false,""can_continue_automatically"":true,""decision_required"":false,""presence_state"":""away"",""location_ref"":"""",""absence_reason_ru"":""ночлег требует индивидуальной привязки""},{""state_id"":""preparation"",""duration_minutes"":60,""runtime_status"":""available"",""activity_ref"":""routine_preparation_v1"",""summary"":""Утренние дела после восхода."",""activity_status"":""active"",""uses_current_activity"":false,""can_continue_automatically"":true,""decision_required"":false,""presence_state"":""on_site"",""location_ref"":""pf_forest_track"",""absence_reason_ru"":""""},{""state_id"":""morning_work"",""duration_minutes"":247,""runtime_status"":""available"",""activity_ref"":""routine_morning_work_v1"",""summary"":""утро: сбор, ремонт, закупка; день: заготовки, торг, дороги до распутицы; вечер: учёт запасов; ночь холоднее и опаснее"",""activity_status"":""active"",""uses_current_activity"":false,""can_continue_automatically"":true,""decision_required"":false,""presence_state"":""on_site"",""location_ref"":""pf_forest_track"",""absence_reason_ru"":""""},{""state_id"":""noon_meal"",""duration_minutes"":45,""runtime_status"":""available"",""activity_ref"":""routine_noon_meal_v1"",""summary"":""Полуденная трапеза (аналогия)."",""activity_status"":""active"",""uses_current_activity"":false,""can_continue_automatically"":true,""decision_required"":false,""presence_state"":""on_site"",""location_ref"":""pf_forest_track"",""absence_reason_ru"":""""},{""state_id"":""post_meal_rest"",""duration_minutes"":90,""runtime_status"":""sleeping"",""activity_ref"":""routine_post_meal_rest_v1"",""summary"":""Послеобеденный отдых (аналогия; длительность редакционная)."",""activity_status"":""active"",""uses_current_activity"":false,""can_continue_automatically"":true,""decision_required"":false,""presence_state"":""on_site"",""location_ref"":""pf_forest_track"",""absence_reason_ru"":""""},{""state_id"":""afternoon_work"",""duration_minutes"":81,""runtime_status"":""available"",""activity_ref"":""routine_afternoon_work_v1"",""summary"":""утро: сбор, ремонт, закупка; день: заготовки, торг, дороги до распутицы; вечер: учёт запасов; ночь холоднее и опаснее"",""activity_status"":""active"",""uses_current_activity"":false,""can_continue_automatically"":true,""decision_required"":false,""presence_state"":""on_site"",""location_ref"":""pf_forest_track"",""absence_reason_ru"":""""},{""state_id"":""evening_return"",""duration_minutes"":60,""runtime_status"":""available"",""activity_ref"":""routine_evening_return_v1"",""summary"":""Завершает дела."",""activity_status"":""active"",""uses_current_activity"":false,""can_continue_automatically"":true,""decision_required"":false,""presence_state"":""on_site"",""location_ref"":""pf_forest_track"",""absence_reason_ru"":""""},{""state_id"":""sleep_after_dusk"",""duration_minutes"":444,""runtime_status"":""sleeping"",""activity_ref"":""routine_sleep_after_dusk_v1"",""summary"":""Ночной сон; место неизвестно."",""activity_status"":""active"",""uses_current_activity"":false,""can_continue_automatically"":true,""decision_required"":false,""presence_state"":""away"",""location_ref"":"""",""absence_reason_ru"":""ночлег требует индивидуальной привязки""}]",,data/novgorod-region/novgorod_occupations_v1_enriched.tsv#nov_occ_route_guide:daily_schedule_autumn;places-binding/places/place_families.csv#pf_forest_track;data/world-catalogs/novgorod/temporal-v4/datasets/calendar_daylight_light_profiles.json#record:calendar_daylight_light_profiles:novgorod_1230_1233_v2;book:375645 ¶964;book:375645 ¶965;places-binding/presence/people_presence_authoring.csv#nov_occ_route_guide,rule:editorial_daylight_phase_partition_v2,no_source:exact_clock_times_and_individual_presence,C,candidate,Сезонный распорядок-кандидат; конкретный человек и доступ требуют сцены.
sch_nov_occ_route_guide_pf_forest_track_normal_spring,2,nov_role_guide,nov_occ_route_guide,normal,spring,3|4|5,0,"[{""state_id"":""sleep_before_dawn"",""duration_minutes"":268,""runtime_status"":""sleeping"",""activity_ref"":""routine_sleep_before_dawn_v1"",""summary"":""Ночной сон; место неизвестно."",""activity_status"":""active"",""uses_current_activity"":false,""can_continue_automatically"":true,""decision_required"":false,""presence_state"":""away"",""location_ref"":"""",""absence_reason_ru"":""ночлег требует индивидуальной привязки""},{""state_id"":""preparation"",""duration_minutes"":60,""runtime_status"":""available"",""activity_ref"":""routine_preparation_v1"",""summary"":""Утренние дела после восхода."",""activity_status"":""active"",""uses_current_activity"":false,""can_continue_automatically"":true,""decision_required"":false,""presence_state"":""on_site"",""location_ref"":""pf_forest_track"",""absence_reason_ru"":""""},{""state_id"":""morning_work"",""duration_minutes"":392,""runtime_status"":""available"",""activity_ref"":""routine_morning_work_v1"",""summary"":""утро: проверка грязи, воды и доступа; день: работа замедлена распутицей; вечер: возврат раньше; ночь: дороги и перевозы рискованны"",""activity_status"":""active"",""uses_current_activity"":false,""can_continue_automatically"":true,""decision_required"":false,""presence_state"":""on_site"",""location_ref"":""pf_forest_track"",""absence_reason_ru"":""""},{""state_id"":""noon_meal"",""duration_minutes"":45,""runtime_status"":""available"",""activity_ref"":""routine_noon_meal_v1"",""summary"":""Полуденная трапеза (аналогия)."",""activity_status"":""active"",""uses_current_activity"":false,""can_continue_automatically"":true,""decision_required"":false,""presence_state"":""on_site"",""location_ref"":""pf_forest_track"",""absence_reason_ru"":""""},{""state_id"":""post_meal_rest"",""duration_minutes"":90,""runtime_status"":""sleeping"",""activity_ref"":""routine_post_meal_rest_v1"",""summary"":""Послеобеденный отдых (аналогия; длительность редакционная)."",""activity_status"":""active"",""uses_current_activity"":false,""can_continue_automatically"":true,""decision_required"":false,""presence_state"":""on_site"",""location_ref"":""pf_forest_track"",""absence_reason_ru"":""""},{""state_id"":""afternoon_work"",""duration_minutes"":253,""runtime_status"":""available"",""activity_ref"":""routine_afternoon_work_v1"",""summary"":""утро: проверка грязи, воды и доступа; день: работа замедлена распутицей; вечер: возврат раньше; ночь: дороги и перевозы рискованны"",""activity_status"":""active"",""uses_current_activity"":false,""can_continue_automatically"":true,""decision_required"":false,""presence_state"":""on_site"",""location_ref"":""pf_forest_track"",""absence_reason_ru"":""""},{""state_id"":""evening_return"",""duration_minutes"":60,""runtime_status"":""available"",""activity_ref"":""routine_evening_return_v1"",""summary"":""Завершает дела."",""activity_status"":""active"",""uses_current_activity"":false,""can_continue_automatically"":true,""decision_required"":false,""presence_state"":""on_site"",""location_ref"":""pf_forest_track"",""absence_reason_ru"":""""},{""state_id"":""sleep_after_dusk"",""duration_minutes"":272,""runtime_status"":""sleeping"",""activity_ref"":""routine_sleep_after_dusk_v1"",""summary"":""Ночной сон; место неизвестно."",""activity_status"":""active"",""uses_current_activity"":false,""can_continue_automatically"":true,""decision_required"":false,""presence_state"":""away"",""location_ref"":"""",""absence_reason_ru"":""ночлег требует индивидуальной привязки""}]",,data/novgorod-region/novgorod_occupations_v1_enriched.tsv#nov_occ_route_guide:daily_schedule_spring_rasputitsa;places-binding/places/place_families.csv#pf_forest_track;data/world-catalogs/novgorod/temporal-v4/datasets/calendar_daylight_light_profiles.json#record:calendar_daylight_light_profiles:novgorod_1230_1233_v2;book:375645 ¶964;book:375645 ¶965;places-binding/presence/people_presence_authoring.csv#nov_occ_route_guide,rule:editorial_daylight_phase_partition_v2,no_source:exact_clock_times_and_individual_presence,C,candidate,Сезонный распорядок-кандидат; конкретный человек и доступ требуют сцены.
sch_nov_occ_route_guide_pf_forest_track_normal_summer,2,nov_role_guide,nov_occ_route_guide,normal,summer,6|7|8,0,"[{""state_id"":""sleep_before_dawn"",""duration_minutes"":206,""runtime_status"":""sleeping"",""activity_ref"":""routine_sleep_before_dawn_v1"",""summary"":""Ночной сон; место неизвестно."",""activity_status"":""active"",""uses_current_activity"":false,""can_continue_automatically"":true,""decision_required"":false,""presence_state"":""away"",""location_ref"":"""",""absence_reason_ru"":""ночлег требует индивидуальной привязки""},{""state_id"":""preparation"",""duration_minutes"":60,""runtime_status"":""available"",""activity_ref"":""routine_preparation_v1"",""summary"":""Утренние дела после восхода."",""activity_status"":""active"",""uses_current_activity"":false,""can_continue_automatically"":true,""decision_required"":false,""presence_state"":""on_site"",""location_ref"":""pf_forest_track"",""absence_reason_ru"":""""},{""state_id"":""morning_work"",""duration_minutes"":454,""runtime_status"":""available"",""activity_ref"":""routine_morning_work_v1"",""summary"":""утро раннее; день длинный и трудовой; вечер занят запасами, скотом, лодками или товаром; ночь возможна для сторожи, рыбы и дороги"",""activity_status"":""active"",""uses_current_activity"":false,""can_continue_automatically"":true,""decision_required"":false,""presence_state"":""on_site"",""location_ref"":""pf_forest_track"",""absence_reason_ru"":""""},{""state_id"":""noon_meal"",""duration_minutes"":45,""runtime_status"":""available"",""activity_ref"":""routine_noon_meal_v1"",""summary"":""Полуденная трапеза (аналогия)."",""activity_status"":""active"",""uses_current_activity"":false,""can_continue_automatically"":true,""decision_required"":false,""presence_state"":""on_site"",""location_ref"":""pf_forest_track"",""absence_reason_ru"":""""},{""state_id"":""post_meal_rest"",""duration_minutes"":90,""runtime_status"":""sleeping"",""activity_ref"":""routine_post_meal_rest_v1"",""summary"":""Послеобеденный отдых (аналогия; длительность редакционная)."",""activity_status"":""active"",""uses_current_activity"":false,""can_continue_automatically"":true,""decision_required"":false,""presence_state"":""on_site"",""location_ref"":""pf_forest_track"",""absence_reason_ru"":""""},{""state_id"":""afternoon_work"",""duration_minutes"":328,""runtime_status"":""available"",""activity_ref"":""routine_afternoon_work_v1"",""summary"":""утро раннее; день длинный и трудовой; вечер занят запасами, скотом, лодками или товаром; ночь возможна для сторожи, рыбы и дороги"",""activity_status"":""active"",""uses_current_activity"":false,""can_continue_automatically"":true,""decision_required"":false,""presence_state"":""on_site"",""location_ref"":""pf_forest_track"",""absence_reason_ru"":""""},{""state_id"":""evening_return"",""duration_minutes"":60,""runtime_status"":""available"",""activity_ref"":""routine_evening_return_v1"",""summary"":""Завершает дела."",""activity_status"":""active"",""uses_current_activity"":false,""can_continue_automatically"":true,""decision_required"":false,""presence_state"":""on_site"",""location_ref"":""pf_forest_track"",""absence_reason_ru"":""""},{""state_id"":""sleep_after_dusk"",""duration_minutes"":197,""runtime_status"":""sleeping"",""activity_ref"":""routine_sleep_after_dusk_v1"",""summary"":""Ночной сон; место неизвестно."",""activity_status"":""active"",""uses_current_activity"":false,""can_continue_automatically"":true,""decision_required"":false,""presence_state"":""away"",""location_ref"":"""",""absence_reason_ru"":""ночлег требует индивидуальной привязки""}]",,data/novgorod-region/novgorod_occupations_v1_enriched.tsv#nov_occ_route_guide:daily_schedule_summer;places-binding/places/place_families.csv#pf_forest_track;data/world-catalogs/novgorod/temporal-v4/datasets/calendar_daylight_light_profiles.json#record:calendar_daylight_light_profiles:novgorod_1230_1233_v2;book:375645 ¶964;book:375645 ¶965;places-binding/presence/people_presence_authoring.csv#nov_occ_route_guide,rule:editorial_daylight_phase_partition_v2,no_source:exact_clock_times_and_individual_presence,C,candidate,Сезонный распорядок-кандидат; конкретный человек и доступ требуют сцены.
sch_nov_occ_route_guide_pf_forest_track_normal_winter,2,nov_role_guide,nov_occ_route_guide,normal,winter,12|1|2,0,"[{""state_id"":""sleep_before_dawn"",""duration_minutes"":508,""runtime_status"":""sleeping"",""activity_ref"":""routine_sleep_before_dawn_v1"",""summary"":""Ночной сон; место неизвестно."",""activity_status"":""active"",""uses_current_activity"":false,""can_continue_automatically"":true,""decision_required"":false,""presence_state"":""away"",""location_ref"":"""",""absence_reason_ru"":""ночлег требует индивидуальной привязки""},{""state_id"":""preparation"",""duration_minutes"":60,""runtime_status"":""available"",""activity_ref"":""routine_preparation_v1"",""summary"":""Утренние дела после восхода."",""activity_status"":""active"",""uses_current_activity"":false,""can_continue_automatically"":true,""decision_required"":false,""presence_state"":""on_site"",""location_ref"":""pf_forest_track"",""absence_reason_ru"":""""},{""state_id"":""morning_work"",""duration_minutes"":152,""runtime_status"":""available"",""activity_ref"":""routine_morning_work_v1"",""summary"":""утро позднее и короче; день: зимний путь, ремонт, скот, склад или внутренняя работа; вечер ранний; ночь опасна из-за холода и темноты"",""activity_status"":""active"",""uses_current_activity"":false,""can_continue_automatically"":true,""decision_required"":false,""presence_state"":""on_site"",""location_ref"":""pf_forest_track"",""absence_reason_ru"":""""},{""state_id"":""noon_meal"",""duration_minutes"":45,""runtime_status"":""available"",""activity_ref"":""routine_noon_meal_v1"",""summary"":""Полуденная трапеза (аналогия)."",""activity_status"":""active"",""uses_current_activity"":false,""can_continue_automatically"":true,""decision_required"":false,""presence_state"":""on_site"",""location_ref"":""pf_forest_track"",""absence_reason_ru"":""""},{""state_id"":""post_meal_rest"",""duration_minutes"":90,""runtime_status"":""sleeping"",""activity_ref"":""routine_post_meal_rest_v1"",""summary"":""Послеобеденный отдых (аналогия; длительность редакционная)."",""activity_status"":""active"",""uses_current_activity"":false,""can_continue_automatically"":true,""decision_required"":false,""presence_state"":""on_site"",""location_ref"":""pf_forest_track"",""absence_reason_ru"":""""},{""state_id"":""afternoon_work"",""duration_minutes"":44,""runtime_status"":""available"",""activity_ref"":""routine_afternoon_work_v1"",""summary"":""утро позднее и короче; день: зимний путь, ремонт, скот, склад или внутренняя работа; вечер ранний; ночь опасна из-за холода и темноты"",""activity_status"":""active"",""uses_current_activity"":false,""can_continue_automatically"":true,""decision_required"":false,""presence_state"":""on_site"",""location_ref"":""pf_forest_track"",""absence_reason_ru"":""""},{""state_id"":""evening_return"",""duration_minutes"":60,""runtime_status"":""available"",""activity_ref"":""routine_evening_return_v1"",""summary"":""Завершает дела."",""activity_status"":""active"",""uses_current_activity"":false,""can_continue_automatically"":true,""decision_required"":false,""presence_state"":""on_site"",""location_ref"":""pf_forest_track"",""absence_reason_ru"":""""},{""state_id"":""sleep_after_dusk"",""duration_minutes"":481,""runtime_status"":""sleeping"",""activity_ref"":""routine_sleep_after_dusk_v1"",""summary"":""Ночной сон; место неизвестно."",""activity_status"":""active"",""uses_current_activity"":false,""can_continue_automatically"":true,""decision_required"":false,""presence_state"":""away"",""location_ref"":"""",""absence_reason_ru"":""ночлег требует индивидуальной привязки""}]",,data/novgorod-region/novgorod_occupations_v1_enriched.tsv#nov_occ_route_guide:daily_schedule_winter;places-binding/places/place_families.csv#pf_forest_track;data/world-catalogs/novgorod/temporal-v4/datasets/calendar_daylight_light_profiles.json#record:calendar_daylight_light_profiles:novgorod_1230_1233_v2;book:375645 ¶964;book:375645 ¶965;places-binding/presence/people_presence_authoring.csv#nov_occ_route_guide,rule:editorial_daylight_phase_partition_v2,no_source:exact_clock_times_and_individual_presence,C,candidate,Сезонный распорядок-кандидат; конкретный человек и доступ требуют сцены.
sch_nov_occ_route_guide_pf_marshy_stream_normal_autumn,2,nov_role_guide,nov_occ_route_guide,normal,autumn,9|10|11,0,"[{""state_id"":""sleep_before_dawn"",""duration_minutes"":413,""runtime_status"":""sleeping"",""activity_ref"":""routine_sleep_before_dawn_v1"",""summary"":""Ночной сон; место неизвестно."",""activity_status"":""active"",""uses_current_activity"":false,""can_continue_automatically"":true,""decision_required"":false,""presence_state"":""away"",""location_ref"":"""",""absence_reason_ru"":""ночлег требует индивидуальной привязки""},{""state_id"":""preparation"",""duration_minutes"":60,""runtime_status"":""available"",""activity_ref"":""routine_preparation_v1"",""summary"":""Утренние дела после восхода."",""activity_status"":""active"",""uses_current_activity"":false,""can_continue_automatically"":true,""decision_required"":false,""presence_state"":""on_site"",""location_ref"":""pf_marshy_stream"",""absence_reason_ru"":""""},{""state_id"":""morning_work"",""duration_minutes"":247,""runtime_status"":""available"",""activity_ref"":""routine_morning_work_v1"",""summary"":""утро: сбор, ремонт, закупка; день: заготовки, торг, дороги до распутицы; вечер: учёт запасов; ночь холоднее и опаснее"",""activity_status"":""active"",""uses_current_activity"":false,""can_continue_automatically"":true,""decision_required"":false,""presence_state"":""on_site"",""location_ref"":""pf_marshy_stream"",""absence_reason_ru"":""""},{""state_id"":""noon_meal"",""duration_minutes"":45,""runtime_status"":""available"",""activity_ref"":""routine_noon_meal_v1"",""summary"":""Полуденная трапеза (аналогия)."",""activity_status"":""active"",""uses_current_activity"":false,""can_continue_automatically"":true,""decision_required"":false,""presence_state"":""on_site"",""location_ref"":""pf_marshy_stream"",""absence_reason_ru"":""""},{""state_id"":""post_meal_rest"",""duration_minutes"":90,""runtime_status"":""sleeping"",""activity_ref"":""routine_post_meal_rest_v1"",""summary"":""Послеобеденный отдых (аналогия; длительность редакционная)."",""activity_status"":""active"",""uses_current_activity"":false,""can_continue_automatically"":true,""decision_required"":false,""presence_state"":""on_site"",""location_ref"":""pf_marshy_stream"",""absence_reason_ru"":""""},{""state_id"":""afternoon_work"",""duration_minutes"":81,""runtime_status"":""available"",""activity_ref"":""routine_afternoon_work_v1"",""summary"":""утро: сбор, ремонт, закупка; день: заготовки, торг, дороги до распутицы; вечер: учёт запасов; ночь холоднее и опаснее"",""activity_status"":""active"",""uses_current_activity"":false,""can_continue_automatically"":true,""decision_required"":false,""presence_state"":""on_site"",""location_ref"":""pf_marshy_stream"",""absence_reason_ru"":""""},{""state_id"":""evening_return"",""duration_minutes"":60,""runtime_status"":""available"",""activity_ref"":""routine_evening_return_v1"",""summary"":""Завершает дела."",""activity_status"":""active"",""uses_current_activity"":false,""can_continue_automatically"":true,""decision_required"":false,""presence_state"":""on_site"",""location_ref"":""pf_marshy_stream"",""absence_reason_ru"":""""},{""state_id"":""sleep_after_dusk"",""duration_minutes"":444,""runtime_status"":""sleeping"",""activity_ref"":""routine_sleep_after_dusk_v1"",""summary"":""Ночной сон; место неизвестно."",""activity_status"":""active"",""uses_current_activity"":false,""can_continue_automatically"":true,""decision_required"":false,""presence_state"":""away"",""location_ref"":"""",""absence_reason_ru"":""ночлег требует индивидуальной привязки""}]",,data/novgorod-region/novgorod_occupations_v1_enriched.tsv#nov_occ_route_guide:daily_schedule_autumn;places-binding/places/place_families.csv#pf_marshy_stream;data/world-catalogs/novgorod/temporal-v4/datasets/calendar_daylight_light_profiles.json#record:calendar_daylight_light_profiles:novgorod_1230_1233_v2;book:375645 ¶964;book:375645 ¶965;places-binding/presence/people_presence_authoring.csv#nov_occ_route_guide,rule:editorial_daylight_phase_partition_v2,no_source:exact_clock_times_and_individual_presence,C,candidate,Сезонный распорядок-кандидат; конкретный человек и доступ требуют сцены.
sch_nov_occ_route_guide_pf_marshy_stream_normal_spring,2,nov_role_guide,nov_occ_route_guide,normal,spring,3|4|5,0,"[{""state_id"":""sleep_before_dawn"",""duration_minutes"":268,""runtime_status"":""sleeping"",""activity_ref"":""routine_sleep_before_dawn_v1"",""summary"":""Ночной сон; место неизвестно."",""activity_status"":""active"",""uses_current_activity"":false,""can_continue_automatically"":true,""decision_required"":false,""presence_state"":""away"",""location_ref"":"""",""absence_reason_ru"":""ночлег требует индивидуальной привязки""},{""state_id"":""preparation"",""duration_minutes"":60,""runtime_status"":""available"",""activity_ref"":""routine_preparation_v1"",""summary"":""Утренние дела после восхода."",""activity_status"":""active"",""uses_current_activity"":false,""can_continue_automatically"":true,""decision_required"":false,""presence_state"":""on_site"",""location_ref"":""pf_marshy_stream"",""absence_reason_ru"":""""},{""state_id"":""morning_work"",""duration_minutes"":392,""runtime_status"":""available"",""activity_ref"":""routine_morning_work_v1"",""summary"":""утро: проверка грязи, воды и доступа; день: работа замедлена распутицей; вечер: возврат раньше; ночь: дороги и перевозы рискованны"",""activity_status"":""active"",""uses_current_activity"":false,""can_continue_automatically"":true,""decision_required"":false,""presence_state"":""on_site"",""location_ref"":""pf_marshy_stream"",""absence_reason_ru"":""""},{""state_id"":""noon_meal"",""duration_minutes"":45,""runtime_status"":""available"",""activity_ref"":""routine_noon_meal_v1"",""summary"":""Полуденная трапеза (аналогия)."",""activity_status"":""active"",""uses_current_activity"":false,""can_continue_automatically"":true,""decision_required"":false,""presence_state"":""on_site"",""location_ref"":""pf_marshy_stream"",""absence_reason_ru"":""""},{""state_id"":""post_meal_rest"",""duration_minutes"":90,""runtime_status"":""sleeping"",""activity_ref"":""routine_post_meal_rest_v1"",""summary"":""Послеобеденный отдых (аналогия; длительность редакционная)."",""activity_status"":""active"",""uses_current_activity"":false,""can_continue_automatically"":true,""decision_required"":false,""presence_state"":""on_site"",""location_ref"":""pf_marshy_stream"",""absence_reason_ru"":""""},{""state_id"":""afternoon_work"",""duration_minutes"":253,""runtime_status"":""available"",""activity_ref"":""routine_afternoon_work_v1"",""summary"":""утро: проверка грязи, воды и доступа; день: работа замедлена распутицей; вечер: возврат раньше; ночь: дороги и перевозы рискованны"",""activity_status"":""active"",""uses_current_activity"":false,""can_continue_automatically"":true,""decision_required"":false,""presence_state"":""on_site"",""location_ref"":""pf_marshy_stream"",""absence_reason_ru"":""""},{""state_id"":""evening_return"",""duration_minutes"":60,""runtime_status"":""available"",""activity_ref"":""routine_evening_return_v1"",""summary"":""Завершает дела."",""activity_status"":""active"",""uses_current_activity"":false,""can_continue_automatically"":true,""decision_required"":false,""presence_state"":""on_site"",""location_ref"":""pf_marshy_stream"",""absence_reason_ru"":""""},{""state_id"":""sleep_after_dusk"",""duration_minutes"":272,""runtime_status"":""sleeping"",""activity_ref"":""routine_sleep_after_dusk_v1"",""summary"":""Ночной сон; место неизвестно."",""activity_status"":""active"",""uses_current_activity"":false,""can_continue_automatically"":true,""decision_required"":false,""presence_state"":""away"",""location_ref"":"""",""absence_reason_ru"":""ночлег требует индивидуальной привязки""}]",,data/novgorod-region/novgorod_occupations_v1_enriched.tsv#nov_occ_route_guide:daily_schedule_spring_rasputitsa;places-binding/places/place_families.csv#pf_marshy_stream;data/world-catalogs/novgorod/temporal-v4/datasets/calendar_daylight_light_profiles.json#record:calendar_daylight_light_profiles:novgorod_1230_1233_v2;book:375645 ¶964;book:375645 ¶965;places-binding/presence/people_presence_authoring.csv#nov_occ_route_guide,rule:editorial_daylight_phase_partition_v2,no_source:exact_clock_times_and_individual_presence,C,candidate,Сезонный распорядок-кандидат; конкретный человек и доступ требуют сцены.
sch_nov_occ_route_guide_pf_marshy_stream_normal_summer,2,nov_role_guide,nov_occ_route_guide,normal,summer,6|7|8,0,"[{""state_id"":""sleep_before_dawn"",""duration_minutes"":206,""runtime_status"":""sleeping"",""activity_ref"":""routine_sleep_before_dawn_v1"",""summary"":""Ночной сон; место неизвестно."",""activity_status"":""active"",""uses_current_activity"":false,""can_continue_automatically"":true,""decision_required"":false,""presence_state"":""away"",""location_ref"":"""",""absence_reason_ru"":""ночлег требует индивидуальной привязки""},{""state_id"":""preparation"",""duration_minutes"":60,""runtime_status"":""available"",""activity_ref"":""routine_preparation_v1"",""summary"":""Утренние дела после восхода."",""activity_status"":""active"",""uses_current_activity"":false,""can_continue_automatically"":true,""decision_required"":false,""presence_state"":""on_site"",""location_ref"":""pf_marshy_stream"",""absence_reason_ru"":""""},{""state_id"":""morning_work"",""duration_minutes"":454,""runtime_status"":""available"",""activity_ref"":""routine_morning_work_v1"",""summary"":""утро раннее; день длинный и трудовой; вечер занят запасами, скотом, лодками или товаром; ночь возможна для сторожи, рыбы и дороги"",""activity_status"":""active"",""uses_current_activity"":false,""can_continue_automatically"":true,""decision_required"":false,""presence_state"":""on_site"",""location_ref"":""pf_marshy_stream"",""absence_reason_ru"":""""},{""state_id"":""noon_meal"",""duration_minutes"":45,""runtime_status"":""available"",""activity_ref"":""routine_noon_meal_v1"",""summary"":""Полуденная трапеза (аналогия)."",""activity_status"":""active"",""uses_current_activity"":false,""can_continue_automatically"":true,""decision_required"":false,""presence_state"":""on_site"",""location_ref"":""pf_marshy_stream"",""absence_reason_ru"":""""},{""state_id"":""post_meal_rest"",""duration_minutes"":90,""runtime_status"":""sleeping"",""activity_ref"":""routine_post_meal_rest_v1"",""summary"":""Послеобеденный отдых (аналогия; длительность редакционная)."",""activity_status"":""active"",""uses_current_activity"":false,""can_continue_automatically"":true,""decision_required"":false,""presence_state"":""on_site"",""location_ref"":""pf_marshy_stream"",""absence_reason_ru"":""""},{""state_id"":""afternoon_work"",""duration_minutes"":328,""runtime_status"":""available"",""activity_ref"":""routine_afternoon_work_v1"",""summary"":""утро раннее; день длинный и трудовой; вечер занят запасами, скотом, лодками или товаром; ночь возможна для сторожи, рыбы и дороги"",""activity_status"":""active"",""uses_current_activity"":false,""can_continue_automatically"":true,""decision_required"":false,""presence_state"":""on_site"",""location_ref"":""pf_marshy_stream"",""absence_reason_ru"":""""},{""state_id"":""evening_return"",""duration_minutes"":60,""runtime_status"":""available"",""activity_ref"":""routine_evening_return_v1"",""summary"":""Завершает дела."",""activity_status"":""active"",""uses_current_activity"":false,""can_continue_automatically"":true,""decision_required"":false,""presence_state"":""on_site"",""location_ref"":""pf_marshy_stream"",""absence_reason_ru"":""""},{""state_id"":""sleep_after_dusk"",""duration_minutes"":197,""runtime_status"":""sleeping"",""activity_ref"":""routine_sleep_after_dusk_v1"",""summary"":""Ночной сон; место неизвестно."",""activity_status"":""active"",""uses_current_activity"":false,""can_continue_automatically"":true,""decision_required"":false,""presence_state"":""away"",""location_ref"":"""",""absence_reason_ru"":""ночлег требует индивидуальной привязки""}]",,data/novgorod-region/novgorod_occupations_v1_enriched.tsv#nov_occ_route_guide:daily_schedule_summer;places-binding/places/place_families.csv#pf_marshy_stream;data/world-catalogs/novgorod/temporal-v4/datasets/calendar_daylight_light_profiles.json#record:calendar_daylight_light_profiles:novgorod_1230_1233_v2;book:375645 ¶964;book:375645 ¶965;places-binding/presence/people_presence_authoring.csv#nov_occ_route_guide,rule:editorial_daylight_phase_partition_v2,no_source:exact_clock_times_and_individual_presence,C,candidate,Сезонный распорядок-кандидат; конкретный человек и доступ требуют сцены.
sch_nov_occ_winter_road_worker_pf_winter_ice_crossing_normal_winter,2,nov_role_winter_road_man,nov_occ_winter_road_worker,normal,winter,12|1|2,0,"[{""state_id"":""sleep_before_dawn"",""duration_minutes"":508,""runtime_status"":""sleeping"",""activity_ref"":""routine_sleep_before_dawn_v1"",""summary"":""Ночной сон; место неизвестно."",""activity_status"":""active"",""uses_current_activity"":false,""can_continue_automatically"":true,""decision_required"":false,""presence_state"":""away"",""location_ref"":"""",""absence_reason_ru"":""ночлег требует индивидуальной привязки""},{""state_id"":""preparation"",""duration_minutes"":60,""runtime_status"":""available"",""activity_ref"":""routine_preparation_v1"",""summary"":""Утренние дела после восхода."",""activity_status"":""active"",""uses_current_activity"":false,""can_continue_automatically"":true,""decision_required"":false,""presence_state"":""on_site"",""location_ref"":""pf_winter_ice_crossing"",""absence_reason_ru"":""""},{""state_id"":""morning_work"",""duration_minutes"":152,""runtime_status"":""available"",""activity_ref"":""routine_morning_work_v1"",""summary"":""утро позднее и короче; день: зимний путь, ремонт, скот, склад или внутренняя работа; вечер ранний; ночь опасна из-за холода и темноты"",""activity_status"":""active"",""uses_current_activity"":false,""can_continue_automatically"":true,""decision_required"":false,""presence_state"":""on_site"",""location_ref"":""pf_winter_ice_crossing"",""absence_reason_ru"":""""},{""state_id"":""noon_meal"",""duration_minutes"":45,""runtime_status"":""available"",""activity_ref"":""routine_noon_meal_v1"",""summary"":""Полуденная трапеза (аналогия)."",""activity_status"":""active"",""uses_current_activity"":false,""can_continue_automatically"":true,""decision_required"":false,""presence_state"":""on_site"",""location_ref"":""pf_winter_ice_crossing"",""absence_reason_ru"":""""},{""state_id"":""post_meal_rest"",""duration_minutes"":90,""runtime_status"":""sleeping"",""activity_ref"":""routine_post_meal_rest_v1"",""summary"":""Послеобеденный отдых (аналогия; длительность редакционная)."",""activity_status"":""active"",""uses_current_activity"":false,""can_continue_automatically"":true,""decision_required"":false,""presence_state"":""on_site"",""location_ref"":""pf_winter_ice_crossing"",""absence_reason_ru"":""""},{""state_id"":""afternoon_work"",""duration_minutes"":44,""runtime_status"":""available"",""activity_ref"":""routine_afternoon_work_v1"",""summary"":""утро позднее и короче; день: зимний путь, ремонт, скот, склад или внутренняя работа; вечер ранний; ночь опасна из-за холода и темноты"",""activity_status"":""active"",""uses_current_activity"":false,""can_continue_automatically"":true,""decision_required"":false,""presence_state"":""on_site"",""location_ref"":""pf_winter_ice_crossing"",""absence_reason_ru"":""""},{""state_id"":""evening_return"",""duration_minutes"":60,""runtime_status"":""available"",""activity_ref"":""routine_evening_return_v1"",""summary"":""Завершает дела."",""activity_status"":""active"",""uses_current_activity"":false,""can_continue_automatically"":true,""decision_required"":false,""presence_state"":""on_site"",""location_ref"":""pf_winter_ice_crossing"",""absence_reason_ru"":""""},{""state_id"":""sleep_after_dusk"",""duration_minutes"":481,""runtime_status"":""sleeping"",""activity_ref"":""routine_sleep_after_dusk_v1"",""summary"":""Ночной сон; место неизвестно."",""activity_status"":""active"",""uses_current_activity"":false,""can_continue_automatically"":true,""decision_required"":false,""presence_state"":""away"",""location_ref"":"""",""absence_reason_ru"":""ночлег требует индивидуальной привязки""}]",,data/novgorod-region/novgorod_occupations_v1_enriched.tsv#nov_occ_winter_road_worker:daily_schedule_winter;places-binding/places/place_families.csv#pf_winter_ice_crossing;data/world-catalogs/novgorod/temporal-v4/datasets/calendar_daylight_light_profiles.json#record:calendar_daylight_light_profiles:novgorod_1230_1233_v2;book:375645 ¶964;book:375645 ¶965;places-binding/presence/people_presence_authoring.csv#nov_occ_winter_road_worker,rule:editorial_daylight_phase_partition_v2,no_source:exact_clock_times_and_individual_presence,C,candidate,Сезонный распорядок-кандидат; конкретный человек и доступ требуют сцены.
sch_occ_locksmith_pf_smithy_normal_autumn,2,nov_role_craftsman_master,occ_locksmith,normal,autumn,9|10|11,0,"[{""state_id"":""sleep_before_dawn"",""duration_minutes"":413,""runtime_status"":""sleeping"",""activity_ref"":""routine_sleep_before_dawn_v1"",""summary"":""Ночной сон; место неизвестно."",""activity_status"":""active"",""uses_current_activity"":false,""can_continue_automatically"":true,""decision_required"":false,""presence_state"":""away"",""location_ref"":"""",""absence_reason_ru"":""ночлег требует индивидуальной привязки""},{""state_id"":""preparation"",""duration_minutes"":60,""runtime_status"":""available"",""activity_ref"":""routine_preparation_v1"",""summary"":""Утренние дела после восхода."",""activity_status"":""active"",""uses_current_activity"":false,""can_continue_automatically"":true,""decision_required"":false,""presence_state"":""on_site"",""location_ref"":""pf_smithy"",""absence_reason_ru"":""""},{""state_id"":""morning_work"",""duration_minutes"":247,""runtime_status"":""available"",""activity_ref"":""routine_morning_work_v1"",""summary"":""кузница или угол в общей кузнице с мелким горном"",""activity_status"":""active"",""uses_current_activity"":false,""can_continue_automatically"":true,""decision_required"":false,""presence_state"":""on_site"",""location_ref"":""pf_smithy"",""absence_reason_ru"":""""},{""state_id"":""noon_meal"",""duration_minutes"":45,""runtime_status"":""available"",""activity_ref"":""routine_noon_meal_v1"",""summary"":""Полуденная трапеза (аналогия)."",""activity_status"":""active"",""uses_current_activity"":false,""can_continue_automatically"":true,""decision_required"":false,""presence_state"":""on_site"",""location_ref"":""pf_smithy"",""absence_reason_ru"":""""},{""state_id"":""post_meal_rest"",""duration_minutes"":90,""runtime_status"":""sleeping"",""activity_ref"":""routine_post_meal_rest_v1"",""summary"":""Послеобеденный отдых (аналогия; длительность редакционная)."",""activity_status"":""active"",""uses_current_activity"":false,""can_continue_automatically"":true,""decision_required"":false,""presence_state"":""on_site"",""location_ref"":""pf_smithy"",""absence_reason_ru"":""""},{""state_id"":""afternoon_work"",""duration_minutes"":81,""runtime_status"":""available"",""activity_ref"":""routine_afternoon_work_v1"",""summary"":""кузница или угол в общей кузнице с мелким горном"",""activity_status"":""active"",""uses_current_activity"":false,""can_continue_automatically"":true,""decision_required"":false,""presence_state"":""on_site"",""location_ref"":""pf_smithy"",""absence_reason_ru"":""""},{""state_id"":""evening_return"",""duration_minutes"":60,""runtime_status"":""available"",""activity_ref"":""routine_evening_return_v1"",""summary"":""Завершает дела."",""activity_status"":""active"",""uses_current_activity"":false,""can_continue_automatically"":true,""decision_required"":false,""presence_state"":""on_site"",""location_ref"":""pf_smithy"",""absence_reason_ru"":""""},{""state_id"":""sleep_after_dusk"",""duration_minutes"":444,""runtime_status"":""sleeping"",""activity_ref"":""routine_sleep_after_dusk_v1"",""summary"":""Ночной сон; место неизвестно."",""activity_status"":""active"",""uses_current_activity"":false,""can_continue_automatically"":true,""decision_required"":false,""presence_state"":""away"",""location_ref"":"""",""absence_reason_ru"":""ночлег требует индивидуальной привязки""}]",,occupations-activities/occupations/occupations_additions.csv#occ_locksmith:where_work_happens;places-binding/places/place_families.csv#pf_smithy;data/world-catalogs/novgorod/temporal-v4/datasets/calendar_daylight_light_profiles.json#record:calendar_daylight_light_profiles:novgorod_1230_1233_v2;book:375645 ¶964;book:375645 ¶965,rule:editorial_daylight_phase_partition_v2,no_source:exact_clock_times_and_individual_presence,C,candidate,Сезонный распорядок-кандидат; конкретный человек и доступ требуют сцены.
sch_occ_locksmith_pf_smithy_normal_spring,2,nov_role_craftsman_master,occ_locksmith,normal,spring,3|4|5,0,"[{""state_id"":""sleep_before_dawn"",""duration_minutes"":268,""runtime_status"":""sleeping"",""activity_ref"":""routine_sleep_before_dawn_v1"",""summary"":""Ночной сон; место неизвестно."",""activity_status"":""active"",""uses_current_activity"":false,""can_continue_automatically"":true,""decision_required"":false,""presence_state"":""away"",""location_ref"":"""",""absence_reason_ru"":""ночлег требует индивидуальной привязки""},{""state_id"":""preparation"",""duration_minutes"":60,""runtime_status"":""available"",""activity_ref"":""routine_preparation_v1"",""summary"":""Утренние дела после восхода."",""activity_status"":""active"",""uses_current_activity"":false,""can_continue_automatically"":true,""decision_required"":false,""presence_state"":""on_site"",""location_ref"":""pf_smithy"",""absence_reason_ru"":""""},{""state_id"":""morning_work"",""duration_minutes"":392,""runtime_status"":""available"",""activity_ref"":""routine_morning_work_v1"",""summary"":""кузница или угол в общей кузнице с мелким горном"",""activity_status"":""active"",""uses_current_activity"":false,""can_continue_automatically"":true,""decision_required"":false,""presence_state"":""on_site"",""location_ref"":""pf_smithy"",""absence_reason_ru"":""""},{""state_id"":""noon_meal"",""duration_minutes"":45,""runtime_status"":""available"",""activity_ref"":""routine_noon_meal_v1"",""summary"":""Полуденная трапеза (аналогия)."",""activity_status"":""active"",""uses_current_activity"":false,""can_continue_automatically"":true,""decision_required"":false,""presence_state"":""on_site"",""location_ref"":""pf_smithy"",""absence_reason_ru"":""""},{""state_id"":""post_meal_rest"",""duration_minutes"":90,""runtime_status"":""sleeping"",""activity_ref"":""routine_post_meal_rest_v1"",""summary"":""Послеобеденный отдых (аналогия; длительность редакционная)."",""activity_status"":""active"",""uses_current_activity"":false,""can_continue_automatically"":true,""decision_required"":false,""presence_state"":""on_site"",""location_ref"":""pf_smithy"",""absence_reason_ru"":""""},{""state_id"":""afternoon_work"",""duration_minutes"":253,""runtime_status"":""available"",""activity_ref"":""routine_afternoon_work_v1"",""summary"":""кузница или угол в общей кузнице с мелким горном"",""activity_status"":""active"",""uses_current_activity"":false,""can_continue_automatically"":true,""decision_required"":false,""presence_state"":""on_site"",""location_ref"":""pf_smithy"",""absence_reason_ru"":""""},{""state_id"":""evening_return"",""duration_minutes"":60,""runtime_status"":""available"",""activity_ref"":""routine_evening_return_v1"",""summary"":""Завершает дела."",""activity_status"":""active"",""uses_current_activity"":false,""can_continue_automatically"":true,""decision_required"":false,""presence_state"":""on_site"",""location_ref"":""pf_smithy"",""absence_reason_ru"":""""},{""state_id"":""sleep_after_dusk"",""duration_minutes"":272,""runtime_status"":""sleeping"",""activity_ref"":""routine_sleep_after_dusk_v1"",""summary"":""Ночной сон; место неизвестно."",""activity_status"":""active"",""uses_current_activity"":false,""can_continue_automatically"":true,""decision_required"":false,""presence_state"":""away"",""location_ref"":"""",""absence_reason_ru"":""ночлег требует индивидуальной привязки""}]",,occupations-activities/occupations/occupations_additions.csv#occ_locksmith:where_work_happens;places-binding/places/place_families.csv#pf_smithy;data/world-catalogs/novgorod/temporal-v4/datasets/calendar_daylight_light_profiles.json#record:calendar_daylight_light_profiles:novgorod_1230_1233_v2;book:375645 ¶964;book:375645 ¶965,rule:editorial_daylight_phase_partition_v2,no_source:exact_clock_times_and_individual_presence,C,candidate,Сезонный распорядок-кандидат; конкретный человек и доступ требуют сцены.
sch_occ_locksmith_pf_smithy_normal_summer,2,nov_role_craftsman_master,occ_locksmith,normal,summer,6|7|8,0,"[{""state_id"":""sleep_before_dawn"",""duration_minutes"":206,""runtime_status"":""sleeping"",""activity_ref"":""routine_sleep_before_dawn_v1"",""summary"":""Ночной сон; место неизвестно."",""activity_status"":""active"",""uses_current_activity"":false,""can_continue_automatically"":true,""decision_required"":false,""presence_state"":""away"",""location_ref"":"""",""absence_reason_ru"":""ночлег требует индивидуальной привязки""},{""state_id"":""preparation"",""duration_minutes"":60,""runtime_status"":""available"",""activity_ref"":""routine_preparation_v1"",""summary"":""Утренние дела после восхода."",""activity_status"":""active"",""uses_current_activity"":false,""can_continue_automatically"":true,""decision_required"":false,""presence_state"":""on_site"",""location_ref"":""pf_smithy"",""absence_reason_ru"":""""},{""state_id"":""morning_work"",""duration_minutes"":454,""runtime_status"":""available"",""activity_ref"":""routine_morning_work_v1"",""summary"":""кузница или угол в общей кузнице с мелким горном"",""activity_status"":""active"",""uses_current_activity"":false,""can_continue_automatically"":true,""decision_required"":false,""presence_state"":""on_site"",""location_ref"":""pf_smithy"",""absence_reason_ru"":""""},{""state_id"":""noon_meal"",""duration_minutes"":45,""runtime_status"":""available"",""activity_ref"":""routine_noon_meal_v1"",""summary"":""Полуденная трапеза (аналогия)."",""activity_status"":""active"",""uses_current_activity"":false,""can_continue_automatically"":true,""decision_required"":false,""presence_state"":""on_site"",""location_ref"":""pf_smithy"",""absence_reason_ru"":""""},{""state_id"":""post_meal_rest"",""duration_minutes"":90,""runtime_status"":""sleeping"",""activity_ref"":""routine_post_meal_rest_v1"",""summary"":""Послеобеденный отдых (аналогия; длительность редакционная)."",""activity_status"":""active"",""uses_current_activity"":false,""can_continue_automatically"":true,""decision_required"":false,""presence_state"":""on_site"",""location_ref"":""pf_smithy"",""absence_reason_ru"":""""},{""state_id"":""afternoon_work"",""duration_minutes"":328,""runtime_status"":""available"",""activity_ref"":""routine_afternoon_work_v1"",""summary"":""кузница или угол в общей кузнице с мелким горном"",""activity_status"":""active"",""uses_current_activity"":false,""can_continue_automatically"":true,""decision_required"":false,""presence_state"":""on_site"",""location_ref"":""pf_smithy"",""absence_reason_ru"":""""},{""state_id"":""evening_return"",""duration_minutes"":60,""runtime_status"":""available"",""activity_ref"":""routine_evening_return_v1"",""summary"":""Завершает дела."",""activity_status"":""active"",""uses_current_activity"":false,""can_continue_automatically"":true,""decision_required"":false,""presence_state"":""on_site"",""location_ref"":""pf_smithy"",""absence_reason_ru"":""""},{""state_id"":""sleep_after_dusk"",""duration_minutes"":197,""runtime_status"":""sleeping"",""activity_ref"":""routine_sleep_after_dusk_v1"",""summary"":""Ночной сон; место неизвестно."",""activity_status"":""active"",""uses_current_activity"":false,""can_continue_automatically"":true,""decision_required"":false,""presence_state"":""away"",""location_ref"":"""",""absence_reason_ru"":""ночлег требует индивидуальной привязки""}]",,occupations-activities/occupations/occupations_additions.csv#occ_locksmith:where_work_happens;places-binding/places/place_families.csv#pf_smithy;data/world-catalogs/novgorod/temporal-v4/datasets/calendar_daylight_light_profiles.json#record:calendar_daylight_light_profiles:novgorod_1230_1233_v2;book:375645 ¶964;book:375645 ¶965,rule:editorial_daylight_phase_partition_v2,no_source:exact_clock_times_and_individual_presence,C,candidate,Сезонный распорядок-кандидат; конкретный человек и доступ требуют сцены.
sch_occ_locksmith_pf_smithy_normal_winter,2,nov_role_craftsman_master,occ_locksmith,normal,winter,12|1|2,0,"[{""state_id"":""sleep_before_dawn"",""duration_minutes"":508,""runtime_status"":""sleeping"",""activity_ref"":""routine_sleep_before_dawn_v1"",""summary"":""Ночной сон; место неизвестно."",""activity_status"":""active"",""uses_current_activity"":false,""can_continue_automatically"":true,""decision_required"":false,""presence_state"":""away"",""location_ref"":"""",""absence_reason_ru"":""ночлег требует индивидуальной привязки""},{""state_id"":""preparation"",""duration_minutes"":60,""runtime_status"":""available"",""activity_ref"":""routine_preparation_v1"",""summary"":""Утренние дела после восхода."",""activity_status"":""active"",""uses_current_activity"":false,""can_continue_automatically"":true,""decision_required"":false,""presence_state"":""on_site"",""location_ref"":""pf_smithy"",""absence_reason_ru"":""""},{""state_id"":""morning_work"",""duration_minutes"":152,""runtime_status"":""available"",""activity_ref"":""routine_morning_work_v1"",""summary"":""кузница или угол в общей кузнице с мелким горном"",""activity_status"":""active"",""uses_current_activity"":false,""can_continue_automatically"":true,""decision_required"":false,""presence_state"":""on_site"",""location_ref"":""pf_smithy"",""absence_reason_ru"":""""},{""state_id"":""noon_meal"",""duration_minutes"":45,""runtime_status"":""available"",""activity_ref"":""routine_noon_meal_v1"",""summary"":""Полуденная трапеза (аналогия)."",""activity_status"":""active"",""uses_current_activity"":false,""can_continue_automatically"":true,""decision_required"":false,""presence_state"":""on_site"",""location_ref"":""pf_smithy"",""absence_reason_ru"":""""},{""state_id"":""post_meal_rest"",""duration_minutes"":90,""runtime_status"":""sleeping"",""activity_ref"":""routine_post_meal_rest_v1"",""summary"":""Послеобеденный отдых (аналогия; длительность редакционная)."",""activity_status"":""active"",""uses_current_activity"":false,""can_continue_automatically"":true,""decision_required"":false,""presence_state"":""on_site"",""location_ref"":""pf_smithy"",""absence_reason_ru"":""""},{""state_id"":""afternoon_work"",""duration_minutes"":44,""runtime_status"":""available"",""activity_ref"":""routine_afternoon_work_v1"",""summary"":""кузница или угол в общей кузнице с мелким горном"",""activity_status"":""active"",""uses_current_activity"":false,""can_continue_automatically"":true,""decision_required"":false,""presence_state"":""on_site"",""location_ref"":""pf_smithy"",""absence_reason_ru"":""""},{""state_id"":""evening_return"",""duration_minutes"":60,""runtime_status"":""available"",""activity_ref"":""routine_evening_return_v1"",""summary"":""Завершает дела."",""activity_status"":""active"",""uses_current_activity"":false,""can_continue_automatically"":true,""decision_required"":false,""presence_state"":""on_site"",""location_ref"":""pf_smithy"",""absence_reason_ru"":""""},{""state_id"":""sleep_after_dusk"",""duration_minutes"":481,""runtime_status"":""sleeping"",""activity_ref"":""routine_sleep_after_dusk_v1"",""summary"":""Ночной сон; место неизвестно."",""activity_status"":""active"",""uses_current_activity"":false,""can_continue_automatically"":true,""decision_required"":false,""presence_state"":""away"",""location_ref"":"""",""absence_reason_ru"":""ночлег требует индивидуальной привязки""}]",,occupations-activities/occupations/occupations_additions.csv#occ_locksmith:where_work_happens;places-binding/places/place_families.csv#pf_smithy;data/world-catalogs/novgorod/temporal-v4/datasets/calendar_daylight_light_profiles.json#record:calendar_daylight_light_profiles:novgorod_1230_1233_v2;book:375645 ¶964;book:375645 ¶965,rule:editorial_daylight_phase_partition_v2,no_source:exact_clock_times_and_individual_presence,C,candidate,Сезонный распорядок-кандидат; конкретный человек и доступ требуют сцены.
sch_occ_market_baker_pf_rural_yard_market_day_autumn,2,nov_role_craftsman_master,occ_market_baker,market_day,autumn,9|10|11,0,"[{""state_id"":""night_baking"",""duration_minutes"":413,""runtime_status"":""available"",""activity_ref"":""routine_night_baking_v1"",""summary"":""Выпечка с ночи у дворовой печи; час условный."",""activity_status"":""active"",""uses_current_activity"":false,""can_continue_automatically"":true,""decision_required"":false,""presence_state"":""on_site"",""location_ref"":""pf_rural_yard"",""absence_reason_ru"":""""},{""state_id"":""morning_work"",""duration_minutes"":307,""runtime_status"":""available"",""activity_ref"":""routine_morning_work_v1"",""summary"":""двор с хлебной печью при доме или лавке на торгу"",""activity_status"":""active"",""uses_current_activity"":false,""can_continue_automatically"":true,""decision_required"":false,""presence_state"":""away"",""location_ref"":""pf_market_square"",""absence_reason_ru"":""занятие у pf_market_square""},{""state_id"":""noon_meal"",""duration_minutes"":45,""runtime_status"":""available"",""activity_ref"":""routine_noon_meal_v1"",""summary"":""Полуденная трапеза (аналогия)."",""activity_status"":""active"",""uses_current_activity"":false,""can_continue_automatically"":true,""decision_required"":false,""presence_state"":""on_site"",""location_ref"":""pf_rural_yard"",""absence_reason_ru"":""""},{""state_id"":""post_meal_rest"",""duration_minutes"":90,""runtime_status"":""sleeping"",""activity_ref"":""routine_post_meal_rest_v1"",""summary"":""Послеобеденный отдых (аналогия; длительность редакционная)."",""activity_status"":""active"",""uses_current_activity"":false,""can_continue_automatically"":true,""decision_required"":false,""presence_state"":""on_site"",""location_ref"":""pf_rural_yard"",""absence_reason_ru"":""""},{""state_id"":""afternoon_work"",""duration_minutes"":81,""runtime_status"":""available"",""activity_ref"":""routine_afternoon_work_v1"",""summary"":""двор с хлебной печью при доме или лавке на торгу"",""activity_status"":""active"",""uses_current_activity"":false,""can_continue_automatically"":true,""decision_required"":false,""presence_state"":""away"",""location_ref"":""pf_market_square"",""absence_reason_ru"":""занятие у pf_market_square""},{""state_id"":""evening_return"",""duration_minutes"":60,""runtime_status"":""available"",""activity_ref"":""routine_evening_return_v1"",""summary"":""Завершает дела."",""activity_status"":""active"",""uses_current_activity"":false,""can_continue_automatically"":true,""decision_required"":false,""presence_state"":""on_site"",""location_ref"":""pf_rural_yard"",""absence_reason_ru"":""""},{""state_id"":""sleep_after_dusk"",""duration_minutes"":444,""runtime_status"":""sleeping"",""activity_ref"":""routine_sleep_after_dusk_v1"",""summary"":""Сон в своём дворе."",""activity_status"":""active"",""uses_current_activity"":false,""can_continue_automatically"":true,""decision_required"":false,""presence_state"":""on_site"",""location_ref"":""pf_rural_yard"",""absence_reason_ru"":""""}]",,occupations-activities/occupations/occupations_additions.csv#occ_market_baker:where_work_happens;places-binding/places/place_families.csv#pf_rural_yard;data/world-catalogs/novgorod/temporal-v4/datasets/calendar_daylight_light_profiles.json#record:calendar_daylight_light_profiles:novgorod_1230_1233_v2;book:375645 ¶964;book:375645 ¶965;places-binding/places/place_families.csv#pf_market_square;book:622242 ¶519;occupations-activities/occupations/occupations_additions.csv#occ_market_baker:daily_schedule_winter,rule:editorial_daylight_phase_partition_v2,no_source:exact_clock_times_and_individual_presence,C,candidate,Сезонный распорядок-кандидат; конкретный человек и доступ требуют сцены.
sch_occ_market_baker_pf_rural_yard_normal_autumn,2,nov_role_craftsman_master,occ_market_baker,normal,autumn,9|10|11,0,"[{""state_id"":""night_baking"",""duration_minutes"":413,""runtime_status"":""available"",""activity_ref"":""routine_night_baking_v1"",""summary"":""Выпечка с ночи у дворовой печи; час условный."",""activity_status"":""active"",""uses_current_activity"":false,""can_continue_automatically"":true,""decision_required"":false,""presence_state"":""on_site"",""location_ref"":""pf_rural_yard"",""absence_reason_ru"":""""},{""state_id"":""morning_work"",""duration_minutes"":307,""runtime_status"":""available"",""activity_ref"":""routine_morning_work_v1"",""summary"":""то же, стабильный подвоз зерна/муки"",""activity_status"":""active"",""uses_current_activity"":false,""can_continue_automatically"":true,""decision_required"":false,""presence_state"":""away"",""location_ref"":""pf_market_square"",""absence_reason_ru"":""занятие у pf_market_square""},{""state_id"":""noon_meal"",""duration_minutes"":45,""runtime_status"":""available"",""activity_ref"":""routine_noon_meal_v1"",""summary"":""Полуденная трапеза (аналогия)."",""activity_status"":""active"",""uses_current_activity"":false,""can_continue_automatically"":true,""decision_required"":false,""presence_state"":""on_site"",""location_ref"":""pf_rural_yard"",""absence_reason_ru"":""""},{""state_id"":""post_meal_rest"",""duration_minutes"":90,""runtime_status"":""sleeping"",""activity_ref"":""routine_post_meal_rest_v1"",""summary"":""Послеобеденный отдых (аналогия; длительность редакционная)."",""activity_status"":""active"",""uses_current_activity"":false,""can_continue_automatically"":true,""decision_required"":false,""presence_state"":""on_site"",""location_ref"":""pf_rural_yard"",""absence_reason_ru"":""""},{""state_id"":""afternoon_work"",""duration_minutes"":81,""runtime_status"":""available"",""activity_ref"":""routine_afternoon_work_v1"",""summary"":""то же, стабильный подвоз зерна/муки"",""activity_status"":""active"",""uses_current_activity"":false,""can_continue_automatically"":true,""decision_required"":false,""presence_state"":""away"",""location_ref"":""pf_market_square"",""absence_reason_ru"":""занятие у pf_market_square""},{""state_id"":""evening_return"",""duration_minutes"":60,""runtime_status"":""available"",""activity_ref"":""routine_evening_return_v1"",""summary"":""Завершает дела."",""activity_status"":""active"",""uses_current_activity"":false,""can_continue_automatically"":true,""decision_required"":false,""presence_state"":""on_site"",""location_ref"":""pf_rural_yard"",""absence_reason_ru"":""""},{""state_id"":""sleep_after_dusk"",""duration_minutes"":444,""runtime_status"":""sleeping"",""activity_ref"":""routine_sleep_after_dusk_v1"",""summary"":""Сон в своём дворе."",""activity_status"":""active"",""uses_current_activity"":false,""can_continue_automatically"":true,""decision_required"":false,""presence_state"":""on_site"",""location_ref"":""pf_rural_yard"",""absence_reason_ru"":""""}]",,occupations-activities/occupations/occupations_additions.csv#occ_market_baker:daily_schedule_normal;places-binding/places/place_families.csv#pf_rural_yard;data/world-catalogs/novgorod/temporal-v4/datasets/calendar_daylight_light_profiles.json#record:calendar_daylight_light_profiles:novgorod_1230_1233_v2;book:375645 ¶964;book:375645 ¶965;places-binding/places/place_families.csv#pf_market_square;book:622242 ¶519;occupations-activities/occupations/occupations_additions.csv#occ_market_baker:daily_schedule_winter,rule:editorial_daylight_phase_partition_v2,no_source:exact_clock_times_and_individual_presence,C,candidate,Сезонный распорядок-кандидат; конкретный человек и доступ требуют сцены.
sch_occ_market_baker_pf_rural_yard_market_day_spring,2,nov_role_craftsman_master,occ_market_baker,market_day,spring,3|4|5,0,"[{""state_id"":""night_baking"",""duration_minutes"":268,""runtime_status"":""available"",""activity_ref"":""routine_night_baking_v1"",""summary"":""Выпечка с ночи у дворовой печи; час условный."",""activity_status"":""active"",""uses_current_activity"":false,""can_continue_automatically"":true,""decision_required"":false,""presence_state"":""on_site"",""location_ref"":""pf_rural_yard"",""absence_reason_ru"":""""},{""state_id"":""morning_work"",""duration_minutes"":452,""runtime_status"":""available"",""activity_ref"":""routine_morning_work_v1"",""summary"":""двор с хлебной печью при доме или лавке на торгу"",""activity_status"":""active"",""uses_current_activity"":false,""can_continue_automatically"":true,""decision_required"":false,""presence_state"":""away"",""location_ref"":""pf_market_square"",""absence_reason_ru"":""занятие у pf_market_square""},{""state_id"":""noon_meal"",""duration_minutes"":45,""runtime_status"":""available"",""activity_ref"":""routine_noon_meal_v1"",""summary"":""Полуденная трапеза (аналогия)."",""activity_status"":""active"",""uses_current_activity"":false,""can_continue_automatically"":true,""decision_required"":false,""presence_state"":""on_site"",""location_ref"":""pf_rural_yard"",""absence_reason_ru"":""""},{""state_id"":""post_meal_rest"",""duration_minutes"":90,""runtime_status"":""sleeping"",""activity_ref"":""routine_post_meal_rest_v1"",""summary"":""Послеобеденный отдых (аналогия; длительность редакционная)."",""activity_status"":""active"",""uses_current_activity"":false,""can_continue_automatically"":true,""decision_required"":false,""presence_state"":""on_site"",""location_ref"":""pf_rural_yard"",""absence_reason_ru"":""""},{""state_id"":""afternoon_work"",""duration_minutes"":253,""runtime_status"":""available"",""activity_ref"":""routine_afternoon_work_v1"",""summary"":""двор с хлебной печью при доме или лавке на торгу"",""activity_status"":""active"",""uses_current_activity"":false,""can_continue_automatically"":true,""decision_required"":false,""presence_state"":""away"",""location_ref"":""pf_market_square"",""absence_reason_ru"":""занятие у pf_market_square""},{""state_id"":""evening_return"",""duration_minutes"":60,""runtime_status"":""available"",""activity_ref"":""routine_evening_return_v1"",""summary"":""Завершает дела."",""activity_status"":""active"",""uses_current_activity"":false,""can_continue_automatically"":true,""decision_required"":false,""presence_state"":""on_site"",""location_ref"":""pf_rural_yard"",""absence_reason_ru"":""""},{""state_id"":""sleep_after_dusk"",""duration_minutes"":272,""runtime_status"":""sleeping"",""activity_ref"":""routine_sleep_after_dusk_v1"",""summary"":""Сон в своём дворе."",""activity_status"":""active"",""uses_current_activity"":false,""can_continue_automatically"":true,""decision_required"":false,""presence_state"":""on_site"",""location_ref"":""pf_rural_yard"",""absence_reason_ru"":""""}]",,occupations-activities/occupations/occupations_additions.csv#occ_market_baker:where_work_happens;places-binding/places/place_families.csv#pf_rural_yard;data/world-catalogs/novgorod/temporal-v4/datasets/calendar_daylight_light_profiles.json#record:calendar_daylight_light_profiles:novgorod_1230_1233_v2;book:375645 ¶964;book:375645 ¶965;places-binding/places/place_families.csv#pf_market_square;book:622242 ¶519;occupations-activities/occupations/occupations_additions.csv#occ_market_baker:daily_schedule_winter,rule:editorial_daylight_phase_partition_v2,no_source:exact_clock_times_and_individual_presence,C,candidate,Сезонный распорядок-кандидат; конкретный человек и доступ требуют сцены.
sch_occ_market_baker_pf_rural_yard_normal_spring,2,nov_role_craftsman_master,occ_market_baker,normal,spring,3|4|5,0,"[{""state_id"":""night_baking"",""duration_minutes"":268,""runtime_status"":""available"",""activity_ref"":""routine_night_baking_v1"",""summary"":""Выпечка с ночи у дворовой печи; час условный."",""activity_status"":""active"",""uses_current_activity"":false,""can_continue_automatically"":true,""decision_required"":false,""presence_state"":""on_site"",""location_ref"":""pf_rural_yard"",""absence_reason_ru"":""""},{""state_id"":""morning_work"",""duration_minutes"":452,""runtime_status"":""available"",""activity_ref"":""routine_morning_work_v1"",""summary"":""то же, стабильный подвоз зерна/муки"",""activity_status"":""active"",""uses_current_activity"":false,""can_continue_automatically"":true,""decision_required"":false,""presence_state"":""away"",""location_ref"":""pf_market_square"",""absence_reason_ru"":""занятие у pf_market_square""},{""state_id"":""noon_meal"",""duration_minutes"":45,""runtime_status"":""available"",""activity_ref"":""routine_noon_meal_v1"",""summary"":""Полуденная трапеза (аналогия)."",""activity_status"":""active"",""uses_current_activity"":false,""can_continue_automatically"":true,""decision_required"":false,""presence_state"":""on_site"",""location_ref"":""pf_rural_yard"",""absence_reason_ru"":""""},{""state_id"":""post_meal_rest"",""duration_minutes"":90,""runtime_status"":""sleeping"",""activity_ref"":""routine_post_meal_rest_v1"",""summary"":""Послеобеденный отдых (аналогия; длительность редакционная)."",""activity_status"":""active"",""uses_current_activity"":false,""can_continue_automatically"":true,""decision_required"":false,""presence_state"":""on_site"",""location_ref"":""pf_rural_yard"",""absence_reason_ru"":""""},{""state_id"":""afternoon_work"",""duration_minutes"":253,""runtime_status"":""available"",""activity_ref"":""routine_afternoon_work_v1"",""summary"":""то же, стабильный подвоз зерна/муки"",""activity_status"":""active"",""uses_current_activity"":false,""can_continue_automatically"":true,""decision_required"":false,""presence_state"":""away"",""location_ref"":""pf_market_square"",""absence_reason_ru"":""занятие у pf_market_square""},{""state_id"":""evening_return"",""duration_minutes"":60,""runtime_status"":""available"",""activity_ref"":""routine_evening_return_v1"",""summary"":""Завершает дела."",""activity_status"":""active"",""uses_current_activity"":false,""can_continue_automatically"":true,""decision_required"":false,""presence_state"":""on_site"",""location_ref"":""pf_rural_yard"",""absence_reason_ru"":""""},{""state_id"":""sleep_after_dusk"",""duration_minutes"":272,""runtime_status"":""sleeping"",""activity_ref"":""routine_sleep_after_dusk_v1"",""summary"":""Сон в своём дворе."",""activity_status"":""active"",""uses_current_activity"":false,""can_continue_automatically"":true,""decision_required"":false,""presence_state"":""on_site"",""location_ref"":""pf_rural_yard"",""absence_reason_ru"":""""}]",,occupations-activities/occupations/occupations_additions.csv#occ_market_baker:daily_schedule_normal;places-binding/places/place_families.csv#pf_rural_yard;data/world-catalogs/novgorod/temporal-v4/datasets/calendar_daylight_light_profiles.json#record:calendar_daylight_light_profiles:novgorod_1230_1233_v2;book:375645 ¶964;book:375645 ¶965;places-binding/places/place_families.csv#pf_market_square;book:622242 ¶519;occupations-activities/occupations/occupations_additions.csv#occ_market_baker:daily_schedule_winter,rule:editorial_daylight_phase_partition_v2,no_source:exact_clock_times_and_individual_presence,C,candidate,Сезонный распорядок-кандидат; конкретный человек и доступ требуют сцены.
sch_occ_market_baker_pf_rural_yard_market_day_summer,2,nov_role_craftsman_master,occ_market_baker,market_day,summer,6|7|8,0,"[{""state_id"":""night_baking"",""duration_minutes"":206,""runtime_status"":""available"",""activity_ref"":""routine_night_baking_v1"",""summary"":""Выпечка с ночи у дворовой печи; час условный."",""activity_status"":""active"",""uses_current_activity"":false,""can_continue_automatically"":true,""decision_required"":false,""presence_state"":""on_site"",""location_ref"":""pf_rural_yard"",""absence_reason_ru"":""""},{""state_id"":""morning_work"",""duration_minutes"":514,""runtime_status"":""available"",""activity_ref"":""routine_morning_work_v1"",""summary"":""двор с хлебной печью при доме или лавке на торгу"",""activity_status"":""active"",""uses_current_activity"":false,""can_continue_automatically"":true,""decision_required"":false,""presence_state"":""away"",""location_ref"":""pf_market_square"",""absence_reason_ru"":""занятие у pf_market_square""},{""state_id"":""noon_meal"",""duration_minutes"":45,""runtime_status"":""available"",""activity_ref"":""routine_noon_meal_v1"",""summary"":""Полуденная трапеза (аналогия)."",""activity_status"":""active"",""uses_current_activity"":false,""can_continue_automatically"":true,""decision_required"":false,""presence_state"":""on_site"",""location_ref"":""pf_rural_yard"",""absence_reason_ru"":""""},{""state_id"":""post_meal_rest"",""duration_minutes"":90,""runtime_status"":""sleeping"",""activity_ref"":""routine_post_meal_rest_v1"",""summary"":""Послеобеденный отдых (аналогия; длительность редакционная)."",""activity_status"":""active"",""uses_current_activity"":false,""can_continue_automatically"":true,""decision_required"":false,""presence_state"":""on_site"",""location_ref"":""pf_rural_yard"",""absence_reason_ru"":""""},{""state_id"":""afternoon_work"",""duration_minutes"":328,""runtime_status"":""available"",""activity_ref"":""routine_afternoon_work_v1"",""summary"":""двор с хлебной печью при доме или лавке на торгу"",""activity_status"":""active"",""uses_current_activity"":false,""can_continue_automatically"":true,""decision_required"":false,""presence_state"":""away"",""location_ref"":""pf_market_square"",""absence_reason_ru"":""занятие у pf_market_square""},{""state_id"":""evening_return"",""duration_minutes"":60,""runtime_status"":""available"",""activity_ref"":""routine_evening_return_v1"",""summary"":""Завершает дела."",""activity_status"":""active"",""uses_current_activity"":false,""can_continue_automatically"":true,""decision_required"":false,""presence_state"":""on_site"",""location_ref"":""pf_rural_yard"",""absence_reason_ru"":""""},{""state_id"":""sleep_after_dusk"",""duration_minutes"":197,""runtime_status"":""sleeping"",""activity_ref"":""routine_sleep_after_dusk_v1"",""summary"":""Сон в своём дворе."",""activity_status"":""active"",""uses_current_activity"":false,""can_continue_automatically"":true,""decision_required"":false,""presence_state"":""on_site"",""location_ref"":""pf_rural_yard"",""absence_reason_ru"":""""}]",,occupations-activities/occupations/occupations_additions.csv#occ_market_baker:where_work_happens;places-binding/places/place_families.csv#pf_rural_yard;data/world-catalogs/novgorod/temporal-v4/datasets/calendar_daylight_light_profiles.json#record:calendar_daylight_light_profiles:novgorod_1230_1233_v2;book:375645 ¶964;book:375645 ¶965;places-binding/places/place_families.csv#pf_market_square;book:622242 ¶519;occupations-activities/occupations/occupations_additions.csv#occ_market_baker:daily_schedule_winter,rule:editorial_daylight_phase_partition_v2,no_source:exact_clock_times_and_individual_presence,C,candidate,Сезонный распорядок-кандидат; конкретный человек и доступ требуют сцены.
sch_occ_market_baker_pf_rural_yard_normal_summer,2,nov_role_craftsman_master,occ_market_baker,normal,summer,6|7|8,0,"[{""state_id"":""night_baking"",""duration_minutes"":206,""runtime_status"":""available"",""activity_ref"":""routine_night_baking_v1"",""summary"":""Выпечка с ночи у дворовой печи; час условный."",""activity_status"":""active"",""uses_current_activity"":false,""can_continue_automatically"":true,""decision_required"":false,""presence_state"":""on_site"",""location_ref"":""pf_rural_yard"",""absence_reason_ru"":""""},{""state_id"":""morning_work"",""duration_minutes"":514,""runtime_status"":""available"",""activity_ref"":""routine_morning_work_v1"",""summary"":""то же, стабильный подвоз зерна/муки"",""activity_status"":""active"",""uses_current_activity"":false,""can_continue_automatically"":true,""decision_required"":false,""presence_state"":""away"",""location_ref"":""pf_market_square"",""absence_reason_ru"":""занятие у pf_market_square""},{""state_id"":""noon_meal"",""duration_minutes"":45,""runtime_status"":""available"",""activity_ref"":""routine_noon_meal_v1"",""summary"":""Полуденная трапеза (аналогия)."",""activity_status"":""active"",""uses_current_activity"":false,""can_continue_automatically"":true,""decision_required"":false,""presence_state"":""on_site"",""location_ref"":""pf_rural_yard"",""absence_reason_ru"":""""},{""state_id"":""post_meal_rest"",""duration_minutes"":90,""runtime_status"":""sleeping"",""activity_ref"":""routine_post_meal_rest_v1"",""summary"":""Послеобеденный отдых (аналогия; длительность редакционная)."",""activity_status"":""active"",""uses_current_activity"":false,""can_continue_automatically"":true,""decision_required"":false,""presence_state"":""on_site"",""location_ref"":""pf_rural_yard"",""absence_reason_ru"":""""},{""state_id"":""afternoon_work"",""duration_minutes"":328,""runtime_status"":""available"",""activity_ref"":""routine_afternoon_work_v1"",""summary"":""то же, стабильный подвоз зерна/муки"",""activity_status"":""active"",""uses_current_activity"":false,""can_continue_automatically"":true,""decision_required"":false,""presence_state"":""away"",""location_ref"":""pf_market_square"",""absence_reason_ru"":""занятие у pf_market_square""},{""state_id"":""evening_return"",""duration_minutes"":60,""runtime_status"":""available"",""activity_ref"":""routine_evening_return_v1"",""summary"":""Завершает дела."",""activity_status"":""active"",""uses_current_activity"":false,""can_continue_automatically"":true,""decision_required"":false,""presence_state"":""on_site"",""location_ref"":""pf_rural_yard"",""absence_reason_ru"":""""},{""state_id"":""sleep_after_dusk"",""duration_minutes"":197,""runtime_status"":""sleeping"",""activity_ref"":""routine_sleep_after_dusk_v1"",""summary"":""Сон в своём дворе."",""activity_status"":""active"",""uses_current_activity"":false,""can_continue_automatically"":true,""decision_required"":false,""presence_state"":""on_site"",""location_ref"":""pf_rural_yard"",""absence_reason_ru"":""""}]",,occupations-activities/occupations/occupations_additions.csv#occ_market_baker:daily_schedule_normal;places-binding/places/place_families.csv#pf_rural_yard;data/world-catalogs/novgorod/temporal-v4/datasets/calendar_daylight_light_profiles.json#record:calendar_daylight_light_profiles:novgorod_1230_1233_v2;book:375645 ¶964;book:375645 ¶965;places-binding/places/place_families.csv#pf_market_square;book:622242 ¶519;occupations-activities/occupations/occupations_additions.csv#occ_market_baker:daily_schedule_winter,rule:editorial_daylight_phase_partition_v2,no_source:exact_clock_times_and_individual_presence,C,candidate,Сезонный распорядок-кандидат; конкретный человек и доступ требуют сцены.
sch_occ_market_baker_pf_rural_yard_market_day_winter,2,nov_role_craftsman_master,occ_market_baker,market_day,winter,12|1|2,0,"[{""state_id"":""night_baking"",""duration_minutes"":508,""runtime_status"":""available"",""activity_ref"":""routine_night_baking_v1"",""summary"":""Выпечка с ночи у дворовой печи; час условный."",""activity_status"":""active"",""uses_current_activity"":false,""can_continue_automatically"":true,""decision_required"":false,""presence_state"":""on_site"",""location_ref"":""pf_rural_yard"",""absence_reason_ru"":""""},{""state_id"":""morning_work"",""duration_minutes"":212,""runtime_status"":""available"",""activity_ref"":""routine_morning_work_v1"",""summary"":""двор с хлебной печью при доме или лавке на торгу"",""activity_status"":""active"",""uses_current_activity"":false,""can_continue_automatically"":true,""decision_required"":false,""presence_state"":""away"",""location_ref"":""pf_market_square"",""absence_reason_ru"":""занятие у pf_market_square""},{""state_id"":""noon_meal"",""duration_minutes"":45,""runtime_status"":""available"",""activity_ref"":""routine_noon_meal_v1"",""summary"":""Полуденная трапеза (аналогия)."",""activity_status"":""active"",""uses_current_activity"":false,""can_continue_automatically"":true,""decision_required"":false,""presence_state"":""on_site"",""location_ref"":""pf_rural_yard"",""absence_reason_ru"":""""},{""state_id"":""post_meal_rest"",""duration_minutes"":90,""runtime_status"":""sleeping"",""activity_ref"":""routine_post_meal_rest_v1"",""summary"":""Послеобеденный отдых (аналогия; длительность редакционная)."",""activity_status"":""active"",""uses_current_activity"":false,""can_continue_automatically"":true,""decision_required"":false,""presence_state"":""on_site"",""location_ref"":""pf_rural_yard"",""absence_reason_ru"":""""},{""state_id"":""afternoon_work"",""duration_minutes"":44,""runtime_status"":""available"",""activity_ref"":""routine_afternoon_work_v1"",""summary"":""двор с хлебной печью при доме или лавке на торгу"",""activity_status"":""active"",""uses_current_activity"":false,""can_continue_automatically"":true,""decision_required"":false,""presence_state"":""away"",""location_ref"":""pf_market_square"",""absence_reason_ru"":""занятие у pf_market_square""},{""state_id"":""evening_return"",""duration_minutes"":60,""runtime_status"":""available"",""activity_ref"":""routine_evening_return_v1"",""summary"":""Завершает дела."",""activity_status"":""active"",""uses_current_activity"":false,""can_continue_automatically"":true,""decision_required"":false,""presence_state"":""on_site"",""location_ref"":""pf_rural_yard"",""absence_reason_ru"":""""},{""state_id"":""sleep_after_dusk"",""duration_minutes"":481,""runtime_status"":""sleeping"",""activity_ref"":""routine_sleep_after_dusk_v1"",""summary"":""Сон в своём дворе."",""activity_status"":""active"",""uses_current_activity"":false,""can_continue_automatically"":true,""decision_required"":false,""presence_state"":""on_site"",""location_ref"":""pf_rural_yard"",""absence_reason_ru"":""""}]",,occupations-activities/occupations/occupations_additions.csv#occ_market_baker:where_work_happens;places-binding/places/place_families.csv#pf_rural_yard;data/world-catalogs/novgorod/temporal-v4/datasets/calendar_daylight_light_profiles.json#record:calendar_daylight_light_profiles:novgorod_1230_1233_v2;book:375645 ¶964;book:375645 ¶965;places-binding/places/place_families.csv#pf_market_square;book:622242 ¶519;occupations-activities/occupations/occupations_additions.csv#occ_market_baker:daily_schedule_winter,rule:editorial_daylight_phase_partition_v2,no_source:exact_clock_times_and_individual_presence,C,candidate,Сезонный распорядок-кандидат; конкретный человек и доступ требуют сцены.
sch_occ_market_baker_pf_rural_yard_normal_winter,2,nov_role_craftsman_master,occ_market_baker,normal,winter,12|1|2,0,"[{""state_id"":""night_baking"",""duration_minutes"":508,""runtime_status"":""available"",""activity_ref"":""routine_night_baking_v1"",""summary"":""Выпечка с ночи у дворовой печи; час условный."",""activity_status"":""active"",""uses_current_activity"":false,""can_continue_automatically"":true,""decision_required"":false,""presence_state"":""on_site"",""location_ref"":""pf_rural_yard"",""absence_reason_ru"":""""},{""state_id"":""morning_work"",""duration_minutes"":212,""runtime_status"":""available"",""activity_ref"":""routine_morning_work_v1"",""summary"":""то же, стабильный подвоз зерна/муки"",""activity_status"":""active"",""uses_current_activity"":false,""can_continue_automatically"":true,""decision_required"":false,""presence_state"":""away"",""location_ref"":""pf_market_square"",""absence_reason_ru"":""занятие у pf_market_square""},{""state_id"":""noon_meal"",""duration_minutes"":45,""runtime_status"":""available"",""activity_ref"":""routine_noon_meal_v1"",""summary"":""Полуденная трапеза (аналогия)."",""activity_status"":""active"",""uses_current_activity"":false,""can_continue_automatically"":true,""decision_required"":false,""presence_state"":""on_site"",""location_ref"":""pf_rural_yard"",""absence_reason_ru"":""""},{""state_id"":""post_meal_rest"",""duration_minutes"":90,""runtime_status"":""sleeping"",""activity_ref"":""routine_post_meal_rest_v1"",""summary"":""Послеобеденный отдых (аналогия; длительность редакционная)."",""activity_status"":""active"",""uses_current_activity"":false,""can_continue_automatically"":true,""decision_required"":false,""presence_state"":""on_site"",""location_ref"":""pf_rural_yard"",""absence_reason_ru"":""""},{""state_id"":""afternoon_work"",""duration_minutes"":44,""runtime_status"":""available"",""activity_ref"":""routine_afternoon_work_v1"",""summary"":""то же, стабильный подвоз зерна/муки"",""activity_status"":""active"",""uses_current_activity"":false,""can_continue_automatically"":true,""decision_required"":false,""presence_state"":""away"",""location_ref"":""pf_market_square"",""absence_reason_ru"":""занятие у pf_market_square""},{""state_id"":""evening_return"",""duration_minutes"":60,""runtime_status"":""available"",""activity_ref"":""routine_evening_return_v1"",""summary"":""Завершает дела."",""activity_status"":""active"",""uses_current_activity"":false,""can_continue_automatically"":true,""decision_required"":false,""presence_state"":""on_site"",""location_ref"":""pf_rural_yard"",""absence_reason_ru"":""""},{""state_id"":""sleep_after_dusk"",""duration_minutes"":481,""runtime_status"":""sleeping"",""activity_ref"":""routine_sleep_after_dusk_v1"",""summary"":""Сон в своём дворе."",""activity_status"":""active"",""uses_current_activity"":false,""can_continue_automatically"":true,""decision_required"":false,""presence_state"":""on_site"",""location_ref"":""pf_rural_yard"",""absence_reason_ru"":""""}]",,occupations-activities/occupations/occupations_additions.csv#occ_market_baker:daily_schedule_normal;places-binding/places/place_families.csv#pf_rural_yard;data/world-catalogs/novgorod/temporal-v4/datasets/calendar_daylight_light_profiles.json#record:calendar_daylight_light_profiles:novgorod_1230_1233_v2;book:375645 ¶964;book:375645 ¶965;places-binding/places/place_families.csv#pf_market_square;book:622242 ¶519;occupations-activities/occupations/occupations_additions.csv#occ_market_baker:daily_schedule_winter,rule:editorial_daylight_phase_partition_v2,no_source:exact_clock_times_and_individual_presence,C,candidate,Сезонный распорядок-кандидат; конкретный человек и доступ требуют сцены.
sch_occ_netmaker_pf_rural_yard_normal_autumn,2,nov_role_craftsman_master,occ_netmaker,normal,autumn,9|10|11,0,"[{""state_id"":""sleep_before_dawn"",""duration_minutes"":413,""runtime_status"":""sleeping"",""activity_ref"":""routine_sleep_before_dawn_v1"",""summary"":""Сон в своём дворе."",""activity_status"":""active"",""uses_current_activity"":false,""can_continue_automatically"":true,""decision_required"":false,""presence_state"":""on_site"",""location_ref"":""pf_rural_yard"",""absence_reason_ru"":""""},{""state_id"":""preparation"",""duration_minutes"":60,""runtime_status"":""available"",""activity_ref"":""routine_preparation_v1"",""summary"":""Утренние дела после восхода."",""activity_status"":""active"",""uses_current_activity"":false,""can_continue_automatically"":true,""decision_required"":false,""presence_state"":""on_site"",""location_ref"":""pf_rural_yard"",""absence_reason_ru"":""""},{""state_id"":""morning_work"",""duration_minutes"":247,""runtime_status"":""available"",""activity_ref"":""routine_morning_work_v1"",""summary"":""двор рыбацкой слободы у воды"",""activity_status"":""active"",""uses_current_activity"":false,""can_continue_automatically"":true,""decision_required"":false,""presence_state"":""away"",""location_ref"":""pf_fishing_camp"",""absence_reason_ru"":""занятие у pf_fishing_camp""},{""state_id"":""noon_meal"",""duration_minutes"":45,""runtime_status"":""available"",""activity_ref"":""routine_noon_meal_v1"",""summary"":""Полуденная трапеза (аналогия)."",""activity_status"":""active"",""uses_current_activity"":false,""can_continue_automatically"":true,""decision_required"":false,""presence_state"":""on_site"",""location_ref"":""pf_rural_yard"",""absence_reason_ru"":""""},{""state_id"":""post_meal_rest"",""duration_minutes"":90,""runtime_status"":""sleeping"",""activity_ref"":""routine_post_meal_rest_v1"",""summary"":""Послеобеденный отдых (аналогия; длительность редакционная)."",""activity_status"":""active"",""uses_current_activity"":false,""can_continue_automatically"":true,""decision_required"":false,""presence_state"":""on_site"",""location_ref"":""pf_rural_yard"",""absence_reason_ru"":""""},{""state_id"":""afternoon_work"",""duration_minutes"":81,""runtime_status"":""available"",""activity_ref"":""routine_afternoon_work_v1"",""summary"":""двор рыбацкой слободы у воды"",""activity_status"":""active"",""uses_current_activity"":false,""can_continue_automatically"":true,""decision_required"":false,""presence_state"":""away"",""location_ref"":""pf_fishing_camp"",""absence_reason_ru"":""занятие у pf_fishing_camp""},{""state_id"":""evening_return"",""duration_minutes"":60,""runtime_status"":""available"",""activity_ref"":""routine_evening_return_v1"",""summary"":""Завершает дела."",""activity_status"":""active"",""uses_current_activity"":false,""can_continue_automatically"":true,""decision_required"":false,""presence_state"":""on_site"",""location_ref"":""pf_rural_yard"",""absence_reason_ru"":""""},{""state_id"":""sleep_after_dusk"",""duration_minutes"":444,""runtime_status"":""sleeping"",""activity_ref"":""routine_sleep_after_dusk_v1"",""summary"":""Сон в своём дворе."",""activity_status"":""active"",""uses_current_activity"":false,""can_continue_automatically"":true,""decision_required"":false,""presence_state"":""on_site"",""location_ref"":""pf_rural_yard"",""absence_reason_ru"":""""}]",,occupations-activities/occupations/occupations_additions.csv#occ_netmaker:where_work_happens;places-binding/places/place_families.csv#pf_rural_yard;data/world-catalogs/novgorod/temporal-v4/datasets/calendar_daylight_light_profiles.json#record:calendar_daylight_light_profiles:novgorod_1230_1233_v2;book:375645 ¶964;book:375645 ¶965;places-binding/places/place_families.csv#pf_fishing_camp;book:622242 ¶519,rule:editorial_daylight_phase_partition_v2,no_source:exact_clock_times_and_individual_presence,C,candidate,Сезонный распорядок-кандидат; конкретный человек и доступ требуют сцены.
sch_occ_netmaker_pf_rural_yard_normal_spring,2,nov_role_craftsman_master,occ_netmaker,normal,spring,3|4|5,0,"[{""state_id"":""sleep_before_dawn"",""duration_minutes"":268,""runtime_status"":""sleeping"",""activity_ref"":""routine_sleep_before_dawn_v1"",""summary"":""Сон в своём дворе."",""activity_status"":""active"",""uses_current_activity"":false,""can_continue_automatically"":true,""decision_required"":false,""presence_state"":""on_site"",""location_ref"":""pf_rural_yard"",""absence_reason_ru"":""""},{""state_id"":""preparation"",""duration_minutes"":60,""runtime_status"":""available"",""activity_ref"":""routine_preparation_v1"",""summary"":""Утренние дела после восхода."",""activity_status"":""active"",""uses_current_activity"":false,""can_continue_automatically"":true,""decision_required"":false,""presence_state"":""on_site"",""location_ref"":""pf_rural_yard"",""absence_reason_ru"":""""},{""state_id"":""morning_work"",""duration_minutes"":392,""runtime_status"":""available"",""activity_ref"":""routine_morning_work_v1"",""summary"":""двор рыбацкой слободы у воды"",""activity_status"":""active"",""uses_current_activity"":false,""can_continue_automatically"":true,""decision_required"":false,""presence_state"":""away"",""location_ref"":""pf_fishing_camp"",""absence_reason_ru"":""занятие у pf_fishing_camp""},{""state_id"":""noon_meal"",""duration_minutes"":45,""runtime_status"":""available"",""activity_ref"":""routine_noon_meal_v1"",""summary"":""Полуденная трапеза (аналогия)."",""activity_status"":""active"",""uses_current_activity"":false,""can_continue_automatically"":true,""decision_required"":false,""presence_state"":""on_site"",""location_ref"":""pf_rural_yard"",""absence_reason_ru"":""""},{""state_id"":""post_meal_rest"",""duration_minutes"":90,""runtime_status"":""sleeping"",""activity_ref"":""routine_post_meal_rest_v1"",""summary"":""Послеобеденный отдых (аналогия; длительность редакционная)."",""activity_status"":""active"",""uses_current_activity"":false,""can_continue_automatically"":true,""decision_required"":false,""presence_state"":""on_site"",""location_ref"":""pf_rural_yard"",""absence_reason_ru"":""""},{""state_id"":""afternoon_work"",""duration_minutes"":253,""runtime_status"":""available"",""activity_ref"":""routine_afternoon_work_v1"",""summary"":""двор рыбацкой слободы у воды"",""activity_status"":""active"",""uses_current_activity"":false,""can_continue_automatically"":true,""decision_required"":false,""presence_state"":""away"",""location_ref"":""pf_fishing_camp"",""absence_reason_ru"":""занятие у pf_fishing_camp""},{""state_id"":""evening_return"",""duration_minutes"":60,""runtime_status"":""available"",""activity_ref"":""routine_evening_return_v1"",""summary"":""Завершает дела."",""activity_status"":""active"",""uses_current_activity"":false,""can_continue_automatically"":true,""decision_required"":false,""presence_state"":""on_site"",""location_ref"":""pf_rural_yard"",""absence_reason_ru"":""""},{""state_id"":""sleep_after_dusk"",""duration_minutes"":272,""runtime_status"":""sleeping"",""activity_ref"":""routine_sleep_after_dusk_v1"",""summary"":""Сон в своём дворе."",""activity_status"":""active"",""uses_current_activity"":false,""can_continue_automatically"":true,""decision_required"":false,""presence_state"":""on_site"",""location_ref"":""pf_rural_yard"",""absence_reason_ru"":""""}]",,occupations-activities/occupations/occupations_additions.csv#occ_netmaker:where_work_happens;places-binding/places/place_families.csv#pf_rural_yard;data/world-catalogs/novgorod/temporal-v4/datasets/calendar_daylight_light_profiles.json#record:calendar_daylight_light_profiles:novgorod_1230_1233_v2;book:375645 ¶964;book:375645 ¶965;places-binding/places/place_families.csv#pf_fishing_camp;book:622242 ¶519,rule:editorial_daylight_phase_partition_v2,no_source:exact_clock_times_and_individual_presence,C,candidate,Сезонный распорядок-кандидат; конкретный человек и доступ требуют сцены.
sch_occ_netmaker_pf_rural_yard_normal_summer,2,nov_role_craftsman_master,occ_netmaker,normal,summer,6|7|8,0,"[{""state_id"":""sleep_before_dawn"",""duration_minutes"":206,""runtime_status"":""sleeping"",""activity_ref"":""routine_sleep_before_dawn_v1"",""summary"":""Сон в своём дворе."",""activity_status"":""active"",""uses_current_activity"":false,""can_continue_automatically"":true,""decision_required"":false,""presence_state"":""on_site"",""location_ref"":""pf_rural_yard"",""absence_reason_ru"":""""},{""state_id"":""preparation"",""duration_minutes"":60,""runtime_status"":""available"",""activity_ref"":""routine_preparation_v1"",""summary"":""Утренние дела после восхода."",""activity_status"":""active"",""uses_current_activity"":false,""can_continue_automatically"":true,""decision_required"":false,""presence_state"":""on_site"",""location_ref"":""pf_rural_yard"",""absence_reason_ru"":""""},{""state_id"":""morning_work"",""duration_minutes"":454,""runtime_status"":""available"",""activity_ref"":""routine_morning_work_v1"",""summary"":""двор рыбацкой слободы у воды"",""activity_status"":""active"",""uses_current_activity"":false,""can_continue_automatically"":true,""decision_required"":false,""presence_state"":""away"",""location_ref"":""pf_fishing_camp"",""absence_reason_ru"":""занятие у pf_fishing_camp""},{""state_id"":""noon_meal"",""duration_minutes"":45,""runtime_status"":""available"",""activity_ref"":""routine_noon_meal_v1"",""summary"":""Полуденная трапеза (аналогия)."",""activity_status"":""active"",""uses_current_activity"":false,""can_continue_automatically"":true,""decision_required"":false,""presence_state"":""on_site"",""location_ref"":""pf_rural_yard"",""absence_reason_ru"":""""},{""state_id"":""post_meal_rest"",""duration_minutes"":90,""runtime_status"":""sleeping"",""activity_ref"":""routine_post_meal_rest_v1"",""summary"":""Послеобеденный отдых (аналогия; длительность редакционная)."",""activity_status"":""active"",""uses_current_activity"":false,""can_continue_automatically"":true,""decision_required"":false,""presence_state"":""on_site"",""location_ref"":""pf_rural_yard"",""absence_reason_ru"":""""},{""state_id"":""afternoon_work"",""duration_minutes"":328,""runtime_status"":""available"",""activity_ref"":""routine_afternoon_work_v1"",""summary"":""двор рыбацкой слободы у воды"",""activity_status"":""active"",""uses_current_activity"":false,""can_continue_automatically"":true,""decision_required"":false,""presence_state"":""away"",""location_ref"":""pf_fishing_camp"",""absence_reason_ru"":""занятие у pf_fishing_camp""},{""state_id"":""evening_return"",""duration_minutes"":60,""runtime_status"":""available"",""activity_ref"":""routine_evening_return_v1"",""summary"":""Завершает дела."",""activity_status"":""active"",""uses_current_activity"":false,""can_continue_automatically"":true,""decision_required"":false,""presence_state"":""on_site"",""location_ref"":""pf_rural_yard"",""absence_reason_ru"":""""},{""state_id"":""sleep_after_dusk"",""duration_minutes"":197,""runtime_status"":""sleeping"",""activity_ref"":""routine_sleep_after_dusk_v1"",""summary"":""Сон в своём дворе."",""activity_status"":""active"",""uses_current_activity"":false,""can_continue_automatically"":true,""decision_required"":false,""presence_state"":""on_site"",""location_ref"":""pf_rural_yard"",""absence_reason_ru"":""""}]",,occupations-activities/occupations/occupations_additions.csv#occ_netmaker:where_work_happens;places-binding/places/place_families.csv#pf_rural_yard;data/world-catalogs/novgorod/temporal-v4/datasets/calendar_daylight_light_profiles.json#record:calendar_daylight_light_profiles:novgorod_1230_1233_v2;book:375645 ¶964;book:375645 ¶965;places-binding/places/place_families.csv#pf_fishing_camp;book:622242 ¶519,rule:editorial_daylight_phase_partition_v2,no_source:exact_clock_times_and_individual_presence,C,candidate,Сезонный распорядок-кандидат; конкретный человек и доступ требуют сцены.
sch_occ_netmaker_pf_rural_yard_normal_winter,2,nov_role_craftsman_master,occ_netmaker,normal,winter,12|1|2,0,"[{""state_id"":""sleep_before_dawn"",""duration_minutes"":508,""runtime_status"":""sleeping"",""activity_ref"":""routine_sleep_before_dawn_v1"",""summary"":""Сон в своём дворе."",""activity_status"":""active"",""uses_current_activity"":false,""can_continue_automatically"":true,""decision_required"":false,""presence_state"":""on_site"",""location_ref"":""pf_rural_yard"",""absence_reason_ru"":""""},{""state_id"":""preparation"",""duration_minutes"":60,""runtime_status"":""available"",""activity_ref"":""routine_preparation_v1"",""summary"":""Утренние дела после восхода."",""activity_status"":""active"",""uses_current_activity"":false,""can_continue_automatically"":true,""decision_required"":false,""presence_state"":""on_site"",""location_ref"":""pf_rural_yard"",""absence_reason_ru"":""""},{""state_id"":""morning_work"",""duration_minutes"":152,""runtime_status"":""available"",""activity_ref"":""routine_morning_work_v1"",""summary"":""двор рыбацкой слободы у воды"",""activity_status"":""active"",""uses_current_activity"":false,""can_continue_automatically"":true,""decision_required"":false,""presence_state"":""on_site"",""location_ref"":""pf_rural_yard"",""absence_reason_ru"":""""},{""state_id"":""noon_meal"",""duration_minutes"":45,""runtime_status"":""available"",""activity_ref"":""routine_noon_meal_v1"",""summary"":""Полуденная трапеза (аналогия)."",""activity_status"":""active"",""uses_current_activity"":false,""can_continue_automatically"":true,""decision_required"":false,""presence_state"":""on_site"",""location_ref"":""pf_rural_yard"",""absence_reason_ru"":""""},{""state_id"":""post_meal_rest"",""duration_minutes"":90,""runtime_status"":""sleeping"",""activity_ref"":""routine_post_meal_rest_v1"",""summary"":""Послеобеденный отдых (аналогия; длительность редакционная)."",""activity_status"":""active"",""uses_current_activity"":false,""can_continue_automatically"":true,""decision_required"":false,""presence_state"":""on_site"",""location_ref"":""pf_rural_yard"",""absence_reason_ru"":""""},{""state_id"":""afternoon_work"",""duration_minutes"":44,""runtime_status"":""available"",""activity_ref"":""routine_afternoon_work_v1"",""summary"":""двор рыбацкой слободы у воды"",""activity_status"":""active"",""uses_current_activity"":false,""can_continue_automatically"":true,""decision_required"":false,""presence_state"":""on_site"",""location_ref"":""pf_rural_yard"",""absence_reason_ru"":""""},{""state_id"":""evening_return"",""duration_minutes"":60,""runtime_status"":""available"",""activity_ref"":""routine_evening_return_v1"",""summary"":""Завершает дела."",""activity_status"":""active"",""uses_current_activity"":false,""can_continue_automatically"":true,""decision_required"":false,""presence_state"":""on_site"",""location_ref"":""pf_rural_yard"",""absence_reason_ru"":""""},{""state_id"":""sleep_after_dusk"",""duration_minutes"":481,""runtime_status"":""sleeping"",""activity_ref"":""routine_sleep_after_dusk_v1"",""summary"":""Сон в своём дворе."",""activity_status"":""active"",""uses_current_activity"":false,""can_continue_automatically"":true,""decision_required"":false,""presence_state"":""on_site"",""location_ref"":""pf_rural_yard"",""absence_reason_ru"":""""}]",,occupations-activities/occupations/occupations_additions.csv#occ_netmaker:where_work_happens;places-binding/places/place_families.csv#pf_rural_yard;data/world-catalogs/novgorod/temporal-v4/datasets/calendar_daylight_light_profiles.json#record:calendar_daylight_light_profiles:novgorod_1230_1233_v2;book:375645 ¶964;book:375645 ¶965;book:622242 ¶519,rule:editorial_daylight_phase_partition_v2,no_source:exact_clock_times_and_individual_presence,C,candidate,Сезонный распорядок-кандидат; конкретный человек и доступ требуют сцены.
sch_nov_role_household_mistress_pf_peasant_homestead_normal_autumn,2,nov_role_household_mistress,,normal,autumn,9|10|11,0,"[{""state_id"":""sleep_before_dawn"",""duration_minutes"":413,""runtime_status"":""sleeping"",""activity_ref"":""routine_sleep_before_dawn_v1"",""summary"":""Сон в своём дворе."",""activity_status"":""active"",""uses_current_activity"":false,""can_continue_automatically"":true,""decision_required"":false,""presence_state"":""on_site"",""location_ref"":""pf_peasant_homestead"",""absence_reason_ru"":""""},{""state_id"":""preparation"",""duration_minutes"":60,""runtime_status"":""available"",""activity_ref"":""routine_preparation_v1"",""summary"":""Утренние дела после восхода."",""activity_status"":""active"",""uses_current_activity"":false,""can_continue_automatically"":true,""decision_required"":false,""presence_state"":""on_site"",""location_ref"":""pf_peasant_homestead"",""absence_reason_ru"":""""},{""state_id"":""morning_work"",""duration_minutes"":247,""runtime_status"":""available"",""activity_ref"":""routine_morning_work_v1"",""summary"":""Домашние дела по возрасту и положению"",""activity_status"":""active"",""uses_current_activity"":false,""can_continue_automatically"":true,""decision_required"":false,""presence_state"":""on_site"",""location_ref"":""pf_peasant_homestead"",""absence_reason_ru"":""""},{""state_id"":""noon_meal"",""duration_minutes"":45,""runtime_status"":""available"",""activity_ref"":""routine_noon_meal_v1"",""summary"":""Полуденная трапеза (аналогия)."",""activity_status"":""active"",""uses_current_activity"":false,""can_continue_automatically"":true,""decision_required"":false,""presence_state"":""on_site"",""location_ref"":""pf_peasant_homestead"",""absence_reason_ru"":""""},{""state_id"":""post_meal_rest"",""duration_minutes"":90,""runtime_status"":""sleeping"",""activity_ref"":""routine_post_meal_rest_v1"",""summary"":""Послеобеденный отдых (аналогия; длительность редакционная)."",""activity_status"":""active"",""uses_current_activity"":false,""can_continue_automatically"":true,""decision_required"":false,""presence_state"":""on_site"",""location_ref"":""pf_peasant_homestead"",""absence_reason_ru"":""""},{""state_id"":""afternoon_work"",""duration_minutes"":81,""runtime_status"":""available"",""activity_ref"":""routine_afternoon_work_v1"",""summary"":""Домашние дела по возрасту и положению"",""activity_status"":""active"",""uses_current_activity"":false,""can_continue_automatically"":true,""decision_required"":false,""presence_state"":""on_site"",""location_ref"":""pf_peasant_homestead"",""absence_reason_ru"":""""},{""state_id"":""evening_return"",""duration_minutes"":60,""runtime_status"":""available"",""activity_ref"":""routine_evening_return_v1"",""summary"":""Завершает дела."",""activity_status"":""active"",""uses_current_activity"":false,""can_continue_automatically"":true,""decision_required"":false,""presence_state"":""on_site"",""location_ref"":""pf_peasant_homestead"",""absence_reason_ru"":""""},{""state_id"":""sleep_after_dusk"",""duration_minutes"":444,""runtime_status"":""sleeping"",""activity_ref"":""routine_sleep_after_dusk_v1"",""summary"":""Сон в своём дворе."",""activity_status"":""active"",""uses_current_activity"":false,""can_continue_automatically"":true,""decision_required"":false,""presence_state"":""on_site"",""location_ref"":""pf_peasant_homestead"",""absence_reason_ru"":""""}]",,data/novgorod-region/novgorod_social_roles_v1_enriched.tsv#nov_role_household_mistress;places-binding/places/place_families.csv#pf_peasant_homestead;data/world-catalogs/novgorod/temporal-v4/datasets/calendar_daylight_light_profiles.json#record:calendar_daylight_light_profiles:novgorod_1230_1233_v2;book:375645 ¶964;book:375645 ¶965;book:622242 ¶519,rule:editorial_daylight_phase_partition_v2,no_source:exact_clock_times_and_individual_presence,C,candidate,Сезонный распорядок-кандидат; конкретный человек и доступ требуют сцены.
sch_nov_role_household_mistress_pf_peasant_homestead_normal_spring,2,nov_role_household_mistress,,normal,spring,3|4|5,0,"[{""state_id"":""sleep_before_dawn"",""duration_minutes"":268,""runtime_status"":""sleeping"",""activity_ref"":""routine_sleep_before_dawn_v1"",""summary"":""Сон в своём дворе."",""activity_status"":""active"",""uses_current_activity"":false,""can_continue_automatically"":true,""decision_required"":false,""presence_state"":""on_site"",""location_ref"":""pf_peasant_homestead"",""absence_reason_ru"":""""},{""state_id"":""preparation"",""duration_minutes"":60,""runtime_status"":""available"",""activity_ref"":""routine_preparation_v1"",""summary"":""Утренние дела после восхода."",""activity_status"":""active"",""uses_current_activity"":false,""can_continue_automatically"":true,""decision_required"":false,""presence_state"":""on_site"",""location_ref"":""pf_peasant_homestead"",""absence_reason_ru"":""""},{""state_id"":""morning_work"",""duration_minutes"":392,""runtime_status"":""available"",""activity_ref"":""routine_morning_work_v1"",""summary"":""Домашние дела по возрасту и положению"",""activity_status"":""active"",""uses_current_activity"":false,""can_continue_automatically"":true,""decision_required"":false,""presence_state"":""on_site"",""location_ref"":""pf_peasant_homestead"",""absence_reason_ru"":""""},{""state_id"":""noon_meal"",""duration_minutes"":45,""runtime_status"":""available"",""activity_ref"":""routine_noon_meal_v1"",""summary"":""Полуденная трапеза (аналогия)."",""activity_status"":""active"",""uses_current_activity"":false,""can_continue_automatically"":true,""decision_required"":false,""presence_state"":""on_site"",""location_ref"":""pf_peasant_homestead"",""absence_reason_ru"":""""},{""state_id"":""post_meal_rest"",""duration_minutes"":90,""runtime_status"":""sleeping"",""activity_ref"":""routine_post_meal_rest_v1"",""summary"":""Послеобеденный отдых (аналогия; длительность редакционная)."",""activity_status"":""active"",""uses_current_activity"":false,""can_continue_automatically"":true,""decision_required"":false,""presence_state"":""on_site"",""location_ref"":""pf_peasant_homestead"",""absence_reason_ru"":""""},{""state_id"":""afternoon_work"",""duration_minutes"":253,""runtime_status"":""available"",""activity_ref"":""routine_afternoon_work_v1"",""summary"":""Домашние дела по возрасту и положению"",""activity_status"":""active"",""uses_current_activity"":false,""can_continue_automatically"":true,""decision_required"":false,""presence_state"":""on_site"",""location_ref"":""pf_peasant_homestead"",""absence_reason_ru"":""""},{""state_id"":""evening_return"",""duration_minutes"":60,""runtime_status"":""available"",""activity_ref"":""routine_evening_return_v1"",""summary"":""Завершает дела."",""activity_status"":""active"",""uses_current_activity"":false,""can_continue_automatically"":true,""decision_required"":false,""presence_state"":""on_site"",""location_ref"":""pf_peasant_homestead"",""absence_reason_ru"":""""},{""state_id"":""sleep_after_dusk"",""duration_minutes"":272,""runtime_status"":""sleeping"",""activity_ref"":""routine_sleep_after_dusk_v1"",""summary"":""Сон в своём дворе."",""activity_status"":""active"",""uses_current_activity"":false,""can_continue_automatically"":true,""decision_required"":false,""presence_state"":""on_site"",""location_ref"":""pf_peasant_homestead"",""absence_reason_ru"":""""}]",,data/novgorod-region/novgorod_social_roles_v1_enriched.tsv#nov_role_household_mistress;places-binding/places/place_families.csv#pf_peasant_homestead;data/world-catalogs/novgorod/temporal-v4/datasets/calendar_daylight_light_profiles.json#record:calendar_daylight_light_profiles:novgorod_1230_1233_v2;book:375645 ¶964;book:375645 ¶965;book:622242 ¶519,rule:editorial_daylight_phase_partition_v2,no_source:exact_clock_times_and_individual_presence,C,candidate,Сезонный распорядок-кандидат; конкретный человек и доступ требуют сцены.
sch_nov_role_household_mistress_pf_peasant_homestead_normal_summer,2,nov_role_household_mistress,,normal,summer,6|7|8,0,"[{""state_id"":""sleep_before_dawn"",""duration_minutes"":206,""runtime_status"":""sleeping"",""activity_ref"":""routine_sleep_before_dawn_v1"",""summary"":""Сон в своём дворе."",""activity_status"":""active"",""uses_current_activity"":false,""can_continue_automatically"":true,""decision_required"":false,""presence_state"":""on_site"",""location_ref"":""pf_peasant_homestead"",""absence_reason_ru"":""""},{""state_id"":""preparation"",""duration_minutes"":60,""runtime_status"":""available"",""activity_ref"":""routine_preparation_v1"",""summary"":""Утренние дела после восхода."",""activity_status"":""active"",""uses_current_activity"":false,""can_continue_automatically"":true,""decision_required"":false,""presence_state"":""on_site"",""location_ref"":""pf_peasant_homestead"",""absence_reason_ru"":""""},{""state_id"":""morning_work"",""duration_minutes"":454,""runtime_status"":""available"",""activity_ref"":""routine_morning_work_v1"",""summary"":""Домашние дела по возрасту и положению"",""activity_status"":""active"",""uses_current_activity"":false,""can_continue_automatically"":true,""decision_required"":false,""presence_state"":""on_site"",""location_ref"":""pf_peasant_homestead"",""absence_reason_ru"":""""},{""state_id"":""noon_meal"",""duration_minutes"":45,""runtime_status"":""available"",""activity_ref"":""routine_noon_meal_v1"",""summary"":""Полуденная трапеза (аналогия)."",""activity_status"":""active"",""uses_current_activity"":false,""can_continue_automatically"":true,""decision_required"":false,""presence_state"":""on_site"",""location_ref"":""pf_peasant_homestead"",""absence_reason_ru"":""""},{""state_id"":""post_meal_rest"",""duration_minutes"":90,""runtime_status"":""sleeping"",""activity_ref"":""routine_post_meal_rest_v1"",""summary"":""Послеобеденный отдых (аналогия; длительность редакционная)."",""activity_status"":""active"",""uses_current_activity"":false,""can_continue_automatically"":true,""decision_required"":false,""presence_state"":""on_site"",""location_ref"":""pf_peasant_homestead"",""absence_reason_ru"":""""},{""state_id"":""afternoon_work"",""duration_minutes"":328,""runtime_status"":""available"",""activity_ref"":""routine_afternoon_work_v1"",""summary"":""Домашние дела по возрасту и положению"",""activity_status"":""active"",""uses_current_activity"":false,""can_continue_automatically"":true,""decision_required"":false,""presence_state"":""on_site"",""location_ref"":""pf_peasant_homestead"",""absence_reason_ru"":""""},{""state_id"":""evening_return"",""duration_minutes"":60,""runtime_status"":""available"",""activity_ref"":""routine_evening_return_v1"",""summary"":""Завершает дела."",""activity_status"":""active"",""uses_current_activity"":false,""can_continue_automatically"":true,""decision_required"":false,""presence_state"":""on_site"",""location_ref"":""pf_peasant_homestead"",""absence_reason_ru"":""""},{""state_id"":""sleep_after_dusk"",""duration_minutes"":197,""runtime_status"":""sleeping"",""activity_ref"":""routine_sleep_after_dusk_v1"",""summary"":""Сон в своём дворе."",""activity_status"":""active"",""uses_current_activity"":false,""can_continue_automatically"":true,""decision_required"":false,""presence_state"":""on_site"",""location_ref"":""pf_peasant_homestead"",""absence_reason_ru"":""""}]",,data/novgorod-region/novgorod_social_roles_v1_enriched.tsv#nov_role_household_mistress;places-binding/places/place_families.csv#pf_peasant_homestead;data/world-catalogs/novgorod/temporal-v4/datasets/calendar_daylight_light_profiles.json#record:calendar_daylight_light_profiles:novgorod_1230_1233_v2;book:375645 ¶964;book:375645 ¶965;book:622242 ¶519,rule:editorial_daylight_phase_partition_v2,no_source:exact_clock_times_and_individual_presence,C,candidate,Сезонный распорядок-кандидат; конкретный человек и доступ требуют сцены.
sch_nov_role_household_mistress_pf_peasant_homestead_normal_winter,2,nov_role_household_mistress,,normal,winter,12|1|2,0,"[{""state_id"":""sleep_before_dawn"",""duration_minutes"":508,""runtime_status"":""sleeping"",""activity_ref"":""routine_sleep_before_dawn_v1"",""summary"":""Сон в своём дворе."",""activity_status"":""active"",""uses_current_activity"":false,""can_continue_automatically"":true,""decision_required"":false,""presence_state"":""on_site"",""location_ref"":""pf_peasant_homestead"",""absence_reason_ru"":""""},{""state_id"":""preparation"",""duration_minutes"":60,""runtime_status"":""available"",""activity_ref"":""routine_preparation_v1"",""summary"":""Утренние дела после восхода."",""activity_status"":""active"",""uses_current_activity"":false,""can_continue_automatically"":true,""decision_required"":false,""presence_state"":""on_site"",""location_ref"":""pf_peasant_homestead"",""absence_reason_ru"":""""},{""state_id"":""morning_work"",""duration_minutes"":152,""runtime_status"":""available"",""activity_ref"":""routine_morning_work_v1"",""summary"":""Домашние дела по возрасту и положению"",""activity_status"":""active"",""uses_current_activity"":false,""can_continue_automatically"":true,""decision_required"":false,""presence_state"":""on_site"",""location_ref"":""pf_peasant_homestead"",""absence_reason_ru"":""""},{""state_id"":""noon_meal"",""duration_minutes"":45,""runtime_status"":""available"",""activity_ref"":""routine_noon_meal_v1"",""summary"":""Полуденная трапеза (аналогия)."",""activity_status"":""active"",""uses_current_activity"":false,""can_continue_automatically"":true,""decision_required"":false,""presence_state"":""on_site"",""location_ref"":""pf_peasant_homestead"",""absence_reason_ru"":""""},{""state_id"":""post_meal_rest"",""duration_minutes"":90,""runtime_status"":""sleeping"",""activity_ref"":""routine_post_meal_rest_v1"",""summary"":""Послеобеденный отдых (аналогия; длительность редакционная)."",""activity_status"":""active"",""uses_current_activity"":false,""can_continue_automatically"":true,""decision_required"":false,""presence_state"":""on_site"",""location_ref"":""pf_peasant_homestead"",""absence_reason_ru"":""""},{""state_id"":""afternoon_work"",""duration_minutes"":44,""runtime_status"":""available"",""activity_ref"":""routine_afternoon_work_v1"",""summary"":""Домашние дела по возрасту и положению"",""activity_status"":""active"",""uses_current_activity"":false,""can_continue_automatically"":true,""decision_required"":false,""presence_state"":""on_site"",""location_ref"":""pf_peasant_homestead"",""absence_reason_ru"":""""},{""state_id"":""evening_return"",""duration_minutes"":60,""runtime_status"":""available"",""activity_ref"":""routine_evening_return_v1"",""summary"":""Завершает дела."",""activity_status"":""active"",""uses_current_activity"":false,""can_continue_automatically"":true,""decision_required"":false,""presence_state"":""on_site"",""location_ref"":""pf_peasant_homestead"",""absence_reason_ru"":""""},{""state_id"":""sleep_after_dusk"",""duration_minutes"":481,""runtime_status"":""sleeping"",""activity_ref"":""routine_sleep_after_dusk_v1"",""summary"":""Сон в своём дворе."",""activity_status"":""active"",""uses_current_activity"":false,""can_continue_automatically"":true,""decision_required"":false,""presence_state"":""on_site"",""location_ref"":""pf_peasant_homestead"",""absence_reason_ru"":""""}]",,data/novgorod-region/novgorod_social_roles_v1_enriched.tsv#nov_role_household_mistress;places-binding/places/place_families.csv#pf_peasant_homestead;data/world-catalogs/novgorod/temporal-v4/datasets/calendar_daylight_light_profiles.json#record:calendar_daylight_light_profiles:novgorod_1230_1233_v2;book:375645 ¶964;book:375645 ¶965;book:622242 ¶519,rule:editorial_daylight_phase_partition_v2,no_source:exact_clock_times_and_individual_presence,C,candidate,Сезонный распорядок-кандидат; конкретный человек и доступ требуют сцены.
sch_nov_role_smerd_householder_pf_peasant_homestead_normal_autumn,2,nov_role_smerd_householder,,normal,autumn,9|10|11,0,"[{""state_id"":""sleep_before_dawn"",""duration_minutes"":413,""runtime_status"":""sleeping"",""activity_ref"":""routine_sleep_before_dawn_v1"",""summary"":""Сон в своём дворе."",""activity_status"":""active"",""uses_current_activity"":false,""can_continue_automatically"":true,""decision_required"":false,""presence_state"":""on_site"",""location_ref"":""pf_peasant_homestead"",""absence_reason_ru"":""""},{""state_id"":""preparation"",""duration_minutes"":60,""runtime_status"":""available"",""activity_ref"":""routine_preparation_v1"",""summary"":""Утренние дела после восхода."",""activity_status"":""active"",""uses_current_activity"":false,""can_continue_automatically"":true,""decision_required"":false,""presence_state"":""on_site"",""location_ref"":""pf_peasant_homestead"",""absence_reason_ru"":""""},{""state_id"":""morning_work"",""duration_minutes"":247,""runtime_status"":""available"",""activity_ref"":""routine_morning_work_v1"",""summary"":""Домашние дела по возрасту и положению"",""activity_status"":""active"",""uses_current_activity"":false,""can_continue_automatically"":true,""decision_required"":false,""presence_state"":""on_site"",""location_ref"":""pf_peasant_homestead"",""absence_reason_ru"":""""},{""state_id"":""noon_meal"",""duration_minutes"":45,""runtime_status"":""available"",""activity_ref"":""routine_noon_meal_v1"",""summary"":""Полуденная трапеза (аналогия)."",""activity_status"":""active"",""uses_current_activity"":false,""can_continue_automatically"":true,""decision_required"":false,""presence_state"":""on_site"",""location_ref"":""pf_peasant_homestead"",""absence_reason_ru"":""""},{""state_id"":""post_meal_rest"",""duration_minutes"":90,""runtime_status"":""sleeping"",""activity_ref"":""routine_post_meal_rest_v1"",""summary"":""Послеобеденный отдых (аналогия; длительность редакционная)."",""activity_status"":""active"",""uses_current_activity"":false,""can_continue_automatically"":true,""decision_required"":false,""presence_state"":""on_site"",""location_ref"":""pf_peasant_homestead"",""absence_reason_ru"":""""},{""state_id"":""afternoon_work"",""duration_minutes"":81,""runtime_status"":""available"",""activity_ref"":""routine_afternoon_work_v1"",""summary"":""Домашние дела по возрасту и положению"",""activity_status"":""active"",""uses_current_activity"":false,""can_continue_automatically"":true,""decision_required"":false,""presence_state"":""on_site"",""location_ref"":""pf_peasant_homestead"",""absence_reason_ru"":""""},{""state_id"":""evening_return"",""duration_minutes"":60,""runtime_status"":""available"",""activity_ref"":""routine_evening_return_v1"",""summary"":""Завершает дела."",""activity_status"":""active"",""uses_current_activity"":false,""can_continue_automatically"":true,""decision_required"":false,""presence_state"":""on_site"",""location_ref"":""pf_peasant_homestead"",""absence_reason_ru"":""""},{""state_id"":""sleep_after_dusk"",""duration_minutes"":444,""runtime_status"":""sleeping"",""activity_ref"":""routine_sleep_after_dusk_v1"",""summary"":""Сон в своём дворе."",""activity_status"":""active"",""uses_current_activity"":false,""can_continue_automatically"":true,""decision_required"":false,""presence_state"":""on_site"",""location_ref"":""pf_peasant_homestead"",""absence_reason_ru"":""""}]",,data/novgorod-region/novgorod_social_roles_v1_enriched.tsv#nov_role_smerd_householder;places-binding/places/place_families.csv#pf_peasant_homestead;data/world-catalogs/novgorod/temporal-v4/datasets/calendar_daylight_light_profiles.json#record:calendar_daylight_light_profiles:novgorod_1230_1233_v2;book:375645 ¶964;book:375645 ¶965;places-binding/presence/people_presence_authoring.csv#nov_role_smerd_householder;book:622242 ¶519,rule:editorial_daylight_phase_partition_v2,no_source:exact_clock_times_and_individual_presence,C,candidate,Сезонный распорядок-кандидат; конкретный человек и доступ требуют сцены.
sch_nov_role_smerd_householder_pf_peasant_homestead_normal_spring,2,nov_role_smerd_householder,,normal,spring,3|4|5,0,"[{""state_id"":""sleep_before_dawn"",""duration_minutes"":268,""runtime_status"":""sleeping"",""activity_ref"":""routine_sleep_before_dawn_v1"",""summary"":""Сон в своём дворе."",""activity_status"":""active"",""uses_current_activity"":false,""can_continue_automatically"":true,""decision_required"":false,""presence_state"":""on_site"",""location_ref"":""pf_peasant_homestead"",""absence_reason_ru"":""""},{""state_id"":""preparation"",""duration_minutes"":60,""runtime_status"":""available"",""activity_ref"":""routine_preparation_v1"",""summary"":""Утренние дела после восхода."",""activity_status"":""active"",""uses_current_activity"":false,""can_continue_automatically"":true,""decision_required"":false,""presence_state"":""on_site"",""location_ref"":""pf_peasant_homestead"",""absence_reason_ru"":""""},{""state_id"":""morning_work"",""duration_minutes"":392,""runtime_status"":""available"",""activity_ref"":""routine_morning_work_v1"",""summary"":""Домашние дела по возрасту и положению"",""activity_status"":""active"",""uses_current_activity"":false,""can_continue_automatically"":true,""decision_required"":false,""presence_state"":""on_site"",""location_ref"":""pf_peasant_homestead"",""absence_reason_ru"":""""},{""state_id"":""noon_meal"",""duration_minutes"":45,""runtime_status"":""available"",""activity_ref"":""routine_noon_meal_v1"",""summary"":""Полуденная трапеза (аналогия)."",""activity_status"":""active"",""uses_current_activity"":false,""can_continue_automatically"":true,""decision_required"":false,""presence_state"":""on_site"",""location_ref"":""pf_peasant_homestead"",""absence_reason_ru"":""""},{""state_id"":""post_meal_rest"",""duration_minutes"":90,""runtime_status"":""sleeping"",""activity_ref"":""routine_post_meal_rest_v1"",""summary"":""Послеобеденный отдых (аналогия; длительность редакционная)."",""activity_status"":""active"",""uses_current_activity"":false,""can_continue_automatically"":true,""decision_required"":false,""presence_state"":""on_site"",""location_ref"":""pf_peasant_homestead"",""absence_reason_ru"":""""},{""state_id"":""afternoon_work"",""duration_minutes"":253,""runtime_status"":""available"",""activity_ref"":""routine_afternoon_work_v1"",""summary"":""Домашние дела по возрасту и положению"",""activity_status"":""active"",""uses_current_activity"":false,""can_continue_automatically"":true,""decision_required"":false,""presence_state"":""on_site"",""location_ref"":""pf_peasant_homestead"",""absence_reason_ru"":""""},{""state_id"":""evening_return"",""duration_minutes"":60,""runtime_status"":""available"",""activity_ref"":""routine_evening_return_v1"",""summary"":""Завершает дела."",""activity_status"":""active"",""uses_current_activity"":false,""can_continue_automatically"":true,""decision_required"":false,""presence_state"":""on_site"",""location_ref"":""pf_peasant_homestead"",""absence_reason_ru"":""""},{""state_id"":""sleep_after_dusk"",""duration_minutes"":272,""runtime_status"":""sleeping"",""activity_ref"":""routine_sleep_after_dusk_v1"",""summary"":""Сон в своём дворе."",""activity_status"":""active"",""uses_current_activity"":false,""can_continue_automatically"":true,""decision_required"":false,""presence_state"":""on_site"",""location_ref"":""pf_peasant_homestead"",""absence_reason_ru"":""""}]",,data/novgorod-region/novgorod_social_roles_v1_enriched.tsv#nov_role_smerd_householder;places-binding/places/place_families.csv#pf_peasant_homestead;data/world-catalogs/novgorod/temporal-v4/datasets/calendar_daylight_light_profiles.json#record:calendar_daylight_light_profiles:novgorod_1230_1233_v2;book:375645 ¶964;book:375645 ¶965;places-binding/presence/people_presence_authoring.csv#nov_role_smerd_householder;book:622242 ¶519,rule:editorial_daylight_phase_partition_v2,no_source:exact_clock_times_and_individual_presence,C,candidate,Сезонный распорядок-кандидат; конкретный человек и доступ требуют сцены.
sch_nov_role_smerd_householder_pf_peasant_homestead_normal_summer,2,nov_role_smerd_householder,,normal,summer,6|7|8,0,"[{""state_id"":""sleep_before_dawn"",""duration_minutes"":206,""runtime_status"":""sleeping"",""activity_ref"":""routine_sleep_before_dawn_v1"",""summary"":""Сон в своём дворе."",""activity_status"":""active"",""uses_current_activity"":false,""can_continue_automatically"":true,""decision_required"":false,""presence_state"":""on_site"",""location_ref"":""pf_peasant_homestead"",""absence_reason_ru"":""""},{""state_id"":""preparation"",""duration_minutes"":60,""runtime_status"":""available"",""activity_ref"":""routine_preparation_v1"",""summary"":""Утренние дела после восхода."",""activity_status"":""active"",""uses_current_activity"":false,""can_continue_automatically"":true,""decision_required"":false,""presence_state"":""on_site"",""location_ref"":""pf_peasant_homestead"",""absence_reason_ru"":""""},{""state_id"":""morning_work"",""duration_minutes"":454,""runtime_status"":""available"",""activity_ref"":""routine_morning_work_v1"",""summary"":""Домашние дела по возрасту и положению"",""activity_status"":""active"",""uses_current_activity"":false,""can_continue_automatically"":true,""decision_required"":false,""presence_state"":""on_site"",""location_ref"":""pf_peasant_homestead"",""absence_reason_ru"":""""},{""state_id"":""noon_meal"",""duration_minutes"":45,""runtime_status"":""available"",""activity_ref"":""routine_noon_meal_v1"",""summary"":""Полуденная трапеза (аналогия)."",""activity_status"":""active"",""uses_current_activity"":false,""can_continue_automatically"":true,""decision_required"":false,""presence_state"":""on_site"",""location_ref"":""pf_peasant_homestead"",""absence_reason_ru"":""""},{""state_id"":""post_meal_rest"",""duration_minutes"":90,""runtime_status"":""sleeping"",""activity_ref"":""routine_post_meal_rest_v1"",""summary"":""Послеобеденный отдых (аналогия; длительность редакционная)."",""activity_status"":""active"",""uses_current_activity"":false,""can_continue_automatically"":true,""decision_required"":false,""presence_state"":""on_site"",""location_ref"":""pf_peasant_homestead"",""absence_reason_ru"":""""},{""state_id"":""afternoon_work"",""duration_minutes"":328,""runtime_status"":""available"",""activity_ref"":""routine_afternoon_work_v1"",""summary"":""Домашние дела по возрасту и положению"",""activity_status"":""active"",""uses_current_activity"":false,""can_continue_automatically"":true,""decision_required"":false,""presence_state"":""on_site"",""location_ref"":""pf_peasant_homestead"",""absence_reason_ru"":""""},{""state_id"":""evening_return"",""duration_minutes"":60,""runtime_status"":""available"",""activity_ref"":""routine_evening_return_v1"",""summary"":""Завершает дела."",""activity_status"":""active"",""uses_current_activity"":false,""can_continue_automatically"":true,""decision_required"":false,""presence_state"":""on_site"",""location_ref"":""pf_peasant_homestead"",""absence_reason_ru"":""""},{""state_id"":""sleep_after_dusk"",""duration_minutes"":197,""runtime_status"":""sleeping"",""activity_ref"":""routine_sleep_after_dusk_v1"",""summary"":""Сон в своём дворе."",""activity_status"":""active"",""uses_current_activity"":false,""can_continue_automatically"":true,""decision_required"":false,""presence_state"":""on_site"",""location_ref"":""pf_peasant_homestead"",""absence_reason_ru"":""""}]",,data/novgorod-region/novgorod_social_roles_v1_enriched.tsv#nov_role_smerd_householder;places-binding/places/place_families.csv#pf_peasant_homestead;data/world-catalogs/novgorod/temporal-v4/datasets/calendar_daylight_light_profiles.json#record:calendar_daylight_light_profiles:novgorod_1230_1233_v2;book:375645 ¶964;book:375645 ¶965;places-binding/presence/people_presence_authoring.csv#nov_role_smerd_householder;book:622242 ¶519,rule:editorial_daylight_phase_partition_v2,no_source:exact_clock_times_and_individual_presence,C,candidate,Сезонный распорядок-кандидат; конкретный человек и доступ требуют сцены.
sch_nov_role_smerd_householder_pf_peasant_homestead_normal_winter,2,nov_role_smerd_householder,,normal,winter,12|1|2,0,"[{""state_id"":""sleep_before_dawn"",""duration_minutes"":508,""runtime_status"":""sleeping"",""activity_ref"":""routine_sleep_before_dawn_v1"",""summary"":""Сон в своём дворе."",""activity_status"":""active"",""uses_current_activity"":false,""can_continue_automatically"":true,""decision_required"":false,""presence_state"":""on_site"",""location_ref"":""pf_peasant_homestead"",""absence_reason_ru"":""""},{""state_id"":""preparation"",""duration_minutes"":60,""runtime_status"":""available"",""activity_ref"":""routine_preparation_v1"",""summary"":""Утренние дела после восхода."",""activity_status"":""active"",""uses_current_activity"":false,""can_continue_automatically"":true,""decision_required"":false,""presence_state"":""on_site"",""location_ref"":""pf_peasant_homestead"",""absence_reason_ru"":""""},{""state_id"":""morning_work"",""duration_minutes"":152,""runtime_status"":""available"",""activity_ref"":""routine_morning_work_v1"",""summary"":""Домашние дела по возрасту и положению"",""activity_status"":""active"",""uses_current_activity"":false,""can_continue_automatically"":true,""decision_required"":false,""presence_state"":""on_site"",""location_ref"":""pf_peasant_homestead"",""absence_reason_ru"":""""},{""state_id"":""noon_meal"",""duration_minutes"":45,""runtime_status"":""available"",""activity_ref"":""routine_noon_meal_v1"",""summary"":""Полуденная трапеза (аналогия)."",""activity_status"":""active"",""uses_current_activity"":false,""can_continue_automatically"":true,""decision_required"":false,""presence_state"":""on_site"",""location_ref"":""pf_peasant_homestead"",""absence_reason_ru"":""""},{""state_id"":""post_meal_rest"",""duration_minutes"":90,""runtime_status"":""sleeping"",""activity_ref"":""routine_post_meal_rest_v1"",""summary"":""Послеобеденный отдых (аналогия; длительность редакционная)."",""activity_status"":""active"",""uses_current_activity"":false,""can_continue_automatically"":true,""decision_required"":false,""presence_state"":""on_site"",""location_ref"":""pf_peasant_homestead"",""absence_reason_ru"":""""},{""state_id"":""afternoon_work"",""duration_minutes"":44,""runtime_status"":""available"",""activity_ref"":""routine_afternoon_work_v1"",""summary"":""Домашние дела по возрасту и положению"",""activity_status"":""active"",""uses_current_activity"":false,""can_continue_automatically"":true,""decision_required"":false,""presence_state"":""on_site"",""location_ref"":""pf_peasant_homestead"",""absence_reason_ru"":""""},{""state_id"":""evening_return"",""duration_minutes"":60,""runtime_status"":""available"",""activity_ref"":""routine_evening_return_v1"",""summary"":""Завершает дела."",""activity_status"":""active"",""uses_current_activity"":false,""can_continue_automatically"":true,""decision_required"":false,""presence_state"":""on_site"",""location_ref"":""pf_peasant_homestead"",""absence_reason_ru"":""""},{""state_id"":""sleep_after_dusk"",""duration_minutes"":481,""runtime_status"":""sleeping"",""activity_ref"":""routine_sleep_after_dusk_v1"",""summary"":""Сон в своём дворе."",""activity_status"":""active"",""uses_current_activity"":false,""can_continue_automatically"":true,""decision_required"":false,""presence_state"":""on_site"",""location_ref"":""pf_peasant_homestead"",""absence_reason_ru"":""""}]",,data/novgorod-region/novgorod_social_roles_v1_enriched.tsv#nov_role_smerd_householder;places-binding/places/place_families.csv#pf_peasant_homestead;data/world-catalogs/novgorod/temporal-v4/datasets/calendar_daylight_light_profiles.json#record:calendar_daylight_light_profiles:novgorod_1230_1233_v2;book:375645 ¶964;book:375645 ¶965;places-binding/presence/people_presence_authoring.csv#nov_role_smerd_householder;book:622242 ¶519,rule:editorial_daylight_phase_partition_v2,no_source:exact_clock_times_and_individual_presence,C,candidate,Сезонный распорядок-кандидат; конкретный человек и доступ требуют сцены.
sch_nov_role_smerd_householder_pf_rural_yard_normal_autumn,2,nov_role_smerd_householder,,normal,autumn,9|10|11,0,"[{""state_id"":""sleep_before_dawn"",""duration_minutes"":413,""runtime_status"":""sleeping"",""activity_ref"":""routine_sleep_before_dawn_v1"",""summary"":""Сон в своём дворе."",""activity_status"":""active"",""uses_current_activity"":false,""can_continue_automatically"":true,""decision_required"":false,""presence_state"":""on_site"",""location_ref"":""pf_rural_yard"",""absence_reason_ru"":""""},{""state_id"":""preparation"",""duration_minutes"":60,""runtime_status"":""available"",""activity_ref"":""routine_preparation_v1"",""summary"":""Утренние дела после восхода."",""activity_status"":""active"",""uses_current_activity"":false,""can_continue_automatically"":true,""decision_required"":false,""presence_state"":""on_site"",""location_ref"":""pf_rural_yard"",""absence_reason_ru"":""""},{""state_id"":""morning_work"",""duration_minutes"":247,""runtime_status"":""available"",""activity_ref"":""routine_morning_work_v1"",""summary"":""Домашние дела по возрасту и положению"",""activity_status"":""active"",""uses_current_activity"":false,""can_continue_automatically"":true,""decision_required"":false,""presence_state"":""on_site"",""location_ref"":""pf_rural_yard"",""absence_reason_ru"":""""},{""state_id"":""noon_meal"",""duration_minutes"":45,""runtime_status"":""available"",""activity_ref"":""routine_noon_meal_v1"",""summary"":""Полуденная трапеза (аналогия)."",""activity_status"":""active"",""uses_current_activity"":false,""can_continue_automatically"":true,""decision_required"":false,""presence_state"":""on_site"",""location_ref"":""pf_rural_yard"",""absence_reason_ru"":""""},{""state_id"":""post_meal_rest"",""duration_minutes"":90,""runtime_status"":""sleeping"",""activity_ref"":""routine_post_meal_rest_v1"",""summary"":""Послеобеденный отдых (аналогия; длительность редакционная)."",""activity_status"":""active"",""uses_current_activity"":false,""can_continue_automatically"":true,""decision_required"":false,""presence_state"":""on_site"",""location_ref"":""pf_rural_yard"",""absence_reason_ru"":""""},{""state_id"":""afternoon_work"",""duration_minutes"":81,""runtime_status"":""available"",""activity_ref"":""routine_afternoon_work_v1"",""summary"":""Домашние дела по возрасту и положению"",""activity_status"":""active"",""uses_current_activity"":false,""can_continue_automatically"":true,""decision_required"":false,""presence_state"":""on_site"",""location_ref"":""pf_rural_yard"",""absence_reason_ru"":""""},{""state_id"":""evening_return"",""duration_minutes"":60,""runtime_status"":""available"",""activity_ref"":""routine_evening_return_v1"",""summary"":""Завершает дела."",""activity_status"":""active"",""uses_current_activity"":false,""can_continue_automatically"":true,""decision_required"":false,""presence_state"":""on_site"",""location_ref"":""pf_rural_yard"",""absence_reason_ru"":""""},{""state_id"":""sleep_after_dusk"",""duration_minutes"":444,""runtime_status"":""sleeping"",""activity_ref"":""routine_sleep_after_dusk_v1"",""summary"":""Сон в своём дворе."",""activity_status"":""active"",""uses_current_activity"":false,""can_continue_automatically"":true,""decision_required"":false,""presence_state"":""on_site"",""location_ref"":""pf_rural_yard"",""absence_reason_ru"":""""}]",,data/novgorod-region/novgorod_social_roles_v1_enriched.tsv#nov_role_smerd_householder;places-binding/places/place_families.csv#pf_rural_yard;data/world-catalogs/novgorod/temporal-v4/datasets/calendar_daylight_light_profiles.json#record:calendar_daylight_light_profiles:novgorod_1230_1233_v2;book:375645 ¶964;book:375645 ¶965;places-binding/presence/people_presence_authoring.csv#nov_role_smerd_householder;book:622242 ¶519,rule:editorial_daylight_phase_partition_v2,no_source:exact_clock_times_and_individual_presence,C,candidate,Сезонный распорядок-кандидат; конкретный человек и доступ требуют сцены.
sch_nov_role_smerd_householder_pf_rural_yard_normal_spring,2,nov_role_smerd_householder,,normal,spring,3|4|5,0,"[{""state_id"":""sleep_before_dawn"",""duration_minutes"":268,""runtime_status"":""sleeping"",""activity_ref"":""routine_sleep_before_dawn_v1"",""summary"":""Сон в своём дворе."",""activity_status"":""active"",""uses_current_activity"":false,""can_continue_automatically"":true,""decision_required"":false,""presence_state"":""on_site"",""location_ref"":""pf_rural_yard"",""absence_reason_ru"":""""},{""state_id"":""preparation"",""duration_minutes"":60,""runtime_status"":""available"",""activity_ref"":""routine_preparation_v1"",""summary"":""Утренние дела после восхода."",""activity_status"":""active"",""uses_current_activity"":false,""can_continue_automatically"":true,""decision_required"":false,""presence_state"":""on_site"",""location_ref"":""pf_rural_yard"",""absence_reason_ru"":""""},{""state_id"":""morning_work"",""duration_minutes"":392,""runtime_status"":""available"",""activity_ref"":""routine_morning_work_v1"",""summary"":""Домашние дела по возрасту и положению"",""activity_status"":""active"",""uses_current_activity"":false,""can_continue_automatically"":true,""decision_required"":false,""presence_state"":""on_site"",""location_ref"":""pf_rural_yard"",""absence_reason_ru"":""""},{""state_id"":""noon_meal"",""duration_minutes"":45,""runtime_status"":""available"",""activity_ref"":""routine_noon_meal_v1"",""summary"":""Полуденная трапеза (аналогия)."",""activity_status"":""active"",""uses_current_activity"":false,""can_continue_automatically"":true,""decision_required"":false,""presence_state"":""on_site"",""location_ref"":""pf_rural_yard"",""absence_reason_ru"":""""},{""state_id"":""post_meal_rest"",""duration_minutes"":90,""runtime_status"":""sleeping"",""activity_ref"":""routine_post_meal_rest_v1"",""summary"":""Послеобеденный отдых (аналогия; длительность редакционная)."",""activity_status"":""active"",""uses_current_activity"":false,""can_continue_automatically"":true,""decision_required"":false,""presence_state"":""on_site"",""location_ref"":""pf_rural_yard"",""absence_reason_ru"":""""},{""state_id"":""afternoon_work"",""duration_minutes"":253,""runtime_status"":""available"",""activity_ref"":""routine_afternoon_work_v1"",""summary"":""Домашние дела по возрасту и положению"",""activity_status"":""active"",""uses_current_activity"":false,""can_continue_automatically"":true,""decision_required"":false,""presence_state"":""on_site"",""location_ref"":""pf_rural_yard"",""absence_reason_ru"":""""},{""state_id"":""evening_return"",""duration_minutes"":60,""runtime_status"":""available"",""activity_ref"":""routine_evening_return_v1"",""summary"":""Завершает дела."",""activity_status"":""active"",""uses_current_activity"":false,""can_continue_automatically"":true,""decision_required"":false,""presence_state"":""on_site"",""location_ref"":""pf_rural_yard"",""absence_reason_ru"":""""},{""state_id"":""sleep_after_dusk"",""duration_minutes"":272,""runtime_status"":""sleeping"",""activity_ref"":""routine_sleep_after_dusk_v1"",""summary"":""Сон в своём дворе."",""activity_status"":""active"",""uses_current_activity"":false,""can_continue_automatically"":true,""decision_required"":false,""presence_state"":""on_site"",""location_ref"":""pf_rural_yard"",""absence_reason_ru"":""""}]",,data/novgorod-region/novgorod_social_roles_v1_enriched.tsv#nov_role_smerd_householder;places-binding/places/place_families.csv#pf_rural_yard;data/world-catalogs/novgorod/temporal-v4/datasets/calendar_daylight_light_profiles.json#record:calendar_daylight_light_profiles:novgorod_1230_1233_v2;book:375645 ¶964;book:375645 ¶965;places-binding/presence/people_presence_authoring.csv#nov_role_smerd_householder;book:622242 ¶519,rule:editorial_daylight_phase_partition_v2,no_source:exact_clock_times_and_individual_presence,C,candidate,Сезонный распорядок-кандидат; конкретный человек и доступ требуют сцены.
sch_nov_role_smerd_householder_pf_rural_yard_normal_summer,2,nov_role_smerd_householder,,normal,summer,6|7|8,0,"[{""state_id"":""sleep_before_dawn"",""duration_minutes"":206,""runtime_status"":""sleeping"",""activity_ref"":""routine_sleep_before_dawn_v1"",""summary"":""Сон в своём дворе."",""activity_status"":""active"",""uses_current_activity"":false,""can_continue_automatically"":true,""decision_required"":false,""presence_state"":""on_site"",""location_ref"":""pf_rural_yard"",""absence_reason_ru"":""""},{""state_id"":""preparation"",""duration_minutes"":60,""runtime_status"":""available"",""activity_ref"":""routine_preparation_v1"",""summary"":""Утренние дела после восхода."",""activity_status"":""active"",""uses_current_activity"":false,""can_continue_automatically"":true,""decision_required"":false,""presence_state"":""on_site"",""location_ref"":""pf_rural_yard"",""absence_reason_ru"":""""},{""state_id"":""morning_work"",""duration_minutes"":454,""runtime_status"":""available"",""activity_ref"":""routine_morning_work_v1"",""summary"":""Домашние дела по возрасту и положению"",""activity_status"":""active"",""uses_current_activity"":false,""can_continue_automatically"":true,""decision_required"":false,""presence_state"":""on_site"",""location_ref"":""pf_rural_yard"",""absence_reason_ru"":""""},{""state_id"":""noon_meal"",""duration_minutes"":45,""runtime_status"":""available"",""activity_ref"":""routine_noon_meal_v1"",""summary"":""Полуденная трапеза (аналогия)."",""activity_status"":""active"",""uses_current_activity"":false,""can_continue_automatically"":true,""decision_required"":false,""presence_state"":""on_site"",""location_ref"":""pf_rural_yard"",""absence_reason_ru"":""""},{""state_id"":""post_meal_rest"",""duration_minutes"":90,""runtime_status"":""sleeping"",""activity_ref"":""routine_post_meal_rest_v1"",""summary"":""Послеобеденный отдых (аналогия; длительность редакционная)."",""activity_status"":""active"",""uses_current_activity"":false,""can_continue_automatically"":true,""decision_required"":false,""presence_state"":""on_site"",""location_ref"":""pf_rural_yard"",""absence_reason_ru"":""""},{""state_id"":""afternoon_work"",""duration_minutes"":328,""runtime_status"":""available"",""activity_ref"":""routine_afternoon_work_v1"",""summary"":""Домашние дела по возрасту и положению"",""activity_status"":""active"",""uses_current_activity"":false,""can_continue_automatically"":true,""decision_required"":false,""presence_state"":""on_site"",""location_ref"":""pf_rural_yard"",""absence_reason_ru"":""""},{""state_id"":""evening_return"",""duration_minutes"":60,""runtime_status"":""available"",""activity_ref"":""routine_evening_return_v1"",""summary"":""Завершает дела."",""activity_status"":""active"",""uses_current_activity"":false,""can_continue_automatically"":true,""decision_required"":false,""presence_state"":""on_site"",""location_ref"":""pf_rural_yard"",""absence_reason_ru"":""""},{""state_id"":""sleep_after_dusk"",""duration_minutes"":197,""runtime_status"":""sleeping"",""activity_ref"":""routine_sleep_after_dusk_v1"",""summary"":""Сон в своём дворе."",""activity_status"":""active"",""uses_current_activity"":false,""can_continue_automatically"":true,""decision_required"":false,""presence_state"":""on_site"",""location_ref"":""pf_rural_yard"",""absence_reason_ru"":""""}]",,data/novgorod-region/novgorod_social_roles_v1_enriched.tsv#nov_role_smerd_householder;places-binding/places/place_families.csv#pf_rural_yard;data/world-catalogs/novgorod/temporal-v4/datasets/calendar_daylight_light_profiles.json#record:calendar_daylight_light_profiles:novgorod_1230_1233_v2;book:375645 ¶964;book:375645 ¶965;places-binding/presence/people_presence_authoring.csv#nov_role_smerd_householder;book:622242 ¶519,rule:editorial_daylight_phase_partition_v2,no_source:exact_clock_times_and_individual_presence,C,candidate,Сезонный распорядок-кандидат; конкретный человек и доступ требуют сцены.
sch_nov_role_smerd_householder_pf_rural_yard_normal_winter,2,nov_role_smerd_householder,,normal,winter,12|1|2,0,"[{""state_id"":""sleep_before_dawn"",""duration_minutes"":508,""runtime_status"":""sleeping"",""activity_ref"":""routine_sleep_before_dawn_v1"",""summary"":""Сон в своём дворе."",""activity_status"":""active"",""uses_current_activity"":false,""can_continue_automatically"":true,""decision_required"":false,""presence_state"":""on_site"",""location_ref"":""pf_rural_yard"",""absence_reason_ru"":""""},{""state_id"":""preparation"",""duration_minutes"":60,""runtime_status"":""available"",""activity_ref"":""routine_preparation_v1"",""summary"":""Утренние дела после восхода."",""activity_status"":""active"",""uses_current_activity"":false,""can_continue_automatically"":true,""decision_required"":false,""presence_state"":""on_site"",""location_ref"":""pf_rural_yard"",""absence_reason_ru"":""""},{""state_id"":""morning_work"",""duration_minutes"":152,""runtime_status"":""available"",""activity_ref"":""routine_morning_work_v1"",""summary"":""Домашние дела по возрасту и положению"",""activity_status"":""active"",""uses_current_activity"":false,""can_continue_automatically"":true,""decision_required"":false,""presence_state"":""on_site"",""location_ref"":""pf_rural_yard"",""absence_reason_ru"":""""},{""state_id"":""noon_meal"",""duration_minutes"":45,""runtime_status"":""available"",""activity_ref"":""routine_noon_meal_v1"",""summary"":""Полуденная трапеза (аналогия)."",""activity_status"":""active"",""uses_current_activity"":false,""can_continue_automatically"":true,""decision_required"":false,""presence_state"":""on_site"",""location_ref"":""pf_rural_yard"",""absence_reason_ru"":""""},{""state_id"":""post_meal_rest"",""duration_minutes"":90,""runtime_status"":""sleeping"",""activity_ref"":""routine_post_meal_rest_v1"",""summary"":""Послеобеденный отдых (аналогия; длительность редакционная)."",""activity_status"":""active"",""uses_current_activity"":false,""can_continue_automatically"":true,""decision_required"":false,""presence_state"":""on_site"",""location_ref"":""pf_rural_yard"",""absence_reason_ru"":""""},{""state_id"":""afternoon_work"",""duration_minutes"":44,""runtime_status"":""available"",""activity_ref"":""routine_afternoon_work_v1"",""summary"":""Домашние дела по возрасту и положению"",""activity_status"":""active"",""uses_current_activity"":false,""can_continue_automatically"":true,""decision_required"":false,""presence_state"":""on_site"",""location_ref"":""pf_rural_yard"",""absence_reason_ru"":""""},{""state_id"":""evening_return"",""duration_minutes"":60,""runtime_status"":""available"",""activity_ref"":""routine_evening_return_v1"",""summary"":""Завершает дела."",""activity_status"":""active"",""uses_current_activity"":false,""can_continue_automatically"":true,""decision_required"":false,""presence_state"":""on_site"",""location_ref"":""pf_rural_yard"",""absence_reason_ru"":""""},{""state_id"":""sleep_after_dusk"",""duration_minutes"":481,""runtime_status"":""sleeping"",""activity_ref"":""routine_sleep_after_dusk_v1"",""summary"":""Сон в своём дворе."",""activity_status"":""active"",""uses_current_activity"":false,""can_continue_automatically"":true,""decision_required"":false,""presence_state"":""on_site"",""location_ref"":""pf_rural_yard"",""absence_reason_ru"":""""}]",,data/novgorod-region/novgorod_social_roles_v1_enriched.tsv#nov_role_smerd_householder;places-binding/places/place_families.csv#pf_rural_yard;data/world-catalogs/novgorod/temporal-v4/datasets/calendar_daylight_light_profiles.json#record:calendar_daylight_light_profiles:novgorod_1230_1233_v2;book:375645 ¶964;book:375645 ¶965;places-binding/presence/people_presence_authoring.csv#nov_role_smerd_householder;book:622242 ¶519,rule:editorial_daylight_phase_partition_v2,no_source:exact_clock_times_and_individual_presence,C,candidate,Сезонный распорядок-кандидат; конкретный человек и доступ требуют сцены.
sch_nov_role_smerd_householder_pf_village_lane_normal_autumn,2,nov_role_smerd_householder,,normal,autumn,9|10|11,0,"[{""state_id"":""sleep_before_dawn"",""duration_minutes"":413,""runtime_status"":""sleeping"",""activity_ref"":""routine_sleep_before_dawn_v1"",""summary"":""Ночной сон; место неизвестно."",""activity_status"":""active"",""uses_current_activity"":false,""can_continue_automatically"":true,""decision_required"":false,""presence_state"":""away"",""location_ref"":"""",""absence_reason_ru"":""ночлег требует индивидуальной привязки""},{""state_id"":""preparation"",""duration_minutes"":60,""runtime_status"":""available"",""activity_ref"":""routine_preparation_v1"",""summary"":""Утренние дела после восхода."",""activity_status"":""active"",""uses_current_activity"":false,""can_continue_automatically"":true,""decision_required"":false,""presence_state"":""on_site"",""location_ref"":""pf_village_lane"",""absence_reason_ru"":""""},{""state_id"":""morning_work"",""duration_minutes"":247,""runtime_status"":""available"",""activity_ref"":""routine_morning_work_v1"",""summary"":""Домашние дела по возрасту и положению"",""activity_status"":""active"",""uses_current_activity"":false,""can_continue_automatically"":true,""decision_required"":false,""presence_state"":""on_site"",""location_ref"":""pf_village_lane"",""absence_reason_ru"":""""},{""state_id"":""noon_meal"",""duration_minutes"":45,""runtime_status"":""available"",""activity_ref"":""routine_noon_meal_v1"",""summary"":""Полуденная трапеза (аналогия)."",""activity_status"":""active"",""uses_current_activity"":false,""can_continue_automatically"":true,""decision_required"":false,""presence_state"":""on_site"",""location_ref"":""pf_village_lane"",""absence_reason_ru"":""""},{""state_id"":""post_meal_rest"",""duration_minutes"":90,""runtime_status"":""sleeping"",""activity_ref"":""routine_post_meal_rest_v1"",""summary"":""Послеобеденный отдых (аналогия; длительность редакционная)."",""activity_status"":""active"",""uses_current_activity"":false,""can_continue_automatically"":true,""decision_required"":false,""presence_state"":""on_site"",""location_ref"":""pf_village_lane"",""absence_reason_ru"":""""},{""state_id"":""afternoon_work"",""duration_minutes"":81,""runtime_status"":""available"",""activity_ref"":""routine_afternoon_work_v1"",""summary"":""Домашние дела по возрасту и положению"",""activity_status"":""active"",""uses_current_activity"":false,""can_continue_automatically"":true,""decision_required"":false,""presence_state"":""on_site"",""location_ref"":""pf_village_lane"",""absence_reason_ru"":""""},{""state_id"":""evening_return"",""duration_minutes"":60,""runtime_status"":""available"",""activity_ref"":""routine_evening_return_v1"",""summary"":""Завершает дела."",""activity_status"":""active"",""uses_current_activity"":false,""can_continue_automatically"":true,""decision_required"":false,""presence_state"":""on_site"",""location_ref"":""pf_village_lane"",""absence_reason_ru"":""""},{""state_id"":""sleep_after_dusk"",""duration_minutes"":444,""runtime_status"":""sleeping"",""activity_ref"":""routine_sleep_after_dusk_v1"",""summary"":""Ночной сон; место неизвестно."",""activity_status"":""active"",""uses_current_activity"":false,""can_continue_automatically"":true,""decision_required"":false,""presence_state"":""away"",""location_ref"":"""",""absence_reason_ru"":""ночлег требует индивидуальной привязки""}]",,data/novgorod-region/novgorod_social_roles_v1_enriched.tsv#nov_role_smerd_householder;places-binding/places/place_families.csv#pf_village_lane;data/world-catalogs/novgorod/temporal-v4/datasets/calendar_daylight_light_profiles.json#record:calendar_daylight_light_profiles:novgorod_1230_1233_v2;book:375645 ¶964;book:375645 ¶965;places-binding/presence/people_presence_authoring.csv#nov_role_smerd_householder,rule:editorial_daylight_phase_partition_v2,no_source:exact_clock_times_and_individual_presence,C,candidate,Сезонный распорядок-кандидат; конкретный человек и доступ требуют сцены.
sch_nov_role_smerd_householder_pf_village_lane_normal_spring,2,nov_role_smerd_householder,,normal,spring,3|4|5,0,"[{""state_id"":""sleep_before_dawn"",""duration_minutes"":268,""runtime_status"":""sleeping"",""activity_ref"":""routine_sleep_before_dawn_v1"",""summary"":""Ночной сон; место неизвестно."",""activity_status"":""active"",""uses_current_activity"":false,""can_continue_automatically"":true,""decision_required"":false,""presence_state"":""away"",""location_ref"":"""",""absence_reason_ru"":""ночлег требует индивидуальной привязки""},{""state_id"":""preparation"",""duration_minutes"":60,""runtime_status"":""available"",""activity_ref"":""routine_preparation_v1"",""summary"":""Утренние дела после восхода."",""activity_status"":""active"",""uses_current_activity"":false,""can_continue_automatically"":true,""decision_required"":false,""presence_state"":""on_site"",""location_ref"":""pf_village_lane"",""absence_reason_ru"":""""},{""state_id"":""morning_work"",""duration_minutes"":392,""runtime_status"":""available"",""activity_ref"":""routine_morning_work_v1"",""summary"":""Домашние дела по возрасту и положению"",""activity_status"":""active"",""uses_current_activity"":false,""can_continue_automatically"":true,""decision_required"":false,""presence_state"":""on_site"",""location_ref"":""pf_village_lane"",""absence_reason_ru"":""""},{""state_id"":""noon_meal"",""duration_minutes"":45,""runtime_status"":""available"",""activity_ref"":""routine_noon_meal_v1"",""summary"":""Полуденная трапеза (аналогия)."",""activity_status"":""active"",""uses_current_activity"":false,""can_continue_automatically"":true,""decision_required"":false,""presence_state"":""on_site"",""location_ref"":""pf_village_lane"",""absence_reason_ru"":""""},{""state_id"":""post_meal_rest"",""duration_minutes"":90,""runtime_status"":""sleeping"",""activity_ref"":""routine_post_meal_rest_v1"",""summary"":""Послеобеденный отдых (аналогия; длительность редакционная)."",""activity_status"":""active"",""uses_current_activity"":false,""can_continue_automatically"":true,""decision_required"":false,""presence_state"":""on_site"",""location_ref"":""pf_village_lane"",""absence_reason_ru"":""""},{""state_id"":""afternoon_work"",""duration_minutes"":253,""runtime_status"":""available"",""activity_ref"":""routine_afternoon_work_v1"",""summary"":""Домашние дела по возрасту и положению"",""activity_status"":""active"",""uses_current_activity"":false,""can_continue_automatically"":true,""decision_required"":false,""presence_state"":""on_site"",""location_ref"":""pf_village_lane"",""absence_reason_ru"":""""},{""state_id"":""evening_return"",""duration_minutes"":60,""runtime_status"":""available"",""activity_ref"":""routine_evening_return_v1"",""summary"":""Завершает дела."",""activity_status"":""active"",""uses_current_activity"":false,""can_continue_automatically"":true,""decision_required"":false,""presence_state"":""on_site"",""location_ref"":""pf_village_lane"",""absence_reason_ru"":""""},{""state_id"":""sleep_after_dusk"",""duration_minutes"":272,""runtime_status"":""sleeping"",""activity_ref"":""routine_sleep_after_dusk_v1"",""summary"":""Ночной сон; место неизвестно."",""activity_status"":""active"",""uses_current_activity"":false,""can_continue_automatically"":true,""decision_required"":false,""presence_state"":""away"",""location_ref"":"""",""absence_reason_ru"":""ночлег требует индивидуальной привязки""}]",,data/novgorod-region/novgorod_social_roles_v1_enriched.tsv#nov_role_smerd_householder;places-binding/places/place_families.csv#pf_village_lane;data/world-catalogs/novgorod/temporal-v4/datasets/calendar_daylight_light_profiles.json#record:calendar_daylight_light_profiles:novgorod_1230_1233_v2;book:375645 ¶964;book:375645 ¶965;places-binding/presence/people_presence_authoring.csv#nov_role_smerd_householder,rule:editorial_daylight_phase_partition_v2,no_source:exact_clock_times_and_individual_presence,C,candidate,Сезонный распорядок-кандидат; конкретный человек и доступ требуют сцены.
sch_nov_role_smerd_householder_pf_village_lane_normal_summer,2,nov_role_smerd_householder,,normal,summer,6|7|8,0,"[{""state_id"":""sleep_before_dawn"",""duration_minutes"":206,""runtime_status"":""sleeping"",""activity_ref"":""routine_sleep_before_dawn_v1"",""summary"":""Ночной сон; место неизвестно."",""activity_status"":""active"",""uses_current_activity"":false,""can_continue_automatically"":true,""decision_required"":false,""presence_state"":""away"",""location_ref"":"""",""absence_reason_ru"":""ночлег требует индивидуальной привязки""},{""state_id"":""preparation"",""duration_minutes"":60,""runtime_status"":""available"",""activity_ref"":""routine_preparation_v1"",""summary"":""Утренние дела после восхода."",""activity_status"":""active"",""uses_current_activity"":false,""can_continue_automatically"":true,""decision_required"":false,""presence_state"":""on_site"",""location_ref"":""pf_village_lane"",""absence_reason_ru"":""""},{""state_id"":""morning_work"",""duration_minutes"":454,""runtime_status"":""available"",""activity_ref"":""routine_morning_work_v1"",""summary"":""Домашние дела по возрасту и положению"",""activity_status"":""active"",""uses_current_activity"":false,""can_continue_automatically"":true,""decision_required"":false,""presence_state"":""on_site"",""location_ref"":""pf_village_lane"",""absence_reason_ru"":""""},{""state_id"":""noon_meal"",""duration_minutes"":45,""runtime_status"":""available"",""activity_ref"":""routine_noon_meal_v1"",""summary"":""Полуденная трапеза (аналогия)."",""activity_status"":""active"",""uses_current_activity"":false,""can_continue_automatically"":true,""decision_required"":false,""presence_state"":""on_site"",""location_ref"":""pf_village_lane"",""absence_reason_ru"":""""},{""state_id"":""post_meal_rest"",""duration_minutes"":90,""runtime_status"":""sleeping"",""activity_ref"":""routine_post_meal_rest_v1"",""summary"":""Послеобеденный отдых (аналогия; длительность редакционная)."",""activity_status"":""active"",""uses_current_activity"":false,""can_continue_automatically"":true,""decision_required"":false,""presence_state"":""on_site"",""location_ref"":""pf_village_lane"",""absence_reason_ru"":""""},{""state_id"":""afternoon_work"",""duration_minutes"":328,""runtime_status"":""available"",""activity_ref"":""routine_afternoon_work_v1"",""summary"":""Домашние дела по возрасту и положению"",""activity_status"":""active"",""uses_current_activity"":false,""can_continue_automatically"":true,""decision_required"":false,""presence_state"":""on_site"",""location_ref"":""pf_village_lane"",""absence_reason_ru"":""""},{""state_id"":""evening_return"",""duration_minutes"":60,""runtime_status"":""available"",""activity_ref"":""routine_evening_return_v1"",""summary"":""Завершает дела."",""activity_status"":""active"",""uses_current_activity"":false,""can_continue_automatically"":true,""decision_required"":false,""presence_state"":""on_site"",""location_ref"":""pf_village_lane"",""absence_reason_ru"":""""},{""state_id"":""sleep_after_dusk"",""duration_minutes"":197,""runtime_status"":""sleeping"",""activity_ref"":""routine_sleep_after_dusk_v1"",""summary"":""Ночной сон; место неизвестно."",""activity_status"":""active"",""uses_current_activity"":false,""can_continue_automatically"":true,""decision_required"":false,""presence_state"":""away"",""location_ref"":"""",""absence_reason_ru"":""ночлег требует индивидуальной привязки""}]",,data/novgorod-region/novgorod_social_roles_v1_enriched.tsv#nov_role_smerd_householder;places-binding/places/place_families.csv#pf_village_lane;data/world-catalogs/novgorod/temporal-v4/datasets/calendar_daylight_light_profiles.json#record:calendar_daylight_light_profiles:novgorod_1230_1233_v2;book:375645 ¶964;book:375645 ¶965;places-binding/presence/people_presence_authoring.csv#nov_role_smerd_householder,rule:editorial_daylight_phase_partition_v2,no_source:exact_clock_times_and_individual_presence,C,candidate,Сезонный распорядок-кандидат; конкретный человек и доступ требуют сцены.
sch_nov_role_smerd_householder_pf_village_lane_normal_winter,2,nov_role_smerd_householder,,normal,winter,12|1|2,0,"[{""state_id"":""sleep_before_dawn"",""duration_minutes"":508,""runtime_status"":""sleeping"",""activity_ref"":""routine_sleep_before_dawn_v1"",""summary"":""Ночной сон; место неизвестно."",""activity_status"":""active"",""uses_current_activity"":false,""can_continue_automatically"":true,""decision_required"":false,""presence_state"":""away"",""location_ref"":"""",""absence_reason_ru"":""ночлег требует индивидуальной привязки""},{""state_id"":""preparation"",""duration_minutes"":60,""runtime_status"":""available"",""activity_ref"":""routine_preparation_v1"",""summary"":""Утренние дела после восхода."",""activity_status"":""active"",""uses_current_activity"":false,""can_continue_automatically"":true,""decision_required"":false,""presence_state"":""on_site"",""location_ref"":""pf_village_lane"",""absence_reason_ru"":""""},{""state_id"":""morning_work"",""duration_minutes"":152,""runtime_status"":""available"",""activity_ref"":""routine_morning_work_v1"",""summary"":""Домашние дела по возрасту и положению"",""activity_status"":""active"",""uses_current_activity"":false,""can_continue_automatically"":true,""decision_required"":false,""presence_state"":""on_site"",""location_ref"":""pf_village_lane"",""absence_reason_ru"":""""},{""state_id"":""noon_meal"",""duration_minutes"":45,""runtime_status"":""available"",""activity_ref"":""routine_noon_meal_v1"",""summary"":""Полуденная трапеза (аналогия)."",""activity_status"":""active"",""uses_current_activity"":false,""can_continue_automatically"":true,""decision_required"":false,""presence_state"":""on_site"",""location_ref"":""pf_village_lane"",""absence_reason_ru"":""""},{""state_id"":""post_meal_rest"",""duration_minutes"":90,""runtime_status"":""sleeping"",""activity_ref"":""routine_post_meal_rest_v1"",""summary"":""Послеобеденный отдых (аналогия; длительность редакционная)."",""activity_status"":""active"",""uses_current_activity"":false,""can_continue_automatically"":true,""decision_required"":false,""presence_state"":""on_site"",""location_ref"":""pf_village_lane"",""absence_reason_ru"":""""},{""state_id"":""afternoon_work"",""duration_minutes"":44,""runtime_status"":""available"",""activity_ref"":""routine_afternoon_work_v1"",""summary"":""Домашние дела по возрасту и положению"",""activity_status"":""active"",""uses_current_activity"":false,""can_continue_automatically"":true,""decision_required"":false,""presence_state"":""on_site"",""location_ref"":""pf_village_lane"",""absence_reason_ru"":""""},{""state_id"":""evening_return"",""duration_minutes"":60,""runtime_status"":""available"",""activity_ref"":""routine_evening_return_v1"",""summary"":""Завершает дела."",""activity_status"":""active"",""uses_current_activity"":false,""can_continue_automatically"":true,""decision_required"":false,""presence_state"":""on_site"",""location_ref"":""pf_village_lane"",""absence_reason_ru"":""""},{""state_id"":""sleep_after_dusk"",""duration_minutes"":481,""runtime_status"":""sleeping"",""activity_ref"":""routine_sleep_after_dusk_v1"",""summary"":""Ночной сон; место неизвестно."",""activity_status"":""active"",""uses_current_activity"":false,""can_continue_automatically"":true,""decision_required"":false,""presence_state"":""away"",""location_ref"":"""",""absence_reason_ru"":""ночлег требует индивидуальной привязки""}]",,data/novgorod-region/novgorod_social_roles_v1_enriched.tsv#nov_role_smerd_householder;places-binding/places/place_families.csv#pf_village_lane;data/world-catalogs/novgorod/temporal-v4/datasets/calendar_daylight_light_profiles.json#record:calendar_daylight_light_profiles:novgorod_1230_1233_v2;book:375645 ¶964;book:375645 ¶965;places-binding/presence/people_presence_authoring.csv#nov_role_smerd_householder,rule:editorial_daylight_phase_partition_v2,no_source:exact_clock_times_and_individual_presence,C,candidate,Сезонный распорядок-кандидат; конкретный человек и доступ требуют сцены.
