ds_id,month,availability,basis,derivation,source_refs,confidence,status
ds_clean_rye_grain,1,available,logical_necessity,required_ingredient_profiles,"[""sources/master-archive-v1/data/normalized_source_tables/food_system/food_seasonality.csv:SEA002293""]",A,candidate
ds_clean_rye_grain,2,available,logical_necessity,required_ingredient_profiles,"[""sources/master-archive-v1/data/normalized_source_tables/food_system/food_seasonality.csv:SEA002294""]",A,candidate
ds_clean_rye_grain,3,available,logical_necessity,required_ingredient_profiles,"[""sources/master-archive-v1/data/normalized_source_tables/food_system/food_seasonality.csv:SEA002295""]",A,candidate
ds_clean_rye_grain,4,available,logical_necessity,required_ingredient_profiles,"[""sources/master-archive-v1/data/normalized_source_tables/food_system/food_seasonality.csv:SEA002296""]",A,candidate
ds_clean_rye_grain,5,available,logical_necessity,required_ingredient_profiles,"[""sources/master-archive-v1/data/normalized_source_tables/food_system/food_seasonality.csv:SEA002297""]",A,candidate
ds_clean_rye_grain,6,available,logical_necessity,required_ingredient_profiles,"[""sources/master-archive-v1/data/normalized_source_tables/food_system/food_seasonality.csv:SEA002298""]",A,candidate
ds_clean_rye_grain,7,available,logical_necessity,required_ingredient_profiles,"[""sources/master-archive-v1/data/normalized_source_tables/food_system/food_seasonality.csv:SEA002299""]",A,candidate
ds_clean_rye_grain,8,available,logical_necessity,required_ingredient_profiles,"[""sources/master-archive-v1/data/normalized_source_tables/food_system/food_seasonality.csv:SEA002300""]",A,candidate
ds_clean_rye_grain,9,available,logical_necessity,required_ingredient_profiles,"[""sources/master-archive-v1/data/normalized_source_tables/food_system/food_seasonality.csv:SEA002301""]",A,candidate
ds_clean_rye_grain,10,available,logical_necessity,required_ingredient_profiles,"[""sources/master-archive-v1/data/normalized_source_tables/food_system/food_seasonality.csv:SEA002302""]",A,candidate
ds_clean_rye_grain,11,available,logical_necessity,required_ingredient_profiles,"[""sources/master-archive-v1/data/normalized_source_tables/food_system/food_seasonality.csv:SEA002303""]",A,candidate
ds_clean_rye_grain,12,available,logical_necessity,required_ingredient_profiles,"[""sources/master-archive-v1/data/normalized_source_tables/food_system/food_seasonality.csv:SEA002304""]",A,candidate
ds_crush_rye_grain_to_groats,1,available,logical_necessity,required_ingredient_profiles,"[""sources/master-archive-v1/data/normalized_source_tables/food_system/food_seasonality.csv:SEA002305""]",B,candidate
ds_crush_rye_grain_to_groats,2,available,logical_necessity,required_ingredient_profiles,"[""sources/master-archive-v1/data/normalized_source_tables/food_system/food_seasonality.csv:SEA002306""]",B,candidate
ds_crush_rye_grain_to_groats,3,available,logical_necessity,required_ingredient_profiles,"[""sources/master-archive-v1/data/normalized_source_tables/food_system/food_seasonality.csv:SEA002307""]",B,candidate
ds_crush_rye_grain_to_groats,4,available,logical_necessity,required_ingredient_profiles,"[""sources/master-archive-v1/data/normalized_source_tables/food_system/food_seasonality.csv:SEA002308""]",B,candidate
ds_crush_rye_grain_to_groats,5,available,logical_necessity,required_ingredient_profiles,"[""sources/master-archive-v1/data/normalized_source_tables/food_system/food_seasonality.csv:SEA002309""]",B,candidate
ds_crush_rye_grain_to_groats,6,available,logical_necessity,required_ingredient_profiles,"[""sources/master-archive-v1/data/normalized_source_tables/food_system/food_seasonality.csv:SEA002310""]",B,candidate
ds_crush_rye_grain_to_groats,7,available,logical_necessity,required_ingredient_profiles,"[""sources/master-archive-v1/data/normalized_source_tables/food_system/food_seasonality.csv:SEA002311""]",B,candidate
ds_crush_rye_grain_to_groats,8,available,logical_necessity,required_ingredient_profiles,"[""sources/master-archive-v1/data/normalized_source_tables/food_system/food_seasonality.csv:SEA002312""]",B,candidate
ds_crush_rye_grain_to_groats,9,available,logical_necessity,required_ingredient_profiles,"[""sources/master-archive-v1/data/normalized_source_tables/food_system/food_seasonality.csv:SEA002313""]",B,candidate
ds_crush_rye_grain_to_groats,10,available,logical_necessity,required_ingredient_profiles,"[""sources/master-archive-v1/data/normalized_source_tables/food_system/food_seasonality.csv:SEA002314""]",B,candidate
ds_crush_rye_grain_to_groats,11,available,logical_necessity,required_ingredient_profiles,"[""sources/master-archive-v1/data/normalized_source_tables/food_system/food_seasonality.csv:SEA002315""]",B,candidate
ds_crush_rye_grain_to_groats,12,available,logical_necessity,required_ingredient_profiles,"[""sources/master-archive-v1/data/normalized_source_tables/food_system/food_seasonality.csv:SEA002316""]",B,candidate
ds_grind_rye_grain_to_flour,1,available,logical_necessity,required_ingredient_profiles,"[""sources/master-archive-v1/data/normalized_source_tables/food_system/food_seasonality.csv:SEA002317""]",A,candidate
ds_grind_rye_grain_to_flour,2,available,logical_necessity,required_ingredient_profiles,"[""sources/master-archive-v1/data/normalized_source_tables/food_system/food_seasonality.csv:SEA002318""]",A,candidate
ds_grind_rye_grain_to_flour,3,available,logical_necessity,required_ingredient_profiles,"[""sources/master-archive-v1/data/normalized_source_tables/food_system/food_seasonality.csv:SEA002319""]",A,candidate
ds_grind_rye_grain_to_flour,4,available,logical_necessity,required_ingredient_profiles,"[""sources/master-archive-v1/data/normalized_source_tables/food_system/food_seasonality.csv:SEA002320""]",A,candidate
ds_grind_rye_grain_to_flour,5,available,logical_necessity,required_ingredient_profiles,"[""sources/master-archive-v1/data/normalized_source_tables/food_system/food_seasonality.csv:SEA002321""]",A,candidate
ds_grind_rye_grain_to_flour,6,available,logical_necessity,required_ingredient_profiles,"[""sources/master-archive-v1/data/normalized_source_tables/food_system/food_seasonality.csv:SEA002322""]",A,candidate
ds_grind_rye_grain_to_flour,7,available,logical_necessity,required_ingredient_profiles,"[""sources/master-archive-v1/data/normalized_source_tables/food_system/food_seasonality.csv:SEA002323""]",A,candidate
ds_grind_rye_grain_to_flour,8,available,logical_necessity,required_ingredient_profiles,"[""sources/master-archive-v1/data/normalized_source_tables/food_system/food_seasonality.csv:SEA002324""]",A,candidate
ds_grind_rye_grain_to_flour,9,available,logical_necessity,required_ingredient_profiles,"[""sources/master-archive-v1/data/normalized_source_tables/food_system/food_seasonality.csv:SEA002325""]",A,candidate
ds_grind_rye_grain_to_flour,10,available,logical_necessity,required_ingredient_profiles,"[""sources/master-archive-v1/data/normalized_source_tables/food_system/food_seasonality.csv:SEA002326""]",A,candidate
ds_grind_rye_grain_to_flour,11,available,logical_necessity,required_ingredient_profiles,"[""sources/master-archive-v1/data/normalized_source_tables/food_system/food_seasonality.csv:SEA002327""]",A,candidate
ds_grind_rye_grain_to_flour,12,available,logical_necessity,required_ingredient_profiles,"[""sources/master-archive-v1/data/normalized_source_tables/food_system/food_seasonality.csv:SEA002328""]",A,candidate
ds_clean_wheat_grain,1,available,logical_necessity,required_ingredient_profiles,"[""sources/master-archive-v1/data/normalized_source_tables/food_system/food_seasonality.csv:SEA002329""]",A,candidate
ds_clean_wheat_grain,2,available,logical_necessity,required_ingredient_profiles,"[""sources/master-archive-v1/data/normalized_source_tables/food_system/food_seasonality.csv:SEA002330""]",A,candidate
ds_clean_wheat_grain,3,available,logical_necessity,required_ingredient_profiles,"[""sources/master-archive-v1/data/normalized_source_tables/food_system/food_seasonality.csv:SEA002331""]",A,candidate
ds_clean_wheat_grain,4,available,logical_necessity,required_ingredient_profiles,"[""sources/master-archive-v1/data/normalized_source_tables/food_system/food_seasonality.csv:SEA002332""]",A,candidate
ds_clean_wheat_grain,5,available,logical_necessity,required_ingredient_profiles,"[""sources/master-archive-v1/data/normalized_source_tables/food_system/food_seasonality.csv:SEA002333""]",A,candidate
ds_clean_wheat_grain,6,available,logical_necessity,required_ingredient_profiles,"[""sources/master-archive-v1/data/normalized_source_tables/food_system/food_seasonality.csv:SEA002334""]",A,candidate
ds_clean_wheat_grain,7,available,logical_necessity,required_ingredient_profiles,"[""sources/master-archive-v1/data/normalized_source_tables/food_system/food_seasonality.csv:SEA002335""]",A,candidate
ds_clean_wheat_grain,8,available,logical_necessity,required_ingredient_profiles,"[""sources/master-archive-v1/data/normalized_source_tables/food_system/food_seasonality.csv:SEA002336""]",A,candidate
ds_clean_wheat_grain,9,available,logical_necessity,required_ingredient_profiles,"[""sources/master-archive-v1/data/normalized_source_tables/food_system/food_seasonality.csv:SEA002337""]",A,candidate
ds_clean_wheat_grain,10,available,logical_necessity,required_ingredient_profiles,"[""sources/master-archive-v1/data/normalized_source_tables/food_system/food_seasonality.csv:SEA002338""]",A,candidate
ds_clean_wheat_grain,11,available,logical_necessity,required_ingredient_profiles,"[""sources/master-archive-v1/data/normalized_source_tables/food_system/food_seasonality.csv:SEA002339""]",A,candidate
ds_clean_wheat_grain,12,available,logical_necessity,required_ingredient_profiles,"[""sources/master-archive-v1/data/normalized_source_tables/food_system/food_seasonality.csv:SEA002340""]",A,candidate
ds_crush_wheat_grain_to_groats,1,available,logical_necessity,required_ingredient_profiles,"[""sources/master-archive-v1/data/normalized_source_tables/food_system/food_seasonality.csv:SEA002341""]",B,candidate
ds_crush_wheat_grain_to_groats,2,available,logical_necessity,required_ingredient_profiles,"[""sources/master-archive-v1/data/normalized_source_tables/food_system/food_seasonality.csv:SEA002342""]",B,candidate
ds_crush_wheat_grain_to_groats,3,available,logical_necessity,required_ingredient_profiles,"[""sources/master-archive-v1/data/normalized_source_tables/food_system/food_seasonality.csv:SEA002343""]",B,candidate
ds_crush_wheat_grain_to_groats,4,available,logical_necessity,required_ingredient_profiles,"[""sources/master-archive-v1/data/normalized_source_tables/food_system/food_seasonality.csv:SEA002344""]",B,candidate
ds_crush_wheat_grain_to_groats,5,available,logical_necessity,required_ingredient_profiles,"[""sources/master-archive-v1/data/normalized_source_tables/food_system/food_seasonality.csv:SEA002345""]",B,candidate
ds_crush_wheat_grain_to_groats,6,available,logical_necessity,required_ingredient_profiles,"[""sources/master-archive-v1/data/normalized_source_tables/food_system/food_seasonality.csv:SEA002346""]",B,candidate
ds_crush_wheat_grain_to_groats,7,available,logical_necessity,required_ingredient_profiles,"[""sources/master-archive-v1/data/normalized_source_tables/food_system/food_seasonality.csv:SEA002347""]",B,candidate
ds_crush_wheat_grain_to_groats,8,available,logical_necessity,required_ingredient_profiles,"[""sources/master-archive-v1/data/normalized_source_tables/food_system/food_seasonality.csv:SEA002348""]",B,candidate
ds_crush_wheat_grain_to_groats,9,available,logical_necessity,required_ingredient_profiles,"[""sources/master-archive-v1/data/normalized_source_tables/food_system/food_seasonality.csv:SEA002349""]",B,candidate
ds_crush_wheat_grain_to_groats,10,available,logical_necessity,required_ingredient_profiles,"[""sources/master-archive-v1/data/normalized_source_tables/food_system/food_seasonality.csv:SEA002350""]",B,candidate
ds_crush_wheat_grain_to_groats,11,available,logical_necessity,required_ingredient_profiles,"[""sources/master-archive-v1/data/normalized_source_tables/food_system/food_seasonality.csv:SEA002351""]",B,candidate
ds_crush_wheat_grain_to_groats,12,available,logical_necessity,required_ingredient_profiles,"[""sources/master-archive-v1/data/normalized_source_tables/food_system/food_seasonality.csv:SEA002352""]",B,candidate
ds_grind_wheat_grain_to_flour,1,available,logical_necessity,required_ingredient_profiles,"[""sources/master-archive-v1/data/normalized_source_tables/food_system/food_seasonality.csv:SEA002353""]",A,candidate
ds_grind_wheat_grain_to_flour,2,available,logical_necessity,required_ingredient_profiles,"[""sources/master-archive-v1/data/normalized_source_tables/food_system/food_seasonality.csv:SEA002354""]",A,candidate
ds_grind_wheat_grain_to_flour,3,available,logical_necessity,required_ingredient_profiles,"[""sources/master-archive-v1/data/normalized_source_tables/food_system/food_seasonality.csv:SEA002355""]",A,candidate
ds_grind_wheat_grain_to_flour,4,available,logical_necessity,required_ingredient_profiles,"[""sources/master-archive-v1/data/normalized_source_tables/food_system/food_seasonality.csv:SEA002356""]",A,candidate
ds_grind_wheat_grain_to_flour,5,available,logical_necessity,required_ingredient_profiles,"[""sources/master-archive-v1/data/normalized_source_tables/food_system/food_seasonality.csv:SEA002357""]",A,candidate
ds_grind_wheat_grain_to_flour,6,available,logical_necessity,required_ingredient_profiles,"[""sources/master-archive-v1/data/normalized_source_tables/food_system/food_seasonality.csv:SEA002358""]",A,candidate
ds_grind_wheat_grain_to_flour,7,available,logical_necessity,required_ingredient_profiles,"[""sources/master-archive-v1/data/normalized_source_tables/food_system/food_seasonality.csv:SEA002359""]",A,candidate
ds_grind_wheat_grain_to_flour,8,available,logical_necessity,required_ingredient_profiles,"[""sources/master-archive-v1/data/normalized_source_tables/food_system/food_seasonality.csv:SEA002360""]",A,candidate
ds_grind_wheat_grain_to_flour,9,available,logical_necessity,required_ingredient_profiles,"[""sources/master-archive-v1/data/normalized_source_tables/food_system/food_seasonality.csv:SEA002361""]",A,candidate
ds_grind_wheat_grain_to_flour,10,available,logical_necessity,required_ingredient_profiles,"[""sources/master-archive-v1/data/normalized_source_tables/food_system/food_seasonality.csv:SEA002362""]",A,candidate
ds_grind_wheat_grain_to_flour,11,available,logical_necessity,required_ingredient_profiles,"[""sources/master-archive-v1/data/normalized_source_tables/food_system/food_seasonality.csv:SEA002363""]",A,candidate
ds_grind_wheat_grain_to_flour,12,available,logical_necessity,required_ingredient_profiles,"[""sources/master-archive-v1/data/normalized_source_tables/food_system/food_seasonality.csv:SEA002364""]",A,candidate
ds_clean_barley_grain,1,available,logical_necessity,required_ingredient_profiles,"[""sources/master-archive-v1/data/normalized_source_tables/food_system/food_seasonality.csv:SEA002365""]",A,candidate
ds_clean_barley_grain,2,available,logical_necessity,required_ingredient_profiles,"[""sources/master-archive-v1/data/normalized_source_tables/food_system/food_seasonality.csv:SEA002366""]",A,candidate
ds_clean_barley_grain,3,available,logical_necessity,required_ingredient_profiles,"[""sources/master-archive-v1/data/normalized_source_tables/food_system/food_seasonality.csv:SEA002367""]",A,candidate
ds_clean_barley_grain,4,available,logical_necessity,required_ingredient_profiles,"[""sources/master-archive-v1/data/normalized_source_tables/food_system/food_seasonality.csv:SEA002368""]",A,candidate
ds_clean_barley_grain,5,available,logical_necessity,required_ingredient_profiles,"[""sources/master-archive-v1/data/normalized_source_tables/food_system/food_seasonality.csv:SEA002369""]",A,candidate
ds_clean_barley_grain,6,available,logical_necessity,required_ingredient_profiles,"[""sources/master-archive-v1/data/normalized_source_tables/food_system/food_seasonality.csv:SEA002370""]",A,candidate
ds_clean_barley_grain,7,available,logical_necessity,required_ingredient_profiles,"[""sources/master-archive-v1/data/normalized_source_tables/food_system/food_seasonality.csv:SEA002371""]",A,candidate
ds_clean_barley_grain,8,available,logical_necessity,required_ingredient_profiles,"[""sources/master-archive-v1/data/normalized_source_tables/food_system/food_seasonality.csv:SEA002372""]",A,candidate
ds_clean_barley_grain,9,available,logical_necessity,required_ingredient_profiles,"[""sources/master-archive-v1/data/normalized_source_tables/food_system/food_seasonality.csv:SEA002373""]",A,candidate
ds_clean_barley_grain,10,available,logical_necessity,required_ingredient_profiles,"[""sources/master-archive-v1/data/normalized_source_tables/food_system/food_seasonality.csv:SEA002374""]",A,candidate
ds_clean_barley_grain,11,available,logical_necessity,required_ingredient_profiles,"[""sources/master-archive-v1/data/normalized_source_tables/food_system/food_seasonality.csv:SEA002375""]",A,candidate
ds_clean_barley_grain,12,available,logical_necessity,required_ingredient_profiles,"[""sources/master-archive-v1/data/normalized_source_tables/food_system/food_seasonality.csv:SEA002376""]",A,candidate
ds_crush_barley_grain_to_groats,1,available,logical_necessity,required_ingredient_profiles,"[""sources/master-archive-v1/data/normalized_source_tables/food_system/food_seasonality.csv:SEA002377""]",A,candidate
ds_crush_barley_grain_to_groats,2,available,logical_necessity,required_ingredient_profiles,"[""sources/master-archive-v1/data/normalized_source_tables/food_system/food_seasonality.csv:SEA002378""]",A,candidate
ds_crush_barley_grain_to_groats,3,available,logical_necessity,required_ingredient_profiles,"[""sources/master-archive-v1/data/normalized_source_tables/food_system/food_seasonality.csv:SEA002379""]",A,candidate
ds_crush_barley_grain_to_groats,4,available,logical_necessity,required_ingredient_profiles,"[""sources/master-archive-v1/data/normalized_source_tables/food_system/food_seasonality.csv:SEA002380""]",A,candidate
ds_crush_barley_grain_to_groats,5,available,logical_necessity,required_ingredient_profiles,"[""sources/master-archive-v1/data/normalized_source_tables/food_system/food_seasonality.csv:SEA002381""]",A,candidate
ds_crush_barley_grain_to_groats,6,available,logical_necessity,required_ingredient_profiles,"[""sources/master-archive-v1/data/normalized_source_tables/food_system/food_seasonality.csv:SEA002382""]",A,candidate
ds_crush_barley_grain_to_groats,7,available,logical_necessity,required_ingredient_profiles,"[""sources/master-archive-v1/data/normalized_source_tables/food_system/food_seasonality.csv:SEA002383""]",A,candidate
ds_crush_barley_grain_to_groats,8,available,logical_necessity,required_ingredient_profiles,"[""sources/master-archive-v1/data/normalized_source_tables/food_system/food_seasonality.csv:SEA002384""]",A,candidate
ds_crush_barley_grain_to_groats,9,available,logical_necessity,required_ingredient_profiles,"[""sources/master-archive-v1/data/normalized_source_tables/food_system/food_seasonality.csv:SEA002385""]",A,candidate
ds_crush_barley_grain_to_groats,10,available,logical_necessity,required_ingredient_profiles,"[""sources/master-archive-v1/data/normalized_source_tables/food_system/food_seasonality.csv:SEA002386""]",A,candidate
ds_crush_barley_grain_to_groats,11,available,logical_necessity,required_ingredient_profiles,"[""sources/master-archive-v1/data/normalized_source_tables/food_system/food_seasonality.csv:SEA002387""]",A,candidate
ds_crush_barley_grain_to_groats,12,available,logical_necessity,required_ingredient_profiles,"[""sources/master-archive-v1/data/normalized_source_tables/food_system/food_seasonality.csv:SEA002388""]",A,candidate
ds_grind_barley_grain_to_flour,1,available,logical_necessity,required_ingredient_profiles,"[""sources/master-archive-v1/data/normalized_source_tables/food_system/food_seasonality.csv:SEA002389""]",A,candidate
ds_grind_barley_grain_to_flour,2,available,logical_necessity,required_ingredient_profiles,"[""sources/master-archive-v1/data/normalized_source_tables/food_system/food_seasonality.csv:SEA002390""]",A,candidate
ds_grind_barley_grain_to_flour,3,available,logical_necessity,required_ingredient_profiles,"[""sources/master-archive-v1/data/normalized_source_tables/food_system/food_seasonality.csv:SEA002391""]",A,candidate
ds_grind_barley_grain_to_flour,4,available,logical_necessity,required_ingredient_profiles,"[""sources/master-archive-v1/data/normalized_source_tables/food_system/food_seasonality.csv:SEA002392""]",A,candidate
ds_grind_barley_grain_to_flour,5,available,logical_necessity,required_ingredient_profiles,"[""sources/master-archive-v1/data/normalized_source_tables/food_system/food_seasonality.csv:SEA002393""]",A,candidate
ds_grind_barley_grain_to_flour,6,available,logical_necessity,required_ingredient_profiles,"[""sources/master-archive-v1/data/normalized_source_tables/food_system/food_seasonality.csv:SEA002394""]",A,candidate
ds_grind_barley_grain_to_flour,7,available,logical_necessity,required_ingredient_profiles,"[""sources/master-archive-v1/data/normalized_source_tables/food_system/food_seasonality.csv:SEA002395""]",A,candidate
ds_grind_barley_grain_to_flour,8,available,logical_necessity,required_ingredient_profiles,"[""sources/master-archive-v1/data/normalized_source_tables/food_system/food_seasonality.csv:SEA002396""]",A,candidate
ds_grind_barley_grain_to_flour,9,available,logical_necessity,required_ingredient_profiles,"[""sources/master-archive-v1/data/normalized_source_tables/food_system/food_seasonality.csv:SEA002397""]",A,candidate
ds_grind_barley_grain_to_flour,10,available,logical_necessity,required_ingredient_profiles,"[""sources/master-archive-v1/data/normalized_source_tables/food_system/food_seasonality.csv:SEA002398""]",A,candidate
ds_grind_barley_grain_to_flour,11,available,logical_necessity,required_ingredient_profiles,"[""sources/master-archive-v1/data/normalized_source_tables/food_system/food_seasonality.csv:SEA002399""]",A,candidate
ds_grind_barley_grain_to_flour,12,available,logical_necessity,required_ingredient_profiles,"[""sources/master-archive-v1/data/normalized_source_tables/food_system/food_seasonality.csv:SEA002400""]",A,candidate
ds_clean_oat_grain,1,available,logical_necessity,required_ingredient_profiles,"[""sources/master-archive-v1/data/normalized_source_tables/food_system/food_seasonality.csv:SEA002401""]",A,candidate
ds_clean_oat_grain,2,available,logical_necessity,required_ingredient_profiles,"[""sources/master-archive-v1/data/normalized_source_tables/food_system/food_seasonality.csv:SEA002402""]",A,candidate
ds_clean_oat_grain,3,available,logical_necessity,required_ingredient_profiles,"[""sources/master-archive-v1/data/normalized_source_tables/food_system/food_seasonality.csv:SEA002403""]",A,candidate
ds_clean_oat_grain,4,available,logical_necessity,required_ingredient_profiles,"[""sources/master-archive-v1/data/normalized_source_tables/food_system/food_seasonality.csv:SEA002404""]",A,candidate
ds_clean_oat_grain,5,available,logical_necessity,required_ingredient_profiles,"[""sources/master-archive-v1/data/normalized_source_tables/food_system/food_seasonality.csv:SEA002405""]",A,candidate
ds_clean_oat_grain,6,available,logical_necessity,required_ingredient_profiles,"[""sources/master-archive-v1/data/normalized_source_tables/food_system/food_seasonality.csv:SEA002406""]",A,candidate
ds_clean_oat_grain,7,available,logical_necessity,required_ingredient_profiles,"[""sources/master-archive-v1/data/normalized_source_tables/food_system/food_seasonality.csv:SEA002407""]",A,candidate
ds_clean_oat_grain,8,available,logical_necessity,required_ingredient_profiles,"[""sources/master-archive-v1/data/normalized_source_tables/food_system/food_seasonality.csv:SEA002408""]",A,candidate
ds_clean_oat_grain,9,available,logical_necessity,required_ingredient_profiles,"[""sources/master-archive-v1/data/normalized_source_tables/food_system/food_seasonality.csv:SEA002409""]",A,candidate
ds_clean_oat_grain,10,available,logical_necessity,required_ingredient_profiles,"[""sources/master-archive-v1/data/normalized_source_tables/food_system/food_seasonality.csv:SEA002410""]",A,candidate
ds_clean_oat_grain,11,available,logical_necessity,required_ingredient_profiles,"[""sources/master-archive-v1/data/normalized_source_tables/food_system/food_seasonality.csv:SEA002411""]",A,candidate
ds_clean_oat_grain,12,available,logical_necessity,required_ingredient_profiles,"[""sources/master-archive-v1/data/normalized_source_tables/food_system/food_seasonality.csv:SEA002412""]",A,candidate
ds_crush_oat_grain_to_groats,1,available,logical_necessity,required_ingredient_profiles,"[""sources/master-archive-v1/data/normalized_source_tables/food_system/food_seasonality.csv:SEA002413""]",A,candidate
ds_crush_oat_grain_to_groats,2,available,logical_necessity,required_ingredient_profiles,"[""sources/master-archive-v1/data/normalized_source_tables/food_system/food_seasonality.csv:SEA002414""]",A,candidate
ds_crush_oat_grain_to_groats,3,available,logical_necessity,required_ingredient_profiles,"[""sources/master-archive-v1/data/normalized_source_tables/food_system/food_seasonality.csv:SEA002415""]",A,candidate
ds_crush_oat_grain_to_groats,4,available,logical_necessity,required_ingredient_profiles,"[""sources/master-archive-v1/data/normalized_source_tables/food_system/food_seasonality.csv:SEA002416""]",A,candidate
ds_crush_oat_grain_to_groats,5,available,logical_necessity,required_ingredient_profiles,"[""sources/master-archive-v1/data/normalized_source_tables/food_system/food_seasonality.csv:SEA002417""]",A,candidate
ds_crush_oat_grain_to_groats,6,available,logical_necessity,required_ingredient_profiles,"[""sources/master-archive-v1/data/normalized_source_tables/food_system/food_seasonality.csv:SEA002418""]",A,candidate
ds_crush_oat_grain_to_groats,7,available,logical_necessity,required_ingredient_profiles,"[""sources/master-archive-v1/data/normalized_source_tables/food_system/food_seasonality.csv:SEA002419""]",A,candidate
ds_crush_oat_grain_to_groats,8,available,logical_necessity,required_ingredient_profiles,"[""sources/master-archive-v1/data/normalized_source_tables/food_system/food_seasonality.csv:SEA002420""]",A,candidate
ds_crush_oat_grain_to_groats,9,available,logical_necessity,required_ingredient_profiles,"[""sources/master-archive-v1/data/normalized_source_tables/food_system/food_seasonality.csv:SEA002421""]",A,candidate
ds_crush_oat_grain_to_groats,10,available,logical_necessity,required_ingredient_profiles,"[""sources/master-archive-v1/data/normalized_source_tables/food_system/food_seasonality.csv:SEA002422""]",A,candidate
ds_crush_oat_grain_to_groats,11,available,logical_necessity,required_ingredient_profiles,"[""sources/master-archive-v1/data/normalized_source_tables/food_system/food_seasonality.csv:SEA002423""]",A,candidate
ds_crush_oat_grain_to_groats,12,available,logical_necessity,required_ingredient_profiles,"[""sources/master-archive-v1/data/normalized_source_tables/food_system/food_seasonality.csv:SEA002424""]",A,candidate
ds_grind_oat_grain_to_flour,1,available,logical_necessity,required_ingredient_profiles,"[""sources/master-archive-v1/data/normalized_source_tables/food_system/food_seasonality.csv:SEA002425""]",A,candidate
ds_grind_oat_grain_to_flour,2,available,logical_necessity,required_ingredient_profiles,"[""sources/master-archive-v1/data/normalized_source_tables/food_system/food_seasonality.csv:SEA002426""]",A,candidate
ds_grind_oat_grain_to_flour,3,available,logical_necessity,required_ingredient_profiles,"[""sources/master-archive-v1/data/normalized_source_tables/food_system/food_seasonality.csv:SEA002427""]",A,candidate
ds_grind_oat_grain_to_flour,4,available,logical_necessity,required_ingredient_profiles,"[""sources/master-archive-v1/data/normalized_source_tables/food_system/food_seasonality.csv:SEA002428""]",A,candidate
ds_grind_oat_grain_to_flour,5,available,logical_necessity,required_ingredient_profiles,"[""sources/master-archive-v1/data/normalized_source_tables/food_system/food_seasonality.csv:SEA002429""]",A,candidate
ds_grind_oat_grain_to_flour,6,available,logical_necessity,required_ingredient_profiles,"[""sources/master-archive-v1/data/normalized_source_tables/food_system/food_seasonality.csv:SEA002430""]",A,candidate
ds_grind_oat_grain_to_flour,7,available,logical_necessity,required_ingredient_profiles,"[""sources/master-archive-v1/data/normalized_source_tables/food_system/food_seasonality.csv:SEA002431""]",A,candidate
ds_grind_oat_grain_to_flour,8,available,logical_necessity,required_ingredient_profiles,"[""sources/master-archive-v1/data/normalized_source_tables/food_system/food_seasonality.csv:SEA002432""]",A,candidate
ds_grind_oat_grain_to_flour,9,available,logical_necessity,required_ingredient_profiles,"[""sources/master-archive-v1/data/normalized_source_tables/food_system/food_seasonality.csv:SEA002433""]",A,candidate
ds_grind_oat_grain_to_flour,10,available,logical_necessity,required_ingredient_profiles,"[""sources/master-archive-v1/data/normalized_source_tables/food_system/food_seasonality.csv:SEA002434""]",A,candidate
ds_grind_oat_grain_to_flour,11,available,logical_necessity,required_ingredient_profiles,"[""sources/master-archive-v1/data/normalized_source_tables/food_system/food_seasonality.csv:SEA002435""]",A,candidate
ds_grind_oat_grain_to_flour,12,available,logical_necessity,required_ingredient_profiles,"[""sources/master-archive-v1/data/normalized_source_tables/food_system/food_seasonality.csv:SEA002436""]",A,candidate
ds_clean_millet_grain,1,available,logical_necessity,required_ingredient_profiles,"[""sources/master-archive-v1/data/normalized_source_tables/food_system/food_seasonality.csv:SEA002437""]",A,candidate
ds_clean_millet_grain,2,available,logical_necessity,required_ingredient_profiles,"[""sources/master-archive-v1/data/normalized_source_tables/food_system/food_seasonality.csv:SEA002438""]",A,candidate
ds_clean_millet_grain,3,available,logical_necessity,required_ingredient_profiles,"[""sources/master-archive-v1/data/normalized_source_tables/food_system/food_seasonality.csv:SEA002439""]",A,candidate
ds_clean_millet_grain,4,available,logical_necessity,required_ingredient_profiles,"[""sources/master-archive-v1/data/normalized_source_tables/food_system/food_seasonality.csv:SEA002440""]",A,candidate
ds_clean_millet_grain,5,available,logical_necessity,required_ingredient_profiles,"[""sources/master-archive-v1/data/normalized_source_tables/food_system/food_seasonality.csv:SEA002441""]",A,candidate
ds_clean_millet_grain,6,available,logical_necessity,required_ingredient_profiles,"[""sources/master-archive-v1/data/normalized_source_tables/food_system/food_seasonality.csv:SEA002442""]",A,candidate
ds_clean_millet_grain,7,available,logical_necessity,required_ingredient_profiles,"[""sources/master-archive-v1/data/normalized_source_tables/food_system/food_seasonality.csv:SEA002443""]",A,candidate
ds_clean_millet_grain,8,available,logical_necessity,required_ingredient_profiles,"[""sources/master-archive-v1/data/normalized_source_tables/food_system/food_seasonality.csv:SEA002444""]",A,candidate
ds_clean_millet_grain,9,available,logical_necessity,required_ingredient_profiles,"[""sources/master-archive-v1/data/normalized_source_tables/food_system/food_seasonality.csv:SEA002445""]",A,candidate
ds_clean_millet_grain,10,available,logical_necessity,required_ingredient_profiles,"[""sources/master-archive-v1/data/normalized_source_tables/food_system/food_seasonality.csv:SEA002446""]",A,candidate
ds_clean_millet_grain,11,available,logical_necessity,required_ingredient_profiles,"[""sources/master-archive-v1/data/normalized_source_tables/food_system/food_seasonality.csv:SEA002447""]",A,candidate
ds_clean_millet_grain,12,available,logical_necessity,required_ingredient_profiles,"[""sources/master-archive-v1/data/normalized_source_tables/food_system/food_seasonality.csv:SEA002448""]",A,candidate
ds_crush_millet_grain_to_groats,1,available,logical_necessity,required_ingredient_profiles,"[""sources/master-archive-v1/data/normalized_source_tables/food_system/food_seasonality.csv:SEA002449""]",A,candidate
ds_crush_millet_grain_to_groats,2,available,logical_necessity,required_ingredient_profiles,"[""sources/master-archive-v1/data/normalized_source_tables/food_system/food_seasonality.csv:SEA002450""]",A,candidate
ds_crush_millet_grain_to_groats,3,available,logical_necessity,required_ingredient_profiles,"[""sources/master-archive-v1/data/normalized_source_tables/food_system/food_seasonality.csv:SEA002451""]",A,candidate
ds_crush_millet_grain_to_groats,4,available,logical_necessity,required_ingredient_profiles,"[""sources/master-archive-v1/data/normalized_source_tables/food_system/food_seasonality.csv:SEA002452""]",A,candidate
ds_crush_millet_grain_to_groats,5,available,logical_necessity,required_ingredient_profiles,"[""sources/master-archive-v1/data/normalized_source_tables/food_system/food_seasonality.csv:SEA002453""]",A,candidate
ds_crush_millet_grain_to_groats,6,available,logical_necessity,required_ingredient_profiles,"[""sources/master-archive-v1/data/normalized_source_tables/food_system/food_seasonality.csv:SEA002454""]",A,candidate
ds_crush_millet_grain_to_groats,7,available,logical_necessity,required_ingredient_profiles,"[""sources/master-archive-v1/data/normalized_source_tables/food_system/food_seasonality.csv:SEA002455""]",A,candidate
ds_crush_millet_grain_to_groats,8,available,logical_necessity,required_ingredient_profiles,"[""sources/master-archive-v1/data/normalized_source_tables/food_system/food_seasonality.csv:SEA002456""]",A,candidate
ds_crush_millet_grain_to_groats,9,available,logical_necessity,required_ingredient_profiles,"[""sources/master-archive-v1/data/normalized_source_tables/food_system/food_seasonality.csv:SEA002457""]",A,candidate
ds_crush_millet_grain_to_groats,10,available,logical_necessity,required_ingredient_profiles,"[""sources/master-archive-v1/data/normalized_source_tables/food_system/food_seasonality.csv:SEA002458""]",A,candidate
ds_crush_millet_grain_to_groats,11,available,logical_necessity,required_ingredient_profiles,"[""sources/master-archive-v1/data/normalized_source_tables/food_system/food_seasonality.csv:SEA002459""]",A,candidate
ds_crush_millet_grain_to_groats,12,available,logical_necessity,required_ingredient_profiles,"[""sources/master-archive-v1/data/normalized_source_tables/food_system/food_seasonality.csv:SEA002460""]",A,candidate
ds_maintain_rye_starter,1,conditional,logical_necessity,required_ingredient_profiles,"[""sources/master-archive-v1/data/normalized_source_tables/food_system/food_seasonality.csv:SEA002461""]",B,candidate
ds_maintain_rye_starter,2,conditional,logical_necessity,required_ingredient_profiles,"[""sources/master-archive-v1/data/normalized_source_tables/food_system/food_seasonality.csv:SEA002462""]",B,candidate
ds_maintain_rye_starter,3,conditional,logical_necessity,required_ingredient_profiles,"[""sources/master-archive-v1/data/normalized_source_tables/food_system/food_seasonality.csv:SEA002463""]",B,candidate
ds_maintain_rye_starter,4,conditional,logical_necessity,required_ingredient_profiles,"[""sources/master-archive-v1/data/normalized_source_tables/food_system/food_seasonality.csv:SEA002464""]",B,candidate
ds_maintain_rye_starter,5,conditional,logical_necessity,required_ingredient_profiles,"[""sources/master-archive-v1/data/normalized_source_tables/food_system/food_seasonality.csv:SEA002465""]",B,candidate
ds_maintain_rye_starter,6,conditional,logical_necessity,required_ingredient_profiles,"[""sources/master-archive-v1/data/normalized_source_tables/food_system/food_seasonality.csv:SEA002466""]",B,candidate
ds_maintain_rye_starter,7,conditional,logical_necessity,required_ingredient_profiles,"[""sources/master-archive-v1/data/normalized_source_tables/food_system/food_seasonality.csv:SEA002467""]",B,candidate
ds_maintain_rye_starter,8,conditional,logical_necessity,required_ingredient_profiles,"[""sources/master-archive-v1/data/normalized_source_tables/food_system/food_seasonality.csv:SEA002468""]",B,candidate
ds_maintain_rye_starter,9,conditional,logical_necessity,required_ingredient_profiles,"[""sources/master-archive-v1/data/normalized_source_tables/food_system/food_seasonality.csv:SEA002469""]",B,candidate
ds_maintain_rye_starter,10,conditional,logical_necessity,required_ingredient_profiles,"[""sources/master-archive-v1/data/normalized_source_tables/food_system/food_seasonality.csv:SEA002470""]",B,candidate
ds_maintain_rye_starter,11,conditional,logical_necessity,required_ingredient_profiles,"[""sources/master-archive-v1/data/normalized_source_tables/food_system/food_seasonality.csv:SEA002471""]",B,candidate
ds_maintain_rye_starter,12,conditional,logical_necessity,required_ingredient_profiles,"[""sources/master-archive-v1/data/normalized_source_tables/food_system/food_seasonality.csv:SEA002472""]",B,candidate
ds_old_dough_starter,1,conditional,logical_necessity,required_ingredient_profiles,"[""sources/master-archive-v1/data/normalized_source_tables/food_system/food_seasonality.csv:SEA002473""]",B,candidate
ds_old_dough_starter,2,conditional,logical_necessity,required_ingredient_profiles,"[""sources/master-archive-v1/data/normalized_source_tables/food_system/food_seasonality.csv:SEA002474""]",B,candidate
ds_old_dough_starter,3,conditional,logical_necessity,required_ingredient_profiles,"[""sources/master-archive-v1/data/normalized_source_tables/food_system/food_seasonality.csv:SEA002475""]",B,candidate
ds_old_dough_starter,4,conditional,logical_necessity,required_ingredient_profiles,"[""sources/master-archive-v1/data/normalized_source_tables/food_system/food_seasonality.csv:SEA002476""]",B,candidate
ds_old_dough_starter,5,conditional,logical_necessity,required_ingredient_profiles,"[""sources/master-archive-v1/data/normalized_source_tables/food_system/food_seasonality.csv:SEA002477""]",B,candidate
ds_old_dough_starter,6,conditional,logical_necessity,required_ingredient_profiles,"[""sources/master-archive-v1/data/normalized_source_tables/food_system/food_seasonality.csv:SEA002478""]",B,candidate
ds_old_dough_starter,7,conditional,logical_necessity,required_ingredient_profiles,"[""sources/master-archive-v1/data/normalized_source_tables/food_system/food_seasonality.csv:SEA002479""]",B,candidate
ds_old_dough_starter,8,conditional,logical_necessity,required_ingredient_profiles,"[""sources/master-archive-v1/data/normalized_source_tables/food_system/food_seasonality.csv:SEA002480""]",B,candidate
ds_old_dough_starter,9,conditional,logical_necessity,required_ingredient_profiles,"[""sources/master-archive-v1/data/normalized_source_tables/food_system/food_seasonality.csv:SEA002481""]",B,candidate
ds_old_dough_starter,10,conditional,logical_necessity,required_ingredient_profiles,"[""sources/master-archive-v1/data/normalized_source_tables/food_system/food_seasonality.csv:SEA002482""]",B,candidate
ds_old_dough_starter,11,conditional,logical_necessity,required_ingredient_profiles,"[""sources/master-archive-v1/data/normalized_source_tables/food_system/food_seasonality.csv:SEA002483""]",B,candidate
ds_old_dough_starter,12,conditional,logical_necessity,required_ingredient_profiles,"[""sources/master-archive-v1/data/normalized_source_tables/food_system/food_seasonality.csv:SEA002484""]",B,candidate
ds_mix_rye_dough,1,conditional,logical_necessity,required_ingredient_profiles,"[""sources/master-archive-v1/data/normalized_source_tables/food_system/food_seasonality.csv:SEA002485""]",B,candidate
ds_mix_rye_dough,2,conditional,logical_necessity,required_ingredient_profiles,"[""sources/master-archive-v1/data/normalized_source_tables/food_system/food_seasonality.csv:SEA002486""]",B,candidate
ds_mix_rye_dough,3,conditional,logical_necessity,required_ingredient_profiles,"[""sources/master-archive-v1/data/normalized_source_tables/food_system/food_seasonality.csv:SEA002487""]",B,candidate
ds_mix_rye_dough,4,conditional,logical_necessity,required_ingredient_profiles,"[""sources/master-archive-v1/data/normalized_source_tables/food_system/food_seasonality.csv:SEA002488""]",B,candidate
ds_mix_rye_dough,5,conditional,logical_necessity,required_ingredient_profiles,"[""sources/master-archive-v1/data/normalized_source_tables/food_system/food_seasonality.csv:SEA002489""]",B,candidate
ds_mix_rye_dough,6,conditional,logical_necessity,required_ingredient_profiles,"[""sources/master-archive-v1/data/normalized_source_tables/food_system/food_seasonality.csv:SEA002490""]",B,candidate
ds_mix_rye_dough,7,conditional,logical_necessity,required_ingredient_profiles,"[""sources/master-archive-v1/data/normalized_source_tables/food_system/food_seasonality.csv:SEA002491""]",B,candidate
ds_mix_rye_dough,8,conditional,logical_necessity,required_ingredient_profiles,"[""sources/master-archive-v1/data/normalized_source_tables/food_system/food_seasonality.csv:SEA002492""]",B,candidate
ds_mix_rye_dough,9,conditional,logical_necessity,required_ingredient_profiles,"[""sources/master-archive-v1/data/normalized_source_tables/food_system/food_seasonality.csv:SEA002493""]",B,candidate
ds_mix_rye_dough,10,conditional,logical_necessity,required_ingredient_profiles,"[""sources/master-archive-v1/data/normalized_source_tables/food_system/food_seasonality.csv:SEA002494""]",B,candidate
ds_mix_rye_dough,11,conditional,logical_necessity,required_ingredient_profiles,"[""sources/master-archive-v1/data/normalized_source_tables/food_system/food_seasonality.csv:SEA002495""]",B,candidate
ds_mix_rye_dough,12,conditional,logical_necessity,required_ingredient_profiles,"[""sources/master-archive-v1/data/normalized_source_tables/food_system/food_seasonality.csv:SEA002496""]",B,candidate
ds_mix_mixed_dough,1,conditional,logical_necessity,required_ingredient_profiles,"[""sources/master-archive-v1/data/normalized_source_tables/food_system/food_seasonality.csv:SEA002497""]",B,candidate
ds_mix_mixed_dough,2,conditional,logical_necessity,required_ingredient_profiles,"[""sources/master-archive-v1/data/normalized_source_tables/food_system/food_seasonality.csv:SEA002498""]",B,candidate
ds_mix_mixed_dough,3,conditional,logical_necessity,required_ingredient_profiles,"[""sources/master-archive-v1/data/normalized_source_tables/food_system/food_seasonality.csv:SEA002499""]",B,candidate
ds_mix_mixed_dough,4,conditional,logical_necessity,required_ingredient_profiles,"[""sources/master-archive-v1/data/normalized_source_tables/food_system/food_seasonality.csv:SEA002500""]",B,candidate
ds_mix_mixed_dough,5,conditional,logical_necessity,required_ingredient_profiles,"[""sources/master-archive-v1/data/normalized_source_tables/food_system/food_seasonality.csv:SEA002501""]",B,candidate
ds_mix_mixed_dough,6,conditional,logical_necessity,required_ingredient_profiles,"[""sources/master-archive-v1/data/normalized_source_tables/food_system/food_seasonality.csv:SEA002502""]",B,candidate
ds_mix_mixed_dough,7,conditional,logical_necessity,required_ingredient_profiles,"[""sources/master-archive-v1/data/normalized_source_tables/food_system/food_seasonality.csv:SEA002503""]",B,candidate
ds_mix_mixed_dough,8,conditional,logical_necessity,required_ingredient_profiles,"[""sources/master-archive-v1/data/normalized_source_tables/food_system/food_seasonality.csv:SEA002504""]",B,candidate
ds_mix_mixed_dough,9,conditional,logical_necessity,required_ingredient_profiles,"[""sources/master-archive-v1/data/normalized_source_tables/food_system/food_seasonality.csv:SEA002505""]",B,candidate
ds_mix_mixed_dough,10,conditional,logical_necessity,required_ingredient_profiles,"[""sources/master-archive-v1/data/normalized_source_tables/food_system/food_seasonality.csv:SEA002506""]",B,candidate
ds_mix_mixed_dough,11,conditional,logical_necessity,required_ingredient_profiles,"[""sources/master-archive-v1/data/normalized_source_tables/food_system/food_seasonality.csv:SEA002507""]",B,candidate
ds_mix_mixed_dough,12,conditional,logical_necessity,required_ingredient_profiles,"[""sources/master-archive-v1/data/normalized_source_tables/food_system/food_seasonality.csv:SEA002508""]",B,candidate
ds_mix_wheat_dough,1,conditional,logical_necessity,required_ingredient_profiles,"[""sources/master-archive-v1/data/normalized_source_tables/food_system/food_seasonality.csv:SEA002509""]",B,candidate
ds_mix_wheat_dough,2,conditional,logical_necessity,required_ingredient_profiles,"[""sources/master-archive-v1/data/normalized_source_tables/food_system/food_seasonality.csv:SEA002510""]",B,candidate
ds_mix_wheat_dough,3,conditional,logical_necessity,required_ingredient_profiles,"[""sources/master-archive-v1/data/normalized_source_tables/food_system/food_seasonality.csv:SEA002511""]",B,candidate
ds_mix_wheat_dough,4,conditional,logical_necessity,required_ingredient_profiles,"[""sources/master-archive-v1/data/normalized_source_tables/food_system/food_seasonality.csv:SEA002512""]",B,candidate
ds_mix_wheat_dough,5,conditional,logical_necessity,required_ingredient_profiles,"[""sources/master-archive-v1/data/normalized_source_tables/food_system/food_seasonality.csv:SEA002513""]",B,candidate
ds_mix_wheat_dough,6,conditional,logical_necessity,required_ingredient_profiles,"[""sources/master-archive-v1/data/normalized_source_tables/food_system/food_seasonality.csv:SEA002514""]",B,candidate
ds_mix_wheat_dough,7,conditional,logical_necessity,required_ingredient_profiles,"[""sources/master-archive-v1/data/normalized_source_tables/food_system/food_seasonality.csv:SEA002515""]",B,candidate
ds_mix_wheat_dough,8,conditional,logical_necessity,required_ingredient_profiles,"[""sources/master-archive-v1/data/normalized_source_tables/food_system/food_seasonality.csv:SEA002516""]",B,candidate
ds_mix_wheat_dough,9,conditional,logical_necessity,required_ingredient_profiles,"[""sources/master-archive-v1/data/normalized_source_tables/food_system/food_seasonality.csv:SEA002517""]",B,candidate
ds_mix_wheat_dough,10,conditional,logical_necessity,required_ingredient_profiles,"[""sources/master-archive-v1/data/normalized_source_tables/food_system/food_seasonality.csv:SEA002518""]",B,candidate
ds_mix_wheat_dough,11,conditional,logical_necessity,required_ingredient_profiles,"[""sources/master-archive-v1/data/normalized_source_tables/food_system/food_seasonality.csv:SEA002519""]",B,candidate
ds_mix_wheat_dough,12,conditional,logical_necessity,required_ingredient_profiles,"[""sources/master-archive-v1/data/normalized_source_tables/food_system/food_seasonality.csv:SEA002520""]",B,candidate
ds_bread_rye_sourdough,1,conditional,logical_necessity,required_ingredient_profiles,"[""sources/master-archive-v1/data/normalized_source_tables/food_system/food_seasonality.csv:SEA002521""]",B,candidate
ds_bread_rye_sourdough,2,conditional,logical_necessity,required_ingredient_profiles,"[""sources/master-archive-v1/data/normalized_source_tables/food_system/food_seasonality.csv:SEA002522""]",B,candidate
ds_bread_rye_sourdough,3,conditional,logical_necessity,required_ingredient_profiles,"[""sources/master-archive-v1/data/normalized_source_tables/food_system/food_seasonality.csv:SEA002523""]",B,candidate
ds_bread_rye_sourdough,4,conditional,logical_necessity,required_ingredient_profiles,"[""sources/master-archive-v1/data/normalized_source_tables/food_system/food_seasonality.csv:SEA002524""]",B,candidate
ds_bread_rye_sourdough,5,conditional,logical_necessity,required_ingredient_profiles,"[""sources/master-archive-v1/data/normalized_source_tables/food_system/food_seasonality.csv:SEA002525""]",B,candidate
ds_bread_rye_sourdough,6,conditional,logical_necessity,required_ingredient_profiles,"[""sources/master-archive-v1/data/normalized_source_tables/food_system/food_seasonality.csv:SEA002526""]",B,candidate
ds_bread_rye_sourdough,7,conditional,logical_necessity,required_ingredient_profiles,"[""sources/master-archive-v1/data/normalized_source_tables/food_system/food_seasonality.csv:SEA002527""]",B,candidate
ds_bread_rye_sourdough,8,conditional,logical_necessity,required_ingredient_profiles,"[""sources/master-archive-v1/data/normalized_source_tables/food_system/food_seasonality.csv:SEA002528""]",B,candidate
ds_bread_rye_sourdough,9,conditional,logical_necessity,required_ingredient_profiles,"[""sources/master-archive-v1/data/normalized_source_tables/food_system/food_seasonality.csv:SEA002529""]",B,candidate
ds_bread_rye_sourdough,10,conditional,logical_necessity,required_ingredient_profiles,"[""sources/master-archive-v1/data/normalized_source_tables/food_system/food_seasonality.csv:SEA002530""]",B,candidate
ds_bread_rye_sourdough,11,conditional,logical_necessity,required_ingredient_profiles,"[""sources/master-archive-v1/data/normalized_source_tables/food_system/food_seasonality.csv:SEA002531""]",B,candidate
ds_bread_rye_sourdough,12,conditional,logical_necessity,required_ingredient_profiles,"[""sources/master-archive-v1/data/normalized_source_tables/food_system/food_seasonality.csv:SEA002532""]",B,candidate
ds_bread_mixed_sourdough,1,conditional,logical_necessity,required_ingredient_profiles,"[""sources/master-archive-v1/data/normalized_source_tables/food_system/food_seasonality.csv:SEA002533""]",B,candidate
ds_bread_mixed_sourdough,2,conditional,logical_necessity,required_ingredient_profiles,"[""sources/master-archive-v1/data/normalized_source_tables/food_system/food_seasonality.csv:SEA002534""]",B,candidate
ds_bread_mixed_sourdough,3,conditional,logical_necessity,required_ingredient_profiles,"[""sources/master-archive-v1/data/normalized_source_tables/food_system/food_seasonality.csv:SEA002535""]",B,candidate
ds_bread_mixed_sourdough,4,conditional,logical_necessity,required_ingredient_profiles,"[""sources/master-archive-v1/data/normalized_source_tables/food_system/food_seasonality.csv:SEA002536""]",B,candidate
ds_bread_mixed_sourdough,5,conditional,logical_necessity,required_ingredient_profiles,"[""sources/master-archive-v1/data/normalized_source_tables/food_system/food_seasonality.csv:SEA002537""]",B,candidate
ds_bread_mixed_sourdough,6,conditional,logical_necessity,required_ingredient_profiles,"[""sources/master-archive-v1/data/normalized_source_tables/food_system/food_seasonality.csv:SEA002538""]",B,candidate
ds_bread_mixed_sourdough,7,conditional,logical_necessity,required_ingredient_profiles,"[""sources/master-archive-v1/data/normalized_source_tables/food_system/food_seasonality.csv:SEA002539""]",B,candidate
ds_bread_mixed_sourdough,8,conditional,logical_necessity,required_ingredient_profiles,"[""sources/master-archive-v1/data/normalized_source_tables/food_system/food_seasonality.csv:SEA002540""]",B,candidate
ds_bread_mixed_sourdough,9,conditional,logical_necessity,required_ingredient_profiles,"[""sources/master-archive-v1/data/normalized_source_tables/food_system/food_seasonality.csv:SEA002541""]",B,candidate
ds_bread_mixed_sourdough,10,conditional,logical_necessity,required_ingredient_profiles,"[""sources/master-archive-v1/data/normalized_source_tables/food_system/food_seasonality.csv:SEA002542""]",B,candidate
ds_bread_mixed_sourdough,11,conditional,logical_necessity,required_ingredient_profiles,"[""sources/master-archive-v1/data/normalized_source_tables/food_system/food_seasonality.csv:SEA002543""]",B,candidate
ds_bread_mixed_sourdough,12,conditional,logical_necessity,required_ingredient_profiles,"[""sources/master-archive-v1/data/normalized_source_tables/food_system/food_seasonality.csv:SEA002544""]",B,candidate
ds_bread_wheat_sourdough_elite,1,conditional,logical_necessity,required_ingredient_profiles,"[""sources/master-archive-v1/data/normalized_source_tables/food_system/food_seasonality.csv:SEA002545""]",B,candidate
ds_bread_wheat_sourdough_elite,2,conditional,logical_necessity,required_ingredient_profiles,"[""sources/master-archive-v1/data/normalized_source_tables/food_system/food_seasonality.csv:SEA002546""]",B,candidate
ds_bread_wheat_sourdough_elite,3,conditional,logical_necessity,required_ingredient_profiles,"[""sources/master-archive-v1/data/normalized_source_tables/food_system/food_seasonality.csv:SEA002547""]",B,candidate
ds_bread_wheat_sourdough_elite,4,conditional,logical_necessity,required_ingredient_profiles,"[""sources/master-archive-v1/data/normalized_source_tables/food_system/food_seasonality.csv:SEA002548""]",B,candidate
ds_bread_wheat_sourdough_elite,5,conditional,logical_necessity,required_ingredient_profiles,"[""sources/master-archive-v1/data/normalized_source_tables/food_system/food_seasonality.csv:SEA002549""]",B,candidate
ds_bread_wheat_sourdough_elite,6,conditional,logical_necessity,required_ingredient_profiles,"[""sources/master-archive-v1/data/normalized_source_tables/food_system/food_seasonality.csv:SEA002550""]",B,candidate
ds_bread_wheat_sourdough_elite,7,conditional,logical_necessity,required_ingredient_profiles,"[""sources/master-archive-v1/data/normalized_source_tables/food_system/food_seasonality.csv:SEA002551""]",B,candidate
ds_bread_wheat_sourdough_elite,8,conditional,logical_necessity,required_ingredient_profiles,"[""sources/master-archive-v1/data/normalized_source_tables/food_system/food_seasonality.csv:SEA002552""]",B,candidate
ds_bread_wheat_sourdough_elite,9,conditional,logical_necessity,required_ingredient_profiles,"[""sources/master-archive-v1/data/normalized_source_tables/food_system/food_seasonality.csv:SEA002553""]",B,candidate
ds_bread_wheat_sourdough_elite,10,conditional,logical_necessity,required_ingredient_profiles,"[""sources/master-archive-v1/data/normalized_source_tables/food_system/food_seasonality.csv:SEA002554""]",B,candidate
ds_bread_wheat_sourdough_elite,11,conditional,logical_necessity,required_ingredient_profiles,"[""sources/master-archive-v1/data/normalized_source_tables/food_system/food_seasonality.csv:SEA002555""]",B,candidate
ds_bread_wheat_sourdough_elite,12,conditional,logical_necessity,required_ingredient_profiles,"[""sources/master-archive-v1/data/normalized_source_tables/food_system/food_seasonality.csv:SEA002556""]",B,candidate
ds_flatbread_rye_flour_coarse,1,available,logical_necessity,required_ingredient_profiles,"[""sources/master-archive-v1/data/normalized_source_tables/food_system/food_seasonality.csv:SEA002557""]",B,candidate
ds_flatbread_rye_flour_coarse,2,available,logical_necessity,required_ingredient_profiles,"[""sources/master-archive-v1/data/normalized_source_tables/food_system/food_seasonality.csv:SEA002558""]",B,candidate
ds_flatbread_rye_flour_coarse,3,available,logical_necessity,required_ingredient_profiles,"[""sources/master-archive-v1/data/normalized_source_tables/food_system/food_seasonality.csv:SEA002559""]",B,candidate
ds_flatbread_rye_flour_coarse,4,available,logical_necessity,required_ingredient_profiles,"[""sources/master-archive-v1/data/normalized_source_tables/food_system/food_seasonality.csv:SEA002560""]",B,candidate
ds_flatbread_rye_flour_coarse,5,available,logical_necessity,required_ingredient_profiles,"[""sources/master-archive-v1/data/normalized_source_tables/food_system/food_seasonality.csv:SEA002561""]",B,candidate
ds_flatbread_rye_flour_coarse,6,available,logical_necessity,required_ingredient_profiles,"[""sources/master-archive-v1/data/normalized_source_tables/food_system/food_seasonality.csv:SEA002562""]",B,candidate
ds_flatbread_rye_flour_coarse,7,available,logical_necessity,required_ingredient_profiles,"[""sources/master-archive-v1/data/normalized_source_tables/food_system/food_seasonality.csv:SEA002563""]",B,candidate
ds_flatbread_rye_flour_coarse,8,available,logical_necessity,required_ingredient_profiles,"[""sources/master-archive-v1/data/normalized_source_tables/food_system/food_seasonality.csv:SEA002564""]",B,candidate
ds_flatbread_rye_flour_coarse,9,available,logical_necessity,required_ingredient_profiles,"[""sources/master-archive-v1/data/normalized_source_tables/food_system/food_seasonality.csv:SEA002565""]",B,candidate
ds_flatbread_rye_flour_coarse,10,available,logical_necessity,required_ingredient_profiles,"[""sources/master-archive-v1/data/normalized_source_tables/food_system/food_seasonality.csv:SEA002566""]",B,candidate
ds_flatbread_rye_flour_coarse,11,available,logical_necessity,required_ingredient_profiles,"[""sources/master-archive-v1/data/normalized_source_tables/food_system/food_seasonality.csv:SEA002567""]",B,candidate
ds_flatbread_rye_flour_coarse,12,available,logical_necessity,required_ingredient_profiles,"[""sources/master-archive-v1/data/normalized_source_tables/food_system/food_seasonality.csv:SEA002568""]",B,candidate
ds_flatbread_barley_flour,1,available,logical_necessity,required_ingredient_profiles,"[""sources/master-archive-v1/data/normalized_source_tables/food_system/food_seasonality.csv:SEA002569""]",B,candidate
ds_flatbread_barley_flour,2,available,logical_necessity,required_ingredient_profiles,"[""sources/master-archive-v1/data/normalized_source_tables/food_system/food_seasonality.csv:SEA002570""]",B,candidate
ds_flatbread_barley_flour,3,available,logical_necessity,required_ingredient_profiles,"[""sources/master-archive-v1/data/normalized_source_tables/food_system/food_seasonality.csv:SEA002571""]",B,candidate
ds_flatbread_barley_flour,4,available,logical_necessity,required_ingredient_profiles,"[""sources/master-archive-v1/data/normalized_source_tables/food_system/food_seasonality.csv:SEA002572""]",B,candidate
ds_flatbread_barley_flour,5,available,logical_necessity,required_ingredient_profiles,"[""sources/master-archive-v1/data/normalized_source_tables/food_system/food_seasonality.csv:SEA002573""]",B,candidate
ds_flatbread_barley_flour,6,available,logical_necessity,required_ingredient_profiles,"[""sources/master-archive-v1/data/normalized_source_tables/food_system/food_seasonality.csv:SEA002574""]",B,candidate
ds_flatbread_barley_flour,7,available,logical_necessity,required_ingredient_profiles,"[""sources/master-archive-v1/data/normalized_source_tables/food_system/food_seasonality.csv:SEA002575""]",B,candidate
ds_flatbread_barley_flour,8,available,logical_necessity,required_ingredient_profiles,"[""sources/master-archive-v1/data/normalized_source_tables/food_system/food_seasonality.csv:SEA002576""]",B,candidate
ds_flatbread_barley_flour,9,available,logical_necessity,required_ingredient_profiles,"[""sources/master-archive-v1/data/normalized_source_tables/food_system/food_seasonality.csv:SEA002577""]",B,candidate
ds_flatbread_barley_flour,10,available,logical_necessity,required_ingredient_profiles,"[""sources/master-archive-v1/data/normalized_source_tables/food_system/food_seasonality.csv:SEA002578""]",B,candidate
ds_flatbread_barley_flour,11,available,logical_necessity,required_ingredient_profiles,"[""sources/master-archive-v1/data/normalized_source_tables/food_system/food_seasonality.csv:SEA002579""]",B,candidate
ds_flatbread_barley_flour,12,available,logical_necessity,required_ingredient_profiles,"[""sources/master-archive-v1/data/normalized_source_tables/food_system/food_seasonality.csv:SEA002580""]",B,candidate
ds_flatbread_oat_flour,1,available,logical_necessity,required_ingredient_profiles,"[""sources/master-archive-v1/data/normalized_source_tables/food_system/food_seasonality.csv:SEA002581""]",B,candidate
ds_flatbread_oat_flour,2,available,logical_necessity,required_ingredient_profiles,"[""sources/master-archive-v1/data/normalized_source_tables/food_system/food_seasonality.csv:SEA002582""]",B,candidate
ds_flatbread_oat_flour,3,available,logical_necessity,required_ingredient_profiles,"[""sources/master-archive-v1/data/normalized_source_tables/food_system/food_seasonality.csv:SEA002583""]",B,candidate
ds_flatbread_oat_flour,4,available,logical_necessity,required_ingredient_profiles,"[""sources/master-archive-v1/data/normalized_source_tables/food_system/food_seasonality.csv:SEA002584""]",B,candidate
ds_flatbread_oat_flour,5,available,logical_necessity,required_ingredient_profiles,"[""sources/master-archive-v1/data/normalized_source_tables/food_system/food_seasonality.csv:SEA002585""]",B,candidate
ds_flatbread_oat_flour,6,available,logical_necessity,required_ingredient_profiles,"[""sources/master-archive-v1/data/normalized_source_tables/food_system/food_seasonality.csv:SEA002586""]",B,candidate
ds_flatbread_oat_flour,7,available,logical_necessity,required_ingredient_profiles,"[""sources/master-archive-v1/data/normalized_source_tables/food_system/food_seasonality.csv:SEA002587""]",B,candidate
ds_flatbread_oat_flour,8,available,logical_necessity,required_ingredient_profiles,"[""sources/master-archive-v1/data/normalized_source_tables/food_system/food_seasonality.csv:SEA002588""]",B,candidate
ds_flatbread_oat_flour,9,available,logical_necessity,required_ingredient_profiles,"[""sources/master-archive-v1/data/normalized_source_tables/food_system/food_seasonality.csv:SEA002589""]",B,candidate
ds_flatbread_oat_flour,10,available,logical_necessity,required_ingredient_profiles,"[""sources/master-archive-v1/data/normalized_source_tables/food_system/food_seasonality.csv:SEA002590""]",B,candidate
ds_flatbread_oat_flour,11,available,logical_necessity,required_ingredient_profiles,"[""sources/master-archive-v1/data/normalized_source_tables/food_system/food_seasonality.csv:SEA002591""]",B,candidate
ds_flatbread_oat_flour,12,available,logical_necessity,required_ingredient_profiles,"[""sources/master-archive-v1/data/normalized_source_tables/food_system/food_seasonality.csv:SEA002592""]",B,candidate
ds_flatbread_wheat_flour,1,available,logical_necessity,required_ingredient_profiles,"[""sources/master-archive-v1/data/normalized_source_tables/food_system/food_seasonality.csv:SEA002593""]",B,candidate
ds_flatbread_wheat_flour,2,available,logical_necessity,required_ingredient_profiles,"[""sources/master-archive-v1/data/normalized_source_tables/food_system/food_seasonality.csv:SEA002594""]",B,candidate
ds_flatbread_wheat_flour,3,available,logical_necessity,required_ingredient_profiles,"[""sources/master-archive-v1/data/normalized_source_tables/food_system/food_seasonality.csv:SEA002595""]",B,candidate
ds_flatbread_wheat_flour,4,available,logical_necessity,required_ingredient_profiles,"[""sources/master-archive-v1/data/normalized_source_tables/food_system/food_seasonality.csv:SEA002596""]",B,candidate
ds_flatbread_wheat_flour,5,available,logical_necessity,required_ingredient_profiles,"[""sources/master-archive-v1/data/normalized_source_tables/food_system/food_seasonality.csv:SEA002597""]",B,candidate
ds_flatbread_wheat_flour,6,available,logical_necessity,required_ingredient_profiles,"[""sources/master-archive-v1/data/normalized_source_tables/food_system/food_seasonality.csv:SEA002598""]",B,candidate
ds_flatbread_wheat_flour,7,available,logical_necessity,required_ingredient_profiles,"[""sources/master-archive-v1/data/normalized_source_tables/food_system/food_seasonality.csv:SEA002599""]",B,candidate
ds_flatbread_wheat_flour,8,available,logical_necessity,required_ingredient_profiles,"[""sources/master-archive-v1/data/normalized_source_tables/food_system/food_seasonality.csv:SEA002600""]",B,candidate
ds_flatbread_wheat_flour,9,available,logical_necessity,required_ingredient_profiles,"[""sources/master-archive-v1/data/normalized_source_tables/food_system/food_seasonality.csv:SEA002601""]",B,candidate
ds_flatbread_wheat_flour,10,available,logical_necessity,required_ingredient_profiles,"[""sources/master-archive-v1/data/normalized_source_tables/food_system/food_seasonality.csv:SEA002602""]",B,candidate
ds_flatbread_wheat_flour,11,available,logical_necessity,required_ingredient_profiles,"[""sources/master-archive-v1/data/normalized_source_tables/food_system/food_seasonality.csv:SEA002603""]",B,candidate
ds_flatbread_wheat_flour,12,available,logical_necessity,required_ingredient_profiles,"[""sources/master-archive-v1/data/normalized_source_tables/food_system/food_seasonality.csv:SEA002604""]",B,candidate
ds_flatbread_mixed_flour,1,available,logical_necessity,required_ingredient_profiles,"[""sources/master-archive-v1/data/normalized_source_tables/food_system/food_seasonality.csv:SEA002605""]",B,candidate
ds_flatbread_mixed_flour,2,available,logical_necessity,required_ingredient_profiles,"[""sources/master-archive-v1/data/normalized_source_tables/food_system/food_seasonality.csv:SEA002606""]",B,candidate
ds_flatbread_mixed_flour,3,available,logical_necessity,required_ingredient_profiles,"[""sources/master-archive-v1/data/normalized_source_tables/food_system/food_seasonality.csv:SEA002607""]",B,candidate
ds_flatbread_mixed_flour,4,available,logical_necessity,required_ingredient_profiles,"[""sources/master-archive-v1/data/normalized_source_tables/food_system/food_seasonality.csv:SEA002608""]",B,candidate
ds_flatbread_mixed_flour,5,available,logical_necessity,required_ingredient_profiles,"[""sources/master-archive-v1/data/normalized_source_tables/food_system/food_seasonality.csv:SEA002609""]",B,candidate
ds_flatbread_mixed_flour,6,available,logical_necessity,required_ingredient_profiles,"[""sources/master-archive-v1/data/normalized_source_tables/food_system/food_seasonality.csv:SEA002610""]",B,candidate
ds_flatbread_mixed_flour,7,available,logical_necessity,required_ingredient_profiles,"[""sources/master-archive-v1/data/normalized_source_tables/food_system/food_seasonality.csv:SEA002611""]",B,candidate
ds_flatbread_mixed_flour,8,available,logical_necessity,required_ingredient_profiles,"[""sources/master-archive-v1/data/normalized_source_tables/food_system/food_seasonality.csv:SEA002612""]",B,candidate
ds_flatbread_mixed_flour,9,available,logical_necessity,required_ingredient_profiles,"[""sources/master-archive-v1/data/normalized_source_tables/food_system/food_seasonality.csv:SEA002613""]",B,candidate
ds_flatbread_mixed_flour,10,available,logical_necessity,required_ingredient_profiles,"[""sources/master-archive-v1/data/normalized_source_tables/food_system/food_seasonality.csv:SEA002614""]",B,candidate
ds_flatbread_mixed_flour,11,available,logical_necessity,required_ingredient_profiles,"[""sources/master-archive-v1/data/normalized_source_tables/food_system/food_seasonality.csv:SEA002615""]",B,candidate
ds_flatbread_mixed_flour,12,available,logical_necessity,required_ingredient_profiles,"[""sources/master-archive-v1/data/normalized_source_tables/food_system/food_seasonality.csv:SEA002616""]",B,candidate
ds_thin_batter_cake_uncertain,1,conditional,logical_necessity,required_ingredient_profiles,"[""sources/master-archive-v1/data/normalized_source_tables/food_system/food_seasonality.csv:SEA002617""]",C,candidate
ds_thin_batter_cake_uncertain,2,conditional,logical_necessity,required_ingredient_profiles,"[""sources/master-archive-v1/data/normalized_source_tables/food_system/food_seasonality.csv:SEA002618""]",C,candidate
ds_thin_batter_cake_uncertain,3,conditional,logical_necessity,required_ingredient_profiles,"[""sources/master-archive-v1/data/normalized_source_tables/food_system/food_seasonality.csv:SEA002619""]",C,candidate
ds_thin_batter_cake_uncertain,4,conditional,logical_necessity,required_ingredient_profiles,"[""sources/master-archive-v1/data/normalized_source_tables/food_system/food_seasonality.csv:SEA002620""]",C,candidate
ds_thin_batter_cake_uncertain,5,conditional,logical_necessity,required_ingredient_profiles,"[""sources/master-archive-v1/data/normalized_source_tables/food_system/food_seasonality.csv:SEA002621""]",C,candidate
ds_thin_batter_cake_uncertain,6,conditional,logical_necessity,required_ingredient_profiles,"[""sources/master-archive-v1/data/normalized_source_tables/food_system/food_seasonality.csv:SEA002622""]",C,candidate
ds_thin_batter_cake_uncertain,7,conditional,logical_necessity,required_ingredient_profiles,"[""sources/master-archive-v1/data/normalized_source_tables/food_system/food_seasonality.csv:SEA002623""]",C,candidate
ds_thin_batter_cake_uncertain,8,conditional,logical_necessity,required_ingredient_profiles,"[""sources/master-archive-v1/data/normalized_source_tables/food_system/food_seasonality.csv:SEA002624""]",C,candidate
ds_thin_batter_cake_uncertain,9,conditional,logical_necessity,required_ingredient_profiles,"[""sources/master-archive-v1/data/normalized_source_tables/food_system/food_seasonality.csv:SEA002625""]",C,candidate
ds_thin_batter_cake_uncertain,10,conditional,logical_necessity,required_ingredient_profiles,"[""sources/master-archive-v1/data/normalized_source_tables/food_system/food_seasonality.csv:SEA002626""]",C,candidate
ds_thin_batter_cake_uncertain,11,conditional,logical_necessity,required_ingredient_profiles,"[""sources/master-archive-v1/data/normalized_source_tables/food_system/food_seasonality.csv:SEA002627""]",C,candidate
ds_thin_batter_cake_uncertain,12,conditional,logical_necessity,required_ingredient_profiles,"[""sources/master-archive-v1/data/normalized_source_tables/food_system/food_seasonality.csv:SEA002628""]",C,candidate
ds_porridge_barley_groats_liquid,1,available,logical_necessity,required_ingredient_profiles,"[""sources/master-archive-v1/data/normalized_source_tables/food_system/food_seasonality.csv:SEA002629""]",B,candidate
ds_porridge_barley_groats_liquid,2,available,logical_necessity,required_ingredient_profiles,"[""sources/master-archive-v1/data/normalized_source_tables/food_system/food_seasonality.csv:SEA002630""]",B,candidate
ds_porridge_barley_groats_liquid,3,available,logical_necessity,required_ingredient_profiles,"[""sources/master-archive-v1/data/normalized_source_tables/food_system/food_seasonality.csv:SEA002631""]",B,candidate
ds_porridge_barley_groats_liquid,4,available,logical_necessity,required_ingredient_profiles,"[""sources/master-archive-v1/data/normalized_source_tables/food_system/food_seasonality.csv:SEA002632""]",B,candidate
ds_porridge_barley_groats_liquid,5,available,logical_necessity,required_ingredient_profiles,"[""sources/master-archive-v1/data/normalized_source_tables/food_system/food_seasonality.csv:SEA002633""]",B,candidate
ds_porridge_barley_groats_liquid,6,available,logical_necessity,required_ingredient_profiles,"[""sources/master-archive-v1/data/normalized_source_tables/food_system/food_seasonality.csv:SEA002634""]",B,candidate
ds_porridge_barley_groats_liquid,7,available,logical_necessity,required_ingredient_profiles,"[""sources/master-archive-v1/data/normalized_source_tables/food_system/food_seasonality.csv:SEA002635""]",B,candidate
ds_porridge_barley_groats_liquid,8,available,logical_necessity,required_ingredient_profiles,"[""sources/master-archive-v1/data/normalized_source_tables/food_system/food_seasonality.csv:SEA002636""]",B,candidate
ds_porridge_barley_groats_liquid,9,available,logical_necessity,required_ingredient_profiles,"[""sources/master-archive-v1/data/normalized_source_tables/food_system/food_seasonality.csv:SEA002637""]",B,candidate
ds_porridge_barley_groats_liquid,10,available,logical_necessity,required_ingredient_profiles,"[""sources/master-archive-v1/data/normalized_source_tables/food_system/food_seasonality.csv:SEA002638""]",B,candidate
ds_porridge_barley_groats_liquid,11,available,logical_necessity,required_ingredient_profiles,"[""sources/master-archive-v1/data/normalized_source_tables/food_system/food_seasonality.csv:SEA002639""]",B,candidate
ds_porridge_barley_groats_liquid,12,available,logical_necessity,required_ingredient_profiles,"[""sources/master-archive-v1/data/normalized_source_tables/food_system/food_seasonality.csv:SEA002640""]",B,candidate
ds_porridge_barley_groats_medium,1,available,logical_necessity,required_ingredient_profiles,"[""sources/master-archive-v1/data/normalized_source_tables/food_system/food_seasonality.csv:SEA002641""]",B,candidate
ds_porridge_barley_groats_medium,2,available,logical_necessity,required_ingredient_profiles,"[""sources/master-archive-v1/data/normalized_source_tables/food_system/food_seasonality.csv:SEA002642""]",B,candidate
ds_porridge_barley_groats_medium,3,available,logical_necessity,required_ingredient_profiles,"[""sources/master-archive-v1/data/normalized_source_tables/food_system/food_seasonality.csv:SEA002643""]",B,candidate
ds_porridge_barley_groats_medium,4,available,logical_necessity,required_ingredient_profiles,"[""sources/master-archive-v1/data/normalized_source_tables/food_system/food_seasonality.csv:SEA002644""]",B,candidate
ds_porridge_barley_groats_medium,5,available,logical_necessity,required_ingredient_profiles,"[""sources/master-archive-v1/data/normalized_source_tables/food_system/food_seasonality.csv:SEA002645""]",B,candidate
ds_porridge_barley_groats_medium,6,available,logical_necessity,required_ingredient_profiles,"[""sources/master-archive-v1/data/normalized_source_tables/food_system/food_seasonality.csv:SEA002646""]",B,candidate
ds_porridge_barley_groats_medium,7,available,logical_necessity,required_ingredient_profiles,"[""sources/master-archive-v1/data/normalized_source_tables/food_system/food_seasonality.csv:SEA002647""]",B,candidate
ds_porridge_barley_groats_medium,8,available,logical_necessity,required_ingredient_profiles,"[""sources/master-archive-v1/data/normalized_source_tables/food_system/food_seasonality.csv:SEA002648""]",B,candidate
ds_porridge_barley_groats_medium,9,available,logical_necessity,required_ingredient_profiles,"[""sources/master-archive-v1/data/normalized_source_tables/food_system/food_seasonality.csv:SEA002649""]",B,candidate
ds_porridge_barley_groats_medium,10,available,logical_necessity,required_ingredient_profiles,"[""sources/master-archive-v1/data/normalized_source_tables/food_system/food_seasonality.csv:SEA002650""]",B,candidate
ds_porridge_barley_groats_medium,11,available,logical_necessity,required_ingredient_profiles,"[""sources/master-archive-v1/data/normalized_source_tables/food_system/food_seasonality.csv:SEA002651""]",B,candidate
ds_porridge_barley_groats_medium,12,available,logical_necessity,required_ingredient_profiles,"[""sources/master-archive-v1/data/normalized_source_tables/food_system/food_seasonality.csv:SEA002652""]",B,candidate
ds_porridge_barley_groats_thick,1,available,logical_necessity,required_ingredient_profiles,"[""sources/master-archive-v1/data/normalized_source_tables/food_system/food_seasonality.csv:SEA002653""]",B,candidate
ds_porridge_barley_groats_thick,2,available,logical_necessity,required_ingredient_profiles,"[""sources/master-archive-v1/data/normalized_source_tables/food_system/food_seasonality.csv:SEA002654""]",B,candidate
ds_porridge_barley_groats_thick,3,available,logical_necessity,required_ingredient_profiles,"[""sources/master-archive-v1/data/normalized_source_tables/food_system/food_seasonality.csv:SEA002655""]",B,candidate
ds_porridge_barley_groats_thick,4,available,logical_necessity,required_ingredient_profiles,"[""sources/master-archive-v1/data/normalized_source_tables/food_system/food_seasonality.csv:SEA002656""]",B,candidate
ds_porridge_barley_groats_thick,5,available,logical_necessity,required_ingredient_profiles,"[""sources/master-archive-v1/data/normalized_source_tables/food_system/food_seasonality.csv:SEA002657""]",B,candidate
ds_porridge_barley_groats_thick,6,available,logical_necessity,required_ingredient_profiles,"[""sources/master-archive-v1/data/normalized_source_tables/food_system/food_seasonality.csv:SEA002658""]",B,candidate
ds_porridge_barley_groats_thick,7,available,logical_necessity,required_ingredient_profiles,"[""sources/master-archive-v1/data/normalized_source_tables/food_system/food_seasonality.csv:SEA002659""]",B,candidate
ds_porridge_barley_groats_thick,8,available,logical_necessity,required_ingredient_profiles,"[""sources/master-archive-v1/data/normalized_source_tables/food_system/food_seasonality.csv:SEA002660""]",B,candidate
ds_porridge_barley_groats_thick,9,available,logical_necessity,required_ingredient_profiles,"[""sources/master-archive-v1/data/normalized_source_tables/food_system/food_seasonality.csv:SEA002661""]",B,candidate
ds_porridge_barley_groats_thick,10,available,logical_necessity,required_ingredient_profiles,"[""sources/master-archive-v1/data/normalized_source_tables/food_system/food_seasonality.csv:SEA002662""]",B,candidate
ds_porridge_barley_groats_thick,11,available,logical_necessity,required_ingredient_profiles,"[""sources/master-archive-v1/data/normalized_source_tables/food_system/food_seasonality.csv:SEA002663""]",B,candidate
ds_porridge_barley_groats_thick,12,available,logical_necessity,required_ingredient_profiles,"[""sources/master-archive-v1/data/normalized_source_tables/food_system/food_seasonality.csv:SEA002664""]",B,candidate
ds_porridge_oat_groats_liquid,1,available,logical_necessity,required_ingredient_profiles,"[""sources/master-archive-v1/data/normalized_source_tables/food_system/food_seasonality.csv:SEA002665""]",B,candidate
ds_porridge_oat_groats_liquid,2,available,logical_necessity,required_ingredient_profiles,"[""sources/master-archive-v1/data/normalized_source_tables/food_system/food_seasonality.csv:SEA002666""]",B,candidate
ds_porridge_oat_groats_liquid,3,available,logical_necessity,required_ingredient_profiles,"[""sources/master-archive-v1/data/normalized_source_tables/food_system/food_seasonality.csv:SEA002667""]",B,candidate
ds_porridge_oat_groats_liquid,4,available,logical_necessity,required_ingredient_profiles,"[""sources/master-archive-v1/data/normalized_source_tables/food_system/food_seasonality.csv:SEA002668""]",B,candidate
ds_porridge_oat_groats_liquid,5,available,logical_necessity,required_ingredient_profiles,"[""sources/master-archive-v1/data/normalized_source_tables/food_system/food_seasonality.csv:SEA002669""]",B,candidate
ds_porridge_oat_groats_liquid,6,available,logical_necessity,required_ingredient_profiles,"[""sources/master-archive-v1/data/normalized_source_tables/food_system/food_seasonality.csv:SEA002670""]",B,candidate
ds_porridge_oat_groats_liquid,7,available,logical_necessity,required_ingredient_profiles,"[""sources/master-archive-v1/data/normalized_source_tables/food_system/food_seasonality.csv:SEA002671""]",B,candidate
ds_porridge_oat_groats_liquid,8,available,logical_necessity,required_ingredient_profiles,"[""sources/master-archive-v1/data/normalized_source_tables/food_system/food_seasonality.csv:SEA002672""]",B,candidate
ds_porridge_oat_groats_liquid,9,available,logical_necessity,required_ingredient_profiles,"[""sources/master-archive-v1/data/normalized_source_tables/food_system/food_seasonality.csv:SEA002673""]",B,candidate
ds_porridge_oat_groats_liquid,10,available,logical_necessity,required_ingredient_profiles,"[""sources/master-archive-v1/data/normalized_source_tables/food_system/food_seasonality.csv:SEA002674""]",B,candidate
ds_porridge_oat_groats_liquid,11,available,logical_necessity,required_ingredient_profiles,"[""sources/master-archive-v1/data/normalized_source_tables/food_system/food_seasonality.csv:SEA002675""]",B,candidate
ds_porridge_oat_groats_liquid,12,available,logical_necessity,required_ingredient_profiles,"[""sources/master-archive-v1/data/normalized_source_tables/food_system/food_seasonality.csv:SEA002676""]",B,candidate
ds_porridge_oat_groats_medium,1,available,logical_necessity,required_ingredient_profiles,"[""sources/master-archive-v1/data/normalized_source_tables/food_system/food_seasonality.csv:SEA002677""]",B,candidate
ds_porridge_oat_groats_medium,2,available,logical_necessity,required_ingredient_profiles,"[""sources/master-archive-v1/data/normalized_source_tables/food_system/food_seasonality.csv:SEA002678""]",B,candidate
ds_porridge_oat_groats_medium,3,available,logical_necessity,required_ingredient_profiles,"[""sources/master-archive-v1/data/normalized_source_tables/food_system/food_seasonality.csv:SEA002679""]",B,candidate
ds_porridge_oat_groats_medium,4,available,logical_necessity,required_ingredient_profiles,"[""sources/master-archive-v1/data/normalized_source_tables/food_system/food_seasonality.csv:SEA002680""]",B,candidate
ds_porridge_oat_groats_medium,5,available,logical_necessity,required_ingredient_profiles,"[""sources/master-archive-v1/data/normalized_source_tables/food_system/food_seasonality.csv:SEA002681""]",B,candidate
ds_porridge_oat_groats_medium,6,available,logical_necessity,required_ingredient_profiles,"[""sources/master-archive-v1/data/normalized_source_tables/food_system/food_seasonality.csv:SEA002682""]",B,candidate
ds_porridge_oat_groats_medium,7,available,logical_necessity,required_ingredient_profiles,"[""sources/master-archive-v1/data/normalized_source_tables/food_system/food_seasonality.csv:SEA002683""]",B,candidate
ds_porridge_oat_groats_medium,8,available,logical_necessity,required_ingredient_profiles,"[""sources/master-archive-v1/data/normalized_source_tables/food_system/food_seasonality.csv:SEA002684""]",B,candidate
ds_porridge_oat_groats_medium,9,available,logical_necessity,required_ingredient_profiles,"[""sources/master-archive-v1/data/normalized_source_tables/food_system/food_seasonality.csv:SEA002685""]",B,candidate
ds_porridge_oat_groats_medium,10,available,logical_necessity,required_ingredient_profiles,"[""sources/master-archive-v1/data/normalized_source_tables/food_system/food_seasonality.csv:SEA002686""]",B,candidate
ds_porridge_oat_groats_medium,11,available,logical_necessity,required_ingredient_profiles,"[""sources/master-archive-v1/data/normalized_source_tables/food_system/food_seasonality.csv:SEA002687""]",B,candidate
ds_porridge_oat_groats_medium,12,available,logical_necessity,required_ingredient_profiles,"[""sources/master-archive-v1/data/normalized_source_tables/food_system/food_seasonality.csv:SEA002688""]",B,candidate
ds_porridge_oat_groats_thick,1,available,logical_necessity,required_ingredient_profiles,"[""sources/master-archive-v1/data/normalized_source_tables/food_system/food_seasonality.csv:SEA002689""]",B,candidate
ds_porridge_oat_groats_thick,2,available,logical_necessity,required_ingredient_profiles,"[""sources/master-archive-v1/data/normalized_source_tables/food_system/food_seasonality.csv:SEA002690""]",B,candidate
ds_porridge_oat_groats_thick,3,available,logical_necessity,required_ingredient_profiles,"[""sources/master-archive-v1/data/normalized_source_tables/food_system/food_seasonality.csv:SEA002691""]",B,candidate
ds_porridge_oat_groats_thick,4,available,logical_necessity,required_ingredient_profiles,"[""sources/master-archive-v1/data/normalized_source_tables/food_system/food_seasonality.csv:SEA002692""]",B,candidate
ds_porridge_oat_groats_thick,5,available,logical_necessity,required_ingredient_profiles,"[""sources/master-archive-v1/data/normalized_source_tables/food_system/food_seasonality.csv:SEA002693""]",B,candidate
ds_porridge_oat_groats_thick,6,available,logical_necessity,required_ingredient_profiles,"[""sources/master-archive-v1/data/normalized_source_tables/food_system/food_seasonality.csv:SEA002694""]",B,candidate
ds_porridge_oat_groats_thick,7,available,logical_necessity,required_ingredient_profiles,"[""sources/master-archive-v1/data/normalized_source_tables/food_system/food_seasonality.csv:SEA002695""]",B,candidate
ds_porridge_oat_groats_thick,8,available,logical_necessity,required_ingredient_profiles,"[""sources/master-archive-v1/data/normalized_source_tables/food_system/food_seasonality.csv:SEA002696""]",B,candidate
ds_porridge_oat_groats_thick,9,available,logical_necessity,required_ingredient_profiles,"[""sources/master-archive-v1/data/normalized_source_tables/food_system/food_seasonality.csv:SEA002697""]",B,candidate
ds_porridge_oat_groats_thick,10,available,logical_necessity,required_ingredient_profiles,"[""sources/master-archive-v1/data/normalized_source_tables/food_system/food_seasonality.csv:SEA002698""]",B,candidate
ds_porridge_oat_groats_thick,11,available,logical_necessity,required_ingredient_profiles,"[""sources/master-archive-v1/data/normalized_source_tables/food_system/food_seasonality.csv:SEA002699""]",B,candidate
ds_porridge_oat_groats_thick,12,available,logical_necessity,required_ingredient_profiles,"[""sources/master-archive-v1/data/normalized_source_tables/food_system/food_seasonality.csv:SEA002700""]",B,candidate
ds_porridge_millet_groats_liquid,1,available,logical_necessity,required_ingredient_profiles,"[""sources/master-archive-v1/data/normalized_source_tables/food_system/food_seasonality.csv:SEA002701""]",B,candidate
ds_porridge_millet_groats_liquid,2,available,logical_necessity,required_ingredient_profiles,"[""sources/master-archive-v1/data/normalized_source_tables/food_system/food_seasonality.csv:SEA002702""]",B,candidate
ds_porridge_millet_groats_liquid,3,available,logical_necessity,required_ingredient_profiles,"[""sources/master-archive-v1/data/normalized_source_tables/food_system/food_seasonality.csv:SEA002703""]",B,candidate
ds_porridge_millet_groats_liquid,4,available,logical_necessity,required_ingredient_profiles,"[""sources/master-archive-v1/data/normalized_source_tables/food_system/food_seasonality.csv:SEA002704""]",B,candidate
ds_porridge_millet_groats_liquid,5,available,logical_necessity,required_ingredient_profiles,"[""sources/master-archive-v1/data/normalized_source_tables/food_system/food_seasonality.csv:SEA002705""]",B,candidate
ds_porridge_millet_groats_liquid,6,available,logical_necessity,required_ingredient_profiles,"[""sources/master-archive-v1/data/normalized_source_tables/food_system/food_seasonality.csv:SEA002706""]",B,candidate
ds_porridge_millet_groats_liquid,7,available,logical_necessity,required_ingredient_profiles,"[""sources/master-archive-v1/data/normalized_source_tables/food_system/food_seasonality.csv:SEA002707""]",B,candidate
ds_porridge_millet_groats_liquid,8,available,logical_necessity,required_ingredient_profiles,"[""sources/master-archive-v1/data/normalized_source_tables/food_system/food_seasonality.csv:SEA002708""]",B,candidate
ds_porridge_millet_groats_liquid,9,available,logical_necessity,required_ingredient_profiles,"[""sources/master-archive-v1/data/normalized_source_tables/food_system/food_seasonality.csv:SEA002709""]",B,candidate
ds_porridge_millet_groats_liquid,10,available,logical_necessity,required_ingredient_profiles,"[""sources/master-archive-v1/data/normalized_source_tables/food_system/food_seasonality.csv:SEA002710""]",B,candidate
ds_porridge_millet_groats_liquid,11,available,logical_necessity,required_ingredient_profiles,"[""sources/master-archive-v1/data/normalized_source_tables/food_system/food_seasonality.csv:SEA002711""]",B,candidate
ds_porridge_millet_groats_liquid,12,available,logical_necessity,required_ingredient_profiles,"[""sources/master-archive-v1/data/normalized_source_tables/food_system/food_seasonality.csv:SEA002712""]",B,candidate
ds_porridge_millet_groats_medium,1,available,logical_necessity,required_ingredient_profiles,"[""sources/master-archive-v1/data/normalized_source_tables/food_system/food_seasonality.csv:SEA002713""]",B,candidate
ds_porridge_millet_groats_medium,2,available,logical_necessity,required_ingredient_profiles,"[""sources/master-archive-v1/data/normalized_source_tables/food_system/food_seasonality.csv:SEA002714""]",B,candidate
ds_porridge_millet_groats_medium,3,available,logical_necessity,required_ingredient_profiles,"[""sources/master-archive-v1/data/normalized_source_tables/food_system/food_seasonality.csv:SEA002715""]",B,candidate
ds_porridge_millet_groats_medium,4,available,logical_necessity,required_ingredient_profiles,"[""sources/master-archive-v1/data/normalized_source_tables/food_system/food_seasonality.csv:SEA002716""]",B,candidate
ds_porridge_millet_groats_medium,5,available,logical_necessity,required_ingredient_profiles,"[""sources/master-archive-v1/data/normalized_source_tables/food_system/food_seasonality.csv:SEA002717""]",B,candidate
ds_porridge_millet_groats_medium,6,available,logical_necessity,required_ingredient_profiles,"[""sources/master-archive-v1/data/normalized_source_tables/food_system/food_seasonality.csv:SEA002718""]",B,candidate
ds_porridge_millet_groats_medium,7,available,logical_necessity,required_ingredient_profiles,"[""sources/master-archive-v1/data/normalized_source_tables/food_system/food_seasonality.csv:SEA002719""]",B,candidate
ds_porridge_millet_groats_medium,8,available,logical_necessity,required_ingredient_profiles,"[""sources/master-archive-v1/data/normalized_source_tables/food_system/food_seasonality.csv:SEA002720""]",B,candidate
ds_porridge_millet_groats_medium,9,available,logical_necessity,required_ingredient_profiles,"[""sources/master-archive-v1/data/normalized_source_tables/food_system/food_seasonality.csv:SEA002721""]",B,candidate
ds_porridge_millet_groats_medium,10,available,logical_necessity,required_ingredient_profiles,"[""sources/master-archive-v1/data/normalized_source_tables/food_system/food_seasonality.csv:SEA002722""]",B,candidate
ds_porridge_millet_groats_medium,11,available,logical_necessity,required_ingredient_profiles,"[""sources/master-archive-v1/data/normalized_source_tables/food_system/food_seasonality.csv:SEA002723""]",B,candidate
ds_porridge_millet_groats_medium,12,available,logical_necessity,required_ingredient_profiles,"[""sources/master-archive-v1/data/normalized_source_tables/food_system/food_seasonality.csv:SEA002724""]",B,candidate
ds_porridge_millet_groats_thick,1,available,logical_necessity,required_ingredient_profiles,"[""sources/master-archive-v1/data/normalized_source_tables/food_system/food_seasonality.csv:SEA002725""]",B,candidate
ds_porridge_millet_groats_thick,2,available,logical_necessity,required_ingredient_profiles,"[""sources/master-archive-v1/data/normalized_source_tables/food_system/food_seasonality.csv:SEA002726""]",B,candidate
ds_porridge_millet_groats_thick,3,available,logical_necessity,required_ingredient_profiles,"[""sources/master-archive-v1/data/normalized_source_tables/food_system/food_seasonality.csv:SEA002727""]",B,candidate
ds_porridge_millet_groats_thick,4,available,logical_necessity,required_ingredient_profiles,"[""sources/master-archive-v1/data/normalized_source_tables/food_system/food_seasonality.csv:SEA002728""]",B,candidate
ds_porridge_millet_groats_thick,5,available,logical_necessity,required_ingredient_profiles,"[""sources/master-archive-v1/data/normalized_source_tables/food_system/food_seasonality.csv:SEA002729""]",B,candidate
ds_porridge_millet_groats_thick,6,available,logical_necessity,required_ingredient_profiles,"[""sources/master-archive-v1/data/normalized_source_tables/food_system/food_seasonality.csv:SEA002730""]",B,candidate
ds_porridge_millet_groats_thick,7,available,logical_necessity,required_ingredient_profiles,"[""sources/master-archive-v1/data/normalized_source_tables/food_system/food_seasonality.csv:SEA002731""]",B,candidate
ds_porridge_millet_groats_thick,8,available,logical_necessity,required_ingredient_profiles,"[""sources/master-archive-v1/data/normalized_source_tables/food_system/food_seasonality.csv:SEA002732""]",B,candidate
ds_porridge_millet_groats_thick,9,available,logical_necessity,required_ingredient_profiles,"[""sources/master-archive-v1/data/normalized_source_tables/food_system/food_seasonality.csv:SEA002733""]",B,candidate
ds_porridge_millet_groats_thick,10,available,logical_necessity,required_ingredient_profiles,"[""sources/master-archive-v1/data/normalized_source_tables/food_system/food_seasonality.csv:SEA002734""]",B,candidate
ds_porridge_millet_groats_thick,11,available,logical_necessity,required_ingredient_profiles,"[""sources/master-archive-v1/data/normalized_source_tables/food_system/food_seasonality.csv:SEA002735""]",B,candidate
ds_porridge_millet_groats_thick,12,available,logical_necessity,required_ingredient_profiles,"[""sources/master-archive-v1/data/normalized_source_tables/food_system/food_seasonality.csv:SEA002736""]",B,candidate
ds_porridge_rye_groats_liquid,1,available,logical_necessity,required_ingredient_profiles,"[""sources/master-archive-v1/data/normalized_source_tables/food_system/food_seasonality.csv:SEA002737""]",B,candidate
ds_porridge_rye_groats_liquid,2,available,logical_necessity,required_ingredient_profiles,"[""sources/master-archive-v1/data/normalized_source_tables/food_system/food_seasonality.csv:SEA002738""]",B,candidate
ds_porridge_rye_groats_liquid,3,available,logical_necessity,required_ingredient_profiles,"[""sources/master-archive-v1/data/normalized_source_tables/food_system/food_seasonality.csv:SEA002739""]",B,candidate
ds_porridge_rye_groats_liquid,4,available,logical_necessity,required_ingredient_profiles,"[""sources/master-archive-v1/data/normalized_source_tables/food_system/food_seasonality.csv:SEA002740""]",B,candidate
ds_porridge_rye_groats_liquid,5,available,logical_necessity,required_ingredient_profiles,"[""sources/master-archive-v1/data/normalized_source_tables/food_system/food_seasonality.csv:SEA002741""]",B,candidate
ds_porridge_rye_groats_liquid,6,available,logical_necessity,required_ingredient_profiles,"[""sources/master-archive-v1/data/normalized_source_tables/food_system/food_seasonality.csv:SEA002742""]",B,candidate
ds_porridge_rye_groats_liquid,7,available,logical_necessity,required_ingredient_profiles,"[""sources/master-archive-v1/data/normalized_source_tables/food_system/food_seasonality.csv:SEA002743""]",B,candidate
ds_porridge_rye_groats_liquid,8,available,logical_necessity,required_ingredient_profiles,"[""sources/master-archive-v1/data/normalized_source_tables/food_system/food_seasonality.csv:SEA002744""]",B,candidate
ds_porridge_rye_groats_liquid,9,available,logical_necessity,required_ingredient_profiles,"[""sources/master-archive-v1/data/normalized_source_tables/food_system/food_seasonality.csv:SEA002745""]",B,candidate
ds_porridge_rye_groats_liquid,10,available,logical_necessity,required_ingredient_profiles,"[""sources/master-archive-v1/data/normalized_source_tables/food_system/food_seasonality.csv:SEA002746""]",B,candidate
ds_porridge_rye_groats_liquid,11,available,logical_necessity,required_ingredient_profiles,"[""sources/master-archive-v1/data/normalized_source_tables/food_system/food_seasonality.csv:SEA002747""]",B,candidate
ds_porridge_rye_groats_liquid,12,available,logical_necessity,required_ingredient_profiles,"[""sources/master-archive-v1/data/normalized_source_tables/food_system/food_seasonality.csv:SEA002748""]",B,candidate
ds_porridge_rye_groats_medium,1,available,logical_necessity,required_ingredient_profiles,"[""sources/master-archive-v1/data/normalized_source_tables/food_system/food_seasonality.csv:SEA002749""]",B,candidate
ds_porridge_rye_groats_medium,2,available,logical_necessity,required_ingredient_profiles,"[""sources/master-archive-v1/data/normalized_source_tables/food_system/food_seasonality.csv:SEA002750""]",B,candidate
ds_porridge_rye_groats_medium,3,available,logical_necessity,required_ingredient_profiles,"[""sources/master-archive-v1/data/normalized_source_tables/food_system/food_seasonality.csv:SEA002751""]",B,candidate
ds_porridge_rye_groats_medium,4,available,logical_necessity,required_ingredient_profiles,"[""sources/master-archive-v1/data/normalized_source_tables/food_system/food_seasonality.csv:SEA002752""]",B,candidate
ds_porridge_rye_groats_medium,5,available,logical_necessity,required_ingredient_profiles,"[""sources/master-archive-v1/data/normalized_source_tables/food_system/food_seasonality.csv:SEA002753""]",B,candidate
ds_porridge_rye_groats_medium,6,available,logical_necessity,required_ingredient_profiles,"[""sources/master-archive-v1/data/normalized_source_tables/food_system/food_seasonality.csv:SEA002754""]",B,candidate
ds_porridge_rye_groats_medium,7,available,logical_necessity,required_ingredient_profiles,"[""sources/master-archive-v1/data/normalized_source_tables/food_system/food_seasonality.csv:SEA002755""]",B,candidate
ds_porridge_rye_groats_medium,8,available,logical_necessity,required_ingredient_profiles,"[""sources/master-archive-v1/data/normalized_source_tables/food_system/food_seasonality.csv:SEA002756""]",B,candidate
ds_porridge_rye_groats_medium,9,available,logical_necessity,required_ingredient_profiles,"[""sources/master-archive-v1/data/normalized_source_tables/food_system/food_seasonality.csv:SEA002757""]",B,candidate
ds_porridge_rye_groats_medium,10,available,logical_necessity,required_ingredient_profiles,"[""sources/master-archive-v1/data/normalized_source_tables/food_system/food_seasonality.csv:SEA002758""]",B,candidate
ds_porridge_rye_groats_medium,11,available,logical_necessity,required_ingredient_profiles,"[""sources/master-archive-v1/data/normalized_source_tables/food_system/food_seasonality.csv:SEA002759""]",B,candidate
ds_porridge_rye_groats_medium,12,available,logical_necessity,required_ingredient_profiles,"[""sources/master-archive-v1/data/normalized_source_tables/food_system/food_seasonality.csv:SEA002760""]",B,candidate
ds_porridge_rye_groats_thick,1,available,logical_necessity,required_ingredient_profiles,"[""sources/master-archive-v1/data/normalized_source_tables/food_system/food_seasonality.csv:SEA002761""]",B,candidate
ds_porridge_rye_groats_thick,2,available,logical_necessity,required_ingredient_profiles,"[""sources/master-archive-v1/data/normalized_source_tables/food_system/food_seasonality.csv:SEA002762""]",B,candidate
ds_porridge_rye_groats_thick,3,available,logical_necessity,required_ingredient_profiles,"[""sources/master-archive-v1/data/normalized_source_tables/food_system/food_seasonality.csv:SEA002763""]",B,candidate
ds_porridge_rye_groats_thick,4,available,logical_necessity,required_ingredient_profiles,"[""sources/master-archive-v1/data/normalized_source_tables/food_system/food_seasonality.csv:SEA002764""]",B,candidate
ds_porridge_rye_groats_thick,5,available,logical_necessity,required_ingredient_profiles,"[""sources/master-archive-v1/data/normalized_source_tables/food_system/food_seasonality.csv:SEA002765""]",B,candidate
ds_porridge_rye_groats_thick,6,available,logical_necessity,required_ingredient_profiles,"[""sources/master-archive-v1/data/normalized_source_tables/food_system/food_seasonality.csv:SEA002766""]",B,candidate
ds_porridge_rye_groats_thick,7,available,logical_necessity,required_ingredient_profiles,"[""sources/master-archive-v1/data/normalized_source_tables/food_system/food_seasonality.csv:SEA002767""]",B,candidate
ds_porridge_rye_groats_thick,8,available,logical_necessity,required_ingredient_profiles,"[""sources/master-archive-v1/data/normalized_source_tables/food_system/food_seasonality.csv:SEA002768""]",B,candidate
ds_porridge_rye_groats_thick,9,available,logical_necessity,required_ingredient_profiles,"[""sources/master-archive-v1/data/normalized_source_tables/food_system/food_seasonality.csv:SEA002769""]",B,candidate
ds_porridge_rye_groats_thick,10,available,logical_necessity,required_ingredient_profiles,"[""sources/master-archive-v1/data/normalized_source_tables/food_system/food_seasonality.csv:SEA002770""]",B,candidate
ds_porridge_rye_groats_thick,11,available,logical_necessity,required_ingredient_profiles,"[""sources/master-archive-v1/data/normalized_source_tables/food_system/food_seasonality.csv:SEA002771""]",B,candidate
ds_porridge_rye_groats_thick,12,available,logical_necessity,required_ingredient_profiles,"[""sources/master-archive-v1/data/normalized_source_tables/food_system/food_seasonality.csv:SEA002772""]",B,candidate
ds_porridge_wheat_groats_liquid,1,available,logical_necessity,required_ingredient_profiles,"[""sources/master-archive-v1/data/normalized_source_tables/food_system/food_seasonality.csv:SEA002773""]",B,candidate
ds_porridge_wheat_groats_liquid,2,available,logical_necessity,required_ingredient_profiles,"[""sources/master-archive-v1/data/normalized_source_tables/food_system/food_seasonality.csv:SEA002774""]",B,candidate
ds_porridge_wheat_groats_liquid,3,available,logical_necessity,required_ingredient_profiles,"[""sources/master-archive-v1/data/normalized_source_tables/food_system/food_seasonality.csv:SEA002775""]",B,candidate
ds_porridge_wheat_groats_liquid,4,available,logical_necessity,required_ingredient_profiles,"[""sources/master-archive-v1/data/normalized_source_tables/food_system/food_seasonality.csv:SEA002776""]",B,candidate
ds_porridge_wheat_groats_liquid,5,available,logical_necessity,required_ingredient_profiles,"[""sources/master-archive-v1/data/normalized_source_tables/food_system/food_seasonality.csv:SEA002777""]",B,candidate
ds_porridge_wheat_groats_liquid,6,available,logical_necessity,required_ingredient_profiles,"[""sources/master-archive-v1/data/normalized_source_tables/food_system/food_seasonality.csv:SEA002778""]",B,candidate
ds_porridge_wheat_groats_liquid,7,available,logical_necessity,required_ingredient_profiles,"[""sources/master-archive-v1/data/normalized_source_tables/food_system/food_seasonality.csv:SEA002779""]",B,candidate
ds_porridge_wheat_groats_liquid,8,available,logical_necessity,required_ingredient_profiles,"[""sources/master-archive-v1/data/normalized_source_tables/food_system/food_seasonality.csv:SEA002780""]",B,candidate
ds_porridge_wheat_groats_liquid,9,available,logical_necessity,required_ingredient_profiles,"[""sources/master-archive-v1/data/normalized_source_tables/food_system/food_seasonality.csv:SEA002781""]",B,candidate
ds_porridge_wheat_groats_liquid,10,available,logical_necessity,required_ingredient_profiles,"[""sources/master-archive-v1/data/normalized_source_tables/food_system/food_seasonality.csv:SEA002782""]",B,candidate
ds_porridge_wheat_groats_liquid,11,available,logical_necessity,required_ingredient_profiles,"[""sources/master-archive-v1/data/normalized_source_tables/food_system/food_seasonality.csv:SEA002783""]",B,candidate
ds_porridge_wheat_groats_liquid,12,available,logical_necessity,required_ingredient_profiles,"[""sources/master-archive-v1/data/normalized_source_tables/food_system/food_seasonality.csv:SEA002784""]",B,candidate
ds_porridge_wheat_groats_medium,1,available,logical_necessity,required_ingredient_profiles,"[""sources/master-archive-v1/data/normalized_source_tables/food_system/food_seasonality.csv:SEA002785""]",B,candidate
ds_porridge_wheat_groats_medium,2,available,logical_necessity,required_ingredient_profiles,"[""sources/master-archive-v1/data/normalized_source_tables/food_system/food_seasonality.csv:SEA002786""]",B,candidate
ds_porridge_wheat_groats_medium,3,available,logical_necessity,required_ingredient_profiles,"[""sources/master-archive-v1/data/normalized_source_tables/food_system/food_seasonality.csv:SEA002787""]",B,candidate
ds_porridge_wheat_groats_medium,4,available,logical_necessity,required_ingredient_profiles,"[""sources/master-archive-v1/data/normalized_source_tables/food_system/food_seasonality.csv:SEA002788""]",B,candidate
ds_porridge_wheat_groats_medium,5,available,logical_necessity,required_ingredient_profiles,"[""sources/master-archive-v1/data/normalized_source_tables/food_system/food_seasonality.csv:SEA002789""]",B,candidate
ds_porridge_wheat_groats_medium,6,available,logical_necessity,required_ingredient_profiles,"[""sources/master-archive-v1/data/normalized_source_tables/food_system/food_seasonality.csv:SEA002790""]",B,candidate
ds_porridge_wheat_groats_medium,7,available,logical_necessity,required_ingredient_profiles,"[""sources/master-archive-v1/data/normalized_source_tables/food_system/food_seasonality.csv:SEA002791""]",B,candidate
ds_porridge_wheat_groats_medium,8,available,logical_necessity,required_ingredient_profiles,"[""sources/master-archive-v1/data/normalized_source_tables/food_system/food_seasonality.csv:SEA002792""]",B,candidate
ds_porridge_wheat_groats_medium,9,available,logical_necessity,required_ingredient_profiles,"[""sources/master-archive-v1/data/normalized_source_tables/food_system/food_seasonality.csv:SEA002793""]",B,candidate
ds_porridge_wheat_groats_medium,10,available,logical_necessity,required_ingredient_profiles,"[""sources/master-archive-v1/data/normalized_source_tables/food_system/food_seasonality.csv:SEA002794""]",B,candidate
ds_porridge_wheat_groats_medium,11,available,logical_necessity,required_ingredient_profiles,"[""sources/master-archive-v1/data/normalized_source_tables/food_system/food_seasonality.csv:SEA002795""]",B,candidate
ds_porridge_wheat_groats_medium,12,available,logical_necessity,required_ingredient_profiles,"[""sources/master-archive-v1/data/normalized_source_tables/food_system/food_seasonality.csv:SEA002796""]",B,candidate
ds_porridge_wheat_groats_thick,1,available,logical_necessity,required_ingredient_profiles,"[""sources/master-archive-v1/data/normalized_source_tables/food_system/food_seasonality.csv:SEA002797""]",B,candidate
ds_porridge_wheat_groats_thick,2,available,logical_necessity,required_ingredient_profiles,"[""sources/master-archive-v1/data/normalized_source_tables/food_system/food_seasonality.csv:SEA002798""]",B,candidate
ds_porridge_wheat_groats_thick,3,available,logical_necessity,required_ingredient_profiles,"[""sources/master-archive-v1/data/normalized_source_tables/food_system/food_seasonality.csv:SEA002799""]",B,candidate
ds_porridge_wheat_groats_thick,4,available,logical_necessity,required_ingredient_profiles,"[""sources/master-archive-v1/data/normalized_source_tables/food_system/food_seasonality.csv:SEA002800""]",B,candidate
ds_porridge_wheat_groats_thick,5,available,logical_necessity,required_ingredient_profiles,"[""sources/master-archive-v1/data/normalized_source_tables/food_system/food_seasonality.csv:SEA002801""]",B,candidate
ds_porridge_wheat_groats_thick,6,available,logical_necessity,required_ingredient_profiles,"[""sources/master-archive-v1/data/normalized_source_tables/food_system/food_seasonality.csv:SEA002802""]",B,candidate
ds_porridge_wheat_groats_thick,7,available,logical_necessity,required_ingredient_profiles,"[""sources/master-archive-v1/data/normalized_source_tables/food_system/food_seasonality.csv:SEA002803""]",B,candidate
ds_porridge_wheat_groats_thick,8,available,logical_necessity,required_ingredient_profiles,"[""sources/master-archive-v1/data/normalized_source_tables/food_system/food_seasonality.csv:SEA002804""]",B,candidate
ds_porridge_wheat_groats_thick,9,available,logical_necessity,required_ingredient_profiles,"[""sources/master-archive-v1/data/normalized_source_tables/food_system/food_seasonality.csv:SEA002805""]",B,candidate
ds_porridge_wheat_groats_thick,10,available,logical_necessity,required_ingredient_profiles,"[""sources/master-archive-v1/data/normalized_source_tables/food_system/food_seasonality.csv:SEA002806""]",B,candidate
ds_porridge_wheat_groats_thick,11,available,logical_necessity,required_ingredient_profiles,"[""sources/master-archive-v1/data/normalized_source_tables/food_system/food_seasonality.csv:SEA002807""]",B,candidate
ds_porridge_wheat_groats_thick,12,available,logical_necessity,required_ingredient_profiles,"[""sources/master-archive-v1/data/normalized_source_tables/food_system/food_seasonality.csv:SEA002808""]",B,candidate
ds_porridge_barley_groats_medium_milk,1,rare,logical_necessity,required_ingredient_profiles,"[""sources/master-archive-v1/data/normalized_source_tables/food_system/food_seasonality.csv:SEA002809""]",B,candidate
ds_porridge_barley_groats_medium_milk,2,rare,logical_necessity,required_ingredient_profiles,"[""sources/master-archive-v1/data/normalized_source_tables/food_system/food_seasonality.csv:SEA002810""]",B,candidate
ds_porridge_barley_groats_medium_milk,3,rare,logical_necessity,required_ingredient_profiles,"[""sources/master-archive-v1/data/normalized_source_tables/food_system/food_seasonality.csv:SEA002811""]",B,candidate
ds_porridge_barley_groats_medium_milk,4,rare,logical_necessity,required_ingredient_profiles,"[""sources/master-archive-v1/data/normalized_source_tables/food_system/food_seasonality.csv:SEA002812""]",B,candidate
ds_porridge_barley_groats_medium_milk,5,available,logical_necessity,required_ingredient_profiles,"[""sources/master-archive-v1/data/normalized_source_tables/food_system/food_seasonality.csv:SEA002813""]",B,candidate
ds_porridge_barley_groats_medium_milk,6,available,logical_necessity,required_ingredient_profiles,"[""sources/master-archive-v1/data/normalized_source_tables/food_system/food_seasonality.csv:SEA002814""]",B,candidate
ds_porridge_barley_groats_medium_milk,7,available,logical_necessity,required_ingredient_profiles,"[""sources/master-archive-v1/data/normalized_source_tables/food_system/food_seasonality.csv:SEA002815""]",B,candidate
ds_porridge_barley_groats_medium_milk,8,available,logical_necessity,required_ingredient_profiles,"[""sources/master-archive-v1/data/normalized_source_tables/food_system/food_seasonality.csv:SEA002816""]",B,candidate
ds_porridge_barley_groats_medium_milk,9,available,logical_necessity,required_ingredient_profiles,"[""sources/master-archive-v1/data/normalized_source_tables/food_system/food_seasonality.csv:SEA002817""]",B,candidate
ds_porridge_barley_groats_medium_milk,10,rare,logical_necessity,required_ingredient_profiles,"[""sources/master-archive-v1/data/normalized_source_tables/food_system/food_seasonality.csv:SEA002818""]",B,candidate
ds_porridge_barley_groats_medium_milk,11,rare,logical_necessity,required_ingredient_profiles,"[""sources/master-archive-v1/data/normalized_source_tables/food_system/food_seasonality.csv:SEA002819""]",B,candidate
ds_porridge_barley_groats_medium_milk,12,rare,logical_necessity,required_ingredient_profiles,"[""sources/master-archive-v1/data/normalized_source_tables/food_system/food_seasonality.csv:SEA002820""]",B,candidate
ds_porridge_barley_groats_medium_butter,1,available,logical_necessity,required_ingredient_profiles,"[""sources/master-archive-v1/data/normalized_source_tables/food_system/food_seasonality.csv:SEA002821""]",B,candidate
ds_porridge_barley_groats_medium_butter,2,available,logical_necessity,required_ingredient_profiles,"[""sources/master-archive-v1/data/normalized_source_tables/food_system/food_seasonality.csv:SEA002822""]",B,candidate
ds_porridge_barley_groats_medium_butter,3,available,logical_necessity,required_ingredient_profiles,"[""sources/master-archive-v1/data/normalized_source_tables/food_system/food_seasonality.csv:SEA002823""]",B,candidate
ds_porridge_barley_groats_medium_butter,4,rare,logical_necessity,required_ingredient_profiles,"[""sources/master-archive-v1/data/normalized_source_tables/food_system/food_seasonality.csv:SEA002824""]",B,candidate
ds_porridge_barley_groats_medium_butter,5,rare,logical_necessity,required_ingredient_profiles,"[""sources/master-archive-v1/data/normalized_source_tables/food_system/food_seasonality.csv:SEA002825""]",B,candidate
ds_porridge_barley_groats_medium_butter,6,rare,logical_necessity,required_ingredient_profiles,"[""sources/master-archive-v1/data/normalized_source_tables/food_system/food_seasonality.csv:SEA002826""]",B,candidate
ds_porridge_barley_groats_medium_butter,7,rare,logical_necessity,required_ingredient_profiles,"[""sources/master-archive-v1/data/normalized_source_tables/food_system/food_seasonality.csv:SEA002827""]",B,candidate
ds_porridge_barley_groats_medium_butter,8,rare,logical_necessity,required_ingredient_profiles,"[""sources/master-archive-v1/data/normalized_source_tables/food_system/food_seasonality.csv:SEA002828""]",B,candidate
ds_porridge_barley_groats_medium_butter,9,rare,logical_necessity,required_ingredient_profiles,"[""sources/master-archive-v1/data/normalized_source_tables/food_system/food_seasonality.csv:SEA002829""]",B,candidate
ds_porridge_barley_groats_medium_butter,10,available,logical_necessity,required_ingredient_profiles,"[""sources/master-archive-v1/data/normalized_source_tables/food_system/food_seasonality.csv:SEA002830""]",B,candidate
ds_porridge_barley_groats_medium_butter,11,available,logical_necessity,required_ingredient_profiles,"[""sources/master-archive-v1/data/normalized_source_tables/food_system/food_seasonality.csv:SEA002831""]",B,candidate
ds_porridge_barley_groats_medium_butter,12,available,logical_necessity,required_ingredient_profiles,"[""sources/master-archive-v1/data/normalized_source_tables/food_system/food_seasonality.csv:SEA002832""]",B,candidate
ds_porridge_barley_groats_medium_honey,1,available,logical_necessity,required_ingredient_profiles,"[""sources/master-archive-v1/data/normalized_source_tables/food_system/food_seasonality.csv:SEA002833""]",B,candidate
ds_porridge_barley_groats_medium_honey,2,available,logical_necessity,required_ingredient_profiles,"[""sources/master-archive-v1/data/normalized_source_tables/food_system/food_seasonality.csv:SEA002834""]",B,candidate
ds_porridge_barley_groats_medium_honey,3,available,logical_necessity,required_ingredient_profiles,"[""sources/master-archive-v1/data/normalized_source_tables/food_system/food_seasonality.csv:SEA002835""]",B,candidate
ds_porridge_barley_groats_medium_honey,4,available,logical_necessity,required_ingredient_profiles,"[""sources/master-archive-v1/data/normalized_source_tables/food_system/food_seasonality.csv:SEA002836""]",B,candidate
ds_porridge_barley_groats_medium_honey,5,available,logical_necessity,required_ingredient_profiles,"[""sources/master-archive-v1/data/normalized_source_tables/food_system/food_seasonality.csv:SEA002837""]",B,candidate
ds_porridge_barley_groats_medium_honey,6,available,logical_necessity,required_ingredient_profiles,"[""sources/master-archive-v1/data/normalized_source_tables/food_system/food_seasonality.csv:SEA002838""]",B,candidate
ds_porridge_barley_groats_medium_honey,7,available,logical_necessity,required_ingredient_profiles,"[""sources/master-archive-v1/data/normalized_source_tables/food_system/food_seasonality.csv:SEA002839""]",B,candidate
ds_porridge_barley_groats_medium_honey,8,available,logical_necessity,required_ingredient_profiles,"[""sources/master-archive-v1/data/normalized_source_tables/food_system/food_seasonality.csv:SEA002840""]",B,candidate
ds_porridge_barley_groats_medium_honey,9,available,logical_necessity,required_ingredient_profiles,"[""sources/master-archive-v1/data/normalized_source_tables/food_system/food_seasonality.csv:SEA002841""]",B,candidate
ds_porridge_barley_groats_medium_honey,10,available,logical_necessity,required_ingredient_profiles,"[""sources/master-archive-v1/data/normalized_source_tables/food_system/food_seasonality.csv:SEA002842""]",B,candidate
ds_porridge_barley_groats_medium_honey,11,available,logical_necessity,required_ingredient_profiles,"[""sources/master-archive-v1/data/normalized_source_tables/food_system/food_seasonality.csv:SEA002843""]",B,candidate
ds_porridge_barley_groats_medium_honey,12,available,logical_necessity,required_ingredient_profiles,"[""sources/master-archive-v1/data/normalized_source_tables/food_system/food_seasonality.csv:SEA002844""]",B,candidate
ds_porridge_barley_groats_medium_berries,1,unavailable,logical_necessity,required_ingredient_profiles,"[""sources/master-archive-v1/data/normalized_source_tables/food_system/food_seasonality.csv:SEA002845""]",B,candidate
ds_porridge_barley_groats_medium_berries,2,unavailable,logical_necessity,required_ingredient_profiles,"[""sources/master-archive-v1/data/normalized_source_tables/food_system/food_seasonality.csv:SEA002846""]",B,candidate
ds_porridge_barley_groats_medium_berries,3,unavailable,logical_necessity,required_ingredient_profiles,"[""sources/master-archive-v1/data/normalized_source_tables/food_system/food_seasonality.csv:SEA002847""]",B,candidate
ds_porridge_barley_groats_medium_berries,4,unavailable,logical_necessity,required_ingredient_profiles,"[""sources/master-archive-v1/data/normalized_source_tables/food_system/food_seasonality.csv:SEA002848""]",B,candidate
ds_porridge_barley_groats_medium_berries,5,unavailable,logical_necessity,required_ingredient_profiles,"[""sources/master-archive-v1/data/normalized_source_tables/food_system/food_seasonality.csv:SEA002849""]",B,candidate
ds_porridge_barley_groats_medium_berries,6,unavailable,logical_necessity,required_ingredient_profiles,"[""sources/master-archive-v1/data/normalized_source_tables/food_system/food_seasonality.csv:SEA002850""]",B,candidate
ds_porridge_barley_groats_medium_berries,7,available,logical_necessity,required_ingredient_profiles,"[""sources/master-archive-v1/data/normalized_source_tables/food_system/food_seasonality.csv:SEA002851""]",B,candidate
ds_porridge_barley_groats_medium_berries,8,available,logical_necessity,required_ingredient_profiles,"[""sources/master-archive-v1/data/normalized_source_tables/food_system/food_seasonality.csv:SEA002852""]",B,candidate
ds_porridge_barley_groats_medium_berries,9,unavailable,logical_necessity,required_ingredient_profiles,"[""sources/master-archive-v1/data/normalized_source_tables/food_system/food_seasonality.csv:SEA002853""]",B,candidate
ds_porridge_barley_groats_medium_berries,10,unavailable,logical_necessity,required_ingredient_profiles,"[""sources/master-archive-v1/data/normalized_source_tables/food_system/food_seasonality.csv:SEA002854""]",B,candidate
ds_porridge_barley_groats_medium_berries,11,unavailable,logical_necessity,required_ingredient_profiles,"[""sources/master-archive-v1/data/normalized_source_tables/food_system/food_seasonality.csv:SEA002855""]",B,candidate
ds_porridge_barley_groats_medium_berries,12,unavailable,logical_necessity,required_ingredient_profiles,"[""sources/master-archive-v1/data/normalized_source_tables/food_system/food_seasonality.csv:SEA002856""]",B,candidate
ds_porridge_barley_groats_medium_onion,1,available,logical_necessity,required_ingredient_profiles,"[""sources/master-archive-v1/data/normalized_source_tables/food_system/food_seasonality.csv:SEA002857""]",B,candidate
ds_porridge_barley_groats_medium_onion,2,available,logical_necessity,required_ingredient_profiles,"[""sources/master-archive-v1/data/normalized_source_tables/food_system/food_seasonality.csv:SEA002858""]",B,candidate
ds_porridge_barley_groats_medium_onion,3,available,logical_necessity,required_ingredient_profiles,"[""sources/master-archive-v1/data/normalized_source_tables/food_system/food_seasonality.csv:SEA002859""]",B,candidate
ds_porridge_barley_groats_medium_onion,4,available,logical_necessity,required_ingredient_profiles,"[""sources/master-archive-v1/data/normalized_source_tables/food_system/food_seasonality.csv:SEA002860""]",B,candidate
ds_porridge_barley_groats_medium_onion,5,available,logical_necessity,required_ingredient_profiles,"[""sources/master-archive-v1/data/normalized_source_tables/food_system/food_seasonality.csv:SEA002861""]",B,candidate
ds_porridge_barley_groats_medium_onion,6,available,logical_necessity,required_ingredient_profiles,"[""sources/master-archive-v1/data/normalized_source_tables/food_system/food_seasonality.csv:SEA002862""]",B,candidate
ds_porridge_barley_groats_medium_onion,7,available,logical_necessity,required_ingredient_profiles,"[""sources/master-archive-v1/data/normalized_source_tables/food_system/food_seasonality.csv:SEA002863""]",B,candidate
ds_porridge_barley_groats_medium_onion,8,available,logical_necessity,required_ingredient_profiles,"[""sources/master-archive-v1/data/normalized_source_tables/food_system/food_seasonality.csv:SEA002864""]",B,candidate
ds_porridge_barley_groats_medium_onion,9,available,logical_necessity,required_ingredient_profiles,"[""sources/master-archive-v1/data/normalized_source_tables/food_system/food_seasonality.csv:SEA002865""]",B,candidate
ds_porridge_barley_groats_medium_onion,10,available,logical_necessity,required_ingredient_profiles,"[""sources/master-archive-v1/data/normalized_source_tables/food_system/food_seasonality.csv:SEA002866""]",B,candidate
ds_porridge_barley_groats_medium_onion,11,available,logical_necessity,required_ingredient_profiles,"[""sources/master-archive-v1/data/normalized_source_tables/food_system/food_seasonality.csv:SEA002867""]",B,candidate
ds_porridge_barley_groats_medium_onion,12,available,logical_necessity,required_ingredient_profiles,"[""sources/master-archive-v1/data/normalized_source_tables/food_system/food_seasonality.csv:SEA002868""]",B,candidate
ds_porridge_oat_groats_medium_milk,1,rare,logical_necessity,required_ingredient_profiles,"[""sources/master-archive-v1/data/normalized_source_tables/food_system/food_seasonality.csv:SEA002869""]",B,candidate
ds_porridge_oat_groats_medium_milk,2,rare,logical_necessity,required_ingredient_profiles,"[""sources/master-archive-v1/data/normalized_source_tables/food_system/food_seasonality.csv:SEA002870""]",B,candidate
ds_porridge_oat_groats_medium_milk,3,rare,logical_necessity,required_ingredient_profiles,"[""sources/master-archive-v1/data/normalized_source_tables/food_system/food_seasonality.csv:SEA002871""]",B,candidate
ds_porridge_oat_groats_medium_milk,4,rare,logical_necessity,required_ingredient_profiles,"[""sources/master-archive-v1/data/normalized_source_tables/food_system/food_seasonality.csv:SEA002872""]",B,candidate
ds_porridge_oat_groats_medium_milk,5,available,logical_necessity,required_ingredient_profiles,"[""sources/master-archive-v1/data/normalized_source_tables/food_system/food_seasonality.csv:SEA002873""]",B,candidate
ds_porridge_oat_groats_medium_milk,6,available,logical_necessity,required_ingredient_profiles,"[""sources/master-archive-v1/data/normalized_source_tables/food_system/food_seasonality.csv:SEA002874""]",B,candidate
ds_porridge_oat_groats_medium_milk,7,available,logical_necessity,required_ingredient_profiles,"[""sources/master-archive-v1/data/normalized_source_tables/food_system/food_seasonality.csv:SEA002875""]",B,candidate
ds_porridge_oat_groats_medium_milk,8,available,logical_necessity,required_ingredient_profiles,"[""sources/master-archive-v1/data/normalized_source_tables/food_system/food_seasonality.csv:SEA002876""]",B,candidate
ds_porridge_oat_groats_medium_milk,9,available,logical_necessity,required_ingredient_profiles,"[""sources/master-archive-v1/data/normalized_source_tables/food_system/food_seasonality.csv:SEA002877""]",B,candidate
ds_porridge_oat_groats_medium_milk,10,rare,logical_necessity,required_ingredient_profiles,"[""sources/master-archive-v1/data/normalized_source_tables/food_system/food_seasonality.csv:SEA002878""]",B,candidate
ds_porridge_oat_groats_medium_milk,11,rare,logical_necessity,required_ingredient_profiles,"[""sources/master-archive-v1/data/normalized_source_tables/food_system/food_seasonality.csv:SEA002879""]",B,candidate
ds_porridge_oat_groats_medium_milk,12,rare,logical_necessity,required_ingredient_profiles,"[""sources/master-archive-v1/data/normalized_source_tables/food_system/food_seasonality.csv:SEA002880""]",B,candidate
ds_porridge_oat_groats_medium_butter,1,available,logical_necessity,required_ingredient_profiles,"[""sources/master-archive-v1/data/normalized_source_tables/food_system/food_seasonality.csv:SEA002881""]",B,candidate
ds_porridge_oat_groats_medium_butter,2,available,logical_necessity,required_ingredient_profiles,"[""sources/master-archive-v1/data/normalized_source_tables/food_system/food_seasonality.csv:SEA002882""]",B,candidate
ds_porridge_oat_groats_medium_butter,3,available,logical_necessity,required_ingredient_profiles,"[""sources/master-archive-v1/data/normalized_source_tables/food_system/food_seasonality.csv:SEA002883""]",B,candidate
ds_porridge_oat_groats_medium_butter,4,rare,logical_necessity,required_ingredient_profiles,"[""sources/master-archive-v1/data/normalized_source_tables/food_system/food_seasonality.csv:SEA002884""]",B,candidate
ds_porridge_oat_groats_medium_butter,5,rare,logical_necessity,required_ingredient_profiles,"[""sources/master-archive-v1/data/normalized_source_tables/food_system/food_seasonality.csv:SEA002885""]",B,candidate
ds_porridge_oat_groats_medium_butter,6,rare,logical_necessity,required_ingredient_profiles,"[""sources/master-archive-v1/data/normalized_source_tables/food_system/food_seasonality.csv:SEA002886""]",B,candidate
ds_porridge_oat_groats_medium_butter,7,rare,logical_necessity,required_ingredient_profiles,"[""sources/master-archive-v1/data/normalized_source_tables/food_system/food_seasonality.csv:SEA002887""]",B,candidate
ds_porridge_oat_groats_medium_butter,8,rare,logical_necessity,required_ingredient_profiles,"[""sources/master-archive-v1/data/normalized_source_tables/food_system/food_seasonality.csv:SEA002888""]",B,candidate
ds_porridge_oat_groats_medium_butter,9,rare,logical_necessity,required_ingredient_profiles,"[""sources/master-archive-v1/data/normalized_source_tables/food_system/food_seasonality.csv:SEA002889""]",B,candidate
ds_porridge_oat_groats_medium_butter,10,available,logical_necessity,required_ingredient_profiles,"[""sources/master-archive-v1/data/normalized_source_tables/food_system/food_seasonality.csv:SEA002890""]",B,candidate
ds_porridge_oat_groats_medium_butter,11,available,logical_necessity,required_ingredient_profiles,"[""sources/master-archive-v1/data/normalized_source_tables/food_system/food_seasonality.csv:SEA002891""]",B,candidate
ds_porridge_oat_groats_medium_butter,12,available,logical_necessity,required_ingredient_profiles,"[""sources/master-archive-v1/data/normalized_source_tables/food_system/food_seasonality.csv:SEA002892""]",B,candidate
ds_porridge_oat_groats_medium_honey,1,available,logical_necessity,required_ingredient_profiles,"[""sources/master-archive-v1/data/normalized_source_tables/food_system/food_seasonality.csv:SEA002893""]",B,candidate
ds_porridge_oat_groats_medium_honey,2,available,logical_necessity,required_ingredient_profiles,"[""sources/master-archive-v1/data/normalized_source_tables/food_system/food_seasonality.csv:SEA002894""]",B,candidate
ds_porridge_oat_groats_medium_honey,3,available,logical_necessity,required_ingredient_profiles,"[""sources/master-archive-v1/data/normalized_source_tables/food_system/food_seasonality.csv:SEA002895""]",B,candidate
ds_porridge_oat_groats_medium_honey,4,available,logical_necessity,required_ingredient_profiles,"[""sources/master-archive-v1/data/normalized_source_tables/food_system/food_seasonality.csv:SEA002896""]",B,candidate
ds_porridge_oat_groats_medium_honey,5,available,logical_necessity,required_ingredient_profiles,"[""sources/master-archive-v1/data/normalized_source_tables/food_system/food_seasonality.csv:SEA002897""]",B,candidate
ds_porridge_oat_groats_medium_honey,6,available,logical_necessity,required_ingredient_profiles,"[""sources/master-archive-v1/data/normalized_source_tables/food_system/food_seasonality.csv:SEA002898""]",B,candidate
ds_porridge_oat_groats_medium_honey,7,available,logical_necessity,required_ingredient_profiles,"[""sources/master-archive-v1/data/normalized_source_tables/food_system/food_seasonality.csv:SEA002899""]",B,candidate
ds_porridge_oat_groats_medium_honey,8,available,logical_necessity,required_ingredient_profiles,"[""sources/master-archive-v1/data/normalized_source_tables/food_system/food_seasonality.csv:SEA002900""]",B,candidate
ds_porridge_oat_groats_medium_honey,9,available,logical_necessity,required_ingredient_profiles,"[""sources/master-archive-v1/data/normalized_source_tables/food_system/food_seasonality.csv:SEA002901""]",B,candidate
ds_porridge_oat_groats_medium_honey,10,available,logical_necessity,required_ingredient_profiles,"[""sources/master-archive-v1/data/normalized_source_tables/food_system/food_seasonality.csv:SEA002902""]",B,candidate
ds_porridge_oat_groats_medium_honey,11,available,logical_necessity,required_ingredient_profiles,"[""sources/master-archive-v1/data/normalized_source_tables/food_system/food_seasonality.csv:SEA002903""]",B,candidate
ds_porridge_oat_groats_medium_honey,12,available,logical_necessity,required_ingredient_profiles,"[""sources/master-archive-v1/data/normalized_source_tables/food_system/food_seasonality.csv:SEA002904""]",B,candidate
ds_porridge_oat_groats_medium_berries,1,unavailable,logical_necessity,required_ingredient_profiles,"[""sources/master-archive-v1/data/normalized_source_tables/food_system/food_seasonality.csv:SEA002905""]",B,candidate
ds_porridge_oat_groats_medium_berries,2,unavailable,logical_necessity,required_ingredient_profiles,"[""sources/master-archive-v1/data/normalized_source_tables/food_system/food_seasonality.csv:SEA002906""]",B,candidate
ds_porridge_oat_groats_medium_berries,3,unavailable,logical_necessity,required_ingredient_profiles,"[""sources/master-archive-v1/data/normalized_source_tables/food_system/food_seasonality.csv:SEA002907""]",B,candidate
ds_porridge_oat_groats_medium_berries,4,unavailable,logical_necessity,required_ingredient_profiles,"[""sources/master-archive-v1/data/normalized_source_tables/food_system/food_seasonality.csv:SEA002908""]",B,candidate
ds_porridge_oat_groats_medium_berries,5,unavailable,logical_necessity,required_ingredient_profiles,"[""sources/master-archive-v1/data/normalized_source_tables/food_system/food_seasonality.csv:SEA002909""]",B,candidate
ds_porridge_oat_groats_medium_berries,6,unavailable,logical_necessity,required_ingredient_profiles,"[""sources/master-archive-v1/data/normalized_source_tables/food_system/food_seasonality.csv:SEA002910""]",B,candidate
ds_porridge_oat_groats_medium_berries,7,available,logical_necessity,required_ingredient_profiles,"[""sources/master-archive-v1/data/normalized_source_tables/food_system/food_seasonality.csv:SEA002911""]",B,candidate
ds_porridge_oat_groats_medium_berries,8,available,logical_necessity,required_ingredient_profiles,"[""sources/master-archive-v1/data/normalized_source_tables/food_system/food_seasonality.csv:SEA002912""]",B,candidate
ds_porridge_oat_groats_medium_berries,9,unavailable,logical_necessity,required_ingredient_profiles,"[""sources/master-archive-v1/data/normalized_source_tables/food_system/food_seasonality.csv:SEA002913""]",B,candidate
ds_porridge_oat_groats_medium_berries,10,unavailable,logical_necessity,required_ingredient_profiles,"[""sources/master-archive-v1/data/normalized_source_tables/food_system/food_seasonality.csv:SEA002914""]",B,candidate
ds_porridge_oat_groats_medium_berries,11,unavailable,logical_necessity,required_ingredient_profiles,"[""sources/master-archive-v1/data/normalized_source_tables/food_system/food_seasonality.csv:SEA002915""]",B,candidate
ds_porridge_oat_groats_medium_berries,12,unavailable,logical_necessity,required_ingredient_profiles,"[""sources/master-archive-v1/data/normalized_source_tables/food_system/food_seasonality.csv:SEA002916""]",B,candidate
ds_porridge_oat_groats_medium_onion,1,available,logical_necessity,required_ingredient_profiles,"[""sources/master-archive-v1/data/normalized_source_tables/food_system/food_seasonality.csv:SEA002917""]",B,candidate
ds_porridge_oat_groats_medium_onion,2,available,logical_necessity,required_ingredient_profiles,"[""sources/master-archive-v1/data/normalized_source_tables/food_system/food_seasonality.csv:SEA002918""]",B,candidate
ds_porridge_oat_groats_medium_onion,3,available,logical_necessity,required_ingredient_profiles,"[""sources/master-archive-v1/data/normalized_source_tables/food_system/food_seasonality.csv:SEA002919""]",B,candidate
ds_porridge_oat_groats_medium_onion,4,available,logical_necessity,required_ingredient_profiles,"[""sources/master-archive-v1/data/normalized_source_tables/food_system/food_seasonality.csv:SEA002920""]",B,candidate
ds_porridge_oat_groats_medium_onion,5,available,logical_necessity,required_ingredient_profiles,"[""sources/master-archive-v1/data/normalized_source_tables/food_system/food_seasonality.csv:SEA002921""]",B,candidate
ds_porridge_oat_groats_medium_onion,6,available,logical_necessity,required_ingredient_profiles,"[""sources/master-archive-v1/data/normalized_source_tables/food_system/food_seasonality.csv:SEA002922""]",B,candidate
ds_porridge_oat_groats_medium_onion,7,available,logical_necessity,required_ingredient_profiles,"[""sources/master-archive-v1/data/normalized_source_tables/food_system/food_seasonality.csv:SEA002923""]",B,candidate
ds_porridge_oat_groats_medium_onion,8,available,logical_necessity,required_ingredient_profiles,"[""sources/master-archive-v1/data/normalized_source_tables/food_system/food_seasonality.csv:SEA002924""]",B,candidate
ds_porridge_oat_groats_medium_onion,9,available,logical_necessity,required_ingredient_profiles,"[""sources/master-archive-v1/data/normalized_source_tables/food_system/food_seasonality.csv:SEA002925""]",B,candidate
ds_porridge_oat_groats_medium_onion,10,available,logical_necessity,required_ingredient_profiles,"[""sources/master-archive-v1/data/normalized_source_tables/food_system/food_seasonality.csv:SEA002926""]",B,candidate
ds_porridge_oat_groats_medium_onion,11,available,logical_necessity,required_ingredient_profiles,"[""sources/master-archive-v1/data/normalized_source_tables/food_system/food_seasonality.csv:SEA002927""]",B,candidate
ds_porridge_oat_groats_medium_onion,12,available,logical_necessity,required_ingredient_profiles,"[""sources/master-archive-v1/data/normalized_source_tables/food_system/food_seasonality.csv:SEA002928""]",B,candidate
ds_porridge_millet_groats_medium_milk,1,rare,logical_necessity,required_ingredient_profiles,"[""sources/master-archive-v1/data/normalized_source_tables/food_system/food_seasonality.csv:SEA002929""]",B,candidate
ds_porridge_millet_groats_medium_milk,2,rare,logical_necessity,required_ingredient_profiles,"[""sources/master-archive-v1/data/normalized_source_tables/food_system/food_seasonality.csv:SEA002930""]",B,candidate
ds_porridge_millet_groats_medium_milk,3,rare,logical_necessity,required_ingredient_profiles,"[""sources/master-archive-v1/data/normalized_source_tables/food_system/food_seasonality.csv:SEA002931""]",B,candidate
ds_porridge_millet_groats_medium_milk,4,rare,logical_necessity,required_ingredient_profiles,"[""sources/master-archive-v1/data/normalized_source_tables/food_system/food_seasonality.csv:SEA002932""]",B,candidate
ds_porridge_millet_groats_medium_milk,5,available,logical_necessity,required_ingredient_profiles,"[""sources/master-archive-v1/data/normalized_source_tables/food_system/food_seasonality.csv:SEA002933""]",B,candidate
ds_porridge_millet_groats_medium_milk,6,available,logical_necessity,required_ingredient_profiles,"[""sources/master-archive-v1/data/normalized_source_tables/food_system/food_seasonality.csv:SEA002934""]",B,candidate
ds_porridge_millet_groats_medium_milk,7,available,logical_necessity,required_ingredient_profiles,"[""sources/master-archive-v1/data/normalized_source_tables/food_system/food_seasonality.csv:SEA002935""]",B,candidate
ds_porridge_millet_groats_medium_milk,8,available,logical_necessity,required_ingredient_profiles,"[""sources/master-archive-v1/data/normalized_source_tables/food_system/food_seasonality.csv:SEA002936""]",B,candidate
ds_porridge_millet_groats_medium_milk,9,available,logical_necessity,required_ingredient_profiles,"[""sources/master-archive-v1/data/normalized_source_tables/food_system/food_seasonality.csv:SEA002937""]",B,candidate
ds_porridge_millet_groats_medium_milk,10,rare,logical_necessity,required_ingredient_profiles,"[""sources/master-archive-v1/data/normalized_source_tables/food_system/food_seasonality.csv:SEA002938""]",B,candidate
ds_porridge_millet_groats_medium_milk,11,rare,logical_necessity,required_ingredient_profiles,"[""sources/master-archive-v1/data/normalized_source_tables/food_system/food_seasonality.csv:SEA002939""]",B,candidate
ds_porridge_millet_groats_medium_milk,12,rare,logical_necessity,required_ingredient_profiles,"[""sources/master-archive-v1/data/normalized_source_tables/food_system/food_seasonality.csv:SEA002940""]",B,candidate
ds_porridge_millet_groats_medium_butter,1,available,logical_necessity,required_ingredient_profiles,"[""sources/master-archive-v1/data/normalized_source_tables/food_system/food_seasonality.csv:SEA002941""]",B,candidate
ds_porridge_millet_groats_medium_butter,2,available,logical_necessity,required_ingredient_profiles,"[""sources/master-archive-v1/data/normalized_source_tables/food_system/food_seasonality.csv:SEA002942""]",B,candidate
ds_porridge_millet_groats_medium_butter,3,available,logical_necessity,required_ingredient_profiles,"[""sources/master-archive-v1/data/normalized_source_tables/food_system/food_seasonality.csv:SEA002943""]",B,candidate
ds_porridge_millet_groats_medium_butter,4,rare,logical_necessity,required_ingredient_profiles,"[""sources/master-archive-v1/data/normalized_source_tables/food_system/food_seasonality.csv:SEA002944""]",B,candidate
ds_porridge_millet_groats_medium_butter,5,rare,logical_necessity,required_ingredient_profiles,"[""sources/master-archive-v1/data/normalized_source_tables/food_system/food_seasonality.csv:SEA002945""]",B,candidate
ds_porridge_millet_groats_medium_butter,6,rare,logical_necessity,required_ingredient_profiles,"[""sources/master-archive-v1/data/normalized_source_tables/food_system/food_seasonality.csv:SEA002946""]",B,candidate
ds_porridge_millet_groats_medium_butter,7,rare,logical_necessity,required_ingredient_profiles,"[""sources/master-archive-v1/data/normalized_source_tables/food_system/food_seasonality.csv:SEA002947""]",B,candidate
ds_porridge_millet_groats_medium_butter,8,rare,logical_necessity,required_ingredient_profiles,"[""sources/master-archive-v1/data/normalized_source_tables/food_system/food_seasonality.csv:SEA002948""]",B,candidate
ds_porridge_millet_groats_medium_butter,9,rare,logical_necessity,required_ingredient_profiles,"[""sources/master-archive-v1/data/normalized_source_tables/food_system/food_seasonality.csv:SEA002949""]",B,candidate
ds_porridge_millet_groats_medium_butter,10,available,logical_necessity,required_ingredient_profiles,"[""sources/master-archive-v1/data/normalized_source_tables/food_system/food_seasonality.csv:SEA002950""]",B,candidate
ds_porridge_millet_groats_medium_butter,11,available,logical_necessity,required_ingredient_profiles,"[""sources/master-archive-v1/data/normalized_source_tables/food_system/food_seasonality.csv:SEA002951""]",B,candidate
ds_porridge_millet_groats_medium_butter,12,available,logical_necessity,required_ingredient_profiles,"[""sources/master-archive-v1/data/normalized_source_tables/food_system/food_seasonality.csv:SEA002952""]",B,candidate
ds_porridge_millet_groats_medium_honey,1,available,logical_necessity,required_ingredient_profiles,"[""sources/master-archive-v1/data/normalized_source_tables/food_system/food_seasonality.csv:SEA002953""]",B,candidate
ds_porridge_millet_groats_medium_honey,2,available,logical_necessity,required_ingredient_profiles,"[""sources/master-archive-v1/data/normalized_source_tables/food_system/food_seasonality.csv:SEA002954""]",B,candidate
ds_porridge_millet_groats_medium_honey,3,available,logical_necessity,required_ingredient_profiles,"[""sources/master-archive-v1/data/normalized_source_tables/food_system/food_seasonality.csv:SEA002955""]",B,candidate
ds_porridge_millet_groats_medium_honey,4,available,logical_necessity,required_ingredient_profiles,"[""sources/master-archive-v1/data/normalized_source_tables/food_system/food_seasonality.csv:SEA002956""]",B,candidate
ds_porridge_millet_groats_medium_honey,5,available,logical_necessity,required_ingredient_profiles,"[""sources/master-archive-v1/data/normalized_source_tables/food_system/food_seasonality.csv:SEA002957""]",B,candidate
ds_porridge_millet_groats_medium_honey,6,available,logical_necessity,required_ingredient_profiles,"[""sources/master-archive-v1/data/normalized_source_tables/food_system/food_seasonality.csv:SEA002958""]",B,candidate
ds_porridge_millet_groats_medium_honey,7,available,logical_necessity,required_ingredient_profiles,"[""sources/master-archive-v1/data/normalized_source_tables/food_system/food_seasonality.csv:SEA002959""]",B,candidate
ds_porridge_millet_groats_medium_honey,8,available,logical_necessity,required_ingredient_profiles,"[""sources/master-archive-v1/data/normalized_source_tables/food_system/food_seasonality.csv:SEA002960""]",B,candidate
ds_porridge_millet_groats_medium_honey,9,available,logical_necessity,required_ingredient_profiles,"[""sources/master-archive-v1/data/normalized_source_tables/food_system/food_seasonality.csv:SEA002961""]",B,candidate
ds_porridge_millet_groats_medium_honey,10,available,logical_necessity,required_ingredient_profiles,"[""sources/master-archive-v1/data/normalized_source_tables/food_system/food_seasonality.csv:SEA002962""]",B,candidate
ds_porridge_millet_groats_medium_honey,11,available,logical_necessity,required_ingredient_profiles,"[""sources/master-archive-v1/data/normalized_source_tables/food_system/food_seasonality.csv:SEA002963""]",B,candidate
ds_porridge_millet_groats_medium_honey,12,available,logical_necessity,required_ingredient_profiles,"[""sources/master-archive-v1/data/normalized_source_tables/food_system/food_seasonality.csv:SEA002964""]",B,candidate
ds_porridge_millet_groats_medium_berries,1,unavailable,logical_necessity,required_ingredient_profiles,"[""sources/master-archive-v1/data/normalized_source_tables/food_system/food_seasonality.csv:SEA002965""]",B,candidate
ds_porridge_millet_groats_medium_berries,2,unavailable,logical_necessity,required_ingredient_profiles,"[""sources/master-archive-v1/data/normalized_source_tables/food_system/food_seasonality.csv:SEA002966""]",B,candidate
ds_porridge_millet_groats_medium_berries,3,unavailable,logical_necessity,required_ingredient_profiles,"[""sources/master-archive-v1/data/normalized_source_tables/food_system/food_seasonality.csv:SEA002967""]",B,candidate
ds_porridge_millet_groats_medium_berries,4,unavailable,logical_necessity,required_ingredient_profiles,"[""sources/master-archive-v1/data/normalized_source_tables/food_system/food_seasonality.csv:SEA002968""]",B,candidate
ds_porridge_millet_groats_medium_berries,5,unavailable,logical_necessity,required_ingredient_profiles,"[""sources/master-archive-v1/data/normalized_source_tables/food_system/food_seasonality.csv:SEA002969""]",B,candidate
ds_porridge_millet_groats_medium_berries,6,unavailable,logical_necessity,required_ingredient_profiles,"[""sources/master-archive-v1/data/normalized_source_tables/food_system/food_seasonality.csv:SEA002970""]",B,candidate
ds_porridge_millet_groats_medium_berries,7,available,logical_necessity,required_ingredient_profiles,"[""sources/master-archive-v1/data/normalized_source_tables/food_system/food_seasonality.csv:SEA002971""]",B,candidate
ds_porridge_millet_groats_medium_berries,8,available,logical_necessity,required_ingredient_profiles,"[""sources/master-archive-v1/data/normalized_source_tables/food_system/food_seasonality.csv:SEA002972""]",B,candidate
ds_porridge_millet_groats_medium_berries,9,unavailable,logical_necessity,required_ingredient_profiles,"[""sources/master-archive-v1/data/normalized_source_tables/food_system/food_seasonality.csv:SEA002973""]",B,candidate
ds_porridge_millet_groats_medium_berries,10,unavailable,logical_necessity,required_ingredient_profiles,"[""sources/master-archive-v1/data/normalized_source_tables/food_system/food_seasonality.csv:SEA002974""]",B,candidate
ds_porridge_millet_groats_medium_berries,11,unavailable,logical_necessity,required_ingredient_profiles,"[""sources/master-archive-v1/data/normalized_source_tables/food_system/food_seasonality.csv:SEA002975""]",B,candidate
ds_porridge_millet_groats_medium_berries,12,unavailable,logical_necessity,required_ingredient_profiles,"[""sources/master-archive-v1/data/normalized_source_tables/food_system/food_seasonality.csv:SEA002976""]",B,candidate
ds_porridge_millet_groats_medium_onion,1,available,logical_necessity,required_ingredient_profiles,"[""sources/master-archive-v1/data/normalized_source_tables/food_system/food_seasonality.csv:SEA002977""]",B,candidate
ds_porridge_millet_groats_medium_onion,2,available,logical_necessity,required_ingredient_profiles,"[""sources/master-archive-v1/data/normalized_source_tables/food_system/food_seasonality.csv:SEA002978""]",B,candidate
ds_porridge_millet_groats_medium_onion,3,available,logical_necessity,required_ingredient_profiles,"[""sources/master-archive-v1/data/normalized_source_tables/food_system/food_seasonality.csv:SEA002979""]",B,candidate
ds_porridge_millet_groats_medium_onion,4,available,logical_necessity,required_ingredient_profiles,"[""sources/master-archive-v1/data/normalized_source_tables/food_system/food_seasonality.csv:SEA002980""]",B,candidate
ds_porridge_millet_groats_medium_onion,5,available,logical_necessity,required_ingredient_profiles,"[""sources/master-archive-v1/data/normalized_source_tables/food_system/food_seasonality.csv:SEA002981""]",B,candidate
ds_porridge_millet_groats_medium_onion,6,available,logical_necessity,required_ingredient_profiles,"[""sources/master-archive-v1/data/normalized_source_tables/food_system/food_seasonality.csv:SEA002982""]",B,candidate
ds_porridge_millet_groats_medium_onion,7,available,logical_necessity,required_ingredient_profiles,"[""sources/master-archive-v1/data/normalized_source_tables/food_system/food_seasonality.csv:SEA002983""]",B,candidate
ds_porridge_millet_groats_medium_onion,8,available,logical_necessity,required_ingredient_profiles,"[""sources/master-archive-v1/data/normalized_source_tables/food_system/food_seasonality.csv:SEA002984""]",B,candidate
ds_porridge_millet_groats_medium_onion,9,available,logical_necessity,required_ingredient_profiles,"[""sources/master-archive-v1/data/normalized_source_tables/food_system/food_seasonality.csv:SEA002985""]",B,candidate
ds_porridge_millet_groats_medium_onion,10,available,logical_necessity,required_ingredient_profiles,"[""sources/master-archive-v1/data/normalized_source_tables/food_system/food_seasonality.csv:SEA002986""]",B,candidate
ds_porridge_millet_groats_medium_onion,11,available,logical_necessity,required_ingredient_profiles,"[""sources/master-archive-v1/data/normalized_source_tables/food_system/food_seasonality.csv:SEA002987""]",B,candidate
ds_porridge_millet_groats_medium_onion,12,available,logical_necessity,required_ingredient_profiles,"[""sources/master-archive-v1/data/normalized_source_tables/food_system/food_seasonality.csv:SEA002988""]",B,candidate
ds_porridge_rye_groats_medium_milk,1,rare,logical_necessity,required_ingredient_profiles,"[""sources/master-archive-v1/data/normalized_source_tables/food_system/food_seasonality.csv:SEA002989""]",B,candidate
ds_porridge_rye_groats_medium_milk,2,rare,logical_necessity,required_ingredient_profiles,"[""sources/master-archive-v1/data/normalized_source_tables/food_system/food_seasonality.csv:SEA002990""]",B,candidate
ds_porridge_rye_groats_medium_milk,3,rare,logical_necessity,required_ingredient_profiles,"[""sources/master-archive-v1/data/normalized_source_tables/food_system/food_seasonality.csv:SEA002991""]",B,candidate
ds_porridge_rye_groats_medium_milk,4,rare,logical_necessity,required_ingredient_profiles,"[""sources/master-archive-v1/data/normalized_source_tables/food_system/food_seasonality.csv:SEA002992""]",B,candidate
ds_porridge_rye_groats_medium_milk,5,available,logical_necessity,required_ingredient_profiles,"[""sources/master-archive-v1/data/normalized_source_tables/food_system/food_seasonality.csv:SEA002993""]",B,candidate
ds_porridge_rye_groats_medium_milk,6,available,logical_necessity,required_ingredient_profiles,"[""sources/master-archive-v1/data/normalized_source_tables/food_system/food_seasonality.csv:SEA002994""]",B,candidate
ds_porridge_rye_groats_medium_milk,7,available,logical_necessity,required_ingredient_profiles,"[""sources/master-archive-v1/data/normalized_source_tables/food_system/food_seasonality.csv:SEA002995""]",B,candidate
ds_porridge_rye_groats_medium_milk,8,available,logical_necessity,required_ingredient_profiles,"[""sources/master-archive-v1/data/normalized_source_tables/food_system/food_seasonality.csv:SEA002996""]",B,candidate
ds_porridge_rye_groats_medium_milk,9,available,logical_necessity,required_ingredient_profiles,"[""sources/master-archive-v1/data/normalized_source_tables/food_system/food_seasonality.csv:SEA002997""]",B,candidate
ds_porridge_rye_groats_medium_milk,10,rare,logical_necessity,required_ingredient_profiles,"[""sources/master-archive-v1/data/normalized_source_tables/food_system/food_seasonality.csv:SEA002998""]",B,candidate
ds_porridge_rye_groats_medium_milk,11,rare,logical_necessity,required_ingredient_profiles,"[""sources/master-archive-v1/data/normalized_source_tables/food_system/food_seasonality.csv:SEA002999""]",B,candidate
ds_porridge_rye_groats_medium_milk,12,rare,logical_necessity,required_ingredient_profiles,"[""sources/master-archive-v1/data/normalized_source_tables/food_system/food_seasonality.csv:SEA003000""]",B,candidate
ds_porridge_rye_groats_medium_butter,1,available,logical_necessity,required_ingredient_profiles,"[""sources/master-archive-v1/data/normalized_source_tables/food_system/food_seasonality.csv:SEA003001""]",B,candidate
ds_porridge_rye_groats_medium_butter,2,available,logical_necessity,required_ingredient_profiles,"[""sources/master-archive-v1/data/normalized_source_tables/food_system/food_seasonality.csv:SEA003002""]",B,candidate
ds_porridge_rye_groats_medium_butter,3,available,logical_necessity,required_ingredient_profiles,"[""sources/master-archive-v1/data/normalized_source_tables/food_system/food_seasonality.csv:SEA003003""]",B,candidate
ds_porridge_rye_groats_medium_butter,4,rare,logical_necessity,required_ingredient_profiles,"[""sources/master-archive-v1/data/normalized_source_tables/food_system/food_seasonality.csv:SEA003004""]",B,candidate
ds_porridge_rye_groats_medium_butter,5,rare,logical_necessity,required_ingredient_profiles,"[""sources/master-archive-v1/data/normalized_source_tables/food_system/food_seasonality.csv:SEA003005""]",B,candidate
ds_porridge_rye_groats_medium_butter,6,rare,logical_necessity,required_ingredient_profiles,"[""sources/master-archive-v1/data/normalized_source_tables/food_system/food_seasonality.csv:SEA003006""]",B,candidate
ds_porridge_rye_groats_medium_butter,7,rare,logical_necessity,required_ingredient_profiles,"[""sources/master-archive-v1/data/normalized_source_tables/food_system/food_seasonality.csv:SEA003007""]",B,candidate
ds_porridge_rye_groats_medium_butter,8,rare,logical_necessity,required_ingredient_profiles,"[""sources/master-archive-v1/data/normalized_source_tables/food_system/food_seasonality.csv:SEA003008""]",B,candidate
ds_porridge_rye_groats_medium_butter,9,rare,logical_necessity,required_ingredient_profiles,"[""sources/master-archive-v1/data/normalized_source_tables/food_system/food_seasonality.csv:SEA003009""]",B,candidate
ds_porridge_rye_groats_medium_butter,10,available,logical_necessity,required_ingredient_profiles,"[""sources/master-archive-v1/data/normalized_source_tables/food_system/food_seasonality.csv:SEA003010""]",B,candidate
ds_porridge_rye_groats_medium_butter,11,available,logical_necessity,required_ingredient_profiles,"[""sources/master-archive-v1/data/normalized_source_tables/food_system/food_seasonality.csv:SEA003011""]",B,candidate
ds_porridge_rye_groats_medium_butter,12,available,logical_necessity,required_ingredient_profiles,"[""sources/master-archive-v1/data/normalized_source_tables/food_system/food_seasonality.csv:SEA003012""]",B,candidate
ds_porridge_rye_groats_medium_honey,1,available,logical_necessity,required_ingredient_profiles,"[""sources/master-archive-v1/data/normalized_source_tables/food_system/food_seasonality.csv:SEA003013""]",B,candidate
ds_porridge_rye_groats_medium_honey,2,available,logical_necessity,required_ingredient_profiles,"[""sources/master-archive-v1/data/normalized_source_tables/food_system/food_seasonality.csv:SEA003014""]",B,candidate
ds_porridge_rye_groats_medium_honey,3,available,logical_necessity,required_ingredient_profiles,"[""sources/master-archive-v1/data/normalized_source_tables/food_system/food_seasonality.csv:SEA003015""]",B,candidate
ds_porridge_rye_groats_medium_honey,4,available,logical_necessity,required_ingredient_profiles,"[""sources/master-archive-v1/data/normalized_source_tables/food_system/food_seasonality.csv:SEA003016""]",B,candidate
ds_porridge_rye_groats_medium_honey,5,available,logical_necessity,required_ingredient_profiles,"[""sources/master-archive-v1/data/normalized_source_tables/food_system/food_seasonality.csv:SEA003017""]",B,candidate
ds_porridge_rye_groats_medium_honey,6,available,logical_necessity,required_ingredient_profiles,"[""sources/master-archive-v1/data/normalized_source_tables/food_system/food_seasonality.csv:SEA003018""]",B,candidate
ds_porridge_rye_groats_medium_honey,7,available,logical_necessity,required_ingredient_profiles,"[""sources/master-archive-v1/data/normalized_source_tables/food_system/food_seasonality.csv:SEA003019""]",B,candidate
ds_porridge_rye_groats_medium_honey,8,available,logical_necessity,required_ingredient_profiles,"[""sources/master-archive-v1/data/normalized_source_tables/food_system/food_seasonality.csv:SEA003020""]",B,candidate
ds_porridge_rye_groats_medium_honey,9,available,logical_necessity,required_ingredient_profiles,"[""sources/master-archive-v1/data/normalized_source_tables/food_system/food_seasonality.csv:SEA003021""]",B,candidate
ds_porridge_rye_groats_medium_honey,10,available,logical_necessity,required_ingredient_profiles,"[""sources/master-archive-v1/data/normalized_source_tables/food_system/food_seasonality.csv:SEA003022""]",B,candidate
ds_porridge_rye_groats_medium_honey,11,available,logical_necessity,required_ingredient_profiles,"[""sources/master-archive-v1/data/normalized_source_tables/food_system/food_seasonality.csv:SEA003023""]",B,candidate
ds_porridge_rye_groats_medium_honey,12,available,logical_necessity,required_ingredient_profiles,"[""sources/master-archive-v1/data/normalized_source_tables/food_system/food_seasonality.csv:SEA003024""]",B,candidate
ds_porridge_rye_groats_medium_berries,1,unavailable,logical_necessity,required_ingredient_profiles,"[""sources/master-archive-v1/data/normalized_source_tables/food_system/food_seasonality.csv:SEA003025""]",B,candidate
ds_porridge_rye_groats_medium_berries,2,unavailable,logical_necessity,required_ingredient_profiles,"[""sources/master-archive-v1/data/normalized_source_tables/food_system/food_seasonality.csv:SEA003026""]",B,candidate
ds_porridge_rye_groats_medium_berries,3,unavailable,logical_necessity,required_ingredient_profiles,"[""sources/master-archive-v1/data/normalized_source_tables/food_system/food_seasonality.csv:SEA003027""]",B,candidate
ds_porridge_rye_groats_medium_berries,4,unavailable,logical_necessity,required_ingredient_profiles,"[""sources/master-archive-v1/data/normalized_source_tables/food_system/food_seasonality.csv:SEA003028""]",B,candidate
ds_porridge_rye_groats_medium_berries,5,unavailable,logical_necessity,required_ingredient_profiles,"[""sources/master-archive-v1/data/normalized_source_tables/food_system/food_seasonality.csv:SEA003029""]",B,candidate
ds_porridge_rye_groats_medium_berries,6,unavailable,logical_necessity,required_ingredient_profiles,"[""sources/master-archive-v1/data/normalized_source_tables/food_system/food_seasonality.csv:SEA003030""]",B,candidate
ds_porridge_rye_groats_medium_berries,7,available,logical_necessity,required_ingredient_profiles,"[""sources/master-archive-v1/data/normalized_source_tables/food_system/food_seasonality.csv:SEA003031""]",B,candidate
ds_porridge_rye_groats_medium_berries,8,available,logical_necessity,required_ingredient_profiles,"[""sources/master-archive-v1/data/normalized_source_tables/food_system/food_seasonality.csv:SEA003032""]",B,candidate
ds_porridge_rye_groats_medium_berries,9,unavailable,logical_necessity,required_ingredient_profiles,"[""sources/master-archive-v1/data/normalized_source_tables/food_system/food_seasonality.csv:SEA003033""]",B,candidate
ds_porridge_rye_groats_medium_berries,10,unavailable,logical_necessity,required_ingredient_profiles,"[""sources/master-archive-v1/data/normalized_source_tables/food_system/food_seasonality.csv:SEA003034""]",B,candidate
ds_porridge_rye_groats_medium_berries,11,unavailable,logical_necessity,required_ingredient_profiles,"[""sources/master-archive-v1/data/normalized_source_tables/food_system/food_seasonality.csv:SEA003035""]",B,candidate
ds_porridge_rye_groats_medium_berries,12,unavailable,logical_necessity,required_ingredient_profiles,"[""sources/master-archive-v1/data/normalized_source_tables/food_system/food_seasonality.csv:SEA003036""]",B,candidate
ds_porridge_rye_groats_medium_onion,1,available,logical_necessity,required_ingredient_profiles,"[""sources/master-archive-v1/data/normalized_source_tables/food_system/food_seasonality.csv:SEA003037""]",B,candidate
ds_porridge_rye_groats_medium_onion,2,available,logical_necessity,required_ingredient_profiles,"[""sources/master-archive-v1/data/normalized_source_tables/food_system/food_seasonality.csv:SEA003038""]",B,candidate
ds_porridge_rye_groats_medium_onion,3,available,logical_necessity,required_ingredient_profiles,"[""sources/master-archive-v1/data/normalized_source_tables/food_system/food_seasonality.csv:SEA003039""]",B,candidate
ds_porridge_rye_groats_medium_onion,4,available,logical_necessity,required_ingredient_profiles,"[""sources/master-archive-v1/data/normalized_source_tables/food_system/food_seasonality.csv:SEA003040""]",B,candidate
ds_porridge_rye_groats_medium_onion,5,available,logical_necessity,required_ingredient_profiles,"[""sources/master-archive-v1/data/normalized_source_tables/food_system/food_seasonality.csv:SEA003041""]",B,candidate
ds_porridge_rye_groats_medium_onion,6,available,logical_necessity,required_ingredient_profiles,"[""sources/master-archive-v1/data/normalized_source_tables/food_system/food_seasonality.csv:SEA003042""]",B,candidate
ds_porridge_rye_groats_medium_onion,7,available,logical_necessity,required_ingredient_profiles,"[""sources/master-archive-v1/data/normalized_source_tables/food_system/food_seasonality.csv:SEA003043""]",B,candidate
ds_porridge_rye_groats_medium_onion,8,available,logical_necessity,required_ingredient_profiles,"[""sources/master-archive-v1/data/normalized_source_tables/food_system/food_seasonality.csv:SEA003044""]",B,candidate
ds_porridge_rye_groats_medium_onion,9,available,logical_necessity,required_ingredient_profiles,"[""sources/master-archive-v1/data/normalized_source_tables/food_system/food_seasonality.csv:SEA003045""]",B,candidate
ds_porridge_rye_groats_medium_onion,10,available,logical_necessity,required_ingredient_profiles,"[""sources/master-archive-v1/data/normalized_source_tables/food_system/food_seasonality.csv:SEA003046""]",B,candidate
ds_porridge_rye_groats_medium_onion,11,available,logical_necessity,required_ingredient_profiles,"[""sources/master-archive-v1/data/normalized_source_tables/food_system/food_seasonality.csv:SEA003047""]",B,candidate
ds_porridge_rye_groats_medium_onion,12,available,logical_necessity,required_ingredient_profiles,"[""sources/master-archive-v1/data/normalized_source_tables/food_system/food_seasonality.csv:SEA003048""]",B,candidate
ds_porridge_wheat_groats_medium_milk,1,rare,logical_necessity,required_ingredient_profiles,"[""sources/master-archive-v1/data/normalized_source_tables/food_system/food_seasonality.csv:SEA003049""]",B,candidate
ds_porridge_wheat_groats_medium_milk,2,rare,logical_necessity,required_ingredient_profiles,"[""sources/master-archive-v1/data/normalized_source_tables/food_system/food_seasonality.csv:SEA003050""]",B,candidate
ds_porridge_wheat_groats_medium_milk,3,rare,logical_necessity,required_ingredient_profiles,"[""sources/master-archive-v1/data/normalized_source_tables/food_system/food_seasonality.csv:SEA003051""]",B,candidate
ds_porridge_wheat_groats_medium_milk,4,rare,logical_necessity,required_ingredient_profiles,"[""sources/master-archive-v1/data/normalized_source_tables/food_system/food_seasonality.csv:SEA003052""]",B,candidate
ds_porridge_wheat_groats_medium_milk,5,available,logical_necessity,required_ingredient_profiles,"[""sources/master-archive-v1/data/normalized_source_tables/food_system/food_seasonality.csv:SEA003053""]",B,candidate
ds_porridge_wheat_groats_medium_milk,6,available,logical_necessity,required_ingredient_profiles,"[""sources/master-archive-v1/data/normalized_source_tables/food_system/food_seasonality.csv:SEA003054""]",B,candidate
ds_porridge_wheat_groats_medium_milk,7,available,logical_necessity,required_ingredient_profiles,"[""sources/master-archive-v1/data/normalized_source_tables/food_system/food_seasonality.csv:SEA003055""]",B,candidate
ds_porridge_wheat_groats_medium_milk,8,available,logical_necessity,required_ingredient_profiles,"[""sources/master-archive-v1/data/normalized_source_tables/food_system/food_seasonality.csv:SEA003056""]",B,candidate
ds_porridge_wheat_groats_medium_milk,9,available,logical_necessity,required_ingredient_profiles,"[""sources/master-archive-v1/data/normalized_source_tables/food_system/food_seasonality.csv:SEA003057""]",B,candidate
ds_porridge_wheat_groats_medium_milk,10,rare,logical_necessity,required_ingredient_profiles,"[""sources/master-archive-v1/data/normalized_source_tables/food_system/food_seasonality.csv:SEA003058""]",B,candidate
ds_porridge_wheat_groats_medium_milk,11,rare,logical_necessity,required_ingredient_profiles,"[""sources/master-archive-v1/data/normalized_source_tables/food_system/food_seasonality.csv:SEA003059""]",B,candidate
ds_porridge_wheat_groats_medium_milk,12,rare,logical_necessity,required_ingredient_profiles,"[""sources/master-archive-v1/data/normalized_source_tables/food_system/food_seasonality.csv:SEA003060""]",B,candidate
ds_porridge_wheat_groats_medium_butter,1,available,logical_necessity,required_ingredient_profiles,"[""sources/master-archive-v1/data/normalized_source_tables/food_system/food_seasonality.csv:SEA003061""]",B,candidate
ds_porridge_wheat_groats_medium_butter,2,available,logical_necessity,required_ingredient_profiles,"[""sources/master-archive-v1/data/normalized_source_tables/food_system/food_seasonality.csv:SEA003062""]",B,candidate
ds_porridge_wheat_groats_medium_butter,3,available,logical_necessity,required_ingredient_profiles,"[""sources/master-archive-v1/data/normalized_source_tables/food_system/food_seasonality.csv:SEA003063""]",B,candidate
ds_porridge_wheat_groats_medium_butter,4,rare,logical_necessity,required_ingredient_profiles,"[""sources/master-archive-v1/data/normalized_source_tables/food_system/food_seasonality.csv:SEA003064""]",B,candidate
ds_porridge_wheat_groats_medium_butter,5,rare,logical_necessity,required_ingredient_profiles,"[""sources/master-archive-v1/data/normalized_source_tables/food_system/food_seasonality.csv:SEA003065""]",B,candidate
ds_porridge_wheat_groats_medium_butter,6,rare,logical_necessity,required_ingredient_profiles,"[""sources/master-archive-v1/data/normalized_source_tables/food_system/food_seasonality.csv:SEA003066""]",B,candidate
ds_porridge_wheat_groats_medium_butter,7,rare,logical_necessity,required_ingredient_profiles,"[""sources/master-archive-v1/data/normalized_source_tables/food_system/food_seasonality.csv:SEA003067""]",B,candidate
ds_porridge_wheat_groats_medium_butter,8,rare,logical_necessity,required_ingredient_profiles,"[""sources/master-archive-v1/data/normalized_source_tables/food_system/food_seasonality.csv:SEA003068""]",B,candidate
ds_porridge_wheat_groats_medium_butter,9,rare,logical_necessity,required_ingredient_profiles,"[""sources/master-archive-v1/data/normalized_source_tables/food_system/food_seasonality.csv:SEA003069""]",B,candidate
ds_porridge_wheat_groats_medium_butter,10,available,logical_necessity,required_ingredient_profiles,"[""sources/master-archive-v1/data/normalized_source_tables/food_system/food_seasonality.csv:SEA003070""]",B,candidate
ds_porridge_wheat_groats_medium_butter,11,available,logical_necessity,required_ingredient_profiles,"[""sources/master-archive-v1/data/normalized_source_tables/food_system/food_seasonality.csv:SEA003071""]",B,candidate
ds_porridge_wheat_groats_medium_butter,12,available,logical_necessity,required_ingredient_profiles,"[""sources/master-archive-v1/data/normalized_source_tables/food_system/food_seasonality.csv:SEA003072""]",B,candidate
ds_porridge_wheat_groats_medium_honey,1,available,logical_necessity,required_ingredient_profiles,"[""sources/master-archive-v1/data/normalized_source_tables/food_system/food_seasonality.csv:SEA003073""]",B,candidate
ds_porridge_wheat_groats_medium_honey,2,available,logical_necessity,required_ingredient_profiles,"[""sources/master-archive-v1/data/normalized_source_tables/food_system/food_seasonality.csv:SEA003074""]",B,candidate
ds_porridge_wheat_groats_medium_honey,3,available,logical_necessity,required_ingredient_profiles,"[""sources/master-archive-v1/data/normalized_source_tables/food_system/food_seasonality.csv:SEA003075""]",B,candidate
ds_porridge_wheat_groats_medium_honey,4,available,logical_necessity,required_ingredient_profiles,"[""sources/master-archive-v1/data/normalized_source_tables/food_system/food_seasonality.csv:SEA003076""]",B,candidate
ds_porridge_wheat_groats_medium_honey,5,available,logical_necessity,required_ingredient_profiles,"[""sources/master-archive-v1/data/normalized_source_tables/food_system/food_seasonality.csv:SEA003077""]",B,candidate
ds_porridge_wheat_groats_medium_honey,6,available,logical_necessity,required_ingredient_profiles,"[""sources/master-archive-v1/data/normalized_source_tables/food_system/food_seasonality.csv:SEA003078""]",B,candidate
ds_porridge_wheat_groats_medium_honey,7,available,logical_necessity,required_ingredient_profiles,"[""sources/master-archive-v1/data/normalized_source_tables/food_system/food_seasonality.csv:SEA003079""]",B,candidate
ds_porridge_wheat_groats_medium_honey,8,available,logical_necessity,required_ingredient_profiles,"[""sources/master-archive-v1/data/normalized_source_tables/food_system/food_seasonality.csv:SEA003080""]",B,candidate
ds_porridge_wheat_groats_medium_honey,9,available,logical_necessity,required_ingredient_profiles,"[""sources/master-archive-v1/data/normalized_source_tables/food_system/food_seasonality.csv:SEA003081""]",B,candidate
ds_porridge_wheat_groats_medium_honey,10,available,logical_necessity,required_ingredient_profiles,"[""sources/master-archive-v1/data/normalized_source_tables/food_system/food_seasonality.csv:SEA003082""]",B,candidate
ds_porridge_wheat_groats_medium_honey,11,available,logical_necessity,required_ingredient_profiles,"[""sources/master-archive-v1/data/normalized_source_tables/food_system/food_seasonality.csv:SEA003083""]",B,candidate
ds_porridge_wheat_groats_medium_honey,12,available,logical_necessity,required_ingredient_profiles,"[""sources/master-archive-v1/data/normalized_source_tables/food_system/food_seasonality.csv:SEA003084""]",B,candidate
ds_porridge_wheat_groats_medium_berries,1,unavailable,logical_necessity,required_ingredient_profiles,"[""sources/master-archive-v1/data/normalized_source_tables/food_system/food_seasonality.csv:SEA003085""]",B,candidate
ds_porridge_wheat_groats_medium_berries,2,unavailable,logical_necessity,required_ingredient_profiles,"[""sources/master-archive-v1/data/normalized_source_tables/food_system/food_seasonality.csv:SEA003086""]",B,candidate
ds_porridge_wheat_groats_medium_berries,3,unavailable,logical_necessity,required_ingredient_profiles,"[""sources/master-archive-v1/data/normalized_source_tables/food_system/food_seasonality.csv:SEA003087""]",B,candidate
ds_porridge_wheat_groats_medium_berries,4,unavailable,logical_necessity,required_ingredient_profiles,"[""sources/master-archive-v1/data/normalized_source_tables/food_system/food_seasonality.csv:SEA003088""]",B,candidate
ds_porridge_wheat_groats_medium_berries,5,unavailable,logical_necessity,required_ingredient_profiles,"[""sources/master-archive-v1/data/normalized_source_tables/food_system/food_seasonality.csv:SEA003089""]",B,candidate
ds_porridge_wheat_groats_medium_berries,6,unavailable,logical_necessity,required_ingredient_profiles,"[""sources/master-archive-v1/data/normalized_source_tables/food_system/food_seasonality.csv:SEA003090""]",B,candidate
ds_porridge_wheat_groats_medium_berries,7,available,logical_necessity,required_ingredient_profiles,"[""sources/master-archive-v1/data/normalized_source_tables/food_system/food_seasonality.csv:SEA003091""]",B,candidate
ds_porridge_wheat_groats_medium_berries,8,available,logical_necessity,required_ingredient_profiles,"[""sources/master-archive-v1/data/normalized_source_tables/food_system/food_seasonality.csv:SEA003092""]",B,candidate
ds_porridge_wheat_groats_medium_berries,9,unavailable,logical_necessity,required_ingredient_profiles,"[""sources/master-archive-v1/data/normalized_source_tables/food_system/food_seasonality.csv:SEA003093""]",B,candidate
ds_porridge_wheat_groats_medium_berries,10,unavailable,logical_necessity,required_ingredient_profiles,"[""sources/master-archive-v1/data/normalized_source_tables/food_system/food_seasonality.csv:SEA003094""]",B,candidate
ds_porridge_wheat_groats_medium_berries,11,unavailable,logical_necessity,required_ingredient_profiles,"[""sources/master-archive-v1/data/normalized_source_tables/food_system/food_seasonality.csv:SEA003095""]",B,candidate
ds_porridge_wheat_groats_medium_berries,12,unavailable,logical_necessity,required_ingredient_profiles,"[""sources/master-archive-v1/data/normalized_source_tables/food_system/food_seasonality.csv:SEA003096""]",B,candidate
ds_porridge_wheat_groats_medium_onion,1,available,logical_necessity,required_ingredient_profiles,"[""sources/master-archive-v1/data/normalized_source_tables/food_system/food_seasonality.csv:SEA003097""]",B,candidate
ds_porridge_wheat_groats_medium_onion,2,available,logical_necessity,required_ingredient_profiles,"[""sources/master-archive-v1/data/normalized_source_tables/food_system/food_seasonality.csv:SEA003098""]",B,candidate
ds_porridge_wheat_groats_medium_onion,3,available,logical_necessity,required_ingredient_profiles,"[""sources/master-archive-v1/data/normalized_source_tables/food_system/food_seasonality.csv:SEA003099""]",B,candidate
ds_porridge_wheat_groats_medium_onion,4,available,logical_necessity,required_ingredient_profiles,"[""sources/master-archive-v1/data/normalized_source_tables/food_system/food_seasonality.csv:SEA003100""]",B,candidate
ds_porridge_wheat_groats_medium_onion,5,available,logical_necessity,required_ingredient_profiles,"[""sources/master-archive-v1/data/normalized_source_tables/food_system/food_seasonality.csv:SEA003101""]",B,candidate
ds_porridge_wheat_groats_medium_onion,6,available,logical_necessity,required_ingredient_profiles,"[""sources/master-archive-v1/data/normalized_source_tables/food_system/food_seasonality.csv:SEA003102""]",B,candidate
ds_porridge_wheat_groats_medium_onion,7,available,logical_necessity,required_ingredient_profiles,"[""sources/master-archive-v1/data/normalized_source_tables/food_system/food_seasonality.csv:SEA003103""]",B,candidate
ds_porridge_wheat_groats_medium_onion,8,available,logical_necessity,required_ingredient_profiles,"[""sources/master-archive-v1/data/normalized_source_tables/food_system/food_seasonality.csv:SEA003104""]",B,candidate
ds_porridge_wheat_groats_medium_onion,9,available,logical_necessity,required_ingredient_profiles,"[""sources/master-archive-v1/data/normalized_source_tables/food_system/food_seasonality.csv:SEA003105""]",B,candidate
ds_porridge_wheat_groats_medium_onion,10,available,logical_necessity,required_ingredient_profiles,"[""sources/master-archive-v1/data/normalized_source_tables/food_system/food_seasonality.csv:SEA003106""]",B,candidate
ds_porridge_wheat_groats_medium_onion,11,available,logical_necessity,required_ingredient_profiles,"[""sources/master-archive-v1/data/normalized_source_tables/food_system/food_seasonality.csv:SEA003107""]",B,candidate
ds_porridge_wheat_groats_medium_onion,12,available,logical_necessity,required_ingredient_profiles,"[""sources/master-archive-v1/data/normalized_source_tables/food_system/food_seasonality.csv:SEA003108""]",B,candidate
ds_pottage_barley_groats,1,available,logical_necessity,required_ingredient_profiles,"[""sources/master-archive-v1/data/normalized_source_tables/food_system/food_seasonality.csv:SEA003109""]",B,candidate
ds_pottage_barley_groats,2,available,logical_necessity,required_ingredient_profiles,"[""sources/master-archive-v1/data/normalized_source_tables/food_system/food_seasonality.csv:SEA003110""]",B,candidate
ds_pottage_barley_groats,3,available,logical_necessity,required_ingredient_profiles,"[""sources/master-archive-v1/data/normalized_source_tables/food_system/food_seasonality.csv:SEA003111""]",B,candidate
ds_pottage_barley_groats,4,available,logical_necessity,required_ingredient_profiles,"[""sources/master-archive-v1/data/normalized_source_tables/food_system/food_seasonality.csv:SEA003112""]",B,candidate
ds_pottage_barley_groats,5,available,logical_necessity,required_ingredient_profiles,"[""sources/master-archive-v1/data/normalized_source_tables/food_system/food_seasonality.csv:SEA003113""]",B,candidate
ds_pottage_barley_groats,6,available,logical_necessity,required_ingredient_profiles,"[""sources/master-archive-v1/data/normalized_source_tables/food_system/food_seasonality.csv:SEA003114""]",B,candidate
ds_pottage_barley_groats,7,available,logical_necessity,required_ingredient_profiles,"[""sources/master-archive-v1/data/normalized_source_tables/food_system/food_seasonality.csv:SEA003115""]",B,candidate
ds_pottage_barley_groats,8,available,logical_necessity,required_ingredient_profiles,"[""sources/master-archive-v1/data/normalized_source_tables/food_system/food_seasonality.csv:SEA003116""]",B,candidate
ds_pottage_barley_groats,9,available,logical_necessity,required_ingredient_profiles,"[""sources/master-archive-v1/data/normalized_source_tables/food_system/food_seasonality.csv:SEA003117""]",B,candidate
ds_pottage_barley_groats,10,available,logical_necessity,required_ingredient_profiles,"[""sources/master-archive-v1/data/normalized_source_tables/food_system/food_seasonality.csv:SEA003118""]",B,candidate
ds_pottage_barley_groats,11,available,logical_necessity,required_ingredient_profiles,"[""sources/master-archive-v1/data/normalized_source_tables/food_system/food_seasonality.csv:SEA003119""]",B,candidate
ds_pottage_barley_groats,12,available,logical_necessity,required_ingredient_profiles,"[""sources/master-archive-v1/data/normalized_source_tables/food_system/food_seasonality.csv:SEA003120""]",B,candidate
ds_pottage_oat_groats,1,available,logical_necessity,required_ingredient_profiles,"[""sources/master-archive-v1/data/normalized_source_tables/food_system/food_seasonality.csv:SEA003121""]",B,candidate
ds_pottage_oat_groats,2,available,logical_necessity,required_ingredient_profiles,"[""sources/master-archive-v1/data/normalized_source_tables/food_system/food_seasonality.csv:SEA003122""]",B,candidate
ds_pottage_oat_groats,3,available,logical_necessity,required_ingredient_profiles,"[""sources/master-archive-v1/data/normalized_source_tables/food_system/food_seasonality.csv:SEA003123""]",B,candidate
ds_pottage_oat_groats,4,available,logical_necessity,required_ingredient_profiles,"[""sources/master-archive-v1/data/normalized_source_tables/food_system/food_seasonality.csv:SEA003124""]",B,candidate
ds_pottage_oat_groats,5,available,logical_necessity,required_ingredient_profiles,"[""sources/master-archive-v1/data/normalized_source_tables/food_system/food_seasonality.csv:SEA003125""]",B,candidate
ds_pottage_oat_groats,6,available,logical_necessity,required_ingredient_profiles,"[""sources/master-archive-v1/data/normalized_source_tables/food_system/food_seasonality.csv:SEA003126""]",B,candidate
ds_pottage_oat_groats,7,available,logical_necessity,required_ingredient_profiles,"[""sources/master-archive-v1/data/normalized_source_tables/food_system/food_seasonality.csv:SEA003127""]",B,candidate
ds_pottage_oat_groats,8,available,logical_necessity,required_ingredient_profiles,"[""sources/master-archive-v1/data/normalized_source_tables/food_system/food_seasonality.csv:SEA003128""]",B,candidate
ds_pottage_oat_groats,9,available,logical_necessity,required_ingredient_profiles,"[""sources/master-archive-v1/data/normalized_source_tables/food_system/food_seasonality.csv:SEA003129""]",B,candidate
ds_pottage_oat_groats,10,available,logical_necessity,required_ingredient_profiles,"[""sources/master-archive-v1/data/normalized_source_tables/food_system/food_seasonality.csv:SEA003130""]",B,candidate
ds_pottage_oat_groats,11,available,logical_necessity,required_ingredient_profiles,"[""sources/master-archive-v1/data/normalized_source_tables/food_system/food_seasonality.csv:SEA003131""]",B,candidate
ds_pottage_oat_groats,12,available,logical_necessity,required_ingredient_profiles,"[""sources/master-archive-v1/data/normalized_source_tables/food_system/food_seasonality.csv:SEA003132""]",B,candidate
ds_pottage_millet_groats,1,available,logical_necessity,required_ingredient_profiles,"[""sources/master-archive-v1/data/normalized_source_tables/food_system/food_seasonality.csv:SEA003133""]",B,candidate
ds_pottage_millet_groats,2,available,logical_necessity,required_ingredient_profiles,"[""sources/master-archive-v1/data/normalized_source_tables/food_system/food_seasonality.csv:SEA003134""]",B,candidate
ds_pottage_millet_groats,3,available,logical_necessity,required_ingredient_profiles,"[""sources/master-archive-v1/data/normalized_source_tables/food_system/food_seasonality.csv:SEA003135""]",B,candidate
ds_pottage_millet_groats,4,available,logical_necessity,required_ingredient_profiles,"[""sources/master-archive-v1/data/normalized_source_tables/food_system/food_seasonality.csv:SEA003136""]",B,candidate
ds_pottage_millet_groats,5,available,logical_necessity,required_ingredient_profiles,"[""sources/master-archive-v1/data/normalized_source_tables/food_system/food_seasonality.csv:SEA003137""]",B,candidate
ds_pottage_millet_groats,6,available,logical_necessity,required_ingredient_profiles,"[""sources/master-archive-v1/data/normalized_source_tables/food_system/food_seasonality.csv:SEA003138""]",B,candidate
ds_pottage_millet_groats,7,available,logical_necessity,required_ingredient_profiles,"[""sources/master-archive-v1/data/normalized_source_tables/food_system/food_seasonality.csv:SEA003139""]",B,candidate
ds_pottage_millet_groats,8,available,logical_necessity,required_ingredient_profiles,"[""sources/master-archive-v1/data/normalized_source_tables/food_system/food_seasonality.csv:SEA003140""]",B,candidate
ds_pottage_millet_groats,9,available,logical_necessity,required_ingredient_profiles,"[""sources/master-archive-v1/data/normalized_source_tables/food_system/food_seasonality.csv:SEA003141""]",B,candidate
ds_pottage_millet_groats,10,available,logical_necessity,required_ingredient_profiles,"[""sources/master-archive-v1/data/normalized_source_tables/food_system/food_seasonality.csv:SEA003142""]",B,candidate
ds_pottage_millet_groats,11,available,logical_necessity,required_ingredient_profiles,"[""sources/master-archive-v1/data/normalized_source_tables/food_system/food_seasonality.csv:SEA003143""]",B,candidate
ds_pottage_millet_groats,12,available,logical_necessity,required_ingredient_profiles,"[""sources/master-archive-v1/data/normalized_source_tables/food_system/food_seasonality.csv:SEA003144""]",B,candidate
ds_pottage_rye_groats,1,available,logical_necessity,required_ingredient_profiles,"[""sources/master-archive-v1/data/normalized_source_tables/food_system/food_seasonality.csv:SEA003145""]",B,candidate
ds_pottage_rye_groats,2,available,logical_necessity,required_ingredient_profiles,"[""sources/master-archive-v1/data/normalized_source_tables/food_system/food_seasonality.csv:SEA003146""]",B,candidate
ds_pottage_rye_groats,3,available,logical_necessity,required_ingredient_profiles,"[""sources/master-archive-v1/data/normalized_source_tables/food_system/food_seasonality.csv:SEA003147""]",B,candidate
ds_pottage_rye_groats,4,available,logical_necessity,required_ingredient_profiles,"[""sources/master-archive-v1/data/normalized_source_tables/food_system/food_seasonality.csv:SEA003148""]",B,candidate
ds_pottage_rye_groats,5,available,logical_necessity,required_ingredient_profiles,"[""sources/master-archive-v1/data/normalized_source_tables/food_system/food_seasonality.csv:SEA003149""]",B,candidate
ds_pottage_rye_groats,6,available,logical_necessity,required_ingredient_profiles,"[""sources/master-archive-v1/data/normalized_source_tables/food_system/food_seasonality.csv:SEA003150""]",B,candidate
ds_pottage_rye_groats,7,available,logical_necessity,required_ingredient_profiles,"[""sources/master-archive-v1/data/normalized_source_tables/food_system/food_seasonality.csv:SEA003151""]",B,candidate
ds_pottage_rye_groats,8,available,logical_necessity,required_ingredient_profiles,"[""sources/master-archive-v1/data/normalized_source_tables/food_system/food_seasonality.csv:SEA003152""]",B,candidate
ds_pottage_rye_groats,9,available,logical_necessity,required_ingredient_profiles,"[""sources/master-archive-v1/data/normalized_source_tables/food_system/food_seasonality.csv:SEA003153""]",B,candidate
ds_pottage_rye_groats,10,available,logical_necessity,required_ingredient_profiles,"[""sources/master-archive-v1/data/normalized_source_tables/food_system/food_seasonality.csv:SEA003154""]",B,candidate
ds_pottage_rye_groats,11,available,logical_necessity,required_ingredient_profiles,"[""sources/master-archive-v1/data/normalized_source_tables/food_system/food_seasonality.csv:SEA003155""]",B,candidate
ds_pottage_rye_groats,12,available,logical_necessity,required_ingredient_profiles,"[""sources/master-archive-v1/data/normalized_source_tables/food_system/food_seasonality.csv:SEA003156""]",B,candidate
ds_pottage_wheat_groats,1,available,logical_necessity,required_ingredient_profiles,"[""sources/master-archive-v1/data/normalized_source_tables/food_system/food_seasonality.csv:SEA003157""]",B,candidate
ds_pottage_wheat_groats,2,available,logical_necessity,required_ingredient_profiles,"[""sources/master-archive-v1/data/normalized_source_tables/food_system/food_seasonality.csv:SEA003158""]",B,candidate
ds_pottage_wheat_groats,3,available,logical_necessity,required_ingredient_profiles,"[""sources/master-archive-v1/data/normalized_source_tables/food_system/food_seasonality.csv:SEA003159""]",B,candidate
ds_pottage_wheat_groats,4,available,logical_necessity,required_ingredient_profiles,"[""sources/master-archive-v1/data/normalized_source_tables/food_system/food_seasonality.csv:SEA003160""]",B,candidate
ds_pottage_wheat_groats,5,available,logical_necessity,required_ingredient_profiles,"[""sources/master-archive-v1/data/normalized_source_tables/food_system/food_seasonality.csv:SEA003161""]",B,candidate
ds_pottage_wheat_groats,6,available,logical_necessity,required_ingredient_profiles,"[""sources/master-archive-v1/data/normalized_source_tables/food_system/food_seasonality.csv:SEA003162""]",B,candidate
ds_pottage_wheat_groats,7,available,logical_necessity,required_ingredient_profiles,"[""sources/master-archive-v1/data/normalized_source_tables/food_system/food_seasonality.csv:SEA003163""]",B,candidate
ds_pottage_wheat_groats,8,available,logical_necessity,required_ingredient_profiles,"[""sources/master-archive-v1/data/normalized_source_tables/food_system/food_seasonality.csv:SEA003164""]",B,candidate
ds_pottage_wheat_groats,9,available,logical_necessity,required_ingredient_profiles,"[""sources/master-archive-v1/data/normalized_source_tables/food_system/food_seasonality.csv:SEA003165""]",B,candidate
ds_pottage_wheat_groats,10,available,logical_necessity,required_ingredient_profiles,"[""sources/master-archive-v1/data/normalized_source_tables/food_system/food_seasonality.csv:SEA003166""]",B,candidate
ds_pottage_wheat_groats,11,available,logical_necessity,required_ingredient_profiles,"[""sources/master-archive-v1/data/normalized_source_tables/food_system/food_seasonality.csv:SEA003167""]",B,candidate
ds_pottage_wheat_groats,12,available,logical_necessity,required_ingredient_profiles,"[""sources/master-archive-v1/data/normalized_source_tables/food_system/food_seasonality.csv:SEA003168""]",B,candidate
ds_pottage_barley_turnip,1,available,logical_necessity,required_ingredient_profiles,"[""sources/master-archive-v1/data/normalized_source_tables/food_system/food_seasonality.csv:SEA003169""]",B,candidate
ds_pottage_barley_turnip,2,available,logical_necessity,required_ingredient_profiles,"[""sources/master-archive-v1/data/normalized_source_tables/food_system/food_seasonality.csv:SEA003170""]",B,candidate
ds_pottage_barley_turnip,3,available,logical_necessity,required_ingredient_profiles,"[""sources/master-archive-v1/data/normalized_source_tables/food_system/food_seasonality.csv:SEA003171""]",B,candidate
ds_pottage_barley_turnip,4,rare,logical_necessity,required_ingredient_profiles,"[""sources/master-archive-v1/data/normalized_source_tables/food_system/food_seasonality.csv:SEA003172""]",B,candidate
ds_pottage_barley_turnip,5,rare,logical_necessity,required_ingredient_profiles,"[""sources/master-archive-v1/data/normalized_source_tables/food_system/food_seasonality.csv:SEA003173""]",B,candidate
ds_pottage_barley_turnip,6,rare,logical_necessity,required_ingredient_profiles,"[""sources/master-archive-v1/data/normalized_source_tables/food_system/food_seasonality.csv:SEA003174""]",B,candidate
ds_pottage_barley_turnip,7,rare,logical_necessity,required_ingredient_profiles,"[""sources/master-archive-v1/data/normalized_source_tables/food_system/food_seasonality.csv:SEA003175""]",B,candidate
ds_pottage_barley_turnip,8,available,logical_necessity,required_ingredient_profiles,"[""sources/master-archive-v1/data/normalized_source_tables/food_system/food_seasonality.csv:SEA003176""]",B,candidate
ds_pottage_barley_turnip,9,available,logical_necessity,required_ingredient_profiles,"[""sources/master-archive-v1/data/normalized_source_tables/food_system/food_seasonality.csv:SEA003177""]",B,candidate
ds_pottage_barley_turnip,10,available,logical_necessity,required_ingredient_profiles,"[""sources/master-archive-v1/data/normalized_source_tables/food_system/food_seasonality.csv:SEA003178""]",B,candidate
ds_pottage_barley_turnip,11,available,logical_necessity,required_ingredient_profiles,"[""sources/master-archive-v1/data/normalized_source_tables/food_system/food_seasonality.csv:SEA003179""]",B,candidate
ds_pottage_barley_turnip,12,available,logical_necessity,required_ingredient_profiles,"[""sources/master-archive-v1/data/normalized_source_tables/food_system/food_seasonality.csv:SEA003180""]",B,candidate
ds_pottage_oat_onion,1,available,logical_necessity,required_ingredient_profiles,"[""sources/master-archive-v1/data/normalized_source_tables/food_system/food_seasonality.csv:SEA003181""]",B,candidate
ds_pottage_oat_onion,2,available,logical_necessity,required_ingredient_profiles,"[""sources/master-archive-v1/data/normalized_source_tables/food_system/food_seasonality.csv:SEA003182""]",B,candidate
ds_pottage_oat_onion,3,available,logical_necessity,required_ingredient_profiles,"[""sources/master-archive-v1/data/normalized_source_tables/food_system/food_seasonality.csv:SEA003183""]",B,candidate
ds_pottage_oat_onion,4,available,logical_necessity,required_ingredient_profiles,"[""sources/master-archive-v1/data/normalized_source_tables/food_system/food_seasonality.csv:SEA003184""]",B,candidate
ds_pottage_oat_onion,5,available,logical_necessity,required_ingredient_profiles,"[""sources/master-archive-v1/data/normalized_source_tables/food_system/food_seasonality.csv:SEA003185""]",B,candidate
ds_pottage_oat_onion,6,available,logical_necessity,required_ingredient_profiles,"[""sources/master-archive-v1/data/normalized_source_tables/food_system/food_seasonality.csv:SEA003186""]",B,candidate
ds_pottage_oat_onion,7,available,logical_necessity,required_ingredient_profiles,"[""sources/master-archive-v1/data/normalized_source_tables/food_system/food_seasonality.csv:SEA003187""]",B,candidate
ds_pottage_oat_onion,8,available,logical_necessity,required_ingredient_profiles,"[""sources/master-archive-v1/data/normalized_source_tables/food_system/food_seasonality.csv:SEA003188""]",B,candidate
ds_pottage_oat_onion,9,available,logical_necessity,required_ingredient_profiles,"[""sources/master-archive-v1/data/normalized_source_tables/food_system/food_seasonality.csv:SEA003189""]",B,candidate
ds_pottage_oat_onion,10,available,logical_necessity,required_ingredient_profiles,"[""sources/master-archive-v1/data/normalized_source_tables/food_system/food_seasonality.csv:SEA003190""]",B,candidate
ds_pottage_oat_onion,11,available,logical_necessity,required_ingredient_profiles,"[""sources/master-archive-v1/data/normalized_source_tables/food_system/food_seasonality.csv:SEA003191""]",B,candidate
ds_pottage_oat_onion,12,available,logical_necessity,required_ingredient_profiles,"[""sources/master-archive-v1/data/normalized_source_tables/food_system/food_seasonality.csv:SEA003192""]",B,candidate
ds_pottage_millet_cabbage,1,available,logical_necessity,required_ingredient_profiles,"[""sources/master-archive-v1/data/normalized_source_tables/food_system/food_seasonality.csv:SEA003193""]",B,candidate
ds_pottage_millet_cabbage,2,available,logical_necessity,required_ingredient_profiles,"[""sources/master-archive-v1/data/normalized_source_tables/food_system/food_seasonality.csv:SEA003194""]",B,candidate
ds_pottage_millet_cabbage,3,rare,logical_necessity,required_ingredient_profiles,"[""sources/master-archive-v1/data/normalized_source_tables/food_system/food_seasonality.csv:SEA003195""]",B,candidate
ds_pottage_millet_cabbage,4,rare,logical_necessity,required_ingredient_profiles,"[""sources/master-archive-v1/data/normalized_source_tables/food_system/food_seasonality.csv:SEA003196""]",B,candidate
ds_pottage_millet_cabbage,5,rare,logical_necessity,required_ingredient_profiles,"[""sources/master-archive-v1/data/normalized_source_tables/food_system/food_seasonality.csv:SEA003197""]",B,candidate
ds_pottage_millet_cabbage,6,rare,logical_necessity,required_ingredient_profiles,"[""sources/master-archive-v1/data/normalized_source_tables/food_system/food_seasonality.csv:SEA003198""]",B,candidate
ds_pottage_millet_cabbage,7,rare,logical_necessity,required_ingredient_profiles,"[""sources/master-archive-v1/data/normalized_source_tables/food_system/food_seasonality.csv:SEA003199""]",B,candidate
ds_pottage_millet_cabbage,8,available,logical_necessity,required_ingredient_profiles,"[""sources/master-archive-v1/data/normalized_source_tables/food_system/food_seasonality.csv:SEA003200""]",B,candidate
ds_pottage_millet_cabbage,9,available,logical_necessity,required_ingredient_profiles,"[""sources/master-archive-v1/data/normalized_source_tables/food_system/food_seasonality.csv:SEA003201""]",B,candidate
ds_pottage_millet_cabbage,10,available,logical_necessity,required_ingredient_profiles,"[""sources/master-archive-v1/data/normalized_source_tables/food_system/food_seasonality.csv:SEA003202""]",B,candidate
ds_pottage_millet_cabbage,11,available,logical_necessity,required_ingredient_profiles,"[""sources/master-archive-v1/data/normalized_source_tables/food_system/food_seasonality.csv:SEA003203""]",B,candidate
ds_pottage_millet_cabbage,12,available,logical_necessity,required_ingredient_profiles,"[""sources/master-archive-v1/data/normalized_source_tables/food_system/food_seasonality.csv:SEA003204""]",B,candidate
ds_pottage_rye_peas,1,available,logical_necessity,required_ingredient_profiles,"[""sources/master-archive-v1/data/normalized_source_tables/food_system/food_seasonality.csv:SEA003205""]",B,candidate
ds_pottage_rye_peas,2,available,logical_necessity,required_ingredient_profiles,"[""sources/master-archive-v1/data/normalized_source_tables/food_system/food_seasonality.csv:SEA003206""]",B,candidate
ds_pottage_rye_peas,3,available,logical_necessity,required_ingredient_profiles,"[""sources/master-archive-v1/data/normalized_source_tables/food_system/food_seasonality.csv:SEA003207""]",B,candidate
ds_pottage_rye_peas,4,available,logical_necessity,required_ingredient_profiles,"[""sources/master-archive-v1/data/normalized_source_tables/food_system/food_seasonality.csv:SEA003208""]",B,candidate
ds_pottage_rye_peas,5,available,logical_necessity,required_ingredient_profiles,"[""sources/master-archive-v1/data/normalized_source_tables/food_system/food_seasonality.csv:SEA003209""]",B,candidate
ds_pottage_rye_peas,6,available,logical_necessity,required_ingredient_profiles,"[""sources/master-archive-v1/data/normalized_source_tables/food_system/food_seasonality.csv:SEA003210""]",B,candidate
ds_pottage_rye_peas,7,available,logical_necessity,required_ingredient_profiles,"[""sources/master-archive-v1/data/normalized_source_tables/food_system/food_seasonality.csv:SEA003211""]",B,candidate
ds_pottage_rye_peas,8,available,logical_necessity,required_ingredient_profiles,"[""sources/master-archive-v1/data/normalized_source_tables/food_system/food_seasonality.csv:SEA003212""]",B,candidate
ds_pottage_rye_peas,9,available,logical_necessity,required_ingredient_profiles,"[""sources/master-archive-v1/data/normalized_source_tables/food_system/food_seasonality.csv:SEA003213""]",B,candidate
ds_pottage_rye_peas,10,available,logical_necessity,required_ingredient_profiles,"[""sources/master-archive-v1/data/normalized_source_tables/food_system/food_seasonality.csv:SEA003214""]",B,candidate
ds_pottage_rye_peas,11,available,logical_necessity,required_ingredient_profiles,"[""sources/master-archive-v1/data/normalized_source_tables/food_system/food_seasonality.csv:SEA003215""]",B,candidate
ds_pottage_rye_peas,12,available,logical_necessity,required_ingredient_profiles,"[""sources/master-archive-v1/data/normalized_source_tables/food_system/food_seasonality.csv:SEA003216""]",B,candidate
ds_pottage_barley_peas,1,available,logical_necessity,required_ingredient_profiles,"[""sources/master-archive-v1/data/normalized_source_tables/food_system/food_seasonality.csv:SEA003217""]",B,candidate
ds_pottage_barley_peas,2,available,logical_necessity,required_ingredient_profiles,"[""sources/master-archive-v1/data/normalized_source_tables/food_system/food_seasonality.csv:SEA003218""]",B,candidate
ds_pottage_barley_peas,3,available,logical_necessity,required_ingredient_profiles,"[""sources/master-archive-v1/data/normalized_source_tables/food_system/food_seasonality.csv:SEA003219""]",B,candidate
ds_pottage_barley_peas,4,available,logical_necessity,required_ingredient_profiles,"[""sources/master-archive-v1/data/normalized_source_tables/food_system/food_seasonality.csv:SEA003220""]",B,candidate
ds_pottage_barley_peas,5,available,logical_necessity,required_ingredient_profiles,"[""sources/master-archive-v1/data/normalized_source_tables/food_system/food_seasonality.csv:SEA003221""]",B,candidate
ds_pottage_barley_peas,6,available,logical_necessity,required_ingredient_profiles,"[""sources/master-archive-v1/data/normalized_source_tables/food_system/food_seasonality.csv:SEA003222""]",B,candidate
ds_pottage_barley_peas,7,available,logical_necessity,required_ingredient_profiles,"[""sources/master-archive-v1/data/normalized_source_tables/food_system/food_seasonality.csv:SEA003223""]",B,candidate
ds_pottage_barley_peas,8,available,logical_necessity,required_ingredient_profiles,"[""sources/master-archive-v1/data/normalized_source_tables/food_system/food_seasonality.csv:SEA003224""]",B,candidate
ds_pottage_barley_peas,9,available,logical_necessity,required_ingredient_profiles,"[""sources/master-archive-v1/data/normalized_source_tables/food_system/food_seasonality.csv:SEA003225""]",B,candidate
ds_pottage_barley_peas,10,available,logical_necessity,required_ingredient_profiles,"[""sources/master-archive-v1/data/normalized_source_tables/food_system/food_seasonality.csv:SEA003226""]",B,candidate
ds_pottage_barley_peas,11,available,logical_necessity,required_ingredient_profiles,"[""sources/master-archive-v1/data/normalized_source_tables/food_system/food_seasonality.csv:SEA003227""]",B,candidate
ds_pottage_barley_peas,12,available,logical_necessity,required_ingredient_profiles,"[""sources/master-archive-v1/data/normalized_source_tables/food_system/food_seasonality.csv:SEA003228""]",B,candidate
ds_pottage_barley_fish,1,conditional,logical_necessity,required_ingredient_profiles,"[""sources/master-archive-v1/data/normalized_source_tables/food_system/food_seasonality.csv:SEA003229""]",B,candidate
ds_pottage_barley_fish,2,conditional,logical_necessity,required_ingredient_profiles,"[""sources/master-archive-v1/data/normalized_source_tables/food_system/food_seasonality.csv:SEA003230""]",B,candidate
ds_pottage_barley_fish,3,conditional,logical_necessity,required_ingredient_profiles,"[""sources/master-archive-v1/data/normalized_source_tables/food_system/food_seasonality.csv:SEA003231""]",B,candidate
ds_pottage_barley_fish,4,conditional,logical_necessity,required_ingredient_profiles,"[""sources/master-archive-v1/data/normalized_source_tables/food_system/food_seasonality.csv:SEA003232""]",B,candidate
ds_pottage_barley_fish,5,conditional,logical_necessity,required_ingredient_profiles,"[""sources/master-archive-v1/data/normalized_source_tables/food_system/food_seasonality.csv:SEA003233""]",B,candidate
ds_pottage_barley_fish,6,conditional,logical_necessity,required_ingredient_profiles,"[""sources/master-archive-v1/data/normalized_source_tables/food_system/food_seasonality.csv:SEA003234""]",B,candidate
ds_pottage_barley_fish,7,conditional,logical_necessity,required_ingredient_profiles,"[""sources/master-archive-v1/data/normalized_source_tables/food_system/food_seasonality.csv:SEA003235""]",B,candidate
ds_pottage_barley_fish,8,conditional,logical_necessity,required_ingredient_profiles,"[""sources/master-archive-v1/data/normalized_source_tables/food_system/food_seasonality.csv:SEA003236""]",B,candidate
ds_pottage_barley_fish,9,conditional,logical_necessity,required_ingredient_profiles,"[""sources/master-archive-v1/data/normalized_source_tables/food_system/food_seasonality.csv:SEA003237""]",B,candidate
ds_pottage_barley_fish,10,conditional,logical_necessity,required_ingredient_profiles,"[""sources/master-archive-v1/data/normalized_source_tables/food_system/food_seasonality.csv:SEA003238""]",B,candidate
ds_pottage_barley_fish,11,conditional,logical_necessity,required_ingredient_profiles,"[""sources/master-archive-v1/data/normalized_source_tables/food_system/food_seasonality.csv:SEA003239""]",B,candidate
ds_pottage_barley_fish,12,conditional,logical_necessity,required_ingredient_profiles,"[""sources/master-archive-v1/data/normalized_source_tables/food_system/food_seasonality.csv:SEA003240""]",B,candidate
ds_pottage_millet_fish,1,conditional,logical_necessity,required_ingredient_profiles,"[""sources/master-archive-v1/data/normalized_source_tables/food_system/food_seasonality.csv:SEA003241""]",B,candidate
ds_pottage_millet_fish,2,conditional,logical_necessity,required_ingredient_profiles,"[""sources/master-archive-v1/data/normalized_source_tables/food_system/food_seasonality.csv:SEA003242""]",B,candidate
ds_pottage_millet_fish,3,conditional,logical_necessity,required_ingredient_profiles,"[""sources/master-archive-v1/data/normalized_source_tables/food_system/food_seasonality.csv:SEA003243""]",B,candidate
ds_pottage_millet_fish,4,conditional,logical_necessity,required_ingredient_profiles,"[""sources/master-archive-v1/data/normalized_source_tables/food_system/food_seasonality.csv:SEA003244""]",B,candidate
ds_pottage_millet_fish,5,conditional,logical_necessity,required_ingredient_profiles,"[""sources/master-archive-v1/data/normalized_source_tables/food_system/food_seasonality.csv:SEA003245""]",B,candidate
ds_pottage_millet_fish,6,conditional,logical_necessity,required_ingredient_profiles,"[""sources/master-archive-v1/data/normalized_source_tables/food_system/food_seasonality.csv:SEA003246""]",B,candidate
ds_pottage_millet_fish,7,conditional,logical_necessity,required_ingredient_profiles,"[""sources/master-archive-v1/data/normalized_source_tables/food_system/food_seasonality.csv:SEA003247""]",B,candidate
ds_pottage_millet_fish,8,conditional,logical_necessity,required_ingredient_profiles,"[""sources/master-archive-v1/data/normalized_source_tables/food_system/food_seasonality.csv:SEA003248""]",B,candidate
ds_pottage_millet_fish,9,conditional,logical_necessity,required_ingredient_profiles,"[""sources/master-archive-v1/data/normalized_source_tables/food_system/food_seasonality.csv:SEA003249""]",B,candidate
ds_pottage_millet_fish,10,conditional,logical_necessity,required_ingredient_profiles,"[""sources/master-archive-v1/data/normalized_source_tables/food_system/food_seasonality.csv:SEA003250""]",B,candidate
ds_pottage_millet_fish,11,conditional,logical_necessity,required_ingredient_profiles,"[""sources/master-archive-v1/data/normalized_source_tables/food_system/food_seasonality.csv:SEA003251""]",B,candidate
ds_pottage_millet_fish,12,conditional,logical_necessity,required_ingredient_profiles,"[""sources/master-archive-v1/data/normalized_source_tables/food_system/food_seasonality.csv:SEA003252""]",B,candidate
ds_pottage_barley_beef,1,available,logical_necessity,required_ingredient_profiles,"[""sources/master-archive-v1/data/normalized_source_tables/food_system/food_seasonality.csv:SEA003253""]",B,candidate
ds_pottage_barley_beef,2,rare,logical_necessity,required_ingredient_profiles,"[""sources/master-archive-v1/data/normalized_source_tables/food_system/food_seasonality.csv:SEA003254""]",B,candidate
ds_pottage_barley_beef,3,rare,logical_necessity,required_ingredient_profiles,"[""sources/master-archive-v1/data/normalized_source_tables/food_system/food_seasonality.csv:SEA003255""]",B,candidate
ds_pottage_barley_beef,4,rare,logical_necessity,required_ingredient_profiles,"[""sources/master-archive-v1/data/normalized_source_tables/food_system/food_seasonality.csv:SEA003256""]",B,candidate
ds_pottage_barley_beef,5,rare,logical_necessity,required_ingredient_profiles,"[""sources/master-archive-v1/data/normalized_source_tables/food_system/food_seasonality.csv:SEA003257""]",B,candidate
ds_pottage_barley_beef,6,rare,logical_necessity,required_ingredient_profiles,"[""sources/master-archive-v1/data/normalized_source_tables/food_system/food_seasonality.csv:SEA003258""]",B,candidate
ds_pottage_barley_beef,7,rare,logical_necessity,required_ingredient_profiles,"[""sources/master-archive-v1/data/normalized_source_tables/food_system/food_seasonality.csv:SEA003259""]",B,candidate
ds_pottage_barley_beef,8,rare,logical_necessity,required_ingredient_profiles,"[""sources/master-archive-v1/data/normalized_source_tables/food_system/food_seasonality.csv:SEA003260""]",B,candidate
ds_pottage_barley_beef,9,rare,logical_necessity,required_ingredient_profiles,"[""sources/master-archive-v1/data/normalized_source_tables/food_system/food_seasonality.csv:SEA003261""]",B,candidate
ds_pottage_barley_beef,10,available,logical_necessity,required_ingredient_profiles,"[""sources/master-archive-v1/data/normalized_source_tables/food_system/food_seasonality.csv:SEA003262""]",B,candidate
ds_pottage_barley_beef,11,available,logical_necessity,required_ingredient_profiles,"[""sources/master-archive-v1/data/normalized_source_tables/food_system/food_seasonality.csv:SEA003263""]",B,candidate
ds_pottage_barley_beef,12,available,logical_necessity,required_ingredient_profiles,"[""sources/master-archive-v1/data/normalized_source_tables/food_system/food_seasonality.csv:SEA003264""]",B,candidate
ds_pottage_oat_pork,1,available,logical_necessity,required_ingredient_profiles,"[""sources/master-archive-v1/data/normalized_source_tables/food_system/food_seasonality.csv:SEA003265""]",B,candidate
ds_pottage_oat_pork,2,rare,logical_necessity,required_ingredient_profiles,"[""sources/master-archive-v1/data/normalized_source_tables/food_system/food_seasonality.csv:SEA003266""]",B,candidate
ds_pottage_oat_pork,3,rare,logical_necessity,required_ingredient_profiles,"[""sources/master-archive-v1/data/normalized_source_tables/food_system/food_seasonality.csv:SEA003267""]",B,candidate
ds_pottage_oat_pork,4,rare,logical_necessity,required_ingredient_profiles,"[""sources/master-archive-v1/data/normalized_source_tables/food_system/food_seasonality.csv:SEA003268""]",B,candidate
ds_pottage_oat_pork,5,rare,logical_necessity,required_ingredient_profiles,"[""sources/master-archive-v1/data/normalized_source_tables/food_system/food_seasonality.csv:SEA003269""]",B,candidate
ds_pottage_oat_pork,6,rare,logical_necessity,required_ingredient_profiles,"[""sources/master-archive-v1/data/normalized_source_tables/food_system/food_seasonality.csv:SEA003270""]",B,candidate
ds_pottage_oat_pork,7,rare,logical_necessity,required_ingredient_profiles,"[""sources/master-archive-v1/data/normalized_source_tables/food_system/food_seasonality.csv:SEA003271""]",B,candidate
ds_pottage_oat_pork,8,rare,logical_necessity,required_ingredient_profiles,"[""sources/master-archive-v1/data/normalized_source_tables/food_system/food_seasonality.csv:SEA003272""]",B,candidate
ds_pottage_oat_pork,9,rare,logical_necessity,required_ingredient_profiles,"[""sources/master-archive-v1/data/normalized_source_tables/food_system/food_seasonality.csv:SEA003273""]",B,candidate
ds_pottage_oat_pork,10,available,logical_necessity,required_ingredient_profiles,"[""sources/master-archive-v1/data/normalized_source_tables/food_system/food_seasonality.csv:SEA003274""]",B,candidate
ds_pottage_oat_pork,11,available,logical_necessity,required_ingredient_profiles,"[""sources/master-archive-v1/data/normalized_source_tables/food_system/food_seasonality.csv:SEA003275""]",B,candidate
ds_pottage_oat_pork,12,available,logical_necessity,required_ingredient_profiles,"[""sources/master-archive-v1/data/normalized_source_tables/food_system/food_seasonality.csv:SEA003276""]",B,candidate
ds_pottage_millet_mutton,1,available,logical_necessity,required_ingredient_profiles,"[""sources/master-archive-v1/data/normalized_source_tables/food_system/food_seasonality.csv:SEA003277""]",B,candidate
ds_pottage_millet_mutton,2,rare,logical_necessity,required_ingredient_profiles,"[""sources/master-archive-v1/data/normalized_source_tables/food_system/food_seasonality.csv:SEA003278""]",B,candidate
ds_pottage_millet_mutton,3,rare,logical_necessity,required_ingredient_profiles,"[""sources/master-archive-v1/data/normalized_source_tables/food_system/food_seasonality.csv:SEA003279""]",B,candidate
ds_pottage_millet_mutton,4,rare,logical_necessity,required_ingredient_profiles,"[""sources/master-archive-v1/data/normalized_source_tables/food_system/food_seasonality.csv:SEA003280""]",B,candidate
ds_pottage_millet_mutton,5,rare,logical_necessity,required_ingredient_profiles,"[""sources/master-archive-v1/data/normalized_source_tables/food_system/food_seasonality.csv:SEA003281""]",B,candidate
ds_pottage_millet_mutton,6,rare,logical_necessity,required_ingredient_profiles,"[""sources/master-archive-v1/data/normalized_source_tables/food_system/food_seasonality.csv:SEA003282""]",B,candidate
ds_pottage_millet_mutton,7,rare,logical_necessity,required_ingredient_profiles,"[""sources/master-archive-v1/data/normalized_source_tables/food_system/food_seasonality.csv:SEA003283""]",B,candidate
ds_pottage_millet_mutton,8,rare,logical_necessity,required_ingredient_profiles,"[""sources/master-archive-v1/data/normalized_source_tables/food_system/food_seasonality.csv:SEA003284""]",B,candidate
ds_pottage_millet_mutton,9,rare,logical_necessity,required_ingredient_profiles,"[""sources/master-archive-v1/data/normalized_source_tables/food_system/food_seasonality.csv:SEA003285""]",B,candidate
ds_pottage_millet_mutton,10,available,logical_necessity,required_ingredient_profiles,"[""sources/master-archive-v1/data/normalized_source_tables/food_system/food_seasonality.csv:SEA003286""]",B,candidate
ds_pottage_millet_mutton,11,available,logical_necessity,required_ingredient_profiles,"[""sources/master-archive-v1/data/normalized_source_tables/food_system/food_seasonality.csv:SEA003287""]",B,candidate
ds_pottage_millet_mutton,12,available,logical_necessity,required_ingredient_profiles,"[""sources/master-archive-v1/data/normalized_source_tables/food_system/food_seasonality.csv:SEA003288""]",B,candidate
ds_pottage_wheat_milk,1,rare,logical_necessity,required_ingredient_profiles,"[""sources/master-archive-v1/data/normalized_source_tables/food_system/food_seasonality.csv:SEA003289""]",B,candidate
ds_pottage_wheat_milk,2,rare,logical_necessity,required_ingredient_profiles,"[""sources/master-archive-v1/data/normalized_source_tables/food_system/food_seasonality.csv:SEA003290""]",B,candidate
ds_pottage_wheat_milk,3,rare,logical_necessity,required_ingredient_profiles,"[""sources/master-archive-v1/data/normalized_source_tables/food_system/food_seasonality.csv:SEA003291""]",B,candidate
ds_pottage_wheat_milk,4,rare,logical_necessity,required_ingredient_profiles,"[""sources/master-archive-v1/data/normalized_source_tables/food_system/food_seasonality.csv:SEA003292""]",B,candidate
ds_pottage_wheat_milk,5,available,logical_necessity,required_ingredient_profiles,"[""sources/master-archive-v1/data/normalized_source_tables/food_system/food_seasonality.csv:SEA003293""]",B,candidate
ds_pottage_wheat_milk,6,available,logical_necessity,required_ingredient_profiles,"[""sources/master-archive-v1/data/normalized_source_tables/food_system/food_seasonality.csv:SEA003294""]",B,candidate
ds_pottage_wheat_milk,7,available,logical_necessity,required_ingredient_profiles,"[""sources/master-archive-v1/data/normalized_source_tables/food_system/food_seasonality.csv:SEA003295""]",B,candidate
ds_pottage_wheat_milk,8,available,logical_necessity,required_ingredient_profiles,"[""sources/master-archive-v1/data/normalized_source_tables/food_system/food_seasonality.csv:SEA003296""]",B,candidate
ds_pottage_wheat_milk,9,available,logical_necessity,required_ingredient_profiles,"[""sources/master-archive-v1/data/normalized_source_tables/food_system/food_seasonality.csv:SEA003297""]",B,candidate
ds_pottage_wheat_milk,10,rare,logical_necessity,required_ingredient_profiles,"[""sources/master-archive-v1/data/normalized_source_tables/food_system/food_seasonality.csv:SEA003298""]",B,candidate
ds_pottage_wheat_milk,11,rare,logical_necessity,required_ingredient_profiles,"[""sources/master-archive-v1/data/normalized_source_tables/food_system/food_seasonality.csv:SEA003299""]",B,candidate
ds_pottage_wheat_milk,12,rare,logical_necessity,required_ingredient_profiles,"[""sources/master-archive-v1/data/normalized_source_tables/food_system/food_seasonality.csv:SEA003300""]",B,candidate
ds_boil_peas_plain,1,available,logical_necessity,required_ingredient_profiles,"[""sources/master-archive-v1/data/normalized_source_tables/food_system/food_seasonality.csv:SEA003301""]",B,candidate
ds_boil_peas_plain,2,available,logical_necessity,required_ingredient_profiles,"[""sources/master-archive-v1/data/normalized_source_tables/food_system/food_seasonality.csv:SEA003302""]",B,candidate
ds_boil_peas_plain,3,available,logical_necessity,required_ingredient_profiles,"[""sources/master-archive-v1/data/normalized_source_tables/food_system/food_seasonality.csv:SEA003303""]",B,candidate
ds_boil_peas_plain,4,available,logical_necessity,required_ingredient_profiles,"[""sources/master-archive-v1/data/normalized_source_tables/food_system/food_seasonality.csv:SEA003304""]",B,candidate
ds_boil_peas_plain,5,available,logical_necessity,required_ingredient_profiles,"[""sources/master-archive-v1/data/normalized_source_tables/food_system/food_seasonality.csv:SEA003305""]",B,candidate
ds_boil_peas_plain,6,available,logical_necessity,required_ingredient_profiles,"[""sources/master-archive-v1/data/normalized_source_tables/food_system/food_seasonality.csv:SEA003306""]",B,candidate
ds_boil_peas_plain,7,available,logical_necessity,required_ingredient_profiles,"[""sources/master-archive-v1/data/normalized_source_tables/food_system/food_seasonality.csv:SEA003307""]",B,candidate
ds_boil_peas_plain,8,available,logical_necessity,required_ingredient_profiles,"[""sources/master-archive-v1/data/normalized_source_tables/food_system/food_seasonality.csv:SEA003308""]",B,candidate
ds_boil_peas_plain,9,available,logical_necessity,required_ingredient_profiles,"[""sources/master-archive-v1/data/normalized_source_tables/food_system/food_seasonality.csv:SEA003309""]",B,candidate
ds_boil_peas_plain,10,available,logical_necessity,required_ingredient_profiles,"[""sources/master-archive-v1/data/normalized_source_tables/food_system/food_seasonality.csv:SEA003310""]",B,candidate
ds_boil_peas_plain,11,available,logical_necessity,required_ingredient_profiles,"[""sources/master-archive-v1/data/normalized_source_tables/food_system/food_seasonality.csv:SEA003311""]",B,candidate
ds_boil_peas_plain,12,available,logical_necessity,required_ingredient_profiles,"[""sources/master-archive-v1/data/normalized_source_tables/food_system/food_seasonality.csv:SEA003312""]",B,candidate
ds_pea_mash,1,conditional,logical_necessity,required_ingredient_profiles,"[""sources/master-archive-v1/data/normalized_source_tables/food_system/food_seasonality.csv:SEA003313""]",B,candidate
ds_pea_mash,2,conditional,logical_necessity,required_ingredient_profiles,"[""sources/master-archive-v1/data/normalized_source_tables/food_system/food_seasonality.csv:SEA003314""]",B,candidate
ds_pea_mash,3,conditional,logical_necessity,required_ingredient_profiles,"[""sources/master-archive-v1/data/normalized_source_tables/food_system/food_seasonality.csv:SEA003315""]",B,candidate
ds_pea_mash,4,conditional,logical_necessity,required_ingredient_profiles,"[""sources/master-archive-v1/data/normalized_source_tables/food_system/food_seasonality.csv:SEA003316""]",B,candidate
ds_pea_mash,5,conditional,logical_necessity,required_ingredient_profiles,"[""sources/master-archive-v1/data/normalized_source_tables/food_system/food_seasonality.csv:SEA003317""]",B,candidate
ds_pea_mash,6,conditional,logical_necessity,required_ingredient_profiles,"[""sources/master-archive-v1/data/normalized_source_tables/food_system/food_seasonality.csv:SEA003318""]",B,candidate
ds_pea_mash,7,conditional,logical_necessity,required_ingredient_profiles,"[""sources/master-archive-v1/data/normalized_source_tables/food_system/food_seasonality.csv:SEA003319""]",B,candidate
ds_pea_mash,8,conditional,logical_necessity,required_ingredient_profiles,"[""sources/master-archive-v1/data/normalized_source_tables/food_system/food_seasonality.csv:SEA003320""]",B,candidate
ds_pea_mash,9,conditional,logical_necessity,required_ingredient_profiles,"[""sources/master-archive-v1/data/normalized_source_tables/food_system/food_seasonality.csv:SEA003321""]",B,candidate
ds_pea_mash,10,conditional,logical_necessity,required_ingredient_profiles,"[""sources/master-archive-v1/data/normalized_source_tables/food_system/food_seasonality.csv:SEA003322""]",B,candidate
ds_pea_mash,11,conditional,logical_necessity,required_ingredient_profiles,"[""sources/master-archive-v1/data/normalized_source_tables/food_system/food_seasonality.csv:SEA003323""]",B,candidate
ds_pea_mash,12,conditional,logical_necessity,required_ingredient_profiles,"[""sources/master-archive-v1/data/normalized_source_tables/food_system/food_seasonality.csv:SEA003324""]",B,candidate
ds_pea_pottage,1,available,logical_necessity,required_ingredient_profiles,"[""sources/master-archive-v1/data/normalized_source_tables/food_system/food_seasonality.csv:SEA003325""]",B,candidate
ds_pea_pottage,2,available,logical_necessity,required_ingredient_profiles,"[""sources/master-archive-v1/data/normalized_source_tables/food_system/food_seasonality.csv:SEA003326""]",B,candidate
ds_pea_pottage,3,available,logical_necessity,required_ingredient_profiles,"[""sources/master-archive-v1/data/normalized_source_tables/food_system/food_seasonality.csv:SEA003327""]",B,candidate
ds_pea_pottage,4,available,logical_necessity,required_ingredient_profiles,"[""sources/master-archive-v1/data/normalized_source_tables/food_system/food_seasonality.csv:SEA003328""]",B,candidate
ds_pea_pottage,5,available,logical_necessity,required_ingredient_profiles,"[""sources/master-archive-v1/data/normalized_source_tables/food_system/food_seasonality.csv:SEA003329""]",B,candidate
ds_pea_pottage,6,available,logical_necessity,required_ingredient_profiles,"[""sources/master-archive-v1/data/normalized_source_tables/food_system/food_seasonality.csv:SEA003330""]",B,candidate
ds_pea_pottage,7,available,logical_necessity,required_ingredient_profiles,"[""sources/master-archive-v1/data/normalized_source_tables/food_system/food_seasonality.csv:SEA003331""]",B,candidate
ds_pea_pottage,8,available,logical_necessity,required_ingredient_profiles,"[""sources/master-archive-v1/data/normalized_source_tables/food_system/food_seasonality.csv:SEA003332""]",B,candidate
ds_pea_pottage,9,available,logical_necessity,required_ingredient_profiles,"[""sources/master-archive-v1/data/normalized_source_tables/food_system/food_seasonality.csv:SEA003333""]",B,candidate
ds_pea_pottage,10,available,logical_necessity,required_ingredient_profiles,"[""sources/master-archive-v1/data/normalized_source_tables/food_system/food_seasonality.csv:SEA003334""]",B,candidate
ds_pea_pottage,11,available,logical_necessity,required_ingredient_profiles,"[""sources/master-archive-v1/data/normalized_source_tables/food_system/food_seasonality.csv:SEA003335""]",B,candidate
ds_pea_pottage,12,available,logical_necessity,required_ingredient_profiles,"[""sources/master-archive-v1/data/normalized_source_tables/food_system/food_seasonality.csv:SEA003336""]",B,candidate
ds_pea_flour_gruel,1,available,logical_necessity,required_ingredient_profiles,"[""sources/master-archive-v1/data/normalized_source_tables/food_system/food_seasonality.csv:SEA003337""]",C,candidate
ds_pea_flour_gruel,2,available,logical_necessity,required_ingredient_profiles,"[""sources/master-archive-v1/data/normalized_source_tables/food_system/food_seasonality.csv:SEA003338""]",C,candidate
ds_pea_flour_gruel,3,available,logical_necessity,required_ingredient_profiles,"[""sources/master-archive-v1/data/normalized_source_tables/food_system/food_seasonality.csv:SEA003339""]",C,candidate
ds_pea_flour_gruel,4,available,logical_necessity,required_ingredient_profiles,"[""sources/master-archive-v1/data/normalized_source_tables/food_system/food_seasonality.csv:SEA003340""]",C,candidate
ds_pea_flour_gruel,5,available,logical_necessity,required_ingredient_profiles,"[""sources/master-archive-v1/data/normalized_source_tables/food_system/food_seasonality.csv:SEA003341""]",C,candidate
ds_pea_flour_gruel,6,available,logical_necessity,required_ingredient_profiles,"[""sources/master-archive-v1/data/normalized_source_tables/food_system/food_seasonality.csv:SEA003342""]",C,candidate
ds_pea_flour_gruel,7,available,logical_necessity,required_ingredient_profiles,"[""sources/master-archive-v1/data/normalized_source_tables/food_system/food_seasonality.csv:SEA003343""]",C,candidate
ds_pea_flour_gruel,8,available,logical_necessity,required_ingredient_profiles,"[""sources/master-archive-v1/data/normalized_source_tables/food_system/food_seasonality.csv:SEA003344""]",C,candidate
ds_pea_flour_gruel,9,available,logical_necessity,required_ingredient_profiles,"[""sources/master-archive-v1/data/normalized_source_tables/food_system/food_seasonality.csv:SEA003345""]",C,candidate
ds_pea_flour_gruel,10,available,logical_necessity,required_ingredient_profiles,"[""sources/master-archive-v1/data/normalized_source_tables/food_system/food_seasonality.csv:SEA003346""]",C,candidate
ds_pea_flour_gruel,11,available,logical_necessity,required_ingredient_profiles,"[""sources/master-archive-v1/data/normalized_source_tables/food_system/food_seasonality.csv:SEA003347""]",C,candidate
ds_pea_flour_gruel,12,available,logical_necessity,required_ingredient_profiles,"[""sources/master-archive-v1/data/normalized_source_tables/food_system/food_seasonality.csv:SEA003348""]",C,candidate
ds_turnip_baked_whole,1,available,logical_necessity,required_ingredient_profiles,"[""sources/master-archive-v1/data/normalized_source_tables/food_system/food_seasonality.csv:SEA003349""]",B,candidate
ds_turnip_baked_whole,2,available,logical_necessity,required_ingredient_profiles,"[""sources/master-archive-v1/data/normalized_source_tables/food_system/food_seasonality.csv:SEA003350""]",B,candidate
ds_turnip_baked_whole,3,available,logical_necessity,required_ingredient_profiles,"[""sources/master-archive-v1/data/normalized_source_tables/food_system/food_seasonality.csv:SEA003351""]",B,candidate
ds_turnip_baked_whole,4,rare,logical_necessity,required_ingredient_profiles,"[""sources/master-archive-v1/data/normalized_source_tables/food_system/food_seasonality.csv:SEA003352""]",B,candidate
ds_turnip_baked_whole,5,rare,logical_necessity,required_ingredient_profiles,"[""sources/master-archive-v1/data/normalized_source_tables/food_system/food_seasonality.csv:SEA003353""]",B,candidate
ds_turnip_baked_whole,6,rare,logical_necessity,required_ingredient_profiles,"[""sources/master-archive-v1/data/normalized_source_tables/food_system/food_seasonality.csv:SEA003354""]",B,candidate
ds_turnip_baked_whole,7,rare,logical_necessity,required_ingredient_profiles,"[""sources/master-archive-v1/data/normalized_source_tables/food_system/food_seasonality.csv:SEA003355""]",B,candidate
ds_turnip_baked_whole,8,available,logical_necessity,required_ingredient_profiles,"[""sources/master-archive-v1/data/normalized_source_tables/food_system/food_seasonality.csv:SEA003356""]",B,candidate
ds_turnip_baked_whole,9,available,logical_necessity,required_ingredient_profiles,"[""sources/master-archive-v1/data/normalized_source_tables/food_system/food_seasonality.csv:SEA003357""]",B,candidate
ds_turnip_baked_whole,10,available,logical_necessity,required_ingredient_profiles,"[""sources/master-archive-v1/data/normalized_source_tables/food_system/food_seasonality.csv:SEA003358""]",B,candidate
ds_turnip_baked_whole,11,available,logical_necessity,required_ingredient_profiles,"[""sources/master-archive-v1/data/normalized_source_tables/food_system/food_seasonality.csv:SEA003359""]",B,candidate
ds_turnip_baked_whole,12,available,logical_necessity,required_ingredient_profiles,"[""sources/master-archive-v1/data/normalized_source_tables/food_system/food_seasonality.csv:SEA003360""]",B,candidate
ds_turnip_boiled,1,available,logical_necessity,required_ingredient_profiles,"[""sources/master-archive-v1/data/normalized_source_tables/food_system/food_seasonality.csv:SEA003361""]",B,candidate
ds_turnip_boiled,2,available,logical_necessity,required_ingredient_profiles,"[""sources/master-archive-v1/data/normalized_source_tables/food_system/food_seasonality.csv:SEA003362""]",B,candidate
ds_turnip_boiled,3,available,logical_necessity,required_ingredient_profiles,"[""sources/master-archive-v1/data/normalized_source_tables/food_system/food_seasonality.csv:SEA003363""]",B,candidate
ds_turnip_boiled,4,rare,logical_necessity,required_ingredient_profiles,"[""sources/master-archive-v1/data/normalized_source_tables/food_system/food_seasonality.csv:SEA003364""]",B,candidate
ds_turnip_boiled,5,rare,logical_necessity,required_ingredient_profiles,"[""sources/master-archive-v1/data/normalized_source_tables/food_system/food_seasonality.csv:SEA003365""]",B,candidate
ds_turnip_boiled,6,rare,logical_necessity,required_ingredient_profiles,"[""sources/master-archive-v1/data/normalized_source_tables/food_system/food_seasonality.csv:SEA003366""]",B,candidate
ds_turnip_boiled,7,rare,logical_necessity,required_ingredient_profiles,"[""sources/master-archive-v1/data/normalized_source_tables/food_system/food_seasonality.csv:SEA003367""]",B,candidate
ds_turnip_boiled,8,available,logical_necessity,required_ingredient_profiles,"[""sources/master-archive-v1/data/normalized_source_tables/food_system/food_seasonality.csv:SEA003368""]",B,candidate
ds_turnip_boiled,9,available,logical_necessity,required_ingredient_profiles,"[""sources/master-archive-v1/data/normalized_source_tables/food_system/food_seasonality.csv:SEA003369""]",B,candidate
ds_turnip_boiled,10,available,logical_necessity,required_ingredient_profiles,"[""sources/master-archive-v1/data/normalized_source_tables/food_system/food_seasonality.csv:SEA003370""]",B,candidate
ds_turnip_boiled,11,available,logical_necessity,required_ingredient_profiles,"[""sources/master-archive-v1/data/normalized_source_tables/food_system/food_seasonality.csv:SEA003371""]",B,candidate
ds_turnip_boiled,12,available,logical_necessity,required_ingredient_profiles,"[""sources/master-archive-v1/data/normalized_source_tables/food_system/food_seasonality.csv:SEA003372""]",B,candidate
ds_turnip_pottage,1,available,logical_necessity,required_ingredient_profiles,"[""sources/master-archive-v1/data/normalized_source_tables/food_system/food_seasonality.csv:SEA003373""]",B,candidate
ds_turnip_pottage,2,available,logical_necessity,required_ingredient_profiles,"[""sources/master-archive-v1/data/normalized_source_tables/food_system/food_seasonality.csv:SEA003374""]",B,candidate
ds_turnip_pottage,3,available,logical_necessity,required_ingredient_profiles,"[""sources/master-archive-v1/data/normalized_source_tables/food_system/food_seasonality.csv:SEA003375""]",B,candidate
ds_turnip_pottage,4,rare,logical_necessity,required_ingredient_profiles,"[""sources/master-archive-v1/data/normalized_source_tables/food_system/food_seasonality.csv:SEA003376""]",B,candidate
ds_turnip_pottage,5,rare,logical_necessity,required_ingredient_profiles,"[""sources/master-archive-v1/data/normalized_source_tables/food_system/food_seasonality.csv:SEA003377""]",B,candidate
ds_turnip_pottage,6,rare,logical_necessity,required_ingredient_profiles,"[""sources/master-archive-v1/data/normalized_source_tables/food_system/food_seasonality.csv:SEA003378""]",B,candidate
ds_turnip_pottage,7,rare,logical_necessity,required_ingredient_profiles,"[""sources/master-archive-v1/data/normalized_source_tables/food_system/food_seasonality.csv:SEA003379""]",B,candidate
ds_turnip_pottage,8,available,logical_necessity,required_ingredient_profiles,"[""sources/master-archive-v1/data/normalized_source_tables/food_system/food_seasonality.csv:SEA003380""]",B,candidate
ds_turnip_pottage,9,available,logical_necessity,required_ingredient_profiles,"[""sources/master-archive-v1/data/normalized_source_tables/food_system/food_seasonality.csv:SEA003381""]",B,candidate
ds_turnip_pottage,10,available,logical_necessity,required_ingredient_profiles,"[""sources/master-archive-v1/data/normalized_source_tables/food_system/food_seasonality.csv:SEA003382""]",B,candidate
ds_turnip_pottage,11,available,logical_necessity,required_ingredient_profiles,"[""sources/master-archive-v1/data/normalized_source_tables/food_system/food_seasonality.csv:SEA003383""]",B,candidate
ds_turnip_pottage,12,available,logical_necessity,required_ingredient_profiles,"[""sources/master-archive-v1/data/normalized_source_tables/food_system/food_seasonality.csv:SEA003384""]",B,candidate
ds_turnip_with_honey_uncertain,1,available,logical_necessity,required_ingredient_profiles,"[""sources/master-archive-v1/data/normalized_source_tables/food_system/food_seasonality.csv:SEA003385""]",C,candidate
ds_turnip_with_honey_uncertain,2,available,logical_necessity,required_ingredient_profiles,"[""sources/master-archive-v1/data/normalized_source_tables/food_system/food_seasonality.csv:SEA003386""]",C,candidate
ds_turnip_with_honey_uncertain,3,available,logical_necessity,required_ingredient_profiles,"[""sources/master-archive-v1/data/normalized_source_tables/food_system/food_seasonality.csv:SEA003387""]",C,candidate
ds_turnip_with_honey_uncertain,4,rare,logical_necessity,required_ingredient_profiles,"[""sources/master-archive-v1/data/normalized_source_tables/food_system/food_seasonality.csv:SEA003388""]",C,candidate
ds_turnip_with_honey_uncertain,5,rare,logical_necessity,required_ingredient_profiles,"[""sources/master-archive-v1/data/normalized_source_tables/food_system/food_seasonality.csv:SEA003389""]",C,candidate
ds_turnip_with_honey_uncertain,6,rare,logical_necessity,required_ingredient_profiles,"[""sources/master-archive-v1/data/normalized_source_tables/food_system/food_seasonality.csv:SEA003390""]",C,candidate
ds_turnip_with_honey_uncertain,7,rare,logical_necessity,required_ingredient_profiles,"[""sources/master-archive-v1/data/normalized_source_tables/food_system/food_seasonality.csv:SEA003391""]",C,candidate
ds_turnip_with_honey_uncertain,8,available,logical_necessity,required_ingredient_profiles,"[""sources/master-archive-v1/data/normalized_source_tables/food_system/food_seasonality.csv:SEA003392""]",C,candidate
ds_turnip_with_honey_uncertain,9,available,logical_necessity,required_ingredient_profiles,"[""sources/master-archive-v1/data/normalized_source_tables/food_system/food_seasonality.csv:SEA003393""]",C,candidate
ds_turnip_with_honey_uncertain,10,available,logical_necessity,required_ingredient_profiles,"[""sources/master-archive-v1/data/normalized_source_tables/food_system/food_seasonality.csv:SEA003394""]",C,candidate
ds_turnip_with_honey_uncertain,11,available,logical_necessity,required_ingredient_profiles,"[""sources/master-archive-v1/data/normalized_source_tables/food_system/food_seasonality.csv:SEA003395""]",C,candidate
ds_turnip_with_honey_uncertain,12,available,logical_necessity,required_ingredient_profiles,"[""sources/master-archive-v1/data/normalized_source_tables/food_system/food_seasonality.csv:SEA003396""]",C,candidate
ds_cabbage_boiled,1,available,logical_necessity,required_ingredient_profiles,"[""sources/master-archive-v1/data/normalized_source_tables/food_system/food_seasonality.csv:SEA003397""]",B,candidate
ds_cabbage_boiled,2,available,logical_necessity,required_ingredient_profiles,"[""sources/master-archive-v1/data/normalized_source_tables/food_system/food_seasonality.csv:SEA003398""]",B,candidate
ds_cabbage_boiled,3,rare,logical_necessity,required_ingredient_profiles,"[""sources/master-archive-v1/data/normalized_source_tables/food_system/food_seasonality.csv:SEA003399""]",B,candidate
ds_cabbage_boiled,4,rare,logical_necessity,required_ingredient_profiles,"[""sources/master-archive-v1/data/normalized_source_tables/food_system/food_seasonality.csv:SEA003400""]",B,candidate
ds_cabbage_boiled,5,rare,logical_necessity,required_ingredient_profiles,"[""sources/master-archive-v1/data/normalized_source_tables/food_system/food_seasonality.csv:SEA003401""]",B,candidate
ds_cabbage_boiled,6,rare,logical_necessity,required_ingredient_profiles,"[""sources/master-archive-v1/data/normalized_source_tables/food_system/food_seasonality.csv:SEA003402""]",B,candidate
ds_cabbage_boiled,7,rare,logical_necessity,required_ingredient_profiles,"[""sources/master-archive-v1/data/normalized_source_tables/food_system/food_seasonality.csv:SEA003403""]",B,candidate
ds_cabbage_boiled,8,available,logical_necessity,required_ingredient_profiles,"[""sources/master-archive-v1/data/normalized_source_tables/food_system/food_seasonality.csv:SEA003404""]",B,candidate
ds_cabbage_boiled,9,available,logical_necessity,required_ingredient_profiles,"[""sources/master-archive-v1/data/normalized_source_tables/food_system/food_seasonality.csv:SEA003405""]",B,candidate
ds_cabbage_boiled,10,available,logical_necessity,required_ingredient_profiles,"[""sources/master-archive-v1/data/normalized_source_tables/food_system/food_seasonality.csv:SEA003406""]",B,candidate
ds_cabbage_boiled,11,available,logical_necessity,required_ingredient_profiles,"[""sources/master-archive-v1/data/normalized_source_tables/food_system/food_seasonality.csv:SEA003407""]",B,candidate
ds_cabbage_boiled,12,available,logical_necessity,required_ingredient_profiles,"[""sources/master-archive-v1/data/normalized_source_tables/food_system/food_seasonality.csv:SEA003408""]",B,candidate
ds_ferment_cabbage_cautious,1,available,logical_necessity,required_ingredient_profiles,"[""sources/master-archive-v1/data/normalized_source_tables/food_system/food_seasonality.csv:SEA003409""]",C,candidate
ds_ferment_cabbage_cautious,2,available,logical_necessity,required_ingredient_profiles,"[""sources/master-archive-v1/data/normalized_source_tables/food_system/food_seasonality.csv:SEA003410""]",C,candidate
ds_ferment_cabbage_cautious,3,rare,logical_necessity,required_ingredient_profiles,"[""sources/master-archive-v1/data/normalized_source_tables/food_system/food_seasonality.csv:SEA003411""]",C,candidate
ds_ferment_cabbage_cautious,4,rare,logical_necessity,required_ingredient_profiles,"[""sources/master-archive-v1/data/normalized_source_tables/food_system/food_seasonality.csv:SEA003412""]",C,candidate
ds_ferment_cabbage_cautious,5,rare,logical_necessity,required_ingredient_profiles,"[""sources/master-archive-v1/data/normalized_source_tables/food_system/food_seasonality.csv:SEA003413""]",C,candidate
ds_ferment_cabbage_cautious,6,rare,logical_necessity,required_ingredient_profiles,"[""sources/master-archive-v1/data/normalized_source_tables/food_system/food_seasonality.csv:SEA003414""]",C,candidate
ds_ferment_cabbage_cautious,7,rare,logical_necessity,required_ingredient_profiles,"[""sources/master-archive-v1/data/normalized_source_tables/food_system/food_seasonality.csv:SEA003415""]",C,candidate
ds_ferment_cabbage_cautious,8,available,logical_necessity,required_ingredient_profiles,"[""sources/master-archive-v1/data/normalized_source_tables/food_system/food_seasonality.csv:SEA003416""]",C,candidate
ds_ferment_cabbage_cautious,9,available,logical_necessity,required_ingredient_profiles,"[""sources/master-archive-v1/data/normalized_source_tables/food_system/food_seasonality.csv:SEA003417""]",C,candidate
ds_ferment_cabbage_cautious,10,available,logical_necessity,required_ingredient_profiles,"[""sources/master-archive-v1/data/normalized_source_tables/food_system/food_seasonality.csv:SEA003418""]",C,candidate
ds_ferment_cabbage_cautious,11,available,logical_necessity,required_ingredient_profiles,"[""sources/master-archive-v1/data/normalized_source_tables/food_system/food_seasonality.csv:SEA003419""]",C,candidate
ds_ferment_cabbage_cautious,12,available,logical_necessity,required_ingredient_profiles,"[""sources/master-archive-v1/data/normalized_source_tables/food_system/food_seasonality.csv:SEA003420""]",C,candidate
ds_baked_onion,1,available,logical_necessity,required_ingredient_profiles,"[""sources/master-archive-v1/data/normalized_source_tables/food_system/food_seasonality.csv:SEA003421""]",B,candidate
ds_baked_onion,2,available,logical_necessity,required_ingredient_profiles,"[""sources/master-archive-v1/data/normalized_source_tables/food_system/food_seasonality.csv:SEA003422""]",B,candidate
ds_baked_onion,3,available,logical_necessity,required_ingredient_profiles,"[""sources/master-archive-v1/data/normalized_source_tables/food_system/food_seasonality.csv:SEA003423""]",B,candidate
ds_baked_onion,4,available,logical_necessity,required_ingredient_profiles,"[""sources/master-archive-v1/data/normalized_source_tables/food_system/food_seasonality.csv:SEA003424""]",B,candidate
ds_baked_onion,5,available,logical_necessity,required_ingredient_profiles,"[""sources/master-archive-v1/data/normalized_source_tables/food_system/food_seasonality.csv:SEA003425""]",B,candidate
ds_baked_onion,6,available,logical_necessity,required_ingredient_profiles,"[""sources/master-archive-v1/data/normalized_source_tables/food_system/food_seasonality.csv:SEA003426""]",B,candidate
ds_baked_onion,7,available,logical_necessity,required_ingredient_profiles,"[""sources/master-archive-v1/data/normalized_source_tables/food_system/food_seasonality.csv:SEA003427""]",B,candidate
ds_baked_onion,8,available,logical_necessity,required_ingredient_profiles,"[""sources/master-archive-v1/data/normalized_source_tables/food_system/food_seasonality.csv:SEA003428""]",B,candidate
ds_baked_onion,9,available,logical_necessity,required_ingredient_profiles,"[""sources/master-archive-v1/data/normalized_source_tables/food_system/food_seasonality.csv:SEA003429""]",B,candidate
ds_baked_onion,10,available,logical_necessity,required_ingredient_profiles,"[""sources/master-archive-v1/data/normalized_source_tables/food_system/food_seasonality.csv:SEA003430""]",B,candidate
ds_baked_onion,11,available,logical_necessity,required_ingredient_profiles,"[""sources/master-archive-v1/data/normalized_source_tables/food_system/food_seasonality.csv:SEA003431""]",B,candidate
ds_baked_onion,12,available,logical_necessity,required_ingredient_profiles,"[""sources/master-archive-v1/data/normalized_source_tables/food_system/food_seasonality.csv:SEA003432""]",B,candidate
ds_baked_garlic,1,available,logical_necessity,required_ingredient_profiles,"[""sources/master-archive-v1/data/normalized_source_tables/food_system/food_seasonality.csv:SEA003433""]",B,candidate
ds_baked_garlic,2,available,logical_necessity,required_ingredient_profiles,"[""sources/master-archive-v1/data/normalized_source_tables/food_system/food_seasonality.csv:SEA003434""]",B,candidate
ds_baked_garlic,3,available,logical_necessity,required_ingredient_profiles,"[""sources/master-archive-v1/data/normalized_source_tables/food_system/food_seasonality.csv:SEA003435""]",B,candidate
ds_baked_garlic,4,available,logical_necessity,required_ingredient_profiles,"[""sources/master-archive-v1/data/normalized_source_tables/food_system/food_seasonality.csv:SEA003436""]",B,candidate
ds_baked_garlic,5,available,logical_necessity,required_ingredient_profiles,"[""sources/master-archive-v1/data/normalized_source_tables/food_system/food_seasonality.csv:SEA003437""]",B,candidate
ds_baked_garlic,6,available,logical_necessity,required_ingredient_profiles,"[""sources/master-archive-v1/data/normalized_source_tables/food_system/food_seasonality.csv:SEA003438""]",B,candidate
ds_baked_garlic,7,available,logical_necessity,required_ingredient_profiles,"[""sources/master-archive-v1/data/normalized_source_tables/food_system/food_seasonality.csv:SEA003439""]",B,candidate
ds_baked_garlic,8,available,logical_necessity,required_ingredient_profiles,"[""sources/master-archive-v1/data/normalized_source_tables/food_system/food_seasonality.csv:SEA003440""]",B,candidate
ds_baked_garlic,9,available,logical_necessity,required_ingredient_profiles,"[""sources/master-archive-v1/data/normalized_source_tables/food_system/food_seasonality.csv:SEA003441""]",B,candidate
ds_baked_garlic,10,available,logical_necessity,required_ingredient_profiles,"[""sources/master-archive-v1/data/normalized_source_tables/food_system/food_seasonality.csv:SEA003442""]",B,candidate
ds_baked_garlic,11,available,logical_necessity,required_ingredient_profiles,"[""sources/master-archive-v1/data/normalized_source_tables/food_system/food_seasonality.csv:SEA003443""]",B,candidate
ds_baked_garlic,12,available,logical_necessity,required_ingredient_profiles,"[""sources/master-archive-v1/data/normalized_source_tables/food_system/food_seasonality.csv:SEA003444""]",B,candidate
ds_boiled_onion,1,available,logical_necessity,required_ingredient_profiles,"[""sources/master-archive-v1/data/normalized_source_tables/food_system/food_seasonality.csv:SEA003445""]",B,candidate
ds_boiled_onion,2,available,logical_necessity,required_ingredient_profiles,"[""sources/master-archive-v1/data/normalized_source_tables/food_system/food_seasonality.csv:SEA003446""]",B,candidate
ds_boiled_onion,3,available,logical_necessity,required_ingredient_profiles,"[""sources/master-archive-v1/data/normalized_source_tables/food_system/food_seasonality.csv:SEA003447""]",B,candidate
ds_boiled_onion,4,available,logical_necessity,required_ingredient_profiles,"[""sources/master-archive-v1/data/normalized_source_tables/food_system/food_seasonality.csv:SEA003448""]",B,candidate
ds_boiled_onion,5,available,logical_necessity,required_ingredient_profiles,"[""sources/master-archive-v1/data/normalized_source_tables/food_system/food_seasonality.csv:SEA003449""]",B,candidate
ds_boiled_onion,6,available,logical_necessity,required_ingredient_profiles,"[""sources/master-archive-v1/data/normalized_source_tables/food_system/food_seasonality.csv:SEA003450""]",B,candidate
ds_boiled_onion,7,available,logical_necessity,required_ingredient_profiles,"[""sources/master-archive-v1/data/normalized_source_tables/food_system/food_seasonality.csv:SEA003451""]",B,candidate
ds_boiled_onion,8,available,logical_necessity,required_ingredient_profiles,"[""sources/master-archive-v1/data/normalized_source_tables/food_system/food_seasonality.csv:SEA003452""]",B,candidate
ds_boiled_onion,9,available,logical_necessity,required_ingredient_profiles,"[""sources/master-archive-v1/data/normalized_source_tables/food_system/food_seasonality.csv:SEA003453""]",B,candidate
ds_boiled_onion,10,available,logical_necessity,required_ingredient_profiles,"[""sources/master-archive-v1/data/normalized_source_tables/food_system/food_seasonality.csv:SEA003454""]",B,candidate
ds_boiled_onion,11,available,logical_necessity,required_ingredient_profiles,"[""sources/master-archive-v1/data/normalized_source_tables/food_system/food_seasonality.csv:SEA003455""]",B,candidate
ds_boiled_onion,12,available,logical_necessity,required_ingredient_profiles,"[""sources/master-archive-v1/data/normalized_source_tables/food_system/food_seasonality.csv:SEA003456""]",B,candidate
ds_boiled_garden_root_cautious,1,available,logical_necessity,required_ingredient_profiles,"[""sources/master-archive-v1/data/normalized_source_tables/food_system/food_seasonality.csv:SEA003457""]",C,candidate
ds_boiled_garden_root_cautious,2,available,logical_necessity,required_ingredient_profiles,"[""sources/master-archive-v1/data/normalized_source_tables/food_system/food_seasonality.csv:SEA003458""]",C,candidate
ds_boiled_garden_root_cautious,3,available,logical_necessity,required_ingredient_profiles,"[""sources/master-archive-v1/data/normalized_source_tables/food_system/food_seasonality.csv:SEA003459""]",C,candidate
ds_boiled_garden_root_cautious,4,rare,logical_necessity,required_ingredient_profiles,"[""sources/master-archive-v1/data/normalized_source_tables/food_system/food_seasonality.csv:SEA003460""]",C,candidate
ds_boiled_garden_root_cautious,5,rare,logical_necessity,required_ingredient_profiles,"[""sources/master-archive-v1/data/normalized_source_tables/food_system/food_seasonality.csv:SEA003461""]",C,candidate
ds_boiled_garden_root_cautious,6,rare,logical_necessity,required_ingredient_profiles,"[""sources/master-archive-v1/data/normalized_source_tables/food_system/food_seasonality.csv:SEA003462""]",C,candidate
ds_boiled_garden_root_cautious,7,rare,logical_necessity,required_ingredient_profiles,"[""sources/master-archive-v1/data/normalized_source_tables/food_system/food_seasonality.csv:SEA003463""]",C,candidate
ds_boiled_garden_root_cautious,8,available,logical_necessity,required_ingredient_profiles,"[""sources/master-archive-v1/data/normalized_source_tables/food_system/food_seasonality.csv:SEA003464""]",C,candidate
ds_boiled_garden_root_cautious,9,available,logical_necessity,required_ingredient_profiles,"[""sources/master-archive-v1/data/normalized_source_tables/food_system/food_seasonality.csv:SEA003465""]",C,candidate
ds_boiled_garden_root_cautious,10,available,logical_necessity,required_ingredient_profiles,"[""sources/master-archive-v1/data/normalized_source_tables/food_system/food_seasonality.csv:SEA003466""]",C,candidate
ds_boiled_garden_root_cautious,11,available,logical_necessity,required_ingredient_profiles,"[""sources/master-archive-v1/data/normalized_source_tables/food_system/food_seasonality.csv:SEA003467""]",C,candidate
ds_boiled_garden_root_cautious,12,available,logical_necessity,required_ingredient_profiles,"[""sources/master-archive-v1/data/normalized_source_tables/food_system/food_seasonality.csv:SEA003468""]",C,candidate
ds_pottage_edible_wild_greens,1,unavailable,logical_necessity,recipe_month_scope,"[""sources/master-archive-v1/data/normalized_source_tables/food_system/food_seasonality.csv:SEA003469""]",B,candidate
ds_pottage_edible_wild_greens,2,unavailable,logical_necessity,recipe_month_scope,"[""sources/master-archive-v1/data/normalized_source_tables/food_system/food_seasonality.csv:SEA003470""]",B,candidate
ds_pottage_edible_wild_greens,3,unavailable,logical_necessity,recipe_month_scope,"[""sources/master-archive-v1/data/normalized_source_tables/food_system/food_seasonality.csv:SEA003471""]",B,candidate
ds_pottage_edible_wild_greens,4,unavailable,logical_necessity,recipe_month_scope,"[""sources/master-archive-v1/data/normalized_source_tables/food_system/food_seasonality.csv:SEA003472""]",B,candidate
ds_pottage_edible_wild_greens,5,available,logical_necessity,required_ingredient_profiles,"[""sources/master-archive-v1/data/normalized_source_tables/food_system/food_seasonality.csv:SEA003473""]",B,candidate
ds_pottage_edible_wild_greens,6,available,logical_necessity,required_ingredient_profiles,"[""sources/master-archive-v1/data/normalized_source_tables/food_system/food_seasonality.csv:SEA003474""]",B,candidate
ds_pottage_edible_wild_greens,7,available,logical_necessity,required_ingredient_profiles,"[""sources/master-archive-v1/data/normalized_source_tables/food_system/food_seasonality.csv:SEA003475""]",B,candidate
ds_pottage_edible_wild_greens,8,available,logical_necessity,required_ingredient_profiles,"[""sources/master-archive-v1/data/normalized_source_tables/food_system/food_seasonality.csv:SEA003476""]",B,candidate
ds_pottage_edible_wild_greens,9,unavailable,logical_necessity,recipe_month_scope,"[""sources/master-archive-v1/data/normalized_source_tables/food_system/food_seasonality.csv:SEA003477""]",B,candidate
ds_pottage_edible_wild_greens,10,unavailable,logical_necessity,recipe_month_scope,"[""sources/master-archive-v1/data/normalized_source_tables/food_system/food_seasonality.csv:SEA003478""]",B,candidate
ds_pottage_edible_wild_greens,11,unavailable,logical_necessity,recipe_month_scope,"[""sources/master-archive-v1/data/normalized_source_tables/food_system/food_seasonality.csv:SEA003479""]",B,candidate
ds_pottage_edible_wild_greens,12,unavailable,logical_necessity,recipe_month_scope,"[""sources/master-archive-v1/data/normalized_source_tables/food_system/food_seasonality.csv:SEA003480""]",B,candidate
ds_pottage_nettle_greens,1,unavailable,logical_necessity,recipe_month_scope,"[""sources/master-archive-v1/data/normalized_source_tables/food_system/food_seasonality.csv:SEA003481""]",C,candidate
ds_pottage_nettle_greens,2,unavailable,logical_necessity,recipe_month_scope,"[""sources/master-archive-v1/data/normalized_source_tables/food_system/food_seasonality.csv:SEA003482""]",C,candidate
ds_pottage_nettle_greens,3,unavailable,logical_necessity,recipe_month_scope,"[""sources/master-archive-v1/data/normalized_source_tables/food_system/food_seasonality.csv:SEA003483""]",C,candidate
ds_pottage_nettle_greens,4,unavailable,logical_necessity,recipe_month_scope,"[""sources/master-archive-v1/data/normalized_source_tables/food_system/food_seasonality.csv:SEA003484""]",C,candidate
ds_pottage_nettle_greens,5,available,logical_necessity,required_ingredient_profiles,"[""sources/master-archive-v1/data/normalized_source_tables/food_system/food_seasonality.csv:SEA003485""]",C,candidate
ds_pottage_nettle_greens,6,available,logical_necessity,required_ingredient_profiles,"[""sources/master-archive-v1/data/normalized_source_tables/food_system/food_seasonality.csv:SEA003486""]",C,candidate
ds_pottage_nettle_greens,7,available,logical_necessity,required_ingredient_profiles,"[""sources/master-archive-v1/data/normalized_source_tables/food_system/food_seasonality.csv:SEA003487""]",C,candidate
ds_pottage_nettle_greens,8,rare,logical_necessity,required_ingredient_profiles; ingredient_months refines August nettle availability to rare,"[""sources/master-archive-v1/data/normalized_source_tables/food_system/food_seasonality.csv:SEA003488""]",C,candidate
ds_pottage_nettle_greens,9,unavailable,logical_necessity,recipe_month_scope,"[""sources/master-archive-v1/data/normalized_source_tables/food_system/food_seasonality.csv:SEA003489""]",C,candidate
ds_pottage_nettle_greens,10,unavailable,logical_necessity,recipe_month_scope,"[""sources/master-archive-v1/data/normalized_source_tables/food_system/food_seasonality.csv:SEA003490""]",C,candidate
ds_pottage_nettle_greens,11,unavailable,logical_necessity,recipe_month_scope,"[""sources/master-archive-v1/data/normalized_source_tables/food_system/food_seasonality.csv:SEA003491""]",C,candidate
ds_pottage_nettle_greens,12,unavailable,logical_necessity,recipe_month_scope,"[""sources/master-archive-v1/data/normalized_source_tables/food_system/food_seasonality.csv:SEA003492""]",C,candidate
ds_pottage_sorrel_greens,1,unavailable,logical_necessity,recipe_month_scope,"[""sources/master-archive-v1/data/normalized_source_tables/food_system/food_seasonality.csv:SEA003493""]",C,candidate
ds_pottage_sorrel_greens,2,unavailable,logical_necessity,recipe_month_scope,"[""sources/master-archive-v1/data/normalized_source_tables/food_system/food_seasonality.csv:SEA003494""]",C,candidate
ds_pottage_sorrel_greens,3,unavailable,logical_necessity,recipe_month_scope,"[""sources/master-archive-v1/data/normalized_source_tables/food_system/food_seasonality.csv:SEA003495""]",C,candidate
ds_pottage_sorrel_greens,4,unavailable,logical_necessity,recipe_month_scope,"[""sources/master-archive-v1/data/normalized_source_tables/food_system/food_seasonality.csv:SEA003496""]",C,candidate
ds_pottage_sorrel_greens,5,available,logical_necessity,required_ingredient_profiles,"[""sources/master-archive-v1/data/normalized_source_tables/food_system/food_seasonality.csv:SEA003497""]",C,candidate
ds_pottage_sorrel_greens,6,available,logical_necessity,required_ingredient_profiles,"[""sources/master-archive-v1/data/normalized_source_tables/food_system/food_seasonality.csv:SEA003498""]",C,candidate
ds_pottage_sorrel_greens,7,available,logical_necessity,required_ingredient_profiles,"[""sources/master-archive-v1/data/normalized_source_tables/food_system/food_seasonality.csv:SEA003499""]",C,candidate
ds_pottage_sorrel_greens,8,rare,logical_necessity,required_ingredient_profiles; ingredient_months refines August sorrel availability to rare,"[""sources/master-archive-v1/data/normalized_source_tables/food_system/food_seasonality.csv:SEA003500""]",C,candidate
ds_pottage_sorrel_greens,9,unavailable,logical_necessity,recipe_month_scope,"[""sources/master-archive-v1/data/normalized_source_tables/food_system/food_seasonality.csv:SEA003501""]",C,candidate
ds_pottage_sorrel_greens,10,unavailable,logical_necessity,recipe_month_scope,"[""sources/master-archive-v1/data/normalized_source_tables/food_system/food_seasonality.csv:SEA003502""]",C,candidate
ds_pottage_sorrel_greens,11,unavailable,logical_necessity,recipe_month_scope,"[""sources/master-archive-v1/data/normalized_source_tables/food_system/food_seasonality.csv:SEA003503""]",C,candidate
ds_pottage_sorrel_greens,12,unavailable,logical_necessity,recipe_month_scope,"[""sources/master-archive-v1/data/normalized_source_tables/food_system/food_seasonality.csv:SEA003504""]",C,candidate
ds_pottage_goutweed_greens,1,unavailable,logical_necessity,recipe_month_scope,"[""sources/master-archive-v1/data/normalized_source_tables/food_system/food_seasonality.csv:SEA003505""]",C,candidate
ds_pottage_goutweed_greens,2,unavailable,logical_necessity,recipe_month_scope,"[""sources/master-archive-v1/data/normalized_source_tables/food_system/food_seasonality.csv:SEA003506""]",C,candidate
ds_pottage_goutweed_greens,3,unavailable,logical_necessity,recipe_month_scope,"[""sources/master-archive-v1/data/normalized_source_tables/food_system/food_seasonality.csv:SEA003507""]",C,candidate
ds_pottage_goutweed_greens,4,unavailable,logical_necessity,recipe_month_scope,"[""sources/master-archive-v1/data/normalized_source_tables/food_system/food_seasonality.csv:SEA003508""]",C,candidate
ds_pottage_goutweed_greens,5,available,logical_necessity,required_ingredient_profiles,"[""sources/master-archive-v1/data/normalized_source_tables/food_system/food_seasonality.csv:SEA003509""]",C,candidate
ds_pottage_goutweed_greens,6,available,logical_necessity,required_ingredient_profiles,"[""sources/master-archive-v1/data/normalized_source_tables/food_system/food_seasonality.csv:SEA003510""]",C,candidate
ds_pottage_goutweed_greens,7,rare,logical_necessity,required_ingredient_profiles; ingredient_months refines July goutweed availability to rare,"[""sources/master-archive-v1/data/normalized_source_tables/food_system/food_seasonality.csv:SEA003511""]",C,candidate
ds_pottage_goutweed_greens,8,rare,logical_necessity,required_ingredient_profiles; ingredient_months refines August goutweed availability to rare,"[""sources/master-archive-v1/data/normalized_source_tables/food_system/food_seasonality.csv:SEA003512""]",C,candidate
ds_pottage_goutweed_greens,9,unavailable,logical_necessity,recipe_month_scope,"[""sources/master-archive-v1/data/normalized_source_tables/food_system/food_seasonality.csv:SEA003513""]",C,candidate
ds_pottage_goutweed_greens,10,unavailable,logical_necessity,recipe_month_scope,"[""sources/master-archive-v1/data/normalized_source_tables/food_system/food_seasonality.csv:SEA003514""]",C,candidate
ds_pottage_goutweed_greens,11,unavailable,logical_necessity,recipe_month_scope,"[""sources/master-archive-v1/data/normalized_source_tables/food_system/food_seasonality.csv:SEA003515""]",C,candidate
ds_pottage_goutweed_greens,12,unavailable,logical_necessity,recipe_month_scope,"[""sources/master-archive-v1/data/normalized_source_tables/food_system/food_seasonality.csv:SEA003516""]",C,candidate
ds_pottage_orache_greens,1,unavailable,logical_necessity,recipe_month_scope,"[""sources/master-archive-v1/data/normalized_source_tables/food_system/food_seasonality.csv:SEA003517""]",C,candidate
ds_pottage_orache_greens,2,unavailable,logical_necessity,recipe_month_scope,"[""sources/master-archive-v1/data/normalized_source_tables/food_system/food_seasonality.csv:SEA003518""]",C,candidate
ds_pottage_orache_greens,3,unavailable,logical_necessity,recipe_month_scope,"[""sources/master-archive-v1/data/normalized_source_tables/food_system/food_seasonality.csv:SEA003519""]",C,candidate
ds_pottage_orache_greens,4,unavailable,logical_necessity,recipe_month_scope,"[""sources/master-archive-v1/data/normalized_source_tables/food_system/food_seasonality.csv:SEA003520""]",C,candidate
ds_pottage_orache_greens,5,rare,logical_necessity,required_ingredient_profiles; ingredient_months refines May orache availability to rare,"[""sources/master-archive-v1/data/normalized_source_tables/food_system/food_seasonality.csv:SEA003521""]",C,candidate
ds_pottage_orache_greens,6,available,logical_necessity,required_ingredient_profiles,"[""sources/master-archive-v1/data/normalized_source_tables/food_system/food_seasonality.csv:SEA003522""]",C,candidate
ds_pottage_orache_greens,7,available,logical_necessity,required_ingredient_profiles,"[""sources/master-archive-v1/data/normalized_source_tables/food_system/food_seasonality.csv:SEA003523""]",C,candidate
ds_pottage_orache_greens,8,available,logical_necessity,required_ingredient_profiles,"[""sources/master-archive-v1/data/normalized_source_tables/food_system/food_seasonality.csv:SEA003524""]",C,candidate
ds_pottage_orache_greens,9,unavailable,logical_necessity,recipe_month_scope,"[""sources/master-archive-v1/data/normalized_source_tables/food_system/food_seasonality.csv:SEA003525""]",C,candidate
ds_pottage_orache_greens,10,unavailable,logical_necessity,recipe_month_scope,"[""sources/master-archive-v1/data/normalized_source_tables/food_system/food_seasonality.csv:SEA003526""]",C,candidate
ds_pottage_orache_greens,11,unavailable,logical_necessity,recipe_month_scope,"[""sources/master-archive-v1/data/normalized_source_tables/food_system/food_seasonality.csv:SEA003527""]",C,candidate
ds_pottage_orache_greens,12,unavailable,logical_necessity,recipe_month_scope,"[""sources/master-archive-v1/data/normalized_source_tables/food_system/food_seasonality.csv:SEA003528""]",C,candidate
ds_mushrooms_boiled_cautious,1,unavailable,logical_necessity,recipe_month_scope,"[""sources/master-archive-v1/data/normalized_source_tables/food_system/food_seasonality.csv:SEA003529""]",C,candidate
ds_mushrooms_boiled_cautious,2,unavailable,logical_necessity,recipe_month_scope,"[""sources/master-archive-v1/data/normalized_source_tables/food_system/food_seasonality.csv:SEA003530""]",C,candidate
ds_mushrooms_boiled_cautious,3,unavailable,logical_necessity,recipe_month_scope,"[""sources/master-archive-v1/data/normalized_source_tables/food_system/food_seasonality.csv:SEA003531""]",C,candidate
ds_mushrooms_boiled_cautious,4,unavailable,logical_necessity,recipe_month_scope,"[""sources/master-archive-v1/data/normalized_source_tables/food_system/food_seasonality.csv:SEA003532""]",C,candidate
ds_mushrooms_boiled_cautious,5,unavailable,logical_necessity,recipe_month_scope,"[""sources/master-archive-v1/data/normalized_source_tables/food_system/food_seasonality.csv:SEA003533""]",C,candidate
ds_mushrooms_boiled_cautious,6,unavailable,logical_necessity,recipe_month_scope,"[""sources/master-archive-v1/data/normalized_source_tables/food_system/food_seasonality.csv:SEA003534""]",C,candidate
ds_mushrooms_boiled_cautious,7,unavailable,logical_necessity,recipe_month_scope,"[""sources/master-archive-v1/data/normalized_source_tables/food_system/food_seasonality.csv:SEA003535""]",C,candidate
ds_mushrooms_boiled_cautious,8,available,logical_necessity,required_ingredient_profiles,"[""sources/master-archive-v1/data/normalized_source_tables/food_system/food_seasonality.csv:SEA003536""]",C,candidate
ds_mushrooms_boiled_cautious,9,available,logical_necessity,required_ingredient_profiles,"[""sources/master-archive-v1/data/normalized_source_tables/food_system/food_seasonality.csv:SEA003537""]",C,candidate
ds_mushrooms_boiled_cautious,10,available,logical_necessity,required_ingredient_profiles,"[""sources/master-archive-v1/data/normalized_source_tables/food_system/food_seasonality.csv:SEA003538""]",C,candidate
ds_mushrooms_boiled_cautious,11,unavailable,logical_necessity,recipe_month_scope,"[""sources/master-archive-v1/data/normalized_source_tables/food_system/food_seasonality.csv:SEA003539""]",C,candidate
ds_mushrooms_boiled_cautious,12,unavailable,logical_necessity,recipe_month_scope,"[""sources/master-archive-v1/data/normalized_source_tables/food_system/food_seasonality.csv:SEA003540""]",C,candidate
ds_dry_mushrooms_cautious,1,unavailable,logical_necessity,recipe_month_scope,"[""sources/master-archive-v1/data/normalized_source_tables/food_system/food_seasonality.csv:SEA003541""]",C,candidate
ds_dry_mushrooms_cautious,2,unavailable,logical_necessity,recipe_month_scope,"[""sources/master-archive-v1/data/normalized_source_tables/food_system/food_seasonality.csv:SEA003542""]",C,candidate
ds_dry_mushrooms_cautious,3,unavailable,logical_necessity,recipe_month_scope,"[""sources/master-archive-v1/data/normalized_source_tables/food_system/food_seasonality.csv:SEA003543""]",C,candidate
ds_dry_mushrooms_cautious,4,unavailable,logical_necessity,recipe_month_scope,"[""sources/master-archive-v1/data/normalized_source_tables/food_system/food_seasonality.csv:SEA003544""]",C,candidate
ds_dry_mushrooms_cautious,5,unavailable,logical_necessity,recipe_month_scope,"[""sources/master-archive-v1/data/normalized_source_tables/food_system/food_seasonality.csv:SEA003545""]",C,candidate
ds_dry_mushrooms_cautious,6,unavailable,logical_necessity,recipe_month_scope,"[""sources/master-archive-v1/data/normalized_source_tables/food_system/food_seasonality.csv:SEA003546""]",C,candidate
ds_dry_mushrooms_cautious,7,unavailable,logical_necessity,recipe_month_scope,"[""sources/master-archive-v1/data/normalized_source_tables/food_system/food_seasonality.csv:SEA003547""]",C,candidate
ds_dry_mushrooms_cautious,8,available,logical_necessity,required_ingredient_profiles,"[""sources/master-archive-v1/data/normalized_source_tables/food_system/food_seasonality.csv:SEA003548""]",C,candidate
ds_dry_mushrooms_cautious,9,available,logical_necessity,required_ingredient_profiles,"[""sources/master-archive-v1/data/normalized_source_tables/food_system/food_seasonality.csv:SEA003549""]",C,candidate
ds_dry_mushrooms_cautious,10,available,logical_necessity,required_ingredient_profiles,"[""sources/master-archive-v1/data/normalized_source_tables/food_system/food_seasonality.csv:SEA003550""]",C,candidate
ds_dry_mushrooms_cautious,11,unavailable,logical_necessity,recipe_month_scope,"[""sources/master-archive-v1/data/normalized_source_tables/food_system/food_seasonality.csv:SEA003551""]",C,candidate
ds_dry_mushrooms_cautious,12,unavailable,logical_necessity,recipe_month_scope,"[""sources/master-archive-v1/data/normalized_source_tables/food_system/food_seasonality.csv:SEA003552""]",C,candidate
ds_dry_apple_local,1,available,logical_necessity,required_ingredient_profiles,"[""sources/master-archive-v1/data/normalized_source_tables/food_system/food_seasonality.csv:SEA003553""]",B,candidate
ds_dry_apple_local,2,rare,logical_necessity,required_ingredient_profiles,"[""sources/master-archive-v1/data/normalized_source_tables/food_system/food_seasonality.csv:SEA003554""]",B,candidate
ds_dry_apple_local,3,rare,logical_necessity,required_ingredient_profiles,"[""sources/master-archive-v1/data/normalized_source_tables/food_system/food_seasonality.csv:SEA003555""]",B,candidate
ds_dry_apple_local,4,rare,logical_necessity,required_ingredient_profiles,"[""sources/master-archive-v1/data/normalized_source_tables/food_system/food_seasonality.csv:SEA003556""]",B,candidate
ds_dry_apple_local,5,rare,logical_necessity,required_ingredient_profiles,"[""sources/master-archive-v1/data/normalized_source_tables/food_system/food_seasonality.csv:SEA003557""]",B,candidate
ds_dry_apple_local,6,rare,logical_necessity,required_ingredient_profiles,"[""sources/master-archive-v1/data/normalized_source_tables/food_system/food_seasonality.csv:SEA003558""]",B,candidate
ds_dry_apple_local,7,rare,logical_necessity,required_ingredient_profiles,"[""sources/master-archive-v1/data/normalized_source_tables/food_system/food_seasonality.csv:SEA003559""]",B,candidate
ds_dry_apple_local,8,available,logical_necessity,required_ingredient_profiles,"[""sources/master-archive-v1/data/normalized_source_tables/food_system/food_seasonality.csv:SEA003560""]",B,candidate
ds_dry_apple_local,9,available,logical_necessity,required_ingredient_profiles,"[""sources/master-archive-v1/data/normalized_source_tables/food_system/food_seasonality.csv:SEA003561""]",B,candidate
ds_dry_apple_local,10,available,logical_necessity,required_ingredient_profiles,"[""sources/master-archive-v1/data/normalized_source_tables/food_system/food_seasonality.csv:SEA003562""]",B,candidate
ds_dry_apple_local,11,available,logical_necessity,required_ingredient_profiles,"[""sources/master-archive-v1/data/normalized_source_tables/food_system/food_seasonality.csv:SEA003563""]",B,candidate
ds_dry_apple_local,12,available,logical_necessity,required_ingredient_profiles,"[""sources/master-archive-v1/data/normalized_source_tables/food_system/food_seasonality.csv:SEA003564""]",B,candidate
ds_dry_raspberry,1,unavailable,logical_necessity,required_ingredient_profiles,"[""sources/master-archive-v1/data/normalized_source_tables/food_system/food_seasonality.csv:SEA003565""]",B,candidate
ds_dry_raspberry,2,unavailable,logical_necessity,required_ingredient_profiles,"[""sources/master-archive-v1/data/normalized_source_tables/food_system/food_seasonality.csv:SEA003566""]",B,candidate
ds_dry_raspberry,3,unavailable,logical_necessity,required_ingredient_profiles,"[""sources/master-archive-v1/data/normalized_source_tables/food_system/food_seasonality.csv:SEA003567""]",B,candidate
ds_dry_raspberry,4,unavailable,logical_necessity,required_ingredient_profiles,"[""sources/master-archive-v1/data/normalized_source_tables/food_system/food_seasonality.csv:SEA003568""]",B,candidate
ds_dry_raspberry,5,unavailable,logical_necessity,required_ingredient_profiles,"[""sources/master-archive-v1/data/normalized_source_tables/food_system/food_seasonality.csv:SEA003569""]",B,candidate
ds_dry_raspberry,6,unavailable,logical_necessity,required_ingredient_profiles,"[""sources/master-archive-v1/data/normalized_source_tables/food_system/food_seasonality.csv:SEA003570""]",B,candidate
ds_dry_raspberry,7,available,logical_necessity,required_ingredient_profiles,"[""sources/master-archive-v1/data/normalized_source_tables/food_system/food_seasonality.csv:SEA003571""]",B,candidate
ds_dry_raspberry,8,available,logical_necessity,required_ingredient_profiles,"[""sources/master-archive-v1/data/normalized_source_tables/food_system/food_seasonality.csv:SEA003572""]",B,candidate
ds_dry_raspberry,9,unavailable,logical_necessity,required_ingredient_profiles,"[""sources/master-archive-v1/data/normalized_source_tables/food_system/food_seasonality.csv:SEA003573""]",B,candidate
ds_dry_raspberry,10,unavailable,logical_necessity,required_ingredient_profiles,"[""sources/master-archive-v1/data/normalized_source_tables/food_system/food_seasonality.csv:SEA003574""]",B,candidate
ds_dry_raspberry,11,unavailable,logical_necessity,required_ingredient_profiles,"[""sources/master-archive-v1/data/normalized_source_tables/food_system/food_seasonality.csv:SEA003575""]",B,candidate
ds_dry_raspberry,12,unavailable,logical_necessity,required_ingredient_profiles,"[""sources/master-archive-v1/data/normalized_source_tables/food_system/food_seasonality.csv:SEA003576""]",B,candidate
ds_dry_bilberry,1,unavailable,logical_necessity,required_ingredient_profiles,"[""sources/master-archive-v1/data/normalized_source_tables/food_system/food_seasonality.csv:SEA003577""]",B,candidate
ds_dry_bilberry,2,unavailable,logical_necessity,required_ingredient_profiles,"[""sources/master-archive-v1/data/normalized_source_tables/food_system/food_seasonality.csv:SEA003578""]",B,candidate
ds_dry_bilberry,3,unavailable,logical_necessity,required_ingredient_profiles,"[""sources/master-archive-v1/data/normalized_source_tables/food_system/food_seasonality.csv:SEA003579""]",B,candidate
ds_dry_bilberry,4,unavailable,logical_necessity,required_ingredient_profiles,"[""sources/master-archive-v1/data/normalized_source_tables/food_system/food_seasonality.csv:SEA003580""]",B,candidate
ds_dry_bilberry,5,unavailable,logical_necessity,required_ingredient_profiles,"[""sources/master-archive-v1/data/normalized_source_tables/food_system/food_seasonality.csv:SEA003581""]",B,candidate
ds_dry_bilberry,6,unavailable,logical_necessity,required_ingredient_profiles,"[""sources/master-archive-v1/data/normalized_source_tables/food_system/food_seasonality.csv:SEA003582""]",B,candidate
ds_dry_bilberry,7,available,logical_necessity,required_ingredient_profiles,"[""sources/master-archive-v1/data/normalized_source_tables/food_system/food_seasonality.csv:SEA003583""]",B,candidate
ds_dry_bilberry,8,available,logical_necessity,required_ingredient_profiles,"[""sources/master-archive-v1/data/normalized_source_tables/food_system/food_seasonality.csv:SEA003584""]",B,candidate
ds_dry_bilberry,9,unavailable,logical_necessity,required_ingredient_profiles,"[""sources/master-archive-v1/data/normalized_source_tables/food_system/food_seasonality.csv:SEA003585""]",B,candidate
ds_dry_bilberry,10,unavailable,logical_necessity,required_ingredient_profiles,"[""sources/master-archive-v1/data/normalized_source_tables/food_system/food_seasonality.csv:SEA003586""]",B,candidate
ds_dry_bilberry,11,unavailable,logical_necessity,required_ingredient_profiles,"[""sources/master-archive-v1/data/normalized_source_tables/food_system/food_seasonality.csv:SEA003587""]",B,candidate
ds_dry_bilberry,12,unavailable,logical_necessity,required_ingredient_profiles,"[""sources/master-archive-v1/data/normalized_source_tables/food_system/food_seasonality.csv:SEA003588""]",B,candidate
ds_dry_lingonberry,1,unavailable,logical_necessity,required_ingredient_profiles,"[""sources/master-archive-v1/data/normalized_source_tables/food_system/food_seasonality.csv:SEA003589""]",B,candidate
ds_dry_lingonberry,2,unavailable,logical_necessity,required_ingredient_profiles,"[""sources/master-archive-v1/data/normalized_source_tables/food_system/food_seasonality.csv:SEA003590""]",B,candidate
ds_dry_lingonberry,3,unavailable,logical_necessity,required_ingredient_profiles,"[""sources/master-archive-v1/data/normalized_source_tables/food_system/food_seasonality.csv:SEA003591""]",B,candidate
ds_dry_lingonberry,4,unavailable,logical_necessity,required_ingredient_profiles,"[""sources/master-archive-v1/data/normalized_source_tables/food_system/food_seasonality.csv:SEA003592""]",B,candidate
ds_dry_lingonberry,5,unavailable,logical_necessity,required_ingredient_profiles,"[""sources/master-archive-v1/data/normalized_source_tables/food_system/food_seasonality.csv:SEA003593""]",B,candidate
ds_dry_lingonberry,6,unavailable,logical_necessity,required_ingredient_profiles,"[""sources/master-archive-v1/data/normalized_source_tables/food_system/food_seasonality.csv:SEA003594""]",B,candidate
ds_dry_lingonberry,7,unavailable,logical_necessity,required_ingredient_profiles,"[""sources/master-archive-v1/data/normalized_source_tables/food_system/food_seasonality.csv:SEA003595""]",B,candidate
ds_dry_lingonberry,8,available,logical_necessity,required_ingredient_profiles,"[""sources/master-archive-v1/data/normalized_source_tables/food_system/food_seasonality.csv:SEA003596""]",B,candidate
ds_dry_lingonberry,9,available,logical_necessity,required_ingredient_profiles,"[""sources/master-archive-v1/data/normalized_source_tables/food_system/food_seasonality.csv:SEA003597""]",B,candidate
ds_dry_lingonberry,10,unavailable,logical_necessity,required_ingredient_profiles,"[""sources/master-archive-v1/data/normalized_source_tables/food_system/food_seasonality.csv:SEA003598""]",B,candidate
ds_dry_lingonberry,11,unavailable,logical_necessity,required_ingredient_profiles,"[""sources/master-archive-v1/data/normalized_source_tables/food_system/food_seasonality.csv:SEA003599""]",B,candidate
ds_dry_lingonberry,12,unavailable,logical_necessity,required_ingredient_profiles,"[""sources/master-archive-v1/data/normalized_source_tables/food_system/food_seasonality.csv:SEA003600""]",B,candidate
ds_dry_cranberry,1,unavailable,logical_necessity,required_ingredient_profiles,"[""sources/master-archive-v1/data/normalized_source_tables/food_system/food_seasonality.csv:SEA003601""]",B,candidate
ds_dry_cranberry,2,unavailable,logical_necessity,required_ingredient_profiles,"[""sources/master-archive-v1/data/normalized_source_tables/food_system/food_seasonality.csv:SEA003602""]",B,candidate
ds_dry_cranberry,3,unavailable,logical_necessity,required_ingredient_profiles,"[""sources/master-archive-v1/data/normalized_source_tables/food_system/food_seasonality.csv:SEA003603""]",B,candidate
ds_dry_cranberry,4,unavailable,logical_necessity,required_ingredient_profiles,"[""sources/master-archive-v1/data/normalized_source_tables/food_system/food_seasonality.csv:SEA003604""]",B,candidate
ds_dry_cranberry,5,unavailable,logical_necessity,required_ingredient_profiles,"[""sources/master-archive-v1/data/normalized_source_tables/food_system/food_seasonality.csv:SEA003605""]",B,candidate
ds_dry_cranberry,6,unavailable,logical_necessity,required_ingredient_profiles,"[""sources/master-archive-v1/data/normalized_source_tables/food_system/food_seasonality.csv:SEA003606""]",B,candidate
ds_dry_cranberry,7,unavailable,logical_necessity,required_ingredient_profiles,"[""sources/master-archive-v1/data/normalized_source_tables/food_system/food_seasonality.csv:SEA003607""]",B,candidate
ds_dry_cranberry,8,unavailable,logical_necessity,required_ingredient_profiles,"[""sources/master-archive-v1/data/normalized_source_tables/food_system/food_seasonality.csv:SEA003608""]",B,candidate
ds_dry_cranberry,9,available,logical_necessity,required_ingredient_profiles,"[""sources/master-archive-v1/data/normalized_source_tables/food_system/food_seasonality.csv:SEA003609""]",B,candidate
ds_dry_cranberry,10,available,logical_necessity,required_ingredient_profiles,"[""sources/master-archive-v1/data/normalized_source_tables/food_system/food_seasonality.csv:SEA003610""]",B,candidate
ds_dry_cranberry,11,unavailable,logical_necessity,required_ingredient_profiles,"[""sources/master-archive-v1/data/normalized_source_tables/food_system/food_seasonality.csv:SEA003611""]",B,candidate
ds_dry_cranberry,12,unavailable,logical_necessity,required_ingredient_profiles,"[""sources/master-archive-v1/data/normalized_source_tables/food_system/food_seasonality.csv:SEA003612""]",B,candidate
ds_dry_rowan_berry,1,unavailable,logical_necessity,required_ingredient_profiles,"[""sources/master-archive-v1/data/normalized_source_tables/food_system/food_seasonality.csv:SEA003613""]",B,candidate
ds_dry_rowan_berry,2,unavailable,logical_necessity,required_ingredient_profiles,"[""sources/master-archive-v1/data/normalized_source_tables/food_system/food_seasonality.csv:SEA003614""]",B,candidate
ds_dry_rowan_berry,3,unavailable,logical_necessity,required_ingredient_profiles,"[""sources/master-archive-v1/data/normalized_source_tables/food_system/food_seasonality.csv:SEA003615""]",B,candidate
ds_dry_rowan_berry,4,unavailable,logical_necessity,required_ingredient_profiles,"[""sources/master-archive-v1/data/normalized_source_tables/food_system/food_seasonality.csv:SEA003616""]",B,candidate
ds_dry_rowan_berry,5,unavailable,logical_necessity,required_ingredient_profiles,"[""sources/master-archive-v1/data/normalized_source_tables/food_system/food_seasonality.csv:SEA003617""]",B,candidate
ds_dry_rowan_berry,6,unavailable,logical_necessity,required_ingredient_profiles,"[""sources/master-archive-v1/data/normalized_source_tables/food_system/food_seasonality.csv:SEA003618""]",B,candidate
ds_dry_rowan_berry,7,unavailable,logical_necessity,required_ingredient_profiles,"[""sources/master-archive-v1/data/normalized_source_tables/food_system/food_seasonality.csv:SEA003619""]",B,candidate
ds_dry_rowan_berry,8,unavailable,logical_necessity,required_ingredient_profiles,"[""sources/master-archive-v1/data/normalized_source_tables/food_system/food_seasonality.csv:SEA003620""]",B,candidate
ds_dry_rowan_berry,9,available,logical_necessity,required_ingredient_profiles,"[""sources/master-archive-v1/data/normalized_source_tables/food_system/food_seasonality.csv:SEA003621""]",B,candidate
ds_dry_rowan_berry,10,available,logical_necessity,required_ingredient_profiles,"[""sources/master-archive-v1/data/normalized_source_tables/food_system/food_seasonality.csv:SEA003622""]",B,candidate
ds_dry_rowan_berry,11,unavailable,logical_necessity,required_ingredient_profiles,"[""sources/master-archive-v1/data/normalized_source_tables/food_system/food_seasonality.csv:SEA003623""]",B,candidate
ds_dry_rowan_berry,12,unavailable,logical_necessity,required_ingredient_profiles,"[""sources/master-archive-v1/data/normalized_source_tables/food_system/food_seasonality.csv:SEA003624""]",B,candidate
ds_dry_cherry,1,unavailable,logical_necessity,required_ingredient_profiles,"[""sources/master-archive-v1/data/normalized_source_tables/food_system/food_seasonality.csv:SEA003625""]",B,candidate
ds_dry_cherry,2,unavailable,logical_necessity,required_ingredient_profiles,"[""sources/master-archive-v1/data/normalized_source_tables/food_system/food_seasonality.csv:SEA003626""]",B,candidate
ds_dry_cherry,3,unavailable,logical_necessity,required_ingredient_profiles,"[""sources/master-archive-v1/data/normalized_source_tables/food_system/food_seasonality.csv:SEA003627""]",B,candidate
ds_dry_cherry,4,unavailable,logical_necessity,required_ingredient_profiles,"[""sources/master-archive-v1/data/normalized_source_tables/food_system/food_seasonality.csv:SEA003628""]",B,candidate
ds_dry_cherry,5,unavailable,logical_necessity,required_ingredient_profiles,"[""sources/master-archive-v1/data/normalized_source_tables/food_system/food_seasonality.csv:SEA003629""]",B,candidate
ds_dry_cherry,6,unavailable,logical_necessity,required_ingredient_profiles,"[""sources/master-archive-v1/data/normalized_source_tables/food_system/food_seasonality.csv:SEA003630""]",B,candidate
ds_dry_cherry,7,available,logical_necessity,required_ingredient_profiles,"[""sources/master-archive-v1/data/normalized_source_tables/food_system/food_seasonality.csv:SEA003631""]",B,candidate
ds_dry_cherry,8,available,logical_necessity,required_ingredient_profiles,"[""sources/master-archive-v1/data/normalized_source_tables/food_system/food_seasonality.csv:SEA003632""]",B,candidate
ds_dry_cherry,9,unavailable,logical_necessity,required_ingredient_profiles,"[""sources/master-archive-v1/data/normalized_source_tables/food_system/food_seasonality.csv:SEA003633""]",B,candidate
ds_dry_cherry,10,unavailable,logical_necessity,required_ingredient_profiles,"[""sources/master-archive-v1/data/normalized_source_tables/food_system/food_seasonality.csv:SEA003634""]",B,candidate
ds_dry_cherry,11,unavailable,logical_necessity,required_ingredient_profiles,"[""sources/master-archive-v1/data/normalized_source_tables/food_system/food_seasonality.csv:SEA003635""]",B,candidate
ds_dry_cherry,12,unavailable,logical_necessity,required_ingredient_profiles,"[""sources/master-archive-v1/data/normalized_source_tables/food_system/food_seasonality.csv:SEA003636""]",B,candidate
ds_berry_drink_raspberry,1,unavailable,logical_necessity,required_ingredient_profiles,"[""sources/master-archive-v1/data/normalized_source_tables/food_system/food_seasonality.csv:SEA003637""]",C,candidate
ds_berry_drink_raspberry,2,unavailable,logical_necessity,required_ingredient_profiles,"[""sources/master-archive-v1/data/normalized_source_tables/food_system/food_seasonality.csv:SEA003638""]",C,candidate
ds_berry_drink_raspberry,3,unavailable,logical_necessity,required_ingredient_profiles,"[""sources/master-archive-v1/data/normalized_source_tables/food_system/food_seasonality.csv:SEA003639""]",C,candidate
ds_berry_drink_raspberry,4,unavailable,logical_necessity,required_ingredient_profiles,"[""sources/master-archive-v1/data/normalized_source_tables/food_system/food_seasonality.csv:SEA003640""]",C,candidate
ds_berry_drink_raspberry,5,unavailable,logical_necessity,required_ingredient_profiles,"[""sources/master-archive-v1/data/normalized_source_tables/food_system/food_seasonality.csv:SEA003641""]",C,candidate
ds_berry_drink_raspberry,6,unavailable,logical_necessity,required_ingredient_profiles,"[""sources/master-archive-v1/data/normalized_source_tables/food_system/food_seasonality.csv:SEA003642""]",C,candidate
ds_berry_drink_raspberry,7,available,logical_necessity,required_ingredient_profiles,"[""sources/master-archive-v1/data/normalized_source_tables/food_system/food_seasonality.csv:SEA003643""]",C,candidate
ds_berry_drink_raspberry,8,available,logical_necessity,required_ingredient_profiles,"[""sources/master-archive-v1/data/normalized_source_tables/food_system/food_seasonality.csv:SEA003644""]",C,candidate
ds_berry_drink_raspberry,9,unavailable,logical_necessity,required_ingredient_profiles,"[""sources/master-archive-v1/data/normalized_source_tables/food_system/food_seasonality.csv:SEA003645""]",C,candidate
ds_berry_drink_raspberry,10,unavailable,logical_necessity,required_ingredient_profiles,"[""sources/master-archive-v1/data/normalized_source_tables/food_system/food_seasonality.csv:SEA003646""]",C,candidate
ds_berry_drink_raspberry,11,unavailable,logical_necessity,required_ingredient_profiles,"[""sources/master-archive-v1/data/normalized_source_tables/food_system/food_seasonality.csv:SEA003647""]",C,candidate
ds_berry_drink_raspberry,12,unavailable,logical_necessity,required_ingredient_profiles,"[""sources/master-archive-v1/data/normalized_source_tables/food_system/food_seasonality.csv:SEA003648""]",C,candidate
ds_berry_drink_bilberry,1,unavailable,logical_necessity,required_ingredient_profiles,"[""sources/master-archive-v1/data/normalized_source_tables/food_system/food_seasonality.csv:SEA003649""]",C,candidate
ds_berry_drink_bilberry,2,unavailable,logical_necessity,required_ingredient_profiles,"[""sources/master-archive-v1/data/normalized_source_tables/food_system/food_seasonality.csv:SEA003650""]",C,candidate
ds_berry_drink_bilberry,3,unavailable,logical_necessity,required_ingredient_profiles,"[""sources/master-archive-v1/data/normalized_source_tables/food_system/food_seasonality.csv:SEA003651""]",C,candidate
ds_berry_drink_bilberry,4,unavailable,logical_necessity,required_ingredient_profiles,"[""sources/master-archive-v1/data/normalized_source_tables/food_system/food_seasonality.csv:SEA003652""]",C,candidate
ds_berry_drink_bilberry,5,unavailable,logical_necessity,required_ingredient_profiles,"[""sources/master-archive-v1/data/normalized_source_tables/food_system/food_seasonality.csv:SEA003653""]",C,candidate
ds_berry_drink_bilberry,6,unavailable,logical_necessity,required_ingredient_profiles,"[""sources/master-archive-v1/data/normalized_source_tables/food_system/food_seasonality.csv:SEA003654""]",C,candidate
ds_berry_drink_bilberry,7,available,logical_necessity,required_ingredient_profiles,"[""sources/master-archive-v1/data/normalized_source_tables/food_system/food_seasonality.csv:SEA003655""]",C,candidate
ds_berry_drink_bilberry,8,available,logical_necessity,required_ingredient_profiles,"[""sources/master-archive-v1/data/normalized_source_tables/food_system/food_seasonality.csv:SEA003656""]",C,candidate
ds_berry_drink_bilberry,9,unavailable,logical_necessity,required_ingredient_profiles,"[""sources/master-archive-v1/data/normalized_source_tables/food_system/food_seasonality.csv:SEA003657""]",C,candidate
ds_berry_drink_bilberry,10,unavailable,logical_necessity,required_ingredient_profiles,"[""sources/master-archive-v1/data/normalized_source_tables/food_system/food_seasonality.csv:SEA003658""]",C,candidate
ds_berry_drink_bilberry,11,unavailable,logical_necessity,required_ingredient_profiles,"[""sources/master-archive-v1/data/normalized_source_tables/food_system/food_seasonality.csv:SEA003659""]",C,candidate
ds_berry_drink_bilberry,12,unavailable,logical_necessity,required_ingredient_profiles,"[""sources/master-archive-v1/data/normalized_source_tables/food_system/food_seasonality.csv:SEA003660""]",C,candidate
ds_berry_drink_lingonberry,1,unavailable,logical_necessity,required_ingredient_profiles,"[""sources/master-archive-v1/data/normalized_source_tables/food_system/food_seasonality.csv:SEA003661""]",C,candidate
ds_berry_drink_lingonberry,2,unavailable,logical_necessity,required_ingredient_profiles,"[""sources/master-archive-v1/data/normalized_source_tables/food_system/food_seasonality.csv:SEA003662""]",C,candidate
ds_berry_drink_lingonberry,3,unavailable,logical_necessity,required_ingredient_profiles,"[""sources/master-archive-v1/data/normalized_source_tables/food_system/food_seasonality.csv:SEA003663""]",C,candidate
ds_berry_drink_lingonberry,4,unavailable,logical_necessity,required_ingredient_profiles,"[""sources/master-archive-v1/data/normalized_source_tables/food_system/food_seasonality.csv:SEA003664""]",C,candidate
ds_berry_drink_lingonberry,5,unavailable,logical_necessity,required_ingredient_profiles,"[""sources/master-archive-v1/data/normalized_source_tables/food_system/food_seasonality.csv:SEA003665""]",C,candidate
ds_berry_drink_lingonberry,6,unavailable,logical_necessity,required_ingredient_profiles,"[""sources/master-archive-v1/data/normalized_source_tables/food_system/food_seasonality.csv:SEA003666""]",C,candidate
ds_berry_drink_lingonberry,7,unavailable,logical_necessity,required_ingredient_profiles,"[""sources/master-archive-v1/data/normalized_source_tables/food_system/food_seasonality.csv:SEA003667""]",C,candidate
ds_berry_drink_lingonberry,8,available,logical_necessity,required_ingredient_profiles,"[""sources/master-archive-v1/data/normalized_source_tables/food_system/food_seasonality.csv:SEA003668""]",C,candidate
ds_berry_drink_lingonberry,9,available,logical_necessity,required_ingredient_profiles,"[""sources/master-archive-v1/data/normalized_source_tables/food_system/food_seasonality.csv:SEA003669""]",C,candidate
ds_berry_drink_lingonberry,10,unavailable,logical_necessity,required_ingredient_profiles,"[""sources/master-archive-v1/data/normalized_source_tables/food_system/food_seasonality.csv:SEA003670""]",C,candidate
ds_berry_drink_lingonberry,11,unavailable,logical_necessity,required_ingredient_profiles,"[""sources/master-archive-v1/data/normalized_source_tables/food_system/food_seasonality.csv:SEA003671""]",C,candidate
ds_berry_drink_lingonberry,12,unavailable,logical_necessity,required_ingredient_profiles,"[""sources/master-archive-v1/data/normalized_source_tables/food_system/food_seasonality.csv:SEA003672""]",C,candidate
ds_berry_drink_cranberry,1,unavailable,logical_necessity,required_ingredient_profiles,"[""sources/master-archive-v1/data/normalized_source_tables/food_system/food_seasonality.csv:SEA003673""]",C,candidate
ds_berry_drink_cranberry,2,unavailable,logical_necessity,required_ingredient_profiles,"[""sources/master-archive-v1/data/normalized_source_tables/food_system/food_seasonality.csv:SEA003674""]",C,candidate
ds_berry_drink_cranberry,3,unavailable,logical_necessity,required_ingredient_profiles,"[""sources/master-archive-v1/data/normalized_source_tables/food_system/food_seasonality.csv:SEA003675""]",C,candidate
ds_berry_drink_cranberry,4,unavailable,logical_necessity,required_ingredient_profiles,"[""sources/master-archive-v1/data/normalized_source_tables/food_system/food_seasonality.csv:SEA003676""]",C,candidate
ds_berry_drink_cranberry,5,unavailable,logical_necessity,required_ingredient_profiles,"[""sources/master-archive-v1/data/normalized_source_tables/food_system/food_seasonality.csv:SEA003677""]",C,candidate
ds_berry_drink_cranberry,6,unavailable,logical_necessity,required_ingredient_profiles,"[""sources/master-archive-v1/data/normalized_source_tables/food_system/food_seasonality.csv:SEA003678""]",C,candidate
ds_berry_drink_cranberry,7,unavailable,logical_necessity,required_ingredient_profiles,"[""sources/master-archive-v1/data/normalized_source_tables/food_system/food_seasonality.csv:SEA003679""]",C,candidate
ds_berry_drink_cranberry,8,unavailable,logical_necessity,required_ingredient_profiles,"[""sources/master-archive-v1/data/normalized_source_tables/food_system/food_seasonality.csv:SEA003680""]",C,candidate
ds_berry_drink_cranberry,9,available,logical_necessity,required_ingredient_profiles,"[""sources/master-archive-v1/data/normalized_source_tables/food_system/food_seasonality.csv:SEA003681""]",C,candidate
ds_berry_drink_cranberry,10,available,logical_necessity,required_ingredient_profiles,"[""sources/master-archive-v1/data/normalized_source_tables/food_system/food_seasonality.csv:SEA003682""]",C,candidate
ds_berry_drink_cranberry,11,unavailable,logical_necessity,required_ingredient_profiles,"[""sources/master-archive-v1/data/normalized_source_tables/food_system/food_seasonality.csv:SEA003683""]",C,candidate
ds_berry_drink_cranberry,12,unavailable,logical_necessity,required_ingredient_profiles,"[""sources/master-archive-v1/data/normalized_source_tables/food_system/food_seasonality.csv:SEA003684""]",C,candidate
ds_berry_drink_forest_berries_generic,1,unavailable,logical_necessity,required_ingredient_profiles,"[""sources/master-archive-v1/data/normalized_source_tables/food_system/food_seasonality.csv:SEA003685""]",C,candidate
ds_berry_drink_forest_berries_generic,2,unavailable,logical_necessity,required_ingredient_profiles,"[""sources/master-archive-v1/data/normalized_source_tables/food_system/food_seasonality.csv:SEA003686""]",C,candidate
ds_berry_drink_forest_berries_generic,3,unavailable,logical_necessity,required_ingredient_profiles,"[""sources/master-archive-v1/data/normalized_source_tables/food_system/food_seasonality.csv:SEA003687""]",C,candidate
ds_berry_drink_forest_berries_generic,4,unavailable,logical_necessity,required_ingredient_profiles,"[""sources/master-archive-v1/data/normalized_source_tables/food_system/food_seasonality.csv:SEA003688""]",C,candidate
ds_berry_drink_forest_berries_generic,5,unavailable,logical_necessity,required_ingredient_profiles,"[""sources/master-archive-v1/data/normalized_source_tables/food_system/food_seasonality.csv:SEA003689""]",C,candidate
ds_berry_drink_forest_berries_generic,6,unavailable,logical_necessity,required_ingredient_profiles,"[""sources/master-archive-v1/data/normalized_source_tables/food_system/food_seasonality.csv:SEA003690""]",C,candidate
ds_berry_drink_forest_berries_generic,7,available,logical_necessity,required_ingredient_profiles,"[""sources/master-archive-v1/data/normalized_source_tables/food_system/food_seasonality.csv:SEA003691""]",C,candidate
ds_berry_drink_forest_berries_generic,8,available,logical_necessity,required_ingredient_profiles,"[""sources/master-archive-v1/data/normalized_source_tables/food_system/food_seasonality.csv:SEA003692""]",C,candidate
ds_berry_drink_forest_berries_generic,9,unavailable,logical_necessity,required_ingredient_profiles,"[""sources/master-archive-v1/data/normalized_source_tables/food_system/food_seasonality.csv:SEA003693""]",C,candidate
ds_berry_drink_forest_berries_generic,10,unavailable,logical_necessity,required_ingredient_profiles,"[""sources/master-archive-v1/data/normalized_source_tables/food_system/food_seasonality.csv:SEA003694""]",C,candidate
ds_berry_drink_forest_berries_generic,11,unavailable,logical_necessity,required_ingredient_profiles,"[""sources/master-archive-v1/data/normalized_source_tables/food_system/food_seasonality.csv:SEA003695""]",C,candidate
ds_berry_drink_forest_berries_generic,12,unavailable,logical_necessity,required_ingredient_profiles,"[""sources/master-archive-v1/data/normalized_source_tables/food_system/food_seasonality.csv:SEA003696""]",C,candidate
ds_honey_on_bread,1,available,logical_necessity,required_ingredient_profiles,"[""sources/master-archive-v1/data/normalized_source_tables/food_system/food_seasonality.csv:SEA003697""]",B,candidate
ds_honey_on_bread,2,available,logical_necessity,required_ingredient_profiles,"[""sources/master-archive-v1/data/normalized_source_tables/food_system/food_seasonality.csv:SEA003698""]",B,candidate
ds_honey_on_bread,3,available,logical_necessity,required_ingredient_profiles,"[""sources/master-archive-v1/data/normalized_source_tables/food_system/food_seasonality.csv:SEA003699""]",B,candidate
ds_honey_on_bread,4,available,logical_necessity,required_ingredient_profiles,"[""sources/master-archive-v1/data/normalized_source_tables/food_system/food_seasonality.csv:SEA003700""]",B,candidate
ds_honey_on_bread,5,available,logical_necessity,required_ingredient_profiles,"[""sources/master-archive-v1/data/normalized_source_tables/food_system/food_seasonality.csv:SEA003701""]",B,candidate
ds_honey_on_bread,6,available,logical_necessity,required_ingredient_profiles,"[""sources/master-archive-v1/data/normalized_source_tables/food_system/food_seasonality.csv:SEA003702""]",B,candidate
ds_honey_on_bread,7,available,logical_necessity,required_ingredient_profiles,"[""sources/master-archive-v1/data/normalized_source_tables/food_system/food_seasonality.csv:SEA003703""]",B,candidate
ds_honey_on_bread,8,available,logical_necessity,required_ingredient_profiles,"[""sources/master-archive-v1/data/normalized_source_tables/food_system/food_seasonality.csv:SEA003704""]",B,candidate
ds_honey_on_bread,9,available,logical_necessity,required_ingredient_profiles,"[""sources/master-archive-v1/data/normalized_source_tables/food_system/food_seasonality.csv:SEA003705""]",B,candidate
ds_honey_on_bread,10,available,logical_necessity,required_ingredient_profiles,"[""sources/master-archive-v1/data/normalized_source_tables/food_system/food_seasonality.csv:SEA003706""]",B,candidate
ds_honey_on_bread,11,available,logical_necessity,required_ingredient_profiles,"[""sources/master-archive-v1/data/normalized_source_tables/food_system/food_seasonality.csv:SEA003707""]",B,candidate
ds_honey_on_bread,12,available,logical_necessity,required_ingredient_profiles,"[""sources/master-archive-v1/data/normalized_source_tables/food_system/food_seasonality.csv:SEA003708""]",B,candidate
ds_berries_with_honey_uncertain,1,unavailable,logical_necessity,required_ingredient_profiles,"[""sources/master-archive-v1/data/normalized_source_tables/food_system/food_seasonality.csv:SEA003709""]",C,candidate
ds_berries_with_honey_uncertain,2,unavailable,logical_necessity,required_ingredient_profiles,"[""sources/master-archive-v1/data/normalized_source_tables/food_system/food_seasonality.csv:SEA003710""]",C,candidate
ds_berries_with_honey_uncertain,3,unavailable,logical_necessity,required_ingredient_profiles,"[""sources/master-archive-v1/data/normalized_source_tables/food_system/food_seasonality.csv:SEA003711""]",C,candidate
ds_berries_with_honey_uncertain,4,unavailable,logical_necessity,required_ingredient_profiles,"[""sources/master-archive-v1/data/normalized_source_tables/food_system/food_seasonality.csv:SEA003712""]",C,candidate
ds_berries_with_honey_uncertain,5,unavailable,logical_necessity,required_ingredient_profiles,"[""sources/master-archive-v1/data/normalized_source_tables/food_system/food_seasonality.csv:SEA003713""]",C,candidate
ds_berries_with_honey_uncertain,6,unavailable,logical_necessity,required_ingredient_profiles,"[""sources/master-archive-v1/data/normalized_source_tables/food_system/food_seasonality.csv:SEA003714""]",C,candidate
ds_berries_with_honey_uncertain,7,available,logical_necessity,required_ingredient_profiles,"[""sources/master-archive-v1/data/normalized_source_tables/food_system/food_seasonality.csv:SEA003715""]",C,candidate
ds_berries_with_honey_uncertain,8,available,logical_necessity,required_ingredient_profiles,"[""sources/master-archive-v1/data/normalized_source_tables/food_system/food_seasonality.csv:SEA003716""]",C,candidate
ds_berries_with_honey_uncertain,9,unavailable,logical_necessity,required_ingredient_profiles,"[""sources/master-archive-v1/data/normalized_source_tables/food_system/food_seasonality.csv:SEA003717""]",C,candidate
ds_berries_with_honey_uncertain,10,unavailable,logical_necessity,required_ingredient_profiles,"[""sources/master-archive-v1/data/normalized_source_tables/food_system/food_seasonality.csv:SEA003718""]",C,candidate
ds_berries_with_honey_uncertain,11,unavailable,logical_necessity,required_ingredient_profiles,"[""sources/master-archive-v1/data/normalized_source_tables/food_system/food_seasonality.csv:SEA003719""]",C,candidate
ds_berries_with_honey_uncertain,12,unavailable,logical_necessity,required_ingredient_profiles,"[""sources/master-archive-v1/data/normalized_source_tables/food_system/food_seasonality.csv:SEA003720""]",C,candidate
ds_crush_hazelnuts,1,available,logical_necessity,required_ingredient_profiles,"[""sources/master-archive-v1/data/normalized_source_tables/food_system/food_seasonality.csv:SEA003721""]",B,candidate
ds_crush_hazelnuts,2,available,logical_necessity,required_ingredient_profiles,"[""sources/master-archive-v1/data/normalized_source_tables/food_system/food_seasonality.csv:SEA003722""]",B,candidate
ds_crush_hazelnuts,3,available,logical_necessity,required_ingredient_profiles,"[""sources/master-archive-v1/data/normalized_source_tables/food_system/food_seasonality.csv:SEA003723""]",B,candidate
ds_crush_hazelnuts,4,available,logical_necessity,required_ingredient_profiles,"[""sources/master-archive-v1/data/normalized_source_tables/food_system/food_seasonality.csv:SEA003724""]",B,candidate
ds_crush_hazelnuts,5,available,logical_necessity,required_ingredient_profiles,"[""sources/master-archive-v1/data/normalized_source_tables/food_system/food_seasonality.csv:SEA003725""]",B,candidate
ds_crush_hazelnuts,6,available,logical_necessity,required_ingredient_profiles,"[""sources/master-archive-v1/data/normalized_source_tables/food_system/food_seasonality.csv:SEA003726""]",B,candidate
ds_crush_hazelnuts,7,available,logical_necessity,required_ingredient_profiles,"[""sources/master-archive-v1/data/normalized_source_tables/food_system/food_seasonality.csv:SEA003727""]",B,candidate
ds_crush_hazelnuts,8,available,logical_necessity,required_ingredient_profiles,"[""sources/master-archive-v1/data/normalized_source_tables/food_system/food_seasonality.csv:SEA003728""]",B,candidate
ds_crush_hazelnuts,9,available,logical_necessity,required_ingredient_profiles,"[""sources/master-archive-v1/data/normalized_source_tables/food_system/food_seasonality.csv:SEA003729""]",B,candidate
ds_crush_hazelnuts,10,available,logical_necessity,required_ingredient_profiles,"[""sources/master-archive-v1/data/normalized_source_tables/food_system/food_seasonality.csv:SEA003730""]",B,candidate
ds_crush_hazelnuts,11,available,logical_necessity,required_ingredient_profiles,"[""sources/master-archive-v1/data/normalized_source_tables/food_system/food_seasonality.csv:SEA003731""]",B,candidate
ds_crush_hazelnuts,12,available,logical_necessity,required_ingredient_profiles,"[""sources/master-archive-v1/data/normalized_source_tables/food_system/food_seasonality.csv:SEA003732""]",B,candidate
ds_sour_milk_natural,1,rare,logical_necessity,required_ingredient_profiles,"[""sources/master-archive-v1/data/normalized_source_tables/food_system/food_seasonality.csv:SEA003733""]",B,candidate
ds_sour_milk_natural,2,rare,logical_necessity,required_ingredient_profiles,"[""sources/master-archive-v1/data/normalized_source_tables/food_system/food_seasonality.csv:SEA003734""]",B,candidate
ds_sour_milk_natural,3,rare,logical_necessity,required_ingredient_profiles,"[""sources/master-archive-v1/data/normalized_source_tables/food_system/food_seasonality.csv:SEA003735""]",B,candidate
ds_sour_milk_natural,4,rare,logical_necessity,required_ingredient_profiles,"[""sources/master-archive-v1/data/normalized_source_tables/food_system/food_seasonality.csv:SEA003736""]",B,candidate
ds_sour_milk_natural,5,available,logical_necessity,required_ingredient_profiles,"[""sources/master-archive-v1/data/normalized_source_tables/food_system/food_seasonality.csv:SEA003737""]",B,candidate
ds_sour_milk_natural,6,available,logical_necessity,required_ingredient_profiles,"[""sources/master-archive-v1/data/normalized_source_tables/food_system/food_seasonality.csv:SEA003738""]",B,candidate
ds_sour_milk_natural,7,available,logical_necessity,required_ingredient_profiles,"[""sources/master-archive-v1/data/normalized_source_tables/food_system/food_seasonality.csv:SEA003739""]",B,candidate
ds_sour_milk_natural,8,available,logical_necessity,required_ingredient_profiles,"[""sources/master-archive-v1/data/normalized_source_tables/food_system/food_seasonality.csv:SEA003740""]",B,candidate
ds_sour_milk_natural,9,available,logical_necessity,required_ingredient_profiles,"[""sources/master-archive-v1/data/normalized_source_tables/food_system/food_seasonality.csv:SEA003741""]",B,candidate
ds_sour_milk_natural,10,rare,logical_necessity,required_ingredient_profiles,"[""sources/master-archive-v1/data/normalized_source_tables/food_system/food_seasonality.csv:SEA003742""]",B,candidate
ds_sour_milk_natural,11,rare,logical_necessity,required_ingredient_profiles,"[""sources/master-archive-v1/data/normalized_source_tables/food_system/food_seasonality.csv:SEA003743""]",B,candidate
ds_sour_milk_natural,12,rare,logical_necessity,required_ingredient_profiles,"[""sources/master-archive-v1/data/normalized_source_tables/food_system/food_seasonality.csv:SEA003744""]",B,candidate
ds_make_fresh_curd,1,rare,logical_necessity,required_ingredient_profiles,"[""sources/master-archive-v1/data/normalized_source_tables/food_system/food_seasonality.csv:SEA003745""]",B,candidate
ds_make_fresh_curd,2,rare,logical_necessity,required_ingredient_profiles,"[""sources/master-archive-v1/data/normalized_source_tables/food_system/food_seasonality.csv:SEA003746""]",B,candidate
ds_make_fresh_curd,3,rare,logical_necessity,required_ingredient_profiles,"[""sources/master-archive-v1/data/normalized_source_tables/food_system/food_seasonality.csv:SEA003747""]",B,candidate
ds_make_fresh_curd,4,rare,logical_necessity,required_ingredient_profiles,"[""sources/master-archive-v1/data/normalized_source_tables/food_system/food_seasonality.csv:SEA003748""]",B,candidate
ds_make_fresh_curd,5,available,logical_necessity,required_ingredient_profiles,"[""sources/master-archive-v1/data/normalized_source_tables/food_system/food_seasonality.csv:SEA003749""]",B,candidate
ds_make_fresh_curd,6,available,logical_necessity,required_ingredient_profiles,"[""sources/master-archive-v1/data/normalized_source_tables/food_system/food_seasonality.csv:SEA003750""]",B,candidate
ds_make_fresh_curd,7,available,logical_necessity,required_ingredient_profiles,"[""sources/master-archive-v1/data/normalized_source_tables/food_system/food_seasonality.csv:SEA003751""]",B,candidate
ds_make_fresh_curd,8,available,logical_necessity,required_ingredient_profiles,"[""sources/master-archive-v1/data/normalized_source_tables/food_system/food_seasonality.csv:SEA003752""]",B,candidate
ds_make_fresh_curd,9,available,logical_necessity,required_ingredient_profiles,"[""sources/master-archive-v1/data/normalized_source_tables/food_system/food_seasonality.csv:SEA003753""]",B,candidate
ds_make_fresh_curd,10,rare,logical_necessity,required_ingredient_profiles,"[""sources/master-archive-v1/data/normalized_source_tables/food_system/food_seasonality.csv:SEA003754""]",B,candidate
ds_make_fresh_curd,11,rare,logical_necessity,required_ingredient_profiles,"[""sources/master-archive-v1/data/normalized_source_tables/food_system/food_seasonality.csv:SEA003755""]",B,candidate
ds_make_fresh_curd,12,rare,logical_necessity,required_ingredient_profiles,"[""sources/master-archive-v1/data/normalized_source_tables/food_system/food_seasonality.csv:SEA003756""]",B,candidate
ds_make_fresh_pressed_cheese,1,rare,logical_necessity,required_ingredient_profiles,"[""sources/master-archive-v1/data/normalized_source_tables/food_system/food_seasonality.csv:SEA003757""]",B,candidate
ds_make_fresh_pressed_cheese,2,rare,logical_necessity,required_ingredient_profiles,"[""sources/master-archive-v1/data/normalized_source_tables/food_system/food_seasonality.csv:SEA003758""]",B,candidate
ds_make_fresh_pressed_cheese,3,rare,logical_necessity,required_ingredient_profiles,"[""sources/master-archive-v1/data/normalized_source_tables/food_system/food_seasonality.csv:SEA003759""]",B,candidate
ds_make_fresh_pressed_cheese,4,rare,logical_necessity,required_ingredient_profiles,"[""sources/master-archive-v1/data/normalized_source_tables/food_system/food_seasonality.csv:SEA003760""]",B,candidate
ds_make_fresh_pressed_cheese,5,available,logical_necessity,required_ingredient_profiles,"[""sources/master-archive-v1/data/normalized_source_tables/food_system/food_seasonality.csv:SEA003761""]",B,candidate
ds_make_fresh_pressed_cheese,6,available,logical_necessity,required_ingredient_profiles,"[""sources/master-archive-v1/data/normalized_source_tables/food_system/food_seasonality.csv:SEA003762""]",B,candidate
ds_make_fresh_pressed_cheese,7,available,logical_necessity,required_ingredient_profiles,"[""sources/master-archive-v1/data/normalized_source_tables/food_system/food_seasonality.csv:SEA003763""]",B,candidate
ds_make_fresh_pressed_cheese,8,available,logical_necessity,required_ingredient_profiles,"[""sources/master-archive-v1/data/normalized_source_tables/food_system/food_seasonality.csv:SEA003764""]",B,candidate
ds_make_fresh_pressed_cheese,9,available,logical_necessity,required_ingredient_profiles,"[""sources/master-archive-v1/data/normalized_source_tables/food_system/food_seasonality.csv:SEA003765""]",B,candidate
ds_make_fresh_pressed_cheese,10,rare,logical_necessity,required_ingredient_profiles,"[""sources/master-archive-v1/data/normalized_source_tables/food_system/food_seasonality.csv:SEA003766""]",B,candidate
ds_make_fresh_pressed_cheese,11,rare,logical_necessity,required_ingredient_profiles,"[""sources/master-archive-v1/data/normalized_source_tables/food_system/food_seasonality.csv:SEA003767""]",B,candidate
ds_make_fresh_pressed_cheese,12,rare,logical_necessity,required_ingredient_profiles,"[""sources/master-archive-v1/data/normalized_source_tables/food_system/food_seasonality.csv:SEA003768""]",B,candidate
ds_age_cheese_uncertain,1,available,logical_necessity,required_ingredient_profiles,"[""sources/master-archive-v1/data/normalized_source_tables/food_system/food_seasonality.csv:SEA003769""]",C,candidate
ds_age_cheese_uncertain,2,available,logical_necessity,required_ingredient_profiles,"[""sources/master-archive-v1/data/normalized_source_tables/food_system/food_seasonality.csv:SEA003770""]",C,candidate
ds_age_cheese_uncertain,3,available,logical_necessity,required_ingredient_profiles,"[""sources/master-archive-v1/data/normalized_source_tables/food_system/food_seasonality.csv:SEA003771""]",C,candidate
ds_age_cheese_uncertain,4,rare,logical_necessity,required_ingredient_profiles,"[""sources/master-archive-v1/data/normalized_source_tables/food_system/food_seasonality.csv:SEA003772""]",C,candidate
ds_age_cheese_uncertain,5,rare,logical_necessity,required_ingredient_profiles,"[""sources/master-archive-v1/data/normalized_source_tables/food_system/food_seasonality.csv:SEA003773""]",C,candidate
ds_age_cheese_uncertain,6,rare,logical_necessity,required_ingredient_profiles,"[""sources/master-archive-v1/data/normalized_source_tables/food_system/food_seasonality.csv:SEA003774""]",C,candidate
ds_age_cheese_uncertain,7,rare,logical_necessity,required_ingredient_profiles,"[""sources/master-archive-v1/data/normalized_source_tables/food_system/food_seasonality.csv:SEA003775""]",C,candidate
ds_age_cheese_uncertain,8,rare,logical_necessity,required_ingredient_profiles,"[""sources/master-archive-v1/data/normalized_source_tables/food_system/food_seasonality.csv:SEA003776""]",C,candidate
ds_age_cheese_uncertain,9,rare,logical_necessity,required_ingredient_profiles,"[""sources/master-archive-v1/data/normalized_source_tables/food_system/food_seasonality.csv:SEA003777""]",C,candidate
ds_age_cheese_uncertain,10,available,logical_necessity,required_ingredient_profiles,"[""sources/master-archive-v1/data/normalized_source_tables/food_system/food_seasonality.csv:SEA003778""]",C,candidate
ds_age_cheese_uncertain,11,available,logical_necessity,required_ingredient_profiles,"[""sources/master-archive-v1/data/normalized_source_tables/food_system/food_seasonality.csv:SEA003779""]",C,candidate
ds_age_cheese_uncertain,12,available,logical_necessity,required_ingredient_profiles,"[""sources/master-archive-v1/data/normalized_source_tables/food_system/food_seasonality.csv:SEA003780""]",C,candidate
ds_churn_butter,1,rare,logical_necessity,required_ingredient_profiles,"[""sources/master-archive-v1/data/normalized_source_tables/food_system/food_seasonality.csv:SEA003781""]",B,candidate
ds_churn_butter,2,rare,logical_necessity,required_ingredient_profiles,"[""sources/master-archive-v1/data/normalized_source_tables/food_system/food_seasonality.csv:SEA003782""]",B,candidate
ds_churn_butter,3,rare,logical_necessity,required_ingredient_profiles,"[""sources/master-archive-v1/data/normalized_source_tables/food_system/food_seasonality.csv:SEA003783""]",B,candidate
ds_churn_butter,4,rare,logical_necessity,required_ingredient_profiles,"[""sources/master-archive-v1/data/normalized_source_tables/food_system/food_seasonality.csv:SEA003784""]",B,candidate
ds_churn_butter,5,available,logical_necessity,required_ingredient_profiles,"[""sources/master-archive-v1/data/normalized_source_tables/food_system/food_seasonality.csv:SEA003785""]",B,candidate
ds_churn_butter,6,available,logical_necessity,required_ingredient_profiles,"[""sources/master-archive-v1/data/normalized_source_tables/food_system/food_seasonality.csv:SEA003786""]",B,candidate
ds_churn_butter,7,available,logical_necessity,required_ingredient_profiles,"[""sources/master-archive-v1/data/normalized_source_tables/food_system/food_seasonality.csv:SEA003787""]",B,candidate
ds_churn_butter,8,available,logical_necessity,required_ingredient_profiles,"[""sources/master-archive-v1/data/normalized_source_tables/food_system/food_seasonality.csv:SEA003788""]",B,candidate
ds_churn_butter,9,available,logical_necessity,required_ingredient_profiles,"[""sources/master-archive-v1/data/normalized_source_tables/food_system/food_seasonality.csv:SEA003789""]",B,candidate
ds_churn_butter,10,rare,logical_necessity,required_ingredient_profiles,"[""sources/master-archive-v1/data/normalized_source_tables/food_system/food_seasonality.csv:SEA003790""]",B,candidate
ds_churn_butter,11,rare,logical_necessity,required_ingredient_profiles,"[""sources/master-archive-v1/data/normalized_source_tables/food_system/food_seasonality.csv:SEA003791""]",B,candidate
ds_churn_butter,12,rare,logical_necessity,required_ingredient_profiles,"[""sources/master-archive-v1/data/normalized_source_tables/food_system/food_seasonality.csv:SEA003792""]",B,candidate
ds_drink_whey,1,rare,logical_necessity,required_ingredient_profiles,"[""sources/master-archive-v1/data/normalized_source_tables/food_system/food_seasonality.csv:SEA003793""]",B,candidate
ds_drink_whey,2,rare,logical_necessity,required_ingredient_profiles,"[""sources/master-archive-v1/data/normalized_source_tables/food_system/food_seasonality.csv:SEA003794""]",B,candidate
ds_drink_whey,3,rare,logical_necessity,required_ingredient_profiles,"[""sources/master-archive-v1/data/normalized_source_tables/food_system/food_seasonality.csv:SEA003795""]",B,candidate
ds_drink_whey,4,rare,logical_necessity,required_ingredient_profiles,"[""sources/master-archive-v1/data/normalized_source_tables/food_system/food_seasonality.csv:SEA003796""]",B,candidate
ds_drink_whey,5,available,logical_necessity,required_ingredient_profiles,"[""sources/master-archive-v1/data/normalized_source_tables/food_system/food_seasonality.csv:SEA003797""]",B,candidate
ds_drink_whey,6,available,logical_necessity,required_ingredient_profiles,"[""sources/master-archive-v1/data/normalized_source_tables/food_system/food_seasonality.csv:SEA003798""]",B,candidate
ds_drink_whey,7,available,logical_necessity,required_ingredient_profiles,"[""sources/master-archive-v1/data/normalized_source_tables/food_system/food_seasonality.csv:SEA003799""]",B,candidate
ds_drink_whey,8,available,logical_necessity,required_ingredient_profiles,"[""sources/master-archive-v1/data/normalized_source_tables/food_system/food_seasonality.csv:SEA003800""]",B,candidate
ds_drink_whey,9,available,logical_necessity,required_ingredient_profiles,"[""sources/master-archive-v1/data/normalized_source_tables/food_system/food_seasonality.csv:SEA003801""]",B,candidate
ds_drink_whey,10,rare,logical_necessity,required_ingredient_profiles,"[""sources/master-archive-v1/data/normalized_source_tables/food_system/food_seasonality.csv:SEA003802""]",B,candidate
ds_drink_whey,11,rare,logical_necessity,required_ingredient_profiles,"[""sources/master-archive-v1/data/normalized_source_tables/food_system/food_seasonality.csv:SEA003803""]",B,candidate
ds_drink_whey,12,rare,logical_necessity,required_ingredient_profiles,"[""sources/master-archive-v1/data/normalized_source_tables/food_system/food_seasonality.csv:SEA003804""]",B,candidate
ds_boil_egg_chicken,1,rare,logical_necessity,required_ingredient_profiles,"[""sources/master-archive-v1/data/normalized_source_tables/food_system/food_seasonality.csv:SEA003805""]",B,candidate
ds_boil_egg_chicken,2,rare,logical_necessity,required_ingredient_profiles,"[""sources/master-archive-v1/data/normalized_source_tables/food_system/food_seasonality.csv:SEA003806""]",B,candidate
ds_boil_egg_chicken,3,rare,logical_necessity,required_ingredient_profiles,"[""sources/master-archive-v1/data/normalized_source_tables/food_system/food_seasonality.csv:SEA003807""]",B,candidate
ds_boil_egg_chicken,4,available,logical_necessity,required_ingredient_profiles,"[""sources/master-archive-v1/data/normalized_source_tables/food_system/food_seasonality.csv:SEA003808""]",B,candidate
ds_boil_egg_chicken,5,available,logical_necessity,required_ingredient_profiles,"[""sources/master-archive-v1/data/normalized_source_tables/food_system/food_seasonality.csv:SEA003809""]",B,candidate
ds_boil_egg_chicken,6,available,logical_necessity,required_ingredient_profiles,"[""sources/master-archive-v1/data/normalized_source_tables/food_system/food_seasonality.csv:SEA003810""]",B,candidate
ds_boil_egg_chicken,7,available,logical_necessity,required_ingredient_profiles,"[""sources/master-archive-v1/data/normalized_source_tables/food_system/food_seasonality.csv:SEA003811""]",B,candidate
ds_boil_egg_chicken,8,available,logical_necessity,required_ingredient_profiles,"[""sources/master-archive-v1/data/normalized_source_tables/food_system/food_seasonality.csv:SEA003812""]",B,candidate
ds_boil_egg_chicken,9,rare,logical_necessity,required_ingredient_profiles,"[""sources/master-archive-v1/data/normalized_source_tables/food_system/food_seasonality.csv:SEA003813""]",B,candidate
ds_boil_egg_chicken,10,rare,logical_necessity,required_ingredient_profiles,"[""sources/master-archive-v1/data/normalized_source_tables/food_system/food_seasonality.csv:SEA003814""]",B,candidate
ds_boil_egg_chicken,11,rare,logical_necessity,required_ingredient_profiles,"[""sources/master-archive-v1/data/normalized_source_tables/food_system/food_seasonality.csv:SEA003815""]",B,candidate
ds_boil_egg_chicken,12,rare,logical_necessity,required_ingredient_profiles,"[""sources/master-archive-v1/data/normalized_source_tables/food_system/food_seasonality.csv:SEA003816""]",B,candidate
ds_boil_egg_goose,1,rare,logical_necessity,required_ingredient_profiles,"[""sources/master-archive-v1/data/normalized_source_tables/food_system/food_seasonality.csv:SEA003817""]",B,candidate
ds_boil_egg_goose,2,rare,logical_necessity,required_ingredient_profiles,"[""sources/master-archive-v1/data/normalized_source_tables/food_system/food_seasonality.csv:SEA003818""]",B,candidate
ds_boil_egg_goose,3,rare,logical_necessity,required_ingredient_profiles,"[""sources/master-archive-v1/data/normalized_source_tables/food_system/food_seasonality.csv:SEA003819""]",B,candidate
ds_boil_egg_goose,4,available,logical_necessity,required_ingredient_profiles,"[""sources/master-archive-v1/data/normalized_source_tables/food_system/food_seasonality.csv:SEA003820""]",B,candidate
ds_boil_egg_goose,5,available,logical_necessity,required_ingredient_profiles,"[""sources/master-archive-v1/data/normalized_source_tables/food_system/food_seasonality.csv:SEA003821""]",B,candidate
ds_boil_egg_goose,6,available,logical_necessity,required_ingredient_profiles,"[""sources/master-archive-v1/data/normalized_source_tables/food_system/food_seasonality.csv:SEA003822""]",B,candidate
ds_boil_egg_goose,7,available,logical_necessity,required_ingredient_profiles,"[""sources/master-archive-v1/data/normalized_source_tables/food_system/food_seasonality.csv:SEA003823""]",B,candidate
ds_boil_egg_goose,8,available,logical_necessity,required_ingredient_profiles,"[""sources/master-archive-v1/data/normalized_source_tables/food_system/food_seasonality.csv:SEA003824""]",B,candidate
ds_boil_egg_goose,9,rare,logical_necessity,required_ingredient_profiles,"[""sources/master-archive-v1/data/normalized_source_tables/food_system/food_seasonality.csv:SEA003825""]",B,candidate
ds_boil_egg_goose,10,rare,logical_necessity,required_ingredient_profiles,"[""sources/master-archive-v1/data/normalized_source_tables/food_system/food_seasonality.csv:SEA003826""]",B,candidate
ds_boil_egg_goose,11,rare,logical_necessity,required_ingredient_profiles,"[""sources/master-archive-v1/data/normalized_source_tables/food_system/food_seasonality.csv:SEA003827""]",B,candidate
ds_boil_egg_goose,12,rare,logical_necessity,required_ingredient_profiles,"[""sources/master-archive-v1/data/normalized_source_tables/food_system/food_seasonality.csv:SEA003828""]",B,candidate
ds_boil_egg_duck,1,rare,logical_necessity,required_ingredient_profiles,"[""sources/master-archive-v1/data/normalized_source_tables/food_system/food_seasonality.csv:SEA003829""]",B,candidate
ds_boil_egg_duck,2,rare,logical_necessity,required_ingredient_profiles,"[""sources/master-archive-v1/data/normalized_source_tables/food_system/food_seasonality.csv:SEA003830""]",B,candidate
ds_boil_egg_duck,3,rare,logical_necessity,required_ingredient_profiles,"[""sources/master-archive-v1/data/normalized_source_tables/food_system/food_seasonality.csv:SEA003831""]",B,candidate
ds_boil_egg_duck,4,available,logical_necessity,required_ingredient_profiles,"[""sources/master-archive-v1/data/normalized_source_tables/food_system/food_seasonality.csv:SEA003832""]",B,candidate
ds_boil_egg_duck,5,available,logical_necessity,required_ingredient_profiles,"[""sources/master-archive-v1/data/normalized_source_tables/food_system/food_seasonality.csv:SEA003833""]",B,candidate
ds_boil_egg_duck,6,available,logical_necessity,required_ingredient_profiles,"[""sources/master-archive-v1/data/normalized_source_tables/food_system/food_seasonality.csv:SEA003834""]",B,candidate
ds_boil_egg_duck,7,available,logical_necessity,required_ingredient_profiles,"[""sources/master-archive-v1/data/normalized_source_tables/food_system/food_seasonality.csv:SEA003835""]",B,candidate
ds_boil_egg_duck,8,available,logical_necessity,required_ingredient_profiles,"[""sources/master-archive-v1/data/normalized_source_tables/food_system/food_seasonality.csv:SEA003836""]",B,candidate
ds_boil_egg_duck,9,rare,logical_necessity,required_ingredient_profiles,"[""sources/master-archive-v1/data/normalized_source_tables/food_system/food_seasonality.csv:SEA003837""]",B,candidate
ds_boil_egg_duck,10,rare,logical_necessity,required_ingredient_profiles,"[""sources/master-archive-v1/data/normalized_source_tables/food_system/food_seasonality.csv:SEA003838""]",B,candidate
ds_boil_egg_duck,11,rare,logical_necessity,required_ingredient_profiles,"[""sources/master-archive-v1/data/normalized_source_tables/food_system/food_seasonality.csv:SEA003839""]",B,candidate
ds_boil_egg_duck,12,rare,logical_necessity,required_ingredient_profiles,"[""sources/master-archive-v1/data/normalized_source_tables/food_system/food_seasonality.csv:SEA003840""]",B,candidate
ds_bake_egg_shell_uncertain,1,rare,logical_necessity,required_ingredient_profiles,"[""sources/master-archive-v1/data/normalized_source_tables/food_system/food_seasonality.csv:SEA003841""]",C,candidate
ds_bake_egg_shell_uncertain,2,rare,logical_necessity,required_ingredient_profiles,"[""sources/master-archive-v1/data/normalized_source_tables/food_system/food_seasonality.csv:SEA003842""]",C,candidate
ds_bake_egg_shell_uncertain,3,rare,logical_necessity,required_ingredient_profiles,"[""sources/master-archive-v1/data/normalized_source_tables/food_system/food_seasonality.csv:SEA003843""]",C,candidate
ds_bake_egg_shell_uncertain,4,available,logical_necessity,required_ingredient_profiles,"[""sources/master-archive-v1/data/normalized_source_tables/food_system/food_seasonality.csv:SEA003844""]",C,candidate
ds_bake_egg_shell_uncertain,5,available,logical_necessity,required_ingredient_profiles,"[""sources/master-archive-v1/data/normalized_source_tables/food_system/food_seasonality.csv:SEA003845""]",C,candidate
ds_bake_egg_shell_uncertain,6,available,logical_necessity,required_ingredient_profiles,"[""sources/master-archive-v1/data/normalized_source_tables/food_system/food_seasonality.csv:SEA003846""]",C,candidate
ds_bake_egg_shell_uncertain,7,available,logical_necessity,required_ingredient_profiles,"[""sources/master-archive-v1/data/normalized_source_tables/food_system/food_seasonality.csv:SEA003847""]",C,candidate
ds_bake_egg_shell_uncertain,8,available,logical_necessity,required_ingredient_profiles,"[""sources/master-archive-v1/data/normalized_source_tables/food_system/food_seasonality.csv:SEA003848""]",C,candidate
ds_bake_egg_shell_uncertain,9,rare,logical_necessity,required_ingredient_profiles,"[""sources/master-archive-v1/data/normalized_source_tables/food_system/food_seasonality.csv:SEA003849""]",C,candidate
ds_bake_egg_shell_uncertain,10,rare,logical_necessity,required_ingredient_profiles,"[""sources/master-archive-v1/data/normalized_source_tables/food_system/food_seasonality.csv:SEA003850""]",C,candidate
ds_bake_egg_shell_uncertain,11,rare,logical_necessity,required_ingredient_profiles,"[""sources/master-archive-v1/data/normalized_source_tables/food_system/food_seasonality.csv:SEA003851""]",C,candidate
ds_bake_egg_shell_uncertain,12,rare,logical_necessity,required_ingredient_profiles,"[""sources/master-archive-v1/data/normalized_source_tables/food_system/food_seasonality.csv:SEA003852""]",C,candidate
ds_boil_beef,1,available,logical_necessity,required_ingredient_profiles,"[""sources/master-archive-v1/data/normalized_source_tables/food_system/food_seasonality.csv:SEA003853""]",B,candidate
ds_boil_beef,2,rare,logical_necessity,required_ingredient_profiles,"[""sources/master-archive-v1/data/normalized_source_tables/food_system/food_seasonality.csv:SEA003854""]",B,candidate
ds_boil_beef,3,rare,logical_necessity,required_ingredient_profiles,"[""sources/master-archive-v1/data/normalized_source_tables/food_system/food_seasonality.csv:SEA003855""]",B,candidate
ds_boil_beef,4,rare,logical_necessity,required_ingredient_profiles,"[""sources/master-archive-v1/data/normalized_source_tables/food_system/food_seasonality.csv:SEA003856""]",B,candidate
ds_boil_beef,5,rare,logical_necessity,required_ingredient_profiles,"[""sources/master-archive-v1/data/normalized_source_tables/food_system/food_seasonality.csv:SEA003857""]",B,candidate
ds_boil_beef,6,rare,logical_necessity,required_ingredient_profiles,"[""sources/master-archive-v1/data/normalized_source_tables/food_system/food_seasonality.csv:SEA003858""]",B,candidate
ds_boil_beef,7,rare,logical_necessity,required_ingredient_profiles,"[""sources/master-archive-v1/data/normalized_source_tables/food_system/food_seasonality.csv:SEA003859""]",B,candidate
ds_boil_beef,8,rare,logical_necessity,required_ingredient_profiles,"[""sources/master-archive-v1/data/normalized_source_tables/food_system/food_seasonality.csv:SEA003860""]",B,candidate
ds_boil_beef,9,rare,logical_necessity,required_ingredient_profiles,"[""sources/master-archive-v1/data/normalized_source_tables/food_system/food_seasonality.csv:SEA003861""]",B,candidate
ds_boil_beef,10,available,logical_necessity,required_ingredient_profiles,"[""sources/master-archive-v1/data/normalized_source_tables/food_system/food_seasonality.csv:SEA003862""]",B,candidate
ds_boil_beef,11,available,logical_necessity,required_ingredient_profiles,"[""sources/master-archive-v1/data/normalized_source_tables/food_system/food_seasonality.csv:SEA003863""]",B,candidate
ds_boil_beef,12,available,logical_necessity,required_ingredient_profiles,"[""sources/master-archive-v1/data/normalized_source_tables/food_system/food_seasonality.csv:SEA003864""]",B,candidate
ds_roast_beef_cautious,1,available,logical_necessity,required_ingredient_profiles,"[""sources/master-archive-v1/data/normalized_source_tables/food_system/food_seasonality.csv:SEA003865""]",B,candidate
ds_roast_beef_cautious,2,rare,logical_necessity,required_ingredient_profiles,"[""sources/master-archive-v1/data/normalized_source_tables/food_system/food_seasonality.csv:SEA003866""]",B,candidate
ds_roast_beef_cautious,3,rare,logical_necessity,required_ingredient_profiles,"[""sources/master-archive-v1/data/normalized_source_tables/food_system/food_seasonality.csv:SEA003867""]",B,candidate
ds_roast_beef_cautious,4,rare,logical_necessity,required_ingredient_profiles,"[""sources/master-archive-v1/data/normalized_source_tables/food_system/food_seasonality.csv:SEA003868""]",B,candidate
ds_roast_beef_cautious,5,rare,logical_necessity,required_ingredient_profiles,"[""sources/master-archive-v1/data/normalized_source_tables/food_system/food_seasonality.csv:SEA003869""]",B,candidate
ds_roast_beef_cautious,6,rare,logical_necessity,required_ingredient_profiles,"[""sources/master-archive-v1/data/normalized_source_tables/food_system/food_seasonality.csv:SEA003870""]",B,candidate
ds_roast_beef_cautious,7,rare,logical_necessity,required_ingredient_profiles,"[""sources/master-archive-v1/data/normalized_source_tables/food_system/food_seasonality.csv:SEA003871""]",B,candidate
ds_roast_beef_cautious,8,rare,logical_necessity,required_ingredient_profiles,"[""sources/master-archive-v1/data/normalized_source_tables/food_system/food_seasonality.csv:SEA003872""]",B,candidate
ds_roast_beef_cautious,9,rare,logical_necessity,required_ingredient_profiles,"[""sources/master-archive-v1/data/normalized_source_tables/food_system/food_seasonality.csv:SEA003873""]",B,candidate
ds_roast_beef_cautious,10,available,logical_necessity,required_ingredient_profiles,"[""sources/master-archive-v1/data/normalized_source_tables/food_system/food_seasonality.csv:SEA003874""]",B,candidate
ds_roast_beef_cautious,11,available,logical_necessity,required_ingredient_profiles,"[""sources/master-archive-v1/data/normalized_source_tables/food_system/food_seasonality.csv:SEA003875""]",B,candidate
ds_roast_beef_cautious,12,available,logical_necessity,required_ingredient_profiles,"[""sources/master-archive-v1/data/normalized_source_tables/food_system/food_seasonality.csv:SEA003876""]",B,candidate
ds_boil_pork,1,available,logical_necessity,required_ingredient_profiles,"[""sources/master-archive-v1/data/normalized_source_tables/food_system/food_seasonality.csv:SEA003877""]",B,candidate
ds_boil_pork,2,rare,logical_necessity,required_ingredient_profiles,"[""sources/master-archive-v1/data/normalized_source_tables/food_system/food_seasonality.csv:SEA003878""]",B,candidate
ds_boil_pork,3,rare,logical_necessity,required_ingredient_profiles,"[""sources/master-archive-v1/data/normalized_source_tables/food_system/food_seasonality.csv:SEA003879""]",B,candidate
ds_boil_pork,4,rare,logical_necessity,required_ingredient_profiles,"[""sources/master-archive-v1/data/normalized_source_tables/food_system/food_seasonality.csv:SEA003880""]",B,candidate
ds_boil_pork,5,rare,logical_necessity,required_ingredient_profiles,"[""sources/master-archive-v1/data/normalized_source_tables/food_system/food_seasonality.csv:SEA003881""]",B,candidate
ds_boil_pork,6,rare,logical_necessity,required_ingredient_profiles,"[""sources/master-archive-v1/data/normalized_source_tables/food_system/food_seasonality.csv:SEA003882""]",B,candidate
ds_boil_pork,7,rare,logical_necessity,required_ingredient_profiles,"[""sources/master-archive-v1/data/normalized_source_tables/food_system/food_seasonality.csv:SEA003883""]",B,candidate
ds_boil_pork,8,rare,logical_necessity,required_ingredient_profiles,"[""sources/master-archive-v1/data/normalized_source_tables/food_system/food_seasonality.csv:SEA003884""]",B,candidate
ds_boil_pork,9,rare,logical_necessity,required_ingredient_profiles,"[""sources/master-archive-v1/data/normalized_source_tables/food_system/food_seasonality.csv:SEA003885""]",B,candidate
ds_boil_pork,10,available,logical_necessity,required_ingredient_profiles,"[""sources/master-archive-v1/data/normalized_source_tables/food_system/food_seasonality.csv:SEA003886""]",B,candidate
ds_boil_pork,11,available,logical_necessity,required_ingredient_profiles,"[""sources/master-archive-v1/data/normalized_source_tables/food_system/food_seasonality.csv:SEA003887""]",B,candidate
ds_boil_pork,12,available,logical_necessity,required_ingredient_profiles,"[""sources/master-archive-v1/data/normalized_source_tables/food_system/food_seasonality.csv:SEA003888""]",B,candidate
ds_roast_pork_cautious,1,available,logical_necessity,required_ingredient_profiles,"[""sources/master-archive-v1/data/normalized_source_tables/food_system/food_seasonality.csv:SEA003889""]",B,candidate
ds_roast_pork_cautious,2,rare,logical_necessity,required_ingredient_profiles,"[""sources/master-archive-v1/data/normalized_source_tables/food_system/food_seasonality.csv:SEA003890""]",B,candidate
ds_roast_pork_cautious,3,rare,logical_necessity,required_ingredient_profiles,"[""sources/master-archive-v1/data/normalized_source_tables/food_system/food_seasonality.csv:SEA003891""]",B,candidate
ds_roast_pork_cautious,4,rare,logical_necessity,required_ingredient_profiles,"[""sources/master-archive-v1/data/normalized_source_tables/food_system/food_seasonality.csv:SEA003892""]",B,candidate
ds_roast_pork_cautious,5,rare,logical_necessity,required_ingredient_profiles,"[""sources/master-archive-v1/data/normalized_source_tables/food_system/food_seasonality.csv:SEA003893""]",B,candidate
ds_roast_pork_cautious,6,rare,logical_necessity,required_ingredient_profiles,"[""sources/master-archive-v1/data/normalized_source_tables/food_system/food_seasonality.csv:SEA003894""]",B,candidate
ds_roast_pork_cautious,7,rare,logical_necessity,required_ingredient_profiles,"[""sources/master-archive-v1/data/normalized_source_tables/food_system/food_seasonality.csv:SEA003895""]",B,candidate
ds_roast_pork_cautious,8,rare,logical_necessity,required_ingredient_profiles,"[""sources/master-archive-v1/data/normalized_source_tables/food_system/food_seasonality.csv:SEA003896""]",B,candidate
ds_roast_pork_cautious,9,rare,logical_necessity,required_ingredient_profiles,"[""sources/master-archive-v1/data/normalized_source_tables/food_system/food_seasonality.csv:SEA003897""]",B,candidate
ds_roast_pork_cautious,10,available,logical_necessity,required_ingredient_profiles,"[""sources/master-archive-v1/data/normalized_source_tables/food_system/food_seasonality.csv:SEA003898""]",B,candidate
ds_roast_pork_cautious,11,available,logical_necessity,required_ingredient_profiles,"[""sources/master-archive-v1/data/normalized_source_tables/food_system/food_seasonality.csv:SEA003899""]",B,candidate
ds_roast_pork_cautious,12,available,logical_necessity,required_ingredient_profiles,"[""sources/master-archive-v1/data/normalized_source_tables/food_system/food_seasonality.csv:SEA003900""]",B,candidate
ds_boil_mutton_goat,1,available,logical_necessity,required_ingredient_profiles,"[""sources/master-archive-v1/data/normalized_source_tables/food_system/food_seasonality.csv:SEA003901""]",B,candidate
ds_boil_mutton_goat,2,rare,logical_necessity,required_ingredient_profiles,"[""sources/master-archive-v1/data/normalized_source_tables/food_system/food_seasonality.csv:SEA003902""]",B,candidate
ds_boil_mutton_goat,3,rare,logical_necessity,required_ingredient_profiles,"[""sources/master-archive-v1/data/normalized_source_tables/food_system/food_seasonality.csv:SEA003903""]",B,candidate
ds_boil_mutton_goat,4,rare,logical_necessity,required_ingredient_profiles,"[""sources/master-archive-v1/data/normalized_source_tables/food_system/food_seasonality.csv:SEA003904""]",B,candidate
ds_boil_mutton_goat,5,rare,logical_necessity,required_ingredient_profiles,"[""sources/master-archive-v1/data/normalized_source_tables/food_system/food_seasonality.csv:SEA003905""]",B,candidate
ds_boil_mutton_goat,6,rare,logical_necessity,required_ingredient_profiles,"[""sources/master-archive-v1/data/normalized_source_tables/food_system/food_seasonality.csv:SEA003906""]",B,candidate
ds_boil_mutton_goat,7,rare,logical_necessity,required_ingredient_profiles,"[""sources/master-archive-v1/data/normalized_source_tables/food_system/food_seasonality.csv:SEA003907""]",B,candidate
ds_boil_mutton_goat,8,rare,logical_necessity,required_ingredient_profiles,"[""sources/master-archive-v1/data/normalized_source_tables/food_system/food_seasonality.csv:SEA003908""]",B,candidate
ds_boil_mutton_goat,9,rare,logical_necessity,required_ingredient_profiles,"[""sources/master-archive-v1/data/normalized_source_tables/food_system/food_seasonality.csv:SEA003909""]",B,candidate
ds_boil_mutton_goat,10,available,logical_necessity,required_ingredient_profiles,"[""sources/master-archive-v1/data/normalized_source_tables/food_system/food_seasonality.csv:SEA003910""]",B,candidate
ds_boil_mutton_goat,11,available,logical_necessity,required_ingredient_profiles,"[""sources/master-archive-v1/data/normalized_source_tables/food_system/food_seasonality.csv:SEA003911""]",B,candidate
ds_boil_mutton_goat,12,available,logical_necessity,required_ingredient_profiles,"[""sources/master-archive-v1/data/normalized_source_tables/food_system/food_seasonality.csv:SEA003912""]",B,candidate
ds_roast_mutton_goat_cautious,1,available,logical_necessity,required_ingredient_profiles,"[""sources/master-archive-v1/data/normalized_source_tables/food_system/food_seasonality.csv:SEA003913""]",B,candidate
ds_roast_mutton_goat_cautious,2,rare,logical_necessity,required_ingredient_profiles,"[""sources/master-archive-v1/data/normalized_source_tables/food_system/food_seasonality.csv:SEA003914""]",B,candidate
ds_roast_mutton_goat_cautious,3,rare,logical_necessity,required_ingredient_profiles,"[""sources/master-archive-v1/data/normalized_source_tables/food_system/food_seasonality.csv:SEA003915""]",B,candidate
ds_roast_mutton_goat_cautious,4,rare,logical_necessity,required_ingredient_profiles,"[""sources/master-archive-v1/data/normalized_source_tables/food_system/food_seasonality.csv:SEA003916""]",B,candidate
ds_roast_mutton_goat_cautious,5,rare,logical_necessity,required_ingredient_profiles,"[""sources/master-archive-v1/data/normalized_source_tables/food_system/food_seasonality.csv:SEA003917""]",B,candidate
ds_roast_mutton_goat_cautious,6,rare,logical_necessity,required_ingredient_profiles,"[""sources/master-archive-v1/data/normalized_source_tables/food_system/food_seasonality.csv:SEA003918""]",B,candidate
ds_roast_mutton_goat_cautious,7,rare,logical_necessity,required_ingredient_profiles,"[""sources/master-archive-v1/data/normalized_source_tables/food_system/food_seasonality.csv:SEA003919""]",B,candidate
ds_roast_mutton_goat_cautious,8,rare,logical_necessity,required_ingredient_profiles,"[""sources/master-archive-v1/data/normalized_source_tables/food_system/food_seasonality.csv:SEA003920""]",B,candidate
ds_roast_mutton_goat_cautious,9,rare,logical_necessity,required_ingredient_profiles,"[""sources/master-archive-v1/data/normalized_source_tables/food_system/food_seasonality.csv:SEA003921""]",B,candidate
ds_roast_mutton_goat_cautious,10,available,logical_necessity,required_ingredient_profiles,"[""sources/master-archive-v1/data/normalized_source_tables/food_system/food_seasonality.csv:SEA003922""]",B,candidate
ds_roast_mutton_goat_cautious,11,available,logical_necessity,required_ingredient_profiles,"[""sources/master-archive-v1/data/normalized_source_tables/food_system/food_seasonality.csv:SEA003923""]",B,candidate
ds_roast_mutton_goat_cautious,12,available,logical_necessity,required_ingredient_profiles,"[""sources/master-archive-v1/data/normalized_source_tables/food_system/food_seasonality.csv:SEA003924""]",B,candidate
ds_boil_chicken_meat,1,available,logical_necessity,required_ingredient_profiles,"[""sources/master-archive-v1/data/normalized_source_tables/food_system/food_seasonality.csv:SEA003925""]",B,candidate
ds_boil_chicken_meat,2,available,logical_necessity,required_ingredient_profiles,"[""sources/master-archive-v1/data/normalized_source_tables/food_system/food_seasonality.csv:SEA003926""]",B,candidate
ds_boil_chicken_meat,3,available,logical_necessity,required_ingredient_profiles,"[""sources/master-archive-v1/data/normalized_source_tables/food_system/food_seasonality.csv:SEA003927""]",B,candidate
ds_boil_chicken_meat,4,available,logical_necessity,required_ingredient_profiles,"[""sources/master-archive-v1/data/normalized_source_tables/food_system/food_seasonality.csv:SEA003928""]",B,candidate
ds_boil_chicken_meat,5,available,logical_necessity,required_ingredient_profiles,"[""sources/master-archive-v1/data/normalized_source_tables/food_system/food_seasonality.csv:SEA003929""]",B,candidate
ds_boil_chicken_meat,6,available,logical_necessity,required_ingredient_profiles,"[""sources/master-archive-v1/data/normalized_source_tables/food_system/food_seasonality.csv:SEA003930""]",B,candidate
ds_boil_chicken_meat,7,available,logical_necessity,required_ingredient_profiles,"[""sources/master-archive-v1/data/normalized_source_tables/food_system/food_seasonality.csv:SEA003931""]",B,candidate
ds_boil_chicken_meat,8,available,logical_necessity,required_ingredient_profiles,"[""sources/master-archive-v1/data/normalized_source_tables/food_system/food_seasonality.csv:SEA003932""]",B,candidate
ds_boil_chicken_meat,9,available,logical_necessity,required_ingredient_profiles,"[""sources/master-archive-v1/data/normalized_source_tables/food_system/food_seasonality.csv:SEA003933""]",B,candidate
ds_boil_chicken_meat,10,available,logical_necessity,required_ingredient_profiles,"[""sources/master-archive-v1/data/normalized_source_tables/food_system/food_seasonality.csv:SEA003934""]",B,candidate
ds_boil_chicken_meat,11,available,logical_necessity,required_ingredient_profiles,"[""sources/master-archive-v1/data/normalized_source_tables/food_system/food_seasonality.csv:SEA003935""]",B,candidate
ds_boil_chicken_meat,12,available,logical_necessity,required_ingredient_profiles,"[""sources/master-archive-v1/data/normalized_source_tables/food_system/food_seasonality.csv:SEA003936""]",B,candidate
ds_roast_chicken_meat_cautious,1,available,logical_necessity,required_ingredient_profiles,"[""sources/master-archive-v1/data/normalized_source_tables/food_system/food_seasonality.csv:SEA003937""]",B,candidate
ds_roast_chicken_meat_cautious,2,available,logical_necessity,required_ingredient_profiles,"[""sources/master-archive-v1/data/normalized_source_tables/food_system/food_seasonality.csv:SEA003938""]",B,candidate
ds_roast_chicken_meat_cautious,3,available,logical_necessity,required_ingredient_profiles,"[""sources/master-archive-v1/data/normalized_source_tables/food_system/food_seasonality.csv:SEA003939""]",B,candidate
ds_roast_chicken_meat_cautious,4,available,logical_necessity,required_ingredient_profiles,"[""sources/master-archive-v1/data/normalized_source_tables/food_system/food_seasonality.csv:SEA003940""]",B,candidate
ds_roast_chicken_meat_cautious,5,available,logical_necessity,required_ingredient_profiles,"[""sources/master-archive-v1/data/normalized_source_tables/food_system/food_seasonality.csv:SEA003941""]",B,candidate
ds_roast_chicken_meat_cautious,6,available,logical_necessity,required_ingredient_profiles,"[""sources/master-archive-v1/data/normalized_source_tables/food_system/food_seasonality.csv:SEA003942""]",B,candidate
ds_roast_chicken_meat_cautious,7,available,logical_necessity,required_ingredient_profiles,"[""sources/master-archive-v1/data/normalized_source_tables/food_system/food_seasonality.csv:SEA003943""]",B,candidate
ds_roast_chicken_meat_cautious,8,available,logical_necessity,required_ingredient_profiles,"[""sources/master-archive-v1/data/normalized_source_tables/food_system/food_seasonality.csv:SEA003944""]",B,candidate
ds_roast_chicken_meat_cautious,9,available,logical_necessity,required_ingredient_profiles,"[""sources/master-archive-v1/data/normalized_source_tables/food_system/food_seasonality.csv:SEA003945""]",B,candidate
ds_roast_chicken_meat_cautious,10,available,logical_necessity,required_ingredient_profiles,"[""sources/master-archive-v1/data/normalized_source_tables/food_system/food_seasonality.csv:SEA003946""]",B,candidate
ds_roast_chicken_meat_cautious,11,available,logical_necessity,required_ingredient_profiles,"[""sources/master-archive-v1/data/normalized_source_tables/food_system/food_seasonality.csv:SEA003947""]",B,candidate
ds_roast_chicken_meat_cautious,12,available,logical_necessity,required_ingredient_profiles,"[""sources/master-archive-v1/data/normalized_source_tables/food_system/food_seasonality.csv:SEA003948""]",B,candidate
ds_boil_goose_meat,1,rare,logical_necessity,required_ingredient_profiles,"[""sources/master-archive-v1/data/normalized_source_tables/food_system/food_seasonality.csv:SEA003949""]",B,candidate
ds_boil_goose_meat,2,rare,logical_necessity,required_ingredient_profiles,"[""sources/master-archive-v1/data/normalized_source_tables/food_system/food_seasonality.csv:SEA003950""]",B,candidate
ds_boil_goose_meat,3,rare,logical_necessity,required_ingredient_profiles,"[""sources/master-archive-v1/data/normalized_source_tables/food_system/food_seasonality.csv:SEA003951""]",B,candidate
ds_boil_goose_meat,4,rare,logical_necessity,required_ingredient_profiles,"[""sources/master-archive-v1/data/normalized_source_tables/food_system/food_seasonality.csv:SEA003952""]",B,candidate
ds_boil_goose_meat,5,rare,logical_necessity,required_ingredient_profiles,"[""sources/master-archive-v1/data/normalized_source_tables/food_system/food_seasonality.csv:SEA003953""]",B,candidate
ds_boil_goose_meat,6,rare,logical_necessity,required_ingredient_profiles,"[""sources/master-archive-v1/data/normalized_source_tables/food_system/food_seasonality.csv:SEA003954""]",B,candidate
ds_boil_goose_meat,7,rare,logical_necessity,required_ingredient_profiles,"[""sources/master-archive-v1/data/normalized_source_tables/food_system/food_seasonality.csv:SEA003955""]",B,candidate
ds_boil_goose_meat,8,rare,logical_necessity,required_ingredient_profiles,"[""sources/master-archive-v1/data/normalized_source_tables/food_system/food_seasonality.csv:SEA003956""]",B,candidate
ds_boil_goose_meat,9,available,logical_necessity,required_ingredient_profiles,"[""sources/master-archive-v1/data/normalized_source_tables/food_system/food_seasonality.csv:SEA003957""]",B,candidate
ds_boil_goose_meat,10,available,logical_necessity,required_ingredient_profiles,"[""sources/master-archive-v1/data/normalized_source_tables/food_system/food_seasonality.csv:SEA003958""]",B,candidate
ds_boil_goose_meat,11,available,logical_necessity,required_ingredient_profiles,"[""sources/master-archive-v1/data/normalized_source_tables/food_system/food_seasonality.csv:SEA003959""]",B,candidate
ds_boil_goose_meat,12,rare,logical_necessity,required_ingredient_profiles,"[""sources/master-archive-v1/data/normalized_source_tables/food_system/food_seasonality.csv:SEA003960""]",B,candidate
ds_roast_goose_meat_cautious,1,rare,logical_necessity,required_ingredient_profiles,"[""sources/master-archive-v1/data/normalized_source_tables/food_system/food_seasonality.csv:SEA003961""]",B,candidate
ds_roast_goose_meat_cautious,2,rare,logical_necessity,required_ingredient_profiles,"[""sources/master-archive-v1/data/normalized_source_tables/food_system/food_seasonality.csv:SEA003962""]",B,candidate
ds_roast_goose_meat_cautious,3,rare,logical_necessity,required_ingredient_profiles,"[""sources/master-archive-v1/data/normalized_source_tables/food_system/food_seasonality.csv:SEA003963""]",B,candidate
ds_roast_goose_meat_cautious,4,rare,logical_necessity,required_ingredient_profiles,"[""sources/master-archive-v1/data/normalized_source_tables/food_system/food_seasonality.csv:SEA003964""]",B,candidate
ds_roast_goose_meat_cautious,5,rare,logical_necessity,required_ingredient_profiles,"[""sources/master-archive-v1/data/normalized_source_tables/food_system/food_seasonality.csv:SEA003965""]",B,candidate
ds_roast_goose_meat_cautious,6,rare,logical_necessity,required_ingredient_profiles,"[""sources/master-archive-v1/data/normalized_source_tables/food_system/food_seasonality.csv:SEA003966""]",B,candidate
ds_roast_goose_meat_cautious,7,rare,logical_necessity,required_ingredient_profiles,"[""sources/master-archive-v1/data/normalized_source_tables/food_system/food_seasonality.csv:SEA003967""]",B,candidate
ds_roast_goose_meat_cautious,8,rare,logical_necessity,required_ingredient_profiles,"[""sources/master-archive-v1/data/normalized_source_tables/food_system/food_seasonality.csv:SEA003968""]",B,candidate
ds_roast_goose_meat_cautious,9,available,logical_necessity,required_ingredient_profiles,"[""sources/master-archive-v1/data/normalized_source_tables/food_system/food_seasonality.csv:SEA003969""]",B,candidate
ds_roast_goose_meat_cautious,10,available,logical_necessity,required_ingredient_profiles,"[""sources/master-archive-v1/data/normalized_source_tables/food_system/food_seasonality.csv:SEA003970""]",B,candidate
ds_roast_goose_meat_cautious,11,available,logical_necessity,required_ingredient_profiles,"[""sources/master-archive-v1/data/normalized_source_tables/food_system/food_seasonality.csv:SEA003971""]",B,candidate
ds_roast_goose_meat_cautious,12,rare,logical_necessity,required_ingredient_profiles,"[""sources/master-archive-v1/data/normalized_source_tables/food_system/food_seasonality.csv:SEA003972""]",B,candidate
ds_boil_duck_meat,1,rare,logical_necessity,required_ingredient_profiles,"[""sources/master-archive-v1/data/normalized_source_tables/food_system/food_seasonality.csv:SEA003973""]",B,candidate
ds_boil_duck_meat,2,rare,logical_necessity,required_ingredient_profiles,"[""sources/master-archive-v1/data/normalized_source_tables/food_system/food_seasonality.csv:SEA003974""]",B,candidate
ds_boil_duck_meat,3,rare,logical_necessity,required_ingredient_profiles,"[""sources/master-archive-v1/data/normalized_source_tables/food_system/food_seasonality.csv:SEA003975""]",B,candidate
ds_boil_duck_meat,4,rare,logical_necessity,required_ingredient_profiles,"[""sources/master-archive-v1/data/normalized_source_tables/food_system/food_seasonality.csv:SEA003976""]",B,candidate
ds_boil_duck_meat,5,rare,logical_necessity,required_ingredient_profiles,"[""sources/master-archive-v1/data/normalized_source_tables/food_system/food_seasonality.csv:SEA003977""]",B,candidate
ds_boil_duck_meat,6,rare,logical_necessity,required_ingredient_profiles,"[""sources/master-archive-v1/data/normalized_source_tables/food_system/food_seasonality.csv:SEA003978""]",B,candidate
ds_boil_duck_meat,7,rare,logical_necessity,required_ingredient_profiles,"[""sources/master-archive-v1/data/normalized_source_tables/food_system/food_seasonality.csv:SEA003979""]",B,candidate
ds_boil_duck_meat,8,rare,logical_necessity,required_ingredient_profiles,"[""sources/master-archive-v1/data/normalized_source_tables/food_system/food_seasonality.csv:SEA003980""]",B,candidate
ds_boil_duck_meat,9,available,logical_necessity,required_ingredient_profiles,"[""sources/master-archive-v1/data/normalized_source_tables/food_system/food_seasonality.csv:SEA003981""]",B,candidate
ds_boil_duck_meat,10,available,logical_necessity,required_ingredient_profiles,"[""sources/master-archive-v1/data/normalized_source_tables/food_system/food_seasonality.csv:SEA003982""]",B,candidate
ds_boil_duck_meat,11,available,logical_necessity,required_ingredient_profiles,"[""sources/master-archive-v1/data/normalized_source_tables/food_system/food_seasonality.csv:SEA003983""]",B,candidate
ds_boil_duck_meat,12,rare,logical_necessity,required_ingredient_profiles,"[""sources/master-archive-v1/data/normalized_source_tables/food_system/food_seasonality.csv:SEA003984""]",B,candidate
ds_roast_duck_meat_cautious,1,rare,logical_necessity,required_ingredient_profiles,"[""sources/master-archive-v1/data/normalized_source_tables/food_system/food_seasonality.csv:SEA003985""]",B,candidate
ds_roast_duck_meat_cautious,2,rare,logical_necessity,required_ingredient_profiles,"[""sources/master-archive-v1/data/normalized_source_tables/food_system/food_seasonality.csv:SEA003986""]",B,candidate
ds_roast_duck_meat_cautious,3,rare,logical_necessity,required_ingredient_profiles,"[""sources/master-archive-v1/data/normalized_source_tables/food_system/food_seasonality.csv:SEA003987""]",B,candidate
ds_roast_duck_meat_cautious,4,rare,logical_necessity,required_ingredient_profiles,"[""sources/master-archive-v1/data/normalized_source_tables/food_system/food_seasonality.csv:SEA003988""]",B,candidate
ds_roast_duck_meat_cautious,5,rare,logical_necessity,required_ingredient_profiles,"[""sources/master-archive-v1/data/normalized_source_tables/food_system/food_seasonality.csv:SEA003989""]",B,candidate
ds_roast_duck_meat_cautious,6,rare,logical_necessity,required_ingredient_profiles,"[""sources/master-archive-v1/data/normalized_source_tables/food_system/food_seasonality.csv:SEA003990""]",B,candidate
ds_roast_duck_meat_cautious,7,rare,logical_necessity,required_ingredient_profiles,"[""sources/master-archive-v1/data/normalized_source_tables/food_system/food_seasonality.csv:SEA003991""]",B,candidate
ds_roast_duck_meat_cautious,8,rare,logical_necessity,required_ingredient_profiles,"[""sources/master-archive-v1/data/normalized_source_tables/food_system/food_seasonality.csv:SEA003992""]",B,candidate
ds_roast_duck_meat_cautious,9,available,logical_necessity,required_ingredient_profiles,"[""sources/master-archive-v1/data/normalized_source_tables/food_system/food_seasonality.csv:SEA003993""]",B,candidate
ds_roast_duck_meat_cautious,10,available,logical_necessity,required_ingredient_profiles,"[""sources/master-archive-v1/data/normalized_source_tables/food_system/food_seasonality.csv:SEA003994""]",B,candidate
ds_roast_duck_meat_cautious,11,available,logical_necessity,required_ingredient_profiles,"[""sources/master-archive-v1/data/normalized_source_tables/food_system/food_seasonality.csv:SEA003995""]",B,candidate
ds_roast_duck_meat_cautious,12,rare,logical_necessity,required_ingredient_profiles,"[""sources/master-archive-v1/data/normalized_source_tables/food_system/food_seasonality.csv:SEA003996""]",B,candidate
ds_boil_hare_meat,1,available,logical_necessity,required_ingredient_profiles,"[""sources/master-archive-v1/data/normalized_source_tables/food_system/food_seasonality.csv:SEA003997""]",B,candidate
ds_boil_hare_meat,2,available,logical_necessity,required_ingredient_profiles,"[""sources/master-archive-v1/data/normalized_source_tables/food_system/food_seasonality.csv:SEA003998""]",B,candidate
ds_boil_hare_meat,3,rare,logical_necessity,required_ingredient_profiles,"[""sources/master-archive-v1/data/normalized_source_tables/food_system/food_seasonality.csv:SEA003999""]",B,candidate
ds_boil_hare_meat,4,rare,logical_necessity,required_ingredient_profiles,"[""sources/master-archive-v1/data/normalized_source_tables/food_system/food_seasonality.csv:SEA004000""]",B,candidate
ds_boil_hare_meat,5,rare,logical_necessity,required_ingredient_profiles,"[""sources/master-archive-v1/data/normalized_source_tables/food_system/food_seasonality.csv:SEA004001""]",B,candidate
ds_boil_hare_meat,6,rare,logical_necessity,required_ingredient_profiles,"[""sources/master-archive-v1/data/normalized_source_tables/food_system/food_seasonality.csv:SEA004002""]",B,candidate
ds_boil_hare_meat,7,rare,logical_necessity,required_ingredient_profiles,"[""sources/master-archive-v1/data/normalized_source_tables/food_system/food_seasonality.csv:SEA004003""]",B,candidate
ds_boil_hare_meat,8,rare,logical_necessity,required_ingredient_profiles,"[""sources/master-archive-v1/data/normalized_source_tables/food_system/food_seasonality.csv:SEA004004""]",B,candidate
ds_boil_hare_meat,9,available,logical_necessity,required_ingredient_profiles,"[""sources/master-archive-v1/data/normalized_source_tables/food_system/food_seasonality.csv:SEA004005""]",B,candidate
ds_boil_hare_meat,10,available,logical_necessity,required_ingredient_profiles,"[""sources/master-archive-v1/data/normalized_source_tables/food_system/food_seasonality.csv:SEA004006""]",B,candidate
ds_boil_hare_meat,11,available,logical_necessity,required_ingredient_profiles,"[""sources/master-archive-v1/data/normalized_source_tables/food_system/food_seasonality.csv:SEA004007""]",B,candidate
ds_boil_hare_meat,12,available,logical_necessity,required_ingredient_profiles,"[""sources/master-archive-v1/data/normalized_source_tables/food_system/food_seasonality.csv:SEA004008""]",B,candidate
ds_roast_hare_meat_cautious,1,available,logical_necessity,required_ingredient_profiles,"[""sources/master-archive-v1/data/normalized_source_tables/food_system/food_seasonality.csv:SEA004009""]",B,candidate
ds_roast_hare_meat_cautious,2,available,logical_necessity,required_ingredient_profiles,"[""sources/master-archive-v1/data/normalized_source_tables/food_system/food_seasonality.csv:SEA004010""]",B,candidate
ds_roast_hare_meat_cautious,3,rare,logical_necessity,required_ingredient_profiles,"[""sources/master-archive-v1/data/normalized_source_tables/food_system/food_seasonality.csv:SEA004011""]",B,candidate
ds_roast_hare_meat_cautious,4,rare,logical_necessity,required_ingredient_profiles,"[""sources/master-archive-v1/data/normalized_source_tables/food_system/food_seasonality.csv:SEA004012""]",B,candidate
ds_roast_hare_meat_cautious,5,rare,logical_necessity,required_ingredient_profiles,"[""sources/master-archive-v1/data/normalized_source_tables/food_system/food_seasonality.csv:SEA004013""]",B,candidate
ds_roast_hare_meat_cautious,6,rare,logical_necessity,required_ingredient_profiles,"[""sources/master-archive-v1/data/normalized_source_tables/food_system/food_seasonality.csv:SEA004014""]",B,candidate
ds_roast_hare_meat_cautious,7,rare,logical_necessity,required_ingredient_profiles,"[""sources/master-archive-v1/data/normalized_source_tables/food_system/food_seasonality.csv:SEA004015""]",B,candidate
ds_roast_hare_meat_cautious,8,rare,logical_necessity,required_ingredient_profiles,"[""sources/master-archive-v1/data/normalized_source_tables/food_system/food_seasonality.csv:SEA004016""]",B,candidate
ds_roast_hare_meat_cautious,9,available,logical_necessity,required_ingredient_profiles,"[""sources/master-archive-v1/data/normalized_source_tables/food_system/food_seasonality.csv:SEA004017""]",B,candidate
ds_roast_hare_meat_cautious,10,available,logical_necessity,required_ingredient_profiles,"[""sources/master-archive-v1/data/normalized_source_tables/food_system/food_seasonality.csv:SEA004018""]",B,candidate
ds_roast_hare_meat_cautious,11,available,logical_necessity,required_ingredient_profiles,"[""sources/master-archive-v1/data/normalized_source_tables/food_system/food_seasonality.csv:SEA004019""]",B,candidate
ds_roast_hare_meat_cautious,12,available,logical_necessity,required_ingredient_profiles,"[""sources/master-archive-v1/data/normalized_source_tables/food_system/food_seasonality.csv:SEA004020""]",B,candidate
ds_boil_elk_meat,1,available,logical_necessity,required_ingredient_profiles,"[""sources/master-archive-v1/data/normalized_source_tables/food_system/food_seasonality.csv:SEA004021""]",B,candidate
ds_boil_elk_meat,2,available,logical_necessity,required_ingredient_profiles,"[""sources/master-archive-v1/data/normalized_source_tables/food_system/food_seasonality.csv:SEA004022""]",B,candidate
ds_boil_elk_meat,3,rare,logical_necessity,required_ingredient_profiles,"[""sources/master-archive-v1/data/normalized_source_tables/food_system/food_seasonality.csv:SEA004023""]",B,candidate
ds_boil_elk_meat,4,rare,logical_necessity,required_ingredient_profiles,"[""sources/master-archive-v1/data/normalized_source_tables/food_system/food_seasonality.csv:SEA004024""]",B,candidate
ds_boil_elk_meat,5,rare,logical_necessity,required_ingredient_profiles,"[""sources/master-archive-v1/data/normalized_source_tables/food_system/food_seasonality.csv:SEA004025""]",B,candidate
ds_boil_elk_meat,6,rare,logical_necessity,required_ingredient_profiles,"[""sources/master-archive-v1/data/normalized_source_tables/food_system/food_seasonality.csv:SEA004026""]",B,candidate
ds_boil_elk_meat,7,rare,logical_necessity,required_ingredient_profiles,"[""sources/master-archive-v1/data/normalized_source_tables/food_system/food_seasonality.csv:SEA004027""]",B,candidate
ds_boil_elk_meat,8,rare,logical_necessity,required_ingredient_profiles,"[""sources/master-archive-v1/data/normalized_source_tables/food_system/food_seasonality.csv:SEA004028""]",B,candidate
ds_boil_elk_meat,9,available,logical_necessity,required_ingredient_profiles,"[""sources/master-archive-v1/data/normalized_source_tables/food_system/food_seasonality.csv:SEA004029""]",B,candidate
ds_boil_elk_meat,10,available,logical_necessity,required_ingredient_profiles,"[""sources/master-archive-v1/data/normalized_source_tables/food_system/food_seasonality.csv:SEA004030""]",B,candidate
ds_boil_elk_meat,11,available,logical_necessity,required_ingredient_profiles,"[""sources/master-archive-v1/data/normalized_source_tables/food_system/food_seasonality.csv:SEA004031""]",B,candidate
ds_boil_elk_meat,12,available,logical_necessity,required_ingredient_profiles,"[""sources/master-archive-v1/data/normalized_source_tables/food_system/food_seasonality.csv:SEA004032""]",B,candidate
ds_roast_elk_meat_cautious,1,available,logical_necessity,required_ingredient_profiles,"[""sources/master-archive-v1/data/normalized_source_tables/food_system/food_seasonality.csv:SEA004033""]",B,candidate
ds_roast_elk_meat_cautious,2,available,logical_necessity,required_ingredient_profiles,"[""sources/master-archive-v1/data/normalized_source_tables/food_system/food_seasonality.csv:SEA004034""]",B,candidate
ds_roast_elk_meat_cautious,3,rare,logical_necessity,required_ingredient_profiles,"[""sources/master-archive-v1/data/normalized_source_tables/food_system/food_seasonality.csv:SEA004035""]",B,candidate
ds_roast_elk_meat_cautious,4,rare,logical_necessity,required_ingredient_profiles,"[""sources/master-archive-v1/data/normalized_source_tables/food_system/food_seasonality.csv:SEA004036""]",B,candidate
ds_roast_elk_meat_cautious,5,rare,logical_necessity,required_ingredient_profiles,"[""sources/master-archive-v1/data/normalized_source_tables/food_system/food_seasonality.csv:SEA004037""]",B,candidate
ds_roast_elk_meat_cautious,6,rare,logical_necessity,required_ingredient_profiles,"[""sources/master-archive-v1/data/normalized_source_tables/food_system/food_seasonality.csv:SEA004038""]",B,candidate
ds_roast_elk_meat_cautious,7,rare,logical_necessity,required_ingredient_profiles,"[""sources/master-archive-v1/data/normalized_source_tables/food_system/food_seasonality.csv:SEA004039""]",B,candidate
ds_roast_elk_meat_cautious,8,rare,logical_necessity,required_ingredient_profiles,"[""sources/master-archive-v1/data/normalized_source_tables/food_system/food_seasonality.csv:SEA004040""]",B,candidate
ds_roast_elk_meat_cautious,9,available,logical_necessity,required_ingredient_profiles,"[""sources/master-archive-v1/data/normalized_source_tables/food_system/food_seasonality.csv:SEA004041""]",B,candidate
ds_roast_elk_meat_cautious,10,available,logical_necessity,required_ingredient_profiles,"[""sources/master-archive-v1/data/normalized_source_tables/food_system/food_seasonality.csv:SEA004042""]",B,candidate
ds_roast_elk_meat_cautious,11,available,logical_necessity,required_ingredient_profiles,"[""sources/master-archive-v1/data/normalized_source_tables/food_system/food_seasonality.csv:SEA004043""]",B,candidate
ds_roast_elk_meat_cautious,12,available,logical_necessity,required_ingredient_profiles,"[""sources/master-archive-v1/data/normalized_source_tables/food_system/food_seasonality.csv:SEA004044""]",B,candidate
ds_boil_wild_boar_meat,1,available,logical_necessity,required_ingredient_profiles,"[""sources/master-archive-v1/data/normalized_source_tables/food_system/food_seasonality.csv:SEA004045""]",B,candidate
ds_boil_wild_boar_meat,2,available,logical_necessity,required_ingredient_profiles,"[""sources/master-archive-v1/data/normalized_source_tables/food_system/food_seasonality.csv:SEA004046""]",B,candidate
ds_boil_wild_boar_meat,3,rare,logical_necessity,required_ingredient_profiles,"[""sources/master-archive-v1/data/normalized_source_tables/food_system/food_seasonality.csv:SEA004047""]",B,candidate
ds_boil_wild_boar_meat,4,rare,logical_necessity,required_ingredient_profiles,"[""sources/master-archive-v1/data/normalized_source_tables/food_system/food_seasonality.csv:SEA004048""]",B,candidate
ds_boil_wild_boar_meat,5,rare,logical_necessity,required_ingredient_profiles,"[""sources/master-archive-v1/data/normalized_source_tables/food_system/food_seasonality.csv:SEA004049""]",B,candidate
ds_boil_wild_boar_meat,6,rare,logical_necessity,required_ingredient_profiles,"[""sources/master-archive-v1/data/normalized_source_tables/food_system/food_seasonality.csv:SEA004050""]",B,candidate
ds_boil_wild_boar_meat,7,rare,logical_necessity,required_ingredient_profiles,"[""sources/master-archive-v1/data/normalized_source_tables/food_system/food_seasonality.csv:SEA004051""]",B,candidate
ds_boil_wild_boar_meat,8,rare,logical_necessity,required_ingredient_profiles,"[""sources/master-archive-v1/data/normalized_source_tables/food_system/food_seasonality.csv:SEA004052""]",B,candidate
ds_boil_wild_boar_meat,9,available,logical_necessity,required_ingredient_profiles,"[""sources/master-archive-v1/data/normalized_source_tables/food_system/food_seasonality.csv:SEA004053""]",B,candidate
ds_boil_wild_boar_meat,10,available,logical_necessity,required_ingredient_profiles,"[""sources/master-archive-v1/data/normalized_source_tables/food_system/food_seasonality.csv:SEA004054""]",B,candidate
ds_boil_wild_boar_meat,11,available,logical_necessity,required_ingredient_profiles,"[""sources/master-archive-v1/data/normalized_source_tables/food_system/food_seasonality.csv:SEA004055""]",B,candidate
ds_boil_wild_boar_meat,12,available,logical_necessity,required_ingredient_profiles,"[""sources/master-archive-v1/data/normalized_source_tables/food_system/food_seasonality.csv:SEA004056""]",B,candidate
ds_roast_wild_boar_meat_cautious,1,available,logical_necessity,required_ingredient_profiles,"[""sources/master-archive-v1/data/normalized_source_tables/food_system/food_seasonality.csv:SEA004057""]",C,candidate
ds_roast_wild_boar_meat_cautious,2,available,logical_necessity,required_ingredient_profiles,"[""sources/master-archive-v1/data/normalized_source_tables/food_system/food_seasonality.csv:SEA004058""]",C,candidate
ds_roast_wild_boar_meat_cautious,3,rare,logical_necessity,required_ingredient_profiles,"[""sources/master-archive-v1/data/normalized_source_tables/food_system/food_seasonality.csv:SEA004059""]",C,candidate
ds_roast_wild_boar_meat_cautious,4,rare,logical_necessity,required_ingredient_profiles,"[""sources/master-archive-v1/data/normalized_source_tables/food_system/food_seasonality.csv:SEA004060""]",C,candidate
ds_roast_wild_boar_meat_cautious,5,rare,logical_necessity,required_ingredient_profiles,"[""sources/master-archive-v1/data/normalized_source_tables/food_system/food_seasonality.csv:SEA004061""]",C,candidate
ds_roast_wild_boar_meat_cautious,6,rare,logical_necessity,required_ingredient_profiles,"[""sources/master-archive-v1/data/normalized_source_tables/food_system/food_seasonality.csv:SEA004062""]",C,candidate
ds_roast_wild_boar_meat_cautious,7,rare,logical_necessity,required_ingredient_profiles,"[""sources/master-archive-v1/data/normalized_source_tables/food_system/food_seasonality.csv:SEA004063""]",C,candidate
ds_roast_wild_boar_meat_cautious,8,rare,logical_necessity,required_ingredient_profiles,"[""sources/master-archive-v1/data/normalized_source_tables/food_system/food_seasonality.csv:SEA004064""]",C,candidate
ds_roast_wild_boar_meat_cautious,9,available,logical_necessity,required_ingredient_profiles,"[""sources/master-archive-v1/data/normalized_source_tables/food_system/food_seasonality.csv:SEA004065""]",C,candidate
ds_roast_wild_boar_meat_cautious,10,available,logical_necessity,required_ingredient_profiles,"[""sources/master-archive-v1/data/normalized_source_tables/food_system/food_seasonality.csv:SEA004066""]",C,candidate
ds_roast_wild_boar_meat_cautious,11,available,logical_necessity,required_ingredient_profiles,"[""sources/master-archive-v1/data/normalized_source_tables/food_system/food_seasonality.csv:SEA004067""]",C,candidate
ds_roast_wild_boar_meat_cautious,12,available,logical_necessity,required_ingredient_profiles,"[""sources/master-archive-v1/data/normalized_source_tables/food_system/food_seasonality.csv:SEA004068""]",C,candidate
ds_boil_capercaillie_meat,1,available,logical_necessity,required_ingredient_profiles,"[""sources/master-archive-v1/data/normalized_source_tables/food_system/food_seasonality.csv:SEA004069""]",B,candidate
ds_boil_capercaillie_meat,2,available,logical_necessity,required_ingredient_profiles,"[""sources/master-archive-v1/data/normalized_source_tables/food_system/food_seasonality.csv:SEA004070""]",B,candidate
ds_boil_capercaillie_meat,3,rare,logical_necessity,required_ingredient_profiles,"[""sources/master-archive-v1/data/normalized_source_tables/food_system/food_seasonality.csv:SEA004071""]",B,candidate
ds_boil_capercaillie_meat,4,rare,logical_necessity,required_ingredient_profiles,"[""sources/master-archive-v1/data/normalized_source_tables/food_system/food_seasonality.csv:SEA004072""]",B,candidate
ds_boil_capercaillie_meat,5,rare,logical_necessity,required_ingredient_profiles,"[""sources/master-archive-v1/data/normalized_source_tables/food_system/food_seasonality.csv:SEA004073""]",B,candidate
ds_boil_capercaillie_meat,6,rare,logical_necessity,required_ingredient_profiles,"[""sources/master-archive-v1/data/normalized_source_tables/food_system/food_seasonality.csv:SEA004074""]",B,candidate
ds_boil_capercaillie_meat,7,rare,logical_necessity,required_ingredient_profiles,"[""sources/master-archive-v1/data/normalized_source_tables/food_system/food_seasonality.csv:SEA004075""]",B,candidate
ds_boil_capercaillie_meat,8,rare,logical_necessity,required_ingredient_profiles,"[""sources/master-archive-v1/data/normalized_source_tables/food_system/food_seasonality.csv:SEA004076""]",B,candidate
ds_boil_capercaillie_meat,9,available,logical_necessity,required_ingredient_profiles,"[""sources/master-archive-v1/data/normalized_source_tables/food_system/food_seasonality.csv:SEA004077""]",B,candidate
ds_boil_capercaillie_meat,10,available,logical_necessity,required_ingredient_profiles,"[""sources/master-archive-v1/data/normalized_source_tables/food_system/food_seasonality.csv:SEA004078""]",B,candidate
ds_boil_capercaillie_meat,11,available,logical_necessity,required_ingredient_profiles,"[""sources/master-archive-v1/data/normalized_source_tables/food_system/food_seasonality.csv:SEA004079""]",B,candidate
ds_boil_capercaillie_meat,12,available,logical_necessity,required_ingredient_profiles,"[""sources/master-archive-v1/data/normalized_source_tables/food_system/food_seasonality.csv:SEA004080""]",B,candidate
ds_roast_capercaillie_meat_cautious,1,available,logical_necessity,required_ingredient_profiles,"[""sources/master-archive-v1/data/normalized_source_tables/food_system/food_seasonality.csv:SEA004081""]",B,candidate
ds_roast_capercaillie_meat_cautious,2,available,logical_necessity,required_ingredient_profiles,"[""sources/master-archive-v1/data/normalized_source_tables/food_system/food_seasonality.csv:SEA004082""]",B,candidate
ds_roast_capercaillie_meat_cautious,3,rare,logical_necessity,required_ingredient_profiles,"[""sources/master-archive-v1/data/normalized_source_tables/food_system/food_seasonality.csv:SEA004083""]",B,candidate
ds_roast_capercaillie_meat_cautious,4,rare,logical_necessity,required_ingredient_profiles,"[""sources/master-archive-v1/data/normalized_source_tables/food_system/food_seasonality.csv:SEA004084""]",B,candidate
ds_roast_capercaillie_meat_cautious,5,rare,logical_necessity,required_ingredient_profiles,"[""sources/master-archive-v1/data/normalized_source_tables/food_system/food_seasonality.csv:SEA004085""]",B,candidate
ds_roast_capercaillie_meat_cautious,6,rare,logical_necessity,required_ingredient_profiles,"[""sources/master-archive-v1/data/normalized_source_tables/food_system/food_seasonality.csv:SEA004086""]",B,candidate
ds_roast_capercaillie_meat_cautious,7,rare,logical_necessity,required_ingredient_profiles,"[""sources/master-archive-v1/data/normalized_source_tables/food_system/food_seasonality.csv:SEA004087""]",B,candidate
ds_roast_capercaillie_meat_cautious,8,rare,logical_necessity,required_ingredient_profiles,"[""sources/master-archive-v1/data/normalized_source_tables/food_system/food_seasonality.csv:SEA004088""]",B,candidate
ds_roast_capercaillie_meat_cautious,9,available,logical_necessity,required_ingredient_profiles,"[""sources/master-archive-v1/data/normalized_source_tables/food_system/food_seasonality.csv:SEA004089""]",B,candidate
ds_roast_capercaillie_meat_cautious,10,available,logical_necessity,required_ingredient_profiles,"[""sources/master-archive-v1/data/normalized_source_tables/food_system/food_seasonality.csv:SEA004090""]",B,candidate
ds_roast_capercaillie_meat_cautious,11,available,logical_necessity,required_ingredient_profiles,"[""sources/master-archive-v1/data/normalized_source_tables/food_system/food_seasonality.csv:SEA004091""]",B,candidate
ds_roast_capercaillie_meat_cautious,12,available,logical_necessity,required_ingredient_profiles,"[""sources/master-archive-v1/data/normalized_source_tables/food_system/food_seasonality.csv:SEA004092""]",B,candidate
ds_boil_waterfowl_meat,1,conditional,logical_necessity,required_ingredient_profiles,"[""sources/master-archive-v1/data/normalized_source_tables/food_system/food_seasonality.csv:SEA004093""]",B,candidate
ds_boil_waterfowl_meat,2,conditional,logical_necessity,required_ingredient_profiles,"[""sources/master-archive-v1/data/normalized_source_tables/food_system/food_seasonality.csv:SEA004094""]",B,candidate
ds_boil_waterfowl_meat,3,rare,logical_necessity,required_ingredient_profiles,"[""sources/master-archive-v1/data/normalized_source_tables/food_system/food_seasonality.csv:SEA004095""]",B,candidate
ds_boil_waterfowl_meat,4,rare,logical_necessity,required_ingredient_profiles,"[""sources/master-archive-v1/data/normalized_source_tables/food_system/food_seasonality.csv:SEA004096""]",B,candidate
ds_boil_waterfowl_meat,5,rare,logical_necessity,required_ingredient_profiles,"[""sources/master-archive-v1/data/normalized_source_tables/food_system/food_seasonality.csv:SEA004097""]",B,candidate
ds_boil_waterfowl_meat,6,rare,logical_necessity,required_ingredient_profiles,"[""sources/master-archive-v1/data/normalized_source_tables/food_system/food_seasonality.csv:SEA004098""]",B,candidate
ds_boil_waterfowl_meat,7,rare,logical_necessity,required_ingredient_profiles,"[""sources/master-archive-v1/data/normalized_source_tables/food_system/food_seasonality.csv:SEA004099""]",B,candidate
ds_boil_waterfowl_meat,8,conditional,logical_necessity,required_ingredient_profiles,"[""sources/master-archive-v1/data/normalized_source_tables/food_system/food_seasonality.csv:SEA004100""]",B,candidate
ds_boil_waterfowl_meat,9,conditional,logical_necessity,required_ingredient_profiles,"[""sources/master-archive-v1/data/normalized_source_tables/food_system/food_seasonality.csv:SEA004101""]",B,candidate
ds_boil_waterfowl_meat,10,conditional,logical_necessity,required_ingredient_profiles,"[""sources/master-archive-v1/data/normalized_source_tables/food_system/food_seasonality.csv:SEA004102""]",B,candidate
ds_boil_waterfowl_meat,11,conditional,logical_necessity,required_ingredient_profiles,"[""sources/master-archive-v1/data/normalized_source_tables/food_system/food_seasonality.csv:SEA004103""]",B,candidate
ds_boil_waterfowl_meat,12,conditional,logical_necessity,required_ingredient_profiles,"[""sources/master-archive-v1/data/normalized_source_tables/food_system/food_seasonality.csv:SEA004104""]",B,candidate
ds_roast_waterfowl_meat_cautious,1,conditional,logical_necessity,required_ingredient_profiles,"[""sources/master-archive-v1/data/normalized_source_tables/food_system/food_seasonality.csv:SEA004105""]",B,candidate
ds_roast_waterfowl_meat_cautious,2,conditional,logical_necessity,required_ingredient_profiles,"[""sources/master-archive-v1/data/normalized_source_tables/food_system/food_seasonality.csv:SEA004106""]",B,candidate
ds_roast_waterfowl_meat_cautious,3,rare,logical_necessity,required_ingredient_profiles,"[""sources/master-archive-v1/data/normalized_source_tables/food_system/food_seasonality.csv:SEA004107""]",B,candidate
ds_roast_waterfowl_meat_cautious,4,rare,logical_necessity,required_ingredient_profiles,"[""sources/master-archive-v1/data/normalized_source_tables/food_system/food_seasonality.csv:SEA004108""]",B,candidate
ds_roast_waterfowl_meat_cautious,5,rare,logical_necessity,required_ingredient_profiles,"[""sources/master-archive-v1/data/normalized_source_tables/food_system/food_seasonality.csv:SEA004109""]",B,candidate
ds_roast_waterfowl_meat_cautious,6,rare,logical_necessity,required_ingredient_profiles,"[""sources/master-archive-v1/data/normalized_source_tables/food_system/food_seasonality.csv:SEA004110""]",B,candidate
ds_roast_waterfowl_meat_cautious,7,rare,logical_necessity,required_ingredient_profiles,"[""sources/master-archive-v1/data/normalized_source_tables/food_system/food_seasonality.csv:SEA004111""]",B,candidate
ds_roast_waterfowl_meat_cautious,8,conditional,logical_necessity,required_ingredient_profiles,"[""sources/master-archive-v1/data/normalized_source_tables/food_system/food_seasonality.csv:SEA004112""]",B,candidate
ds_roast_waterfowl_meat_cautious,9,conditional,logical_necessity,required_ingredient_profiles,"[""sources/master-archive-v1/data/normalized_source_tables/food_system/food_seasonality.csv:SEA004113""]",B,candidate
ds_roast_waterfowl_meat_cautious,10,conditional,logical_necessity,required_ingredient_profiles,"[""sources/master-archive-v1/data/normalized_source_tables/food_system/food_seasonality.csv:SEA004114""]",B,candidate
ds_roast_waterfowl_meat_cautious,11,conditional,logical_necessity,required_ingredient_profiles,"[""sources/master-archive-v1/data/normalized_source_tables/food_system/food_seasonality.csv:SEA004115""]",B,candidate
ds_roast_waterfowl_meat_cautious,12,conditional,logical_necessity,required_ingredient_profiles,"[""sources/master-archive-v1/data/normalized_source_tables/food_system/food_seasonality.csv:SEA004116""]",B,candidate
ds_meat_pot_beef_turnip,1,available,logical_necessity,required_ingredient_profiles,"[""sources/master-archive-v1/data/normalized_source_tables/food_system/food_seasonality.csv:SEA004117""]",B,candidate
ds_meat_pot_beef_turnip,2,rare,logical_necessity,required_ingredient_profiles,"[""sources/master-archive-v1/data/normalized_source_tables/food_system/food_seasonality.csv:SEA004118""]",B,candidate
ds_meat_pot_beef_turnip,3,rare,logical_necessity,required_ingredient_profiles,"[""sources/master-archive-v1/data/normalized_source_tables/food_system/food_seasonality.csv:SEA004119""]",B,candidate
ds_meat_pot_beef_turnip,4,rare,logical_necessity,required_ingredient_profiles,"[""sources/master-archive-v1/data/normalized_source_tables/food_system/food_seasonality.csv:SEA004120""]",B,candidate
ds_meat_pot_beef_turnip,5,rare,logical_necessity,required_ingredient_profiles,"[""sources/master-archive-v1/data/normalized_source_tables/food_system/food_seasonality.csv:SEA004121""]",B,candidate
ds_meat_pot_beef_turnip,6,rare,logical_necessity,required_ingredient_profiles,"[""sources/master-archive-v1/data/normalized_source_tables/food_system/food_seasonality.csv:SEA004122""]",B,candidate
ds_meat_pot_beef_turnip,7,rare,logical_necessity,required_ingredient_profiles,"[""sources/master-archive-v1/data/normalized_source_tables/food_system/food_seasonality.csv:SEA004123""]",B,candidate
ds_meat_pot_beef_turnip,8,rare,logical_necessity,required_ingredient_profiles,"[""sources/master-archive-v1/data/normalized_source_tables/food_system/food_seasonality.csv:SEA004124""]",B,candidate
ds_meat_pot_beef_turnip,9,rare,logical_necessity,required_ingredient_profiles,"[""sources/master-archive-v1/data/normalized_source_tables/food_system/food_seasonality.csv:SEA004125""]",B,candidate
ds_meat_pot_beef_turnip,10,available,logical_necessity,required_ingredient_profiles,"[""sources/master-archive-v1/data/normalized_source_tables/food_system/food_seasonality.csv:SEA004126""]",B,candidate
ds_meat_pot_beef_turnip,11,available,logical_necessity,required_ingredient_profiles,"[""sources/master-archive-v1/data/normalized_source_tables/food_system/food_seasonality.csv:SEA004127""]",B,candidate
ds_meat_pot_beef_turnip,12,available,logical_necessity,required_ingredient_profiles,"[""sources/master-archive-v1/data/normalized_source_tables/food_system/food_seasonality.csv:SEA004128""]",B,candidate
ds_meat_pot_pork_cabbage,1,available,logical_necessity,required_ingredient_profiles,"[""sources/master-archive-v1/data/normalized_source_tables/food_system/food_seasonality.csv:SEA004129""]",B,candidate
ds_meat_pot_pork_cabbage,2,rare,logical_necessity,required_ingredient_profiles,"[""sources/master-archive-v1/data/normalized_source_tables/food_system/food_seasonality.csv:SEA004130""]",B,candidate
ds_meat_pot_pork_cabbage,3,rare,logical_necessity,required_ingredient_profiles,"[""sources/master-archive-v1/data/normalized_source_tables/food_system/food_seasonality.csv:SEA004131""]",B,candidate
ds_meat_pot_pork_cabbage,4,rare,logical_necessity,required_ingredient_profiles,"[""sources/master-archive-v1/data/normalized_source_tables/food_system/food_seasonality.csv:SEA004132""]",B,candidate
ds_meat_pot_pork_cabbage,5,rare,logical_necessity,required_ingredient_profiles,"[""sources/master-archive-v1/data/normalized_source_tables/food_system/food_seasonality.csv:SEA004133""]",B,candidate
ds_meat_pot_pork_cabbage,6,rare,logical_necessity,required_ingredient_profiles,"[""sources/master-archive-v1/data/normalized_source_tables/food_system/food_seasonality.csv:SEA004134""]",B,candidate
ds_meat_pot_pork_cabbage,7,rare,logical_necessity,required_ingredient_profiles,"[""sources/master-archive-v1/data/normalized_source_tables/food_system/food_seasonality.csv:SEA004135""]",B,candidate
ds_meat_pot_pork_cabbage,8,rare,logical_necessity,required_ingredient_profiles,"[""sources/master-archive-v1/data/normalized_source_tables/food_system/food_seasonality.csv:SEA004136""]",B,candidate
ds_meat_pot_pork_cabbage,9,rare,logical_necessity,required_ingredient_profiles,"[""sources/master-archive-v1/data/normalized_source_tables/food_system/food_seasonality.csv:SEA004137""]",B,candidate
ds_meat_pot_pork_cabbage,10,available,logical_necessity,required_ingredient_profiles,"[""sources/master-archive-v1/data/normalized_source_tables/food_system/food_seasonality.csv:SEA004138""]",B,candidate
ds_meat_pot_pork_cabbage,11,available,logical_necessity,required_ingredient_profiles,"[""sources/master-archive-v1/data/normalized_source_tables/food_system/food_seasonality.csv:SEA004139""]",B,candidate
ds_meat_pot_pork_cabbage,12,available,logical_necessity,required_ingredient_profiles,"[""sources/master-archive-v1/data/normalized_source_tables/food_system/food_seasonality.csv:SEA004140""]",B,candidate
ds_meat_pot_mutton_onion,1,available,logical_necessity,required_ingredient_profiles,"[""sources/master-archive-v1/data/normalized_source_tables/food_system/food_seasonality.csv:SEA004141""]",B,candidate
ds_meat_pot_mutton_onion,2,rare,logical_necessity,required_ingredient_profiles,"[""sources/master-archive-v1/data/normalized_source_tables/food_system/food_seasonality.csv:SEA004142""]",B,candidate
ds_meat_pot_mutton_onion,3,rare,logical_necessity,required_ingredient_profiles,"[""sources/master-archive-v1/data/normalized_source_tables/food_system/food_seasonality.csv:SEA004143""]",B,candidate
ds_meat_pot_mutton_onion,4,rare,logical_necessity,required_ingredient_profiles,"[""sources/master-archive-v1/data/normalized_source_tables/food_system/food_seasonality.csv:SEA004144""]",B,candidate
ds_meat_pot_mutton_onion,5,rare,logical_necessity,required_ingredient_profiles,"[""sources/master-archive-v1/data/normalized_source_tables/food_system/food_seasonality.csv:SEA004145""]",B,candidate
ds_meat_pot_mutton_onion,6,rare,logical_necessity,required_ingredient_profiles,"[""sources/master-archive-v1/data/normalized_source_tables/food_system/food_seasonality.csv:SEA004146""]",B,candidate
ds_meat_pot_mutton_onion,7,rare,logical_necessity,required_ingredient_profiles,"[""sources/master-archive-v1/data/normalized_source_tables/food_system/food_seasonality.csv:SEA004147""]",B,candidate
ds_meat_pot_mutton_onion,8,rare,logical_necessity,required_ingredient_profiles,"[""sources/master-archive-v1/data/normalized_source_tables/food_system/food_seasonality.csv:SEA004148""]",B,candidate
ds_meat_pot_mutton_onion,9,rare,logical_necessity,required_ingredient_profiles,"[""sources/master-archive-v1/data/normalized_source_tables/food_system/food_seasonality.csv:SEA004149""]",B,candidate
ds_meat_pot_mutton_onion,10,available,logical_necessity,required_ingredient_profiles,"[""sources/master-archive-v1/data/normalized_source_tables/food_system/food_seasonality.csv:SEA004150""]",B,candidate
ds_meat_pot_mutton_onion,11,available,logical_necessity,required_ingredient_profiles,"[""sources/master-archive-v1/data/normalized_source_tables/food_system/food_seasonality.csv:SEA004151""]",B,candidate
ds_meat_pot_mutton_onion,12,available,logical_necessity,required_ingredient_profiles,"[""sources/master-archive-v1/data/normalized_source_tables/food_system/food_seasonality.csv:SEA004152""]",B,candidate
ds_meat_pot_chicken_barley,1,available,logical_necessity,required_ingredient_profiles,"[""sources/master-archive-v1/data/normalized_source_tables/food_system/food_seasonality.csv:SEA004153""]",B,candidate
ds_meat_pot_chicken_barley,2,available,logical_necessity,required_ingredient_profiles,"[""sources/master-archive-v1/data/normalized_source_tables/food_system/food_seasonality.csv:SEA004154""]",B,candidate
ds_meat_pot_chicken_barley,3,available,logical_necessity,required_ingredient_profiles,"[""sources/master-archive-v1/data/normalized_source_tables/food_system/food_seasonality.csv:SEA004155""]",B,candidate
ds_meat_pot_chicken_barley,4,available,logical_necessity,required_ingredient_profiles,"[""sources/master-archive-v1/data/normalized_source_tables/food_system/food_seasonality.csv:SEA004156""]",B,candidate
ds_meat_pot_chicken_barley,5,available,logical_necessity,required_ingredient_profiles,"[""sources/master-archive-v1/data/normalized_source_tables/food_system/food_seasonality.csv:SEA004157""]",B,candidate
ds_meat_pot_chicken_barley,6,available,logical_necessity,required_ingredient_profiles,"[""sources/master-archive-v1/data/normalized_source_tables/food_system/food_seasonality.csv:SEA004158""]",B,candidate
ds_meat_pot_chicken_barley,7,available,logical_necessity,required_ingredient_profiles,"[""sources/master-archive-v1/data/normalized_source_tables/food_system/food_seasonality.csv:SEA004159""]",B,candidate
ds_meat_pot_chicken_barley,8,available,logical_necessity,required_ingredient_profiles,"[""sources/master-archive-v1/data/normalized_source_tables/food_system/food_seasonality.csv:SEA004160""]",B,candidate
ds_meat_pot_chicken_barley,9,available,logical_necessity,required_ingredient_profiles,"[""sources/master-archive-v1/data/normalized_source_tables/food_system/food_seasonality.csv:SEA004161""]",B,candidate
ds_meat_pot_chicken_barley,10,available,logical_necessity,required_ingredient_profiles,"[""sources/master-archive-v1/data/normalized_source_tables/food_system/food_seasonality.csv:SEA004162""]",B,candidate
ds_meat_pot_chicken_barley,11,available,logical_necessity,required_ingredient_profiles,"[""sources/master-archive-v1/data/normalized_source_tables/food_system/food_seasonality.csv:SEA004163""]",B,candidate
ds_meat_pot_chicken_barley,12,available,logical_necessity,required_ingredient_profiles,"[""sources/master-archive-v1/data/normalized_source_tables/food_system/food_seasonality.csv:SEA004164""]",B,candidate
ds_meat_pot_goose_millet,1,rare,logical_necessity,required_ingredient_profiles,"[""sources/master-archive-v1/data/normalized_source_tables/food_system/food_seasonality.csv:SEA004165""]",B,candidate
ds_meat_pot_goose_millet,2,rare,logical_necessity,required_ingredient_profiles,"[""sources/master-archive-v1/data/normalized_source_tables/food_system/food_seasonality.csv:SEA004166""]",B,candidate
ds_meat_pot_goose_millet,3,rare,logical_necessity,required_ingredient_profiles,"[""sources/master-archive-v1/data/normalized_source_tables/food_system/food_seasonality.csv:SEA004167""]",B,candidate
ds_meat_pot_goose_millet,4,rare,logical_necessity,required_ingredient_profiles,"[""sources/master-archive-v1/data/normalized_source_tables/food_system/food_seasonality.csv:SEA004168""]",B,candidate
ds_meat_pot_goose_millet,5,rare,logical_necessity,required_ingredient_profiles,"[""sources/master-archive-v1/data/normalized_source_tables/food_system/food_seasonality.csv:SEA004169""]",B,candidate
ds_meat_pot_goose_millet,6,rare,logical_necessity,required_ingredient_profiles,"[""sources/master-archive-v1/data/normalized_source_tables/food_system/food_seasonality.csv:SEA004170""]",B,candidate
ds_meat_pot_goose_millet,7,rare,logical_necessity,required_ingredient_profiles,"[""sources/master-archive-v1/data/normalized_source_tables/food_system/food_seasonality.csv:SEA004171""]",B,candidate
ds_meat_pot_goose_millet,8,rare,logical_necessity,required_ingredient_profiles,"[""sources/master-archive-v1/data/normalized_source_tables/food_system/food_seasonality.csv:SEA004172""]",B,candidate
ds_meat_pot_goose_millet,9,available,logical_necessity,required_ingredient_profiles,"[""sources/master-archive-v1/data/normalized_source_tables/food_system/food_seasonality.csv:SEA004173""]",B,candidate
ds_meat_pot_goose_millet,10,available,logical_necessity,required_ingredient_profiles,"[""sources/master-archive-v1/data/normalized_source_tables/food_system/food_seasonality.csv:SEA004174""]",B,candidate
ds_meat_pot_goose_millet,11,available,logical_necessity,required_ingredient_profiles,"[""sources/master-archive-v1/data/normalized_source_tables/food_system/food_seasonality.csv:SEA004175""]",B,candidate
ds_meat_pot_goose_millet,12,rare,logical_necessity,required_ingredient_profiles,"[""sources/master-archive-v1/data/normalized_source_tables/food_system/food_seasonality.csv:SEA004176""]",B,candidate
ds_meat_pot_hare_rye,1,available,logical_necessity,required_ingredient_profiles,"[""sources/master-archive-v1/data/normalized_source_tables/food_system/food_seasonality.csv:SEA004177""]",B,candidate
ds_meat_pot_hare_rye,2,available,logical_necessity,required_ingredient_profiles,"[""sources/master-archive-v1/data/normalized_source_tables/food_system/food_seasonality.csv:SEA004178""]",B,candidate
ds_meat_pot_hare_rye,3,rare,logical_necessity,required_ingredient_profiles,"[""sources/master-archive-v1/data/normalized_source_tables/food_system/food_seasonality.csv:SEA004179""]",B,candidate
ds_meat_pot_hare_rye,4,rare,logical_necessity,required_ingredient_profiles,"[""sources/master-archive-v1/data/normalized_source_tables/food_system/food_seasonality.csv:SEA004180""]",B,candidate
ds_meat_pot_hare_rye,5,rare,logical_necessity,required_ingredient_profiles,"[""sources/master-archive-v1/data/normalized_source_tables/food_system/food_seasonality.csv:SEA004181""]",B,candidate
ds_meat_pot_hare_rye,6,rare,logical_necessity,required_ingredient_profiles,"[""sources/master-archive-v1/data/normalized_source_tables/food_system/food_seasonality.csv:SEA004182""]",B,candidate
ds_meat_pot_hare_rye,7,rare,logical_necessity,required_ingredient_profiles,"[""sources/master-archive-v1/data/normalized_source_tables/food_system/food_seasonality.csv:SEA004183""]",B,candidate
ds_meat_pot_hare_rye,8,rare,logical_necessity,required_ingredient_profiles,"[""sources/master-archive-v1/data/normalized_source_tables/food_system/food_seasonality.csv:SEA004184""]",B,candidate
ds_meat_pot_hare_rye,9,available,logical_necessity,required_ingredient_profiles,"[""sources/master-archive-v1/data/normalized_source_tables/food_system/food_seasonality.csv:SEA004185""]",B,candidate
ds_meat_pot_hare_rye,10,available,logical_necessity,required_ingredient_profiles,"[""sources/master-archive-v1/data/normalized_source_tables/food_system/food_seasonality.csv:SEA004186""]",B,candidate
ds_meat_pot_hare_rye,11,available,logical_necessity,required_ingredient_profiles,"[""sources/master-archive-v1/data/normalized_source_tables/food_system/food_seasonality.csv:SEA004187""]",B,candidate
ds_meat_pot_hare_rye,12,available,logical_necessity,required_ingredient_profiles,"[""sources/master-archive-v1/data/normalized_source_tables/food_system/food_seasonality.csv:SEA004188""]",B,candidate
ds_meat_pot_elk_turnip,1,available,logical_necessity,required_ingredient_profiles,"[""sources/master-archive-v1/data/normalized_source_tables/food_system/food_seasonality.csv:SEA004189""]",B,candidate
ds_meat_pot_elk_turnip,2,available,logical_necessity,required_ingredient_profiles,"[""sources/master-archive-v1/data/normalized_source_tables/food_system/food_seasonality.csv:SEA004190""]",B,candidate
ds_meat_pot_elk_turnip,3,rare,logical_necessity,required_ingredient_profiles,"[""sources/master-archive-v1/data/normalized_source_tables/food_system/food_seasonality.csv:SEA004191""]",B,candidate
ds_meat_pot_elk_turnip,4,rare,logical_necessity,required_ingredient_profiles,"[""sources/master-archive-v1/data/normalized_source_tables/food_system/food_seasonality.csv:SEA004192""]",B,candidate
ds_meat_pot_elk_turnip,5,rare,logical_necessity,required_ingredient_profiles,"[""sources/master-archive-v1/data/normalized_source_tables/food_system/food_seasonality.csv:SEA004193""]",B,candidate
ds_meat_pot_elk_turnip,6,rare,logical_necessity,required_ingredient_profiles,"[""sources/master-archive-v1/data/normalized_source_tables/food_system/food_seasonality.csv:SEA004194""]",B,candidate
ds_meat_pot_elk_turnip,7,rare,logical_necessity,required_ingredient_profiles,"[""sources/master-archive-v1/data/normalized_source_tables/food_system/food_seasonality.csv:SEA004195""]",B,candidate
ds_meat_pot_elk_turnip,8,rare,logical_necessity,required_ingredient_profiles,"[""sources/master-archive-v1/data/normalized_source_tables/food_system/food_seasonality.csv:SEA004196""]",B,candidate
ds_meat_pot_elk_turnip,9,available,logical_necessity,required_ingredient_profiles,"[""sources/master-archive-v1/data/normalized_source_tables/food_system/food_seasonality.csv:SEA004197""]",B,candidate
ds_meat_pot_elk_turnip,10,available,logical_necessity,required_ingredient_profiles,"[""sources/master-archive-v1/data/normalized_source_tables/food_system/food_seasonality.csv:SEA004198""]",B,candidate
ds_meat_pot_elk_turnip,11,available,logical_necessity,required_ingredient_profiles,"[""sources/master-archive-v1/data/normalized_source_tables/food_system/food_seasonality.csv:SEA004199""]",B,candidate
ds_meat_pot_elk_turnip,12,available,logical_necessity,required_ingredient_profiles,"[""sources/master-archive-v1/data/normalized_source_tables/food_system/food_seasonality.csv:SEA004200""]",B,candidate
ds_boil_liver,1,available,logical_necessity,required_ingredient_profiles,"[""sources/master-archive-v1/data/normalized_source_tables/food_system/food_seasonality.csv:SEA004201""]",B,candidate
ds_boil_liver,2,rare,logical_necessity,required_ingredient_profiles,"[""sources/master-archive-v1/data/normalized_source_tables/food_system/food_seasonality.csv:SEA004202""]",B,candidate
ds_boil_liver,3,rare,logical_necessity,required_ingredient_profiles,"[""sources/master-archive-v1/data/normalized_source_tables/food_system/food_seasonality.csv:SEA004203""]",B,candidate
ds_boil_liver,4,rare,logical_necessity,required_ingredient_profiles,"[""sources/master-archive-v1/data/normalized_source_tables/food_system/food_seasonality.csv:SEA004204""]",B,candidate
ds_boil_liver,5,rare,logical_necessity,required_ingredient_profiles,"[""sources/master-archive-v1/data/normalized_source_tables/food_system/food_seasonality.csv:SEA004205""]",B,candidate
ds_boil_liver,6,rare,logical_necessity,required_ingredient_profiles,"[""sources/master-archive-v1/data/normalized_source_tables/food_system/food_seasonality.csv:SEA004206""]",B,candidate
ds_boil_liver,7,rare,logical_necessity,required_ingredient_profiles,"[""sources/master-archive-v1/data/normalized_source_tables/food_system/food_seasonality.csv:SEA004207""]",B,candidate
ds_boil_liver,8,rare,logical_necessity,required_ingredient_profiles,"[""sources/master-archive-v1/data/normalized_source_tables/food_system/food_seasonality.csv:SEA004208""]",B,candidate
ds_boil_liver,9,rare,logical_necessity,required_ingredient_profiles,"[""sources/master-archive-v1/data/normalized_source_tables/food_system/food_seasonality.csv:SEA004209""]",B,candidate
ds_boil_liver,10,available,logical_necessity,required_ingredient_profiles,"[""sources/master-archive-v1/data/normalized_source_tables/food_system/food_seasonality.csv:SEA004210""]",B,candidate
ds_boil_liver,11,available,logical_necessity,required_ingredient_profiles,"[""sources/master-archive-v1/data/normalized_source_tables/food_system/food_seasonality.csv:SEA004211""]",B,candidate
ds_boil_liver,12,available,logical_necessity,required_ingredient_profiles,"[""sources/master-archive-v1/data/normalized_source_tables/food_system/food_seasonality.csv:SEA004212""]",B,candidate
ds_boil_heart,1,available,logical_necessity,required_ingredient_profiles,"[""sources/master-archive-v1/data/normalized_source_tables/food_system/food_seasonality.csv:SEA004213""]",B,candidate
ds_boil_heart,2,rare,logical_necessity,required_ingredient_profiles,"[""sources/master-archive-v1/data/normalized_source_tables/food_system/food_seasonality.csv:SEA004214""]",B,candidate
ds_boil_heart,3,rare,logical_necessity,required_ingredient_profiles,"[""sources/master-archive-v1/data/normalized_source_tables/food_system/food_seasonality.csv:SEA004215""]",B,candidate
ds_boil_heart,4,rare,logical_necessity,required_ingredient_profiles,"[""sources/master-archive-v1/data/normalized_source_tables/food_system/food_seasonality.csv:SEA004216""]",B,candidate
ds_boil_heart,5,rare,logical_necessity,required_ingredient_profiles,"[""sources/master-archive-v1/data/normalized_source_tables/food_system/food_seasonality.csv:SEA004217""]",B,candidate
ds_boil_heart,6,rare,logical_necessity,required_ingredient_profiles,"[""sources/master-archive-v1/data/normalized_source_tables/food_system/food_seasonality.csv:SEA004218""]",B,candidate
ds_boil_heart,7,rare,logical_necessity,required_ingredient_profiles,"[""sources/master-archive-v1/data/normalized_source_tables/food_system/food_seasonality.csv:SEA004219""]",B,candidate
ds_boil_heart,8,rare,logical_necessity,required_ingredient_profiles,"[""sources/master-archive-v1/data/normalized_source_tables/food_system/food_seasonality.csv:SEA004220""]",B,candidate
ds_boil_heart,9,rare,logical_necessity,required_ingredient_profiles,"[""sources/master-archive-v1/data/normalized_source_tables/food_system/food_seasonality.csv:SEA004221""]",B,candidate
ds_boil_heart,10,available,logical_necessity,required_ingredient_profiles,"[""sources/master-archive-v1/data/normalized_source_tables/food_system/food_seasonality.csv:SEA004222""]",B,candidate
ds_boil_heart,11,available,logical_necessity,required_ingredient_profiles,"[""sources/master-archive-v1/data/normalized_source_tables/food_system/food_seasonality.csv:SEA004223""]",B,candidate
ds_boil_heart,12,available,logical_necessity,required_ingredient_profiles,"[""sources/master-archive-v1/data/normalized_source_tables/food_system/food_seasonality.csv:SEA004224""]",B,candidate
ds_boil_tongue,1,available,logical_necessity,required_ingredient_profiles,"[""sources/master-archive-v1/data/normalized_source_tables/food_system/food_seasonality.csv:SEA004225""]",B,candidate
ds_boil_tongue,2,rare,logical_necessity,required_ingredient_profiles,"[""sources/master-archive-v1/data/normalized_source_tables/food_system/food_seasonality.csv:SEA004226""]",B,candidate
ds_boil_tongue,3,rare,logical_necessity,required_ingredient_profiles,"[""sources/master-archive-v1/data/normalized_source_tables/food_system/food_seasonality.csv:SEA004227""]",B,candidate
ds_boil_tongue,4,rare,logical_necessity,required_ingredient_profiles,"[""sources/master-archive-v1/data/normalized_source_tables/food_system/food_seasonality.csv:SEA004228""]",B,candidate
ds_boil_tongue,5,rare,logical_necessity,required_ingredient_profiles,"[""sources/master-archive-v1/data/normalized_source_tables/food_system/food_seasonality.csv:SEA004229""]",B,candidate
ds_boil_tongue,6,rare,logical_necessity,required_ingredient_profiles,"[""sources/master-archive-v1/data/normalized_source_tables/food_system/food_seasonality.csv:SEA004230""]",B,candidate
ds_boil_tongue,7,rare,logical_necessity,required_ingredient_profiles,"[""sources/master-archive-v1/data/normalized_source_tables/food_system/food_seasonality.csv:SEA004231""]",B,candidate
ds_boil_tongue,8,rare,logical_necessity,required_ingredient_profiles,"[""sources/master-archive-v1/data/normalized_source_tables/food_system/food_seasonality.csv:SEA004232""]",B,candidate
ds_boil_tongue,9,rare,logical_necessity,required_ingredient_profiles,"[""sources/master-archive-v1/data/normalized_source_tables/food_system/food_seasonality.csv:SEA004233""]",B,candidate
ds_boil_tongue,10,available,logical_necessity,required_ingredient_profiles,"[""sources/master-archive-v1/data/normalized_source_tables/food_system/food_seasonality.csv:SEA004234""]",B,candidate
ds_boil_tongue,11,available,logical_necessity,required_ingredient_profiles,"[""sources/master-archive-v1/data/normalized_source_tables/food_system/food_seasonality.csv:SEA004235""]",B,candidate
ds_boil_tongue,12,available,logical_necessity,required_ingredient_profiles,"[""sources/master-archive-v1/data/normalized_source_tables/food_system/food_seasonality.csv:SEA004236""]",B,candidate
ds_boil_kidney,1,available,logical_necessity,required_ingredient_profiles,"[""sources/master-archive-v1/data/normalized_source_tables/food_system/food_seasonality.csv:SEA004237""]",C,candidate
ds_boil_kidney,2,rare,logical_necessity,required_ingredient_profiles,"[""sources/master-archive-v1/data/normalized_source_tables/food_system/food_seasonality.csv:SEA004238""]",C,candidate
ds_boil_kidney,3,rare,logical_necessity,required_ingredient_profiles,"[""sources/master-archive-v1/data/normalized_source_tables/food_system/food_seasonality.csv:SEA004239""]",C,candidate
ds_boil_kidney,4,rare,logical_necessity,required_ingredient_profiles,"[""sources/master-archive-v1/data/normalized_source_tables/food_system/food_seasonality.csv:SEA004240""]",C,candidate
ds_boil_kidney,5,rare,logical_necessity,required_ingredient_profiles,"[""sources/master-archive-v1/data/normalized_source_tables/food_system/food_seasonality.csv:SEA004241""]",C,candidate
ds_boil_kidney,6,rare,logical_necessity,required_ingredient_profiles,"[""sources/master-archive-v1/data/normalized_source_tables/food_system/food_seasonality.csv:SEA004242""]",C,candidate
ds_boil_kidney,7,rare,logical_necessity,required_ingredient_profiles,"[""sources/master-archive-v1/data/normalized_source_tables/food_system/food_seasonality.csv:SEA004243""]",C,candidate
ds_boil_kidney,8,rare,logical_necessity,required_ingredient_profiles,"[""sources/master-archive-v1/data/normalized_source_tables/food_system/food_seasonality.csv:SEA004244""]",C,candidate
ds_boil_kidney,9,rare,logical_necessity,required_ingredient_profiles,"[""sources/master-archive-v1/data/normalized_source_tables/food_system/food_seasonality.csv:SEA004245""]",C,candidate
ds_boil_kidney,10,available,logical_necessity,required_ingredient_profiles,"[""sources/master-archive-v1/data/normalized_source_tables/food_system/food_seasonality.csv:SEA004246""]",C,candidate
ds_boil_kidney,11,available,logical_necessity,required_ingredient_profiles,"[""sources/master-archive-v1/data/normalized_source_tables/food_system/food_seasonality.csv:SEA004247""]",C,candidate
ds_boil_kidney,12,available,logical_necessity,required_ingredient_profiles,"[""sources/master-archive-v1/data/normalized_source_tables/food_system/food_seasonality.csv:SEA004248""]",C,candidate
ds_salt_meat_dry,1,available,logical_necessity,required_ingredient_profiles,"[""sources/master-archive-v1/data/normalized_source_tables/food_system/food_seasonality.csv:SEA004249""]",B,candidate
ds_salt_meat_dry,2,rare,logical_necessity,required_ingredient_profiles,"[""sources/master-archive-v1/data/normalized_source_tables/food_system/food_seasonality.csv:SEA004250""]",B,candidate
ds_salt_meat_dry,3,rare,logical_necessity,required_ingredient_profiles,"[""sources/master-archive-v1/data/normalized_source_tables/food_system/food_seasonality.csv:SEA004251""]",B,candidate
ds_salt_meat_dry,4,rare,logical_necessity,required_ingredient_profiles,"[""sources/master-archive-v1/data/normalized_source_tables/food_system/food_seasonality.csv:SEA004252""]",B,candidate
ds_salt_meat_dry,5,rare,logical_necessity,required_ingredient_profiles,"[""sources/master-archive-v1/data/normalized_source_tables/food_system/food_seasonality.csv:SEA004253""]",B,candidate
ds_salt_meat_dry,6,rare,logical_necessity,required_ingredient_profiles,"[""sources/master-archive-v1/data/normalized_source_tables/food_system/food_seasonality.csv:SEA004254""]",B,candidate
ds_salt_meat_dry,7,rare,logical_necessity,required_ingredient_profiles,"[""sources/master-archive-v1/data/normalized_source_tables/food_system/food_seasonality.csv:SEA004255""]",B,candidate
ds_salt_meat_dry,8,rare,logical_necessity,required_ingredient_profiles,"[""sources/master-archive-v1/data/normalized_source_tables/food_system/food_seasonality.csv:SEA004256""]",B,candidate
ds_salt_meat_dry,9,rare,logical_necessity,required_ingredient_profiles,"[""sources/master-archive-v1/data/normalized_source_tables/food_system/food_seasonality.csv:SEA004257""]",B,candidate
ds_salt_meat_dry,10,available,logical_necessity,required_ingredient_profiles,"[""sources/master-archive-v1/data/normalized_source_tables/food_system/food_seasonality.csv:SEA004258""]",B,candidate
ds_salt_meat_dry,11,available,logical_necessity,required_ingredient_profiles,"[""sources/master-archive-v1/data/normalized_source_tables/food_system/food_seasonality.csv:SEA004259""]",B,candidate
ds_salt_meat_dry,12,available,logical_necessity,required_ingredient_profiles,"[""sources/master-archive-v1/data/normalized_source_tables/food_system/food_seasonality.csv:SEA004260""]",B,candidate
ds_dry_meat_strips_cautious,1,available,logical_necessity,required_ingredient_profiles,"[""sources/master-archive-v1/data/normalized_source_tables/food_system/food_seasonality.csv:SEA004261""]",C,candidate
ds_dry_meat_strips_cautious,2,rare,logical_necessity,required_ingredient_profiles,"[""sources/master-archive-v1/data/normalized_source_tables/food_system/food_seasonality.csv:SEA004262""]",C,candidate
ds_dry_meat_strips_cautious,3,rare,logical_necessity,required_ingredient_profiles,"[""sources/master-archive-v1/data/normalized_source_tables/food_system/food_seasonality.csv:SEA004263""]",C,candidate
ds_dry_meat_strips_cautious,4,rare,logical_necessity,required_ingredient_profiles,"[""sources/master-archive-v1/data/normalized_source_tables/food_system/food_seasonality.csv:SEA004264""]",C,candidate
ds_dry_meat_strips_cautious,5,rare,logical_necessity,required_ingredient_profiles,"[""sources/master-archive-v1/data/normalized_source_tables/food_system/food_seasonality.csv:SEA004265""]",C,candidate
ds_dry_meat_strips_cautious,6,rare,logical_necessity,required_ingredient_profiles,"[""sources/master-archive-v1/data/normalized_source_tables/food_system/food_seasonality.csv:SEA004266""]",C,candidate
ds_dry_meat_strips_cautious,7,rare,logical_necessity,required_ingredient_profiles,"[""sources/master-archive-v1/data/normalized_source_tables/food_system/food_seasonality.csv:SEA004267""]",C,candidate
ds_dry_meat_strips_cautious,8,rare,logical_necessity,required_ingredient_profiles,"[""sources/master-archive-v1/data/normalized_source_tables/food_system/food_seasonality.csv:SEA004268""]",C,candidate
ds_dry_meat_strips_cautious,9,rare,logical_necessity,required_ingredient_profiles,"[""sources/master-archive-v1/data/normalized_source_tables/food_system/food_seasonality.csv:SEA004269""]",C,candidate
ds_dry_meat_strips_cautious,10,available,logical_necessity,required_ingredient_profiles,"[""sources/master-archive-v1/data/normalized_source_tables/food_system/food_seasonality.csv:SEA004270""]",C,candidate
ds_dry_meat_strips_cautious,11,available,logical_necessity,required_ingredient_profiles,"[""sources/master-archive-v1/data/normalized_source_tables/food_system/food_seasonality.csv:SEA004271""]",C,candidate
ds_dry_meat_strips_cautious,12,available,logical_necessity,required_ingredient_profiles,"[""sources/master-archive-v1/data/normalized_source_tables/food_system/food_seasonality.csv:SEA004272""]",C,candidate
ds_gut_fish,1,conditional,logical_necessity,required_ingredient_profiles,"[""sources/master-archive-v1/data/normalized_source_tables/food_system/food_seasonality.csv:SEA004273""]",A,candidate
ds_gut_fish,2,conditional,logical_necessity,required_ingredient_profiles,"[""sources/master-archive-v1/data/normalized_source_tables/food_system/food_seasonality.csv:SEA004274""]",A,candidate
ds_gut_fish,3,conditional,logical_necessity,required_ingredient_profiles,"[""sources/master-archive-v1/data/normalized_source_tables/food_system/food_seasonality.csv:SEA004275""]",A,candidate
ds_gut_fish,4,conditional,logical_necessity,required_ingredient_profiles,"[""sources/master-archive-v1/data/normalized_source_tables/food_system/food_seasonality.csv:SEA004276""]",A,candidate
ds_gut_fish,5,conditional,logical_necessity,required_ingredient_profiles,"[""sources/master-archive-v1/data/normalized_source_tables/food_system/food_seasonality.csv:SEA004277""]",A,candidate
ds_gut_fish,6,conditional,logical_necessity,required_ingredient_profiles,"[""sources/master-archive-v1/data/normalized_source_tables/food_system/food_seasonality.csv:SEA004278""]",A,candidate
ds_gut_fish,7,conditional,logical_necessity,required_ingredient_profiles,"[""sources/master-archive-v1/data/normalized_source_tables/food_system/food_seasonality.csv:SEA004279""]",A,candidate
ds_gut_fish,8,conditional,logical_necessity,required_ingredient_profiles,"[""sources/master-archive-v1/data/normalized_source_tables/food_system/food_seasonality.csv:SEA004280""]",A,candidate
ds_gut_fish,9,conditional,logical_necessity,required_ingredient_profiles,"[""sources/master-archive-v1/data/normalized_source_tables/food_system/food_seasonality.csv:SEA004281""]",A,candidate
ds_gut_fish,10,conditional,logical_necessity,required_ingredient_profiles,"[""sources/master-archive-v1/data/normalized_source_tables/food_system/food_seasonality.csv:SEA004282""]",A,candidate
ds_gut_fish,11,conditional,logical_necessity,required_ingredient_profiles,"[""sources/master-archive-v1/data/normalized_source_tables/food_system/food_seasonality.csv:SEA004283""]",A,candidate
ds_gut_fish,12,conditional,logical_necessity,required_ingredient_profiles,"[""sources/master-archive-v1/data/normalized_source_tables/food_system/food_seasonality.csv:SEA004284""]",A,candidate
ds_fish_boil_generic,1,conditional,logical_necessity,required_ingredient_profiles,"[""sources/master-archive-v1/data/normalized_source_tables/food_system/food_seasonality.csv:SEA004285""]",B,candidate
ds_fish_boil_generic,2,conditional,logical_necessity,required_ingredient_profiles,"[""sources/master-archive-v1/data/normalized_source_tables/food_system/food_seasonality.csv:SEA004286""]",B,candidate
ds_fish_boil_generic,3,conditional,logical_necessity,required_ingredient_profiles,"[""sources/master-archive-v1/data/normalized_source_tables/food_system/food_seasonality.csv:SEA004287""]",B,candidate
ds_fish_boil_generic,4,conditional,logical_necessity,required_ingredient_profiles,"[""sources/master-archive-v1/data/normalized_source_tables/food_system/food_seasonality.csv:SEA004288""]",B,candidate
ds_fish_boil_generic,5,conditional,logical_necessity,required_ingredient_profiles,"[""sources/master-archive-v1/data/normalized_source_tables/food_system/food_seasonality.csv:SEA004289""]",B,candidate
ds_fish_boil_generic,6,conditional,logical_necessity,required_ingredient_profiles,"[""sources/master-archive-v1/data/normalized_source_tables/food_system/food_seasonality.csv:SEA004290""]",B,candidate
ds_fish_boil_generic,7,conditional,logical_necessity,required_ingredient_profiles,"[""sources/master-archive-v1/data/normalized_source_tables/food_system/food_seasonality.csv:SEA004291""]",B,candidate
ds_fish_boil_generic,8,conditional,logical_necessity,required_ingredient_profiles,"[""sources/master-archive-v1/data/normalized_source_tables/food_system/food_seasonality.csv:SEA004292""]",B,candidate
ds_fish_boil_generic,9,conditional,logical_necessity,required_ingredient_profiles,"[""sources/master-archive-v1/data/normalized_source_tables/food_system/food_seasonality.csv:SEA004293""]",B,candidate
ds_fish_boil_generic,10,conditional,logical_necessity,required_ingredient_profiles,"[""sources/master-archive-v1/data/normalized_source_tables/food_system/food_seasonality.csv:SEA004294""]",B,candidate
ds_fish_boil_generic,11,conditional,logical_necessity,required_ingredient_profiles,"[""sources/master-archive-v1/data/normalized_source_tables/food_system/food_seasonality.csv:SEA004295""]",B,candidate
ds_fish_boil_generic,12,conditional,logical_necessity,required_ingredient_profiles,"[""sources/master-archive-v1/data/normalized_source_tables/food_system/food_seasonality.csv:SEA004296""]",B,candidate
ds_fish_bake_pot_generic,1,conditional,logical_necessity,required_ingredient_profiles,"[""sources/master-archive-v1/data/normalized_source_tables/food_system/food_seasonality.csv:SEA004297""]",B,candidate
ds_fish_bake_pot_generic,2,conditional,logical_necessity,required_ingredient_profiles,"[""sources/master-archive-v1/data/normalized_source_tables/food_system/food_seasonality.csv:SEA004298""]",B,candidate
ds_fish_bake_pot_generic,3,conditional,logical_necessity,required_ingredient_profiles,"[""sources/master-archive-v1/data/normalized_source_tables/food_system/food_seasonality.csv:SEA004299""]",B,candidate
ds_fish_bake_pot_generic,4,conditional,logical_necessity,required_ingredient_profiles,"[""sources/master-archive-v1/data/normalized_source_tables/food_system/food_seasonality.csv:SEA004300""]",B,candidate
ds_fish_bake_pot_generic,5,conditional,logical_necessity,required_ingredient_profiles,"[""sources/master-archive-v1/data/normalized_source_tables/food_system/food_seasonality.csv:SEA004301""]",B,candidate
ds_fish_bake_pot_generic,6,conditional,logical_necessity,required_ingredient_profiles,"[""sources/master-archive-v1/data/normalized_source_tables/food_system/food_seasonality.csv:SEA004302""]",B,candidate
ds_fish_bake_pot_generic,7,conditional,logical_necessity,required_ingredient_profiles,"[""sources/master-archive-v1/data/normalized_source_tables/food_system/food_seasonality.csv:SEA004303""]",B,candidate
ds_fish_bake_pot_generic,8,conditional,logical_necessity,required_ingredient_profiles,"[""sources/master-archive-v1/data/normalized_source_tables/food_system/food_seasonality.csv:SEA004304""]",B,candidate
ds_fish_bake_pot_generic,9,conditional,logical_necessity,required_ingredient_profiles,"[""sources/master-archive-v1/data/normalized_source_tables/food_system/food_seasonality.csv:SEA004305""]",B,candidate
ds_fish_bake_pot_generic,10,conditional,logical_necessity,required_ingredient_profiles,"[""sources/master-archive-v1/data/normalized_source_tables/food_system/food_seasonality.csv:SEA004306""]",B,candidate
ds_fish_bake_pot_generic,11,conditional,logical_necessity,required_ingredient_profiles,"[""sources/master-archive-v1/data/normalized_source_tables/food_system/food_seasonality.csv:SEA004307""]",B,candidate
ds_fish_bake_pot_generic,12,conditional,logical_necessity,required_ingredient_profiles,"[""sources/master-archive-v1/data/normalized_source_tables/food_system/food_seasonality.csv:SEA004308""]",B,candidate
ds_fish_coals_cautious,1,conditional,logical_necessity,required_ingredient_profiles,"[""sources/master-archive-v1/data/normalized_source_tables/food_system/food_seasonality.csv:SEA004309""]",C,candidate
ds_fish_coals_cautious,2,conditional,logical_necessity,required_ingredient_profiles,"[""sources/master-archive-v1/data/normalized_source_tables/food_system/food_seasonality.csv:SEA004310""]",C,candidate
ds_fish_coals_cautious,3,conditional,logical_necessity,required_ingredient_profiles,"[""sources/master-archive-v1/data/normalized_source_tables/food_system/food_seasonality.csv:SEA004311""]",C,candidate
ds_fish_coals_cautious,4,conditional,logical_necessity,required_ingredient_profiles,"[""sources/master-archive-v1/data/normalized_source_tables/food_system/food_seasonality.csv:SEA004312""]",C,candidate
ds_fish_coals_cautious,5,conditional,logical_necessity,required_ingredient_profiles,"[""sources/master-archive-v1/data/normalized_source_tables/food_system/food_seasonality.csv:SEA004313""]",C,candidate
ds_fish_coals_cautious,6,conditional,logical_necessity,required_ingredient_profiles,"[""sources/master-archive-v1/data/normalized_source_tables/food_system/food_seasonality.csv:SEA004314""]",C,candidate
ds_fish_coals_cautious,7,conditional,logical_necessity,required_ingredient_profiles,"[""sources/master-archive-v1/data/normalized_source_tables/food_system/food_seasonality.csv:SEA004315""]",C,candidate
ds_fish_coals_cautious,8,conditional,logical_necessity,required_ingredient_profiles,"[""sources/master-archive-v1/data/normalized_source_tables/food_system/food_seasonality.csv:SEA004316""]",C,candidate
ds_fish_coals_cautious,9,conditional,logical_necessity,required_ingredient_profiles,"[""sources/master-archive-v1/data/normalized_source_tables/food_system/food_seasonality.csv:SEA004317""]",C,candidate
ds_fish_coals_cautious,10,conditional,logical_necessity,required_ingredient_profiles,"[""sources/master-archive-v1/data/normalized_source_tables/food_system/food_seasonality.csv:SEA004318""]",C,candidate
ds_fish_coals_cautious,11,conditional,logical_necessity,required_ingredient_profiles,"[""sources/master-archive-v1/data/normalized_source_tables/food_system/food_seasonality.csv:SEA004319""]",C,candidate
ds_fish_coals_cautious,12,conditional,logical_necessity,required_ingredient_profiles,"[""sources/master-archive-v1/data/normalized_source_tables/food_system/food_seasonality.csv:SEA004320""]",C,candidate
ds_pike_boiled,1,conditional,logical_necessity,required_ingredient_profiles,"[""sources/master-archive-v1/data/normalized_source_tables/food_system/food_seasonality.csv:SEA004321""]",B,candidate
ds_pike_boiled,2,conditional,logical_necessity,required_ingredient_profiles,"[""sources/master-archive-v1/data/normalized_source_tables/food_system/food_seasonality.csv:SEA004322""]",B,candidate
ds_pike_boiled,3,conditional,logical_necessity,required_ingredient_profiles,"[""sources/master-archive-v1/data/normalized_source_tables/food_system/food_seasonality.csv:SEA004323""]",B,candidate
ds_pike_boiled,4,conditional,logical_necessity,required_ingredient_profiles,"[""sources/master-archive-v1/data/normalized_source_tables/food_system/food_seasonality.csv:SEA004324""]",B,candidate
ds_pike_boiled,5,conditional,logical_necessity,required_ingredient_profiles,"[""sources/master-archive-v1/data/normalized_source_tables/food_system/food_seasonality.csv:SEA004325""]",B,candidate
ds_pike_boiled,6,conditional,logical_necessity,required_ingredient_profiles,"[""sources/master-archive-v1/data/normalized_source_tables/food_system/food_seasonality.csv:SEA004326""]",B,candidate
ds_pike_boiled,7,conditional,logical_necessity,required_ingredient_profiles,"[""sources/master-archive-v1/data/normalized_source_tables/food_system/food_seasonality.csv:SEA004327""]",B,candidate
ds_pike_boiled,8,conditional,logical_necessity,required_ingredient_profiles,"[""sources/master-archive-v1/data/normalized_source_tables/food_system/food_seasonality.csv:SEA004328""]",B,candidate
ds_pike_boiled,9,conditional,logical_necessity,required_ingredient_profiles,"[""sources/master-archive-v1/data/normalized_source_tables/food_system/food_seasonality.csv:SEA004329""]",B,candidate
ds_pike_boiled,10,conditional,logical_necessity,required_ingredient_profiles,"[""sources/master-archive-v1/data/normalized_source_tables/food_system/food_seasonality.csv:SEA004330""]",B,candidate
ds_pike_boiled,11,conditional,logical_necessity,required_ingredient_profiles,"[""sources/master-archive-v1/data/normalized_source_tables/food_system/food_seasonality.csv:SEA004331""]",B,candidate
ds_pike_boiled,12,conditional,logical_necessity,required_ingredient_profiles,"[""sources/master-archive-v1/data/normalized_source_tables/food_system/food_seasonality.csv:SEA004332""]",B,candidate
ds_pike_baked,1,conditional,logical_necessity,required_ingredient_profiles,"[""sources/master-archive-v1/data/normalized_source_tables/food_system/food_seasonality.csv:SEA004333""]",B,candidate
ds_pike_baked,2,conditional,logical_necessity,required_ingredient_profiles,"[""sources/master-archive-v1/data/normalized_source_tables/food_system/food_seasonality.csv:SEA004334""]",B,candidate
ds_pike_baked,3,conditional,logical_necessity,required_ingredient_profiles,"[""sources/master-archive-v1/data/normalized_source_tables/food_system/food_seasonality.csv:SEA004335""]",B,candidate
ds_pike_baked,4,conditional,logical_necessity,required_ingredient_profiles,"[""sources/master-archive-v1/data/normalized_source_tables/food_system/food_seasonality.csv:SEA004336""]",B,candidate
ds_pike_baked,5,conditional,logical_necessity,required_ingredient_profiles,"[""sources/master-archive-v1/data/normalized_source_tables/food_system/food_seasonality.csv:SEA004337""]",B,candidate
ds_pike_baked,6,conditional,logical_necessity,required_ingredient_profiles,"[""sources/master-archive-v1/data/normalized_source_tables/food_system/food_seasonality.csv:SEA004338""]",B,candidate
ds_pike_baked,7,conditional,logical_necessity,required_ingredient_profiles,"[""sources/master-archive-v1/data/normalized_source_tables/food_system/food_seasonality.csv:SEA004339""]",B,candidate
ds_pike_baked,8,conditional,logical_necessity,required_ingredient_profiles,"[""sources/master-archive-v1/data/normalized_source_tables/food_system/food_seasonality.csv:SEA004340""]",B,candidate
ds_pike_baked,9,conditional,logical_necessity,required_ingredient_profiles,"[""sources/master-archive-v1/data/normalized_source_tables/food_system/food_seasonality.csv:SEA004341""]",B,candidate
ds_pike_baked,10,conditional,logical_necessity,required_ingredient_profiles,"[""sources/master-archive-v1/data/normalized_source_tables/food_system/food_seasonality.csv:SEA004342""]",B,candidate
ds_pike_baked,11,conditional,logical_necessity,required_ingredient_profiles,"[""sources/master-archive-v1/data/normalized_source_tables/food_system/food_seasonality.csv:SEA004343""]",B,candidate
ds_pike_baked,12,conditional,logical_necessity,required_ingredient_profiles,"[""sources/master-archive-v1/data/normalized_source_tables/food_system/food_seasonality.csv:SEA004344""]",B,candidate
ds_zander_boiled,1,conditional,logical_necessity,required_ingredient_profiles,"[""sources/master-archive-v1/data/normalized_source_tables/food_system/food_seasonality.csv:SEA004345""]",B,candidate
ds_zander_boiled,2,conditional,logical_necessity,required_ingredient_profiles,"[""sources/master-archive-v1/data/normalized_source_tables/food_system/food_seasonality.csv:SEA004346""]",B,candidate
ds_zander_boiled,3,conditional,logical_necessity,required_ingredient_profiles,"[""sources/master-archive-v1/data/normalized_source_tables/food_system/food_seasonality.csv:SEA004347""]",B,candidate
ds_zander_boiled,4,conditional,logical_necessity,required_ingredient_profiles,"[""sources/master-archive-v1/data/normalized_source_tables/food_system/food_seasonality.csv:SEA004348""]",B,candidate
ds_zander_boiled,5,conditional,logical_necessity,required_ingredient_profiles,"[""sources/master-archive-v1/data/normalized_source_tables/food_system/food_seasonality.csv:SEA004349""]",B,candidate
ds_zander_boiled,6,conditional,logical_necessity,required_ingredient_profiles,"[""sources/master-archive-v1/data/normalized_source_tables/food_system/food_seasonality.csv:SEA004350""]",B,candidate
ds_zander_boiled,7,conditional,logical_necessity,required_ingredient_profiles,"[""sources/master-archive-v1/data/normalized_source_tables/food_system/food_seasonality.csv:SEA004351""]",B,candidate
ds_zander_boiled,8,conditional,logical_necessity,required_ingredient_profiles,"[""sources/master-archive-v1/data/normalized_source_tables/food_system/food_seasonality.csv:SEA004352""]",B,candidate
ds_zander_boiled,9,conditional,logical_necessity,required_ingredient_profiles,"[""sources/master-archive-v1/data/normalized_source_tables/food_system/food_seasonality.csv:SEA004353""]",B,candidate
ds_zander_boiled,10,conditional,logical_necessity,required_ingredient_profiles,"[""sources/master-archive-v1/data/normalized_source_tables/food_system/food_seasonality.csv:SEA004354""]",B,candidate
ds_zander_boiled,11,conditional,logical_necessity,required_ingredient_profiles,"[""sources/master-archive-v1/data/normalized_source_tables/food_system/food_seasonality.csv:SEA004355""]",B,candidate
ds_zander_boiled,12,conditional,logical_necessity,required_ingredient_profiles,"[""sources/master-archive-v1/data/normalized_source_tables/food_system/food_seasonality.csv:SEA004356""]",B,candidate
ds_zander_baked,1,conditional,logical_necessity,required_ingredient_profiles,"[""sources/master-archive-v1/data/normalized_source_tables/food_system/food_seasonality.csv:SEA004357""]",B,candidate
ds_zander_baked,2,conditional,logical_necessity,required_ingredient_profiles,"[""sources/master-archive-v1/data/normalized_source_tables/food_system/food_seasonality.csv:SEA004358""]",B,candidate
ds_zander_baked,3,conditional,logical_necessity,required_ingredient_profiles,"[""sources/master-archive-v1/data/normalized_source_tables/food_system/food_seasonality.csv:SEA004359""]",B,candidate
ds_zander_baked,4,conditional,logical_necessity,required_ingredient_profiles,"[""sources/master-archive-v1/data/normalized_source_tables/food_system/food_seasonality.csv:SEA004360""]",B,candidate
ds_zander_baked,5,conditional,logical_necessity,required_ingredient_profiles,"[""sources/master-archive-v1/data/normalized_source_tables/food_system/food_seasonality.csv:SEA004361""]",B,candidate
ds_zander_baked,6,conditional,logical_necessity,required_ingredient_profiles,"[""sources/master-archive-v1/data/normalized_source_tables/food_system/food_seasonality.csv:SEA004362""]",B,candidate
ds_zander_baked,7,conditional,logical_necessity,required_ingredient_profiles,"[""sources/master-archive-v1/data/normalized_source_tables/food_system/food_seasonality.csv:SEA004363""]",B,candidate
ds_zander_baked,8,conditional,logical_necessity,required_ingredient_profiles,"[""sources/master-archive-v1/data/normalized_source_tables/food_system/food_seasonality.csv:SEA004364""]",B,candidate
ds_zander_baked,9,conditional,logical_necessity,required_ingredient_profiles,"[""sources/master-archive-v1/data/normalized_source_tables/food_system/food_seasonality.csv:SEA004365""]",B,candidate
ds_zander_baked,10,conditional,logical_necessity,required_ingredient_profiles,"[""sources/master-archive-v1/data/normalized_source_tables/food_system/food_seasonality.csv:SEA004366""]",B,candidate
ds_zander_baked,11,conditional,logical_necessity,required_ingredient_profiles,"[""sources/master-archive-v1/data/normalized_source_tables/food_system/food_seasonality.csv:SEA004367""]",B,candidate
ds_zander_baked,12,conditional,logical_necessity,required_ingredient_profiles,"[""sources/master-archive-v1/data/normalized_source_tables/food_system/food_seasonality.csv:SEA004368""]",B,candidate
ds_cyprinid_boiled,1,conditional,logical_necessity,required_ingredient_profiles,"[""sources/master-archive-v1/data/normalized_source_tables/food_system/food_seasonality.csv:SEA004369""]",B,candidate
ds_cyprinid_boiled,2,conditional,logical_necessity,required_ingredient_profiles,"[""sources/master-archive-v1/data/normalized_source_tables/food_system/food_seasonality.csv:SEA004370""]",B,candidate
ds_cyprinid_boiled,3,conditional,logical_necessity,required_ingredient_profiles,"[""sources/master-archive-v1/data/normalized_source_tables/food_system/food_seasonality.csv:SEA004371""]",B,candidate
ds_cyprinid_boiled,4,conditional,logical_necessity,required_ingredient_profiles,"[""sources/master-archive-v1/data/normalized_source_tables/food_system/food_seasonality.csv:SEA004372""]",B,candidate
ds_cyprinid_boiled,5,conditional,logical_necessity,required_ingredient_profiles,"[""sources/master-archive-v1/data/normalized_source_tables/food_system/food_seasonality.csv:SEA004373""]",B,candidate
ds_cyprinid_boiled,6,conditional,logical_necessity,required_ingredient_profiles,"[""sources/master-archive-v1/data/normalized_source_tables/food_system/food_seasonality.csv:SEA004374""]",B,candidate
ds_cyprinid_boiled,7,conditional,logical_necessity,required_ingredient_profiles,"[""sources/master-archive-v1/data/normalized_source_tables/food_system/food_seasonality.csv:SEA004375""]",B,candidate
ds_cyprinid_boiled,8,conditional,logical_necessity,required_ingredient_profiles,"[""sources/master-archive-v1/data/normalized_source_tables/food_system/food_seasonality.csv:SEA004376""]",B,candidate
ds_cyprinid_boiled,9,conditional,logical_necessity,required_ingredient_profiles,"[""sources/master-archive-v1/data/normalized_source_tables/food_system/food_seasonality.csv:SEA004377""]",B,candidate
ds_cyprinid_boiled,10,conditional,logical_necessity,required_ingredient_profiles,"[""sources/master-archive-v1/data/normalized_source_tables/food_system/food_seasonality.csv:SEA004378""]",B,candidate
ds_cyprinid_boiled,11,conditional,logical_necessity,required_ingredient_profiles,"[""sources/master-archive-v1/data/normalized_source_tables/food_system/food_seasonality.csv:SEA004379""]",B,candidate
ds_cyprinid_boiled,12,conditional,logical_necessity,required_ingredient_profiles,"[""sources/master-archive-v1/data/normalized_source_tables/food_system/food_seasonality.csv:SEA004380""]",B,candidate
ds_cyprinid_baked,1,conditional,logical_necessity,required_ingredient_profiles,"[""sources/master-archive-v1/data/normalized_source_tables/food_system/food_seasonality.csv:SEA004381""]",B,candidate
ds_cyprinid_baked,2,conditional,logical_necessity,required_ingredient_profiles,"[""sources/master-archive-v1/data/normalized_source_tables/food_system/food_seasonality.csv:SEA004382""]",B,candidate
ds_cyprinid_baked,3,conditional,logical_necessity,required_ingredient_profiles,"[""sources/master-archive-v1/data/normalized_source_tables/food_system/food_seasonality.csv:SEA004383""]",B,candidate
ds_cyprinid_baked,4,conditional,logical_necessity,required_ingredient_profiles,"[""sources/master-archive-v1/data/normalized_source_tables/food_system/food_seasonality.csv:SEA004384""]",B,candidate
ds_cyprinid_baked,5,conditional,logical_necessity,required_ingredient_profiles,"[""sources/master-archive-v1/data/normalized_source_tables/food_system/food_seasonality.csv:SEA004385""]",B,candidate
ds_cyprinid_baked,6,conditional,logical_necessity,required_ingredient_profiles,"[""sources/master-archive-v1/data/normalized_source_tables/food_system/food_seasonality.csv:SEA004386""]",B,candidate
ds_cyprinid_baked,7,conditional,logical_necessity,required_ingredient_profiles,"[""sources/master-archive-v1/data/normalized_source_tables/food_system/food_seasonality.csv:SEA004387""]",B,candidate
ds_cyprinid_baked,8,conditional,logical_necessity,required_ingredient_profiles,"[""sources/master-archive-v1/data/normalized_source_tables/food_system/food_seasonality.csv:SEA004388""]",B,candidate
ds_cyprinid_baked,9,conditional,logical_necessity,required_ingredient_profiles,"[""sources/master-archive-v1/data/normalized_source_tables/food_system/food_seasonality.csv:SEA004389""]",B,candidate
ds_cyprinid_baked,10,conditional,logical_necessity,required_ingredient_profiles,"[""sources/master-archive-v1/data/normalized_source_tables/food_system/food_seasonality.csv:SEA004390""]",B,candidate
ds_cyprinid_baked,11,conditional,logical_necessity,required_ingredient_profiles,"[""sources/master-archive-v1/data/normalized_source_tables/food_system/food_seasonality.csv:SEA004391""]",B,candidate
ds_cyprinid_baked,12,conditional,logical_necessity,required_ingredient_profiles,"[""sources/master-archive-v1/data/normalized_source_tables/food_system/food_seasonality.csv:SEA004392""]",B,candidate
ds_bream_boiled,1,conditional,logical_necessity,required_ingredient_profiles,"[""sources/master-archive-v1/data/normalized_source_tables/food_system/food_seasonality.csv:SEA004393""]",B,candidate
ds_bream_boiled,2,conditional,logical_necessity,required_ingredient_profiles,"[""sources/master-archive-v1/data/normalized_source_tables/food_system/food_seasonality.csv:SEA004394""]",B,candidate
ds_bream_boiled,3,conditional,logical_necessity,required_ingredient_profiles,"[""sources/master-archive-v1/data/normalized_source_tables/food_system/food_seasonality.csv:SEA004395""]",B,candidate
ds_bream_boiled,4,conditional,logical_necessity,required_ingredient_profiles,"[""sources/master-archive-v1/data/normalized_source_tables/food_system/food_seasonality.csv:SEA004396""]",B,candidate
ds_bream_boiled,5,conditional,logical_necessity,required_ingredient_profiles,"[""sources/master-archive-v1/data/normalized_source_tables/food_system/food_seasonality.csv:SEA004397""]",B,candidate
ds_bream_boiled,6,conditional,logical_necessity,required_ingredient_profiles,"[""sources/master-archive-v1/data/normalized_source_tables/food_system/food_seasonality.csv:SEA004398""]",B,candidate
ds_bream_boiled,7,conditional,logical_necessity,required_ingredient_profiles,"[""sources/master-archive-v1/data/normalized_source_tables/food_system/food_seasonality.csv:SEA004399""]",B,candidate
ds_bream_boiled,8,conditional,logical_necessity,required_ingredient_profiles,"[""sources/master-archive-v1/data/normalized_source_tables/food_system/food_seasonality.csv:SEA004400""]",B,candidate
ds_bream_boiled,9,conditional,logical_necessity,required_ingredient_profiles,"[""sources/master-archive-v1/data/normalized_source_tables/food_system/food_seasonality.csv:SEA004401""]",B,candidate
ds_bream_boiled,10,conditional,logical_necessity,required_ingredient_profiles,"[""sources/master-archive-v1/data/normalized_source_tables/food_system/food_seasonality.csv:SEA004402""]",B,candidate
ds_bream_boiled,11,conditional,logical_necessity,required_ingredient_profiles,"[""sources/master-archive-v1/data/normalized_source_tables/food_system/food_seasonality.csv:SEA004403""]",B,candidate
ds_bream_boiled,12,conditional,logical_necessity,required_ingredient_profiles,"[""sources/master-archive-v1/data/normalized_source_tables/food_system/food_seasonality.csv:SEA004404""]",B,candidate
ds_bream_baked,1,conditional,logical_necessity,required_ingredient_profiles,"[""sources/master-archive-v1/data/normalized_source_tables/food_system/food_seasonality.csv:SEA004405""]",B,candidate
ds_bream_baked,2,conditional,logical_necessity,required_ingredient_profiles,"[""sources/master-archive-v1/data/normalized_source_tables/food_system/food_seasonality.csv:SEA004406""]",B,candidate
ds_bream_baked,3,conditional,logical_necessity,required_ingredient_profiles,"[""sources/master-archive-v1/data/normalized_source_tables/food_system/food_seasonality.csv:SEA004407""]",B,candidate
ds_bream_baked,4,conditional,logical_necessity,required_ingredient_profiles,"[""sources/master-archive-v1/data/normalized_source_tables/food_system/food_seasonality.csv:SEA004408""]",B,candidate
ds_bream_baked,5,conditional,logical_necessity,required_ingredient_profiles,"[""sources/master-archive-v1/data/normalized_source_tables/food_system/food_seasonality.csv:SEA004409""]",B,candidate
ds_bream_baked,6,conditional,logical_necessity,required_ingredient_profiles,"[""sources/master-archive-v1/data/normalized_source_tables/food_system/food_seasonality.csv:SEA004410""]",B,candidate
ds_bream_baked,7,conditional,logical_necessity,required_ingredient_profiles,"[""sources/master-archive-v1/data/normalized_source_tables/food_system/food_seasonality.csv:SEA004411""]",B,candidate
ds_bream_baked,8,conditional,logical_necessity,required_ingredient_profiles,"[""sources/master-archive-v1/data/normalized_source_tables/food_system/food_seasonality.csv:SEA004412""]",B,candidate
ds_bream_baked,9,conditional,logical_necessity,required_ingredient_profiles,"[""sources/master-archive-v1/data/normalized_source_tables/food_system/food_seasonality.csv:SEA004413""]",B,candidate
ds_bream_baked,10,conditional,logical_necessity,required_ingredient_profiles,"[""sources/master-archive-v1/data/normalized_source_tables/food_system/food_seasonality.csv:SEA004414""]",B,candidate
ds_bream_baked,11,conditional,logical_necessity,required_ingredient_profiles,"[""sources/master-archive-v1/data/normalized_source_tables/food_system/food_seasonality.csv:SEA004415""]",B,candidate
ds_bream_baked,12,conditional,logical_necessity,required_ingredient_profiles,"[""sources/master-archive-v1/data/normalized_source_tables/food_system/food_seasonality.csv:SEA004416""]",B,candidate
ds_roach_boiled,1,conditional,logical_necessity,required_ingredient_profiles,"[""sources/master-archive-v1/data/normalized_source_tables/food_system/food_seasonality.csv:SEA004417""]",B,candidate
ds_roach_boiled,2,conditional,logical_necessity,required_ingredient_profiles,"[""sources/master-archive-v1/data/normalized_source_tables/food_system/food_seasonality.csv:SEA004418""]",B,candidate
ds_roach_boiled,3,conditional,logical_necessity,required_ingredient_profiles,"[""sources/master-archive-v1/data/normalized_source_tables/food_system/food_seasonality.csv:SEA004419""]",B,candidate
ds_roach_boiled,4,conditional,logical_necessity,required_ingredient_profiles,"[""sources/master-archive-v1/data/normalized_source_tables/food_system/food_seasonality.csv:SEA004420""]",B,candidate
ds_roach_boiled,5,conditional,logical_necessity,required_ingredient_profiles,"[""sources/master-archive-v1/data/normalized_source_tables/food_system/food_seasonality.csv:SEA004421""]",B,candidate
ds_roach_boiled,6,conditional,logical_necessity,required_ingredient_profiles,"[""sources/master-archive-v1/data/normalized_source_tables/food_system/food_seasonality.csv:SEA004422""]",B,candidate
ds_roach_boiled,7,conditional,logical_necessity,required_ingredient_profiles,"[""sources/master-archive-v1/data/normalized_source_tables/food_system/food_seasonality.csv:SEA004423""]",B,candidate
ds_roach_boiled,8,conditional,logical_necessity,required_ingredient_profiles,"[""sources/master-archive-v1/data/normalized_source_tables/food_system/food_seasonality.csv:SEA004424""]",B,candidate
ds_roach_boiled,9,conditional,logical_necessity,required_ingredient_profiles,"[""sources/master-archive-v1/data/normalized_source_tables/food_system/food_seasonality.csv:SEA004425""]",B,candidate
ds_roach_boiled,10,conditional,logical_necessity,required_ingredient_profiles,"[""sources/master-archive-v1/data/normalized_source_tables/food_system/food_seasonality.csv:SEA004426""]",B,candidate
ds_roach_boiled,11,conditional,logical_necessity,required_ingredient_profiles,"[""sources/master-archive-v1/data/normalized_source_tables/food_system/food_seasonality.csv:SEA004427""]",B,candidate
ds_roach_boiled,12,conditional,logical_necessity,required_ingredient_profiles,"[""sources/master-archive-v1/data/normalized_source_tables/food_system/food_seasonality.csv:SEA004428""]",B,candidate
ds_roach_baked,1,conditional,logical_necessity,required_ingredient_profiles,"[""sources/master-archive-v1/data/normalized_source_tables/food_system/food_seasonality.csv:SEA004429""]",B,candidate
ds_roach_baked,2,conditional,logical_necessity,required_ingredient_profiles,"[""sources/master-archive-v1/data/normalized_source_tables/food_system/food_seasonality.csv:SEA004430""]",B,candidate
ds_roach_baked,3,conditional,logical_necessity,required_ingredient_profiles,"[""sources/master-archive-v1/data/normalized_source_tables/food_system/food_seasonality.csv:SEA004431""]",B,candidate
ds_roach_baked,4,conditional,logical_necessity,required_ingredient_profiles,"[""sources/master-archive-v1/data/normalized_source_tables/food_system/food_seasonality.csv:SEA004432""]",B,candidate
ds_roach_baked,5,conditional,logical_necessity,required_ingredient_profiles,"[""sources/master-archive-v1/data/normalized_source_tables/food_system/food_seasonality.csv:SEA004433""]",B,candidate
ds_roach_baked,6,conditional,logical_necessity,required_ingredient_profiles,"[""sources/master-archive-v1/data/normalized_source_tables/food_system/food_seasonality.csv:SEA004434""]",B,candidate
ds_roach_baked,7,conditional,logical_necessity,required_ingredient_profiles,"[""sources/master-archive-v1/data/normalized_source_tables/food_system/food_seasonality.csv:SEA004435""]",B,candidate
ds_roach_baked,8,conditional,logical_necessity,required_ingredient_profiles,"[""sources/master-archive-v1/data/normalized_source_tables/food_system/food_seasonality.csv:SEA004436""]",B,candidate
ds_roach_baked,9,conditional,logical_necessity,required_ingredient_profiles,"[""sources/master-archive-v1/data/normalized_source_tables/food_system/food_seasonality.csv:SEA004437""]",B,candidate
ds_roach_baked,10,conditional,logical_necessity,required_ingredient_profiles,"[""sources/master-archive-v1/data/normalized_source_tables/food_system/food_seasonality.csv:SEA004438""]",B,candidate
ds_roach_baked,11,conditional,logical_necessity,required_ingredient_profiles,"[""sources/master-archive-v1/data/normalized_source_tables/food_system/food_seasonality.csv:SEA004439""]",B,candidate
ds_roach_baked,12,conditional,logical_necessity,required_ingredient_profiles,"[""sources/master-archive-v1/data/normalized_source_tables/food_system/food_seasonality.csv:SEA004440""]",B,candidate
ds_perch_boiled,1,conditional,logical_necessity,required_ingredient_profiles,"[""sources/master-archive-v1/data/normalized_source_tables/food_system/food_seasonality.csv:SEA004441""]",B,candidate
ds_perch_boiled,2,conditional,logical_necessity,required_ingredient_profiles,"[""sources/master-archive-v1/data/normalized_source_tables/food_system/food_seasonality.csv:SEA004442""]",B,candidate
ds_perch_boiled,3,conditional,logical_necessity,required_ingredient_profiles,"[""sources/master-archive-v1/data/normalized_source_tables/food_system/food_seasonality.csv:SEA004443""]",B,candidate
ds_perch_boiled,4,conditional,logical_necessity,required_ingredient_profiles,"[""sources/master-archive-v1/data/normalized_source_tables/food_system/food_seasonality.csv:SEA004444""]",B,candidate
ds_perch_boiled,5,conditional,logical_necessity,required_ingredient_profiles,"[""sources/master-archive-v1/data/normalized_source_tables/food_system/food_seasonality.csv:SEA004445""]",B,candidate
ds_perch_boiled,6,conditional,logical_necessity,required_ingredient_profiles,"[""sources/master-archive-v1/data/normalized_source_tables/food_system/food_seasonality.csv:SEA004446""]",B,candidate
ds_perch_boiled,7,conditional,logical_necessity,required_ingredient_profiles,"[""sources/master-archive-v1/data/normalized_source_tables/food_system/food_seasonality.csv:SEA004447""]",B,candidate
ds_perch_boiled,8,conditional,logical_necessity,required_ingredient_profiles,"[""sources/master-archive-v1/data/normalized_source_tables/food_system/food_seasonality.csv:SEA004448""]",B,candidate
ds_perch_boiled,9,conditional,logical_necessity,required_ingredient_profiles,"[""sources/master-archive-v1/data/normalized_source_tables/food_system/food_seasonality.csv:SEA004449""]",B,candidate
ds_perch_boiled,10,conditional,logical_necessity,required_ingredient_profiles,"[""sources/master-archive-v1/data/normalized_source_tables/food_system/food_seasonality.csv:SEA004450""]",B,candidate
ds_perch_boiled,11,conditional,logical_necessity,required_ingredient_profiles,"[""sources/master-archive-v1/data/normalized_source_tables/food_system/food_seasonality.csv:SEA004451""]",B,candidate
ds_perch_boiled,12,conditional,logical_necessity,required_ingredient_profiles,"[""sources/master-archive-v1/data/normalized_source_tables/food_system/food_seasonality.csv:SEA004452""]",B,candidate
ds_perch_baked,1,conditional,logical_necessity,required_ingredient_profiles,"[""sources/master-archive-v1/data/normalized_source_tables/food_system/food_seasonality.csv:SEA004453""]",B,candidate
ds_perch_baked,2,conditional,logical_necessity,required_ingredient_profiles,"[""sources/master-archive-v1/data/normalized_source_tables/food_system/food_seasonality.csv:SEA004454""]",B,candidate
ds_perch_baked,3,conditional,logical_necessity,required_ingredient_profiles,"[""sources/master-archive-v1/data/normalized_source_tables/food_system/food_seasonality.csv:SEA004455""]",B,candidate
ds_perch_baked,4,conditional,logical_necessity,required_ingredient_profiles,"[""sources/master-archive-v1/data/normalized_source_tables/food_system/food_seasonality.csv:SEA004456""]",B,candidate
ds_perch_baked,5,conditional,logical_necessity,required_ingredient_profiles,"[""sources/master-archive-v1/data/normalized_source_tables/food_system/food_seasonality.csv:SEA004457""]",B,candidate
ds_perch_baked,6,conditional,logical_necessity,required_ingredient_profiles,"[""sources/master-archive-v1/data/normalized_source_tables/food_system/food_seasonality.csv:SEA004458""]",B,candidate
ds_perch_baked,7,conditional,logical_necessity,required_ingredient_profiles,"[""sources/master-archive-v1/data/normalized_source_tables/food_system/food_seasonality.csv:SEA004459""]",B,candidate
ds_perch_baked,8,conditional,logical_necessity,required_ingredient_profiles,"[""sources/master-archive-v1/data/normalized_source_tables/food_system/food_seasonality.csv:SEA004460""]",B,candidate
ds_perch_baked,9,conditional,logical_necessity,required_ingredient_profiles,"[""sources/master-archive-v1/data/normalized_source_tables/food_system/food_seasonality.csv:SEA004461""]",B,candidate
ds_perch_baked,10,conditional,logical_necessity,required_ingredient_profiles,"[""sources/master-archive-v1/data/normalized_source_tables/food_system/food_seasonality.csv:SEA004462""]",B,candidate
ds_perch_baked,11,conditional,logical_necessity,required_ingredient_profiles,"[""sources/master-archive-v1/data/normalized_source_tables/food_system/food_seasonality.csv:SEA004463""]",B,candidate
ds_perch_baked,12,conditional,logical_necessity,required_ingredient_profiles,"[""sources/master-archive-v1/data/normalized_source_tables/food_system/food_seasonality.csv:SEA004464""]",B,candidate
ds_ruff_boiled,1,conditional,logical_necessity,required_ingredient_profiles,"[""sources/master-archive-v1/data/normalized_source_tables/food_system/food_seasonality.csv:SEA004465""]",B,candidate
ds_ruff_boiled,2,conditional,logical_necessity,required_ingredient_profiles,"[""sources/master-archive-v1/data/normalized_source_tables/food_system/food_seasonality.csv:SEA004466""]",B,candidate
ds_ruff_boiled,3,conditional,logical_necessity,required_ingredient_profiles,"[""sources/master-archive-v1/data/normalized_source_tables/food_system/food_seasonality.csv:SEA004467""]",B,candidate
ds_ruff_boiled,4,conditional,logical_necessity,required_ingredient_profiles,"[""sources/master-archive-v1/data/normalized_source_tables/food_system/food_seasonality.csv:SEA004468""]",B,candidate
ds_ruff_boiled,5,conditional,logical_necessity,required_ingredient_profiles,"[""sources/master-archive-v1/data/normalized_source_tables/food_system/food_seasonality.csv:SEA004469""]",B,candidate
ds_ruff_boiled,6,conditional,logical_necessity,required_ingredient_profiles,"[""sources/master-archive-v1/data/normalized_source_tables/food_system/food_seasonality.csv:SEA004470""]",B,candidate
ds_ruff_boiled,7,conditional,logical_necessity,required_ingredient_profiles,"[""sources/master-archive-v1/data/normalized_source_tables/food_system/food_seasonality.csv:SEA004471""]",B,candidate
ds_ruff_boiled,8,conditional,logical_necessity,required_ingredient_profiles,"[""sources/master-archive-v1/data/normalized_source_tables/food_system/food_seasonality.csv:SEA004472""]",B,candidate
ds_ruff_boiled,9,conditional,logical_necessity,required_ingredient_profiles,"[""sources/master-archive-v1/data/normalized_source_tables/food_system/food_seasonality.csv:SEA004473""]",B,candidate
ds_ruff_boiled,10,conditional,logical_necessity,required_ingredient_profiles,"[""sources/master-archive-v1/data/normalized_source_tables/food_system/food_seasonality.csv:SEA004474""]",B,candidate
ds_ruff_boiled,11,conditional,logical_necessity,required_ingredient_profiles,"[""sources/master-archive-v1/data/normalized_source_tables/food_system/food_seasonality.csv:SEA004475""]",B,candidate
ds_ruff_boiled,12,conditional,logical_necessity,required_ingredient_profiles,"[""sources/master-archive-v1/data/normalized_source_tables/food_system/food_seasonality.csv:SEA004476""]",B,candidate
ds_ruff_baked,1,conditional,logical_necessity,required_ingredient_profiles,"[""sources/master-archive-v1/data/normalized_source_tables/food_system/food_seasonality.csv:SEA004477""]",B,candidate
ds_ruff_baked,2,conditional,logical_necessity,required_ingredient_profiles,"[""sources/master-archive-v1/data/normalized_source_tables/food_system/food_seasonality.csv:SEA004478""]",B,candidate
ds_ruff_baked,3,conditional,logical_necessity,required_ingredient_profiles,"[""sources/master-archive-v1/data/normalized_source_tables/food_system/food_seasonality.csv:SEA004479""]",B,candidate
ds_ruff_baked,4,conditional,logical_necessity,required_ingredient_profiles,"[""sources/master-archive-v1/data/normalized_source_tables/food_system/food_seasonality.csv:SEA004480""]",B,candidate
ds_ruff_baked,5,conditional,logical_necessity,required_ingredient_profiles,"[""sources/master-archive-v1/data/normalized_source_tables/food_system/food_seasonality.csv:SEA004481""]",B,candidate
ds_ruff_baked,6,conditional,logical_necessity,required_ingredient_profiles,"[""sources/master-archive-v1/data/normalized_source_tables/food_system/food_seasonality.csv:SEA004482""]",B,candidate
ds_ruff_baked,7,conditional,logical_necessity,required_ingredient_profiles,"[""sources/master-archive-v1/data/normalized_source_tables/food_system/food_seasonality.csv:SEA004483""]",B,candidate
ds_ruff_baked,8,conditional,logical_necessity,required_ingredient_profiles,"[""sources/master-archive-v1/data/normalized_source_tables/food_system/food_seasonality.csv:SEA004484""]",B,candidate
ds_ruff_baked,9,conditional,logical_necessity,required_ingredient_profiles,"[""sources/master-archive-v1/data/normalized_source_tables/food_system/food_seasonality.csv:SEA004485""]",B,candidate
ds_ruff_baked,10,conditional,logical_necessity,required_ingredient_profiles,"[""sources/master-archive-v1/data/normalized_source_tables/food_system/food_seasonality.csv:SEA004486""]",B,candidate
ds_ruff_baked,11,conditional,logical_necessity,required_ingredient_profiles,"[""sources/master-archive-v1/data/normalized_source_tables/food_system/food_seasonality.csv:SEA004487""]",B,candidate
ds_ruff_baked,12,conditional,logical_necessity,required_ingredient_profiles,"[""sources/master-archive-v1/data/normalized_source_tables/food_system/food_seasonality.csv:SEA004488""]",B,candidate
ds_catfish_boiled,1,conditional,logical_necessity,required_ingredient_profiles,"[""sources/master-archive-v1/data/normalized_source_tables/food_system/food_seasonality.csv:SEA004489""]",C,candidate
ds_catfish_boiled,2,conditional,logical_necessity,required_ingredient_profiles,"[""sources/master-archive-v1/data/normalized_source_tables/food_system/food_seasonality.csv:SEA004490""]",C,candidate
ds_catfish_boiled,3,conditional,logical_necessity,required_ingredient_profiles,"[""sources/master-archive-v1/data/normalized_source_tables/food_system/food_seasonality.csv:SEA004491""]",C,candidate
ds_catfish_boiled,4,conditional,logical_necessity,required_ingredient_profiles,"[""sources/master-archive-v1/data/normalized_source_tables/food_system/food_seasonality.csv:SEA004492""]",C,candidate
ds_catfish_boiled,5,conditional,logical_necessity,required_ingredient_profiles,"[""sources/master-archive-v1/data/normalized_source_tables/food_system/food_seasonality.csv:SEA004493""]",C,candidate
ds_catfish_boiled,6,conditional,logical_necessity,required_ingredient_profiles,"[""sources/master-archive-v1/data/normalized_source_tables/food_system/food_seasonality.csv:SEA004494""]",C,candidate
ds_catfish_boiled,7,conditional,logical_necessity,required_ingredient_profiles,"[""sources/master-archive-v1/data/normalized_source_tables/food_system/food_seasonality.csv:SEA004495""]",C,candidate
ds_catfish_boiled,8,conditional,logical_necessity,required_ingredient_profiles,"[""sources/master-archive-v1/data/normalized_source_tables/food_system/food_seasonality.csv:SEA004496""]",C,candidate
ds_catfish_boiled,9,conditional,logical_necessity,required_ingredient_profiles,"[""sources/master-archive-v1/data/normalized_source_tables/food_system/food_seasonality.csv:SEA004497""]",C,candidate
ds_catfish_boiled,10,conditional,logical_necessity,required_ingredient_profiles,"[""sources/master-archive-v1/data/normalized_source_tables/food_system/food_seasonality.csv:SEA004498""]",C,candidate
ds_catfish_boiled,11,conditional,logical_necessity,required_ingredient_profiles,"[""sources/master-archive-v1/data/normalized_source_tables/food_system/food_seasonality.csv:SEA004499""]",C,candidate
ds_catfish_boiled,12,conditional,logical_necessity,required_ingredient_profiles,"[""sources/master-archive-v1/data/normalized_source_tables/food_system/food_seasonality.csv:SEA004500""]",C,candidate
ds_catfish_baked,1,conditional,logical_necessity,required_ingredient_profiles,"[""sources/master-archive-v1/data/normalized_source_tables/food_system/food_seasonality.csv:SEA004501""]",C,candidate
ds_catfish_baked,2,conditional,logical_necessity,required_ingredient_profiles,"[""sources/master-archive-v1/data/normalized_source_tables/food_system/food_seasonality.csv:SEA004502""]",C,candidate
ds_catfish_baked,3,conditional,logical_necessity,required_ingredient_profiles,"[""sources/master-archive-v1/data/normalized_source_tables/food_system/food_seasonality.csv:SEA004503""]",C,candidate
ds_catfish_baked,4,conditional,logical_necessity,required_ingredient_profiles,"[""sources/master-archive-v1/data/normalized_source_tables/food_system/food_seasonality.csv:SEA004504""]",C,candidate
ds_catfish_baked,5,conditional,logical_necessity,required_ingredient_profiles,"[""sources/master-archive-v1/data/normalized_source_tables/food_system/food_seasonality.csv:SEA004505""]",C,candidate
ds_catfish_baked,6,conditional,logical_necessity,required_ingredient_profiles,"[""sources/master-archive-v1/data/normalized_source_tables/food_system/food_seasonality.csv:SEA004506""]",C,candidate
ds_catfish_baked,7,conditional,logical_necessity,required_ingredient_profiles,"[""sources/master-archive-v1/data/normalized_source_tables/food_system/food_seasonality.csv:SEA004507""]",C,candidate
ds_catfish_baked,8,conditional,logical_necessity,required_ingredient_profiles,"[""sources/master-archive-v1/data/normalized_source_tables/food_system/food_seasonality.csv:SEA004508""]",C,candidate
ds_catfish_baked,9,conditional,logical_necessity,required_ingredient_profiles,"[""sources/master-archive-v1/data/normalized_source_tables/food_system/food_seasonality.csv:SEA004509""]",C,candidate
ds_catfish_baked,10,conditional,logical_necessity,required_ingredient_profiles,"[""sources/master-archive-v1/data/normalized_source_tables/food_system/food_seasonality.csv:SEA004510""]",C,candidate
ds_catfish_baked,11,conditional,logical_necessity,required_ingredient_profiles,"[""sources/master-archive-v1/data/normalized_source_tables/food_system/food_seasonality.csv:SEA004511""]",C,candidate
ds_catfish_baked,12,conditional,logical_necessity,required_ingredient_profiles,"[""sources/master-archive-v1/data/normalized_source_tables/food_system/food_seasonality.csv:SEA004512""]",C,candidate
ds_whitefish_boiled,1,conditional,logical_necessity,required_ingredient_profiles,"[""sources/master-archive-v1/data/normalized_source_tables/food_system/food_seasonality.csv:SEA004513""]",B,candidate
ds_whitefish_boiled,2,conditional,logical_necessity,required_ingredient_profiles,"[""sources/master-archive-v1/data/normalized_source_tables/food_system/food_seasonality.csv:SEA004514""]",B,candidate
ds_whitefish_boiled,3,conditional,logical_necessity,required_ingredient_profiles,"[""sources/master-archive-v1/data/normalized_source_tables/food_system/food_seasonality.csv:SEA004515""]",B,candidate
ds_whitefish_boiled,4,conditional,logical_necessity,required_ingredient_profiles,"[""sources/master-archive-v1/data/normalized_source_tables/food_system/food_seasonality.csv:SEA004516""]",B,candidate
ds_whitefish_boiled,5,conditional,logical_necessity,required_ingredient_profiles,"[""sources/master-archive-v1/data/normalized_source_tables/food_system/food_seasonality.csv:SEA004517""]",B,candidate
ds_whitefish_boiled,6,conditional,logical_necessity,required_ingredient_profiles,"[""sources/master-archive-v1/data/normalized_source_tables/food_system/food_seasonality.csv:SEA004518""]",B,candidate
ds_whitefish_boiled,7,conditional,logical_necessity,required_ingredient_profiles,"[""sources/master-archive-v1/data/normalized_source_tables/food_system/food_seasonality.csv:SEA004519""]",B,candidate
ds_whitefish_boiled,8,conditional,logical_necessity,required_ingredient_profiles,"[""sources/master-archive-v1/data/normalized_source_tables/food_system/food_seasonality.csv:SEA004520""]",B,candidate
ds_whitefish_boiled,9,conditional,logical_necessity,required_ingredient_profiles,"[""sources/master-archive-v1/data/normalized_source_tables/food_system/food_seasonality.csv:SEA004521""]",B,candidate
ds_whitefish_boiled,10,conditional,logical_necessity,required_ingredient_profiles,"[""sources/master-archive-v1/data/normalized_source_tables/food_system/food_seasonality.csv:SEA004522""]",B,candidate
ds_whitefish_boiled,11,conditional,logical_necessity,required_ingredient_profiles,"[""sources/master-archive-v1/data/normalized_source_tables/food_system/food_seasonality.csv:SEA004523""]",B,candidate
ds_whitefish_boiled,12,conditional,logical_necessity,required_ingredient_profiles,"[""sources/master-archive-v1/data/normalized_source_tables/food_system/food_seasonality.csv:SEA004524""]",B,candidate
ds_whitefish_baked,1,conditional,logical_necessity,required_ingredient_profiles,"[""sources/master-archive-v1/data/normalized_source_tables/food_system/food_seasonality.csv:SEA004525""]",B,candidate
ds_whitefish_baked,2,conditional,logical_necessity,required_ingredient_profiles,"[""sources/master-archive-v1/data/normalized_source_tables/food_system/food_seasonality.csv:SEA004526""]",B,candidate
ds_whitefish_baked,3,conditional,logical_necessity,required_ingredient_profiles,"[""sources/master-archive-v1/data/normalized_source_tables/food_system/food_seasonality.csv:SEA004527""]",B,candidate
ds_whitefish_baked,4,conditional,logical_necessity,required_ingredient_profiles,"[""sources/master-archive-v1/data/normalized_source_tables/food_system/food_seasonality.csv:SEA004528""]",B,candidate
ds_whitefish_baked,5,conditional,logical_necessity,required_ingredient_profiles,"[""sources/master-archive-v1/data/normalized_source_tables/food_system/food_seasonality.csv:SEA004529""]",B,candidate
ds_whitefish_baked,6,conditional,logical_necessity,required_ingredient_profiles,"[""sources/master-archive-v1/data/normalized_source_tables/food_system/food_seasonality.csv:SEA004530""]",B,candidate
ds_whitefish_baked,7,conditional,logical_necessity,required_ingredient_profiles,"[""sources/master-archive-v1/data/normalized_source_tables/food_system/food_seasonality.csv:SEA004531""]",B,candidate
ds_whitefish_baked,8,conditional,logical_necessity,required_ingredient_profiles,"[""sources/master-archive-v1/data/normalized_source_tables/food_system/food_seasonality.csv:SEA004532""]",B,candidate
ds_whitefish_baked,9,conditional,logical_necessity,required_ingredient_profiles,"[""sources/master-archive-v1/data/normalized_source_tables/food_system/food_seasonality.csv:SEA004533""]",B,candidate
ds_whitefish_baked,10,conditional,logical_necessity,required_ingredient_profiles,"[""sources/master-archive-v1/data/normalized_source_tables/food_system/food_seasonality.csv:SEA004534""]",B,candidate
ds_whitefish_baked,11,conditional,logical_necessity,required_ingredient_profiles,"[""sources/master-archive-v1/data/normalized_source_tables/food_system/food_seasonality.csv:SEA004535""]",B,candidate
ds_whitefish_baked,12,conditional,logical_necessity,required_ingredient_profiles,"[""sources/master-archive-v1/data/normalized_source_tables/food_system/food_seasonality.csv:SEA004536""]",B,candidate
ds_sturgeon_boiled,1,conditional,logical_necessity,required_ingredient_profiles,"[""sources/master-archive-v1/data/normalized_source_tables/food_system/food_seasonality.csv:SEA004537""]",B,candidate
ds_sturgeon_boiled,2,conditional,logical_necessity,required_ingredient_profiles,"[""sources/master-archive-v1/data/normalized_source_tables/food_system/food_seasonality.csv:SEA004538""]",B,candidate
ds_sturgeon_boiled,3,conditional,logical_necessity,required_ingredient_profiles,"[""sources/master-archive-v1/data/normalized_source_tables/food_system/food_seasonality.csv:SEA004539""]",B,candidate
ds_sturgeon_boiled,4,conditional,logical_necessity,required_ingredient_profiles,"[""sources/master-archive-v1/data/normalized_source_tables/food_system/food_seasonality.csv:SEA004540""]",B,candidate
ds_sturgeon_boiled,5,conditional,logical_necessity,required_ingredient_profiles,"[""sources/master-archive-v1/data/normalized_source_tables/food_system/food_seasonality.csv:SEA004541""]",B,candidate
ds_sturgeon_boiled,6,conditional,logical_necessity,required_ingredient_profiles,"[""sources/master-archive-v1/data/normalized_source_tables/food_system/food_seasonality.csv:SEA004542""]",B,candidate
ds_sturgeon_boiled,7,conditional,logical_necessity,required_ingredient_profiles,"[""sources/master-archive-v1/data/normalized_source_tables/food_system/food_seasonality.csv:SEA004543""]",B,candidate
ds_sturgeon_boiled,8,conditional,logical_necessity,required_ingredient_profiles,"[""sources/master-archive-v1/data/normalized_source_tables/food_system/food_seasonality.csv:SEA004544""]",B,candidate
ds_sturgeon_boiled,9,conditional,logical_necessity,required_ingredient_profiles,"[""sources/master-archive-v1/data/normalized_source_tables/food_system/food_seasonality.csv:SEA004545""]",B,candidate
ds_sturgeon_boiled,10,conditional,logical_necessity,required_ingredient_profiles,"[""sources/master-archive-v1/data/normalized_source_tables/food_system/food_seasonality.csv:SEA004546""]",B,candidate
ds_sturgeon_boiled,11,conditional,logical_necessity,required_ingredient_profiles,"[""sources/master-archive-v1/data/normalized_source_tables/food_system/food_seasonality.csv:SEA004547""]",B,candidate
ds_sturgeon_boiled,12,conditional,logical_necessity,required_ingredient_profiles,"[""sources/master-archive-v1/data/normalized_source_tables/food_system/food_seasonality.csv:SEA004548""]",B,candidate
ds_sturgeon_baked,1,conditional,logical_necessity,required_ingredient_profiles,"[""sources/master-archive-v1/data/normalized_source_tables/food_system/food_seasonality.csv:SEA004549""]",B,candidate
ds_sturgeon_baked,2,conditional,logical_necessity,required_ingredient_profiles,"[""sources/master-archive-v1/data/normalized_source_tables/food_system/food_seasonality.csv:SEA004550""]",B,candidate
ds_sturgeon_baked,3,conditional,logical_necessity,required_ingredient_profiles,"[""sources/master-archive-v1/data/normalized_source_tables/food_system/food_seasonality.csv:SEA004551""]",B,candidate
ds_sturgeon_baked,4,conditional,logical_necessity,required_ingredient_profiles,"[""sources/master-archive-v1/data/normalized_source_tables/food_system/food_seasonality.csv:SEA004552""]",B,candidate
ds_sturgeon_baked,5,conditional,logical_necessity,required_ingredient_profiles,"[""sources/master-archive-v1/data/normalized_source_tables/food_system/food_seasonality.csv:SEA004553""]",B,candidate
ds_sturgeon_baked,6,conditional,logical_necessity,required_ingredient_profiles,"[""sources/master-archive-v1/data/normalized_source_tables/food_system/food_seasonality.csv:SEA004554""]",B,candidate
ds_sturgeon_baked,7,conditional,logical_necessity,required_ingredient_profiles,"[""sources/master-archive-v1/data/normalized_source_tables/food_system/food_seasonality.csv:SEA004555""]",B,candidate
ds_sturgeon_baked,8,conditional,logical_necessity,required_ingredient_profiles,"[""sources/master-archive-v1/data/normalized_source_tables/food_system/food_seasonality.csv:SEA004556""]",B,candidate
ds_sturgeon_baked,9,conditional,logical_necessity,required_ingredient_profiles,"[""sources/master-archive-v1/data/normalized_source_tables/food_system/food_seasonality.csv:SEA004557""]",B,candidate
ds_sturgeon_baked,10,conditional,logical_necessity,required_ingredient_profiles,"[""sources/master-archive-v1/data/normalized_source_tables/food_system/food_seasonality.csv:SEA004558""]",B,candidate
ds_sturgeon_baked,11,conditional,logical_necessity,required_ingredient_profiles,"[""sources/master-archive-v1/data/normalized_source_tables/food_system/food_seasonality.csv:SEA004559""]",B,candidate
ds_sturgeon_baked,12,conditional,logical_necessity,required_ingredient_profiles,"[""sources/master-archive-v1/data/normalized_source_tables/food_system/food_seasonality.csv:SEA004560""]",B,candidate
ds_salmonid_boiled,1,conditional,logical_necessity,required_ingredient_profiles,"[""sources/master-archive-v1/data/normalized_source_tables/food_system/food_seasonality.csv:SEA004561""]",B,candidate
ds_salmonid_boiled,2,conditional,logical_necessity,required_ingredient_profiles,"[""sources/master-archive-v1/data/normalized_source_tables/food_system/food_seasonality.csv:SEA004562""]",B,candidate
ds_salmonid_boiled,3,conditional,logical_necessity,required_ingredient_profiles,"[""sources/master-archive-v1/data/normalized_source_tables/food_system/food_seasonality.csv:SEA004563""]",B,candidate
ds_salmonid_boiled,4,conditional,logical_necessity,required_ingredient_profiles,"[""sources/master-archive-v1/data/normalized_source_tables/food_system/food_seasonality.csv:SEA004564""]",B,candidate
ds_salmonid_boiled,5,conditional,logical_necessity,required_ingredient_profiles,"[""sources/master-archive-v1/data/normalized_source_tables/food_system/food_seasonality.csv:SEA004565""]",B,candidate
ds_salmonid_boiled,6,conditional,logical_necessity,required_ingredient_profiles,"[""sources/master-archive-v1/data/normalized_source_tables/food_system/food_seasonality.csv:SEA004566""]",B,candidate
ds_salmonid_boiled,7,conditional,logical_necessity,required_ingredient_profiles,"[""sources/master-archive-v1/data/normalized_source_tables/food_system/food_seasonality.csv:SEA004567""]",B,candidate
ds_salmonid_boiled,8,conditional,logical_necessity,required_ingredient_profiles,"[""sources/master-archive-v1/data/normalized_source_tables/food_system/food_seasonality.csv:SEA004568""]",B,candidate
ds_salmonid_boiled,9,conditional,logical_necessity,required_ingredient_profiles,"[""sources/master-archive-v1/data/normalized_source_tables/food_system/food_seasonality.csv:SEA004569""]",B,candidate
ds_salmonid_boiled,10,conditional,logical_necessity,required_ingredient_profiles,"[""sources/master-archive-v1/data/normalized_source_tables/food_system/food_seasonality.csv:SEA004570""]",B,candidate
ds_salmonid_boiled,11,conditional,logical_necessity,required_ingredient_profiles,"[""sources/master-archive-v1/data/normalized_source_tables/food_system/food_seasonality.csv:SEA004571""]",B,candidate
ds_salmonid_boiled,12,conditional,logical_necessity,required_ingredient_profiles,"[""sources/master-archive-v1/data/normalized_source_tables/food_system/food_seasonality.csv:SEA004572""]",B,candidate
ds_salmonid_baked,1,conditional,logical_necessity,required_ingredient_profiles,"[""sources/master-archive-v1/data/normalized_source_tables/food_system/food_seasonality.csv:SEA004573""]",B,candidate
ds_salmonid_baked,2,conditional,logical_necessity,required_ingredient_profiles,"[""sources/master-archive-v1/data/normalized_source_tables/food_system/food_seasonality.csv:SEA004574""]",B,candidate
ds_salmonid_baked,3,conditional,logical_necessity,required_ingredient_profiles,"[""sources/master-archive-v1/data/normalized_source_tables/food_system/food_seasonality.csv:SEA004575""]",B,candidate
ds_salmonid_baked,4,conditional,logical_necessity,required_ingredient_profiles,"[""sources/master-archive-v1/data/normalized_source_tables/food_system/food_seasonality.csv:SEA004576""]",B,candidate
ds_salmonid_baked,5,conditional,logical_necessity,required_ingredient_profiles,"[""sources/master-archive-v1/data/normalized_source_tables/food_system/food_seasonality.csv:SEA004577""]",B,candidate
ds_salmonid_baked,6,conditional,logical_necessity,required_ingredient_profiles,"[""sources/master-archive-v1/data/normalized_source_tables/food_system/food_seasonality.csv:SEA004578""]",B,candidate
ds_salmonid_baked,7,conditional,logical_necessity,required_ingredient_profiles,"[""sources/master-archive-v1/data/normalized_source_tables/food_system/food_seasonality.csv:SEA004579""]",B,candidate
ds_salmonid_baked,8,conditional,logical_necessity,required_ingredient_profiles,"[""sources/master-archive-v1/data/normalized_source_tables/food_system/food_seasonality.csv:SEA004580""]",B,candidate
ds_salmonid_baked,9,conditional,logical_necessity,required_ingredient_profiles,"[""sources/master-archive-v1/data/normalized_source_tables/food_system/food_seasonality.csv:SEA004581""]",B,candidate
ds_salmonid_baked,10,conditional,logical_necessity,required_ingredient_profiles,"[""sources/master-archive-v1/data/normalized_source_tables/food_system/food_seasonality.csv:SEA004582""]",B,candidate
ds_salmonid_baked,11,conditional,logical_necessity,required_ingredient_profiles,"[""sources/master-archive-v1/data/normalized_source_tables/food_system/food_seasonality.csv:SEA004583""]",B,candidate
ds_salmonid_baked,12,conditional,logical_necessity,required_ingredient_profiles,"[""sources/master-archive-v1/data/normalized_source_tables/food_system/food_seasonality.csv:SEA004584""]",B,candidate
ds_smelt_boiled,1,conditional,logical_necessity,required_ingredient_profiles,"[""sources/master-archive-v1/data/normalized_source_tables/food_system/food_seasonality.csv:SEA004585""]",C,candidate
ds_smelt_boiled,2,conditional,logical_necessity,required_ingredient_profiles,"[""sources/master-archive-v1/data/normalized_source_tables/food_system/food_seasonality.csv:SEA004586""]",C,candidate
ds_smelt_boiled,3,conditional,logical_necessity,required_ingredient_profiles,"[""sources/master-archive-v1/data/normalized_source_tables/food_system/food_seasonality.csv:SEA004587""]",C,candidate
ds_smelt_boiled,4,conditional,logical_necessity,required_ingredient_profiles,"[""sources/master-archive-v1/data/normalized_source_tables/food_system/food_seasonality.csv:SEA004588""]",C,candidate
ds_smelt_boiled,5,conditional,logical_necessity,required_ingredient_profiles,"[""sources/master-archive-v1/data/normalized_source_tables/food_system/food_seasonality.csv:SEA004589""]",C,candidate
ds_smelt_boiled,6,conditional,logical_necessity,required_ingredient_profiles,"[""sources/master-archive-v1/data/normalized_source_tables/food_system/food_seasonality.csv:SEA004590""]",C,candidate
ds_smelt_boiled,7,conditional,logical_necessity,required_ingredient_profiles,"[""sources/master-archive-v1/data/normalized_source_tables/food_system/food_seasonality.csv:SEA004591""]",C,candidate
ds_smelt_boiled,8,conditional,logical_necessity,required_ingredient_profiles,"[""sources/master-archive-v1/data/normalized_source_tables/food_system/food_seasonality.csv:SEA004592""]",C,candidate
ds_smelt_boiled,9,conditional,logical_necessity,required_ingredient_profiles,"[""sources/master-archive-v1/data/normalized_source_tables/food_system/food_seasonality.csv:SEA004593""]",C,candidate
ds_smelt_boiled,10,conditional,logical_necessity,required_ingredient_profiles,"[""sources/master-archive-v1/data/normalized_source_tables/food_system/food_seasonality.csv:SEA004594""]",C,candidate
ds_smelt_boiled,11,conditional,logical_necessity,required_ingredient_profiles,"[""sources/master-archive-v1/data/normalized_source_tables/food_system/food_seasonality.csv:SEA004595""]",C,candidate
ds_smelt_boiled,12,conditional,logical_necessity,required_ingredient_profiles,"[""sources/master-archive-v1/data/normalized_source_tables/food_system/food_seasonality.csv:SEA004596""]",C,candidate
ds_smelt_baked,1,conditional,logical_necessity,required_ingredient_profiles,"[""sources/master-archive-v1/data/normalized_source_tables/food_system/food_seasonality.csv:SEA004597""]",C,candidate
ds_smelt_baked,2,conditional,logical_necessity,required_ingredient_profiles,"[""sources/master-archive-v1/data/normalized_source_tables/food_system/food_seasonality.csv:SEA004598""]",C,candidate
ds_smelt_baked,3,conditional,logical_necessity,required_ingredient_profiles,"[""sources/master-archive-v1/data/normalized_source_tables/food_system/food_seasonality.csv:SEA004599""]",C,candidate
ds_smelt_baked,4,conditional,logical_necessity,required_ingredient_profiles,"[""sources/master-archive-v1/data/normalized_source_tables/food_system/food_seasonality.csv:SEA004600""]",C,candidate
ds_smelt_baked,5,conditional,logical_necessity,required_ingredient_profiles,"[""sources/master-archive-v1/data/normalized_source_tables/food_system/food_seasonality.csv:SEA004601""]",C,candidate
ds_smelt_baked,6,conditional,logical_necessity,required_ingredient_profiles,"[""sources/master-archive-v1/data/normalized_source_tables/food_system/food_seasonality.csv:SEA004602""]",C,candidate
ds_smelt_baked,7,conditional,logical_necessity,required_ingredient_profiles,"[""sources/master-archive-v1/data/normalized_source_tables/food_system/food_seasonality.csv:SEA004603""]",C,candidate
ds_smelt_baked,8,conditional,logical_necessity,required_ingredient_profiles,"[""sources/master-archive-v1/data/normalized_source_tables/food_system/food_seasonality.csv:SEA004604""]",C,candidate
ds_smelt_baked,9,conditional,logical_necessity,required_ingredient_profiles,"[""sources/master-archive-v1/data/normalized_source_tables/food_system/food_seasonality.csv:SEA004605""]",C,candidate
ds_smelt_baked,10,conditional,logical_necessity,required_ingredient_profiles,"[""sources/master-archive-v1/data/normalized_source_tables/food_system/food_seasonality.csv:SEA004606""]",C,candidate
ds_smelt_baked,11,conditional,logical_necessity,required_ingredient_profiles,"[""sources/master-archive-v1/data/normalized_source_tables/food_system/food_seasonality.csv:SEA004607""]",C,candidate
ds_smelt_baked,12,conditional,logical_necessity,required_ingredient_profiles,"[""sources/master-archive-v1/data/normalized_source_tables/food_system/food_seasonality.csv:SEA004608""]",C,candidate
ds_fish_pottage_pike,1,conditional,logical_necessity,required_ingredient_profiles,"[""sources/master-archive-v1/data/normalized_source_tables/food_system/food_seasonality.csv:SEA004609""]",B,candidate
ds_fish_pottage_pike,2,conditional,logical_necessity,required_ingredient_profiles,"[""sources/master-archive-v1/data/normalized_source_tables/food_system/food_seasonality.csv:SEA004610""]",B,candidate
ds_fish_pottage_pike,3,conditional,logical_necessity,required_ingredient_profiles,"[""sources/master-archive-v1/data/normalized_source_tables/food_system/food_seasonality.csv:SEA004611""]",B,candidate
ds_fish_pottage_pike,4,conditional,logical_necessity,required_ingredient_profiles,"[""sources/master-archive-v1/data/normalized_source_tables/food_system/food_seasonality.csv:SEA004612""]",B,candidate
ds_fish_pottage_pike,5,conditional,logical_necessity,required_ingredient_profiles,"[""sources/master-archive-v1/data/normalized_source_tables/food_system/food_seasonality.csv:SEA004613""]",B,candidate
ds_fish_pottage_pike,6,conditional,logical_necessity,required_ingredient_profiles,"[""sources/master-archive-v1/data/normalized_source_tables/food_system/food_seasonality.csv:SEA004614""]",B,candidate
ds_fish_pottage_pike,7,conditional,logical_necessity,required_ingredient_profiles,"[""sources/master-archive-v1/data/normalized_source_tables/food_system/food_seasonality.csv:SEA004615""]",B,candidate
ds_fish_pottage_pike,8,conditional,logical_necessity,required_ingredient_profiles,"[""sources/master-archive-v1/data/normalized_source_tables/food_system/food_seasonality.csv:SEA004616""]",B,candidate
ds_fish_pottage_pike,9,conditional,logical_necessity,required_ingredient_profiles,"[""sources/master-archive-v1/data/normalized_source_tables/food_system/food_seasonality.csv:SEA004617""]",B,candidate
ds_fish_pottage_pike,10,conditional,logical_necessity,required_ingredient_profiles,"[""sources/master-archive-v1/data/normalized_source_tables/food_system/food_seasonality.csv:SEA004618""]",B,candidate
ds_fish_pottage_pike,11,conditional,logical_necessity,required_ingredient_profiles,"[""sources/master-archive-v1/data/normalized_source_tables/food_system/food_seasonality.csv:SEA004619""]",B,candidate
ds_fish_pottage_pike,12,conditional,logical_necessity,required_ingredient_profiles,"[""sources/master-archive-v1/data/normalized_source_tables/food_system/food_seasonality.csv:SEA004620""]",B,candidate
ds_fish_pottage_zander,1,conditional,logical_necessity,required_ingredient_profiles,"[""sources/master-archive-v1/data/normalized_source_tables/food_system/food_seasonality.csv:SEA004621""]",B,candidate
ds_fish_pottage_zander,2,conditional,logical_necessity,required_ingredient_profiles,"[""sources/master-archive-v1/data/normalized_source_tables/food_system/food_seasonality.csv:SEA004622""]",B,candidate
ds_fish_pottage_zander,3,conditional,logical_necessity,required_ingredient_profiles,"[""sources/master-archive-v1/data/normalized_source_tables/food_system/food_seasonality.csv:SEA004623""]",B,candidate
ds_fish_pottage_zander,4,conditional,logical_necessity,required_ingredient_profiles,"[""sources/master-archive-v1/data/normalized_source_tables/food_system/food_seasonality.csv:SEA004624""]",B,candidate
ds_fish_pottage_zander,5,conditional,logical_necessity,required_ingredient_profiles,"[""sources/master-archive-v1/data/normalized_source_tables/food_system/food_seasonality.csv:SEA004625""]",B,candidate
ds_fish_pottage_zander,6,conditional,logical_necessity,required_ingredient_profiles,"[""sources/master-archive-v1/data/normalized_source_tables/food_system/food_seasonality.csv:SEA004626""]",B,candidate
ds_fish_pottage_zander,7,conditional,logical_necessity,required_ingredient_profiles,"[""sources/master-archive-v1/data/normalized_source_tables/food_system/food_seasonality.csv:SEA004627""]",B,candidate
ds_fish_pottage_zander,8,conditional,logical_necessity,required_ingredient_profiles,"[""sources/master-archive-v1/data/normalized_source_tables/food_system/food_seasonality.csv:SEA004628""]",B,candidate
ds_fish_pottage_zander,9,conditional,logical_necessity,required_ingredient_profiles,"[""sources/master-archive-v1/data/normalized_source_tables/food_system/food_seasonality.csv:SEA004629""]",B,candidate
ds_fish_pottage_zander,10,conditional,logical_necessity,required_ingredient_profiles,"[""sources/master-archive-v1/data/normalized_source_tables/food_system/food_seasonality.csv:SEA004630""]",B,candidate
ds_fish_pottage_zander,11,conditional,logical_necessity,required_ingredient_profiles,"[""sources/master-archive-v1/data/normalized_source_tables/food_system/food_seasonality.csv:SEA004631""]",B,candidate
ds_fish_pottage_zander,12,conditional,logical_necessity,required_ingredient_profiles,"[""sources/master-archive-v1/data/normalized_source_tables/food_system/food_seasonality.csv:SEA004632""]",B,candidate
ds_fish_pottage_bream,1,conditional,logical_necessity,required_ingredient_profiles,"[""sources/master-archive-v1/data/normalized_source_tables/food_system/food_seasonality.csv:SEA004633""]",B,candidate
ds_fish_pottage_bream,2,conditional,logical_necessity,required_ingredient_profiles,"[""sources/master-archive-v1/data/normalized_source_tables/food_system/food_seasonality.csv:SEA004634""]",B,candidate
ds_fish_pottage_bream,3,conditional,logical_necessity,required_ingredient_profiles,"[""sources/master-archive-v1/data/normalized_source_tables/food_system/food_seasonality.csv:SEA004635""]",B,candidate
ds_fish_pottage_bream,4,conditional,logical_necessity,required_ingredient_profiles,"[""sources/master-archive-v1/data/normalized_source_tables/food_system/food_seasonality.csv:SEA004636""]",B,candidate
ds_fish_pottage_bream,5,conditional,logical_necessity,required_ingredient_profiles,"[""sources/master-archive-v1/data/normalized_source_tables/food_system/food_seasonality.csv:SEA004637""]",B,candidate
ds_fish_pottage_bream,6,conditional,logical_necessity,required_ingredient_profiles,"[""sources/master-archive-v1/data/normalized_source_tables/food_system/food_seasonality.csv:SEA004638""]",B,candidate
ds_fish_pottage_bream,7,conditional,logical_necessity,required_ingredient_profiles,"[""sources/master-archive-v1/data/normalized_source_tables/food_system/food_seasonality.csv:SEA004639""]",B,candidate
ds_fish_pottage_bream,8,conditional,logical_necessity,required_ingredient_profiles,"[""sources/master-archive-v1/data/normalized_source_tables/food_system/food_seasonality.csv:SEA004640""]",B,candidate
ds_fish_pottage_bream,9,conditional,logical_necessity,required_ingredient_profiles,"[""sources/master-archive-v1/data/normalized_source_tables/food_system/food_seasonality.csv:SEA004641""]",B,candidate
ds_fish_pottage_bream,10,conditional,logical_necessity,required_ingredient_profiles,"[""sources/master-archive-v1/data/normalized_source_tables/food_system/food_seasonality.csv:SEA004642""]",B,candidate
ds_fish_pottage_bream,11,conditional,logical_necessity,required_ingredient_profiles,"[""sources/master-archive-v1/data/normalized_source_tables/food_system/food_seasonality.csv:SEA004643""]",B,candidate
ds_fish_pottage_bream,12,conditional,logical_necessity,required_ingredient_profiles,"[""sources/master-archive-v1/data/normalized_source_tables/food_system/food_seasonality.csv:SEA004644""]",B,candidate
ds_fish_pottage_roach,1,conditional,logical_necessity,required_ingredient_profiles,"[""sources/master-archive-v1/data/normalized_source_tables/food_system/food_seasonality.csv:SEA004645""]",B,candidate
ds_fish_pottage_roach,2,conditional,logical_necessity,required_ingredient_profiles,"[""sources/master-archive-v1/data/normalized_source_tables/food_system/food_seasonality.csv:SEA004646""]",B,candidate
ds_fish_pottage_roach,3,conditional,logical_necessity,required_ingredient_profiles,"[""sources/master-archive-v1/data/normalized_source_tables/food_system/food_seasonality.csv:SEA004647""]",B,candidate
ds_fish_pottage_roach,4,conditional,logical_necessity,required_ingredient_profiles,"[""sources/master-archive-v1/data/normalized_source_tables/food_system/food_seasonality.csv:SEA004648""]",B,candidate
ds_fish_pottage_roach,5,conditional,logical_necessity,required_ingredient_profiles,"[""sources/master-archive-v1/data/normalized_source_tables/food_system/food_seasonality.csv:SEA004649""]",B,candidate
ds_fish_pottage_roach,6,conditional,logical_necessity,required_ingredient_profiles,"[""sources/master-archive-v1/data/normalized_source_tables/food_system/food_seasonality.csv:SEA004650""]",B,candidate
ds_fish_pottage_roach,7,conditional,logical_necessity,required_ingredient_profiles,"[""sources/master-archive-v1/data/normalized_source_tables/food_system/food_seasonality.csv:SEA004651""]",B,candidate
ds_fish_pottage_roach,8,conditional,logical_necessity,required_ingredient_profiles,"[""sources/master-archive-v1/data/normalized_source_tables/food_system/food_seasonality.csv:SEA004652""]",B,candidate
ds_fish_pottage_roach,9,conditional,logical_necessity,required_ingredient_profiles,"[""sources/master-archive-v1/data/normalized_source_tables/food_system/food_seasonality.csv:SEA004653""]",B,candidate
ds_fish_pottage_roach,10,conditional,logical_necessity,required_ingredient_profiles,"[""sources/master-archive-v1/data/normalized_source_tables/food_system/food_seasonality.csv:SEA004654""]",B,candidate
ds_fish_pottage_roach,11,conditional,logical_necessity,required_ingredient_profiles,"[""sources/master-archive-v1/data/normalized_source_tables/food_system/food_seasonality.csv:SEA004655""]",B,candidate
ds_fish_pottage_roach,12,conditional,logical_necessity,required_ingredient_profiles,"[""sources/master-archive-v1/data/normalized_source_tables/food_system/food_seasonality.csv:SEA004656""]",B,candidate
ds_fish_pottage_perch,1,conditional,logical_necessity,required_ingredient_profiles,"[""sources/master-archive-v1/data/normalized_source_tables/food_system/food_seasonality.csv:SEA004657""]",B,candidate
ds_fish_pottage_perch,2,conditional,logical_necessity,required_ingredient_profiles,"[""sources/master-archive-v1/data/normalized_source_tables/food_system/food_seasonality.csv:SEA004658""]",B,candidate
ds_fish_pottage_perch,3,conditional,logical_necessity,required_ingredient_profiles,"[""sources/master-archive-v1/data/normalized_source_tables/food_system/food_seasonality.csv:SEA004659""]",B,candidate
ds_fish_pottage_perch,4,conditional,logical_necessity,required_ingredient_profiles,"[""sources/master-archive-v1/data/normalized_source_tables/food_system/food_seasonality.csv:SEA004660""]",B,candidate
ds_fish_pottage_perch,5,conditional,logical_necessity,required_ingredient_profiles,"[""sources/master-archive-v1/data/normalized_source_tables/food_system/food_seasonality.csv:SEA004661""]",B,candidate
ds_fish_pottage_perch,6,conditional,logical_necessity,required_ingredient_profiles,"[""sources/master-archive-v1/data/normalized_source_tables/food_system/food_seasonality.csv:SEA004662""]",B,candidate
ds_fish_pottage_perch,7,conditional,logical_necessity,required_ingredient_profiles,"[""sources/master-archive-v1/data/normalized_source_tables/food_system/food_seasonality.csv:SEA004663""]",B,candidate
ds_fish_pottage_perch,8,conditional,logical_necessity,required_ingredient_profiles,"[""sources/master-archive-v1/data/normalized_source_tables/food_system/food_seasonality.csv:SEA004664""]",B,candidate
ds_fish_pottage_perch,9,conditional,logical_necessity,required_ingredient_profiles,"[""sources/master-archive-v1/data/normalized_source_tables/food_system/food_seasonality.csv:SEA004665""]",B,candidate
ds_fish_pottage_perch,10,conditional,logical_necessity,required_ingredient_profiles,"[""sources/master-archive-v1/data/normalized_source_tables/food_system/food_seasonality.csv:SEA004666""]",B,candidate
ds_fish_pottage_perch,11,conditional,logical_necessity,required_ingredient_profiles,"[""sources/master-archive-v1/data/normalized_source_tables/food_system/food_seasonality.csv:SEA004667""]",B,candidate
ds_fish_pottage_perch,12,conditional,logical_necessity,required_ingredient_profiles,"[""sources/master-archive-v1/data/normalized_source_tables/food_system/food_seasonality.csv:SEA004668""]",B,candidate
ds_fish_pottage_whitefish,1,conditional,logical_necessity,required_ingredient_profiles,"[""sources/master-archive-v1/data/normalized_source_tables/food_system/food_seasonality.csv:SEA004669""]",B,candidate
ds_fish_pottage_whitefish,2,conditional,logical_necessity,required_ingredient_profiles,"[""sources/master-archive-v1/data/normalized_source_tables/food_system/food_seasonality.csv:SEA004670""]",B,candidate
ds_fish_pottage_whitefish,3,conditional,logical_necessity,required_ingredient_profiles,"[""sources/master-archive-v1/data/normalized_source_tables/food_system/food_seasonality.csv:SEA004671""]",B,candidate
ds_fish_pottage_whitefish,4,conditional,logical_necessity,required_ingredient_profiles,"[""sources/master-archive-v1/data/normalized_source_tables/food_system/food_seasonality.csv:SEA004672""]",B,candidate
ds_fish_pottage_whitefish,5,conditional,logical_necessity,required_ingredient_profiles,"[""sources/master-archive-v1/data/normalized_source_tables/food_system/food_seasonality.csv:SEA004673""]",B,candidate
ds_fish_pottage_whitefish,6,conditional,logical_necessity,required_ingredient_profiles,"[""sources/master-archive-v1/data/normalized_source_tables/food_system/food_seasonality.csv:SEA004674""]",B,candidate
ds_fish_pottage_whitefish,7,conditional,logical_necessity,required_ingredient_profiles,"[""sources/master-archive-v1/data/normalized_source_tables/food_system/food_seasonality.csv:SEA004675""]",B,candidate
ds_fish_pottage_whitefish,8,conditional,logical_necessity,required_ingredient_profiles,"[""sources/master-archive-v1/data/normalized_source_tables/food_system/food_seasonality.csv:SEA004676""]",B,candidate
ds_fish_pottage_whitefish,9,conditional,logical_necessity,required_ingredient_profiles,"[""sources/master-archive-v1/data/normalized_source_tables/food_system/food_seasonality.csv:SEA004677""]",B,candidate
ds_fish_pottage_whitefish,10,conditional,logical_necessity,required_ingredient_profiles,"[""sources/master-archive-v1/data/normalized_source_tables/food_system/food_seasonality.csv:SEA004678""]",B,candidate
ds_fish_pottage_whitefish,11,conditional,logical_necessity,required_ingredient_profiles,"[""sources/master-archive-v1/data/normalized_source_tables/food_system/food_seasonality.csv:SEA004679""]",B,candidate
ds_fish_pottage_whitefish,12,conditional,logical_necessity,required_ingredient_profiles,"[""sources/master-archive-v1/data/normalized_source_tables/food_system/food_seasonality.csv:SEA004680""]",B,candidate
ds_salt_fish_dry_method,1,conditional,logical_necessity,required_ingredient_profiles,"[""sources/master-archive-v1/data/normalized_source_tables/food_system/food_seasonality.csv:SEA004681""]",A,candidate
ds_salt_fish_dry_method,2,conditional,logical_necessity,required_ingredient_profiles,"[""sources/master-archive-v1/data/normalized_source_tables/food_system/food_seasonality.csv:SEA004682""]",A,candidate
ds_salt_fish_dry_method,3,conditional,logical_necessity,required_ingredient_profiles,"[""sources/master-archive-v1/data/normalized_source_tables/food_system/food_seasonality.csv:SEA004683""]",A,candidate
ds_salt_fish_dry_method,4,conditional,logical_necessity,required_ingredient_profiles,"[""sources/master-archive-v1/data/normalized_source_tables/food_system/food_seasonality.csv:SEA004684""]",A,candidate
ds_salt_fish_dry_method,5,conditional,logical_necessity,required_ingredient_profiles,"[""sources/master-archive-v1/data/normalized_source_tables/food_system/food_seasonality.csv:SEA004685""]",A,candidate
ds_salt_fish_dry_method,6,conditional,logical_necessity,required_ingredient_profiles,"[""sources/master-archive-v1/data/normalized_source_tables/food_system/food_seasonality.csv:SEA004686""]",A,candidate
ds_salt_fish_dry_method,7,conditional,logical_necessity,required_ingredient_profiles,"[""sources/master-archive-v1/data/normalized_source_tables/food_system/food_seasonality.csv:SEA004687""]",A,candidate
ds_salt_fish_dry_method,8,conditional,logical_necessity,required_ingredient_profiles,"[""sources/master-archive-v1/data/normalized_source_tables/food_system/food_seasonality.csv:SEA004688""]",A,candidate
ds_salt_fish_dry_method,9,conditional,logical_necessity,required_ingredient_profiles,"[""sources/master-archive-v1/data/normalized_source_tables/food_system/food_seasonality.csv:SEA004689""]",A,candidate
ds_salt_fish_dry_method,10,conditional,logical_necessity,required_ingredient_profiles,"[""sources/master-archive-v1/data/normalized_source_tables/food_system/food_seasonality.csv:SEA004690""]",A,candidate
ds_salt_fish_dry_method,11,conditional,logical_necessity,required_ingredient_profiles,"[""sources/master-archive-v1/data/normalized_source_tables/food_system/food_seasonality.csv:SEA004691""]",A,candidate
ds_salt_fish_dry_method,12,conditional,logical_necessity,required_ingredient_profiles,"[""sources/master-archive-v1/data/normalized_source_tables/food_system/food_seasonality.csv:SEA004692""]",A,candidate
ds_salt_fish_brine_method,1,conditional,logical_necessity,required_ingredient_profiles,"[""sources/master-archive-v1/data/normalized_source_tables/food_system/food_seasonality.csv:SEA004693""]",B,candidate
ds_salt_fish_brine_method,2,conditional,logical_necessity,required_ingredient_profiles,"[""sources/master-archive-v1/data/normalized_source_tables/food_system/food_seasonality.csv:SEA004694""]",B,candidate
ds_salt_fish_brine_method,3,conditional,logical_necessity,required_ingredient_profiles,"[""sources/master-archive-v1/data/normalized_source_tables/food_system/food_seasonality.csv:SEA004695""]",B,candidate
ds_salt_fish_brine_method,4,conditional,logical_necessity,required_ingredient_profiles,"[""sources/master-archive-v1/data/normalized_source_tables/food_system/food_seasonality.csv:SEA004696""]",B,candidate
ds_salt_fish_brine_method,5,conditional,logical_necessity,required_ingredient_profiles,"[""sources/master-archive-v1/data/normalized_source_tables/food_system/food_seasonality.csv:SEA004697""]",B,candidate
ds_salt_fish_brine_method,6,conditional,logical_necessity,required_ingredient_profiles,"[""sources/master-archive-v1/data/normalized_source_tables/food_system/food_seasonality.csv:SEA004698""]",B,candidate
ds_salt_fish_brine_method,7,conditional,logical_necessity,required_ingredient_profiles,"[""sources/master-archive-v1/data/normalized_source_tables/food_system/food_seasonality.csv:SEA004699""]",B,candidate
ds_salt_fish_brine_method,8,conditional,logical_necessity,required_ingredient_profiles,"[""sources/master-archive-v1/data/normalized_source_tables/food_system/food_seasonality.csv:SEA004700""]",B,candidate
ds_salt_fish_brine_method,9,conditional,logical_necessity,required_ingredient_profiles,"[""sources/master-archive-v1/data/normalized_source_tables/food_system/food_seasonality.csv:SEA004701""]",B,candidate
ds_salt_fish_brine_method,10,conditional,logical_necessity,required_ingredient_profiles,"[""sources/master-archive-v1/data/normalized_source_tables/food_system/food_seasonality.csv:SEA004702""]",B,candidate
ds_salt_fish_brine_method,11,conditional,logical_necessity,required_ingredient_profiles,"[""sources/master-archive-v1/data/normalized_source_tables/food_system/food_seasonality.csv:SEA004703""]",B,candidate
ds_salt_fish_brine_method,12,conditional,logical_necessity,required_ingredient_profiles,"[""sources/master-archive-v1/data/normalized_source_tables/food_system/food_seasonality.csv:SEA004704""]",B,candidate
ds_light_salt_fish,1,conditional,logical_necessity,required_ingredient_profiles,"[""sources/master-archive-v1/data/normalized_source_tables/food_system/food_seasonality.csv:SEA004705""]",A,candidate
ds_light_salt_fish,2,conditional,logical_necessity,required_ingredient_profiles,"[""sources/master-archive-v1/data/normalized_source_tables/food_system/food_seasonality.csv:SEA004706""]",A,candidate
ds_light_salt_fish,3,conditional,logical_necessity,required_ingredient_profiles,"[""sources/master-archive-v1/data/normalized_source_tables/food_system/food_seasonality.csv:SEA004707""]",A,candidate
ds_light_salt_fish,4,conditional,logical_necessity,required_ingredient_profiles,"[""sources/master-archive-v1/data/normalized_source_tables/food_system/food_seasonality.csv:SEA004708""]",A,candidate
ds_light_salt_fish,5,conditional,logical_necessity,required_ingredient_profiles,"[""sources/master-archive-v1/data/normalized_source_tables/food_system/food_seasonality.csv:SEA004709""]",A,candidate
ds_light_salt_fish,6,conditional,logical_necessity,required_ingredient_profiles,"[""sources/master-archive-v1/data/normalized_source_tables/food_system/food_seasonality.csv:SEA004710""]",A,candidate
ds_light_salt_fish,7,conditional,logical_necessity,required_ingredient_profiles,"[""sources/master-archive-v1/data/normalized_source_tables/food_system/food_seasonality.csv:SEA004711""]",A,candidate
ds_light_salt_fish,8,conditional,logical_necessity,required_ingredient_profiles,"[""sources/master-archive-v1/data/normalized_source_tables/food_system/food_seasonality.csv:SEA004712""]",A,candidate
ds_light_salt_fish,9,conditional,logical_necessity,required_ingredient_profiles,"[""sources/master-archive-v1/data/normalized_source_tables/food_system/food_seasonality.csv:SEA004713""]",A,candidate
ds_light_salt_fish,10,conditional,logical_necessity,required_ingredient_profiles,"[""sources/master-archive-v1/data/normalized_source_tables/food_system/food_seasonality.csv:SEA004714""]",A,candidate
ds_light_salt_fish,11,conditional,logical_necessity,required_ingredient_profiles,"[""sources/master-archive-v1/data/normalized_source_tables/food_system/food_seasonality.csv:SEA004715""]",A,candidate
ds_light_salt_fish,12,conditional,logical_necessity,required_ingredient_profiles,"[""sources/master-archive-v1/data/normalized_source_tables/food_system/food_seasonality.csv:SEA004716""]",A,candidate
ds_dry_fish_air,1,conditional,logical_necessity,required_ingredient_profiles,"[""sources/master-archive-v1/data/normalized_source_tables/food_system/food_seasonality.csv:SEA004717""]",A,candidate
ds_dry_fish_air,2,conditional,logical_necessity,required_ingredient_profiles,"[""sources/master-archive-v1/data/normalized_source_tables/food_system/food_seasonality.csv:SEA004718""]",A,candidate
ds_dry_fish_air,3,conditional,logical_necessity,required_ingredient_profiles,"[""sources/master-archive-v1/data/normalized_source_tables/food_system/food_seasonality.csv:SEA004719""]",A,candidate
ds_dry_fish_air,4,conditional,logical_necessity,required_ingredient_profiles,"[""sources/master-archive-v1/data/normalized_source_tables/food_system/food_seasonality.csv:SEA004720""]",A,candidate
ds_dry_fish_air,5,conditional,logical_necessity,required_ingredient_profiles,"[""sources/master-archive-v1/data/normalized_source_tables/food_system/food_seasonality.csv:SEA004721""]",A,candidate
ds_dry_fish_air,6,conditional,logical_necessity,required_ingredient_profiles,"[""sources/master-archive-v1/data/normalized_source_tables/food_system/food_seasonality.csv:SEA004722""]",A,candidate
ds_dry_fish_air,7,conditional,logical_necessity,required_ingredient_profiles,"[""sources/master-archive-v1/data/normalized_source_tables/food_system/food_seasonality.csv:SEA004723""]",A,candidate
ds_dry_fish_air,8,conditional,logical_necessity,required_ingredient_profiles,"[""sources/master-archive-v1/data/normalized_source_tables/food_system/food_seasonality.csv:SEA004724""]",A,candidate
ds_dry_fish_air,9,conditional,logical_necessity,required_ingredient_profiles,"[""sources/master-archive-v1/data/normalized_source_tables/food_system/food_seasonality.csv:SEA004725""]",A,candidate
ds_dry_fish_air,10,conditional,logical_necessity,required_ingredient_profiles,"[""sources/master-archive-v1/data/normalized_source_tables/food_system/food_seasonality.csv:SEA004726""]",A,candidate
ds_dry_fish_air,11,conditional,logical_necessity,required_ingredient_profiles,"[""sources/master-archive-v1/data/normalized_source_tables/food_system/food_seasonality.csv:SEA004727""]",A,candidate
ds_dry_fish_air,12,conditional,logical_necessity,required_ingredient_profiles,"[""sources/master-archive-v1/data/normalized_source_tables/food_system/food_seasonality.csv:SEA004728""]",A,candidate
ds_smoke_fish_deliberate_cautious,1,conditional,logical_necessity,required_ingredient_profiles,"[""sources/master-archive-v1/data/normalized_source_tables/food_system/food_seasonality.csv:SEA004729""]",C,candidate
ds_smoke_fish_deliberate_cautious,2,conditional,logical_necessity,required_ingredient_profiles,"[""sources/master-archive-v1/data/normalized_source_tables/food_system/food_seasonality.csv:SEA004730""]",C,candidate
ds_smoke_fish_deliberate_cautious,3,conditional,logical_necessity,required_ingredient_profiles,"[""sources/master-archive-v1/data/normalized_source_tables/food_system/food_seasonality.csv:SEA004731""]",C,candidate
ds_smoke_fish_deliberate_cautious,4,conditional,logical_necessity,required_ingredient_profiles,"[""sources/master-archive-v1/data/normalized_source_tables/food_system/food_seasonality.csv:SEA004732""]",C,candidate
ds_smoke_fish_deliberate_cautious,5,conditional,logical_necessity,required_ingredient_profiles,"[""sources/master-archive-v1/data/normalized_source_tables/food_system/food_seasonality.csv:SEA004733""]",C,candidate
ds_smoke_fish_deliberate_cautious,6,conditional,logical_necessity,required_ingredient_profiles,"[""sources/master-archive-v1/data/normalized_source_tables/food_system/food_seasonality.csv:SEA004734""]",C,candidate
ds_smoke_fish_deliberate_cautious,7,conditional,logical_necessity,required_ingredient_profiles,"[""sources/master-archive-v1/data/normalized_source_tables/food_system/food_seasonality.csv:SEA004735""]",C,candidate
ds_smoke_fish_deliberate_cautious,8,conditional,logical_necessity,required_ingredient_profiles,"[""sources/master-archive-v1/data/normalized_source_tables/food_system/food_seasonality.csv:SEA004736""]",C,candidate
ds_smoke_fish_deliberate_cautious,9,conditional,logical_necessity,required_ingredient_profiles,"[""sources/master-archive-v1/data/normalized_source_tables/food_system/food_seasonality.csv:SEA004737""]",C,candidate
ds_smoke_fish_deliberate_cautious,10,conditional,logical_necessity,required_ingredient_profiles,"[""sources/master-archive-v1/data/normalized_source_tables/food_system/food_seasonality.csv:SEA004738""]",C,candidate
ds_smoke_fish_deliberate_cautious,11,conditional,logical_necessity,required_ingredient_profiles,"[""sources/master-archive-v1/data/normalized_source_tables/food_system/food_seasonality.csv:SEA004739""]",C,candidate
ds_smoke_fish_deliberate_cautious,12,conditional,logical_necessity,required_ingredient_profiles,"[""sources/master-archive-v1/data/normalized_source_tables/food_system/food_seasonality.csv:SEA004740""]",C,candidate
ds_salt_roe_cautious,1,conditional,logical_necessity,required_ingredient_profiles,"[""sources/master-archive-v1/data/normalized_source_tables/food_system/food_seasonality.csv:SEA004741""]",C,candidate
ds_salt_roe_cautious,2,conditional,logical_necessity,required_ingredient_profiles,"[""sources/master-archive-v1/data/normalized_source_tables/food_system/food_seasonality.csv:SEA004742""]",C,candidate
ds_salt_roe_cautious,3,conditional,logical_necessity,required_ingredient_profiles,"[""sources/master-archive-v1/data/normalized_source_tables/food_system/food_seasonality.csv:SEA004743""]",C,candidate
ds_salt_roe_cautious,4,conditional,logical_necessity,required_ingredient_profiles,"[""sources/master-archive-v1/data/normalized_source_tables/food_system/food_seasonality.csv:SEA004744""]",C,candidate
ds_salt_roe_cautious,5,conditional,logical_necessity,required_ingredient_profiles,"[""sources/master-archive-v1/data/normalized_source_tables/food_system/food_seasonality.csv:SEA004745""]",C,candidate
ds_salt_roe_cautious,6,conditional,logical_necessity,required_ingredient_profiles,"[""sources/master-archive-v1/data/normalized_source_tables/food_system/food_seasonality.csv:SEA004746""]",C,candidate
ds_salt_roe_cautious,7,conditional,logical_necessity,required_ingredient_profiles,"[""sources/master-archive-v1/data/normalized_source_tables/food_system/food_seasonality.csv:SEA004747""]",C,candidate
ds_salt_roe_cautious,8,conditional,logical_necessity,required_ingredient_profiles,"[""sources/master-archive-v1/data/normalized_source_tables/food_system/food_seasonality.csv:SEA004748""]",C,candidate
ds_salt_roe_cautious,9,conditional,logical_necessity,required_ingredient_profiles,"[""sources/master-archive-v1/data/normalized_source_tables/food_system/food_seasonality.csv:SEA004749""]",C,candidate
ds_salt_roe_cautious,10,conditional,logical_necessity,required_ingredient_profiles,"[""sources/master-archive-v1/data/normalized_source_tables/food_system/food_seasonality.csv:SEA004750""]",C,candidate
ds_salt_roe_cautious,11,conditional,logical_necessity,required_ingredient_profiles,"[""sources/master-archive-v1/data/normalized_source_tables/food_system/food_seasonality.csv:SEA004751""]",C,candidate
ds_salt_roe_cautious,12,conditional,logical_necessity,required_ingredient_profiles,"[""sources/master-archive-v1/data/normalized_source_tables/food_system/food_seasonality.csv:SEA004752""]",C,candidate
ds_pike_salted,1,conditional,logical_necessity,required_ingredient_profiles,"[""sources/master-archive-v1/data/normalized_source_tables/food_system/food_seasonality.csv:SEA004753""]",B,candidate
ds_pike_salted,2,conditional,logical_necessity,required_ingredient_profiles,"[""sources/master-archive-v1/data/normalized_source_tables/food_system/food_seasonality.csv:SEA004754""]",B,candidate
ds_pike_salted,3,conditional,logical_necessity,required_ingredient_profiles,"[""sources/master-archive-v1/data/normalized_source_tables/food_system/food_seasonality.csv:SEA004755""]",B,candidate
ds_pike_salted,4,conditional,logical_necessity,required_ingredient_profiles,"[""sources/master-archive-v1/data/normalized_source_tables/food_system/food_seasonality.csv:SEA004756""]",B,candidate
ds_pike_salted,5,conditional,logical_necessity,required_ingredient_profiles,"[""sources/master-archive-v1/data/normalized_source_tables/food_system/food_seasonality.csv:SEA004757""]",B,candidate
ds_pike_salted,6,conditional,logical_necessity,required_ingredient_profiles,"[""sources/master-archive-v1/data/normalized_source_tables/food_system/food_seasonality.csv:SEA004758""]",B,candidate
ds_pike_salted,7,conditional,logical_necessity,required_ingredient_profiles,"[""sources/master-archive-v1/data/normalized_source_tables/food_system/food_seasonality.csv:SEA004759""]",B,candidate
ds_pike_salted,8,conditional,logical_necessity,required_ingredient_profiles,"[""sources/master-archive-v1/data/normalized_source_tables/food_system/food_seasonality.csv:SEA004760""]",B,candidate
ds_pike_salted,9,conditional,logical_necessity,required_ingredient_profiles,"[""sources/master-archive-v1/data/normalized_source_tables/food_system/food_seasonality.csv:SEA004761""]",B,candidate
ds_pike_salted,10,conditional,logical_necessity,required_ingredient_profiles,"[""sources/master-archive-v1/data/normalized_source_tables/food_system/food_seasonality.csv:SEA004762""]",B,candidate
ds_pike_salted,11,conditional,logical_necessity,required_ingredient_profiles,"[""sources/master-archive-v1/data/normalized_source_tables/food_system/food_seasonality.csv:SEA004763""]",B,candidate
ds_pike_salted,12,conditional,logical_necessity,required_ingredient_profiles,"[""sources/master-archive-v1/data/normalized_source_tables/food_system/food_seasonality.csv:SEA004764""]",B,candidate
ds_pike_dried,1,conditional,logical_necessity,required_ingredient_profiles,"[""sources/master-archive-v1/data/normalized_source_tables/food_system/food_seasonality.csv:SEA004765""]",B,candidate
ds_pike_dried,2,conditional,logical_necessity,required_ingredient_profiles,"[""sources/master-archive-v1/data/normalized_source_tables/food_system/food_seasonality.csv:SEA004766""]",B,candidate
ds_pike_dried,3,conditional,logical_necessity,required_ingredient_profiles,"[""sources/master-archive-v1/data/normalized_source_tables/food_system/food_seasonality.csv:SEA004767""]",B,candidate
ds_pike_dried,4,conditional,logical_necessity,required_ingredient_profiles,"[""sources/master-archive-v1/data/normalized_source_tables/food_system/food_seasonality.csv:SEA004768""]",B,candidate
ds_pike_dried,5,conditional,logical_necessity,required_ingredient_profiles,"[""sources/master-archive-v1/data/normalized_source_tables/food_system/food_seasonality.csv:SEA004769""]",B,candidate
ds_pike_dried,6,conditional,logical_necessity,required_ingredient_profiles,"[""sources/master-archive-v1/data/normalized_source_tables/food_system/food_seasonality.csv:SEA004770""]",B,candidate
ds_pike_dried,7,conditional,logical_necessity,required_ingredient_profiles,"[""sources/master-archive-v1/data/normalized_source_tables/food_system/food_seasonality.csv:SEA004771""]",B,candidate
ds_pike_dried,8,conditional,logical_necessity,required_ingredient_profiles,"[""sources/master-archive-v1/data/normalized_source_tables/food_system/food_seasonality.csv:SEA004772""]",B,candidate
ds_pike_dried,9,conditional,logical_necessity,required_ingredient_profiles,"[""sources/master-archive-v1/data/normalized_source_tables/food_system/food_seasonality.csv:SEA004773""]",B,candidate
ds_pike_dried,10,conditional,logical_necessity,required_ingredient_profiles,"[""sources/master-archive-v1/data/normalized_source_tables/food_system/food_seasonality.csv:SEA004774""]",B,candidate
ds_pike_dried,11,conditional,logical_necessity,required_ingredient_profiles,"[""sources/master-archive-v1/data/normalized_source_tables/food_system/food_seasonality.csv:SEA004775""]",B,candidate
ds_pike_dried,12,conditional,logical_necessity,required_ingredient_profiles,"[""sources/master-archive-v1/data/normalized_source_tables/food_system/food_seasonality.csv:SEA004776""]",B,candidate
ds_zander_salted,1,conditional,logical_necessity,required_ingredient_profiles,"[""sources/master-archive-v1/data/normalized_source_tables/food_system/food_seasonality.csv:SEA004777""]",B,candidate
ds_zander_salted,2,conditional,logical_necessity,required_ingredient_profiles,"[""sources/master-archive-v1/data/normalized_source_tables/food_system/food_seasonality.csv:SEA004778""]",B,candidate
ds_zander_salted,3,conditional,logical_necessity,required_ingredient_profiles,"[""sources/master-archive-v1/data/normalized_source_tables/food_system/food_seasonality.csv:SEA004779""]",B,candidate
ds_zander_salted,4,conditional,logical_necessity,required_ingredient_profiles,"[""sources/master-archive-v1/data/normalized_source_tables/food_system/food_seasonality.csv:SEA004780""]",B,candidate
ds_zander_salted,5,conditional,logical_necessity,required_ingredient_profiles,"[""sources/master-archive-v1/data/normalized_source_tables/food_system/food_seasonality.csv:SEA004781""]",B,candidate
ds_zander_salted,6,conditional,logical_necessity,required_ingredient_profiles,"[""sources/master-archive-v1/data/normalized_source_tables/food_system/food_seasonality.csv:SEA004782""]",B,candidate
ds_zander_salted,7,conditional,logical_necessity,required_ingredient_profiles,"[""sources/master-archive-v1/data/normalized_source_tables/food_system/food_seasonality.csv:SEA004783""]",B,candidate
ds_zander_salted,8,conditional,logical_necessity,required_ingredient_profiles,"[""sources/master-archive-v1/data/normalized_source_tables/food_system/food_seasonality.csv:SEA004784""]",B,candidate
ds_zander_salted,9,conditional,logical_necessity,required_ingredient_profiles,"[""sources/master-archive-v1/data/normalized_source_tables/food_system/food_seasonality.csv:SEA004785""]",B,candidate
ds_zander_salted,10,conditional,logical_necessity,required_ingredient_profiles,"[""sources/master-archive-v1/data/normalized_source_tables/food_system/food_seasonality.csv:SEA004786""]",B,candidate
ds_zander_salted,11,conditional,logical_necessity,required_ingredient_profiles,"[""sources/master-archive-v1/data/normalized_source_tables/food_system/food_seasonality.csv:SEA004787""]",B,candidate
ds_zander_salted,12,conditional,logical_necessity,required_ingredient_profiles,"[""sources/master-archive-v1/data/normalized_source_tables/food_system/food_seasonality.csv:SEA004788""]",B,candidate
ds_zander_dried,1,conditional,logical_necessity,required_ingredient_profiles,"[""sources/master-archive-v1/data/normalized_source_tables/food_system/food_seasonality.csv:SEA004789""]",B,candidate
ds_zander_dried,2,conditional,logical_necessity,required_ingredient_profiles,"[""sources/master-archive-v1/data/normalized_source_tables/food_system/food_seasonality.csv:SEA004790""]",B,candidate
ds_zander_dried,3,conditional,logical_necessity,required_ingredient_profiles,"[""sources/master-archive-v1/data/normalized_source_tables/food_system/food_seasonality.csv:SEA004791""]",B,candidate
ds_zander_dried,4,conditional,logical_necessity,required_ingredient_profiles,"[""sources/master-archive-v1/data/normalized_source_tables/food_system/food_seasonality.csv:SEA004792""]",B,candidate
ds_zander_dried,5,conditional,logical_necessity,required_ingredient_profiles,"[""sources/master-archive-v1/data/normalized_source_tables/food_system/food_seasonality.csv:SEA004793""]",B,candidate
ds_zander_dried,6,conditional,logical_necessity,required_ingredient_profiles,"[""sources/master-archive-v1/data/normalized_source_tables/food_system/food_seasonality.csv:SEA004794""]",B,candidate
ds_zander_dried,7,conditional,logical_necessity,required_ingredient_profiles,"[""sources/master-archive-v1/data/normalized_source_tables/food_system/food_seasonality.csv:SEA004795""]",B,candidate
ds_zander_dried,8,conditional,logical_necessity,required_ingredient_profiles,"[""sources/master-archive-v1/data/normalized_source_tables/food_system/food_seasonality.csv:SEA004796""]",B,candidate
ds_zander_dried,9,conditional,logical_necessity,required_ingredient_profiles,"[""sources/master-archive-v1/data/normalized_source_tables/food_system/food_seasonality.csv:SEA004797""]",B,candidate
ds_zander_dried,10,conditional,logical_necessity,required_ingredient_profiles,"[""sources/master-archive-v1/data/normalized_source_tables/food_system/food_seasonality.csv:SEA004798""]",B,candidate
ds_zander_dried,11,conditional,logical_necessity,required_ingredient_profiles,"[""sources/master-archive-v1/data/normalized_source_tables/food_system/food_seasonality.csv:SEA004799""]",B,candidate
ds_zander_dried,12,conditional,logical_necessity,required_ingredient_profiles,"[""sources/master-archive-v1/data/normalized_source_tables/food_system/food_seasonality.csv:SEA004800""]",B,candidate
ds_cyprinid_salted,1,conditional,logical_necessity,required_ingredient_profiles,"[""sources/master-archive-v1/data/normalized_source_tables/food_system/food_seasonality.csv:SEA004801""]",B,candidate
ds_cyprinid_salted,2,conditional,logical_necessity,required_ingredient_profiles,"[""sources/master-archive-v1/data/normalized_source_tables/food_system/food_seasonality.csv:SEA004802""]",B,candidate
ds_cyprinid_salted,3,conditional,logical_necessity,required_ingredient_profiles,"[""sources/master-archive-v1/data/normalized_source_tables/food_system/food_seasonality.csv:SEA004803""]",B,candidate
ds_cyprinid_salted,4,conditional,logical_necessity,required_ingredient_profiles,"[""sources/master-archive-v1/data/normalized_source_tables/food_system/food_seasonality.csv:SEA004804""]",B,candidate
ds_cyprinid_salted,5,conditional,logical_necessity,required_ingredient_profiles,"[""sources/master-archive-v1/data/normalized_source_tables/food_system/food_seasonality.csv:SEA004805""]",B,candidate
ds_cyprinid_salted,6,conditional,logical_necessity,required_ingredient_profiles,"[""sources/master-archive-v1/data/normalized_source_tables/food_system/food_seasonality.csv:SEA004806""]",B,candidate
ds_cyprinid_salted,7,conditional,logical_necessity,required_ingredient_profiles,"[""sources/master-archive-v1/data/normalized_source_tables/food_system/food_seasonality.csv:SEA004807""]",B,candidate
ds_cyprinid_salted,8,conditional,logical_necessity,required_ingredient_profiles,"[""sources/master-archive-v1/data/normalized_source_tables/food_system/food_seasonality.csv:SEA004808""]",B,candidate
ds_cyprinid_salted,9,conditional,logical_necessity,required_ingredient_profiles,"[""sources/master-archive-v1/data/normalized_source_tables/food_system/food_seasonality.csv:SEA004809""]",B,candidate
ds_cyprinid_salted,10,conditional,logical_necessity,required_ingredient_profiles,"[""sources/master-archive-v1/data/normalized_source_tables/food_system/food_seasonality.csv:SEA004810""]",B,candidate
ds_cyprinid_salted,11,conditional,logical_necessity,required_ingredient_profiles,"[""sources/master-archive-v1/data/normalized_source_tables/food_system/food_seasonality.csv:SEA004811""]",B,candidate
ds_cyprinid_salted,12,conditional,logical_necessity,required_ingredient_profiles,"[""sources/master-archive-v1/data/normalized_source_tables/food_system/food_seasonality.csv:SEA004812""]",B,candidate
ds_cyprinid_dried,1,conditional,logical_necessity,required_ingredient_profiles,"[""sources/master-archive-v1/data/normalized_source_tables/food_system/food_seasonality.csv:SEA004813""]",B,candidate
ds_cyprinid_dried,2,conditional,logical_necessity,required_ingredient_profiles,"[""sources/master-archive-v1/data/normalized_source_tables/food_system/food_seasonality.csv:SEA004814""]",B,candidate
ds_cyprinid_dried,3,conditional,logical_necessity,required_ingredient_profiles,"[""sources/master-archive-v1/data/normalized_source_tables/food_system/food_seasonality.csv:SEA004815""]",B,candidate
ds_cyprinid_dried,4,conditional,logical_necessity,required_ingredient_profiles,"[""sources/master-archive-v1/data/normalized_source_tables/food_system/food_seasonality.csv:SEA004816""]",B,candidate
ds_cyprinid_dried,5,conditional,logical_necessity,required_ingredient_profiles,"[""sources/master-archive-v1/data/normalized_source_tables/food_system/food_seasonality.csv:SEA004817""]",B,candidate
ds_cyprinid_dried,6,conditional,logical_necessity,required_ingredient_profiles,"[""sources/master-archive-v1/data/normalized_source_tables/food_system/food_seasonality.csv:SEA004818""]",B,candidate
ds_cyprinid_dried,7,conditional,logical_necessity,required_ingredient_profiles,"[""sources/master-archive-v1/data/normalized_source_tables/food_system/food_seasonality.csv:SEA004819""]",B,candidate
ds_cyprinid_dried,8,conditional,logical_necessity,required_ingredient_profiles,"[""sources/master-archive-v1/data/normalized_source_tables/food_system/food_seasonality.csv:SEA004820""]",B,candidate
ds_cyprinid_dried,9,conditional,logical_necessity,required_ingredient_profiles,"[""sources/master-archive-v1/data/normalized_source_tables/food_system/food_seasonality.csv:SEA004821""]",B,candidate
ds_cyprinid_dried,10,conditional,logical_necessity,required_ingredient_profiles,"[""sources/master-archive-v1/data/normalized_source_tables/food_system/food_seasonality.csv:SEA004822""]",B,candidate
ds_cyprinid_dried,11,conditional,logical_necessity,required_ingredient_profiles,"[""sources/master-archive-v1/data/normalized_source_tables/food_system/food_seasonality.csv:SEA004823""]",B,candidate
ds_cyprinid_dried,12,conditional,logical_necessity,required_ingredient_profiles,"[""sources/master-archive-v1/data/normalized_source_tables/food_system/food_seasonality.csv:SEA004824""]",B,candidate
ds_bream_salted,1,conditional,logical_necessity,required_ingredient_profiles,"[""sources/master-archive-v1/data/normalized_source_tables/food_system/food_seasonality.csv:SEA004825""]",B,candidate
ds_bream_salted,2,conditional,logical_necessity,required_ingredient_profiles,"[""sources/master-archive-v1/data/normalized_source_tables/food_system/food_seasonality.csv:SEA004826""]",B,candidate
ds_bream_salted,3,conditional,logical_necessity,required_ingredient_profiles,"[""sources/master-archive-v1/data/normalized_source_tables/food_system/food_seasonality.csv:SEA004827""]",B,candidate
ds_bream_salted,4,conditional,logical_necessity,required_ingredient_profiles,"[""sources/master-archive-v1/data/normalized_source_tables/food_system/food_seasonality.csv:SEA004828""]",B,candidate
ds_bream_salted,5,conditional,logical_necessity,required_ingredient_profiles,"[""sources/master-archive-v1/data/normalized_source_tables/food_system/food_seasonality.csv:SEA004829""]",B,candidate
ds_bream_salted,6,conditional,logical_necessity,required_ingredient_profiles,"[""sources/master-archive-v1/data/normalized_source_tables/food_system/food_seasonality.csv:SEA004830""]",B,candidate
ds_bream_salted,7,conditional,logical_necessity,required_ingredient_profiles,"[""sources/master-archive-v1/data/normalized_source_tables/food_system/food_seasonality.csv:SEA004831""]",B,candidate
ds_bream_salted,8,conditional,logical_necessity,required_ingredient_profiles,"[""sources/master-archive-v1/data/normalized_source_tables/food_system/food_seasonality.csv:SEA004832""]",B,candidate
ds_bream_salted,9,conditional,logical_necessity,required_ingredient_profiles,"[""sources/master-archive-v1/data/normalized_source_tables/food_system/food_seasonality.csv:SEA004833""]",B,candidate
ds_bream_salted,10,conditional,logical_necessity,required_ingredient_profiles,"[""sources/master-archive-v1/data/normalized_source_tables/food_system/food_seasonality.csv:SEA004834""]",B,candidate
ds_bream_salted,11,conditional,logical_necessity,required_ingredient_profiles,"[""sources/master-archive-v1/data/normalized_source_tables/food_system/food_seasonality.csv:SEA004835""]",B,candidate
ds_bream_salted,12,conditional,logical_necessity,required_ingredient_profiles,"[""sources/master-archive-v1/data/normalized_source_tables/food_system/food_seasonality.csv:SEA004836""]",B,candidate
ds_bream_dried,1,conditional,logical_necessity,required_ingredient_profiles,"[""sources/master-archive-v1/data/normalized_source_tables/food_system/food_seasonality.csv:SEA004837""]",B,candidate
ds_bream_dried,2,conditional,logical_necessity,required_ingredient_profiles,"[""sources/master-archive-v1/data/normalized_source_tables/food_system/food_seasonality.csv:SEA004838""]",B,candidate
ds_bream_dried,3,conditional,logical_necessity,required_ingredient_profiles,"[""sources/master-archive-v1/data/normalized_source_tables/food_system/food_seasonality.csv:SEA004839""]",B,candidate
ds_bream_dried,4,conditional,logical_necessity,required_ingredient_profiles,"[""sources/master-archive-v1/data/normalized_source_tables/food_system/food_seasonality.csv:SEA004840""]",B,candidate
ds_bream_dried,5,conditional,logical_necessity,required_ingredient_profiles,"[""sources/master-archive-v1/data/normalized_source_tables/food_system/food_seasonality.csv:SEA004841""]",B,candidate
ds_bream_dried,6,conditional,logical_necessity,required_ingredient_profiles,"[""sources/master-archive-v1/data/normalized_source_tables/food_system/food_seasonality.csv:SEA004842""]",B,candidate
ds_bream_dried,7,conditional,logical_necessity,required_ingredient_profiles,"[""sources/master-archive-v1/data/normalized_source_tables/food_system/food_seasonality.csv:SEA004843""]",B,candidate
ds_bream_dried,8,conditional,logical_necessity,required_ingredient_profiles,"[""sources/master-archive-v1/data/normalized_source_tables/food_system/food_seasonality.csv:SEA004844""]",B,candidate
ds_bream_dried,9,conditional,logical_necessity,required_ingredient_profiles,"[""sources/master-archive-v1/data/normalized_source_tables/food_system/food_seasonality.csv:SEA004845""]",B,candidate
ds_bream_dried,10,conditional,logical_necessity,required_ingredient_profiles,"[""sources/master-archive-v1/data/normalized_source_tables/food_system/food_seasonality.csv:SEA004846""]",B,candidate
ds_bream_dried,11,conditional,logical_necessity,required_ingredient_profiles,"[""sources/master-archive-v1/data/normalized_source_tables/food_system/food_seasonality.csv:SEA004847""]",B,candidate
ds_bream_dried,12,conditional,logical_necessity,required_ingredient_profiles,"[""sources/master-archive-v1/data/normalized_source_tables/food_system/food_seasonality.csv:SEA004848""]",B,candidate
ds_roach_salted,1,conditional,logical_necessity,required_ingredient_profiles,"[""sources/master-archive-v1/data/normalized_source_tables/food_system/food_seasonality.csv:SEA004849""]",B,candidate
ds_roach_salted,2,conditional,logical_necessity,required_ingredient_profiles,"[""sources/master-archive-v1/data/normalized_source_tables/food_system/food_seasonality.csv:SEA004850""]",B,candidate
ds_roach_salted,3,conditional,logical_necessity,required_ingredient_profiles,"[""sources/master-archive-v1/data/normalized_source_tables/food_system/food_seasonality.csv:SEA004851""]",B,candidate
ds_roach_salted,4,conditional,logical_necessity,required_ingredient_profiles,"[""sources/master-archive-v1/data/normalized_source_tables/food_system/food_seasonality.csv:SEA004852""]",B,candidate
ds_roach_salted,5,conditional,logical_necessity,required_ingredient_profiles,"[""sources/master-archive-v1/data/normalized_source_tables/food_system/food_seasonality.csv:SEA004853""]",B,candidate
ds_roach_salted,6,conditional,logical_necessity,required_ingredient_profiles,"[""sources/master-archive-v1/data/normalized_source_tables/food_system/food_seasonality.csv:SEA004854""]",B,candidate
ds_roach_salted,7,conditional,logical_necessity,required_ingredient_profiles,"[""sources/master-archive-v1/data/normalized_source_tables/food_system/food_seasonality.csv:SEA004855""]",B,candidate
ds_roach_salted,8,conditional,logical_necessity,required_ingredient_profiles,"[""sources/master-archive-v1/data/normalized_source_tables/food_system/food_seasonality.csv:SEA004856""]",B,candidate
ds_roach_salted,9,conditional,logical_necessity,required_ingredient_profiles,"[""sources/master-archive-v1/data/normalized_source_tables/food_system/food_seasonality.csv:SEA004857""]",B,candidate
ds_roach_salted,10,conditional,logical_necessity,required_ingredient_profiles,"[""sources/master-archive-v1/data/normalized_source_tables/food_system/food_seasonality.csv:SEA004858""]",B,candidate
ds_roach_salted,11,conditional,logical_necessity,required_ingredient_profiles,"[""sources/master-archive-v1/data/normalized_source_tables/food_system/food_seasonality.csv:SEA004859""]",B,candidate
ds_roach_salted,12,conditional,logical_necessity,required_ingredient_profiles,"[""sources/master-archive-v1/data/normalized_source_tables/food_system/food_seasonality.csv:SEA004860""]",B,candidate
ds_roach_dried,1,conditional,logical_necessity,required_ingredient_profiles,"[""sources/master-archive-v1/data/normalized_source_tables/food_system/food_seasonality.csv:SEA004861""]",B,candidate
ds_roach_dried,2,conditional,logical_necessity,required_ingredient_profiles,"[""sources/master-archive-v1/data/normalized_source_tables/food_system/food_seasonality.csv:SEA004862""]",B,candidate
ds_roach_dried,3,conditional,logical_necessity,required_ingredient_profiles,"[""sources/master-archive-v1/data/normalized_source_tables/food_system/food_seasonality.csv:SEA004863""]",B,candidate
ds_roach_dried,4,conditional,logical_necessity,required_ingredient_profiles,"[""sources/master-archive-v1/data/normalized_source_tables/food_system/food_seasonality.csv:SEA004864""]",B,candidate
ds_roach_dried,5,conditional,logical_necessity,required_ingredient_profiles,"[""sources/master-archive-v1/data/normalized_source_tables/food_system/food_seasonality.csv:SEA004865""]",B,candidate
ds_roach_dried,6,conditional,logical_necessity,required_ingredient_profiles,"[""sources/master-archive-v1/data/normalized_source_tables/food_system/food_seasonality.csv:SEA004866""]",B,candidate
ds_roach_dried,7,conditional,logical_necessity,required_ingredient_profiles,"[""sources/master-archive-v1/data/normalized_source_tables/food_system/food_seasonality.csv:SEA004867""]",B,candidate
ds_roach_dried,8,conditional,logical_necessity,required_ingredient_profiles,"[""sources/master-archive-v1/data/normalized_source_tables/food_system/food_seasonality.csv:SEA004868""]",B,candidate
ds_roach_dried,9,conditional,logical_necessity,required_ingredient_profiles,"[""sources/master-archive-v1/data/normalized_source_tables/food_system/food_seasonality.csv:SEA004869""]",B,candidate
ds_roach_dried,10,conditional,logical_necessity,required_ingredient_profiles,"[""sources/master-archive-v1/data/normalized_source_tables/food_system/food_seasonality.csv:SEA004870""]",B,candidate
ds_roach_dried,11,conditional,logical_necessity,required_ingredient_profiles,"[""sources/master-archive-v1/data/normalized_source_tables/food_system/food_seasonality.csv:SEA004871""]",B,candidate
ds_roach_dried,12,conditional,logical_necessity,required_ingredient_profiles,"[""sources/master-archive-v1/data/normalized_source_tables/food_system/food_seasonality.csv:SEA004872""]",B,candidate
ds_perch_salted,1,conditional,logical_necessity,required_ingredient_profiles,"[""sources/master-archive-v1/data/normalized_source_tables/food_system/food_seasonality.csv:SEA004873""]",B,candidate
ds_perch_salted,2,conditional,logical_necessity,required_ingredient_profiles,"[""sources/master-archive-v1/data/normalized_source_tables/food_system/food_seasonality.csv:SEA004874""]",B,candidate
ds_perch_salted,3,conditional,logical_necessity,required_ingredient_profiles,"[""sources/master-archive-v1/data/normalized_source_tables/food_system/food_seasonality.csv:SEA004875""]",B,candidate
ds_perch_salted,4,conditional,logical_necessity,required_ingredient_profiles,"[""sources/master-archive-v1/data/normalized_source_tables/food_system/food_seasonality.csv:SEA004876""]",B,candidate
ds_perch_salted,5,conditional,logical_necessity,required_ingredient_profiles,"[""sources/master-archive-v1/data/normalized_source_tables/food_system/food_seasonality.csv:SEA004877""]",B,candidate
ds_perch_salted,6,conditional,logical_necessity,required_ingredient_profiles,"[""sources/master-archive-v1/data/normalized_source_tables/food_system/food_seasonality.csv:SEA004878""]",B,candidate
ds_perch_salted,7,conditional,logical_necessity,required_ingredient_profiles,"[""sources/master-archive-v1/data/normalized_source_tables/food_system/food_seasonality.csv:SEA004879""]",B,candidate
ds_perch_salted,8,conditional,logical_necessity,required_ingredient_profiles,"[""sources/master-archive-v1/data/normalized_source_tables/food_system/food_seasonality.csv:SEA004880""]",B,candidate
ds_perch_salted,9,conditional,logical_necessity,required_ingredient_profiles,"[""sources/master-archive-v1/data/normalized_source_tables/food_system/food_seasonality.csv:SEA004881""]",B,candidate
ds_perch_salted,10,conditional,logical_necessity,required_ingredient_profiles,"[""sources/master-archive-v1/data/normalized_source_tables/food_system/food_seasonality.csv:SEA004882""]",B,candidate
ds_perch_salted,11,conditional,logical_necessity,required_ingredient_profiles,"[""sources/master-archive-v1/data/normalized_source_tables/food_system/food_seasonality.csv:SEA004883""]",B,candidate
ds_perch_salted,12,conditional,logical_necessity,required_ingredient_profiles,"[""sources/master-archive-v1/data/normalized_source_tables/food_system/food_seasonality.csv:SEA004884""]",B,candidate
ds_perch_dried,1,conditional,logical_necessity,required_ingredient_profiles,"[""sources/master-archive-v1/data/normalized_source_tables/food_system/food_seasonality.csv:SEA004885""]",B,candidate
ds_perch_dried,2,conditional,logical_necessity,required_ingredient_profiles,"[""sources/master-archive-v1/data/normalized_source_tables/food_system/food_seasonality.csv:SEA004886""]",B,candidate
ds_perch_dried,3,conditional,logical_necessity,required_ingredient_profiles,"[""sources/master-archive-v1/data/normalized_source_tables/food_system/food_seasonality.csv:SEA004887""]",B,candidate
ds_perch_dried,4,conditional,logical_necessity,required_ingredient_profiles,"[""sources/master-archive-v1/data/normalized_source_tables/food_system/food_seasonality.csv:SEA004888""]",B,candidate
ds_perch_dried,5,conditional,logical_necessity,required_ingredient_profiles,"[""sources/master-archive-v1/data/normalized_source_tables/food_system/food_seasonality.csv:SEA004889""]",B,candidate
ds_perch_dried,6,conditional,logical_necessity,required_ingredient_profiles,"[""sources/master-archive-v1/data/normalized_source_tables/food_system/food_seasonality.csv:SEA004890""]",B,candidate
ds_perch_dried,7,conditional,logical_necessity,required_ingredient_profiles,"[""sources/master-archive-v1/data/normalized_source_tables/food_system/food_seasonality.csv:SEA004891""]",B,candidate
ds_perch_dried,8,conditional,logical_necessity,required_ingredient_profiles,"[""sources/master-archive-v1/data/normalized_source_tables/food_system/food_seasonality.csv:SEA004892""]",B,candidate
ds_perch_dried,9,conditional,logical_necessity,required_ingredient_profiles,"[""sources/master-archive-v1/data/normalized_source_tables/food_system/food_seasonality.csv:SEA004893""]",B,candidate
ds_perch_dried,10,conditional,logical_necessity,required_ingredient_profiles,"[""sources/master-archive-v1/data/normalized_source_tables/food_system/food_seasonality.csv:SEA004894""]",B,candidate
ds_perch_dried,11,conditional,logical_necessity,required_ingredient_profiles,"[""sources/master-archive-v1/data/normalized_source_tables/food_system/food_seasonality.csv:SEA004895""]",B,candidate
ds_perch_dried,12,conditional,logical_necessity,required_ingredient_profiles,"[""sources/master-archive-v1/data/normalized_source_tables/food_system/food_seasonality.csv:SEA004896""]",B,candidate
ds_ruff_salted,1,conditional,logical_necessity,required_ingredient_profiles,"[""sources/master-archive-v1/data/normalized_source_tables/food_system/food_seasonality.csv:SEA004897""]",B,candidate
ds_ruff_salted,2,conditional,logical_necessity,required_ingredient_profiles,"[""sources/master-archive-v1/data/normalized_source_tables/food_system/food_seasonality.csv:SEA004898""]",B,candidate
ds_ruff_salted,3,conditional,logical_necessity,required_ingredient_profiles,"[""sources/master-archive-v1/data/normalized_source_tables/food_system/food_seasonality.csv:SEA004899""]",B,candidate
ds_ruff_salted,4,conditional,logical_necessity,required_ingredient_profiles,"[""sources/master-archive-v1/data/normalized_source_tables/food_system/food_seasonality.csv:SEA004900""]",B,candidate
ds_ruff_salted,5,conditional,logical_necessity,required_ingredient_profiles,"[""sources/master-archive-v1/data/normalized_source_tables/food_system/food_seasonality.csv:SEA004901""]",B,candidate
ds_ruff_salted,6,conditional,logical_necessity,required_ingredient_profiles,"[""sources/master-archive-v1/data/normalized_source_tables/food_system/food_seasonality.csv:SEA004902""]",B,candidate
ds_ruff_salted,7,conditional,logical_necessity,required_ingredient_profiles,"[""sources/master-archive-v1/data/normalized_source_tables/food_system/food_seasonality.csv:SEA004903""]",B,candidate
ds_ruff_salted,8,conditional,logical_necessity,required_ingredient_profiles,"[""sources/master-archive-v1/data/normalized_source_tables/food_system/food_seasonality.csv:SEA004904""]",B,candidate
ds_ruff_salted,9,conditional,logical_necessity,required_ingredient_profiles,"[""sources/master-archive-v1/data/normalized_source_tables/food_system/food_seasonality.csv:SEA004905""]",B,candidate
ds_ruff_salted,10,conditional,logical_necessity,required_ingredient_profiles,"[""sources/master-archive-v1/data/normalized_source_tables/food_system/food_seasonality.csv:SEA004906""]",B,candidate
ds_ruff_salted,11,conditional,logical_necessity,required_ingredient_profiles,"[""sources/master-archive-v1/data/normalized_source_tables/food_system/food_seasonality.csv:SEA004907""]",B,candidate
ds_ruff_salted,12,conditional,logical_necessity,required_ingredient_profiles,"[""sources/master-archive-v1/data/normalized_source_tables/food_system/food_seasonality.csv:SEA004908""]",B,candidate
ds_ruff_dried,1,conditional,logical_necessity,required_ingredient_profiles,"[""sources/master-archive-v1/data/normalized_source_tables/food_system/food_seasonality.csv:SEA004909""]",B,candidate
ds_ruff_dried,2,conditional,logical_necessity,required_ingredient_profiles,"[""sources/master-archive-v1/data/normalized_source_tables/food_system/food_seasonality.csv:SEA004910""]",B,candidate
ds_ruff_dried,3,conditional,logical_necessity,required_ingredient_profiles,"[""sources/master-archive-v1/data/normalized_source_tables/food_system/food_seasonality.csv:SEA004911""]",B,candidate
ds_ruff_dried,4,conditional,logical_necessity,required_ingredient_profiles,"[""sources/master-archive-v1/data/normalized_source_tables/food_system/food_seasonality.csv:SEA004912""]",B,candidate
ds_ruff_dried,5,conditional,logical_necessity,required_ingredient_profiles,"[""sources/master-archive-v1/data/normalized_source_tables/food_system/food_seasonality.csv:SEA004913""]",B,candidate
ds_ruff_dried,6,conditional,logical_necessity,required_ingredient_profiles,"[""sources/master-archive-v1/data/normalized_source_tables/food_system/food_seasonality.csv:SEA004914""]",B,candidate
ds_ruff_dried,7,conditional,logical_necessity,required_ingredient_profiles,"[""sources/master-archive-v1/data/normalized_source_tables/food_system/food_seasonality.csv:SEA004915""]",B,candidate
ds_ruff_dried,8,conditional,logical_necessity,required_ingredient_profiles,"[""sources/master-archive-v1/data/normalized_source_tables/food_system/food_seasonality.csv:SEA004916""]",B,candidate
ds_ruff_dried,9,conditional,logical_necessity,required_ingredient_profiles,"[""sources/master-archive-v1/data/normalized_source_tables/food_system/food_seasonality.csv:SEA004917""]",B,candidate
ds_ruff_dried,10,conditional,logical_necessity,required_ingredient_profiles,"[""sources/master-archive-v1/data/normalized_source_tables/food_system/food_seasonality.csv:SEA004918""]",B,candidate
ds_ruff_dried,11,conditional,logical_necessity,required_ingredient_profiles,"[""sources/master-archive-v1/data/normalized_source_tables/food_system/food_seasonality.csv:SEA004919""]",B,candidate
ds_ruff_dried,12,conditional,logical_necessity,required_ingredient_profiles,"[""sources/master-archive-v1/data/normalized_source_tables/food_system/food_seasonality.csv:SEA004920""]",B,candidate
ds_catfish_salted,1,conditional,logical_necessity,required_ingredient_profiles,"[""sources/master-archive-v1/data/normalized_source_tables/food_system/food_seasonality.csv:SEA004921""]",C,candidate
ds_catfish_salted,2,conditional,logical_necessity,required_ingredient_profiles,"[""sources/master-archive-v1/data/normalized_source_tables/food_system/food_seasonality.csv:SEA004922""]",C,candidate
ds_catfish_salted,3,conditional,logical_necessity,required_ingredient_profiles,"[""sources/master-archive-v1/data/normalized_source_tables/food_system/food_seasonality.csv:SEA004923""]",C,candidate
ds_catfish_salted,4,conditional,logical_necessity,required_ingredient_profiles,"[""sources/master-archive-v1/data/normalized_source_tables/food_system/food_seasonality.csv:SEA004924""]",C,candidate
ds_catfish_salted,5,conditional,logical_necessity,required_ingredient_profiles,"[""sources/master-archive-v1/data/normalized_source_tables/food_system/food_seasonality.csv:SEA004925""]",C,candidate
ds_catfish_salted,6,conditional,logical_necessity,required_ingredient_profiles,"[""sources/master-archive-v1/data/normalized_source_tables/food_system/food_seasonality.csv:SEA004926""]",C,candidate
ds_catfish_salted,7,conditional,logical_necessity,required_ingredient_profiles,"[""sources/master-archive-v1/data/normalized_source_tables/food_system/food_seasonality.csv:SEA004927""]",C,candidate
ds_catfish_salted,8,conditional,logical_necessity,required_ingredient_profiles,"[""sources/master-archive-v1/data/normalized_source_tables/food_system/food_seasonality.csv:SEA004928""]",C,candidate
ds_catfish_salted,9,conditional,logical_necessity,required_ingredient_profiles,"[""sources/master-archive-v1/data/normalized_source_tables/food_system/food_seasonality.csv:SEA004929""]",C,candidate
ds_catfish_salted,10,conditional,logical_necessity,required_ingredient_profiles,"[""sources/master-archive-v1/data/normalized_source_tables/food_system/food_seasonality.csv:SEA004930""]",C,candidate
ds_catfish_salted,11,conditional,logical_necessity,required_ingredient_profiles,"[""sources/master-archive-v1/data/normalized_source_tables/food_system/food_seasonality.csv:SEA004931""]",C,candidate
ds_catfish_salted,12,conditional,logical_necessity,required_ingredient_profiles,"[""sources/master-archive-v1/data/normalized_source_tables/food_system/food_seasonality.csv:SEA004932""]",C,candidate
ds_catfish_dried,1,conditional,logical_necessity,required_ingredient_profiles,"[""sources/master-archive-v1/data/normalized_source_tables/food_system/food_seasonality.csv:SEA004933""]",C,candidate
ds_catfish_dried,2,conditional,logical_necessity,required_ingredient_profiles,"[""sources/master-archive-v1/data/normalized_source_tables/food_system/food_seasonality.csv:SEA004934""]",C,candidate
ds_catfish_dried,3,conditional,logical_necessity,required_ingredient_profiles,"[""sources/master-archive-v1/data/normalized_source_tables/food_system/food_seasonality.csv:SEA004935""]",C,candidate
ds_catfish_dried,4,conditional,logical_necessity,required_ingredient_profiles,"[""sources/master-archive-v1/data/normalized_source_tables/food_system/food_seasonality.csv:SEA004936""]",C,candidate
ds_catfish_dried,5,conditional,logical_necessity,required_ingredient_profiles,"[""sources/master-archive-v1/data/normalized_source_tables/food_system/food_seasonality.csv:SEA004937""]",C,candidate
ds_catfish_dried,6,conditional,logical_necessity,required_ingredient_profiles,"[""sources/master-archive-v1/data/normalized_source_tables/food_system/food_seasonality.csv:SEA004938""]",C,candidate
ds_catfish_dried,7,conditional,logical_necessity,required_ingredient_profiles,"[""sources/master-archive-v1/data/normalized_source_tables/food_system/food_seasonality.csv:SEA004939""]",C,candidate
ds_catfish_dried,8,conditional,logical_necessity,required_ingredient_profiles,"[""sources/master-archive-v1/data/normalized_source_tables/food_system/food_seasonality.csv:SEA004940""]",C,candidate
ds_catfish_dried,9,conditional,logical_necessity,required_ingredient_profiles,"[""sources/master-archive-v1/data/normalized_source_tables/food_system/food_seasonality.csv:SEA004941""]",C,candidate
ds_catfish_dried,10,conditional,logical_necessity,required_ingredient_profiles,"[""sources/master-archive-v1/data/normalized_source_tables/food_system/food_seasonality.csv:SEA004942""]",C,candidate
ds_catfish_dried,11,conditional,logical_necessity,required_ingredient_profiles,"[""sources/master-archive-v1/data/normalized_source_tables/food_system/food_seasonality.csv:SEA004943""]",C,candidate
ds_catfish_dried,12,conditional,logical_necessity,required_ingredient_profiles,"[""sources/master-archive-v1/data/normalized_source_tables/food_system/food_seasonality.csv:SEA004944""]",C,candidate
ds_whitefish_salted,1,conditional,logical_necessity,required_ingredient_profiles,"[""sources/master-archive-v1/data/normalized_source_tables/food_system/food_seasonality.csv:SEA004945""]",B,candidate
ds_whitefish_salted,2,conditional,logical_necessity,required_ingredient_profiles,"[""sources/master-archive-v1/data/normalized_source_tables/food_system/food_seasonality.csv:SEA004946""]",B,candidate
ds_whitefish_salted,3,conditional,logical_necessity,required_ingredient_profiles,"[""sources/master-archive-v1/data/normalized_source_tables/food_system/food_seasonality.csv:SEA004947""]",B,candidate
ds_whitefish_salted,4,conditional,logical_necessity,required_ingredient_profiles,"[""sources/master-archive-v1/data/normalized_source_tables/food_system/food_seasonality.csv:SEA004948""]",B,candidate
ds_whitefish_salted,5,conditional,logical_necessity,required_ingredient_profiles,"[""sources/master-archive-v1/data/normalized_source_tables/food_system/food_seasonality.csv:SEA004949""]",B,candidate
ds_whitefish_salted,6,conditional,logical_necessity,required_ingredient_profiles,"[""sources/master-archive-v1/data/normalized_source_tables/food_system/food_seasonality.csv:SEA004950""]",B,candidate
ds_whitefish_salted,7,conditional,logical_necessity,required_ingredient_profiles,"[""sources/master-archive-v1/data/normalized_source_tables/food_system/food_seasonality.csv:SEA004951""]",B,candidate
ds_whitefish_salted,8,conditional,logical_necessity,required_ingredient_profiles,"[""sources/master-archive-v1/data/normalized_source_tables/food_system/food_seasonality.csv:SEA004952""]",B,candidate
ds_whitefish_salted,9,conditional,logical_necessity,required_ingredient_profiles,"[""sources/master-archive-v1/data/normalized_source_tables/food_system/food_seasonality.csv:SEA004953""]",B,candidate
ds_whitefish_salted,10,conditional,logical_necessity,required_ingredient_profiles,"[""sources/master-archive-v1/data/normalized_source_tables/food_system/food_seasonality.csv:SEA004954""]",B,candidate
ds_whitefish_salted,11,conditional,logical_necessity,required_ingredient_profiles,"[""sources/master-archive-v1/data/normalized_source_tables/food_system/food_seasonality.csv:SEA004955""]",B,candidate
ds_whitefish_salted,12,conditional,logical_necessity,required_ingredient_profiles,"[""sources/master-archive-v1/data/normalized_source_tables/food_system/food_seasonality.csv:SEA004956""]",B,candidate
ds_whitefish_dried,1,conditional,logical_necessity,required_ingredient_profiles,"[""sources/master-archive-v1/data/normalized_source_tables/food_system/food_seasonality.csv:SEA004957""]",B,candidate
ds_whitefish_dried,2,conditional,logical_necessity,required_ingredient_profiles,"[""sources/master-archive-v1/data/normalized_source_tables/food_system/food_seasonality.csv:SEA004958""]",B,candidate
ds_whitefish_dried,3,conditional,logical_necessity,required_ingredient_profiles,"[""sources/master-archive-v1/data/normalized_source_tables/food_system/food_seasonality.csv:SEA004959""]",B,candidate
ds_whitefish_dried,4,conditional,logical_necessity,required_ingredient_profiles,"[""sources/master-archive-v1/data/normalized_source_tables/food_system/food_seasonality.csv:SEA004960""]",B,candidate
ds_whitefish_dried,5,conditional,logical_necessity,required_ingredient_profiles,"[""sources/master-archive-v1/data/normalized_source_tables/food_system/food_seasonality.csv:SEA004961""]",B,candidate
ds_whitefish_dried,6,conditional,logical_necessity,required_ingredient_profiles,"[""sources/master-archive-v1/data/normalized_source_tables/food_system/food_seasonality.csv:SEA004962""]",B,candidate
ds_whitefish_dried,7,conditional,logical_necessity,required_ingredient_profiles,"[""sources/master-archive-v1/data/normalized_source_tables/food_system/food_seasonality.csv:SEA004963""]",B,candidate
ds_whitefish_dried,8,conditional,logical_necessity,required_ingredient_profiles,"[""sources/master-archive-v1/data/normalized_source_tables/food_system/food_seasonality.csv:SEA004964""]",B,candidate
ds_whitefish_dried,9,conditional,logical_necessity,required_ingredient_profiles,"[""sources/master-archive-v1/data/normalized_source_tables/food_system/food_seasonality.csv:SEA004965""]",B,candidate
ds_whitefish_dried,10,conditional,logical_necessity,required_ingredient_profiles,"[""sources/master-archive-v1/data/normalized_source_tables/food_system/food_seasonality.csv:SEA004966""]",B,candidate
ds_whitefish_dried,11,conditional,logical_necessity,required_ingredient_profiles,"[""sources/master-archive-v1/data/normalized_source_tables/food_system/food_seasonality.csv:SEA004967""]",B,candidate
ds_whitefish_dried,12,conditional,logical_necessity,required_ingredient_profiles,"[""sources/master-archive-v1/data/normalized_source_tables/food_system/food_seasonality.csv:SEA004968""]",B,candidate
ds_sturgeon_salted,1,conditional,logical_necessity,required_ingredient_profiles,"[""sources/master-archive-v1/data/normalized_source_tables/food_system/food_seasonality.csv:SEA004969""]",B,candidate
ds_sturgeon_salted,2,conditional,logical_necessity,required_ingredient_profiles,"[""sources/master-archive-v1/data/normalized_source_tables/food_system/food_seasonality.csv:SEA004970""]",B,candidate
ds_sturgeon_salted,3,conditional,logical_necessity,required_ingredient_profiles,"[""sources/master-archive-v1/data/normalized_source_tables/food_system/food_seasonality.csv:SEA004971""]",B,candidate
ds_sturgeon_salted,4,conditional,logical_necessity,required_ingredient_profiles,"[""sources/master-archive-v1/data/normalized_source_tables/food_system/food_seasonality.csv:SEA004972""]",B,candidate
ds_sturgeon_salted,5,conditional,logical_necessity,required_ingredient_profiles,"[""sources/master-archive-v1/data/normalized_source_tables/food_system/food_seasonality.csv:SEA004973""]",B,candidate
ds_sturgeon_salted,6,conditional,logical_necessity,required_ingredient_profiles,"[""sources/master-archive-v1/data/normalized_source_tables/food_system/food_seasonality.csv:SEA004974""]",B,candidate
ds_sturgeon_salted,7,conditional,logical_necessity,required_ingredient_profiles,"[""sources/master-archive-v1/data/normalized_source_tables/food_system/food_seasonality.csv:SEA004975""]",B,candidate
ds_sturgeon_salted,8,conditional,logical_necessity,required_ingredient_profiles,"[""sources/master-archive-v1/data/normalized_source_tables/food_system/food_seasonality.csv:SEA004976""]",B,candidate
ds_sturgeon_salted,9,conditional,logical_necessity,required_ingredient_profiles,"[""sources/master-archive-v1/data/normalized_source_tables/food_system/food_seasonality.csv:SEA004977""]",B,candidate
ds_sturgeon_salted,10,conditional,logical_necessity,required_ingredient_profiles,"[""sources/master-archive-v1/data/normalized_source_tables/food_system/food_seasonality.csv:SEA004978""]",B,candidate
ds_sturgeon_salted,11,conditional,logical_necessity,required_ingredient_profiles,"[""sources/master-archive-v1/data/normalized_source_tables/food_system/food_seasonality.csv:SEA004979""]",B,candidate
ds_sturgeon_salted,12,conditional,logical_necessity,required_ingredient_profiles,"[""sources/master-archive-v1/data/normalized_source_tables/food_system/food_seasonality.csv:SEA004980""]",B,candidate
ds_sturgeon_dried,1,conditional,logical_necessity,required_ingredient_profiles,"[""sources/master-archive-v1/data/normalized_source_tables/food_system/food_seasonality.csv:SEA004981""]",B,candidate
ds_sturgeon_dried,2,conditional,logical_necessity,required_ingredient_profiles,"[""sources/master-archive-v1/data/normalized_source_tables/food_system/food_seasonality.csv:SEA004982""]",B,candidate
ds_sturgeon_dried,3,conditional,logical_necessity,required_ingredient_profiles,"[""sources/master-archive-v1/data/normalized_source_tables/food_system/food_seasonality.csv:SEA004983""]",B,candidate
ds_sturgeon_dried,4,conditional,logical_necessity,required_ingredient_profiles,"[""sources/master-archive-v1/data/normalized_source_tables/food_system/food_seasonality.csv:SEA004984""]",B,candidate
ds_sturgeon_dried,5,conditional,logical_necessity,required_ingredient_profiles,"[""sources/master-archive-v1/data/normalized_source_tables/food_system/food_seasonality.csv:SEA004985""]",B,candidate
ds_sturgeon_dried,6,conditional,logical_necessity,required_ingredient_profiles,"[""sources/master-archive-v1/data/normalized_source_tables/food_system/food_seasonality.csv:SEA004986""]",B,candidate
ds_sturgeon_dried,7,conditional,logical_necessity,required_ingredient_profiles,"[""sources/master-archive-v1/data/normalized_source_tables/food_system/food_seasonality.csv:SEA004987""]",B,candidate
ds_sturgeon_dried,8,conditional,logical_necessity,required_ingredient_profiles,"[""sources/master-archive-v1/data/normalized_source_tables/food_system/food_seasonality.csv:SEA004988""]",B,candidate
ds_sturgeon_dried,9,conditional,logical_necessity,required_ingredient_profiles,"[""sources/master-archive-v1/data/normalized_source_tables/food_system/food_seasonality.csv:SEA004989""]",B,candidate
ds_sturgeon_dried,10,conditional,logical_necessity,required_ingredient_profiles,"[""sources/master-archive-v1/data/normalized_source_tables/food_system/food_seasonality.csv:SEA004990""]",B,candidate
ds_sturgeon_dried,11,conditional,logical_necessity,required_ingredient_profiles,"[""sources/master-archive-v1/data/normalized_source_tables/food_system/food_seasonality.csv:SEA004991""]",B,candidate
ds_sturgeon_dried,12,conditional,logical_necessity,required_ingredient_profiles,"[""sources/master-archive-v1/data/normalized_source_tables/food_system/food_seasonality.csv:SEA004992""]",B,candidate
ds_salmonid_salted,1,conditional,logical_necessity,required_ingredient_profiles,"[""sources/master-archive-v1/data/normalized_source_tables/food_system/food_seasonality.csv:SEA004993""]",B,candidate
ds_salmonid_salted,2,conditional,logical_necessity,required_ingredient_profiles,"[""sources/master-archive-v1/data/normalized_source_tables/food_system/food_seasonality.csv:SEA004994""]",B,candidate
ds_salmonid_salted,3,conditional,logical_necessity,required_ingredient_profiles,"[""sources/master-archive-v1/data/normalized_source_tables/food_system/food_seasonality.csv:SEA004995""]",B,candidate
ds_salmonid_salted,4,conditional,logical_necessity,required_ingredient_profiles,"[""sources/master-archive-v1/data/normalized_source_tables/food_system/food_seasonality.csv:SEA004996""]",B,candidate
ds_salmonid_salted,5,conditional,logical_necessity,required_ingredient_profiles,"[""sources/master-archive-v1/data/normalized_source_tables/food_system/food_seasonality.csv:SEA004997""]",B,candidate
ds_salmonid_salted,6,conditional,logical_necessity,required_ingredient_profiles,"[""sources/master-archive-v1/data/normalized_source_tables/food_system/food_seasonality.csv:SEA004998""]",B,candidate
ds_salmonid_salted,7,conditional,logical_necessity,required_ingredient_profiles,"[""sources/master-archive-v1/data/normalized_source_tables/food_system/food_seasonality.csv:SEA004999""]",B,candidate
ds_salmonid_salted,8,conditional,logical_necessity,required_ingredient_profiles,"[""sources/master-archive-v1/data/normalized_source_tables/food_system/food_seasonality.csv:SEA005000""]",B,candidate
ds_salmonid_salted,9,conditional,logical_necessity,required_ingredient_profiles,"[""sources/master-archive-v1/data/normalized_source_tables/food_system/food_seasonality.csv:SEA005001""]",B,candidate
ds_salmonid_salted,10,conditional,logical_necessity,required_ingredient_profiles,"[""sources/master-archive-v1/data/normalized_source_tables/food_system/food_seasonality.csv:SEA005002""]",B,candidate
ds_salmonid_salted,11,conditional,logical_necessity,required_ingredient_profiles,"[""sources/master-archive-v1/data/normalized_source_tables/food_system/food_seasonality.csv:SEA005003""]",B,candidate
ds_salmonid_salted,12,conditional,logical_necessity,required_ingredient_profiles,"[""sources/master-archive-v1/data/normalized_source_tables/food_system/food_seasonality.csv:SEA005004""]",B,candidate
ds_salmonid_dried,1,conditional,logical_necessity,required_ingredient_profiles,"[""sources/master-archive-v1/data/normalized_source_tables/food_system/food_seasonality.csv:SEA005005""]",B,candidate
ds_salmonid_dried,2,conditional,logical_necessity,required_ingredient_profiles,"[""sources/master-archive-v1/data/normalized_source_tables/food_system/food_seasonality.csv:SEA005006""]",B,candidate
ds_salmonid_dried,3,conditional,logical_necessity,required_ingredient_profiles,"[""sources/master-archive-v1/data/normalized_source_tables/food_system/food_seasonality.csv:SEA005007""]",B,candidate
ds_salmonid_dried,4,conditional,logical_necessity,required_ingredient_profiles,"[""sources/master-archive-v1/data/normalized_source_tables/food_system/food_seasonality.csv:SEA005008""]",B,candidate
ds_salmonid_dried,5,conditional,logical_necessity,required_ingredient_profiles,"[""sources/master-archive-v1/data/normalized_source_tables/food_system/food_seasonality.csv:SEA005009""]",B,candidate
ds_salmonid_dried,6,conditional,logical_necessity,required_ingredient_profiles,"[""sources/master-archive-v1/data/normalized_source_tables/food_system/food_seasonality.csv:SEA005010""]",B,candidate
ds_salmonid_dried,7,conditional,logical_necessity,required_ingredient_profiles,"[""sources/master-archive-v1/data/normalized_source_tables/food_system/food_seasonality.csv:SEA005011""]",B,candidate
ds_salmonid_dried,8,conditional,logical_necessity,required_ingredient_profiles,"[""sources/master-archive-v1/data/normalized_source_tables/food_system/food_seasonality.csv:SEA005012""]",B,candidate
ds_salmonid_dried,9,conditional,logical_necessity,required_ingredient_profiles,"[""sources/master-archive-v1/data/normalized_source_tables/food_system/food_seasonality.csv:SEA005013""]",B,candidate
ds_salmonid_dried,10,conditional,logical_necessity,required_ingredient_profiles,"[""sources/master-archive-v1/data/normalized_source_tables/food_system/food_seasonality.csv:SEA005014""]",B,candidate
ds_salmonid_dried,11,conditional,logical_necessity,required_ingredient_profiles,"[""sources/master-archive-v1/data/normalized_source_tables/food_system/food_seasonality.csv:SEA005015""]",B,candidate
ds_salmonid_dried,12,conditional,logical_necessity,required_ingredient_profiles,"[""sources/master-archive-v1/data/normalized_source_tables/food_system/food_seasonality.csv:SEA005016""]",B,candidate
ds_smelt_salted,1,conditional,logical_necessity,required_ingredient_profiles,"[""sources/master-archive-v1/data/normalized_source_tables/food_system/food_seasonality.csv:SEA005017""]",C,candidate
ds_smelt_salted,2,conditional,logical_necessity,required_ingredient_profiles,"[""sources/master-archive-v1/data/normalized_source_tables/food_system/food_seasonality.csv:SEA005018""]",C,candidate
ds_smelt_salted,3,conditional,logical_necessity,required_ingredient_profiles,"[""sources/master-archive-v1/data/normalized_source_tables/food_system/food_seasonality.csv:SEA005019""]",C,candidate
ds_smelt_salted,4,conditional,logical_necessity,required_ingredient_profiles,"[""sources/master-archive-v1/data/normalized_source_tables/food_system/food_seasonality.csv:SEA005020""]",C,candidate
ds_smelt_salted,5,conditional,logical_necessity,required_ingredient_profiles,"[""sources/master-archive-v1/data/normalized_source_tables/food_system/food_seasonality.csv:SEA005021""]",C,candidate
ds_smelt_salted,6,conditional,logical_necessity,required_ingredient_profiles,"[""sources/master-archive-v1/data/normalized_source_tables/food_system/food_seasonality.csv:SEA005022""]",C,candidate
ds_smelt_salted,7,conditional,logical_necessity,required_ingredient_profiles,"[""sources/master-archive-v1/data/normalized_source_tables/food_system/food_seasonality.csv:SEA005023""]",C,candidate
ds_smelt_salted,8,conditional,logical_necessity,required_ingredient_profiles,"[""sources/master-archive-v1/data/normalized_source_tables/food_system/food_seasonality.csv:SEA005024""]",C,candidate
ds_smelt_salted,9,conditional,logical_necessity,required_ingredient_profiles,"[""sources/master-archive-v1/data/normalized_source_tables/food_system/food_seasonality.csv:SEA005025""]",C,candidate
ds_smelt_salted,10,conditional,logical_necessity,required_ingredient_profiles,"[""sources/master-archive-v1/data/normalized_source_tables/food_system/food_seasonality.csv:SEA005026""]",C,candidate
ds_smelt_salted,11,conditional,logical_necessity,required_ingredient_profiles,"[""sources/master-archive-v1/data/normalized_source_tables/food_system/food_seasonality.csv:SEA005027""]",C,candidate
ds_smelt_salted,12,conditional,logical_necessity,required_ingredient_profiles,"[""sources/master-archive-v1/data/normalized_source_tables/food_system/food_seasonality.csv:SEA005028""]",C,candidate
ds_smelt_dried,1,conditional,logical_necessity,required_ingredient_profiles,"[""sources/master-archive-v1/data/normalized_source_tables/food_system/food_seasonality.csv:SEA005029""]",C,candidate
ds_smelt_dried,2,conditional,logical_necessity,required_ingredient_profiles,"[""sources/master-archive-v1/data/normalized_source_tables/food_system/food_seasonality.csv:SEA005030""]",C,candidate
ds_smelt_dried,3,conditional,logical_necessity,required_ingredient_profiles,"[""sources/master-archive-v1/data/normalized_source_tables/food_system/food_seasonality.csv:SEA005031""]",C,candidate
ds_smelt_dried,4,conditional,logical_necessity,required_ingredient_profiles,"[""sources/master-archive-v1/data/normalized_source_tables/food_system/food_seasonality.csv:SEA005032""]",C,candidate
ds_smelt_dried,5,conditional,logical_necessity,required_ingredient_profiles,"[""sources/master-archive-v1/data/normalized_source_tables/food_system/food_seasonality.csv:SEA005033""]",C,candidate
ds_smelt_dried,6,conditional,logical_necessity,required_ingredient_profiles,"[""sources/master-archive-v1/data/normalized_source_tables/food_system/food_seasonality.csv:SEA005034""]",C,candidate
ds_smelt_dried,7,conditional,logical_necessity,required_ingredient_profiles,"[""sources/master-archive-v1/data/normalized_source_tables/food_system/food_seasonality.csv:SEA005035""]",C,candidate
ds_smelt_dried,8,conditional,logical_necessity,required_ingredient_profiles,"[""sources/master-archive-v1/data/normalized_source_tables/food_system/food_seasonality.csv:SEA005036""]",C,candidate
ds_smelt_dried,9,conditional,logical_necessity,required_ingredient_profiles,"[""sources/master-archive-v1/data/normalized_source_tables/food_system/food_seasonality.csv:SEA005037""]",C,candidate
ds_smelt_dried,10,conditional,logical_necessity,required_ingredient_profiles,"[""sources/master-archive-v1/data/normalized_source_tables/food_system/food_seasonality.csv:SEA005038""]",C,candidate
ds_smelt_dried,11,conditional,logical_necessity,required_ingredient_profiles,"[""sources/master-archive-v1/data/normalized_source_tables/food_system/food_seasonality.csv:SEA005039""]",C,candidate
ds_smelt_dried,12,conditional,logical_necessity,required_ingredient_profiles,"[""sources/master-archive-v1/data/normalized_source_tables/food_system/food_seasonality.csv:SEA005040""]",C,candidate
ds_soak_barley_for_malt,1,available,logical_necessity,required_ingredient_profiles,"[""sources/master-archive-v1/data/normalized_source_tables/food_system/food_seasonality.csv:SEA005041""]",B,candidate
ds_soak_barley_for_malt,2,available,logical_necessity,required_ingredient_profiles,"[""sources/master-archive-v1/data/normalized_source_tables/food_system/food_seasonality.csv:SEA005042""]",B,candidate
ds_soak_barley_for_malt,3,available,logical_necessity,required_ingredient_profiles,"[""sources/master-archive-v1/data/normalized_source_tables/food_system/food_seasonality.csv:SEA005043""]",B,candidate
ds_soak_barley_for_malt,4,available,logical_necessity,required_ingredient_profiles,"[""sources/master-archive-v1/data/normalized_source_tables/food_system/food_seasonality.csv:SEA005044""]",B,candidate
ds_soak_barley_for_malt,5,available,logical_necessity,required_ingredient_profiles,"[""sources/master-archive-v1/data/normalized_source_tables/food_system/food_seasonality.csv:SEA005045""]",B,candidate
ds_soak_barley_for_malt,6,available,logical_necessity,required_ingredient_profiles,"[""sources/master-archive-v1/data/normalized_source_tables/food_system/food_seasonality.csv:SEA005046""]",B,candidate
ds_soak_barley_for_malt,7,available,logical_necessity,required_ingredient_profiles,"[""sources/master-archive-v1/data/normalized_source_tables/food_system/food_seasonality.csv:SEA005047""]",B,candidate
ds_soak_barley_for_malt,8,available,logical_necessity,required_ingredient_profiles,"[""sources/master-archive-v1/data/normalized_source_tables/food_system/food_seasonality.csv:SEA005048""]",B,candidate
ds_soak_barley_for_malt,9,available,logical_necessity,required_ingredient_profiles,"[""sources/master-archive-v1/data/normalized_source_tables/food_system/food_seasonality.csv:SEA005049""]",B,candidate
ds_soak_barley_for_malt,10,available,logical_necessity,required_ingredient_profiles,"[""sources/master-archive-v1/data/normalized_source_tables/food_system/food_seasonality.csv:SEA005050""]",B,candidate
ds_soak_barley_for_malt,11,available,logical_necessity,required_ingredient_profiles,"[""sources/master-archive-v1/data/normalized_source_tables/food_system/food_seasonality.csv:SEA005051""]",B,candidate
ds_soak_barley_for_malt,12,available,logical_necessity,required_ingredient_profiles,"[""sources/master-archive-v1/data/normalized_source_tables/food_system/food_seasonality.csv:SEA005052""]",B,candidate
ds_sprout_barley_malt,1,conditional,logical_necessity,required_ingredient_profiles,"[""sources/master-archive-v1/data/normalized_source_tables/food_system/food_seasonality.csv:SEA005053""]",B,candidate
ds_sprout_barley_malt,2,conditional,logical_necessity,required_ingredient_profiles,"[""sources/master-archive-v1/data/normalized_source_tables/food_system/food_seasonality.csv:SEA005054""]",B,candidate
ds_sprout_barley_malt,3,conditional,logical_necessity,required_ingredient_profiles,"[""sources/master-archive-v1/data/normalized_source_tables/food_system/food_seasonality.csv:SEA005055""]",B,candidate
ds_sprout_barley_malt,4,conditional,logical_necessity,required_ingredient_profiles,"[""sources/master-archive-v1/data/normalized_source_tables/food_system/food_seasonality.csv:SEA005056""]",B,candidate
ds_sprout_barley_malt,5,conditional,logical_necessity,required_ingredient_profiles,"[""sources/master-archive-v1/data/normalized_source_tables/food_system/food_seasonality.csv:SEA005057""]",B,candidate
ds_sprout_barley_malt,6,conditional,logical_necessity,required_ingredient_profiles,"[""sources/master-archive-v1/data/normalized_source_tables/food_system/food_seasonality.csv:SEA005058""]",B,candidate
ds_sprout_barley_malt,7,conditional,logical_necessity,required_ingredient_profiles,"[""sources/master-archive-v1/data/normalized_source_tables/food_system/food_seasonality.csv:SEA005059""]",B,candidate
ds_sprout_barley_malt,8,conditional,logical_necessity,required_ingredient_profiles,"[""sources/master-archive-v1/data/normalized_source_tables/food_system/food_seasonality.csv:SEA005060""]",B,candidate
ds_sprout_barley_malt,9,conditional,logical_necessity,required_ingredient_profiles,"[""sources/master-archive-v1/data/normalized_source_tables/food_system/food_seasonality.csv:SEA005061""]",B,candidate
ds_sprout_barley_malt,10,conditional,logical_necessity,required_ingredient_profiles,"[""sources/master-archive-v1/data/normalized_source_tables/food_system/food_seasonality.csv:SEA005062""]",B,candidate
ds_sprout_barley_malt,11,conditional,logical_necessity,required_ingredient_profiles,"[""sources/master-archive-v1/data/normalized_source_tables/food_system/food_seasonality.csv:SEA005063""]",B,candidate
ds_sprout_barley_malt,12,conditional,logical_necessity,required_ingredient_profiles,"[""sources/master-archive-v1/data/normalized_source_tables/food_system/food_seasonality.csv:SEA005064""]",B,candidate
ds_dry_green_malt,1,conditional,logical_necessity,required_ingredient_profiles,"[""sources/master-archive-v1/data/normalized_source_tables/food_system/food_seasonality.csv:SEA005065""]",B,candidate
ds_dry_green_malt,2,conditional,logical_necessity,required_ingredient_profiles,"[""sources/master-archive-v1/data/normalized_source_tables/food_system/food_seasonality.csv:SEA005066""]",B,candidate
ds_dry_green_malt,3,conditional,logical_necessity,required_ingredient_profiles,"[""sources/master-archive-v1/data/normalized_source_tables/food_system/food_seasonality.csv:SEA005067""]",B,candidate
ds_dry_green_malt,4,conditional,logical_necessity,required_ingredient_profiles,"[""sources/master-archive-v1/data/normalized_source_tables/food_system/food_seasonality.csv:SEA005068""]",B,candidate
ds_dry_green_malt,5,conditional,logical_necessity,required_ingredient_profiles,"[""sources/master-archive-v1/data/normalized_source_tables/food_system/food_seasonality.csv:SEA005069""]",B,candidate
ds_dry_green_malt,6,conditional,logical_necessity,required_ingredient_profiles,"[""sources/master-archive-v1/data/normalized_source_tables/food_system/food_seasonality.csv:SEA005070""]",B,candidate
ds_dry_green_malt,7,conditional,logical_necessity,required_ingredient_profiles,"[""sources/master-archive-v1/data/normalized_source_tables/food_system/food_seasonality.csv:SEA005071""]",B,candidate
ds_dry_green_malt,8,conditional,logical_necessity,required_ingredient_profiles,"[""sources/master-archive-v1/data/normalized_source_tables/food_system/food_seasonality.csv:SEA005072""]",B,candidate
ds_dry_green_malt,9,conditional,logical_necessity,required_ingredient_profiles,"[""sources/master-archive-v1/data/normalized_source_tables/food_system/food_seasonality.csv:SEA005073""]",B,candidate
ds_dry_green_malt,10,conditional,logical_necessity,required_ingredient_profiles,"[""sources/master-archive-v1/data/normalized_source_tables/food_system/food_seasonality.csv:SEA005074""]",B,candidate
ds_dry_green_malt,11,conditional,logical_necessity,required_ingredient_profiles,"[""sources/master-archive-v1/data/normalized_source_tables/food_system/food_seasonality.csv:SEA005075""]",B,candidate
ds_dry_green_malt,12,conditional,logical_necessity,required_ingredient_profiles,"[""sources/master-archive-v1/data/normalized_source_tables/food_system/food_seasonality.csv:SEA005076""]",B,candidate
ds_crush_malt,1,conditional,logical_necessity,required_ingredient_profiles,"[""sources/master-archive-v1/data/normalized_source_tables/food_system/food_seasonality.csv:SEA005077""]",B,candidate
ds_crush_malt,2,conditional,logical_necessity,required_ingredient_profiles,"[""sources/master-archive-v1/data/normalized_source_tables/food_system/food_seasonality.csv:SEA005078""]",B,candidate
ds_crush_malt,3,conditional,logical_necessity,required_ingredient_profiles,"[""sources/master-archive-v1/data/normalized_source_tables/food_system/food_seasonality.csv:SEA005079""]",B,candidate
ds_crush_malt,4,conditional,logical_necessity,required_ingredient_profiles,"[""sources/master-archive-v1/data/normalized_source_tables/food_system/food_seasonality.csv:SEA005080""]",B,candidate
ds_crush_malt,5,conditional,logical_necessity,required_ingredient_profiles,"[""sources/master-archive-v1/data/normalized_source_tables/food_system/food_seasonality.csv:SEA005081""]",B,candidate
ds_crush_malt,6,conditional,logical_necessity,required_ingredient_profiles,"[""sources/master-archive-v1/data/normalized_source_tables/food_system/food_seasonality.csv:SEA005082""]",B,candidate
ds_crush_malt,7,conditional,logical_necessity,required_ingredient_profiles,"[""sources/master-archive-v1/data/normalized_source_tables/food_system/food_seasonality.csv:SEA005083""]",B,candidate
ds_crush_malt,8,conditional,logical_necessity,required_ingredient_profiles,"[""sources/master-archive-v1/data/normalized_source_tables/food_system/food_seasonality.csv:SEA005084""]",B,candidate
ds_crush_malt,9,conditional,logical_necessity,required_ingredient_profiles,"[""sources/master-archive-v1/data/normalized_source_tables/food_system/food_seasonality.csv:SEA005085""]",B,candidate
ds_crush_malt,10,conditional,logical_necessity,required_ingredient_profiles,"[""sources/master-archive-v1/data/normalized_source_tables/food_system/food_seasonality.csv:SEA005086""]",B,candidate
ds_crush_malt,11,conditional,logical_necessity,required_ingredient_profiles,"[""sources/master-archive-v1/data/normalized_source_tables/food_system/food_seasonality.csv:SEA005087""]",B,candidate
ds_crush_malt,12,conditional,logical_necessity,required_ingredient_profiles,"[""sources/master-archive-v1/data/normalized_source_tables/food_system/food_seasonality.csv:SEA005088""]",B,candidate
ds_mash_malt_to_wort,1,conditional,logical_necessity,required_ingredient_profiles,"[""sources/master-archive-v1/data/normalized_source_tables/food_system/food_seasonality.csv:SEA005089""]",B,candidate
ds_mash_malt_to_wort,2,conditional,logical_necessity,required_ingredient_profiles,"[""sources/master-archive-v1/data/normalized_source_tables/food_system/food_seasonality.csv:SEA005090""]",B,candidate
ds_mash_malt_to_wort,3,conditional,logical_necessity,required_ingredient_profiles,"[""sources/master-archive-v1/data/normalized_source_tables/food_system/food_seasonality.csv:SEA005091""]",B,candidate
ds_mash_malt_to_wort,4,conditional,logical_necessity,required_ingredient_profiles,"[""sources/master-archive-v1/data/normalized_source_tables/food_system/food_seasonality.csv:SEA005092""]",B,candidate
ds_mash_malt_to_wort,5,conditional,logical_necessity,required_ingredient_profiles,"[""sources/master-archive-v1/data/normalized_source_tables/food_system/food_seasonality.csv:SEA005093""]",B,candidate
ds_mash_malt_to_wort,6,conditional,logical_necessity,required_ingredient_profiles,"[""sources/master-archive-v1/data/normalized_source_tables/food_system/food_seasonality.csv:SEA005094""]",B,candidate
ds_mash_malt_to_wort,7,conditional,logical_necessity,required_ingredient_profiles,"[""sources/master-archive-v1/data/normalized_source_tables/food_system/food_seasonality.csv:SEA005095""]",B,candidate
ds_mash_malt_to_wort,8,conditional,logical_necessity,required_ingredient_profiles,"[""sources/master-archive-v1/data/normalized_source_tables/food_system/food_seasonality.csv:SEA005096""]",B,candidate
ds_mash_malt_to_wort,9,conditional,logical_necessity,required_ingredient_profiles,"[""sources/master-archive-v1/data/normalized_source_tables/food_system/food_seasonality.csv:SEA005097""]",B,candidate
ds_mash_malt_to_wort,10,conditional,logical_necessity,required_ingredient_profiles,"[""sources/master-archive-v1/data/normalized_source_tables/food_system/food_seasonality.csv:SEA005098""]",B,candidate
ds_mash_malt_to_wort,11,conditional,logical_necessity,required_ingredient_profiles,"[""sources/master-archive-v1/data/normalized_source_tables/food_system/food_seasonality.csv:SEA005099""]",B,candidate
ds_mash_malt_to_wort,12,conditional,logical_necessity,required_ingredient_profiles,"[""sources/master-archive-v1/data/normalized_source_tables/food_system/food_seasonality.csv:SEA005100""]",B,candidate
ds_beer_barley_unhopped,1,conditional,logical_necessity,required_ingredient_profiles,"[""sources/master-archive-v1/data/normalized_source_tables/food_system/food_seasonality.csv:SEA005101""]",B,candidate
ds_beer_barley_unhopped,2,conditional,logical_necessity,required_ingredient_profiles,"[""sources/master-archive-v1/data/normalized_source_tables/food_system/food_seasonality.csv:SEA005102""]",B,candidate
ds_beer_barley_unhopped,3,conditional,logical_necessity,required_ingredient_profiles,"[""sources/master-archive-v1/data/normalized_source_tables/food_system/food_seasonality.csv:SEA005103""]",B,candidate
ds_beer_barley_unhopped,4,conditional,logical_necessity,required_ingredient_profiles,"[""sources/master-archive-v1/data/normalized_source_tables/food_system/food_seasonality.csv:SEA005104""]",B,candidate
ds_beer_barley_unhopped,5,conditional,logical_necessity,required_ingredient_profiles,"[""sources/master-archive-v1/data/normalized_source_tables/food_system/food_seasonality.csv:SEA005105""]",B,candidate
ds_beer_barley_unhopped,6,conditional,logical_necessity,required_ingredient_profiles,"[""sources/master-archive-v1/data/normalized_source_tables/food_system/food_seasonality.csv:SEA005106""]",B,candidate
ds_beer_barley_unhopped,7,conditional,logical_necessity,required_ingredient_profiles,"[""sources/master-archive-v1/data/normalized_source_tables/food_system/food_seasonality.csv:SEA005107""]",B,candidate
ds_beer_barley_unhopped,8,conditional,logical_necessity,required_ingredient_profiles,"[""sources/master-archive-v1/data/normalized_source_tables/food_system/food_seasonality.csv:SEA005108""]",B,candidate
ds_beer_barley_unhopped,9,conditional,logical_necessity,required_ingredient_profiles,"[""sources/master-archive-v1/data/normalized_source_tables/food_system/food_seasonality.csv:SEA005109""]",B,candidate
ds_beer_barley_unhopped,10,conditional,logical_necessity,required_ingredient_profiles,"[""sources/master-archive-v1/data/normalized_source_tables/food_system/food_seasonality.csv:SEA005110""]",B,candidate
ds_beer_barley_unhopped,11,conditional,logical_necessity,required_ingredient_profiles,"[""sources/master-archive-v1/data/normalized_source_tables/food_system/food_seasonality.csv:SEA005111""]",B,candidate
ds_beer_barley_unhopped,12,conditional,logical_necessity,required_ingredient_profiles,"[""sources/master-archive-v1/data/normalized_source_tables/food_system/food_seasonality.csv:SEA005112""]",B,candidate
ds_beer_barley_hopped,1,conditional,logical_necessity,required_ingredient_profiles,"[""sources/master-archive-v1/data/normalized_source_tables/food_system/food_seasonality.csv:SEA005113""]",B,candidate
ds_beer_barley_hopped,2,conditional,logical_necessity,required_ingredient_profiles,"[""sources/master-archive-v1/data/normalized_source_tables/food_system/food_seasonality.csv:SEA005114""]",B,candidate
ds_beer_barley_hopped,3,conditional,logical_necessity,required_ingredient_profiles,"[""sources/master-archive-v1/data/normalized_source_tables/food_system/food_seasonality.csv:SEA005115""]",B,candidate
ds_beer_barley_hopped,4,conditional,logical_necessity,required_ingredient_profiles,"[""sources/master-archive-v1/data/normalized_source_tables/food_system/food_seasonality.csv:SEA005116""]",B,candidate
ds_beer_barley_hopped,5,conditional,logical_necessity,required_ingredient_profiles,"[""sources/master-archive-v1/data/normalized_source_tables/food_system/food_seasonality.csv:SEA005117""]",B,candidate
ds_beer_barley_hopped,6,conditional,logical_necessity,required_ingredient_profiles,"[""sources/master-archive-v1/data/normalized_source_tables/food_system/food_seasonality.csv:SEA005118""]",B,candidate
ds_beer_barley_hopped,7,conditional,logical_necessity,required_ingredient_profiles,"[""sources/master-archive-v1/data/normalized_source_tables/food_system/food_seasonality.csv:SEA005119""]",B,candidate
ds_beer_barley_hopped,8,conditional,logical_necessity,required_ingredient_profiles,"[""sources/master-archive-v1/data/normalized_source_tables/food_system/food_seasonality.csv:SEA005120""]",B,candidate
ds_beer_barley_hopped,9,conditional,logical_necessity,required_ingredient_profiles,"[""sources/master-archive-v1/data/normalized_source_tables/food_system/food_seasonality.csv:SEA005121""]",B,candidate
ds_beer_barley_hopped,10,conditional,logical_necessity,required_ingredient_profiles,"[""sources/master-archive-v1/data/normalized_source_tables/food_system/food_seasonality.csv:SEA005122""]",B,candidate
ds_beer_barley_hopped,11,conditional,logical_necessity,required_ingredient_profiles,"[""sources/master-archive-v1/data/normalized_source_tables/food_system/food_seasonality.csv:SEA005123""]",B,candidate
ds_beer_barley_hopped,12,conditional,logical_necessity,required_ingredient_profiles,"[""sources/master-archive-v1/data/normalized_source_tables/food_system/food_seasonality.csv:SEA005124""]",B,candidate
ds_beer_rye_barley,1,conditional,logical_necessity,required_ingredient_profiles,"[""sources/master-archive-v1/data/normalized_source_tables/food_system/food_seasonality.csv:SEA005125""]",C,candidate
ds_beer_rye_barley,2,conditional,logical_necessity,required_ingredient_profiles,"[""sources/master-archive-v1/data/normalized_source_tables/food_system/food_seasonality.csv:SEA005126""]",C,candidate
ds_beer_rye_barley,3,conditional,logical_necessity,required_ingredient_profiles,"[""sources/master-archive-v1/data/normalized_source_tables/food_system/food_seasonality.csv:SEA005127""]",C,candidate
ds_beer_rye_barley,4,conditional,logical_necessity,required_ingredient_profiles,"[""sources/master-archive-v1/data/normalized_source_tables/food_system/food_seasonality.csv:SEA005128""]",C,candidate
ds_beer_rye_barley,5,conditional,logical_necessity,required_ingredient_profiles,"[""sources/master-archive-v1/data/normalized_source_tables/food_system/food_seasonality.csv:SEA005129""]",C,candidate
ds_beer_rye_barley,6,conditional,logical_necessity,required_ingredient_profiles,"[""sources/master-archive-v1/data/normalized_source_tables/food_system/food_seasonality.csv:SEA005130""]",C,candidate
ds_beer_rye_barley,7,conditional,logical_necessity,required_ingredient_profiles,"[""sources/master-archive-v1/data/normalized_source_tables/food_system/food_seasonality.csv:SEA005131""]",C,candidate
ds_beer_rye_barley,8,conditional,logical_necessity,required_ingredient_profiles,"[""sources/master-archive-v1/data/normalized_source_tables/food_system/food_seasonality.csv:SEA005132""]",C,candidate
ds_beer_rye_barley,9,conditional,logical_necessity,required_ingredient_profiles,"[""sources/master-archive-v1/data/normalized_source_tables/food_system/food_seasonality.csv:SEA005133""]",C,candidate
ds_beer_rye_barley,10,conditional,logical_necessity,required_ingredient_profiles,"[""sources/master-archive-v1/data/normalized_source_tables/food_system/food_seasonality.csv:SEA005134""]",C,candidate
ds_beer_rye_barley,11,conditional,logical_necessity,required_ingredient_profiles,"[""sources/master-archive-v1/data/normalized_source_tables/food_system/food_seasonality.csv:SEA005135""]",C,candidate
ds_beer_rye_barley,12,conditional,logical_necessity,required_ingredient_profiles,"[""sources/master-archive-v1/data/normalized_source_tables/food_system/food_seasonality.csv:SEA005136""]",C,candidate
ds_beer_weak_second_wort,1,conditional,logical_necessity,required_ingredient_profiles,"[""sources/master-archive-v1/data/normalized_source_tables/food_system/food_seasonality.csv:SEA005137""]",C,candidate
ds_beer_weak_second_wort,2,conditional,logical_necessity,required_ingredient_profiles,"[""sources/master-archive-v1/data/normalized_source_tables/food_system/food_seasonality.csv:SEA005138""]",C,candidate
ds_beer_weak_second_wort,3,conditional,logical_necessity,required_ingredient_profiles,"[""sources/master-archive-v1/data/normalized_source_tables/food_system/food_seasonality.csv:SEA005139""]",C,candidate
ds_beer_weak_second_wort,4,conditional,logical_necessity,required_ingredient_profiles,"[""sources/master-archive-v1/data/normalized_source_tables/food_system/food_seasonality.csv:SEA005140""]",C,candidate
ds_beer_weak_second_wort,5,conditional,logical_necessity,required_ingredient_profiles,"[""sources/master-archive-v1/data/normalized_source_tables/food_system/food_seasonality.csv:SEA005141""]",C,candidate
ds_beer_weak_second_wort,6,conditional,logical_necessity,required_ingredient_profiles,"[""sources/master-archive-v1/data/normalized_source_tables/food_system/food_seasonality.csv:SEA005142""]",C,candidate
ds_beer_weak_second_wort,7,conditional,logical_necessity,required_ingredient_profiles,"[""sources/master-archive-v1/data/normalized_source_tables/food_system/food_seasonality.csv:SEA005143""]",C,candidate
ds_beer_weak_second_wort,8,conditional,logical_necessity,required_ingredient_profiles,"[""sources/master-archive-v1/data/normalized_source_tables/food_system/food_seasonality.csv:SEA005144""]",C,candidate
ds_beer_weak_second_wort,9,conditional,logical_necessity,required_ingredient_profiles,"[""sources/master-archive-v1/data/normalized_source_tables/food_system/food_seasonality.csv:SEA005145""]",C,candidate
ds_beer_weak_second_wort,10,conditional,logical_necessity,required_ingredient_profiles,"[""sources/master-archive-v1/data/normalized_source_tables/food_system/food_seasonality.csv:SEA005146""]",C,candidate
ds_beer_weak_second_wort,11,conditional,logical_necessity,required_ingredient_profiles,"[""sources/master-archive-v1/data/normalized_source_tables/food_system/food_seasonality.csv:SEA005147""]",C,candidate
ds_beer_weak_second_wort,12,conditional,logical_necessity,required_ingredient_profiles,"[""sources/master-archive-v1/data/normalized_source_tables/food_system/food_seasonality.csv:SEA005148""]",C,candidate
ds_kvass_like_bread,1,conditional,logical_necessity,required_ingredient_profiles,"[""sources/master-archive-v1/data/normalized_source_tables/food_system/food_seasonality.csv:SEA005149""]",C,candidate
ds_kvass_like_bread,2,conditional,logical_necessity,required_ingredient_profiles,"[""sources/master-archive-v1/data/normalized_source_tables/food_system/food_seasonality.csv:SEA005150""]",C,candidate
ds_kvass_like_bread,3,conditional,logical_necessity,required_ingredient_profiles,"[""sources/master-archive-v1/data/normalized_source_tables/food_system/food_seasonality.csv:SEA005151""]",C,candidate
ds_kvass_like_bread,4,conditional,logical_necessity,required_ingredient_profiles,"[""sources/master-archive-v1/data/normalized_source_tables/food_system/food_seasonality.csv:SEA005152""]",C,candidate
ds_kvass_like_bread,5,conditional,logical_necessity,required_ingredient_profiles,"[""sources/master-archive-v1/data/normalized_source_tables/food_system/food_seasonality.csv:SEA005153""]",C,candidate
ds_kvass_like_bread,6,conditional,logical_necessity,required_ingredient_profiles,"[""sources/master-archive-v1/data/normalized_source_tables/food_system/food_seasonality.csv:SEA005154""]",C,candidate
ds_kvass_like_bread,7,conditional,logical_necessity,required_ingredient_profiles,"[""sources/master-archive-v1/data/normalized_source_tables/food_system/food_seasonality.csv:SEA005155""]",C,candidate
ds_kvass_like_bread,8,conditional,logical_necessity,required_ingredient_profiles,"[""sources/master-archive-v1/data/normalized_source_tables/food_system/food_seasonality.csv:SEA005156""]",C,candidate
ds_kvass_like_bread,9,conditional,logical_necessity,required_ingredient_profiles,"[""sources/master-archive-v1/data/normalized_source_tables/food_system/food_seasonality.csv:SEA005157""]",C,candidate
ds_kvass_like_bread,10,conditional,logical_necessity,required_ingredient_profiles,"[""sources/master-archive-v1/data/normalized_source_tables/food_system/food_seasonality.csv:SEA005158""]",C,candidate
ds_kvass_like_bread,11,conditional,logical_necessity,required_ingredient_profiles,"[""sources/master-archive-v1/data/normalized_source_tables/food_system/food_seasonality.csv:SEA005159""]",C,candidate
ds_kvass_like_bread,12,conditional,logical_necessity,required_ingredient_profiles,"[""sources/master-archive-v1/data/normalized_source_tables/food_system/food_seasonality.csv:SEA005160""]",C,candidate
ds_kvass_like_grain,1,conditional,logical_necessity,required_ingredient_profiles,"[""sources/master-archive-v1/data/normalized_source_tables/food_system/food_seasonality.csv:SEA005161""]",C,candidate
ds_kvass_like_grain,2,conditional,logical_necessity,required_ingredient_profiles,"[""sources/master-archive-v1/data/normalized_source_tables/food_system/food_seasonality.csv:SEA005162""]",C,candidate
ds_kvass_like_grain,3,conditional,logical_necessity,required_ingredient_profiles,"[""sources/master-archive-v1/data/normalized_source_tables/food_system/food_seasonality.csv:SEA005163""]",C,candidate
ds_kvass_like_grain,4,conditional,logical_necessity,required_ingredient_profiles,"[""sources/master-archive-v1/data/normalized_source_tables/food_system/food_seasonality.csv:SEA005164""]",C,candidate
ds_kvass_like_grain,5,conditional,logical_necessity,required_ingredient_profiles,"[""sources/master-archive-v1/data/normalized_source_tables/food_system/food_seasonality.csv:SEA005165""]",C,candidate
ds_kvass_like_grain,6,conditional,logical_necessity,required_ingredient_profiles,"[""sources/master-archive-v1/data/normalized_source_tables/food_system/food_seasonality.csv:SEA005166""]",C,candidate
ds_kvass_like_grain,7,conditional,logical_necessity,required_ingredient_profiles,"[""sources/master-archive-v1/data/normalized_source_tables/food_system/food_seasonality.csv:SEA005167""]",C,candidate
ds_kvass_like_grain,8,conditional,logical_necessity,required_ingredient_profiles,"[""sources/master-archive-v1/data/normalized_source_tables/food_system/food_seasonality.csv:SEA005168""]",C,candidate
ds_kvass_like_grain,9,conditional,logical_necessity,required_ingredient_profiles,"[""sources/master-archive-v1/data/normalized_source_tables/food_system/food_seasonality.csv:SEA005169""]",C,candidate
ds_kvass_like_grain,10,conditional,logical_necessity,required_ingredient_profiles,"[""sources/master-archive-v1/data/normalized_source_tables/food_system/food_seasonality.csv:SEA005170""]",C,candidate
ds_kvass_like_grain,11,conditional,logical_necessity,required_ingredient_profiles,"[""sources/master-archive-v1/data/normalized_source_tables/food_system/food_seasonality.csv:SEA005171""]",C,candidate
ds_kvass_like_grain,12,conditional,logical_necessity,required_ingredient_profiles,"[""sources/master-archive-v1/data/normalized_source_tables/food_system/food_seasonality.csv:SEA005172""]",C,candidate
ds_honey_drink_weak,1,available,logical_necessity,required_ingredient_profiles,"[""sources/master-archive-v1/data/normalized_source_tables/food_system/food_seasonality.csv:SEA005173""]",B,candidate
ds_honey_drink_weak,2,available,logical_necessity,required_ingredient_profiles,"[""sources/master-archive-v1/data/normalized_source_tables/food_system/food_seasonality.csv:SEA005174""]",B,candidate
ds_honey_drink_weak,3,available,logical_necessity,required_ingredient_profiles,"[""sources/master-archive-v1/data/normalized_source_tables/food_system/food_seasonality.csv:SEA005175""]",B,candidate
ds_honey_drink_weak,4,available,logical_necessity,required_ingredient_profiles,"[""sources/master-archive-v1/data/normalized_source_tables/food_system/food_seasonality.csv:SEA005176""]",B,candidate
ds_honey_drink_weak,5,available,logical_necessity,required_ingredient_profiles,"[""sources/master-archive-v1/data/normalized_source_tables/food_system/food_seasonality.csv:SEA005177""]",B,candidate
ds_honey_drink_weak,6,available,logical_necessity,required_ingredient_profiles,"[""sources/master-archive-v1/data/normalized_source_tables/food_system/food_seasonality.csv:SEA005178""]",B,candidate
ds_honey_drink_weak,7,available,logical_necessity,required_ingredient_profiles,"[""sources/master-archive-v1/data/normalized_source_tables/food_system/food_seasonality.csv:SEA005179""]",B,candidate
ds_honey_drink_weak,8,available,logical_necessity,required_ingredient_profiles,"[""sources/master-archive-v1/data/normalized_source_tables/food_system/food_seasonality.csv:SEA005180""]",B,candidate
ds_honey_drink_weak,9,available,logical_necessity,required_ingredient_profiles,"[""sources/master-archive-v1/data/normalized_source_tables/food_system/food_seasonality.csv:SEA005181""]",B,candidate
ds_honey_drink_weak,10,available,logical_necessity,required_ingredient_profiles,"[""sources/master-archive-v1/data/normalized_source_tables/food_system/food_seasonality.csv:SEA005182""]",B,candidate
ds_honey_drink_weak,11,available,logical_necessity,required_ingredient_profiles,"[""sources/master-archive-v1/data/normalized_source_tables/food_system/food_seasonality.csv:SEA005183""]",B,candidate
ds_honey_drink_weak,12,available,logical_necessity,required_ingredient_profiles,"[""sources/master-archive-v1/data/normalized_source_tables/food_system/food_seasonality.csv:SEA005184""]",B,candidate
ds_honey_drink_heated_cautious,1,available,logical_necessity,required_ingredient_profiles,"[""sources/master-archive-v1/data/normalized_source_tables/food_system/food_seasonality.csv:SEA005185""]",C,candidate
ds_honey_drink_heated_cautious,2,available,logical_necessity,required_ingredient_profiles,"[""sources/master-archive-v1/data/normalized_source_tables/food_system/food_seasonality.csv:SEA005186""]",C,candidate
ds_honey_drink_heated_cautious,3,available,logical_necessity,required_ingredient_profiles,"[""sources/master-archive-v1/data/normalized_source_tables/food_system/food_seasonality.csv:SEA005187""]",C,candidate
ds_honey_drink_heated_cautious,4,available,logical_necessity,required_ingredient_profiles,"[""sources/master-archive-v1/data/normalized_source_tables/food_system/food_seasonality.csv:SEA005188""]",C,candidate
ds_honey_drink_heated_cautious,5,available,logical_necessity,required_ingredient_profiles,"[""sources/master-archive-v1/data/normalized_source_tables/food_system/food_seasonality.csv:SEA005189""]",C,candidate
ds_honey_drink_heated_cautious,6,available,logical_necessity,required_ingredient_profiles,"[""sources/master-archive-v1/data/normalized_source_tables/food_system/food_seasonality.csv:SEA005190""]",C,candidate
ds_honey_drink_heated_cautious,7,available,logical_necessity,required_ingredient_profiles,"[""sources/master-archive-v1/data/normalized_source_tables/food_system/food_seasonality.csv:SEA005191""]",C,candidate
ds_honey_drink_heated_cautious,8,available,logical_necessity,required_ingredient_profiles,"[""sources/master-archive-v1/data/normalized_source_tables/food_system/food_seasonality.csv:SEA005192""]",C,candidate
ds_honey_drink_heated_cautious,9,available,logical_necessity,required_ingredient_profiles,"[""sources/master-archive-v1/data/normalized_source_tables/food_system/food_seasonality.csv:SEA005193""]",C,candidate
ds_honey_drink_heated_cautious,10,available,logical_necessity,required_ingredient_profiles,"[""sources/master-archive-v1/data/normalized_source_tables/food_system/food_seasonality.csv:SEA005194""]",C,candidate
ds_honey_drink_heated_cautious,11,available,logical_necessity,required_ingredient_profiles,"[""sources/master-archive-v1/data/normalized_source_tables/food_system/food_seasonality.csv:SEA005195""]",C,candidate
ds_honey_drink_heated_cautious,12,available,logical_necessity,required_ingredient_profiles,"[""sources/master-archive-v1/data/normalized_source_tables/food_system/food_seasonality.csv:SEA005196""]",C,candidate
ds_serve_well_water,1,available,logical_necessity,required_ingredient_profiles,"[""sources/master-archive-v1/data/normalized_source_tables/food_system/food_seasonality.csv:SEA005197""]",A,candidate
ds_serve_well_water,2,available,logical_necessity,required_ingredient_profiles,"[""sources/master-archive-v1/data/normalized_source_tables/food_system/food_seasonality.csv:SEA005198""]",A,candidate
ds_serve_well_water,3,available,logical_necessity,required_ingredient_profiles,"[""sources/master-archive-v1/data/normalized_source_tables/food_system/food_seasonality.csv:SEA005199""]",A,candidate
ds_serve_well_water,4,available,logical_necessity,required_ingredient_profiles,"[""sources/master-archive-v1/data/normalized_source_tables/food_system/food_seasonality.csv:SEA005200""]",A,candidate
ds_serve_well_water,5,available,logical_necessity,required_ingredient_profiles,"[""sources/master-archive-v1/data/normalized_source_tables/food_system/food_seasonality.csv:SEA005201""]",A,candidate
ds_serve_well_water,6,available,logical_necessity,required_ingredient_profiles,"[""sources/master-archive-v1/data/normalized_source_tables/food_system/food_seasonality.csv:SEA005202""]",A,candidate
ds_serve_well_water,7,available,logical_necessity,required_ingredient_profiles,"[""sources/master-archive-v1/data/normalized_source_tables/food_system/food_seasonality.csv:SEA005203""]",A,candidate
ds_serve_well_water,8,available,logical_necessity,required_ingredient_profiles,"[""sources/master-archive-v1/data/normalized_source_tables/food_system/food_seasonality.csv:SEA005204""]",A,candidate
ds_serve_well_water,9,available,logical_necessity,required_ingredient_profiles,"[""sources/master-archive-v1/data/normalized_source_tables/food_system/food_seasonality.csv:SEA005205""]",A,candidate
ds_serve_well_water,10,available,logical_necessity,required_ingredient_profiles,"[""sources/master-archive-v1/data/normalized_source_tables/food_system/food_seasonality.csv:SEA005206""]",A,candidate
ds_serve_well_water,11,available,logical_necessity,required_ingredient_profiles,"[""sources/master-archive-v1/data/normalized_source_tables/food_system/food_seasonality.csv:SEA005207""]",A,candidate
ds_serve_well_water,12,available,logical_necessity,required_ingredient_profiles,"[""sources/master-archive-v1/data/normalized_source_tables/food_system/food_seasonality.csv:SEA005208""]",A,candidate
ds_drink_fresh_milk,1,rare,logical_necessity,required_ingredient_profiles,"[""sources/master-archive-v1/data/normalized_source_tables/food_system/food_seasonality.csv:SEA005209""]",A,candidate
ds_drink_fresh_milk,2,rare,logical_necessity,required_ingredient_profiles,"[""sources/master-archive-v1/data/normalized_source_tables/food_system/food_seasonality.csv:SEA005210""]",A,candidate
ds_drink_fresh_milk,3,rare,logical_necessity,required_ingredient_profiles,"[""sources/master-archive-v1/data/normalized_source_tables/food_system/food_seasonality.csv:SEA005211""]",A,candidate
ds_drink_fresh_milk,4,rare,logical_necessity,required_ingredient_profiles,"[""sources/master-archive-v1/data/normalized_source_tables/food_system/food_seasonality.csv:SEA005212""]",A,candidate
ds_drink_fresh_milk,5,available,logical_necessity,required_ingredient_profiles,"[""sources/master-archive-v1/data/normalized_source_tables/food_system/food_seasonality.csv:SEA005213""]",A,candidate
ds_drink_fresh_milk,6,available,logical_necessity,required_ingredient_profiles,"[""sources/master-archive-v1/data/normalized_source_tables/food_system/food_seasonality.csv:SEA005214""]",A,candidate
ds_drink_fresh_milk,7,available,logical_necessity,required_ingredient_profiles,"[""sources/master-archive-v1/data/normalized_source_tables/food_system/food_seasonality.csv:SEA005215""]",A,candidate
ds_drink_fresh_milk,8,available,logical_necessity,required_ingredient_profiles,"[""sources/master-archive-v1/data/normalized_source_tables/food_system/food_seasonality.csv:SEA005216""]",A,candidate
ds_drink_fresh_milk,9,available,logical_necessity,required_ingredient_profiles,"[""sources/master-archive-v1/data/normalized_source_tables/food_system/food_seasonality.csv:SEA005217""]",A,candidate
ds_drink_fresh_milk,10,rare,logical_necessity,required_ingredient_profiles,"[""sources/master-archive-v1/data/normalized_source_tables/food_system/food_seasonality.csv:SEA005218""]",A,candidate
ds_drink_fresh_milk,11,rare,logical_necessity,required_ingredient_profiles,"[""sources/master-archive-v1/data/normalized_source_tables/food_system/food_seasonality.csv:SEA005219""]",A,candidate
ds_drink_fresh_milk,12,rare,logical_necessity,required_ingredient_profiles,"[""sources/master-archive-v1/data/normalized_source_tables/food_system/food_seasonality.csv:SEA005220""]",A,candidate
ds_serve_imported_wine,1,conditional,logical_necessity,required_ingredient_profiles,"[""sources/master-archive-v1/data/normalized_source_tables/food_system/food_seasonality.csv:SEA005221""]",C,candidate
ds_serve_imported_wine,2,conditional,logical_necessity,required_ingredient_profiles,"[""sources/master-archive-v1/data/normalized_source_tables/food_system/food_seasonality.csv:SEA005222""]",C,candidate
ds_serve_imported_wine,3,conditional,logical_necessity,required_ingredient_profiles,"[""sources/master-archive-v1/data/normalized_source_tables/food_system/food_seasonality.csv:SEA005223""]",C,candidate
ds_serve_imported_wine,4,conditional,logical_necessity,required_ingredient_profiles,"[""sources/master-archive-v1/data/normalized_source_tables/food_system/food_seasonality.csv:SEA005224""]",C,candidate
ds_serve_imported_wine,5,conditional,logical_necessity,required_ingredient_profiles,"[""sources/master-archive-v1/data/normalized_source_tables/food_system/food_seasonality.csv:SEA005225""]",C,candidate
ds_serve_imported_wine,6,conditional,logical_necessity,required_ingredient_profiles,"[""sources/master-archive-v1/data/normalized_source_tables/food_system/food_seasonality.csv:SEA005226""]",C,candidate
ds_serve_imported_wine,7,conditional,logical_necessity,required_ingredient_profiles,"[""sources/master-archive-v1/data/normalized_source_tables/food_system/food_seasonality.csv:SEA005227""]",C,candidate
ds_serve_imported_wine,8,conditional,logical_necessity,required_ingredient_profiles,"[""sources/master-archive-v1/data/normalized_source_tables/food_system/food_seasonality.csv:SEA005228""]",C,candidate
ds_serve_imported_wine,9,conditional,logical_necessity,required_ingredient_profiles,"[""sources/master-archive-v1/data/normalized_source_tables/food_system/food_seasonality.csv:SEA005229""]",C,candidate
ds_serve_imported_wine,10,conditional,logical_necessity,required_ingredient_profiles,"[""sources/master-archive-v1/data/normalized_source_tables/food_system/food_seasonality.csv:SEA005230""]",C,candidate
ds_serve_imported_wine,11,conditional,logical_necessity,required_ingredient_profiles,"[""sources/master-archive-v1/data/normalized_source_tables/food_system/food_seasonality.csv:SEA005231""]",C,candidate
ds_serve_imported_wine,12,conditional,logical_necessity,required_ingredient_profiles,"[""sources/master-archive-v1/data/normalized_source_tables/food_system/food_seasonality.csv:SEA005232""]",C,candidate
ds_filled_bake_fish_cautious,1,conditional,logical_necessity,required_ingredient_profiles,"[""sources/master-archive-v1/data/normalized_source_tables/food_system/food_seasonality.csv:SEA005233""]",C,candidate
ds_filled_bake_fish_cautious,2,conditional,logical_necessity,required_ingredient_profiles,"[""sources/master-archive-v1/data/normalized_source_tables/food_system/food_seasonality.csv:SEA005234""]",C,candidate
ds_filled_bake_fish_cautious,3,conditional,logical_necessity,required_ingredient_profiles,"[""sources/master-archive-v1/data/normalized_source_tables/food_system/food_seasonality.csv:SEA005235""]",C,candidate
ds_filled_bake_fish_cautious,4,conditional,logical_necessity,required_ingredient_profiles,"[""sources/master-archive-v1/data/normalized_source_tables/food_system/food_seasonality.csv:SEA005236""]",C,candidate
ds_filled_bake_fish_cautious,5,conditional,logical_necessity,required_ingredient_profiles,"[""sources/master-archive-v1/data/normalized_source_tables/food_system/food_seasonality.csv:SEA005237""]",C,candidate
ds_filled_bake_fish_cautious,6,conditional,logical_necessity,required_ingredient_profiles,"[""sources/master-archive-v1/data/normalized_source_tables/food_system/food_seasonality.csv:SEA005238""]",C,candidate
ds_filled_bake_fish_cautious,7,conditional,logical_necessity,required_ingredient_profiles,"[""sources/master-archive-v1/data/normalized_source_tables/food_system/food_seasonality.csv:SEA005239""]",C,candidate
ds_filled_bake_fish_cautious,8,conditional,logical_necessity,required_ingredient_profiles,"[""sources/master-archive-v1/data/normalized_source_tables/food_system/food_seasonality.csv:SEA005240""]",C,candidate
ds_filled_bake_fish_cautious,9,conditional,logical_necessity,required_ingredient_profiles,"[""sources/master-archive-v1/data/normalized_source_tables/food_system/food_seasonality.csv:SEA005241""]",C,candidate
ds_filled_bake_fish_cautious,10,conditional,logical_necessity,required_ingredient_profiles,"[""sources/master-archive-v1/data/normalized_source_tables/food_system/food_seasonality.csv:SEA005242""]",C,candidate
ds_filled_bake_fish_cautious,11,conditional,logical_necessity,required_ingredient_profiles,"[""sources/master-archive-v1/data/normalized_source_tables/food_system/food_seasonality.csv:SEA005243""]",C,candidate
ds_filled_bake_fish_cautious,12,conditional,logical_necessity,required_ingredient_profiles,"[""sources/master-archive-v1/data/normalized_source_tables/food_system/food_seasonality.csv:SEA005244""]",C,candidate
ds_filled_bake_meat_cautious,1,conditional,logical_necessity,required_ingredient_profiles,"[""sources/master-archive-v1/data/normalized_source_tables/food_system/food_seasonality.csv:SEA005245""]",C,candidate
ds_filled_bake_meat_cautious,2,rare,logical_necessity,required_ingredient_profiles,"[""sources/master-archive-v1/data/normalized_source_tables/food_system/food_seasonality.csv:SEA005246""]",C,candidate
ds_filled_bake_meat_cautious,3,rare,logical_necessity,required_ingredient_profiles,"[""sources/master-archive-v1/data/normalized_source_tables/food_system/food_seasonality.csv:SEA005247""]",C,candidate
ds_filled_bake_meat_cautious,4,rare,logical_necessity,required_ingredient_profiles,"[""sources/master-archive-v1/data/normalized_source_tables/food_system/food_seasonality.csv:SEA005248""]",C,candidate
ds_filled_bake_meat_cautious,5,rare,logical_necessity,required_ingredient_profiles,"[""sources/master-archive-v1/data/normalized_source_tables/food_system/food_seasonality.csv:SEA005249""]",C,candidate
ds_filled_bake_meat_cautious,6,rare,logical_necessity,required_ingredient_profiles,"[""sources/master-archive-v1/data/normalized_source_tables/food_system/food_seasonality.csv:SEA005250""]",C,candidate
ds_filled_bake_meat_cautious,7,rare,logical_necessity,required_ingredient_profiles,"[""sources/master-archive-v1/data/normalized_source_tables/food_system/food_seasonality.csv:SEA005251""]",C,candidate
ds_filled_bake_meat_cautious,8,rare,logical_necessity,required_ingredient_profiles,"[""sources/master-archive-v1/data/normalized_source_tables/food_system/food_seasonality.csv:SEA005252""]",C,candidate
ds_filled_bake_meat_cautious,9,rare,logical_necessity,required_ingredient_profiles,"[""sources/master-archive-v1/data/normalized_source_tables/food_system/food_seasonality.csv:SEA005253""]",C,candidate
ds_filled_bake_meat_cautious,10,conditional,logical_necessity,required_ingredient_profiles,"[""sources/master-archive-v1/data/normalized_source_tables/food_system/food_seasonality.csv:SEA005254""]",C,candidate
ds_filled_bake_meat_cautious,11,conditional,logical_necessity,required_ingredient_profiles,"[""sources/master-archive-v1/data/normalized_source_tables/food_system/food_seasonality.csv:SEA005255""]",C,candidate
ds_filled_bake_meat_cautious,12,conditional,logical_necessity,required_ingredient_profiles,"[""sources/master-archive-v1/data/normalized_source_tables/food_system/food_seasonality.csv:SEA005256""]",C,candidate
ds_filled_bake_cabbage_cautious,1,conditional,logical_necessity,required_ingredient_profiles,"[""sources/master-archive-v1/data/normalized_source_tables/food_system/food_seasonality.csv:SEA005257""]",C,candidate
ds_filled_bake_cabbage_cautious,2,conditional,logical_necessity,required_ingredient_profiles,"[""sources/master-archive-v1/data/normalized_source_tables/food_system/food_seasonality.csv:SEA005258""]",C,candidate
ds_filled_bake_cabbage_cautious,3,rare,logical_necessity,required_ingredient_profiles,"[""sources/master-archive-v1/data/normalized_source_tables/food_system/food_seasonality.csv:SEA005259""]",C,candidate
ds_filled_bake_cabbage_cautious,4,rare,logical_necessity,required_ingredient_profiles,"[""sources/master-archive-v1/data/normalized_source_tables/food_system/food_seasonality.csv:SEA005260""]",C,candidate
ds_filled_bake_cabbage_cautious,5,rare,logical_necessity,required_ingredient_profiles,"[""sources/master-archive-v1/data/normalized_source_tables/food_system/food_seasonality.csv:SEA005261""]",C,candidate
ds_filled_bake_cabbage_cautious,6,rare,logical_necessity,required_ingredient_profiles,"[""sources/master-archive-v1/data/normalized_source_tables/food_system/food_seasonality.csv:SEA005262""]",C,candidate
ds_filled_bake_cabbage_cautious,7,rare,logical_necessity,required_ingredient_profiles,"[""sources/master-archive-v1/data/normalized_source_tables/food_system/food_seasonality.csv:SEA005263""]",C,candidate
ds_filled_bake_cabbage_cautious,8,conditional,logical_necessity,required_ingredient_profiles,"[""sources/master-archive-v1/data/normalized_source_tables/food_system/food_seasonality.csv:SEA005264""]",C,candidate
ds_filled_bake_cabbage_cautious,9,conditional,logical_necessity,required_ingredient_profiles,"[""sources/master-archive-v1/data/normalized_source_tables/food_system/food_seasonality.csv:SEA005265""]",C,candidate
ds_filled_bake_cabbage_cautious,10,conditional,logical_necessity,required_ingredient_profiles,"[""sources/master-archive-v1/data/normalized_source_tables/food_system/food_seasonality.csv:SEA005266""]",C,candidate
ds_filled_bake_cabbage_cautious,11,conditional,logical_necessity,required_ingredient_profiles,"[""sources/master-archive-v1/data/normalized_source_tables/food_system/food_seasonality.csv:SEA005267""]",C,candidate
ds_filled_bake_cabbage_cautious,12,conditional,logical_necessity,required_ingredient_profiles,"[""sources/master-archive-v1/data/normalized_source_tables/food_system/food_seasonality.csv:SEA005268""]",C,candidate
ds_filled_bake_grain_cautious,1,conditional,logical_necessity,required_ingredient_profiles,"[""sources/master-archive-v1/data/normalized_source_tables/food_system/food_seasonality.csv:SEA005269""]",C,candidate
ds_filled_bake_grain_cautious,2,conditional,logical_necessity,required_ingredient_profiles,"[""sources/master-archive-v1/data/normalized_source_tables/food_system/food_seasonality.csv:SEA005270""]",C,candidate
ds_filled_bake_grain_cautious,3,conditional,logical_necessity,required_ingredient_profiles,"[""sources/master-archive-v1/data/normalized_source_tables/food_system/food_seasonality.csv:SEA005271""]",C,candidate
ds_filled_bake_grain_cautious,4,conditional,logical_necessity,required_ingredient_profiles,"[""sources/master-archive-v1/data/normalized_source_tables/food_system/food_seasonality.csv:SEA005272""]",C,candidate
ds_filled_bake_grain_cautious,5,conditional,logical_necessity,required_ingredient_profiles,"[""sources/master-archive-v1/data/normalized_source_tables/food_system/food_seasonality.csv:SEA005273""]",C,candidate
ds_filled_bake_grain_cautious,6,conditional,logical_necessity,required_ingredient_profiles,"[""sources/master-archive-v1/data/normalized_source_tables/food_system/food_seasonality.csv:SEA005274""]",C,candidate
ds_filled_bake_grain_cautious,7,conditional,logical_necessity,required_ingredient_profiles,"[""sources/master-archive-v1/data/normalized_source_tables/food_system/food_seasonality.csv:SEA005275""]",C,candidate
ds_filled_bake_grain_cautious,8,conditional,logical_necessity,required_ingredient_profiles,"[""sources/master-archive-v1/data/normalized_source_tables/food_system/food_seasonality.csv:SEA005276""]",C,candidate
ds_filled_bake_grain_cautious,9,conditional,logical_necessity,required_ingredient_profiles,"[""sources/master-archive-v1/data/normalized_source_tables/food_system/food_seasonality.csv:SEA005277""]",C,candidate
ds_filled_bake_grain_cautious,10,conditional,logical_necessity,required_ingredient_profiles,"[""sources/master-archive-v1/data/normalized_source_tables/food_system/food_seasonality.csv:SEA005278""]",C,candidate
ds_filled_bake_grain_cautious,11,conditional,logical_necessity,required_ingredient_profiles,"[""sources/master-archive-v1/data/normalized_source_tables/food_system/food_seasonality.csv:SEA005279""]",C,candidate
ds_filled_bake_grain_cautious,12,conditional,logical_necessity,required_ingredient_profiles,"[""sources/master-archive-v1/data/normalized_source_tables/food_system/food_seasonality.csv:SEA005280""]",C,candidate
ds_filled_bake_berries_cautious,1,unavailable,logical_necessity,required_ingredient_profiles,"[""sources/master-archive-v1/data/normalized_source_tables/food_system/food_seasonality.csv:SEA005281""]",C,candidate
ds_filled_bake_berries_cautious,2,unavailable,logical_necessity,required_ingredient_profiles,"[""sources/master-archive-v1/data/normalized_source_tables/food_system/food_seasonality.csv:SEA005282""]",C,candidate
ds_filled_bake_berries_cautious,3,unavailable,logical_necessity,required_ingredient_profiles,"[""sources/master-archive-v1/data/normalized_source_tables/food_system/food_seasonality.csv:SEA005283""]",C,candidate
ds_filled_bake_berries_cautious,4,unavailable,logical_necessity,required_ingredient_profiles,"[""sources/master-archive-v1/data/normalized_source_tables/food_system/food_seasonality.csv:SEA005284""]",C,candidate
ds_filled_bake_berries_cautious,5,unavailable,logical_necessity,required_ingredient_profiles,"[""sources/master-archive-v1/data/normalized_source_tables/food_system/food_seasonality.csv:SEA005285""]",C,candidate
ds_filled_bake_berries_cautious,6,unavailable,logical_necessity,required_ingredient_profiles,"[""sources/master-archive-v1/data/normalized_source_tables/food_system/food_seasonality.csv:SEA005286""]",C,candidate
ds_filled_bake_berries_cautious,7,conditional,logical_necessity,required_ingredient_profiles,"[""sources/master-archive-v1/data/normalized_source_tables/food_system/food_seasonality.csv:SEA005287""]",C,candidate
ds_filled_bake_berries_cautious,8,conditional,logical_necessity,required_ingredient_profiles,"[""sources/master-archive-v1/data/normalized_source_tables/food_system/food_seasonality.csv:SEA005288""]",C,candidate
ds_filled_bake_berries_cautious,9,unavailable,logical_necessity,required_ingredient_profiles,"[""sources/master-archive-v1/data/normalized_source_tables/food_system/food_seasonality.csv:SEA005289""]",C,candidate
ds_filled_bake_berries_cautious,10,unavailable,logical_necessity,required_ingredient_profiles,"[""sources/master-archive-v1/data/normalized_source_tables/food_system/food_seasonality.csv:SEA005290""]",C,candidate
ds_filled_bake_berries_cautious,11,unavailable,logical_necessity,required_ingredient_profiles,"[""sources/master-archive-v1/data/normalized_source_tables/food_system/food_seasonality.csv:SEA005291""]",C,candidate
ds_filled_bake_berries_cautious,12,unavailable,logical_necessity,required_ingredient_profiles,"[""sources/master-archive-v1/data/normalized_source_tables/food_system/food_seasonality.csv:SEA005292""]",C,candidate
ds_fish_pan_fry_cautious,1,conditional,logical_necessity,required_ingredient_profiles,"[""sources/master-archive-v1/data/normalized_source_tables/food_system/food_seasonality.csv:SEA005293""]",C,candidate
ds_fish_pan_fry_cautious,2,conditional,logical_necessity,required_ingredient_profiles,"[""sources/master-archive-v1/data/normalized_source_tables/food_system/food_seasonality.csv:SEA005294""]",C,candidate
ds_fish_pan_fry_cautious,3,conditional,logical_necessity,required_ingredient_profiles,"[""sources/master-archive-v1/data/normalized_source_tables/food_system/food_seasonality.csv:SEA005295""]",C,candidate
ds_fish_pan_fry_cautious,4,rare,logical_necessity,required_ingredient_profiles,"[""sources/master-archive-v1/data/normalized_source_tables/food_system/food_seasonality.csv:SEA005296""]",C,candidate
ds_fish_pan_fry_cautious,5,rare,logical_necessity,required_ingredient_profiles,"[""sources/master-archive-v1/data/normalized_source_tables/food_system/food_seasonality.csv:SEA005297""]",C,candidate
ds_fish_pan_fry_cautious,6,rare,logical_necessity,required_ingredient_profiles,"[""sources/master-archive-v1/data/normalized_source_tables/food_system/food_seasonality.csv:SEA005298""]",C,candidate
ds_fish_pan_fry_cautious,7,rare,logical_necessity,required_ingredient_profiles,"[""sources/master-archive-v1/data/normalized_source_tables/food_system/food_seasonality.csv:SEA005299""]",C,candidate
ds_fish_pan_fry_cautious,8,rare,logical_necessity,required_ingredient_profiles,"[""sources/master-archive-v1/data/normalized_source_tables/food_system/food_seasonality.csv:SEA005300""]",C,candidate
ds_fish_pan_fry_cautious,9,rare,logical_necessity,required_ingredient_profiles,"[""sources/master-archive-v1/data/normalized_source_tables/food_system/food_seasonality.csv:SEA005301""]",C,candidate
ds_fish_pan_fry_cautious,10,conditional,logical_necessity,required_ingredient_profiles,"[""sources/master-archive-v1/data/normalized_source_tables/food_system/food_seasonality.csv:SEA005302""]",C,candidate
ds_fish_pan_fry_cautious,11,conditional,logical_necessity,required_ingredient_profiles,"[""sources/master-archive-v1/data/normalized_source_tables/food_system/food_seasonality.csv:SEA005303""]",C,candidate
ds_fish_pan_fry_cautious,12,conditional,logical_necessity,required_ingredient_profiles,"[""sources/master-archive-v1/data/normalized_source_tables/food_system/food_seasonality.csv:SEA005304""]",C,candidate
ds_dry_turnip_slices,1,available,logical_necessity,required_ingredient_profiles,"[""sources/master-archive-v1/data/normalized_source_tables/food_system/food_seasonality.csv:SEA005305""]",B,candidate
ds_dry_turnip_slices,2,available,logical_necessity,required_ingredient_profiles,"[""sources/master-archive-v1/data/normalized_source_tables/food_system/food_seasonality.csv:SEA005306""]",B,candidate
ds_dry_turnip_slices,3,available,logical_necessity,required_ingredient_profiles,"[""sources/master-archive-v1/data/normalized_source_tables/food_system/food_seasonality.csv:SEA005307""]",B,candidate
ds_dry_turnip_slices,4,rare,logical_necessity,required_ingredient_profiles,"[""sources/master-archive-v1/data/normalized_source_tables/food_system/food_seasonality.csv:SEA005308""]",B,candidate
ds_dry_turnip_slices,5,rare,logical_necessity,required_ingredient_profiles,"[""sources/master-archive-v1/data/normalized_source_tables/food_system/food_seasonality.csv:SEA005309""]",B,candidate
ds_dry_turnip_slices,6,rare,logical_necessity,required_ingredient_profiles,"[""sources/master-archive-v1/data/normalized_source_tables/food_system/food_seasonality.csv:SEA005310""]",B,candidate
ds_dry_turnip_slices,7,rare,logical_necessity,required_ingredient_profiles,"[""sources/master-archive-v1/data/normalized_source_tables/food_system/food_seasonality.csv:SEA005311""]",B,candidate
ds_dry_turnip_slices,8,available,logical_necessity,required_ingredient_profiles,"[""sources/master-archive-v1/data/normalized_source_tables/food_system/food_seasonality.csv:SEA005312""]",B,candidate
ds_dry_turnip_slices,9,available,logical_necessity,required_ingredient_profiles,"[""sources/master-archive-v1/data/normalized_source_tables/food_system/food_seasonality.csv:SEA005313""]",B,candidate
ds_dry_turnip_slices,10,available,logical_necessity,required_ingredient_profiles,"[""sources/master-archive-v1/data/normalized_source_tables/food_system/food_seasonality.csv:SEA005314""]",B,candidate
ds_dry_turnip_slices,11,available,logical_necessity,required_ingredient_profiles,"[""sources/master-archive-v1/data/normalized_source_tables/food_system/food_seasonality.csv:SEA005315""]",B,candidate
ds_dry_turnip_slices,12,available,logical_necessity,required_ingredient_profiles,"[""sources/master-archive-v1/data/normalized_source_tables/food_system/food_seasonality.csv:SEA005316""]",B,candidate
ds_dry_aromatic_herbs,1,unavailable,logical_necessity,required_ingredient_profiles,"[""sources/master-archive-v1/data/normalized_source_tables/food_system/food_seasonality.csv:SEA005317""]",B,candidate
ds_dry_aromatic_herbs,2,unavailable,logical_necessity,required_ingredient_profiles,"[""sources/master-archive-v1/data/normalized_source_tables/food_system/food_seasonality.csv:SEA005318""]",B,candidate
ds_dry_aromatic_herbs,3,unavailable,logical_necessity,required_ingredient_profiles,"[""sources/master-archive-v1/data/normalized_source_tables/food_system/food_seasonality.csv:SEA005319""]",B,candidate
ds_dry_aromatic_herbs,4,unavailable,logical_necessity,required_ingredient_profiles,"[""sources/master-archive-v1/data/normalized_source_tables/food_system/food_seasonality.csv:SEA005320""]",B,candidate
ds_dry_aromatic_herbs,5,available,logical_necessity,required_ingredient_profiles,"[""sources/master-archive-v1/data/normalized_source_tables/food_system/food_seasonality.csv:SEA005321""]",B,candidate
ds_dry_aromatic_herbs,6,available,logical_necessity,required_ingredient_profiles,"[""sources/master-archive-v1/data/normalized_source_tables/food_system/food_seasonality.csv:SEA005322""]",B,candidate
ds_dry_aromatic_herbs,7,available,logical_necessity,required_ingredient_profiles,"[""sources/master-archive-v1/data/normalized_source_tables/food_system/food_seasonality.csv:SEA005323""]",B,candidate
ds_dry_aromatic_herbs,8,available,logical_necessity,required_ingredient_profiles,"[""sources/master-archive-v1/data/normalized_source_tables/food_system/food_seasonality.csv:SEA005324""]",B,candidate
ds_dry_aromatic_herbs,9,unavailable,logical_necessity,required_ingredient_profiles,"[""sources/master-archive-v1/data/normalized_source_tables/food_system/food_seasonality.csv:SEA005325""]",B,candidate
ds_dry_aromatic_herbs,10,unavailable,logical_necessity,required_ingredient_profiles,"[""sources/master-archive-v1/data/normalized_source_tables/food_system/food_seasonality.csv:SEA005326""]",B,candidate
ds_dry_aromatic_herbs,11,unavailable,logical_necessity,required_ingredient_profiles,"[""sources/master-archive-v1/data/normalized_source_tables/food_system/food_seasonality.csv:SEA005327""]",B,candidate
ds_dry_aromatic_herbs,12,unavailable,logical_necessity,required_ingredient_profiles,"[""sources/master-archive-v1/data/normalized_source_tables/food_system/food_seasonality.csv:SEA005328""]",B,candidate
ds_store_grain_dry,1,conditional,logical_necessity,required_ingredient_profiles,"[""sources/master-archive-v1/data/normalized_source_tables/food_system/food_seasonality.csv:SEA005329""]",A,candidate
ds_store_grain_dry,2,conditional,logical_necessity,required_ingredient_profiles,"[""sources/master-archive-v1/data/normalized_source_tables/food_system/food_seasonality.csv:SEA005330""]",A,candidate
ds_store_grain_dry,3,conditional,logical_necessity,required_ingredient_profiles,"[""sources/master-archive-v1/data/normalized_source_tables/food_system/food_seasonality.csv:SEA005331""]",A,candidate
ds_store_grain_dry,4,conditional,logical_necessity,required_ingredient_profiles,"[""sources/master-archive-v1/data/normalized_source_tables/food_system/food_seasonality.csv:SEA005332""]",A,candidate
ds_store_grain_dry,5,conditional,logical_necessity,required_ingredient_profiles,"[""sources/master-archive-v1/data/normalized_source_tables/food_system/food_seasonality.csv:SEA005333""]",A,candidate
ds_store_grain_dry,6,conditional,logical_necessity,required_ingredient_profiles,"[""sources/master-archive-v1/data/normalized_source_tables/food_system/food_seasonality.csv:SEA005334""]",A,candidate
ds_store_grain_dry,7,conditional,logical_necessity,required_ingredient_profiles,"[""sources/master-archive-v1/data/normalized_source_tables/food_system/food_seasonality.csv:SEA005335""]",A,candidate
ds_store_grain_dry,8,conditional,logical_necessity,required_ingredient_profiles,"[""sources/master-archive-v1/data/normalized_source_tables/food_system/food_seasonality.csv:SEA005336""]",A,candidate
ds_store_grain_dry,9,conditional,logical_necessity,required_ingredient_profiles,"[""sources/master-archive-v1/data/normalized_source_tables/food_system/food_seasonality.csv:SEA005337""]",A,candidate
ds_store_grain_dry,10,conditional,logical_necessity,required_ingredient_profiles,"[""sources/master-archive-v1/data/normalized_source_tables/food_system/food_seasonality.csv:SEA005338""]",A,candidate
ds_store_grain_dry,11,conditional,logical_necessity,required_ingredient_profiles,"[""sources/master-archive-v1/data/normalized_source_tables/food_system/food_seasonality.csv:SEA005339""]",A,candidate
ds_store_grain_dry,12,conditional,logical_necessity,required_ingredient_profiles,"[""sources/master-archive-v1/data/normalized_source_tables/food_system/food_seasonality.csv:SEA005340""]",A,candidate
ds_store_root_cellar,1,available,logical_necessity,required_ingredient_profiles,"[""sources/master-archive-v1/data/normalized_source_tables/food_system/food_seasonality.csv:SEA005341""]",B,candidate
ds_store_root_cellar,2,available,logical_necessity,required_ingredient_profiles,"[""sources/master-archive-v1/data/normalized_source_tables/food_system/food_seasonality.csv:SEA005342""]",B,candidate
ds_store_root_cellar,3,available,logical_necessity,required_ingredient_profiles,"[""sources/master-archive-v1/data/normalized_source_tables/food_system/food_seasonality.csv:SEA005343""]",B,candidate
ds_store_root_cellar,4,rare,logical_necessity,required_ingredient_profiles,"[""sources/master-archive-v1/data/normalized_source_tables/food_system/food_seasonality.csv:SEA005344""]",B,candidate
ds_store_root_cellar,5,rare,logical_necessity,required_ingredient_profiles,"[""sources/master-archive-v1/data/normalized_source_tables/food_system/food_seasonality.csv:SEA005345""]",B,candidate
ds_store_root_cellar,6,rare,logical_necessity,required_ingredient_profiles,"[""sources/master-archive-v1/data/normalized_source_tables/food_system/food_seasonality.csv:SEA005346""]",B,candidate
ds_store_root_cellar,7,rare,logical_necessity,required_ingredient_profiles,"[""sources/master-archive-v1/data/normalized_source_tables/food_system/food_seasonality.csv:SEA005347""]",B,candidate
ds_store_root_cellar,8,available,logical_necessity,required_ingredient_profiles,"[""sources/master-archive-v1/data/normalized_source_tables/food_system/food_seasonality.csv:SEA005348""]",B,candidate
ds_store_root_cellar,9,available,logical_necessity,required_ingredient_profiles,"[""sources/master-archive-v1/data/normalized_source_tables/food_system/food_seasonality.csv:SEA005349""]",B,candidate
ds_store_root_cellar,10,available,logical_necessity,required_ingredient_profiles,"[""sources/master-archive-v1/data/normalized_source_tables/food_system/food_seasonality.csv:SEA005350""]",B,candidate
ds_store_root_cellar,11,available,logical_necessity,required_ingredient_profiles,"[""sources/master-archive-v1/data/normalized_source_tables/food_system/food_seasonality.csv:SEA005351""]",B,candidate
ds_store_root_cellar,12,available,logical_necessity,required_ingredient_profiles,"[""sources/master-archive-v1/data/normalized_source_tables/food_system/food_seasonality.csv:SEA005352""]",B,candidate
ds_store_berries_in_water_cautious,1,unavailable,logical_necessity,required_ingredient_profiles,"[""sources/master-archive-v1/data/normalized_source_tables/food_system/food_seasonality.csv:SEA005353""]",C,candidate
ds_store_berries_in_water_cautious,2,unavailable,logical_necessity,required_ingredient_profiles,"[""sources/master-archive-v1/data/normalized_source_tables/food_system/food_seasonality.csv:SEA005354""]",C,candidate
ds_store_berries_in_water_cautious,3,unavailable,logical_necessity,required_ingredient_profiles,"[""sources/master-archive-v1/data/normalized_source_tables/food_system/food_seasonality.csv:SEA005355""]",C,candidate
ds_store_berries_in_water_cautious,4,unavailable,logical_necessity,required_ingredient_profiles,"[""sources/master-archive-v1/data/normalized_source_tables/food_system/food_seasonality.csv:SEA005356""]",C,candidate
ds_store_berries_in_water_cautious,5,unavailable,logical_necessity,required_ingredient_profiles,"[""sources/master-archive-v1/data/normalized_source_tables/food_system/food_seasonality.csv:SEA005357""]",C,candidate
ds_store_berries_in_water_cautious,6,unavailable,logical_necessity,required_ingredient_profiles,"[""sources/master-archive-v1/data/normalized_source_tables/food_system/food_seasonality.csv:SEA005358""]",C,candidate
ds_store_berries_in_water_cautious,7,unavailable,logical_necessity,required_ingredient_profiles,"[""sources/master-archive-v1/data/normalized_source_tables/food_system/food_seasonality.csv:SEA005359""]",C,candidate
ds_store_berries_in_water_cautious,8,available,logical_necessity,required_ingredient_profiles,"[""sources/master-archive-v1/data/normalized_source_tables/food_system/food_seasonality.csv:SEA005360""]",C,candidate
ds_store_berries_in_water_cautious,9,available,logical_necessity,required_ingredient_profiles,"[""sources/master-archive-v1/data/normalized_source_tables/food_system/food_seasonality.csv:SEA005361""]",C,candidate
ds_store_berries_in_water_cautious,10,unavailable,logical_necessity,required_ingredient_profiles,"[""sources/master-archive-v1/data/normalized_source_tables/food_system/food_seasonality.csv:SEA005362""]",C,candidate
ds_store_berries_in_water_cautious,11,unavailable,logical_necessity,required_ingredient_profiles,"[""sources/master-archive-v1/data/normalized_source_tables/food_system/food_seasonality.csv:SEA005363""]",C,candidate
ds_store_berries_in_water_cautious,12,unavailable,logical_necessity,required_ingredient_profiles,"[""sources/master-archive-v1/data/normalized_source_tables/food_system/food_seasonality.csv:SEA005364""]",C,candidate
ds_natural_cold_short_storage,1,conditional,logical_necessity,required_ingredient_profiles,"[""sources/master-archive-v1/data/normalized_source_tables/food_system/food_seasonality.csv:SEA005365""]",B,candidate
ds_natural_cold_short_storage,2,conditional,logical_necessity,required_ingredient_profiles,"[""sources/master-archive-v1/data/normalized_source_tables/food_system/food_seasonality.csv:SEA005366""]",B,candidate
ds_natural_cold_short_storage,3,conditional,logical_necessity,required_ingredient_profiles,"[""sources/master-archive-v1/data/normalized_source_tables/food_system/food_seasonality.csv:SEA005367""]",B,candidate
ds_natural_cold_short_storage,4,conditional,logical_necessity,required_ingredient_profiles,"[""sources/master-archive-v1/data/normalized_source_tables/food_system/food_seasonality.csv:SEA005368""]",B,candidate
ds_natural_cold_short_storage,5,conditional,logical_necessity,required_ingredient_profiles,"[""sources/master-archive-v1/data/normalized_source_tables/food_system/food_seasonality.csv:SEA005369""]",B,candidate
ds_natural_cold_short_storage,6,conditional,logical_necessity,required_ingredient_profiles,"[""sources/master-archive-v1/data/normalized_source_tables/food_system/food_seasonality.csv:SEA005370""]",B,candidate
ds_natural_cold_short_storage,7,conditional,logical_necessity,required_ingredient_profiles,"[""sources/master-archive-v1/data/normalized_source_tables/food_system/food_seasonality.csv:SEA005371""]",B,candidate
ds_natural_cold_short_storage,8,conditional,logical_necessity,required_ingredient_profiles,"[""sources/master-archive-v1/data/normalized_source_tables/food_system/food_seasonality.csv:SEA005372""]",B,candidate
ds_natural_cold_short_storage,9,conditional,logical_necessity,required_ingredient_profiles,"[""sources/master-archive-v1/data/normalized_source_tables/food_system/food_seasonality.csv:SEA005373""]",B,candidate
ds_natural_cold_short_storage,10,conditional,logical_necessity,required_ingredient_profiles,"[""sources/master-archive-v1/data/normalized_source_tables/food_system/food_seasonality.csv:SEA005374""]",B,candidate
ds_natural_cold_short_storage,11,conditional,logical_necessity,required_ingredient_profiles,"[""sources/master-archive-v1/data/normalized_source_tables/food_system/food_seasonality.csv:SEA005375""]",B,candidate
ds_natural_cold_short_storage,12,conditional,logical_necessity,required_ingredient_profiles,"[""sources/master-archive-v1/data/normalized_source_tables/food_system/food_seasonality.csv:SEA005376""]",B,candidate
ds_reheat_yesterday_porridge,1,available,logical_necessity,required_ingredient_profiles,"[""sources/master-archive-v1/data/normalized_source_tables/food_system/food_seasonality.csv:SEA005377""]",C,candidate
ds_reheat_yesterday_porridge,2,available,logical_necessity,required_ingredient_profiles,"[""sources/master-archive-v1/data/normalized_source_tables/food_system/food_seasonality.csv:SEA005378""]",C,candidate
ds_reheat_yesterday_porridge,3,available,logical_necessity,required_ingredient_profiles,"[""sources/master-archive-v1/data/normalized_source_tables/food_system/food_seasonality.csv:SEA005379""]",C,candidate
ds_reheat_yesterday_porridge,4,available,logical_necessity,required_ingredient_profiles,"[""sources/master-archive-v1/data/normalized_source_tables/food_system/food_seasonality.csv:SEA005380""]",C,candidate
ds_reheat_yesterday_porridge,5,available,logical_necessity,required_ingredient_profiles,"[""sources/master-archive-v1/data/normalized_source_tables/food_system/food_seasonality.csv:SEA005381""]",C,candidate
ds_reheat_yesterday_porridge,6,available,logical_necessity,required_ingredient_profiles,"[""sources/master-archive-v1/data/normalized_source_tables/food_system/food_seasonality.csv:SEA005382""]",C,candidate
ds_reheat_yesterday_porridge,7,available,logical_necessity,required_ingredient_profiles,"[""sources/master-archive-v1/data/normalized_source_tables/food_system/food_seasonality.csv:SEA005383""]",C,candidate
ds_reheat_yesterday_porridge,8,available,logical_necessity,required_ingredient_profiles,"[""sources/master-archive-v1/data/normalized_source_tables/food_system/food_seasonality.csv:SEA005384""]",C,candidate
ds_reheat_yesterday_porridge,9,available,logical_necessity,required_ingredient_profiles,"[""sources/master-archive-v1/data/normalized_source_tables/food_system/food_seasonality.csv:SEA005385""]",C,candidate
ds_reheat_yesterday_porridge,10,available,logical_necessity,required_ingredient_profiles,"[""sources/master-archive-v1/data/normalized_source_tables/food_system/food_seasonality.csv:SEA005386""]",C,candidate
ds_reheat_yesterday_porridge,11,available,logical_necessity,required_ingredient_profiles,"[""sources/master-archive-v1/data/normalized_source_tables/food_system/food_seasonality.csv:SEA005387""]",C,candidate
ds_reheat_yesterday_porridge,12,available,logical_necessity,required_ingredient_profiles,"[""sources/master-archive-v1/data/normalized_source_tables/food_system/food_seasonality.csv:SEA005388""]",C,candidate
ds_soak_stale_bread,1,conditional,logical_necessity,required_ingredient_profiles,"[""sources/master-archive-v1/data/normalized_source_tables/food_system/food_seasonality.csv:SEA005389""]",C,candidate
ds_soak_stale_bread,2,conditional,logical_necessity,required_ingredient_profiles,"[""sources/master-archive-v1/data/normalized_source_tables/food_system/food_seasonality.csv:SEA005390""]",C,candidate
ds_soak_stale_bread,3,conditional,logical_necessity,required_ingredient_profiles,"[""sources/master-archive-v1/data/normalized_source_tables/food_system/food_seasonality.csv:SEA005391""]",C,candidate
ds_soak_stale_bread,4,conditional,logical_necessity,required_ingredient_profiles,"[""sources/master-archive-v1/data/normalized_source_tables/food_system/food_seasonality.csv:SEA005392""]",C,candidate
ds_soak_stale_bread,5,conditional,logical_necessity,required_ingredient_profiles,"[""sources/master-archive-v1/data/normalized_source_tables/food_system/food_seasonality.csv:SEA005393""]",C,candidate
ds_soak_stale_bread,6,conditional,logical_necessity,required_ingredient_profiles,"[""sources/master-archive-v1/data/normalized_source_tables/food_system/food_seasonality.csv:SEA005394""]",C,candidate
ds_soak_stale_bread,7,conditional,logical_necessity,required_ingredient_profiles,"[""sources/master-archive-v1/data/normalized_source_tables/food_system/food_seasonality.csv:SEA005395""]",C,candidate
ds_soak_stale_bread,8,conditional,logical_necessity,required_ingredient_profiles,"[""sources/master-archive-v1/data/normalized_source_tables/food_system/food_seasonality.csv:SEA005396""]",C,candidate
ds_soak_stale_bread,9,conditional,logical_necessity,required_ingredient_profiles,"[""sources/master-archive-v1/data/normalized_source_tables/food_system/food_seasonality.csv:SEA005397""]",C,candidate
ds_soak_stale_bread,10,conditional,logical_necessity,required_ingredient_profiles,"[""sources/master-archive-v1/data/normalized_source_tables/food_system/food_seasonality.csv:SEA005398""]",C,candidate
ds_soak_stale_bread,11,conditional,logical_necessity,required_ingredient_profiles,"[""sources/master-archive-v1/data/normalized_source_tables/food_system/food_seasonality.csv:SEA005399""]",C,candidate
ds_soak_stale_bread,12,conditional,logical_necessity,required_ingredient_profiles,"[""sources/master-archive-v1/data/normalized_source_tables/food_system/food_seasonality.csv:SEA005400""]",C,candidate
ds_reuse_meat_broth,1,conditional,logical_necessity,required_ingredient_profiles,"[""sources/master-archive-v1/data/normalized_source_tables/food_system/food_seasonality.csv:SEA005401""]",B,candidate
ds_reuse_meat_broth,2,conditional,logical_necessity,required_ingredient_profiles,"[""sources/master-archive-v1/data/normalized_source_tables/food_system/food_seasonality.csv:SEA005402""]",B,candidate
ds_reuse_meat_broth,3,conditional,logical_necessity,required_ingredient_profiles,"[""sources/master-archive-v1/data/normalized_source_tables/food_system/food_seasonality.csv:SEA005403""]",B,candidate
ds_reuse_meat_broth,4,conditional,logical_necessity,required_ingredient_profiles,"[""sources/master-archive-v1/data/normalized_source_tables/food_system/food_seasonality.csv:SEA005404""]",B,candidate
ds_reuse_meat_broth,5,conditional,logical_necessity,required_ingredient_profiles,"[""sources/master-archive-v1/data/normalized_source_tables/food_system/food_seasonality.csv:SEA005405""]",B,candidate
ds_reuse_meat_broth,6,conditional,logical_necessity,required_ingredient_profiles,"[""sources/master-archive-v1/data/normalized_source_tables/food_system/food_seasonality.csv:SEA005406""]",B,candidate
ds_reuse_meat_broth,7,conditional,logical_necessity,required_ingredient_profiles,"[""sources/master-archive-v1/data/normalized_source_tables/food_system/food_seasonality.csv:SEA005407""]",B,candidate
ds_reuse_meat_broth,8,conditional,logical_necessity,required_ingredient_profiles,"[""sources/master-archive-v1/data/normalized_source_tables/food_system/food_seasonality.csv:SEA005408""]",B,candidate
ds_reuse_meat_broth,9,conditional,logical_necessity,required_ingredient_profiles,"[""sources/master-archive-v1/data/normalized_source_tables/food_system/food_seasonality.csv:SEA005409""]",B,candidate
ds_reuse_meat_broth,10,conditional,logical_necessity,required_ingredient_profiles,"[""sources/master-archive-v1/data/normalized_source_tables/food_system/food_seasonality.csv:SEA005410""]",B,candidate
ds_reuse_meat_broth,11,conditional,logical_necessity,required_ingredient_profiles,"[""sources/master-archive-v1/data/normalized_source_tables/food_system/food_seasonality.csv:SEA005411""]",B,candidate
ds_reuse_meat_broth,12,conditional,logical_necessity,required_ingredient_profiles,"[""sources/master-archive-v1/data/normalized_source_tables/food_system/food_seasonality.csv:SEA005412""]",B,candidate
ds_render_animal_fat,1,available,logical_necessity,required_ingredient_profiles,"[""sources/master-archive-v1/data/normalized_source_tables/food_system/food_seasonality.csv:SEA005413""]",B,candidate
ds_render_animal_fat,2,available,logical_necessity,required_ingredient_profiles,"[""sources/master-archive-v1/data/normalized_source_tables/food_system/food_seasonality.csv:SEA005414""]",B,candidate
ds_render_animal_fat,3,available,logical_necessity,required_ingredient_profiles,"[""sources/master-archive-v1/data/normalized_source_tables/food_system/food_seasonality.csv:SEA005415""]",B,candidate
ds_render_animal_fat,4,rare,logical_necessity,required_ingredient_profiles,"[""sources/master-archive-v1/data/normalized_source_tables/food_system/food_seasonality.csv:SEA005416""]",B,candidate
ds_render_animal_fat,5,rare,logical_necessity,required_ingredient_profiles,"[""sources/master-archive-v1/data/normalized_source_tables/food_system/food_seasonality.csv:SEA005417""]",B,candidate
ds_render_animal_fat,6,rare,logical_necessity,required_ingredient_profiles,"[""sources/master-archive-v1/data/normalized_source_tables/food_system/food_seasonality.csv:SEA005418""]",B,candidate
ds_render_animal_fat,7,rare,logical_necessity,required_ingredient_profiles,"[""sources/master-archive-v1/data/normalized_source_tables/food_system/food_seasonality.csv:SEA005419""]",B,candidate
ds_render_animal_fat,8,rare,logical_necessity,required_ingredient_profiles,"[""sources/master-archive-v1/data/normalized_source_tables/food_system/food_seasonality.csv:SEA005420""]",B,candidate
ds_render_animal_fat,9,rare,logical_necessity,required_ingredient_profiles,"[""sources/master-archive-v1/data/normalized_source_tables/food_system/food_seasonality.csv:SEA005421""]",B,candidate
ds_render_animal_fat,10,available,logical_necessity,required_ingredient_profiles,"[""sources/master-archive-v1/data/normalized_source_tables/food_system/food_seasonality.csv:SEA005422""]",B,candidate
ds_render_animal_fat,11,available,logical_necessity,required_ingredient_profiles,"[""sources/master-archive-v1/data/normalized_source_tables/food_system/food_seasonality.csv:SEA005423""]",B,candidate
ds_render_animal_fat,12,available,logical_necessity,required_ingredient_profiles,"[""sources/master-archive-v1/data/normalized_source_tables/food_system/food_seasonality.csv:SEA005424""]",B,candidate
ds_crush_flax_seed,1,available,logical_necessity,required_ingredient_profiles,"[""sources/master-archive-v1/data/normalized_source_tables/food_system/food_seasonality.csv:SEA005425""]",B,candidate
ds_crush_flax_seed,2,available,logical_necessity,required_ingredient_profiles,"[""sources/master-archive-v1/data/normalized_source_tables/food_system/food_seasonality.csv:SEA005426""]",B,candidate
ds_crush_flax_seed,3,available,logical_necessity,required_ingredient_profiles,"[""sources/master-archive-v1/data/normalized_source_tables/food_system/food_seasonality.csv:SEA005427""]",B,candidate
ds_crush_flax_seed,4,available,logical_necessity,required_ingredient_profiles,"[""sources/master-archive-v1/data/normalized_source_tables/food_system/food_seasonality.csv:SEA005428""]",B,candidate
ds_crush_flax_seed,5,available,logical_necessity,required_ingredient_profiles,"[""sources/master-archive-v1/data/normalized_source_tables/food_system/food_seasonality.csv:SEA005429""]",B,candidate
ds_crush_flax_seed,6,available,logical_necessity,required_ingredient_profiles,"[""sources/master-archive-v1/data/normalized_source_tables/food_system/food_seasonality.csv:SEA005430""]",B,candidate
ds_crush_flax_seed,7,available,logical_necessity,required_ingredient_profiles,"[""sources/master-archive-v1/data/normalized_source_tables/food_system/food_seasonality.csv:SEA005431""]",B,candidate
ds_crush_flax_seed,8,available,logical_necessity,required_ingredient_profiles,"[""sources/master-archive-v1/data/normalized_source_tables/food_system/food_seasonality.csv:SEA005432""]",B,candidate
ds_crush_flax_seed,9,available,logical_necessity,required_ingredient_profiles,"[""sources/master-archive-v1/data/normalized_source_tables/food_system/food_seasonality.csv:SEA005433""]",B,candidate
ds_crush_flax_seed,10,available,logical_necessity,required_ingredient_profiles,"[""sources/master-archive-v1/data/normalized_source_tables/food_system/food_seasonality.csv:SEA005434""]",B,candidate
ds_crush_flax_seed,11,available,logical_necessity,required_ingredient_profiles,"[""sources/master-archive-v1/data/normalized_source_tables/food_system/food_seasonality.csv:SEA005435""]",B,candidate
ds_crush_flax_seed,12,available,logical_necessity,required_ingredient_profiles,"[""sources/master-archive-v1/data/normalized_source_tables/food_system/food_seasonality.csv:SEA005436""]",B,candidate
ds_press_seed_oil_cautious,1,conditional,logical_necessity,required_ingredient_profiles,"[""sources/master-archive-v1/data/normalized_source_tables/food_system/food_seasonality.csv:SEA005437""]",C,candidate
ds_press_seed_oil_cautious,2,conditional,logical_necessity,required_ingredient_profiles,"[""sources/master-archive-v1/data/normalized_source_tables/food_system/food_seasonality.csv:SEA005438""]",C,candidate
ds_press_seed_oil_cautious,3,conditional,logical_necessity,required_ingredient_profiles,"[""sources/master-archive-v1/data/normalized_source_tables/food_system/food_seasonality.csv:SEA005439""]",C,candidate
ds_press_seed_oil_cautious,4,conditional,logical_necessity,required_ingredient_profiles,"[""sources/master-archive-v1/data/normalized_source_tables/food_system/food_seasonality.csv:SEA005440""]",C,candidate
ds_press_seed_oil_cautious,5,conditional,logical_necessity,required_ingredient_profiles,"[""sources/master-archive-v1/data/normalized_source_tables/food_system/food_seasonality.csv:SEA005441""]",C,candidate
ds_press_seed_oil_cautious,6,conditional,logical_necessity,required_ingredient_profiles,"[""sources/master-archive-v1/data/normalized_source_tables/food_system/food_seasonality.csv:SEA005442""]",C,candidate
ds_press_seed_oil_cautious,7,conditional,logical_necessity,required_ingredient_profiles,"[""sources/master-archive-v1/data/normalized_source_tables/food_system/food_seasonality.csv:SEA005443""]",C,candidate
ds_press_seed_oil_cautious,8,conditional,logical_necessity,required_ingredient_profiles,"[""sources/master-archive-v1/data/normalized_source_tables/food_system/food_seasonality.csv:SEA005444""]",C,candidate
ds_press_seed_oil_cautious,9,conditional,logical_necessity,required_ingredient_profiles,"[""sources/master-archive-v1/data/normalized_source_tables/food_system/food_seasonality.csv:SEA005445""]",C,candidate
ds_press_seed_oil_cautious,10,conditional,logical_necessity,required_ingredient_profiles,"[""sources/master-archive-v1/data/normalized_source_tables/food_system/food_seasonality.csv:SEA005446""]",C,candidate
ds_press_seed_oil_cautious,11,conditional,logical_necessity,required_ingredient_profiles,"[""sources/master-archive-v1/data/normalized_source_tables/food_system/food_seasonality.csv:SEA005447""]",C,candidate
ds_press_seed_oil_cautious,12,conditional,logical_necessity,required_ingredient_profiles,"[""sources/master-archive-v1/data/normalized_source_tables/food_system/food_seasonality.csv:SEA005448""]",C,candidate
ds_strain_honey,1,available,logical_necessity,required_ingredient_profiles,"[""sources/master-archive-v1/data/normalized_source_tables/food_system/food_seasonality.csv:SEA005449""]",B,candidate
ds_strain_honey,2,available,logical_necessity,required_ingredient_profiles,"[""sources/master-archive-v1/data/normalized_source_tables/food_system/food_seasonality.csv:SEA005450""]",B,candidate
ds_strain_honey,3,available,logical_necessity,required_ingredient_profiles,"[""sources/master-archive-v1/data/normalized_source_tables/food_system/food_seasonality.csv:SEA005451""]",B,candidate
ds_strain_honey,4,available,logical_necessity,required_ingredient_profiles,"[""sources/master-archive-v1/data/normalized_source_tables/food_system/food_seasonality.csv:SEA005452""]",B,candidate
ds_strain_honey,5,available,logical_necessity,required_ingredient_profiles,"[""sources/master-archive-v1/data/normalized_source_tables/food_system/food_seasonality.csv:SEA005453""]",B,candidate
ds_strain_honey,6,available,logical_necessity,required_ingredient_profiles,"[""sources/master-archive-v1/data/normalized_source_tables/food_system/food_seasonality.csv:SEA005454""]",B,candidate
ds_strain_honey,7,available,logical_necessity,required_ingredient_profiles,"[""sources/master-archive-v1/data/normalized_source_tables/food_system/food_seasonality.csv:SEA005455""]",B,candidate
ds_strain_honey,8,available,logical_necessity,required_ingredient_profiles,"[""sources/master-archive-v1/data/normalized_source_tables/food_system/food_seasonality.csv:SEA005456""]",B,candidate
ds_strain_honey,9,available,logical_necessity,required_ingredient_profiles,"[""sources/master-archive-v1/data/normalized_source_tables/food_system/food_seasonality.csv:SEA005457""]",B,candidate
ds_strain_honey,10,available,logical_necessity,required_ingredient_profiles,"[""sources/master-archive-v1/data/normalized_source_tables/food_system/food_seasonality.csv:SEA005458""]",B,candidate
ds_strain_honey,11,available,logical_necessity,required_ingredient_profiles,"[""sources/master-archive-v1/data/normalized_source_tables/food_system/food_seasonality.csv:SEA005459""]",B,candidate
ds_strain_honey,12,available,logical_necessity,required_ingredient_profiles,"[""sources/master-archive-v1/data/normalized_source_tables/food_system/food_seasonality.csv:SEA005460""]",B,candidate
ds_evaporate_salt_brine_cautious,1,available,logical_necessity,required_ingredient_profiles,"[""sources/master-archive-v1/data/normalized_source_tables/food_system/food_seasonality.csv:SEA005461""]",C,candidate
ds_evaporate_salt_brine_cautious,2,available,logical_necessity,required_ingredient_profiles,"[""sources/master-archive-v1/data/normalized_source_tables/food_system/food_seasonality.csv:SEA005462""]",C,candidate
ds_evaporate_salt_brine_cautious,3,available,logical_necessity,required_ingredient_profiles,"[""sources/master-archive-v1/data/normalized_source_tables/food_system/food_seasonality.csv:SEA005463""]",C,candidate
ds_evaporate_salt_brine_cautious,4,available,logical_necessity,required_ingredient_profiles,"[""sources/master-archive-v1/data/normalized_source_tables/food_system/food_seasonality.csv:SEA005464""]",C,candidate
ds_evaporate_salt_brine_cautious,5,available,logical_necessity,required_ingredient_profiles,"[""sources/master-archive-v1/data/normalized_source_tables/food_system/food_seasonality.csv:SEA005465""]",C,candidate
ds_evaporate_salt_brine_cautious,6,available,logical_necessity,required_ingredient_profiles,"[""sources/master-archive-v1/data/normalized_source_tables/food_system/food_seasonality.csv:SEA005466""]",C,candidate
ds_evaporate_salt_brine_cautious,7,available,logical_necessity,required_ingredient_profiles,"[""sources/master-archive-v1/data/normalized_source_tables/food_system/food_seasonality.csv:SEA005467""]",C,candidate
ds_evaporate_salt_brine_cautious,8,available,logical_necessity,required_ingredient_profiles,"[""sources/master-archive-v1/data/normalized_source_tables/food_system/food_seasonality.csv:SEA005468""]",C,candidate
ds_evaporate_salt_brine_cautious,9,available,logical_necessity,required_ingredient_profiles,"[""sources/master-archive-v1/data/normalized_source_tables/food_system/food_seasonality.csv:SEA005469""]",C,candidate
ds_evaporate_salt_brine_cautious,10,available,logical_necessity,required_ingredient_profiles,"[""sources/master-archive-v1/data/normalized_source_tables/food_system/food_seasonality.csv:SEA005470""]",C,candidate
ds_evaporate_salt_brine_cautious,11,available,logical_necessity,required_ingredient_profiles,"[""sources/master-archive-v1/data/normalized_source_tables/food_system/food_seasonality.csv:SEA005471""]",C,candidate
ds_evaporate_salt_brine_cautious,12,available,logical_necessity,required_ingredient_profiles,"[""sources/master-archive-v1/data/normalized_source_tables/food_system/food_seasonality.csv:SEA005472""]",C,candidate
ds_cook_salted_fish,1,available,logical_necessity,required_ingredient_profiles,"[""sources/master-archive-v1/data/normalized_source_tables/food_system/food_seasonality.csv:SEA005473""]",B,candidate
ds_cook_salted_fish,2,available,logical_necessity,required_ingredient_profiles,"[""sources/master-archive-v1/data/normalized_source_tables/food_system/food_seasonality.csv:SEA005474""]",B,candidate
ds_cook_salted_fish,3,available,logical_necessity,required_ingredient_profiles,"[""sources/master-archive-v1/data/normalized_source_tables/food_system/food_seasonality.csv:SEA005475""]",B,candidate
ds_cook_salted_fish,4,available,logical_necessity,required_ingredient_profiles,"[""sources/master-archive-v1/data/normalized_source_tables/food_system/food_seasonality.csv:SEA005476""]",B,candidate
ds_cook_salted_fish,5,available,logical_necessity,required_ingredient_profiles,"[""sources/master-archive-v1/data/normalized_source_tables/food_system/food_seasonality.csv:SEA005477""]",B,candidate
ds_cook_salted_fish,6,available,logical_necessity,required_ingredient_profiles,"[""sources/master-archive-v1/data/normalized_source_tables/food_system/food_seasonality.csv:SEA005478""]",B,candidate
ds_cook_salted_fish,7,available,logical_necessity,required_ingredient_profiles,"[""sources/master-archive-v1/data/normalized_source_tables/food_system/food_seasonality.csv:SEA005479""]",B,candidate
ds_cook_salted_fish,8,available,logical_necessity,required_ingredient_profiles,"[""sources/master-archive-v1/data/normalized_source_tables/food_system/food_seasonality.csv:SEA005480""]",B,candidate
ds_cook_salted_fish,9,available,logical_necessity,required_ingredient_profiles,"[""sources/master-archive-v1/data/normalized_source_tables/food_system/food_seasonality.csv:SEA005481""]",B,candidate
ds_cook_salted_fish,10,available,logical_necessity,required_ingredient_profiles,"[""sources/master-archive-v1/data/normalized_source_tables/food_system/food_seasonality.csv:SEA005482""]",B,candidate
ds_cook_salted_fish,11,available,logical_necessity,required_ingredient_profiles,"[""sources/master-archive-v1/data/normalized_source_tables/food_system/food_seasonality.csv:SEA005483""]",B,candidate
ds_cook_salted_fish,12,available,logical_necessity,required_ingredient_profiles,"[""sources/master-archive-v1/data/normalized_source_tables/food_system/food_seasonality.csv:SEA005484""]",B,candidate
ds_cook_dried_fish,1,available,logical_necessity,required_ingredient_profiles,"[""sources/master-archive-v1/data/normalized_source_tables/food_system/food_seasonality.csv:SEA005485""]",B,candidate
ds_cook_dried_fish,2,available,logical_necessity,required_ingredient_profiles,"[""sources/master-archive-v1/data/normalized_source_tables/food_system/food_seasonality.csv:SEA005486""]",B,candidate
ds_cook_dried_fish,3,available,logical_necessity,required_ingredient_profiles,"[""sources/master-archive-v1/data/normalized_source_tables/food_system/food_seasonality.csv:SEA005487""]",B,candidate
ds_cook_dried_fish,4,available,logical_necessity,required_ingredient_profiles,"[""sources/master-archive-v1/data/normalized_source_tables/food_system/food_seasonality.csv:SEA005488""]",B,candidate
ds_cook_dried_fish,5,available,logical_necessity,required_ingredient_profiles,"[""sources/master-archive-v1/data/normalized_source_tables/food_system/food_seasonality.csv:SEA005489""]",B,candidate
ds_cook_dried_fish,6,available,logical_necessity,required_ingredient_profiles,"[""sources/master-archive-v1/data/normalized_source_tables/food_system/food_seasonality.csv:SEA005490""]",B,candidate
ds_cook_dried_fish,7,available,logical_necessity,required_ingredient_profiles,"[""sources/master-archive-v1/data/normalized_source_tables/food_system/food_seasonality.csv:SEA005491""]",B,candidate
ds_cook_dried_fish,8,available,logical_necessity,required_ingredient_profiles,"[""sources/master-archive-v1/data/normalized_source_tables/food_system/food_seasonality.csv:SEA005492""]",B,candidate
ds_cook_dried_fish,9,available,logical_necessity,required_ingredient_profiles,"[""sources/master-archive-v1/data/normalized_source_tables/food_system/food_seasonality.csv:SEA005493""]",B,candidate
ds_cook_dried_fish,10,available,logical_necessity,required_ingredient_profiles,"[""sources/master-archive-v1/data/normalized_source_tables/food_system/food_seasonality.csv:SEA005494""]",B,candidate
ds_cook_dried_fish,11,available,logical_necessity,required_ingredient_profiles,"[""sources/master-archive-v1/data/normalized_source_tables/food_system/food_seasonality.csv:SEA005495""]",B,candidate
ds_cook_dried_fish,12,available,logical_necessity,required_ingredient_profiles,"[""sources/master-archive-v1/data/normalized_source_tables/food_system/food_seasonality.csv:SEA005496""]",B,candidate
ds_cook_salted_meat,1,available,logical_necessity,required_ingredient_profiles,"[""sources/master-archive-v1/data/normalized_source_tables/food_system/food_seasonality.csv:SEA005497""]",B,candidate
ds_cook_salted_meat,2,available,logical_necessity,required_ingredient_profiles,"[""sources/master-archive-v1/data/normalized_source_tables/food_system/food_seasonality.csv:SEA005498""]",B,candidate
ds_cook_salted_meat,3,available,logical_necessity,required_ingredient_profiles,"[""sources/master-archive-v1/data/normalized_source_tables/food_system/food_seasonality.csv:SEA005499""]",B,candidate
ds_cook_salted_meat,4,available,logical_necessity,required_ingredient_profiles,"[""sources/master-archive-v1/data/normalized_source_tables/food_system/food_seasonality.csv:SEA005500""]",B,candidate
ds_cook_salted_meat,5,available,logical_necessity,required_ingredient_profiles,"[""sources/master-archive-v1/data/normalized_source_tables/food_system/food_seasonality.csv:SEA005501""]",B,candidate
ds_cook_salted_meat,6,available,logical_necessity,required_ingredient_profiles,"[""sources/master-archive-v1/data/normalized_source_tables/food_system/food_seasonality.csv:SEA005502""]",B,candidate
ds_cook_salted_meat,7,available,logical_necessity,required_ingredient_profiles,"[""sources/master-archive-v1/data/normalized_source_tables/food_system/food_seasonality.csv:SEA005503""]",B,candidate
ds_cook_salted_meat,8,available,logical_necessity,required_ingredient_profiles,"[""sources/master-archive-v1/data/normalized_source_tables/food_system/food_seasonality.csv:SEA005504""]",B,candidate
ds_cook_salted_meat,9,available,logical_necessity,required_ingredient_profiles,"[""sources/master-archive-v1/data/normalized_source_tables/food_system/food_seasonality.csv:SEA005505""]",B,candidate
ds_cook_salted_meat,10,available,logical_necessity,required_ingredient_profiles,"[""sources/master-archive-v1/data/normalized_source_tables/food_system/food_seasonality.csv:SEA005506""]",B,candidate
ds_cook_salted_meat,11,available,logical_necessity,required_ingredient_profiles,"[""sources/master-archive-v1/data/normalized_source_tables/food_system/food_seasonality.csv:SEA005507""]",B,candidate
ds_cook_salted_meat,12,available,logical_necessity,required_ingredient_profiles,"[""sources/master-archive-v1/data/normalized_source_tables/food_system/food_seasonality.csv:SEA005508""]",B,candidate
