archive_ref,archive_name,record_type,disposition,game_base_ref,basis,derivation,confidence,period,region,source_action,anachronism_result,anachronism_reason,dedup_result,dedup_reason,metadata_note,generation_policy,anachronism_risk,target_group,target_ref,status
data/normalized_source_tables/material_entities/material_entities.csv:OMI00008,Корневой комель дерева,new,routed,,logical_necessity,data/normalized_source_tables/material_entities/material_entities.csv#OMI00008,B,1180–1260,Великий Новгород и Новгородская земля; центр модели — около 1230 года,include_d39,passed,No denylist stem matched the archive name.,unique,Корневой комель — самостоятельная заготовка; нет тождественной цели среди BIC refs.,"B: reconstruction/category/context evidence; basis logical_necessity, not direct item attestation. Корневой комель — самостоятельная заготовка; нет тождественной цели среди BIC refs.",safe_with_explicit_context,medium,buildings-interiors-containers,n1230:material_item:omi00008,routed
data/normalized_source_tables/material_entities/material_entities.csv:OMI00025,Лучина-заготовка без обугленного конца,new,routed,,sourced,category-level evidence (category_form_material_process_or_context): data/normalized_source_tables/material_entities/material_entities.csv#OMI00025,A,1180–1260,Великий Новгород и Новгородская земля; центр модели — около 1230 года,include_d39,passed,No denylist stem matched the archive name.,unique,Uncharred splint blank is a preparation state of household lighting splints; preserve the splint identity.,A: category-level evidence (category_form_material_process_or_context). Uncharred splint blank is a preparation state of household lighting splints; preserve the splint identity.,safe_with_context,low,items-household-personal,items-household-personal/items/household.csv#it_hh_splint,routed
data/normalized_source_tables/material_entities/material_entities.csv:OMI00029,Круглая деревянная шайба-заготовка,new,include,,analogy,data/normalized_source_tables/material_entities/material_entities.csv#OMI00029,C,1180–1260,Великий Новгород и Новгородская земля; центр модели — около 1230 года,include_d39,passed,No denylist stem matched the archive name.,unique,Деревянная шайба-заготовка выточена из древесины и служит отдельной дистанционной/крепёжной деталью; это не костяная шайба OMI00917.,Confidence C: analogue/hypothesis; basis analogy.,explicit_context_only,high,,,candidate
data/normalized_source_tables/material_entities/material_entities.csv:OMI00032,Деревянное кольцо-заготовка,new,include,,analogy,data/normalized_source_tables/material_entities/material_entities.csv#OMI00032,C,1180–1260,Великий Новгород и Новгородская земля; центр модели — около 1230 года,include_d39,passed,No denylist stem matched the archive name.,unique,Деревянное кольцо-заготовка — обработанная древесная деталь; оно не тождественно костяному кольцу OMI00919.,Confidence C: analogue/hypothesis; basis analogy.,explicit_context_only,high,,,candidate
data/normalized_source_tables/material_entities/material_entities.csv:OMI00034,Пучок ивовых прутьев,variant,include,crafts-tools-processes/materials_registry/materials.csv#mt_wood_willow,logical_necessity,data/normalized_source_tables/material_entities/material_entities.csv#OMI00034,B,1180–1260,Великий Новгород и Новгородская земля; центр модели — около 1230 года,include_d39,passed,No denylist stem matched the archive name.,variant_target,Bundle/stock state of the existing willow rods and wood material. Reuses existing crafts owner crafts-tools-processes/materials_registry/materials.csv#mt_wood_willow.,"B: reconstruction/category/context evidence; basis logical_necessity, not direct item attestation.",safe_with_explicit_context,medium,,,candidate
data/normalized_source_tables/material_entities/material_entities.csv:OMI00035,Прут орешника,new,include,,logical_necessity,data/normalized_source_tables/material_entities/material_entities.csv#OMI00035,B,1180–1260,Великий Новгород и Новгородская земля; центр модели — около 1230 года,include_d39,passed,No denylist stem matched the archive name.,unique,Reviewed semantic roots [орешник прут] and family_key [hazel_rod]; no object identity collapsed after ignoring state/size/container/use modifiers.,"B: reconstruction/category/context evidence; basis logical_necessity, not direct item attestation.",safe_with_explicit_context,medium,,,candidate
data/normalized_source_tables/material_entities/material_entities.csv:OMI00037,Пучок тонких прутьев,new,routed,,logical_necessity,data/normalized_source_tables/material_entities/material_entities.csv#OMI00037,B,1180–1260,Великий Новгород и Новгородская земля; центр модели — около 1230 года,include_d39,passed,No denylist stem matched the archive name.,unique,Thin brushwood belongs to natural plant material owner.,"B: reconstruction/category/context evidence; basis logical_necessity, not direct item attestation. Thin brushwood belongs to natural plant material owner.",safe_with_explicit_context,medium,nature-materials-weather,nature-materials-weather/natural_materials_soils/natural_materials.csv#nm_dry_brushwood,routed
data/normalized_source_tables/material_entities/material_entities.csv:OMI00039,Заострённый деревянный кол,new,include,,sourced,category-level evidence (category_form_material_process_or_context): data/normalized_source_tables/material_entities/material_entities.csv#OMI00039,A,1180–1260,Великий Новгород и Новгородская земля; центр модели — около 1230 года,include_d39,passed,No denylist stem matched the archive name.,unique,Reviewed semantic roots [деревянн заостренн кол] and family_key [sharpened_stake]; no object identity collapsed after ignoring state/size/container/use modifiers.,A: category-level evidence (category_form_material_process_or_context).,safe_with_context,low,,,candidate
data/normalized_source_tables/material_entities/material_entities.csv:OMI00040,Малый деревянный колышек,new,include,,sourced,category-level evidence (category_form_material_process_or_context): data/normalized_source_tables/material_entities/material_entities.csv#OMI00040,A,1180–1260,Великий Новгород и Новгородская земля; центр модели — около 1230 года,include_d39,passed,No denylist stem matched the archive name.,unique,Reviewed semantic roots [деревянн колышек] and family_key [small_peg]; no object identity collapsed after ignoring state/size/container/use modifiers.,A: category-level evidence (category_form_material_process_or_context).,safe_with_context,low,,,candidate
data/normalized_source_tables/material_entities/material_entities.csv:OMI00041,Деревянный шкант,new,include,,logical_necessity,data/normalized_source_tables/material_entities/material_entities.csv#OMI00041,B,1180–1260,Великий Новгород и Новгородская земля; центр модели — около 1230 года,include_d39,passed,No denylist stem matched the archive name.,unique,Reviewed semantic roots [деревянн шкант] and family_key [dowel]; no object identity collapsed after ignoring state/size/container/use modifiers.,"B: reconstruction/category/context evidence; basis logical_necessity, not direct item attestation.",safe_with_explicit_context,medium,,,candidate
data/normalized_source_tables/material_entities/material_entities.csv:OMI00044,Тонкая деревянная прокладка,new,include,,logical_necessity,data/normalized_source_tables/material_entities/material_entities.csv#OMI00044,B,1180–1260,Великий Новгород и Новгородская земля; центр модели — около 1230 года,include_d39,passed,No denylist stem matched the archive name.,unique,Reviewed semantic roots [деревянн прокладк тонк] and family_key [wood_shim]; no object identity collapsed after ignoring state/size/container/use modifiers.,"B: reconstruction/category/context evidence; basis logical_necessity, not direct item attestation.",safe_with_explicit_context,medium,,,candidate
data/normalized_source_tables/material_entities/material_entities.csv:OMI00048,"Обугленный, но целый обрезок дерева",new,routed,,logical_necessity,data/normalized_source_tables/material_entities/material_entities.csv#OMI00048,B,1180–1260,Великий Новгород и Новгородская земля; центр модели — около 1230 года,include_d39,passed,No denylist stem matched the archive name.,unique,Kind owner routed to nature-materials-weather.,"B: reconstruction/category/context evidence; basis logical_necessity, not direct item attestation. Kind owner routed to nature-materials-weather.",safe_with_explicit_context,medium,nature-materials-weather,nature-materials-weather/natural_materials_soils/natural_materials.csv#nm_deadwood,routed
data/normalized_source_tables/material_entities/material_entities.csv:OMI00049,Вымокшая деревянная заготовка,variant,include,crafts-tools-processes/materials_registry/materials.csv#mt_wood_generic,logical_necessity,data/normalized_source_tables/material_entities/material_entities.csv#OMI00049,B,1180–1260,Великий Новгород и Новгородская земля; центр модели — около 1230 года,include_d39,passed,No denylist stem matched the archive name.,variant_target,Waterlogged wood stock differs by condition only. Reuses existing crafts owner crafts-tools-processes/materials_registry/materials.csv#mt_wood_generic.,"B: reconstruction/category/context evidence; basis logical_necessity, not direct item attestation. Waterlogged wood stock differs by condition only.",safe_with_explicit_context,medium,,,candidate
data/normalized_source_tables/material_entities/material_entities.csv:OMI00050,"Плавник, отобранный для топлива",new,routed,,logical_necessity,data/normalized_source_tables/material_entities/material_entities.csv#OMI00050,B,1180–1260,Великий Новгород и Новгородская земля; центр модели — около 1230 года,include_d39,passed,No denylist stem matched the archive name.,unique,Driftwood is natural material; fuel selection is a property.,"B: reconstruction/category/context evidence; basis logical_necessity, not direct item attestation. Driftwood is natural material; fuel selection is a property.",safe_with_explicit_context,medium,nature-materials-weather,nature-materials-weather/natural_materials_soils/natural_materials.csv#nm_driftwood,routed
data/normalized_source_tables/material_entities/material_entities.csv:OMI00051,Пень с пригодной корневой древесиной,new,include,,logical_necessity,data/normalized_source_tables/material_entities/material_entities.csv#OMI00051,B,1180–1260,Великий Новгород и Новгородская земля; центр модели — около 1230 года,include_d39,passed,No denylist stem matched the archive name.,unique,Reviewed semantic roots [древесин корнев пень пригодн] and family_key [stump_stock]; no object identity collapsed after ignoring state/size/container/use modifiers.,"B: reconstruction/category/context evidence; basis logical_necessity, not direct item attestation.",safe_with_explicit_context,medium,,,candidate
data/normalized_source_tables/material_entities/material_entities.csv:OMI00055,Заготовка длинной рукояти,variant,include,crafts-tools-processes/materials_registry/materials.csv#mt_wood_generic,logical_necessity,data/normalized_source_tables/material_entities/material_entities.csv#OMI00055,B,1180–1260,Великий Новгород и Новгородская земля; центр модели — около 1230 года,include_d39,passed,No denylist stem matched the archive name.,variant_target,Long handle blank is worked-wood form Reuses existing crafts owner crafts-tools-processes/materials_registry/materials.csv#mt_wood_generic.,"B: reconstruction/category/context evidence; basis logical_necessity, not direct item attestation. Long handle blank is worked-wood form",safe_with_explicit_context,medium,,,candidate
data/normalized_source_tables/material_entities/material_entities.csv:OMI00056,Короткая деревянная рукоять,variant,include,crafts-tools-processes/materials_registry/materials.csv#mt_wood_generic,sourced,category-level evidence (category_form_material_process_or_context): data/normalized_source_tables/material_entities/material_entities.csv#OMI00056,A,1180–1260,Великий Новгород и Новгородская земля; центр модели — около 1230 года,include_d39,passed,No denylist stem matched the archive name.,variant_target,Short handle is worked-wood form Reuses existing crafts owner crafts-tools-processes/materials_registry/materials.csv#mt_wood_generic.,A: category-level evidence (category_form_material_process_or_context). Short handle is worked-wood form,safe_with_context,low,,,candidate
data/normalized_source_tables/material_entities/material_entities.csv:OMI00057,Сломанная деревянная рукоять,variant,include,crafts-tools-processes/materials_registry/materials.csv#mt_wood_generic,sourced,category-level evidence (category_form_material_process_or_context): data/normalized_source_tables/material_entities/material_entities.csv#OMI00057,A,1180–1260,Великий Новгород и Новгородская земля; центр модели — около 1230 года,include_d39,passed,No denylist stem matched the archive name.,variant_target,Broken handle is condition of wooden component. Reuses existing crafts owner crafts-tools-processes/materials_registry/materials.csv#mt_wood_generic.,A: category-level evidence (category_form_material_process_or_context). Broken handle is condition of wooden component.,safe_with_context,low,,,candidate
data/normalized_source_tables/material_entities/material_entities.csv:OMI00058,Обойма-утолщение деревянной рукояти,new,include,,analogy,data/normalized_source_tables/material_entities/material_entities.csv#OMI00058,C,1180–1260,Великий Новгород и Новгородская земля; центр модели — около 1230 года,include_d39,passed,No denylist stem matched the archive name.,unique,Reviewed semantic roots [деревянн обойм рукоят утолщен] and family_key [handle_swell]; no object identity collapsed after ignoring state/size/container/use modifiers.,Confidence C: analogue/hypothesis; basis analogy.,explicit_context_only,high,,,candidate
data/normalized_source_tables/material_entities/material_entities.csv:OMI00059,Деревянная втулка,new,include,,logical_necessity,data/normalized_source_tables/material_entities/material_entities.csv#OMI00059,B,1180–1260,Великий Новгород и Новгородская земля; центр модели — около 1230 года,include_d39,passed,No denylist stem matched the archive name.,unique,Wooden bushing is independent worked component; retain as canonical component entity.,"B: reconstruction/category/context evidence; basis logical_necessity, not direct item attestation. Wooden bushing is independent worked component; retain as canonical component entity.",safe_with_explicit_context,medium,crafts-tools-processes,,candidate
data/normalized_source_tables/material_entities/material_entities.csv:OMI00061,Деревянный валик,new,include,,logical_necessity,data/normalized_source_tables/material_entities/material_entities.csv#OMI00061,B,1180–1260,Великий Новгород и Новгородская земля; центр модели — около 1230 года,include_d39,passed,No denylist stem matched the archive name.,unique,Reviewed semantic roots [валик деревянн] and family_key [wood_roller]; no object identity collapsed after ignoring state/size/container/use modifiers.,"B: reconstruction/category/context evidence; basis logical_necessity, not direct item attestation.",safe_with_explicit_context,medium,,,candidate
data/normalized_source_tables/material_entities/material_entities.csv:OMI00062,Деревянная спица-заготовка,new,routed,,logical_necessity,data/normalized_source_tables/material_entities/material_entities.csv#OMI00062,B,1180–1260,Великий Новгород и Новгородская земля; центр модели — около 1230 года,include_d39,passed,No denylist stem matched the archive name.,unique,Wheel spoke blank is a stage of existing cart wheel component.,"B: reconstruction/category/context evidence; basis logical_necessity, not direct item attestation. Wheel spoke blank is a stage of existing cart wheel component.",safe_with_explicit_context,medium,transport-health-recreation,transport-health-recreation/transport_travel/transport_entities.csv#trv_032,routed
data/normalized_source_tables/material_entities/material_entities.csv:OMI00063,Деревянный ободной сегмент,new,routed,,logical_necessity,data/normalized_source_tables/material_entities/material_entities.csv#OMI00063,B,1180–1260,Великий Новгород и Новгородская земля; центр модели — около 1230 года,include_d39,passed,No denylist stem matched the archive name.,unique,Rim segment duplicates LTR0029 cart wheel part.,"B: reconstruction/category/context evidence; basis logical_necessity, not direct item attestation. Rim segment duplicates LTR0029 cart wheel part.",safe_with_explicit_context,medium,transport-health-recreation,transport-health-recreation/transport_travel/transport_entities.csv#trv_032,routed
data/normalized_source_tables/material_entities/material_entities.csv:OMI00064,Деревянная ступица-заготовка,new,routed,,logical_necessity,data/normalized_source_tables/material_entities/material_entities.csv#OMI00064,B,1180–1260,Великий Новгород и Новгородская земля; центр модели — около 1230 года,include_d39,passed,No denylist stem matched the archive name.,unique,Hub blank is a stage of existing cart wheel component.,"B: reconstruction/category/context evidence; basis logical_necessity, not direct item attestation. Hub blank is a stage of existing cart wheel component.",safe_with_explicit_context,medium,transport-health-recreation,transport-health-recreation/transport_travel/transport_entities.csv#trv_032,routed
data/normalized_source_tables/material_entities/material_entities.csv:OMI00065,Деревянная осевая чека,new,routed,,logical_necessity,data/normalized_source_tables/material_entities/material_entities.csv#OMI00065,B,1180–1260,Великий Новгород и Новгородская земля; центр модели — около 1230 года,include_d39,passed,No denylist stem matched the archive name.,unique,Wooden axle cotter duplicates cart axle cotter class.,"B: reconstruction/category/context evidence; basis logical_necessity, not direct item attestation. Wooden axle cotter duplicates cart axle cotter class.",safe_with_explicit_context,medium,transport-health-recreation,transport-health-recreation/transport_travel/transport_entities.csv#trv_033,routed
data/normalized_source_tables/material_entities/material_entities.csv:OMI00066,Заготовка полоза,new,routed,,logical_necessity,data/normalized_source_tables/material_entities/material_entities.csv#OMI00066,B,1180–1260,Великий Новгород и Новгородская земля; центр модели — около 1230 года,include_d39,passed,No denylist stem matched the archive name.,unique,Sledge runner blank belongs to existing sledge class.,"B: reconstruction/category/context evidence; basis logical_necessity, not direct item attestation. Sledge runner blank belongs to existing sledge class.",safe_with_explicit_context,medium,transport-health-recreation,transport-health-recreation/transport_travel/transport_entities.csv#trv_022,routed
data/normalized_source_tables/material_entities/material_entities.csv:OMI00067,Накладка для ремонта полоза,new,routed,,logical_necessity,data/normalized_source_tables/material_entities/material_entities.csv#OMI00067,B,1180–1260,Великий Новгород и Новгородская земля; центр модели — около 1230 года,include_d39,passed,No denylist stem matched the archive name.,unique,Runner repair plate belongs to existing sledge class.,"B: reconstruction/category/context evidence; basis logical_necessity, not direct item attestation. Runner repair plate belongs to existing sledge class.",safe_with_explicit_context,medium,transport-health-recreation,transport-health-recreation/transport_travel/transport_entities.csv#trv_022,routed
data/normalized_source_tables/material_entities/material_entities.csv:OMI00068,Заготовка весла,new,routed,,sourced,category-level evidence (category_form_material_process_or_context): data/normalized_source_tables/material_entities/material_entities.csv#OMI00068,A,1180–1260,Великий Новгород и Новгородская земля; центр модели — около 1230 года,include_d39,passed,No denylist stem matched the archive name.,unique,Oar blank belongs to existing oar entity.,A: category-level evidence (category_form_material_process_or_context). Oar blank belongs to existing oar entity.,safe_with_context,low,transport-health-recreation,transport-health-recreation/transport_travel/transport_entities.csv#trv_018,routed
data/normalized_source_tables/material_entities/material_entities.csv:OMI00069,Лопасть весла-заготовка,variant,include,crafts-tools-processes/craft_tools_gear/tools_gear.csv#tl_oar,logical_necessity,data/normalized_source_tables/material_entities/material_entities.csv#OMI00069,B,1180–1260,Великий Новгород и Новгородская земля; центр модели — около 1230 года,include_d39,passed,No denylist stem matched the archive name.,variant_target,Сырая лопасть весла — заготовка существующего инструмента tl_oar Reuses existing crafts owner crafts-tools-processes/craft_tools_gear/tools_gear.csv#tl_oar.,"B: reconstruction/category/context evidence; basis logical_necessity, not direct item attestation. Сырая лопасть весла — заготовка существующего инструмента tl_oar",safe_with_explicit_context,medium,,,candidate
data/normalized_source_tables/material_entities/material_entities.csv:OMI00097,Деревянный язычок защёлки,new,include,,logical_necessity,data/normalized_source_tables/material_entities/material_entities.csv#OMI00097,B,1180–1260,Великий Новгород и Новгородская земля; центр модели — около 1230 года,include_d39,passed,No denylist stem matched the archive name.,unique,Reviewed semantic roots [деревянн защелк язычок] and family_key [wooden_latch_tongue]; no object identity collapsed after ignoring state/size/container/use modifiers.,"B: reconstruction/category/context evidence; basis logical_necessity, not direct item attestation.",safe_with_explicit_context,medium,,,candidate
data/normalized_source_tables/material_entities/material_entities.csv:OMI00101,Тонкая дощечка для резки пищи,new,routed,,logical_necessity,data/normalized_source_tables/material_entities/material_entities.csv#OMI00101,B,1180–1260,Великий Новгород и Новгородская земля; центр модели — около 1230 года,include_d39,passed,No denylist stem matched the archive name.,unique,Thin board used to cut food is the existing household chopping board; use direct reference.,"B: reconstruction/category/context evidence; basis logical_necessity, not direct item attestation. Thin board used to cut food is the existing household chopping board; use direct reference.",safe_with_explicit_context,medium,items-household-personal,items-household-personal/items/household.csv#it_hh_chopping_board,routed
data/normalized_source_tables/material_entities/material_entities.csv:OMI00104,Деревянный вертел малый,new,routed,,analogy,data/normalized_source_tables/material_entities/material_entities.csv#OMI00104,C,1180–1260,Великий Новгород и Новгородская земля; центр модели — около 1230 года,include_d39,passed,No denylist stem matched the archive name.,unique,"Small wooden spit is household cooking equipment, but current IHP tables contain no distinct spit entity; route to IHP and retain master archive identity as fallback.","Confidence C: analogue/hypothesis; basis analogy. Small wooden spit is household cooking equipment, but current IHP tables contain no distinct spit entity; route to IHP and retain master archive identity as fallback.",explicit_context_only,high,items-household-personal,n1230:material_item:omi00104,routed
data/normalized_source_tables/material_entities/material_entities.csv:OMI00105,Деревянная шпилька для связки,new,include,,analogy,data/normalized_source_tables/material_entities/material_entities.csv#OMI00105,C,1180–1260,Великий Новгород и Новгородская земля; центр модели — около 1230 года,include_d39,passed,No denylist stem matched the archive name.,unique,Reviewed semantic roots [деревянн связк шпильк] and family_key [wood_binding_pin]; no object identity collapsed after ignoring state/size/container/use modifiers.,Confidence C: analogue/hypothesis; basis analogy.,explicit_context_only,high,,,candidate
data/normalized_source_tables/material_entities/material_entities.csv:OMI00109,Дощечка с владельческим знаком,new,include,,logical_necessity,data/normalized_source_tables/material_entities/material_entities.csv#OMI00109,B,1180–1260,Великий Новгород и Новгородская земля; центр модели — около 1230 года,include_d39,passed,No denylist stem matched the archive name.,unique,Reviewed semantic roots [владельческ дощечк знак] and family_key [owner_mark_board]; no object identity collapsed after ignoring state/size/container/use modifiers.,"B: reconstruction/category/context evidence; basis logical_necessity, not direct item attestation.",safe_with_explicit_context,medium,,,candidate
data/normalized_source_tables/material_entities/material_entities.csv:OMI00113,Свернутая трубкой береста без текста,new,routed,,sourced,category-level evidence (category_form_material_process_or_context): data/normalized_source_tables/material_entities/material_entities.csv#OMI00113,A,1180–1260,Великий Новгород и Новгородская земля; центр модели — около 1230 года,include_d39,passed,No denylist stem matched the archive name.,unique,Kind owner routed to nature-materials-weather.,A: category-level evidence (category_form_material_process_or_context). Kind owner routed to nature-materials-weather.,safe_with_context,low,nature-materials-weather,nature-materials-weather/natural_materials_soils/natural_materials.csv#nm_birch_bark,routed
data/normalized_source_tables/material_entities/material_entities.csv:OMI00114,Узкая полоса бересты,new,routed,,sourced,category-level evidence (category_form_material_process_or_context): data/normalized_source_tables/material_entities/material_entities.csv#OMI00114,A,1180–1260,Великий Новгород и Новгородская земля; центр модели — около 1230 года,include_d39,passed,No denylist stem matched the archive name.,unique,Kind owner routed to nature-materials-weather.,A: category-level evidence (category_form_material_process_or_context). Kind owner routed to nature-materials-weather.,safe_with_context,low,nature-materials-weather,nature-materials-weather/natural_materials_soils/natural_materials.csv#nm_birch_bark,routed
data/normalized_source_tables/material_entities/material_entities.csv:OMI00115,Длинная лента бересты,new,routed,,logical_necessity,data/normalized_source_tables/material_entities/material_entities.csv#OMI00115,B,1180–1260,Великий Новгород и Новгородская земля; центр модели — около 1230 года,include_d39,passed,No denylist stem matched the archive name.,unique,Kind owner routed to nature-materials-weather.,"B: reconstruction/category/context evidence; basis logical_necessity, not direct item attestation. Kind owner routed to nature-materials-weather.",safe_with_explicit_context,medium,nature-materials-weather,nature-materials-weather/natural_materials_soils/natural_materials.csv#nm_birch_bark,routed
data/normalized_source_tables/material_entities/material_entities.csv:OMI00117,Берестяная заплата,new,include,,logical_necessity,data/normalized_source_tables/material_entities/material_entities.csv#OMI00117,B,1180–1260,Великий Новгород и Новгородская земля; центр модели — около 1230 года,include_d39,passed,No denylist stem matched the archive name.,unique,Reviewed semantic roots [берестян заплат] and family_key [birch_bark_patch]; no object identity collapsed after ignoring state/size/container/use modifiers.,"B: reconstruction/category/context evidence; basis logical_necessity, not direct item attestation.",safe_with_explicit_context,medium,,,candidate
data/normalized_source_tables/material_entities/material_entities.csv:OMI00119,Берестяная затычка,new,include,,logical_necessity,data/normalized_source_tables/material_entities/material_entities.csv#OMI00119,B,1180–1260,Великий Новгород и Новгородская земля; центр модели — около 1230 года,include_d39,passed,No denylist stem matched the archive name.,unique,Reviewed semantic roots [берестян затычк] and family_key [bark_stop]; no object identity collapsed after ignoring state/size/container/use modifiers.,"B: reconstruction/category/context evidence; basis logical_necessity, not direct item attestation.",safe_with_explicit_context,medium,,,candidate
data/normalized_source_tables/material_entities/material_entities.csv:OMI00123,Берестяная обкладка рукояти,new,include,,logical_necessity,data/normalized_source_tables/material_entities/material_entities.csv#OMI00123,B,1180–1260,Великий Новгород и Новгородская земля; центр модели — около 1230 года,include_d39,passed,No denylist stem matched the archive name.,unique,Reviewed semantic roots [берестян обкладк рукоят] and family_key [bark_handle_wrap]; no object identity collapsed after ignoring state/size/container/use modifiers.,"B: reconstruction/category/context evidence; basis logical_necessity, not direct item attestation.",safe_with_explicit_context,medium,,,candidate
data/normalized_source_tables/material_entities/material_entities.csv:OMI00124,Берестяная оболочка поплавка,variant,include,crafts-tools-processes/craft_tools_gear/tools_gear.csv#tl_net_float,sourced,category-level evidence (category_form_material_process_or_context): data/normalized_source_tables/material_entities/material_entities.csv#OMI00124,A,1180–1260,Великий Новгород и Новгородская земля; центр модели — около 1230 года,include_d39,passed,No denylist stem matched the archive name.,variant_target,"Владелец текстильного материала, волокна или снасти — crafts; форму, состояние, длину, упаковку и назначение хранить как вариант. Reuses existing crafts owner crafts-tools-processes/craft_tools_gear/tools_gear.csv#tl_net_float.","A: category-level evidence (category_form_material_process_or_context). Владелец текстильного материала, волокна или снасти — crafts; форму, состояние, длину, упаковку и назначение хранить как вариант.",safe_with_context,low,,,candidate
data/normalized_source_tables/material_entities/material_entities.csv:OMI00125,Берестяная прокладка груза,variant,include,crafts-tools-processes/materials_registry/materials.csv#mt_birch_bark,logical_necessity,data/normalized_source_tables/material_entities/material_entities.csv#OMI00125,B,1180–1260,Великий Новгород и Новгородская земля; центр модели — около 1230 года,include_d39,passed,No denylist stem matched the archive name.,variant_target,"Прокладка груза — назначение листовой бересты; source row описывает упаковочный материал, не поплавок. Reuses existing crafts owner crafts-tools-processes/materials_registry/materials.csv#mt_birch_bark.","B: reconstruction/category/context evidence; basis logical_necessity, not direct item attestation. Прокладка груза — назначение листовой бересты; source row описывает упаковочный материал, не поплавок.",safe_with_explicit_context,medium,,,candidate
data/normalized_source_tables/material_entities/material_entities.csv:OMI00126,Берестяная подстилка под продукт,variant,include,crafts-tools-processes/materials_registry/materials.csv#mt_birch_bark,logical_necessity,data/normalized_source_tables/material_entities/material_entities.csv#OMI00126,B,1180–1260,Великий Новгород и Новгородская земля; центр модели — около 1230 года,include_d39,passed,No denylist stem matched the archive name.,variant_target,"Подстилка под продукт — форма и применение листовой бересты; source row описывает упаковочный материал, не поплавок. Reuses existing crafts owner crafts-tools-processes/materials_registry/materials.csv#mt_birch_bark.","B: reconstruction/category/context evidence; basis logical_necessity, not direct item attestation. Подстилка под продукт — форма и применение листовой бересты; source row описывает упаковочный материал, не поплавок.",safe_with_explicit_context,medium,,,candidate
data/normalized_source_tables/material_entities/material_entities.csv:OMI00128,Берестяная этикетка без текста,new,routed,,logical_necessity,data/normalized_source_tables/material_entities/material_entities.csv#OMI00128,B,1180–1260,Великий Новгород и Новгородская земля; центр модели — около 1230 года,include_d39,passed,No denylist stem matched the archive name.,unique,Незаполненная этикетка — стадия товарной бирки; отдельный предмет не требуется.,"B: reconstruction/category/context evidence; basis logical_necessity, not direct item attestation. Незаполненная этикетка — стадия товарной бирки; отдельный предмет не требуется.",safe_with_explicit_context,medium,items-household-personal,it_ps_bark_label,routed
data/normalized_source_tables/material_entities/material_entities.csv:OMI00129,Обрывок бересты с отдельными зарубками,variant,include,crafts-tools-processes/materials_registry/materials.csv#mt_birch_bark,logical_necessity,data/normalized_source_tables/material_entities/material_entities.csv#OMI00129,B,1180–1260,Великий Новгород и Новгородская земля; центр модели — около 1230 года,include_d39,passed,No denylist stem matched the archive name.,variant_target,"Зарубки описывают состояние или отметку на фрагменте бересты, а не самостоятельную вещь; отдельная функция в master row не задана. Reuses existing crafts owner crafts-tools-processes/materials_registry/materials.csv#mt_birch_bark.","B: reconstruction/category/context evidence; basis logical_necessity, not direct item attestation. Зарубки описывают состояние или отметку на фрагменте бересты, а не самостоятельную вещь; отдельная функция в master row не задана.",safe_with_explicit_context,medium,,,candidate
data/normalized_source_tables/material_entities/material_entities.csv:OMI00132,Слой лыка под корой,variant,include,crafts-tools-processes/materials_registry/materials.csv#mt_bast_linden,logical_necessity,data/normalized_source_tables/material_entities/material_entities.csv#OMI00132,B,1180–1260,Великий Новгород и Новгородская земля; центр модели — около 1230 года,include_d39,passed,No denylist stem matched the archive name.,variant_target,"Владелец текстильного материала, волокна или снасти — crafts; форму, состояние, длину, упаковку и назначение хранить как вариант. Reuses existing crafts owner crafts-tools-processes/materials_registry/materials.csv#mt_bast_linden.","B: reconstruction/category/context evidence; basis logical_necessity, not direct item attestation. Владелец текстильного материала, волокна или снасти — crafts; форму, состояние, длину, упаковку и назначение хранить как вариант.",safe_with_explicit_context,medium,,,candidate
data/normalized_source_tables/material_entities/material_entities.csv:OMI00134,Пучок лыковых лент,new,routed,,logical_necessity,data/normalized_source_tables/material_entities/material_entities.csv#OMI00134,B,1180–1260,Великий Новгород и Новгородская земля; центр модели — около 1230 года,include_d39,passed,No denylist stem matched the archive name.,unique,Пучок лыковых лент соответствует природному сырью луба липы; явный round2 owner nm_lime_bast сильнее прежнего reject по упаковке/количеству.,"B: reconstruction/category/context evidence; basis logical_necessity, not direct item attestation. Пучок лыковых лент соответствует природному сырью луба липы; явный round2 owner nm_lime_bast сильнее прежнего reject по упаковке/количеству.",safe_with_explicit_context,medium,nature-materials-weather,nm_lime_bast,routed
data/normalized_source_tables/material_entities/material_entities.csv:OMI00135,Размоченное лыко,new,routed,,logical_necessity,data/normalized_source_tables/material_entities/material_entities.csv#OMI00135,B,1180–1260,Великий Новгород и Новгородская земля; центр модели — около 1230 года,include_d39,passed,No denylist stem matched the archive name.,unique,Kind owner routed to nature-materials-weather.,"B: reconstruction/category/context evidence; basis logical_necessity, not direct item attestation. Kind owner routed to nature-materials-weather.",safe_with_explicit_context,medium,nature-materials-weather,nature-materials-weather/natural_materials_soils/natural_materials.csv#nm_lime_bast,routed
data/normalized_source_tables/material_entities/material_entities.csv:OMI00136,Высушенное лыко,new,routed,,logical_necessity,data/normalized_source_tables/material_entities/material_entities.csv#OMI00136,B,1180–1260,Великий Новгород и Новгородская земля; центр модели — около 1230 года,include_d39,passed,No denylist stem matched the archive name.,unique,Kind owner routed to nature-materials-weather.,"B: reconstruction/category/context evidence; basis logical_necessity, not direct item attestation. Kind owner routed to nature-materials-weather.",safe_with_explicit_context,medium,nature-materials-weather,nature-materials-weather/natural_materials_soils/natural_materials.csv#nm_lime_bast,routed
data/normalized_source_tables/material_entities/material_entities.csv:OMI00137,Лыковый шнур,new,routed,,logical_necessity,data/normalized_source_tables/material_entities/material_entities.csv#OMI00137,B,1180–1260,Великий Новгород и Новгородская земля; центр модели — около 1230 года,include_d39,passed,No denylist stem matched the archive name.,unique,Bast cord is a material and length variant of the existing household thin cord.,"B: reconstruction/category/context evidence; basis logical_necessity, not direct item attestation. Bast cord is a material and length variant of the existing household thin cord.",safe_with_explicit_context,medium,items-household-personal,items-household-personal/items/household.csv#it_hh_cord,routed
data/normalized_source_tables/material_entities/material_entities.csv:OMI00138,Лыковая петля,new,include,,logical_necessity,data/normalized_source_tables/material_entities/material_entities.csv#OMI00138,B,1180–1260,Великий Новгород и Новгородская земля; центр модели — около 1230 года,include_d39,passed,No denylist stem matched the archive name.,unique,Reviewed semantic roots [лыков петл] and family_key [bast_loop]; no object identity collapsed after ignoring state/size/container/use modifiers.,"B: reconstruction/category/context evidence; basis logical_necessity, not direct item attestation.",safe_with_explicit_context,medium,,,candidate
data/normalized_source_tables/material_entities/material_entities.csv:OMI00139,Лыковый обрывок,variant,include,crafts-tools-processes/materials_registry/materials.csv#mt_bast_linden,logical_necessity,data/normalized_source_tables/material_entities/material_entities.csv#OMI00139,B,1180–1260,Великий Новгород и Новгородская земля; центр модели — около 1230 года,include_d39,passed,No denylist stem matched the archive name.,variant_target,"Владелец текстильного материала, волокна или снасти — crafts; форму, состояние, длину, упаковку и назначение хранить как вариант. Reuses existing crafts owner crafts-tools-processes/materials_registry/materials.csv#mt_bast_linden.","B: reconstruction/category/context evidence; basis logical_necessity, not direct item attestation. Владелец текстильного материала, волокна или снасти — crafts; форму, состояние, длину, упаковку и назначение хранить как вариант.",safe_with_explicit_context,medium,,,candidate
data/normalized_source_tables/material_entities/material_entities.csv:OMI00142,Связка тонких корней для шитья,new,include,,sourced,category-level evidence (category_form_material_process_or_context): data/normalized_source_tables/material_entities/material_entities.csv#OMI00142,A,1180–1260,Великий Новгород и Новгородская земля; центр модели — около 1230 года,include_d39,passed,No denylist stem matched the archive name.,unique,Reviewed semantic roots [корней тонк шить] and family_key [root_sewing_bundle]; no object identity collapsed after ignoring state/size/container/use modifiers.,A: category-level evidence (category_form_material_process_or_context).,safe_with_context,low,,,candidate
data/normalized_source_tables/material_entities/material_entities.csv:OMI00143,Обрывок корневого шва,new,routed,,sourced,category-level evidence (category_form_material_process_or_context): data/normalized_source_tables/material_entities/material_entities.csv#OMI00143,A,1180–1260,Великий Новгород и Новгородская земля; центр модели — около 1230 года,include_d39,passed,No denylist stem matched the archive name.,unique,Kind owner routed to nature-materials-weather.,A: category-level evidence (category_form_material_process_or_context). Kind owner routed to nature-materials-weather.,safe_with_context,low,nature-materials-weather,nature-materials-weather/natural_materials_soils/natural_materials.csv#nm_spruce_roots,routed
data/normalized_source_tables/material_entities/material_entities.csv:OMI00145,Сухое полено малого размера,variant,include,crafts-tools-processes/materials_registry/materials.csv#mt_firewood,sourced,category-level evidence (category_form_material_process_or_context): data/normalized_source_tables/material_entities/material_entities.csv#OMI00145,A,1180–1260,Великий Новгород и Новгородская земля; центр модели — около 1230 года,include_d39,passed,No denylist stem matched the archive name.,variant_target,Log size/state only; reuse firewood material. Reuses existing crafts owner crafts-tools-processes/materials_registry/materials.csv#mt_firewood.,A: category-level evidence (category_form_material_process_or_context).,safe_with_context,low,,,candidate
data/normalized_source_tables/material_entities/material_entities.csv:OMI00146,Сухое полено крупного размера,variant,include,crafts-tools-processes/materials_registry/materials.csv#mt_firewood,sourced,category-level evidence (category_form_material_process_or_context): data/normalized_source_tables/material_entities/material_entities.csv#OMI00146,A,1180–1260,Великий Новгород и Новгородская земля; центр модели — около 1230 года,include_d39,passed,No denylist stem matched the archive name.,variant_target,Log size/state only; reuse firewood material. Reuses existing crafts owner crafts-tools-processes/materials_registry/materials.csv#mt_firewood.,A: category-level evidence (category_form_material_process_or_context).,safe_with_context,low,,,candidate
data/normalized_source_tables/material_entities/material_entities.csv:OMI00147,Сырое полено,variant,include,crafts-tools-processes/materials_registry/materials.csv#mt_firewood,logical_necessity,data/normalized_source_tables/material_entities/material_entities.csv#OMI00147,B,1180–1260,Великий Новгород и Новгородская земля; центр модели — около 1230 года,include_d39,passed,No denylist stem matched the archive name.,variant_target,Green log is fuelwood condition/type variant. Reuses existing crafts owner crafts-tools-processes/materials_registry/materials.csv#mt_firewood.,"B: reconstruction/category/context evidence; basis logical_necessity, not direct item attestation. Green log is fuelwood condition/type variant.",safe_with_explicit_context,medium,,,candidate
data/normalized_source_tables/material_entities/material_entities.csv:OMI00148,Связка мелких дров,variant,include,crafts-tools-processes/materials_registry/materials.csv#mt_firewood,logical_necessity,data/normalized_source_tables/material_entities/material_entities.csv#OMI00148,B,1180–1260,Великий Новгород и Новгородская земля; центр модели — около 1230 года,include_d39,passed,No denylist stem matched the archive name.,variant_target,Bundle/packaging only; reuse firewood material. Reuses existing crafts owner crafts-tools-processes/materials_registry/materials.csv#mt_firewood.,"B: reconstruction/category/context evidence; basis logical_necessity, not direct item attestation.",safe_with_explicit_context,medium,,,candidate
data/normalized_source_tables/material_entities/material_entities.csv:OMI00149,Пучок растопочных щепок,new,routed,,sourced,category-level evidence (category_form_material_process_or_context): data/normalized_source_tables/material_entities/material_entities.csv#OMI00149,A,1180–1260,Великий Новгород и Новгородская земля; центр модели — около 1230 года,include_d39,passed,No denylist stem matched the archive name.,unique,Kindling bundle belongs to natural fuel material owner per review.,A: category-level evidence (category_form_material_process_or_context). Kindling bundle belongs to natural fuel material owner per review.,safe_with_context,low,nature-materials-weather,nature-materials-weather/natural_materials_soils/natural_materials.csv#nm_tinder_kindling,routed
data/normalized_source_tables/material_entities/material_entities.csv:OMI00152,Сухой трухлявый древесный трут,new,routed,,logical_necessity,data/normalized_source_tables/material_entities/material_entities.csv#OMI00152,B,1180–1260,Великий Новгород и Новгородская земля; центр модели — около 1230 года,include_d39,passed,No denylist stem matched the archive name.,unique,Dry decayed wood tinder is a material/state variant of household tinder.,"B: reconstruction/category/context evidence; basis logical_necessity, not direct item attestation. Dry decayed wood tinder is a material/state variant of household tinder.",safe_with_explicit_context,medium,items-household-personal,items-household-personal/items/household.csv#it_hh_tinder,routed
data/normalized_source_tables/material_entities/material_entities.csv:OMI00153,Обугленная ткань или волокно для трута,new,routed,,analogy,data/normalized_source_tables/material_entities/material_entities.csv#OMI00153,C,1180–1260,Великий Новгород и Новгородская земля; центр модели — около 1230 года,include_d39,passed,No denylist stem matched the archive name.,unique,"Обугленная ткань или волокно подготовлены как трут; round2 определяет готовое назначение it_hh_tinder как owner, а не generic textile stock.","Confidence C: analogue/hypothesis; basis analogy. Обугленная ткань или волокно подготовлены как трут; round2 определяет готовое назначение it_hh_tinder как owner, а не generic textile stock.",explicit_context_only,high,items-household-personal,items-household-personal/items/household.csv#it_hh_tinder,routed
data/normalized_source_tables/material_entities/material_entities.csv:OMI00154,"Сухой гриб-трутовик, подготовленный к огню",variant,include,crafts-tools-processes/materials_registry/materials.csv#mt_tinder_fungus,analogy,data/normalized_source_tables/material_entities/material_entities.csv#OMI00154,C,1180–1260,Великий Новгород и Новгородская земля; центр модели — около 1230 года,include_d39,passed,No denylist stem matched the archive name.,variant_target,Dry/prepared state only; reuse tinder fungus material. Reuses existing crafts owner crafts-tools-processes/materials_registry/materials.csv#mt_tinder_fungus.,Confidence C: analogue/hypothesis; basis analogy.,explicit_context_only,high,,,candidate
data/normalized_source_tables/material_entities/material_entities.csv:OMI00155,Кусок древесной смолы,variant,include,crafts-tools-processes/materials_registry/materials.csv#mt_pine_resin,logical_necessity,data/normalized_source_tables/material_entities/material_entities.csv#OMI00155,B,1180–1260,Великий Новгород и Новгородская земля; центр модели — около 1230 года,include_d39,passed,No denylist stem matched the archive name.,variant_target,"Collected tree resin is pine-resin stock; reuse material identity, not beeswax or a new type. Reuses existing crafts owner crafts-tools-processes/materials_registry/materials.csv#mt_pine_resin.","B: reconstruction/category/context evidence; basis logical_necessity, not direct item attestation. Collected tree resin is pine-resin stock; reuse material identity, not beeswax or a new type.",safe_with_explicit_context,medium,,,candidate
data/normalized_source_tables/material_entities/material_entities.csv:OMI00157,Загустевшая живица,variant,include,crafts-tools-processes/materials_registry/materials.csv#mt_pine_resin,logical_necessity,data/normalized_source_tables/material_entities/material_entities.csv#OMI00157,B,1180–1260,Великий Новгород и Новгородская земля; центр модели — около 1230 года,include_d39,passed,No denylist stem matched the archive name.,variant_target,"Thickened oleoresin remains pine resin; thickening is state, not beeswax or a new material. Reuses existing crafts owner crafts-tools-processes/materials_registry/materials.csv#mt_pine_resin.","B: reconstruction/category/context evidence; basis logical_necessity, not direct item attestation. Thickened oleoresin remains pine resin; thickening is state, not beeswax or a new material.",safe_with_explicit_context,medium,,,candidate
data/normalized_source_tables/material_entities/material_entities.csv:OMI00159,Смоляная мастика с волокном,new,include,,logical_necessity,data/normalized_source_tables/material_entities/material_entities.csv#OMI00159,B,1180–1260,Великий Новгород и Новгородская земля; центр модели — около 1230 года,include_d39,passed,No denylist stem matched the archive name.,unique,"Fiber-reinforced resin mastic is a prepared repair compound with its own composition and use, distinct from raw resin and pitch.","B: reconstruction/category/context evidence; basis logical_necessity, not direct item attestation. Fiber-reinforced resin mastic is a prepared repair compound with its own composition and use, distinct from raw resin and pitch.",safe_with_explicit_context,medium,crafts-tools-processes,crafts-tools-processes/materials_registry/material_entities.csv#n1230:material_item:omi00159,candidate
data/normalized_source_tables/material_entities/material_entities.csv:OMI00162,Смоляной натёк,new,include,,logical_necessity,data/normalized_source_tables/material_entities/material_entities.csv#OMI00162,B,1180–1260,Великий Новгород и Новгородская земля; центр модели — около 1230 года,include_d39,passed,No denylist stem matched the archive name.,unique,"Resin drip is a distinct localized residue with its own deposit identity, not a new resin material.","B: reconstruction/category/context evidence; basis logical_necessity, not direct item attestation. Resin drip is a distinct localized residue with its own deposit identity, not a new resin material.",safe_with_explicit_context,medium,crafts-tools-processes,crafts-tools-processes/materials_registry/material_entities.csv#n1230:material_item:omi00162,candidate
data/normalized_source_tables/material_entities/material_entities.csv:OMI00163,Смоляная корка на инструменте,new,include,,logical_necessity,data/normalized_source_tables/material_entities/material_entities.csv#OMI00163,B,1180–1260,Великий Новгород и Новгородская земля; центр модели — около 1230 года,include_d39,passed,No denylist stem matched the archive name.,unique,Resin crust on a tool is a persistent craft residue with its own identity and location.,"B: reconstruction/category/context evidence; basis logical_necessity, not direct item attestation. Resin crust on a tool is a persistent craft residue with its own identity and location.",safe_with_explicit_context,medium,crafts-tools-processes,crafts-tools-processes/materials_registry/material_entities.csv#n1230:material_item:omi00163,candidate
data/normalized_source_tables/material_entities/material_entities.csv:OMI00164,Кусок древесного угля,variant,include,crafts-tools-processes/materials_registry/materials.csv#mt_charcoal,sourced,category-level evidence (category_form_material_process_or_context): data/normalized_source_tables/material_entities/material_entities.csv#OMI00164,A,1180–1260,Великий Новгород и Новгородская земля; центр модели — около 1230 года,include_d39,passed,No denylist stem matched the archive name.,variant_target,Piece/quantity only; reuse charcoal material. Reuses existing crafts owner crafts-tools-processes/materials_registry/materials.csv#mt_charcoal.,A: category-level evidence (category_form_material_process_or_context).,safe_with_context,low,,,candidate
data/normalized_source_tables/material_entities/material_entities.csv:OMI00165,Мелкий древесный уголь,variant,include,crafts-tools-processes/materials_registry/materials.csv#mt_charcoal,sourced,category-level evidence (category_form_material_process_or_context): data/normalized_source_tables/material_entities/material_entities.csv#OMI00165,A,1180–1260,Великий Новгород и Новгородская земля; центр модели — около 1230 года,include_d39,passed,No denylist stem matched the archive name.,variant_target,Particle size/state only; reuse charcoal material. Reuses existing crafts owner crafts-tools-processes/materials_registry/materials.csv#mt_charcoal.,A: category-level evidence (category_form_material_process_or_context).,safe_with_context,low,,,candidate
data/normalized_source_tables/material_entities/material_entities.csv:OMI00166,Угольная крошка,variant,include,crafts-tools-processes/materials_registry/materials.csv#mt_charcoal,sourced,category-level evidence (category_form_material_process_or_context): data/normalized_source_tables/material_entities/material_entities.csv#OMI00166,A,1180–1260,Великий Новгород и Новгородская земля; центр модели — около 1230 года,include_d39,passed,No denylist stem matched the archive name.,variant_target,Charcoal crumbs vary in particle size only. Reuses existing crafts owner crafts-tools-processes/materials_registry/materials.csv#mt_charcoal.,A: category-level evidence (category_form_material_process_or_context). Charcoal crumbs vary in particle size only.,safe_with_context,low,,,candidate
data/normalized_source_tables/material_entities/material_entities.csv:OMI00167,Угольная пыль,variant,include,crafts-tools-processes/materials_registry/materials.csv#mt_charcoal,sourced,category-level evidence (category_form_material_process_or_context): data/normalized_source_tables/material_entities/material_entities.csv#OMI00167,A,1180–1260,Великий Новгород и Новгородская земля; центр модели — около 1230 года,include_d39,passed,No denylist stem matched the archive name.,variant_target,Powdered state only; reuse charcoal material. Reuses existing crafts owner crafts-tools-processes/materials_registry/materials.csv#mt_charcoal.,A: category-level evidence (category_form_material_process_or_context).,safe_with_context,low,,,candidate
data/normalized_source_tables/material_entities/material_entities.csv:OMI00168,Недожжённый кусок древесины из углежжения,new,include,,logical_necessity,data/normalized_source_tables/material_entities/material_entities.csv#OMI00168,B,1180–1260,Великий Новгород и Новгородская земля; центр модели — около 1230 года,include_d39,passed,No denylist stem matched the archive name.,unique,Reviewed semantic roots [древесин недожженн углежжени] and family_key [half_charred_wood]; no object identity collapsed after ignoring state/size/container/use modifiers.,"B: reconstruction/category/context evidence; basis logical_necessity, not direct item attestation.",safe_with_explicit_context,medium,,,candidate
data/normalized_source_tables/material_entities/material_entities.csv:OMI00169,Зола чистого древесного топлива,variant,include,crafts-tools-processes/materials_registry/materials.csv#mt_wood_ash_lye,sourced,category-level evidence (category_form_material_process_or_context): data/normalized_source_tables/material_entities/material_entities.csv#OMI00169,A,1180–1260,Великий Новгород и Новгородская земля; центр модели — около 1230 года,include_d39,passed,No denylist stem matched the archive name.,variant_target,Clean wood-fuel ash is ash material form. Reuses existing crafts owner crafts-tools-processes/materials_registry/materials.csv#mt_wood_ash_lye.,A: category-level evidence (category_form_material_process_or_context). Clean wood-fuel ash is ash material form.,safe_with_context,low,,,candidate
data/normalized_source_tables/material_entities/material_entities.csv:OMI00170,Просеянная древесная зола,variant,include,crafts-tools-processes/materials_registry/materials.csv#mt_wood_ash_lye,logical_necessity,data/normalized_source_tables/material_entities/material_entities.csv#OMI00170,B,1180–1260,Великий Новгород и Новгородская земля; центр модели — около 1230 года,include_d39,passed,No denylist stem matched the archive name.,variant_target,Sifted ash is processing/state variant of wood ash. Reuses existing crafts owner crafts-tools-processes/materials_registry/materials.csv#mt_wood_ash_lye.,"B: reconstruction/category/context evidence; basis logical_necessity, not direct item attestation. Sifted ash is processing/state variant of wood ash.",safe_with_explicit_context,medium,,,candidate
data/normalized_source_tables/material_entities/material_entities.csv:OMI00171,Щёлочная зольная вода,variant,include,crafts-tools-processes/materials_registry/materials.csv#mt_wood_ash_lye,analogy,data/normalized_source_tables/material_entities/material_entities.csv#OMI00171,C,1180–1260,Великий Новгород и Новгородская земля; центр модели — около 1230 года,include_d39,passed,No denylist stem matched the archive name.,variant_target,Lye water is ash-derived material state; retain under wood-ash owner. Reuses existing crafts owner crafts-tools-processes/materials_registry/materials.csv#mt_wood_ash_lye.,Confidence C: analogue/hypothesis; basis analogy. Lye water is ash-derived material state; retain under wood-ash owner.,explicit_context_only,high,,,candidate
data/normalized_source_tables/material_entities/material_entities.csv:OMI00172,Уголья после погасшего очага,variant,include,crafts-tools-processes/materials_registry/materials.csv#mt_charcoal,sourced,category-level evidence (category_form_material_process_or_context): data/normalized_source_tables/material_entities/material_entities.csv#OMI00172,A,1180–1260,Великий Новгород и Новгородская земля; центр модели — около 1230 года,include_d39,passed,No denylist stem matched the archive name.,variant_target,Extinguished hearth embers are charcoal fuel in cooled state. Reuses existing crafts owner crafts-tools-processes/materials_registry/materials.csv#mt_charcoal.,A: category-level evidence (category_form_material_process_or_context). Extinguished hearth embers are charcoal fuel in cooled state.,safe_with_context,low,,,candidate
data/normalized_source_tables/material_entities/material_entities.csv:OMI00173,Головня с непрогоревшей древесиной,new,include,,sourced,category-level evidence (category_form_material_process_or_context): data/normalized_source_tables/material_entities/material_entities.csv#OMI00173,A,1180–1260,Великий Новгород и Новгородская земля; центр модели — около 1230 года,include_d39,passed,No denylist stem matched the archive name.,unique,Reviewed semantic roots [головн древесин непрогоревшей] and family_key [firebrand_remnant]; no object identity collapsed after ignoring state/size/container/use modifiers.,A: category-level evidence (category_form_material_process_or_context).,safe_with_context,low,,,candidate
data/normalized_source_tables/material_entities/material_entities.csv:OMI00179,Тонкая стружка от резца,new,include,,sourced,category-level evidence (category_form_material_process_or_context): data/normalized_source_tables/material_entities/material_entities.csv#OMI00179,A,1180–1260,Великий Новгород и Новгородская земля; центр модели — около 1230 года,include_d39,passed,No denylist stem matched the archive name.,unique,Carving shaving is independent woodworking waste type; retain as canonical chip/shaving entity.,A: category-level evidence (category_form_material_process_or_context). Carving shaving is independent woodworking waste type; retain as canonical chip/shaving entity.,safe_with_context,low,crafts-tools-processes,,candidate
data/normalized_source_tables/material_entities/material_entities.csv:OMI00181,Древесные опилки от пилы,new,include,,sourced,category-level evidence (category_form_material_process_or_context): data/normalized_source_tables/material_entities/material_entities.csv#OMI00181,A,1180–1260,Великий Новгород и Новгородская земля; центр модели — около 1230 года,include_d39,passed,No denylist stem matched the archive name.,unique,Reviewed semantic roots [древесн опилк пил] and family_key [sawdust]; no object identity collapsed after ignoring state/size/container/use modifiers.,A: category-level evidence (category_form_material_process_or_context).,safe_with_context,low,,,candidate
data/normalized_source_tables/material_entities/material_entities.csv:OMI00182,Смесь опилок и стружки,new,include,,sourced,category-level evidence (category_form_material_process_or_context): data/normalized_source_tables/material_entities/material_entities.csv#OMI00182,A,1180–1260,Великий Новгород и Новгородская земля; центр модели — около 1230 года,include_d39,passed,No denylist stem matched the archive name.,unique,Sawdust and shavings sweepings form independently accumulated workshop waste; retain one crafts-owned heap entity.,A: category-level evidence (category_form_material_process_or_context). Sawdust and shavings sweepings form independently accumulated workshop waste; retain one crafts-owned heap entity.,safe_with_context,low,crafts-tools-processes,,candidate
data/normalized_source_tables/material_entities/material_entities.csv:OMI00183,Древесная пыль от шлифования,new,include,,logical_necessity,data/normalized_source_tables/material_entities/material_entities.csv#OMI00183,B,1180–1260,Великий Новгород и Новгородская земля; центр модели — около 1230 года,include_d39,passed,No denylist stem matched the archive name.,unique,Reviewed semantic roots [древесн пыль шлифовани] and family_key [wood_dust]; no object identity collapsed after ignoring state/size/container/use modifiers.,"B: reconstruction/category/context evidence; basis logical_necessity, not direct item attestation.",safe_with_explicit_context,medium,,,candidate
data/normalized_source_tables/material_entities/material_entities.csv:OMI00187,Обрезок кривой ветви,new,include,,sourced,category-level evidence (category_form_material_process_or_context): data/normalized_source_tables/material_entities/material_entities.csv#OMI00187,A,1180–1260,Великий Новгород и Новгородская земля; центр модели — около 1230 года,include_d39,passed,No denylist stem matched the archive name.,unique,Reviewed semantic roots [ветв крив обрезок] and family_key [branch_offcut]; no object identity collapsed after ignoring state/size/container/use modifiers.,A: category-level evidence (category_form_material_process_or_context).,safe_with_context,low,,,candidate
data/normalized_source_tables/material_entities/material_entities.csv:OMI00188,Обломок деревянной детали с пазом,variant,include,crafts-tools-processes/materials_registry/materials.csv#mt_wood_generic,sourced,category-level evidence (category_form_material_process_or_context): data/normalized_source_tables/material_entities/material_entities.csv#OMI00188,A,1180–1260,Великий Новгород и Новгородская земля; центр модели — около 1230 года,include_d39,passed,No denylist stem matched the archive name.,variant_target,Grooved broken wood part is damage/form variant of wood stock. Reuses existing crafts owner crafts-tools-processes/materials_registry/materials.csv#mt_wood_generic.,A: category-level evidence (category_form_material_process_or_context). Grooved broken wood part is damage/form variant of wood stock.,safe_with_context,low,,,candidate
data/normalized_source_tables/material_entities/material_entities.csv:OMI00189,Обломок детали с шипом,variant,include,crafts-tools-processes/materials_registry/materials.csv#mt_wood_generic,sourced,category-level evidence (category_form_material_process_or_context): data/normalized_source_tables/material_entities/material_entities.csv#OMI00189,A,1180–1260,Великий Новгород и Новгородская земля; центр модели — около 1230 года,include_d39,passed,No denylist stem matched the archive name.,variant_target,Tenoned broken wood part is damage/form variant of wood stock. Reuses existing crafts owner crafts-tools-processes/materials_registry/materials.csv#mt_wood_generic.,A: category-level evidence (category_form_material_process_or_context). Tenoned broken wood part is damage/form variant of wood stock.,safe_with_context,low,,,candidate
data/normalized_source_tables/material_entities/material_entities.csv:OMI00190,Обломок детали с просверленным отверстием,variant,include,crafts-tools-processes/materials_registry/materials.csv#mt_wood_generic,sourced,category-level evidence (category_form_material_process_or_context): data/normalized_source_tables/material_entities/material_entities.csv#OMI00190,A,1180–1260,Великий Новгород и Новгородская земля; центр модели — около 1230 года,include_d39,passed,No denylist stem matched the archive name.,variant_target,Bored broken wood part is damage/form variant of wood stock. Reuses existing crafts owner crafts-tools-processes/materials_registry/materials.csv#mt_wood_generic.,A: category-level evidence (category_form_material_process_or_context). Bored broken wood part is damage/form variant of wood stock.,safe_with_context,low,,,candidate
data/normalized_source_tables/material_entities/material_entities.csv:OMI00201,Древесина с ходами насекомых,variant,include,crafts-tools-processes/materials_registry/materials.csv#mt_wood_generic,logical_necessity,data/normalized_source_tables/material_entities/material_entities.csv#OMI00201,B,1180–1260,Великий Новгород и Новгородская земля; центр модели — около 1230 года,include_d39,passed,No denylist stem matched the archive name.,variant_target,Worm damage is wood condition Reuses existing crafts owner crafts-tools-processes/materials_registry/materials.csv#mt_wood_generic.,"B: reconstruction/category/context evidence; basis logical_necessity, not direct item attestation. Worm damage is wood condition",safe_with_explicit_context,medium,,,candidate
data/normalized_source_tables/material_entities/material_entities.csv:OMI00202,Водонасыщенная сгнившая щепа,new,include,,sourced,category-level evidence (category_form_material_process_or_context): data/normalized_source_tables/material_entities/material_entities.csv#OMI00202,A,1180–1260,Великий Новгород и Новгородская земля; центр модели — около 1230 года,include_d39,passed,No denylist stem matched the archive name.,unique,Reviewed semantic roots [водонасыщенн сгнивш щеп] and family_key [waterlogged_chips]; no object identity collapsed after ignoring state/size/container/use modifiers.,A: category-level evidence (category_form_material_process_or_context).,safe_with_context,low,,,candidate
data/normalized_source_tables/material_entities/material_entities.csv:OMI00203,Обгорелый фрагмент постройки,new,routed,,sourced,category-level evidence (category_form_material_process_or_context): data/normalized_source_tables/material_entities/material_entities.csv#OMI00203,A,1180–1260,Великий Новгород и Новгородская земля; центр модели — около 1230 года,include_d39,passed,No denylist stem matched the archive name.,unique,Обгорелый фрагмент постройки — самостоятельный след разрушения со своей жизнью.,A: category-level evidence (category_form_material_process_or_context). Обгорелый фрагмент постройки — самостоятельный след разрушения со своей жизнью.,safe_with_context,low,buildings-interiors-containers,n1230:material_item:omi00203,routed
data/normalized_source_tables/material_entities/material_entities.csv:OMI00206,Выбитая деревянная втулка,variant,include,crafts-tools-processes/materials_registry/material_entities.csv#n1230:material_item:omi00059,logical_necessity,data/normalized_source_tables/material_entities/material_entities.csv#OMI00206,B,1180–1260,Великий Новгород и Новгородская земля; центр модели — около 1230 года,include_d39,passed,No denylist stem matched the archive name.,variant_target,Knocked-out wooden bushing is damaged-state variant of same component. Reuses existing crafts owner crafts-tools-processes/materials_registry/material_entities.csv#n1230:material_item:omi00059.,"B: reconstruction/category/context evidence; basis logical_necessity, not direct item attestation. Knocked-out wooden bushing is damaged-state variant of same component.",safe_with_explicit_context,medium,,,candidate
data/normalized_source_tables/material_entities/material_entities.csv:OMI00207,Обломок полоза,new,routed,,sourced,category-level evidence (category_form_material_process_or_context): data/normalized_source_tables/material_entities/material_entities.csv#OMI00207,A,1180–1260,Великий Новгород и Новгородская земля; центр модели — около 1230 года,include_d39,passed,No denylist stem matched the archive name.,unique,"Обломок полоза относится к саням как транспортному объекту; после round2 уточнения broken-state fragment передаётся владельцу класса trv_022, не отклоняется как crafts-дубликат.","A: category-level evidence (category_form_material_process_or_context). Обломок полоза относится к саням как транспортному объекту; после round2 уточнения broken-state fragment передаётся владельцу класса trv_022, не отклоняется как crafts-дубликат.",safe_with_context,low,transport-health-recreation,transport-health-recreation/transport_travel/transport_entities.csv#trv_022,routed
data/normalized_source_tables/material_entities/material_entities.csv:OMI00208,Обломок колёсной спицы,new,routed,,sourced,category-level evidence (category_form_material_process_or_context): data/normalized_source_tables/material_entities/material_entities.csv#OMI00208,A,1180–1260,Великий Новгород и Новгородская земля; центр модели — около 1230 года,include_d39,passed,No denylist stem matched the archive name.,unique,Обломок колёсной спицы — часть колёсного транспорта; stable terminal owner is transport entity trv_032 rather than source archive alias LTR0029.,A: category-level evidence (category_form_material_process_or_context). Обломок колёсной спицы — часть колёсного транспорта; stable terminal owner is transport entity trv_032 rather than source archive alias LTR0029.,safe_with_context,low,transport-health-recreation,transport-health-recreation/transport_travel/transport_entities.csv#trv_032,routed
data/normalized_source_tables/material_entities/material_entities.csv:OMI00209,Обломок ступицы,new,routed,,sourced,category-level evidence (category_form_material_process_or_context): data/normalized_source_tables/material_entities/material_entities.csv#OMI00209,A,1180–1260,Великий Новгород и Новгородская земля; центр модели — около 1230 года,include_d39,passed,No denylist stem matched the archive name.,unique,"Обломок ступицы относится к колёсному транспорту; round2 связывает его с заготовкой ступицы OMI00064, поэтому передаётся владельцу тележного колеса trv_032.","A: category-level evidence (category_form_material_process_or_context). Обломок ступицы относится к колёсному транспорту; round2 связывает его с заготовкой ступицы OMI00064, поэтому передаётся владельцу тележного колеса trv_032.",safe_with_context,low,transport-health-recreation,transport-health-recreation/transport_travel/transport_entities.csv#trv_032,routed
data/normalized_source_tables/material_entities/material_entities.csv:OMI00214,Куча отобранных деревянных обрезков,new,include,,logical_necessity,data/normalized_source_tables/material_entities/material_entities.csv#OMI00214,B,1180–1260,Великий Новгород и Новгородская земля; центр модели — около 1230 года,include_d39,passed,No denylist stem matched the archive name.,unique,Reviewed semantic roots [деревянн куч обрезков отобранн] and family_key [sorted_wood_offcuts]; no object identity collapsed after ignoring state/size/container/use modifiers.,"B: reconstruction/category/context evidence; basis logical_necessity, not direct item attestation.",safe_with_explicit_context,medium,,,candidate
data/normalized_source_tables/material_entities/material_entities.csv:OMI00215,"Смешанная куча щепы, коры и стружки",new,include,,sourced,category-level evidence (category_form_material_process_or_context): data/normalized_source_tables/material_entities/material_entities.csv#OMI00215,A,1180–1260,Великий Новгород и Новгородская земля; центр модели — около 1230 года,include_d39,passed,No denylist stem matched the archive name.,unique,"Смешанная куча щепы, коры и стружки — самостоятельная накопленная woodworking-residue entity; служит стабильной точкой для форм/составов этой кучи.","A: category-level evidence (category_form_material_process_or_context). Смешанная куча щепы, коры и стружки — самостоятельная накопленная woodworking-residue entity; служит стабильной точкой для форм/составов этой кучи.",safe_with_context,low,crafts-tools-processes,crafts-tools-processes/materials_registry/material_entities.csv#n1230:material_item:omi00215,candidate
data/normalized_source_tables/material_entities/material_entities.csv:OMI00217,Высушенные льняные стебли,variant,include,crafts-tools-processes/craft_processes/process_products.csv#pr:flax_stems,logical_necessity,data/normalized_source_tables/material_entities/material_entities.csv#OMI00217,B,1180–1260,Великий Новгород и Новгородская земля; центр модели — около 1230 года,include_d39,passed,No denylist stem matched the archive name.,variant_target,"Владелец текстильного материала, волокна или снасти — crafts; форму, состояние, длину, упаковку и назначение хранить как вариант. Reuses existing crafts owner crafts-tools-processes/craft_processes/process_products.csv#pr:flax_stems.","B: reconstruction/category/context evidence; basis logical_necessity, not direct item attestation. Владелец текстильного материала, волокна или снасти — crafts; форму, состояние, длину, упаковку и назначение хранить как вариант.",safe_with_explicit_context,medium,,,candidate
data/normalized_source_tables/material_entities/material_entities.csv:OMI00220,Размятый лён с кострой,variant,include,crafts-tools-processes/materials_registry/materials.csv#mt_flax,logical_necessity,data/normalized_source_tables/material_entities/material_entities.csv#OMI00220,B,1180–1260,Великий Новгород и Новгородская земля; центр модели — около 1230 года,include_d39,passed,No denylist stem matched the archive name.,variant_target,Preparation state only; reuse flax material. Reuses existing crafts owner crafts-tools-processes/materials_registry/materials.csv#mt_flax.,"B: reconstruction/category/context evidence; basis logical_necessity, not direct item attestation.",safe_with_explicit_context,medium,,,candidate
data/normalized_source_tables/material_entities/material_entities.csv:OMI00225,Льняная костра,variant,include,crafts-tools-processes/materials_registry/materials.csv#mt_flax,logical_necessity,data/normalized_source_tables/material_entities/material_entities.csv#OMI00225,B,1180–1260,Великий Новгород и Новгородская земля; центр модели — около 1230 года,include_d39,passed,No denylist stem matched the archive name.,variant_target,"Владелец текстильного материала, волокна или снасти — crafts; форму, состояние, длину, упаковку и назначение хранить как вариант. Reuses existing crafts owner crafts-tools-processes/materials_registry/materials.csv#mt_flax.","B: reconstruction/category/context evidence; basis logical_necessity, not direct item attestation. Владелец текстильного материала, волокна или снасти — crafts; форму, состояние, длину, упаковку и назначение хранить как вариант.",safe_with_explicit_context,medium,,,candidate
data/normalized_source_tables/material_entities/material_entities.csv:OMI00227,Льняная пыль после обработки,variant,include,crafts-tools-processes/materials_registry/materials.csv#mt_flax,logical_necessity,data/normalized_source_tables/material_entities/material_entities.csv#OMI00227,B,1180–1260,Великий Новгород и Новгородская земля; центр модели — около 1230 года,include_d39,passed,No denylist stem matched the archive name.,variant_target,"Владелец текстильного материала, волокна или снасти — crafts; форму, состояние, длину, упаковку и назначение хранить как вариант. Reuses existing crafts owner crafts-tools-processes/materials_registry/materials.csv#mt_flax.","B: reconstruction/category/context evidence; basis logical_necessity, not direct item attestation. Владелец текстильного материала, волокна или снасти — crafts; форму, состояние, длину, упаковку и назначение хранить как вариант.",safe_with_explicit_context,medium,,,candidate
data/normalized_source_tables/material_entities/material_entities.csv:OMI00229,Высушенные конопляные стебли,variant,include,crafts-tools-processes/craft_processes/process_products.csv#pr:flax_stems,logical_necessity,data/normalized_source_tables/material_entities/material_entities.csv#OMI00229,B,1180–1260,Великий Новгород и Новгородская земля; центр модели — около 1230 года,include_d39,passed,No denylist stem matched the archive name.,variant_target,"Владелец текстильного материала, волокна или снасти — crafts; форму, состояние, длину, упаковку и назначение хранить как вариант. Reuses existing crafts owner crafts-tools-processes/craft_processes/process_products.csv#pr:flax_stems.","B: reconstruction/category/context evidence; basis logical_necessity, not direct item attestation. Владелец текстильного материала, волокна или снасти — crafts; форму, состояние, длину, упаковку и назначение хранить как вариант.",safe_with_explicit_context,medium,,,candidate
data/normalized_source_tables/material_entities/material_entities.csv:OMI00233,Пучок грубой пеньки,variant,include,crafts-tools-processes/materials_registry/materials.csv#mt_hemp,logical_necessity,data/normalized_source_tables/material_entities/material_entities.csv#OMI00233,B,1180–1260,Великий Новгород и Новгородская земля; центр модели — около 1230 года,include_d39,passed,No denylist stem matched the archive name.,variant_target,"Владелец текстильного материала, волокна или снасти — crafts; форму, состояние, длину, упаковку и назначение хранить как вариант. Reuses existing crafts owner crafts-tools-processes/materials_registry/materials.csv#mt_hemp.","B: reconstruction/category/context evidence; basis logical_necessity, not direct item attestation. Владелец текстильного материала, волокна или снасти — crafts; форму, состояние, длину, упаковку и назначение хранить как вариант.",safe_with_explicit_context,medium,,,candidate
data/normalized_source_tables/material_entities/material_entities.csv:OMI00238,Грубая растительная пакля,variant,include,crafts-tools-processes/materials_registry/materials.csv#mt_cordage,logical_necessity,data/normalized_source_tables/material_entities/material_entities.csv#OMI00238,B,1180–1260,Великий Новгород и Новгородская земля; центр модели — около 1230 года,include_d39,passed,No denylist stem matched the archive name.,variant_target,"Владелец текстильного материала, волокна или снасти — crafts; форму, состояние, длину, упаковку и назначение хранить как вариант. Reuses existing crafts owner crafts-tools-processes/materials_registry/materials.csv#mt_cordage.","B: reconstruction/category/context evidence; basis logical_necessity, not direct item attestation. Владелец текстильного материала, волокна или снасти — crafts; форму, состояние, длину, упаковку и назначение хранить как вариант.",safe_with_explicit_context,medium,,,candidate
data/normalized_source_tables/material_entities/material_entities.csv:OMI00240,Пучок растительных волокон неизвестного вида,variant,include,crafts-tools-processes/materials_registry/materials.csv#mt_textile_generic,analogy,data/normalized_source_tables/material_entities/material_entities.csv#OMI00240,C,1180–1260,Великий Новгород и Новгородская земля; центр модели — около 1230 года,include_d39,passed,No denylist stem matched the archive name.,variant_target,"Владелец текстильного материала, волокна или снасти — crafts; форму, состояние, длину, упаковку и назначение хранить как вариант. Reuses existing crafts owner crafts-tools-processes/materials_registry/materials.csv#mt_textile_generic.","Confidence C: analogue/hypothesis; basis analogy. Владелец текстильного материала, волокна или снасти — crafts; форму, состояние, длину, упаковку и назначение хранить как вариант.",explicit_context_only,high,,,candidate
data/normalized_source_tables/material_entities/material_entities.csv:OMI00255,Толстый войлочный кусок,variant,include,crafts-tools-processes/materials_registry/materials.csv#mt_felt,logical_necessity,data/normalized_source_tables/material_entities/material_entities.csv#OMI00255,B,1180–1260,Великий Новгород и Новгородская земля; центр модели — около 1230 года,include_d39,passed,No denylist stem matched the archive name.,variant_target,Толстый кусок остаётся войлоком; толщина и размер задают форму/состояние mt_felt. Reuses existing crafts owner crafts-tools-processes/materials_registry/materials.csv#mt_felt.,"B: reconstruction/category/context evidence; basis logical_necessity, not direct item attestation.",safe_with_explicit_context,medium,,,candidate
data/normalized_source_tables/material_entities/material_entities.csv:OMI00256,Войлочная заплата,variant,include,crafts-tools-processes/materials_registry/materials.csv#mt_textile_generic,logical_necessity,data/normalized_source_tables/material_entities/material_entities.csv#OMI00256,B,1180–1260,Великий Новгород и Новгородская земля; центр модели — около 1230 года,include_d39,passed,No denylist stem matched the archive name.,variant_target,"Владелец текстильного материала, волокна или снасти — crafts; форму, состояние, длину, упаковку и назначение хранить как вариант. Reuses existing crafts owner crafts-tools-processes/materials_registry/materials.csv#mt_textile_generic.","B: reconstruction/category/context evidence; basis logical_necessity, not direct item attestation. Владелец текстильного материала, волокна или снасти — crafts; форму, состояние, длину, упаковку и назначение хранить как вариант.",safe_with_explicit_context,medium,,,candidate
data/normalized_source_tables/material_entities/material_entities.csv:OMI00258,Пучок конского волоса,variant,include,crafts-tools-processes/materials_registry/materials.csv#mt_horsehair,logical_necessity,data/normalized_source_tables/material_entities/material_entities.csv#OMI00258,B,1180–1260,Великий Новгород и Новгородская земля; центр модели — около 1230 года,include_d39,passed,No denylist stem matched the archive name.,variant_target,Collected bundle/quantity only; reuse horsehair material. Reuses existing crafts owner crafts-tools-processes/materials_registry/materials.csv#mt_horsehair.,"B: reconstruction/category/context evidence; basis logical_necessity, not direct item attestation.",safe_with_explicit_context,medium,,,candidate
data/normalized_source_tables/material_entities/material_entities.csv:OMI00259,Скрученная конская волосень,variant,include,crafts-tools-processes/materials_registry/materials.csv#mt_horsehair,analogy,data/normalized_source_tables/material_entities/material_entities.csv#OMI00259,C,1180–1260,Великий Новгород и Новгородская земля; центр модели — около 1230 года,include_d39,passed,No denylist stem matched the archive name.,variant_target,Конский волос — видовая сырьевая форма уже существующего mt_horsehair. Reuses existing crafts owner crafts-tools-processes/materials_registry/materials.csv#mt_horsehair.,Confidence C: analogue/hypothesis; basis analogy.,explicit_context_only,high,,,candidate
data/normalized_source_tables/material_entities/material_entities.csv:OMI00260,Конский волос для набивки,variant,include,crafts-tools-processes/materials_registry/materials.csv#mt_horsehair,analogy,data/normalized_source_tables/material_entities/material_entities.csv#OMI00260,C,1180–1260,Великий Новгород и Новгородская земля; центр модели — около 1230 года,include_d39,passed,No denylist stem matched the archive name.,variant_target,Reuses existing crafts owner crafts-tools-processes/materials_registry/materials.csv#mt_horsehair.,Confidence C: analogue/hypothesis; basis analogy. Horsehair size/use property.,explicit_context_only,high,,,candidate
data/normalized_source_tables/material_entities/material_entities.csv:OMI00261,Пучок щетины,variant,include,crafts-tools-processes/materials_registry/materials.csv#mt_hair,logical_necessity,data/normalized_source_tables/material_entities/material_entities.csv#OMI00261,B,1180–1260,Великий Новгород и Новгородская земля; центр модели — около 1230 года,include_d39,passed,No denylist stem matched the archive name.,variant_target,Bundle/quantity of bristle; reuse existing hair material. Reuses existing crafts owner crafts-tools-processes/materials_registry/materials.csv#mt_hair.,"B: reconstruction/category/context evidence; basis logical_necessity, not direct item attestation.",safe_with_explicit_context,medium,,,candidate
data/normalized_source_tables/material_entities/material_entities.csv:OMI00262,Очищенная щетина для щётки,variant,include,crafts-tools-processes/materials_registry/materials.csv#mt_hair,logical_necessity,data/normalized_source_tables/material_entities/material_entities.csv#OMI00262,B,1180–1260,Великий Новгород и Новгородская земля; центр модели — около 1230 года,include_d39,passed,No denylist stem matched the archive name.,variant_target,Cleaning and brush-use are preparation/purpose properties of existing hair material. Reuses existing crafts owner crafts-tools-processes/materials_registry/materials.csv#mt_hair.,"B: reconstruction/category/context evidence; basis logical_necessity, not direct item attestation.",safe_with_explicit_context,medium,,,candidate
data/normalized_source_tables/material_entities/material_entities.csv:OMI00282,Малый клубок нити,new,routed,,logical_necessity,data/normalized_source_tables/material_entities/material_entities.csv#OMI00282,B,1180–1260,Великий Новгород и Новгородская земля; центр модели — около 1230 года,include_d39,passed,No denylist stem matched the archive name.,unique,"Small thread skein differs by quantity and size, not item identity.","B: reconstruction/category/context evidence; basis logical_necessity, not direct item attestation. Small thread skein differs by quantity and size, not item identity.",safe_with_explicit_context,medium,items-household-personal,items-household-personal/items/household.csv#it_hh_thread_skein,routed
data/normalized_source_tables/material_entities/material_entities.csv:OMI00284,Моток льняной нити,new,routed,,sourced,category-level evidence (category_form_material_process_or_context): data/normalized_source_tables/material_entities/material_entities.csv#OMI00284,A,1180–1260,Великий Новгород и Новгородская земля; центр модели — около 1230 года,include_d39,passed,No denylist stem matched the archive name.,unique,"Льняное волокно скручено в моток нити; льняная нить — готовая текстильная stock-form, не необработанное волокно и не конопляная нить.","A: category-level evidence (category_form_material_process_or_context). Льняное волокно скручено в моток нити; льняная нить — готовая текстильная stock-form, не необработанное волокно и не конопляная нить.",safe_with_context,low,items-household-personal,items-household-personal/items/household.csv#it_hh_thread_skein,routed
data/normalized_source_tables/material_entities/material_entities.csv:OMI00286,Моток конопляной нити,new,routed,,logical_necessity,data/normalized_source_tables/material_entities/material_entities.csv#OMI00286,B,1180–1260,Великий Новгород и Новгородская земля; центр модели — около 1230 года,include_d39,passed,No denylist stem matched the archive name.,unique,Конопляное волокно скручено в моток нити; вид волокна отличает эту готовую нить от льняной нити OMI00284.,"B: reconstruction/category/context evidence; basis logical_necessity, not direct item attestation. Конопляное волокно скручено в моток нити; вид волокна отличает эту готовую нить от льняной нити OMI00284.",safe_with_explicit_context,medium,items-household-personal,items-household-personal/items/household.csv#it_hh_thread_skein,routed
data/normalized_source_tables/material_entities/material_entities.csv:OMI00287,Связка малых мотков,new,routed,,logical_necessity,data/normalized_source_tables/material_entities/material_entities.csv#OMI00287,B,1180–1260,Великий Новгород и Новгородская земля; центр модели — около 1230 года,include_d39,passed,No denylist stem matched the archive name.,unique,"Bundle of small skeins changes quantity and packaging, not the underlying thread-skein type.","B: reconstruction/category/context evidence; basis logical_necessity, not direct item attestation. Bundle of small skeins changes quantity and packaging, not the underlying thread-skein type.",safe_with_explicit_context,medium,items-household-personal,items-household-personal/items/household.csv#it_hh_thread_skein,routed
data/normalized_source_tables/material_entities/material_entities.csv:OMI00290,"Основа, намотанная для ткачества",new,include,,logical_necessity,data/normalized_source_tables/material_entities/material_entities.csv#OMI00290,B,1180–1260,Великий Новгород и Новгородская земля; центр модели — около 1230 года,include_d39,passed,No denylist stem matched the archive name.,unique,Reviewed semantic roots [намотанн основ ткачеств] and family_key [prepared_warp]; no object identity collapsed after ignoring state/size/container/use modifiers.,"B: reconstruction/category/context evidence; basis logical_necessity, not direct item attestation.",safe_with_explicit_context,medium,,,candidate
data/normalized_source_tables/material_entities/material_entities.csv:OMI00298,Шнурок из нескольких нитей,new,routed,,logical_necessity,data/normalized_source_tables/material_entities/material_entities.csv#OMI00298,B,1180–1260,Великий Новгород и Новгородская земля; центр модели — около 1230 года,include_d39,passed,No denylist stem matched the archive name.,unique,Multi-strand string is a construction variant of the existing household thin cord.,"B: reconstruction/category/context evidence; basis logical_necessity, not direct item attestation. Multi-strand string is a construction variant of the existing household thin cord.",safe_with_explicit_context,medium,items-household-personal,items-household-personal/items/household.csv#it_hh_cord,routed
data/normalized_source_tables/material_entities/material_entities.csv:OMI00299,Вощёный конец нити с игольным проколом,new,routed,,logical_necessity,data/normalized_source_tables/material_entities/material_entities.csv#OMI00299,B,1180–1260,Великий Новгород и Новгородская земля; центр модели — около 1230 года,include_d39,passed,No denylist stem matched the archive name.,unique,"Waxed and needle-pierced thread end is a prepared/use state of household thread, not a new item type.","B: reconstruction/category/context evidence; basis logical_necessity, not direct item attestation. Waxed and needle-pierced thread end is a prepared/use state of household thread, not a new item type.",safe_with_explicit_context,medium,items-household-personal,items-household-personal/items/household.csv#it_hh_thread_skein,routed
data/normalized_source_tables/material_entities/material_entities.csv:OMI00300,Полоса небелёного льняного полотна,variant,include,crafts-tools-processes/materials_registry/materials.csv#mt_flax,logical_necessity,data/normalized_source_tables/material_entities/material_entities.csv#OMI00300,B,1180–1260,Великий Новгород и Новгородская земля; центр модели — около 1230 года,include_d39,passed,No denylist stem matched the archive name.,variant_target,"Владелец текстильного материала, волокна или снасти — crafts; форму, состояние, длину, упаковку и назначение хранить как вариант. Reuses existing crafts owner crafts-tools-processes/materials_registry/materials.csv#mt_flax.","B: reconstruction/category/context evidence; basis logical_necessity, not direct item attestation. Владелец текстильного материала, волокна или снасти — crafts; форму, состояние, длину, упаковку и назначение хранить как вариант.",safe_with_explicit_context,medium,,,candidate
data/normalized_source_tables/material_entities/material_entities.csv:OMI00301,Кусок грубого льняного полотна,variant,include,crafts-tools-processes/materials_registry/materials.csv#mt_flax,logical_necessity,data/normalized_source_tables/material_entities/material_entities.csv#OMI00301,B,1180–1260,Великий Новгород и Новгородская земля; центр модели — около 1230 года,include_d39,passed,No denylist stem matched the archive name.,variant_target,"Владелец текстильного материала, волокна или снасти — crafts; форму, состояние, длину, упаковку и назначение хранить как вариант. Reuses existing crafts owner crafts-tools-processes/materials_registry/materials.csv#mt_flax.","B: reconstruction/category/context evidence; basis logical_necessity, not direct item attestation. Владелец текстильного материала, волокна или снасти — crafts; форму, состояние, длину, упаковку и назначение хранить как вариант.",safe_with_explicit_context,medium,,,candidate
data/normalized_source_tables/material_entities/material_entities.csv:OMI00302,Кусок тонкого льняного полотна,variant,include,crafts-tools-processes/materials_registry/materials.csv#mt_flax,analogy,data/normalized_source_tables/material_entities/material_entities.csv#OMI00302,C,1180–1260,Великий Новгород и Новгородская земля; центр модели — около 1230 года,include_d39,passed,No denylist stem matched the archive name.,variant_target,"Владелец текстильного материала, волокна или снасти — crafts; форму, состояние, длину, упаковку и назначение хранить как вариант. Reuses existing crafts owner crafts-tools-processes/materials_registry/materials.csv#mt_flax.","Confidence C: analogue/hypothesis; basis analogy. Владелец текстильного материала, волокна или снасти — crafts; форму, состояние, длину, упаковку и назначение хранить как вариант.",explicit_context_only,high,,,candidate
data/normalized_source_tables/material_entities/material_entities.csv:OMI00316,Тряпица бытовая,new,routed,,logical_necessity,data/normalized_source_tables/material_entities/material_entities.csv#OMI00316,B,1180–1260,Великий Новгород и Новгородская земля; центр модели — около 1230 года,include_d39,passed,No denylist stem matched the archive name.,unique,Household rag is a use and material variant of the existing cleaning rag.,"B: reconstruction/category/context evidence; basis logical_necessity, not direct item attestation. Household rag is a use and material variant of the existing cleaning rag.",safe_with_explicit_context,medium,items-household-personal,items-household-personal/items/household.csv#it_hh_rag,routed
data/normalized_source_tables/material_entities/material_entities.csv:OMI00317,Чистый льняной лоскут,new,routed,,logical_necessity,data/normalized_source_tables/material_entities/material_entities.csv#OMI00317,B,1180–1260,Великий Новгород и Новгородская земля; центр модели — около 1230 года,include_d39,passed,No denylist stem matched the archive name.,unique,Clean linen rag is a cleanliness and material variant of the existing household rag.,"B: reconstruction/category/context evidence; basis logical_necessity, not direct item attestation. Clean linen rag is a cleanliness and material variant of the existing household rag.",safe_with_explicit_context,medium,items-household-personal,items-household-personal/items/household.csv#it_hh_rag,routed
data/normalized_source_tables/material_entities/material_entities.csv:OMI00319,Кусок мешковины,new,include,,logical_necessity,data/normalized_source_tables/material_entities/material_entities.csv#OMI00319,B,1180–1260,Великий Новгород и Новгородская земля; центр модели — около 1230 года,include_d39,passed,No denylist stem matched the archive name.,unique,Reviewed semantic roots [мешковин] and family_key [sackcloth_piece]; no object identity collapsed after ignoring state/size/container/use modifiers.,"B: reconstruction/category/context evidence; basis logical_necessity, not direct item attestation.",safe_with_explicit_context,medium,,,candidate
data/normalized_source_tables/material_entities/material_entities.csv:OMI00320,Незашитая выкройка мешка,variant,include,crafts-tools-processes/craft_tools_gear/tools_gear.csv#tl_sack,logical_necessity,data/normalized_source_tables/material_entities/material_entities.csv#OMI00320,B,1180–1260,Великий Новгород и Новгородская земля; центр модели — около 1230 года,include_d39,passed,No denylist stem matched the archive name.,variant_target,Unsewn/cut state of existing sack. Reuses existing crafts owner crafts-tools-processes/craft_tools_gear/tools_gear.csv#tl_sack.,"B: reconstruction/category/context evidence; basis logical_necessity, not direct item attestation.",safe_with_explicit_context,medium,,,candidate
data/normalized_source_tables/material_entities/material_entities.csv:OMI00324,Полотно для внутренней прокладки тюка,new,include,,logical_necessity,data/normalized_source_tables/material_entities/material_entities.csv#OMI00324,B,1180–1260,Великий Новгород и Новгородская земля; центр модели — около 1230 года,include_d39,passed,No denylist stem matched the archive name.,unique,Reviewed semantic roots [внутренней полотн прокладк тюк] and family_key [bale_lining_cloth]; no object identity collapsed after ignoring state/size/container/use modifiers.,"B: reconstruction/category/context evidence; basis logical_necessity, not direct item attestation.",safe_with_explicit_context,medium,,,candidate
data/normalized_source_tables/material_entities/material_entities.csv:OMI00328,Кусок парусного полотна,new,include,,logical_necessity,data/normalized_source_tables/material_entities/material_entities.csv#OMI00328,B,1180–1260,Великий Новгород и Новгородская земля; центр модели — около 1230 года,include_d39,passed,No denylist stem matched the archive name.,unique,Reviewed semantic roots [парусн полотн] and family_key [sailcloth_piece]; no object identity collapsed after ignoring state/size/container/use modifiers.,"B: reconstruction/category/context evidence; basis logical_necessity, not direct item attestation.",safe_with_explicit_context,medium,,,candidate
data/normalized_source_tables/material_entities/material_entities.csv:OMI00329,Парусная заплата,variant,include,crafts-tools-processes/materials_registry/materials.csv#mt_textile_generic,logical_necessity,data/normalized_source_tables/material_entities/material_entities.csv#OMI00329,B,1180–1260,Великий Новгород и Новгородская земля; центр модели — около 1230 года,include_d39,passed,No denylist stem matched the archive name.,variant_target,"Владелец текстильного материала, волокна или снасти — crafts; форму, состояние, длину, упаковку и назначение хранить как вариант. Reuses existing crafts owner crafts-tools-processes/materials_registry/materials.csv#mt_textile_generic.","B: reconstruction/category/context evidence; basis logical_necessity, not direct item attestation. Владелец текстильного материала, волокна или снасти — crafts; форму, состояние, длину, упаковку и назначение хранить как вариант.",safe_with_explicit_context,medium,,,candidate
data/normalized_source_tables/material_entities/material_entities.csv:OMI00330,Кромка старого паруса с люверсным отверстием,new,routed,,logical_necessity,data/normalized_source_tables/material_entities/material_entities.csv#OMI00330,B,1180–1260,Великий Новгород и Новгородская земля; центр модели — около 1230 года,include_d39,passed,No denylist stem matched the archive name.,unique,Old sail edge belongs to transport sail equipment without matching current entity.,"B: reconstruction/category/context evidence; basis logical_necessity, not direct item attestation. Old sail edge belongs to transport sail equipment without matching current entity.",safe_with_explicit_context,medium,transport-health-recreation,,routed
data/normalized_source_tables/material_entities/material_entities.csv:OMI00331,Кусок войлочной подкладки,variant,include,crafts-tools-processes/materials_registry/materials.csv#mt_felt,logical_necessity,data/normalized_source_tables/material_entities/material_entities.csv#OMI00331,B,1180–1260,Великий Новгород и Новгородская земля; центр модели — около 1230 года,include_d39,passed,No denylist stem matched the archive name.,variant_target,Обрезок войлока — размерный отход/фрагмент того же материального типа mt_felt. Reuses existing crafts owner crafts-tools-processes/materials_registry/materials.csv#mt_felt.,"B: reconstruction/category/context evidence; basis logical_necessity, not direct item attestation.",safe_with_explicit_context,medium,,,candidate
data/normalized_source_tables/material_entities/material_entities.csv:OMI00332,Войлочная полоса для уплотнения,new,include,,logical_necessity,data/normalized_source_tables/material_entities/material_entities.csv#OMI00332,B,1180–1260,Великий Новгород и Новгородская земля; центр модели — около 1230 года,include_d39,passed,No denylist stem matched the archive name.,unique,Reviewed semantic roots [войлочн полос уплотнени] and family_key [felt_sealing_strip]; no object identity collapsed after ignoring state/size/container/use modifiers.,"B: reconstruction/category/context evidence; basis logical_necessity, not direct item attestation.",safe_with_explicit_context,medium,,,candidate
data/normalized_source_tables/material_entities/material_entities.csv:OMI00333,Мокрый отрез полотна,variant,include,crafts-tools-processes/craft_processes/process_products.csv#pr:woven_cloth,logical_necessity,data/normalized_source_tables/material_entities/material_entities.csv#OMI00333,B,1180–1260,Великий Новгород и Новгородская земля; центр модели — около 1230 года,include_d39,passed,No denylist stem matched the archive name.,variant_target,Wet condition of existing cloth product; treatment/use is not a second item type. Reuses existing crafts owner crafts-tools-processes/craft_processes/process_products.csv#pr:woven_cloth.,"B: reconstruction/category/context evidence; basis logical_necessity, not direct item attestation.",safe_with_explicit_context,medium,,,candidate
data/normalized_source_tables/material_entities/material_entities.csv:OMI00343,Тонкая льняная бечёвка,new,routed,,logical_necessity,data/normalized_source_tables/material_entities/material_entities.csv#OMI00343,B,1180–1260,Великий Новгород и Новгородская земля; центр модели — около 1230 года,include_d39,passed,No denylist stem matched the archive name.,unique,"Тонкая бечёвка изготовлена из льняного волокна; это cordage из льна, а не моток льняной нити OMI00284.","B: reconstruction/category/context evidence; basis logical_necessity, not direct item attestation. Тонкая бечёвка изготовлена из льняного волокна; это cordage из льна, а не моток льняной нити OMI00284.",safe_with_explicit_context,medium,items-household-personal,items-household-personal/items/household.csv#it_hh_cord,routed
data/normalized_source_tables/material_entities/material_entities.csv:OMI00344,Тонкая конопляная бечёвка,new,routed,,logical_necessity,data/normalized_source_tables/material_entities/material_entities.csv#OMI00344,B,1180–1260,Великий Новгород и Новгородская земля; центр модели — около 1230 года,include_d39,passed,No denylist stem matched the archive name.,unique,"Тонкая бечёвка изготовлена из конопляного волокна; это cordage из конопли, а не моток конопляной нити OMI00286.","B: reconstruction/category/context evidence; basis logical_necessity, not direct item attestation. Тонкая бечёвка изготовлена из конопляного волокна; это cordage из конопли, а не моток конопляной нити OMI00286.",safe_with_explicit_context,medium,items-household-personal,items-household-personal/items/household.csv#it_hh_cord,routed
data/normalized_source_tables/material_entities/material_entities.csv:OMI00345,Средний конопляный шнур,new,routed,,logical_necessity,data/normalized_source_tables/material_entities/material_entities.csv#OMI00345,B,1180–1260,Великий Новгород и Новгородская земля; центр модели — около 1230 года,include_d39,passed,No denylist stem matched the archive name.,unique,Medium hemp cord is a thickness and load variant of household rope.,"B: reconstruction/category/context evidence; basis logical_necessity, not direct item attestation. Medium hemp cord is a thickness and load variant of household rope.",safe_with_explicit_context,medium,items-household-personal,items-household-personal/items/household.csv#it_hh_rope,routed
data/normalized_source_tables/material_entities/material_entities.csv:OMI00348,Лыковая верёвка,new,routed,,logical_necessity,data/normalized_source_tables/material_entities/material_entities.csv#OMI00348,B,1180–1260,Великий Новгород и Новгородская земля; центр модели — около 1230 года,include_d39,passed,No denylist stem matched the archive name.,unique,Bast rope is a fiber/material variant of the existing household rope.,"B: reconstruction/category/context evidence; basis logical_necessity, not direct item attestation. Bast rope is a fiber/material variant of the existing household rope.",safe_with_explicit_context,medium,items-household-personal,items-household-personal/items/household.csv#it_hh_rope,routed
data/normalized_source_tables/material_entities/material_entities.csv:OMI00350,Короткий отрезок верёвки,variant,include,crafts-tools-processes/materials_registry/materials.csv#mt_cordage,logical_necessity,data/normalized_source_tables/material_entities/material_entities.csv#OMI00350,B,1180–1260,Великий Новгород и Новгородская земля; центр модели — около 1230 года,include_d39,passed,No denylist stem matched the archive name.,variant_target,"Владелец текстильного материала, волокна или снасти — crafts; форму, состояние, длину, упаковку и назначение хранить как вариант. Reuses existing crafts owner crafts-tools-processes/materials_registry/materials.csv#mt_cordage.","B: reconstruction/category/context evidence; basis logical_necessity, not direct item attestation. Владелец текстильного материала, волокна или снасти — crafts; форму, состояние, длину, упаковку и назначение хранить как вариант.",safe_with_explicit_context,medium,,,candidate
data/normalized_source_tables/material_entities/material_entities.csv:OMI00351,Длинный отрезок верёвки,variant,include,crafts-tools-processes/materials_registry/materials.csv#mt_cordage,logical_necessity,data/normalized_source_tables/material_entities/material_entities.csv#OMI00351,B,1180–1260,Великий Новгород и Новгородская земля; центр модели — около 1230 года,include_d39,passed,No denylist stem matched the archive name.,variant_target,"Владелец текстильного материала, волокна или снасти — crafts; форму, состояние, длину, упаковку и назначение хранить как вариант. Reuses existing crafts owner crafts-tools-processes/materials_registry/materials.csv#mt_cordage.","B: reconstruction/category/context evidence; basis logical_necessity, not direct item attestation. Владелец текстильного материала, волокна или снасти — crafts; форму, состояние, длину, упаковку и назначение хранить как вариант.",safe_with_explicit_context,medium,,,candidate
data/normalized_source_tables/material_entities/material_entities.csv:OMI00352,Бухта тонкого шнура,variant,include,crafts-tools-processes/materials_registry/materials.csv#mt_cordage,logical_necessity,data/normalized_source_tables/material_entities/material_entities.csv#OMI00352,B,1180–1260,Великий Новгород и Новгородская земля; центр модели — около 1230 года,add_variant,passed,No denylist stem matched the archive name.,variant_target,"Владелец текстильного материала, волокна или снасти — crafts; форму, состояние, длину, упаковку и назначение хранить как вариант. Reuses existing crafts owner crafts-tools-processes/materials_registry/materials.csv#mt_cordage.","B: reconstruction/category/context evidence; basis logical_necessity, not direct item attestation. Владелец текстильного материала, волокна или снасти — crafts; форму, состояние, длину, упаковку и назначение хранить как вариант.",safe_with_explicit_context,medium,,,candidate
data/normalized_source_tables/material_entities/material_entities.csv:OMI00353,Бухта толстого каната,variant,include,crafts-tools-processes/craft_tools_gear/tools_gear.csv#tl_rope_coil,logical_necessity,data/normalized_source_tables/material_entities/material_entities.csv#OMI00353,B,1180–1260,Великий Новгород и Новгородская земля; центр модели — около 1230 года,include_d39,passed,No denylist stem matched the archive name.,variant_target,Reuses existing crafts owner crafts-tools-processes/craft_tools_gear/tools_gear.csv#tl_rope_coil.,"B: reconstruction/category/context evidence; basis logical_necessity, not direct item attestation. Rope coil/bundle form; reuse rope tool identity.",safe_with_explicit_context,medium,,,candidate
data/normalized_source_tables/material_entities/material_entities.csv:OMI00354,Малая связка обрезков верёвки,variant,include,crafts-tools-processes/materials_registry/materials.csv#mt_cordage,logical_necessity,data/normalized_source_tables/material_entities/material_entities.csv#OMI00354,B,1180–1260,Великий Новгород и Новгородская земля; центр модели — около 1230 года,include_d39,passed,No denylist stem matched the archive name.,variant_target,"Владелец текстильного материала, волокна или снасти — crafts; форму, состояние, длину, упаковку и назначение хранить как вариант. Reuses existing crafts owner crafts-tools-processes/materials_registry/materials.csv#mt_cordage.","B: reconstruction/category/context evidence; basis logical_necessity, not direct item attestation. Владелец текстильного материала, волокна или снасти — crafts; форму, состояние, длину, упаковку и назначение хранить как вариант.",safe_with_explicit_context,medium,,,candidate
data/normalized_source_tables/material_entities/material_entities.csv:OMI00356,Затяжная петля хозяйственная,variant,include,crafts-tools-processes/materials_registry/materials.csv#mt_cordage,logical_necessity,data/normalized_source_tables/material_entities/material_entities.csv#OMI00356,B,1180–1260,Великий Новгород и Новгородская земля; центр модели — около 1230 года,include_d39,passed,No denylist stem matched the archive name.,variant_target,"Короткая верёвка — length/use form of stable cordage material, not a new kind. Reuses existing crafts owner crafts-tools-processes/materials_registry/materials.csv#mt_cordage.","B: reconstruction/category/context evidence; basis logical_necessity, not direct item attestation.",safe_with_explicit_context,medium,,,candidate
data/normalized_source_tables/material_entities/material_entities.csv:OMI00357,Верёвочная обвязка тюка,new,include,,logical_necessity,data/normalized_source_tables/material_entities/material_entities.csv#OMI00357,B,1180–1260,Великий Новгород и Новгородская земля; центр модели — около 1230 года,include_d39,passed,No denylist stem matched the archive name.,unique,"Партия верёвочной оттяжки имеет самостоятельную utility/stock identity; она служит stable anchor для tied/rotted variants, не сводимых к голой mt_cordage.","B: reconstruction/category/context evidence; basis logical_necessity, not direct item attestation. Партия верёвочной оттяжки имеет самостоятельную utility/stock identity; она служит stable anchor для tied/rotted variants, не сводимых к голой mt_cordage.",safe_with_explicit_context,medium,crafts-tools-processes,crafts-tools-processes/materials_registry/material_entities.csv#n1230:material_item:omi00357,candidate
data/normalized_source_tables/material_entities/material_entities.csv:OMI00358,Перекрёстная обвязка мешка,variant,include,crafts-tools-processes/materials_registry/material_entities.csv#n1230:material_item:omi00357,logical_necessity,data/normalized_source_tables/material_entities/material_entities.csv#OMI00358,B,1180–1260,Великий Новгород и Новгородская земля; центр модели — около 1230 года,include_d39,passed,No denylist stem matched the archive name.,variant_target,"Владелец текстильного материала, волокна или снасти — crafts; форму, состояние, длину, упаковку и назначение хранить как вариант. Reuses existing crafts owner crafts-tools-processes/materials_registry/material_entities.csv#n1230:material_item:omi00357.","B: reconstruction/category/context evidence; basis logical_necessity, not direct item attestation. Владелец текстильного материала, волокна или снасти — crafts; форму, состояние, длину, упаковку и назначение хранить как вариант.",safe_with_explicit_context,medium,,,candidate
data/normalized_source_tables/material_entities/material_entities.csv:OMI00359,Верёвочная ручка тары,variant,include,crafts-tools-processes/materials_registry/materials.csv#mt_cordage,logical_necessity,data/normalized_source_tables/material_entities/material_entities.csv#OMI00359,B,1180–1260,Великий Новгород и Новгородская земля; центр модели — около 1230 года,include_d39,passed,No denylist stem matched the archive name.,variant_target,"Владелец текстильного материала, волокна или снасти — crafts; форму, состояние, длину, упаковку и назначение хранить как вариант. Reuses existing crafts owner crafts-tools-processes/materials_registry/materials.csv#mt_cordage.","B: reconstruction/category/context evidence; basis logical_necessity, not direct item attestation. Владелец текстильного материала, волокна или снасти — crafts; форму, состояние, длину, упаковку и назначение хранить как вариант.",safe_with_explicit_context,medium,,,candidate
data/normalized_source_tables/material_entities/material_entities.csv:OMI00360,Верёвочная подвеска сосуда,variant,include,crafts-tools-processes/materials_registry/materials.csv#mt_cordage,analogy,data/normalized_source_tables/material_entities/material_entities.csv#OMI00360,C,1180–1260,Великий Новгород и Новгородская земля; центр модели — около 1230 года,include_d39,passed,No denylist stem matched the archive name.,variant_target,"Владелец текстильного материала, волокна или снасти — crafts; форму, состояние, длину, упаковку и назначение хранить как вариант. Reuses existing crafts owner crafts-tools-processes/materials_registry/materials.csv#mt_cordage.","Confidence C: analogue/hypothesis; basis analogy. Владелец текстильного материала, волокна или снасти — crafts; форму, состояние, длину, упаковку и назначение хранить как вариант.",explicit_context_only,high,,,candidate
data/normalized_source_tables/material_entities/material_entities.csv:OMI00361,Судовой швартовный конец,variant,include,crafts-tools-processes/materials_registry/materials.csv#mt_cordage,logical_necessity,data/normalized_source_tables/material_entities/material_entities.csv#OMI00361,B,1180–1260,Великий Новгород и Новгородская земля; центр модели — около 1230 года,include_d39,passed,No denylist stem matched the archive name.,variant_target,Ship mooring use/length is a property of existing cordage material. Reuses existing crafts owner crafts-tools-processes/materials_registry/materials.csv#mt_cordage.,"B: reconstruction/category/context evidence; basis logical_necessity, not direct item attestation.",safe_with_explicit_context,medium,,,candidate
data/normalized_source_tables/material_entities/material_entities.csv:OMI00362,Короткий причальный конец,variant,include,crafts-tools-processes/materials_registry/materials.csv#mt_cordage,logical_necessity,data/normalized_source_tables/material_entities/material_entities.csv#OMI00362,B,1180–1260,Великий Новгород и Новгородская земля; центр модели — около 1230 года,include_d39,passed,No denylist stem matched the archive name.,variant_target,Short quay use/length is a property of existing cordage material. Reuses existing crafts owner crafts-tools-processes/materials_registry/materials.csv#mt_cordage.,"B: reconstruction/category/context evidence; basis logical_necessity, not direct item attestation.",safe_with_explicit_context,medium,,,candidate
data/normalized_source_tables/material_entities/material_entities.csv:OMI00363,Буксирная верёвка,variant,include,crafts-tools-processes/materials_registry/materials.csv#mt_cordage,logical_necessity,data/normalized_source_tables/material_entities/material_entities.csv#OMI00363,B,1180–1260,Великий Новгород и Новгородская земля; центр модели — около 1230 года,include_d39,passed,No denylist stem matched the archive name.,variant_target,"Владелец текстильного материала, волокна или снасти — crafts; форму, состояние, длину, упаковку и назначение хранить как вариант. Reuses existing crafts owner crafts-tools-processes/materials_registry/materials.csv#mt_cordage.","B: reconstruction/category/context evidence; basis logical_necessity, not direct item attestation. Владелец текстильного материала, волокна или снасти — crafts; форму, состояние, длину, упаковку и назначение хранить как вариант.",safe_with_explicit_context,medium,,,candidate
data/normalized_source_tables/material_entities/material_entities.csv:OMI00364,Верёвка для подъёма груза,variant,include,crafts-tools-processes/materials_registry/materials.csv#mt_cordage,logical_necessity,data/normalized_source_tables/material_entities/material_entities.csv#OMI00364,B,1180–1260,Великий Новгород и Новгородская земля; центр модели — около 1230 года,include_d39,passed,No denylist stem matched the archive name.,variant_target,"Владелец текстильного материала, волокна или снасти — crafts; форму, состояние, длину, упаковку и назначение хранить как вариант. Reuses existing crafts owner crafts-tools-processes/materials_registry/materials.csv#mt_cordage.","B: reconstruction/category/context evidence; basis logical_necessity, not direct item attestation. Владелец текстильного материала, волокна или снасти — crafts; форму, состояние, длину, упаковку и назначение хранить как вариант.",safe_with_explicit_context,medium,,,candidate
data/normalized_source_tables/material_entities/material_entities.csv:OMI00365,Верёвочная стропа,variant,include,crafts-tools-processes/materials_registry/materials.csv#mt_cordage,logical_necessity,data/normalized_source_tables/material_entities/material_entities.csv#OMI00365,B,1180–1260,Великий Новгород и Новгородская земля; центр модели — около 1230 года,include_d39,passed,No denylist stem matched the archive name.,variant_target,"Владелец текстильного материала, волокна или снасти — crafts; форму, состояние, длину, упаковку и назначение хранить как вариант. Reuses existing crafts owner crafts-tools-processes/materials_registry/materials.csv#mt_cordage.","B: reconstruction/category/context evidence; basis logical_necessity, not direct item attestation. Владелец текстильного материала, волокна или снасти — crafts; форму, состояние, длину, упаковку и назначение хранить как вариант.",safe_with_explicit_context,medium,,,candidate
data/normalized_source_tables/material_entities/material_entities.csv:OMI00366,Верёвочная сетка для груза,variant,include,crafts-tools-processes/craft_processes/process_products.csv#pr:fishing_net,logical_necessity,data/normalized_source_tables/material_entities/material_entities.csv#OMI00366,B,1180–1260,Великий Новгород и Новгородская земля; центр модели — около 1230 года,include_d39,passed,No denylist stem matched the archive name.,variant_target,"Владелец текстильного материала, волокна или снасти — crafts; форму, состояние, длину, упаковку и назначение хранить как вариант. Reuses existing crafts owner crafts-tools-processes/craft_processes/process_products.csv#pr:fishing_net.","B: reconstruction/category/context evidence; basis logical_necessity, not direct item attestation. Владелец текстильного материала, волокна или снасти — crafts; форму, состояние, длину, упаковку и назначение хранить как вариант.",safe_with_explicit_context,medium,,,candidate
data/normalized_source_tables/material_entities/material_entities.csv:OMI00367,Связка дров на верёвке,variant,include,crafts-tools-processes/materials_registry/materials.csv#mt_cordage,logical_necessity,data/normalized_source_tables/material_entities/material_entities.csv#OMI00367,B,1180–1260,Великий Новгород и Новгородская земля; центр модели — около 1230 года,include_d39,passed,No denylist stem matched the archive name.,variant_target,"Владелец текстильного материала, волокна или снасти — crafts; форму, состояние, длину, упаковку и назначение хранить как вариант. Reuses existing crafts owner crafts-tools-processes/materials_registry/materials.csv#mt_cordage.","B: reconstruction/category/context evidence; basis logical_necessity, not direct item attestation. Владелец текстильного материала, волокна или снасти — crafts; форму, состояние, длину, упаковку и назначение хранить как вариант.",safe_with_explicit_context,medium,,,candidate
data/normalized_source_tables/material_entities/material_entities.csv:OMI00368,Связка сена на верёвке,variant,include,crafts-tools-processes/materials_registry/materials.csv#mt_cordage,logical_necessity,data/normalized_source_tables/material_entities/material_entities.csv#OMI00368,B,1180–1260,Великий Новгород и Новгородская земля; центр модели — около 1230 года,include_d39,passed,No denylist stem matched the archive name.,variant_target,"Владелец текстильного материала, волокна или снасти — crafts; форму, состояние, длину, упаковку и назначение хранить как вариант. Reuses existing crafts owner crafts-tools-processes/materials_registry/materials.csv#mt_cordage.","B: reconstruction/category/context evidence; basis logical_necessity, not direct item attestation. Владелец текстильного материала, волокна или снасти — crafts; форму, состояние, длину, упаковку и назначение хранить как вариант.",safe_with_explicit_context,medium,,,candidate
data/normalized_source_tables/material_entities/material_entities.csv:OMI00370,Верёвочная растяжка навеса,variant,include,crafts-tools-processes/materials_registry/materials.csv#mt_cordage,logical_necessity,data/normalized_source_tables/material_entities/material_entities.csv#OMI00370,B,1180–1260,Великий Новгород и Новгородская земля; центр модели — около 1230 года,include_d39,passed,No denylist stem matched the archive name.,variant_target,"Владелец текстильного материала, волокна или снасти — crafts; форму, состояние, длину, упаковку и назначение хранить как вариант. Reuses existing crafts owner crafts-tools-processes/materials_registry/materials.csv#mt_cordage.","B: reconstruction/category/context evidence; basis logical_necessity, not direct item attestation. Владелец текстильного материала, волокна или снасти — crafts; форму, состояние, длину, упаковку и назначение хранить как вариант.",safe_with_explicit_context,medium,,,candidate
data/normalized_source_tables/material_entities/material_entities.csv:OMI00371,Колышковая петля растяжки,variant,include,crafts-tools-processes/materials_registry/materials.csv#mt_cordage,logical_necessity,data/normalized_source_tables/material_entities/material_entities.csv#OMI00371,B,1180–1260,Великий Новгород и Новгородская земля; центр модели — около 1230 года,include_d39,passed,No denylist stem matched the archive name.,variant_target,"Верёвка для ремонта снасти — purpose/context form of stable cordage material, not a new kind. Reuses existing crafts owner crafts-tools-processes/materials_registry/materials.csv#mt_cordage.","B: reconstruction/category/context evidence; basis logical_necessity, not direct item attestation.",safe_with_explicit_context,medium,,,candidate
data/normalized_source_tables/material_entities/material_entities.csv:OMI00372,Шнур для опечатывания груза,variant,include,crafts-tools-processes/materials_registry/materials.csv#mt_cordage,logical_necessity,data/normalized_source_tables/material_entities/material_entities.csv#OMI00372,B,1180–1260,Великий Новгород и Новгородская земля; центр модели — около 1230 года,include_d39,passed,No denylist stem matched the archive name.,variant_target,"Владелец текстильного материала, волокна или снасти — crafts; форму, состояние, длину, упаковку и назначение хранить как вариант. Reuses existing crafts owner crafts-tools-processes/materials_registry/materials.csv#mt_cordage.","B: reconstruction/category/context evidence; basis logical_necessity, not direct item attestation. Владелец текстильного материала, волокна или снасти — crafts; форму, состояние, длину, упаковку и назначение хранить как вариант.",safe_with_explicit_context,medium,,,candidate
data/normalized_source_tables/material_entities/material_entities.csv:OMI00373,Шнур документа или грамоты,variant,include,crafts-tools-processes/materials_registry/materials.csv#mt_cordage,logical_necessity,data/normalized_source_tables/material_entities/material_entities.csv#OMI00373,B,1180–1260,Великий Новгород и Новгородская земля; центр модели — около 1230 года,include_d39,passed,No denylist stem matched the archive name.,variant_target,"Владелец текстильного материала, волокна или снасти — crafts; форму, состояние, длину, упаковку и назначение хранить как вариант. Reuses existing crafts owner crafts-tools-processes/materials_registry/materials.csv#mt_cordage.","B: reconstruction/category/context evidence; basis logical_necessity, not direct item attestation. Владелец текстильного материала, волокна или снасти — crafts; форму, состояние, длину, упаковку и назначение хранить как вариант.",safe_with_explicit_context,medium,,,candidate
data/normalized_source_tables/material_entities/material_entities.csv:OMI00374,Тонкий шнурок для ключа,new,routed,,logical_necessity,data/normalized_source_tables/material_entities/material_entities.csv#OMI00374,B,1180–1260,Великий Новгород и Новгородская земля; центр модели — около 1230 года,include_d39,passed,No denylist stem matched the archive name.,unique,Thin key cord is a use variant of household thin cord.,"B: reconstruction/category/context evidence; basis logical_necessity, not direct item attestation. Thin key cord is a use variant of household thin cord.",safe_with_explicit_context,medium,items-household-personal,items-household-personal/items/household.csv#it_hh_cord,routed
data/normalized_source_tables/material_entities/material_entities.csv:OMI00376,Обрывок верёвки с узлом,variant,include,crafts-tools-processes/materials_registry/materials.csv#mt_cordage,sourced,category-level evidence (category_form_material_process_or_context): data/normalized_source_tables/material_entities/material_entities.csv#OMI00376,A,1180–1260,Великий Новгород и Новгородская земля; центр модели — около 1230 года,include_d39,passed,No denylist stem matched the archive name.,variant_target,"Владелец текстильного материала, волокна или снасти — crafts; форму, состояние, длину, упаковку и назначение хранить как вариант. Reuses existing crafts owner crafts-tools-processes/materials_registry/materials.csv#mt_cordage.","A: category-level evidence (category_form_material_process_or_context). Владелец текстильного материала, волокна или снасти — crafts; форму, состояние, длину, упаковку и назначение хранить как вариант.",safe_with_context,low,,,candidate
data/normalized_source_tables/material_entities/material_entities.csv:OMI00377,Распущенный конец каната,variant,include,crafts-tools-processes/materials_registry/materials.csv#mt_cordage,logical_necessity,data/normalized_source_tables/material_entities/material_entities.csv#OMI00377,B,1180–1260,Великий Новгород и Новгородская земля; центр модели — около 1230 года,include_d39,passed,No denylist stem matched the archive name.,variant_target,Reuses existing crafts owner crafts-tools-processes/materials_registry/materials.csv#mt_cordage.,"B: reconstruction/category/context evidence; basis logical_necessity, not direct item attestation. Knotted, unravelled, or rotten hemp rope remains cordage stock; the source names rope and hemp fibre rather than leather.",safe_with_explicit_context,medium,,,candidate
data/normalized_source_tables/material_entities/material_entities.csv:OMI00378,Сгнивший отрезок верёвки,variant,include,crafts-tools-processes/materials_registry/materials.csv#mt_cordage,logical_necessity,data/normalized_source_tables/material_entities/material_entities.csv#OMI00378,B,1180–1260,Великий Новгород и Новгородская земля; центр модели — около 1230 года,include_d39,passed,No denylist stem matched the archive name.,variant_target,"Владелец текстильного материала, волокна или снасти — crafts; форму, состояние, длину, упаковку и назначение хранить как вариант. Reuses existing crafts owner crafts-tools-processes/materials_registry/materials.csv#mt_cordage.","B: reconstruction/category/context evidence; basis logical_necessity, not direct item attestation. Владелец текстильного материала, волокна или снасти — crafts; форму, состояние, длину, упаковку и назначение хранить как вариант.",safe_with_explicit_context,medium,,,candidate
data/normalized_source_tables/material_entities/material_entities.csv:OMI00380,Сращённый участок верёвки,variant,include,crafts-tools-processes/materials_registry/materials.csv#mt_cordage,logical_necessity,data/normalized_source_tables/material_entities/material_entities.csv#OMI00380,B,1180–1260,Великий Новгород и Новгородская земля; центр модели — около 1230 года,include_d39,passed,No denylist stem matched the archive name.,variant_target,"Владелец текстильного материала, волокна или снасти — crafts; форму, состояние, длину, упаковку и назначение хранить как вариант. Reuses existing crafts owner crafts-tools-processes/materials_registry/materials.csv#mt_cordage.","B: reconstruction/category/context evidence; basis logical_necessity, not direct item attestation. Владелец текстильного материала, волокна или снасти — crafts; форму, состояние, длину, упаковку и назначение хранить как вариант.",safe_with_explicit_context,medium,,,candidate
data/normalized_source_tables/material_entities/material_entities.csv:OMI00381,Верёвочная накладка от перетирания,variant,include,crafts-tools-processes/materials_registry/materials.csv#mt_cordage,analogy,data/normalized_source_tables/material_entities/material_entities.csv#OMI00381,C,1180–1260,Великий Новгород и Новгородская земля; центр модели — около 1230 года,include_d39,passed,No denylist stem matched the archive name.,variant_target,"Владелец текстильного материала, волокна или снасти — crafts; форму, состояние, длину, упаковку и назначение хранить как вариант. Reuses existing crafts owner crafts-tools-processes/materials_registry/materials.csv#mt_cordage.","Confidence C: analogue/hypothesis; basis analogy. Владелец текстильного материала, волокна или снасти — crafts; форму, состояние, длину, упаковку и назначение хранить как вариант.",explicit_context_only,high,,,candidate
data/normalized_source_tables/material_entities/material_entities.csv:OMI00386,Невязанный отрезок лесы,variant,include,crafts-tools-processes/materials_registry/materials.csv#mt_cordage,sourced,category-level evidence (category_form_material_process_or_context): data/normalized_source_tables/material_entities/material_entities.csv#OMI00386,A,1180–1260,Великий Новгород и Новгородская земля; центр модели — около 1230 года,include_d39,passed,No denylist stem matched the archive name.,variant_target,Невязанный отрезок лесы — вариант рыболовной лесы из волокна. Reuses existing crafts owner crafts-tools-processes/materials_registry/materials.csv#mt_cordage.,A: category-level evidence (category_form_material_process_or_context). Невязанный отрезок лесы — вариант рыболовной лесы из волокна.,safe_with_context,low,,,candidate
data/normalized_source_tables/material_entities/material_entities.csv:OMI00388,Волосяная леса,variant,include,crafts-tools-processes/materials_registry/materials.csv#mt_horsehair,logical_necessity,data/normalized_source_tables/material_entities/material_entities.csv#OMI00388,B,1180–1260,Великий Новгород и Новгородская земля; центр модели — около 1230 года,include_d39,passed,No denylist stem matched the archive name.,variant_target,Волосяная леса — материал и функция отличаются от готовой снасти. Reuses existing crafts owner crafts-tools-processes/materials_registry/materials.csv#mt_horsehair.,"B: reconstruction/category/context evidence; basis logical_necessity, not direct item attestation. Волосяная леса — материал и функция отличаются от готовой снасти.",safe_with_explicit_context,medium,,,candidate
data/normalized_source_tables/material_entities/material_entities.csv:OMI00389,Поводок крючка без крючка,new,include,,sourced,category-level evidence (category_form_material_process_or_context): data/normalized_source_tables/material_entities/material_entities.csv#OMI00389,A,1180–1260,Великий Новгород и Новгородская земля; центр модели — около 1230 года,include_d39,passed,No denylist stem matched the archive name.,unique,Reviewed semantic roots [крючк крючк поводок] and family_key [hook_snood]; no object identity collapsed after ignoring state/size/container/use modifiers.,A: category-level evidence (category_form_material_process_or_context).,safe_with_context,low,,,candidate
data/normalized_source_tables/material_entities/material_entities.csv:OMI00390,Узел крепления грузила,variant,include,crafts-tools-processes/craft_tools_gear/tools_gear.csv#tl_net_sinker,sourced,category-level evidence (category_form_material_process_or_context): data/normalized_source_tables/material_entities/material_entities.csv#OMI00390,A,1180–1260,Великий Новгород и Новгородская земля; центр модели — около 1230 года,include_d39,passed,No denylist stem matched the archive name.,variant_target,"Узел из конопляного cordage привязывает грузило к сетной оснастке; hemp cordage — его материал, а камень/дерево обозначают тип сетного грузила, к которому относится узел. Reuses existing crafts owner crafts-tools-processes/craft_tools_gear/tools_gear.csv#tl_net_sinker.","A: category-level evidence (category_form_material_process_or_context). Узел из конопляного cordage привязывает грузило к сетной оснастке; hemp cordage — его материал, а камень/дерево обозначают тип сетного грузила, к которому относится узел.",safe_with_context,low,,,candidate
data/normalized_source_tables/material_entities/material_entities.csv:OMI00391,Верхняя подборa сети,variant,include,crafts-tools-processes/craft_processes/process_products.csv#pr:fishing_net,sourced,category-level evidence (category_form_material_process_or_context): data/normalized_source_tables/material_entities/material_entities.csv#OMI00391,A,1180–1260,Великий Новгород и Новгородская земля; центр модели — около 1230 года,include_d39,passed,No denylist stem matched the archive name.,variant_target,"Владелец текстильного материала, волокна или снасти — crafts; форму, состояние, длину, упаковку и назначение хранить как вариант. Reuses existing crafts owner crafts-tools-processes/craft_processes/process_products.csv#pr:fishing_net.","A: category-level evidence (category_form_material_process_or_context). Владелец текстильного материала, волокна или снасти — crafts; форму, состояние, длину, упаковку и назначение хранить как вариант.",safe_with_context,low,,,candidate
data/normalized_source_tables/material_entities/material_entities.csv:OMI00392,Нижняя подборa сети,variant,include,crafts-tools-processes/craft_processes/process_products.csv#pr:fishing_net,sourced,category-level evidence (category_form_material_process_or_context): data/normalized_source_tables/material_entities/material_entities.csv#OMI00392,A,1180–1260,Великий Новгород и Новгородская земля; центр модели — около 1230 года,include_d39,passed,No denylist stem matched the archive name.,variant_target,"Владелец текстильного материала, волокна или снасти — crafts; форму, состояние, длину, упаковку и назначение хранить как вариант. Reuses existing crafts owner crafts-tools-processes/craft_processes/process_products.csv#pr:fishing_net.","A: category-level evidence (category_form_material_process_or_context). Владелец текстильного материала, волокна или снасти — crafts; форму, состояние, длину, упаковку и назначение хранить как вариант.",safe_with_context,low,,,candidate
data/normalized_source_tables/material_entities/material_entities.csv:OMI00393,Короткая сеть-полотно без оснастки,variant,include,crafts-tools-processes/craft_processes/process_products.csv#pr:fishing_net,sourced,category-level evidence (category_form_material_process_or_context): data/normalized_source_tables/material_entities/material_entities.csv#OMI00393,A,1180–1260,Великий Новгород и Новгородская земля; центр модели — около 1230 года,include_d39,passed,No denylist stem matched the archive name.,variant_target,"Владелец текстильного материала, волокна или снасти — crafts; форму, состояние, длину, упаковку и назначение хранить как вариант. Reuses existing crafts owner crafts-tools-processes/craft_processes/process_products.csv#pr:fishing_net.","A: category-level evidence (category_form_material_process_or_context). Владелец текстильного материала, волокна или снасти — crafts; форму, состояние, длину, упаковку и назначение хранить как вариант.",safe_with_context,low,,,candidate
data/normalized_source_tables/material_entities/material_entities.csv:OMI00394,Сетное полотно с незавершённым краем,new,include,,sourced,category-level evidence (category_form_material_process_or_context): data/normalized_source_tables/material_entities/material_entities.csv#OMI00394,A,1180–1260,Великий Новгород и Новгородская земля; центр модели — около 1230 года,include_d39,passed,No denylist stem matched the archive name.,unique,Reviewed semantic roots [кра незавершенн полотн сетн] and family_key [net_panel_semifinished]; no object identity collapsed after ignoring state/size/container/use modifiers.,A: category-level evidence (category_form_material_process_or_context).,safe_with_context,low,,,candidate
data/normalized_source_tables/material_entities/material_entities.csv:OMI00395,Заплата сетного полотна,variant,include,crafts-tools-processes/craft_processes/process_products.csv#pr:fishing_net,sourced,category-level evidence (category_form_material_process_or_context): data/normalized_source_tables/material_entities/material_entities.csv#OMI00395,A,1180–1260,Великий Новгород и Новгородская земля; центр модели — около 1230 года,include_d39,passed,No denylist stem matched the archive name.,variant_target,"Владелец текстильного материала, волокна или снасти — crafts; форму, состояние, длину, упаковку и назначение хранить как вариант. Reuses existing crafts owner crafts-tools-processes/craft_processes/process_products.csv#pr:fishing_net.","A: category-level evidence (category_form_material_process_or_context). Владелец текстильного материала, волокна или снасти — crafts; форму, состояние, длину, упаковку и назначение хранить как вариант.",safe_with_context,low,,,candidate
data/normalized_source_tables/material_entities/material_entities.csv:OMI00396,Кусок старой сети для заплат,variant,include,crafts-tools-processes/craft_processes/process_products.csv#pr:fishing_net,sourced,category-level evidence (category_form_material_process_or_context): data/normalized_source_tables/material_entities/material_entities.csv#OMI00396,A,1180–1260,Великий Новгород и Новгородская земля; центр модели — около 1230 года,include_d39,passed,No denylist stem matched the archive name.,variant_target,"Владелец текстильного материала, волокна или снасти — crafts; форму, состояние, длину, упаковку и назначение хранить как вариант. Reuses existing crafts owner crafts-tools-processes/craft_processes/process_products.csv#pr:fishing_net.","A: category-level evidence (category_form_material_process_or_context). Владелец текстильного материала, волокна или снасти — crafts; форму, состояние, длину, упаковку и назначение хранить как вариант.",safe_with_context,low,,,candidate
data/normalized_source_tables/material_entities/material_entities.csv:OMI00397,Обрывок сети с несколькими ячеями,variant,include,crafts-tools-processes/craft_processes/process_products.csv#pr:fishing_net,sourced,category-level evidence (category_form_material_process_or_context): data/normalized_source_tables/material_entities/material_entities.csv#OMI00397,A,1180–1260,Великий Новгород и Новгородская земля; центр модели — около 1230 года,include_d39,passed,No denylist stem matched the archive name.,variant_target,"Владелец текстильного материала, волокна или снасти — crafts; форму, состояние, длину, упаковку и назначение хранить как вариант. Reuses existing crafts owner crafts-tools-processes/craft_processes/process_products.csv#pr:fishing_net.","A: category-level evidence (category_form_material_process_or_context). Владелец текстильного материала, волокна или снасти — crafts; форму, состояние, длину, упаковку и назначение хранить как вариант.",safe_with_context,low,,,candidate
data/normalized_source_tables/material_entities/material_entities.csv:OMI00398,Спутанный ком сети,variant,include,crafts-tools-processes/craft_processes/process_products.csv#pr:fishing_net,sourced,category-level evidence (category_form_material_process_or_context): data/normalized_source_tables/material_entities/material_entities.csv#OMI00398,A,1180–1260,Великий Новгород и Новгородская земля; центр модели — около 1230 года,include_d39,passed,No denylist stem matched the archive name.,variant_target,"Владелец текстильного материала, волокна или снасти — crafts; форму, состояние, длину, упаковку и назначение хранить как вариант. Reuses existing crafts owner crafts-tools-processes/craft_processes/process_products.csv#pr:fishing_net.","A: category-level evidence (category_form_material_process_or_context). Владелец текстильного материала, волокна или снасти — crafts; форму, состояние, длину, упаковку и назначение хранить как вариант.",safe_with_context,low,,,candidate
data/normalized_source_tables/material_entities/material_entities.csv:OMI00399,Сетная кромка с петлями,new,include,,sourced,category-level evidence (category_form_material_process_or_context): data/normalized_source_tables/material_entities/material_entities.csv#OMI00399,A,1180–1260,Великий Новгород и Новгородская земля; центр модели — около 1230 года,include_d39,passed,No denylist stem matched the archive name.,unique,Reviewed semantic roots [кромк петл сетн] and family_key [net_selvage]; no object identity collapsed after ignoring state/size/container/use modifiers.,A: category-level evidence (category_form_material_process_or_context).,safe_with_context,low,,,candidate
data/normalized_source_tables/material_entities/material_entities.csv:OMI00400,Петля для подвеса сети,variant,include,crafts-tools-processes/craft_processes/process_products.csv#pr:fishing_net,sourced,category-level evidence (category_form_material_process_or_context): data/normalized_source_tables/material_entities/material_entities.csv#OMI00400,A,1180–1260,Великий Новгород и Новгородская земля; центр модели — около 1230 года,include_d39,passed,No denylist stem matched the archive name.,variant_target,"Владелец текстильного материала, волокна или снасти — crafts; форму, состояние, длину, упаковку и назначение хранить как вариант. Reuses existing crafts owner crafts-tools-processes/craft_processes/process_products.csv#pr:fishing_net.","A: category-level evidence (category_form_material_process_or_context). Владелец текстильного материала, волокна или снасти — crafts; форму, состояние, длину, упаковку и назначение хранить как вариант.",safe_with_context,low,,,candidate
data/normalized_source_tables/material_entities/material_entities.csv:OMI00401,Шнур для стягивания рыболовной ловушки,variant,include,crafts-tools-processes/materials_registry/materials.csv#mt_cordage,sourced,category-level evidence (category_form_material_process_or_context): data/normalized_source_tables/material_entities/material_entities.csv#OMI00401,A,1180–1260,Великий Новгород и Новгородская земля; центр модели — около 1230 года,include_d39,passed,No denylist stem matched the archive name.,variant_target,"Владелец текстильного материала, волокна или снасти — crafts; форму, состояние, длину, упаковку и назначение хранить как вариант. Reuses existing crafts owner crafts-tools-processes/materials_registry/materials.csv#mt_cordage.","A: category-level evidence (category_form_material_process_or_context). Владелец текстильного материала, волокна или снасти — crafts; форму, состояние, длину, упаковку и назначение хранить как вариант.",safe_with_context,low,,,candidate
data/normalized_source_tables/material_entities/material_entities.csv:OMI00402,Сетчатый мешок для улова,new,include,,logical_necessity,data/normalized_source_tables/material_entities/material_entities.csv#OMI00402,B,1180–1260,Великий Новгород и Новгородская земля; центр модели — около 1230 года,include_d39,passed,No denylist stem matched the archive name.,unique,Reviewed semantic roots [мешок сетчат улов] and family_key [fish_keep_net]; no object identity collapsed after ignoring state/size/container/use modifiers.,"B: reconstruction/category/context evidence; basis logical_necessity, not direct item attestation.",safe_with_explicit_context,medium,,,candidate
data/normalized_source_tables/material_entities/material_entities.csv:OMI00403,Малая грузовая сетка лодки,new,include,,logical_necessity,data/normalized_source_tables/material_entities/material_entities.csv#OMI00403,B,1180–1260,Великий Новгород и Новгородская земля; центр модели — около 1230 года,include_d39,passed,No denylist stem matched the archive name.,unique,Reviewed semantic roots [грузов лодк сетк] and family_key [boat_gear_net]; no object identity collapsed after ignoring state/size/container/use modifiers.,"B: reconstruction/category/context evidence; basis logical_necessity, not direct item attestation.",safe_with_explicit_context,medium,,,candidate
data/normalized_source_tables/material_entities/material_entities.csv:OMI00404,Верёвочная петля невода,variant,include,crafts-tools-processes/craft_processes/process_products.csv#pr:fishing_net,sourced,category-level evidence (category_form_material_process_or_context): data/normalized_source_tables/material_entities/material_entities.csv#OMI00404,A,1180–1260,Великий Новгород и Новгородская земля; центр модели — около 1230 года,include_d39,passed,No denylist stem matched the archive name.,variant_target,"Владелец текстильного материала, волокна или снасти — crafts; форму, состояние, длину, упаковку и назначение хранить как вариант. Reuses existing crafts owner crafts-tools-processes/craft_processes/process_products.csv#pr:fishing_net.","A: category-level evidence (category_form_material_process_or_context). Владелец текстильного материала, волокна или снасти — crafts; форму, состояние, длину, упаковку и назначение хранить как вариант.",safe_with_context,low,,,candidate
data/normalized_source_tables/material_entities/material_entities.csv:OMI00405,Тяговой конец невода,new,include,,sourced,category-level evidence (category_form_material_process_or_context): data/normalized_source_tables/material_entities/material_entities.csv#OMI00405,A,1180–1260,Великий Новгород и Новгородская земля; центр модели — около 1230 года,include_d39,passed,No denylist stem matched the archive name.,unique,Reviewed semantic roots [конец невод тягов] and family_key [seine_haul_rope]; no object identity collapsed after ignoring state/size/container/use modifiers.,A: category-level evidence (category_form_material_process_or_context).,safe_with_context,low,,,candidate
data/normalized_source_tables/material_entities/material_entities.csv:OMI00406,Короткий отрезок перемётной основы,new,include,,sourced,category-level evidence (category_form_material_process_or_context): data/normalized_source_tables/material_entities/material_entities.csv#OMI00406,A,1180–1260,Великий Новгород и Новгородская земля; центр модели — около 1230 года,include_d39,passed,No denylist stem matched the archive name.,unique,Reviewed semantic roots [коротк основ переметн] and family_key [longline_mainline]; no object identity collapsed after ignoring state/size/container/use modifiers.,A: category-level evidence (category_form_material_process_or_context).,safe_with_context,low,,,candidate
data/normalized_source_tables/material_entities/material_entities.csv:OMI00407,Поводки перемёта без крючков,new,include,,sourced,category-level evidence (category_form_material_process_or_context): data/normalized_source_tables/material_entities/material_entities.csv#OMI00407,A,1180–1260,Великий Новгород и Новгородская земля; центр модели — около 1230 года,include_d39,passed,No denylist stem matched the archive name.,unique,Reviewed semantic roots [крючков перемет поводк] and family_key [longline_snoods]; no object identity collapsed after ignoring state/size/container/use modifiers.,A: category-level evidence (category_form_material_process_or_context).,safe_with_context,low,,,candidate
data/normalized_source_tables/material_entities/material_entities.csv:OMI00409,Обрывок ловчей сети,variant,include,crafts-tools-processes/craft_processes/process_products.csv#pr:fishing_net,logical_necessity,data/normalized_source_tables/material_entities/material_entities.csv#OMI00409,B,1180–1260,Великий Новгород и Новгородская земля; центр модели — около 1230 года,include_d39,passed,No denylist stem matched the archive name.,variant_target,"Владелец текстильного материала, волокна или снасти — crafts; форму, состояние, длину, упаковку и назначение хранить как вариант. Reuses existing crafts owner crafts-tools-processes/craft_processes/process_products.csv#pr:fishing_net.","B: reconstruction/category/context evidence; basis logical_necessity, not direct item attestation. Владелец текстильного материала, волокна или снасти — crafts; форму, состояние, длину, упаковку и назначение хранить как вариант.",safe_with_explicit_context,medium,,,candidate
data/normalized_source_tables/material_entities/material_entities.csv:OMI00410,"Сухая сеть, свернутая в бухту",variant,include,crafts-tools-processes/craft_processes/process_products.csv#pr:fishing_net,sourced,category-level evidence (category_form_material_process_or_context): data/normalized_source_tables/material_entities/material_entities.csv#OMI00410,A,1180–1260,Великий Новгород и Новгородская земля; центр модели — около 1230 года,include_d39,passed,No denylist stem matched the archive name.,variant_target,"Владелец текстильного материала, волокна или снасти — crafts; форму, состояние, длину, упаковку и назначение хранить как вариант. Reuses existing crafts owner crafts-tools-processes/craft_processes/process_products.csv#pr:fishing_net.","A: category-level evidence (category_form_material_process_or_context). Владелец текстильного материала, волокна или снасти — crafts; форму, состояние, длину, упаковку и назначение хранить как вариант.",safe_with_context,low,,,candidate
data/normalized_source_tables/material_entities/material_entities.csv:OMI00411,Мокрая сеть после лова,variant,include,crafts-tools-processes/craft_processes/process_products.csv#pr:fishing_net,sourced,category-level evidence (category_form_material_process_or_context): data/normalized_source_tables/material_entities/material_entities.csv#OMI00411,A,1180–1260,Великий Новгород и Новгородская земля; центр модели — около 1230 года,include_d39,passed,No denylist stem matched the archive name.,variant_target,"Владелец текстильного материала, волокна или снасти — crafts; форму, состояние, длину, упаковку и назначение хранить как вариант. Reuses existing crafts owner crafts-tools-processes/craft_processes/process_products.csv#pr:fishing_net.","A: category-level evidence (category_form_material_process_or_context). Владелец текстильного материала, волокна или снасти — crafts; форму, состояние, длину, упаковку и назначение хранить как вариант.",safe_with_context,low,,,candidate
data/normalized_source_tables/material_entities/material_entities.csv:OMI00412,Сетные узлы и обрезки после ремонта,new,include,,sourced,category-level evidence (category_form_material_process_or_context): data/normalized_source_tables/material_entities/material_entities.csv#OMI00412,A,1180–1260,Великий Новгород и Новгородская земля; центр модели — около 1230 года,include_d39,passed,No denylist stem matched the archive name.,unique,Reviewed semantic roots [обрезк ремонт сетн узл] and family_key [net_repair_waste]; no object identity collapsed after ignoring state/size/container/use modifiers.,A: category-level evidence (category_form_material_process_or_context).,safe_with_context,low,,,candidate
data/normalized_source_tables/material_entities/material_entities.csv:OMI00413,Свежая коровья шкура,variant,include,crafts-tools-processes/materials_registry/materials.csv#mt_hide_raw,logical_necessity,data/normalized_source_tables/material_entities/material_entities.csv#OMI00413,B,1180–1260,Великий Новгород и Новгородская земля; центр модели — около 1230 года,include_d39,passed,No denylist stem matched the archive name.,variant_target,Свежая коровья шкура — вид сырой шкуры; тип материала уже задан mt_hide_raw. Reuses existing crafts owner crafts-tools-processes/materials_registry/materials.csv#mt_hide_raw.,"B: reconstruction/category/context evidence; basis logical_necessity, not direct item attestation. Свежая коровья шкура — вид сырой шкуры; тип материала уже задан mt_hide_raw.",safe_with_explicit_context,medium,,,candidate
data/normalized_source_tables/material_entities/material_entities.csv:OMI00414,Свежая телячья шкура,variant,include,crafts-tools-processes/materials_registry/materials.csv#mt_hide_raw,logical_necessity,data/normalized_source_tables/material_entities/material_entities.csv#OMI00414,B,1180–1260,Великий Новгород и Новгородская земля; центр модели — около 1230 года,include_d39,passed,No denylist stem matched the archive name.,variant_target,Телячья шкура отличается видом и размером; сохраняется семейство сырой шкуры. Reuses existing crafts owner crafts-tools-processes/materials_registry/materials.csv#mt_hide_raw.,"B: reconstruction/category/context evidence; basis logical_necessity, not direct item attestation. Телячья шкура отличается видом и размером; сохраняется семейство сырой шкуры.",safe_with_explicit_context,medium,,,candidate
data/normalized_source_tables/material_entities/material_entities.csv:OMI00415,Свежая овечья шкура,variant,include,crafts-tools-processes/materials_registry/materials.csv#mt_sheepskin,logical_necessity,data/normalized_source_tables/material_entities/material_entities.csv#OMI00415,B,1180–1260,Великий Новгород и Новгородская земля; центр модели — около 1230 года,include_d39,passed,No denylist stem matched the archive name.,variant_target,Овечья шкура соответствует отдельному закреплённому семейству овчины mt_sheepskin. Reuses existing crafts owner crafts-tools-processes/materials_registry/materials.csv#mt_sheepskin.,"B: reconstruction/category/context evidence; basis logical_necessity, not direct item attestation. Овечья шкура соответствует отдельному закреплённому семейству овчины mt_sheepskin.",safe_with_explicit_context,medium,,,candidate
data/normalized_source_tables/material_entities/material_entities.csv:OMI00416,Свежая козья шкура,variant,include,crafts-tools-processes/materials_registry/materials.csv#mt_hide_raw,logical_necessity,data/normalized_source_tables/material_entities/material_entities.csv#OMI00416,B,1180–1260,Великий Новгород и Новгородская земля; центр модели — около 1230 года,include_d39,passed,No denylist stem matched the archive name.,variant_target,"Козья шкура — вид сырой шкуры, не отдельный материал-владелец. Reuses existing crafts owner crafts-tools-processes/materials_registry/materials.csv#mt_hide_raw.","B: reconstruction/category/context evidence; basis logical_necessity, not direct item attestation. Козья шкура — вид сырой шкуры, не отдельный материал-владелец.",safe_with_explicit_context,medium,,,candidate
data/normalized_source_tables/material_entities/material_entities.csv:OMI00417,Свежая свиная шкура,variant,include,crafts-tools-processes/materials_registry/materials.csv#mt_hide_raw,analogy,data/normalized_source_tables/material_entities/material_entities.csv#OMI00417,C,1180–1260,Великий Новгород и Новгородская земля; центр модели — около 1230 года,include_d39,passed,No denylist stem matched the archive name.,variant_target,"Свиная шкура — вид сырой шкуры, не отдельный материал-владелец. Reuses existing crafts owner crafts-tools-processes/materials_registry/materials.csv#mt_hide_raw.","Confidence C: analogue/hypothesis; basis analogy. Свиная шкура — вид сырой шкуры, не отдельный материал-владелец.",explicit_context_only,high,,,candidate
data/normalized_source_tables/material_entities/material_entities.csv:OMI00418,Свежая конская шкура,variant,include,crafts-tools-processes/materials_registry/materials.csv#mt_hide_raw,analogy,data/normalized_source_tables/material_entities/material_entities.csv#OMI00418,C,1180–1260,Великий Новгород и Новгородская земля; центр модели — около 1230 года,include_d39,passed,No denylist stem matched the archive name.,variant_target,Свежая конская шкура сохраняет species=horse и необработанное hide state; это не generic leather или дублёная кожа. Reuses existing crafts owner crafts-tools-processes/materials_registry/materials.csv#mt_hide_raw.,Confidence C: analogue/hypothesis; basis analogy. Свежая конская шкура сохраняет species=horse и необработанное hide state; это не generic leather или дублёная кожа.,explicit_context_only,high,,,candidate
data/normalized_source_tables/material_entities/material_entities.csv:OMI00419,Лосиная шкура после съёма,variant,include,crafts-tools-processes/materials_registry/materials.csv#mt_hide_raw,logical_necessity,data/normalized_source_tables/material_entities/material_entities.csv#OMI00419,B,1180–1260,Великий Новгород и Новгородская земля; центр модели — около 1230 года,include_d39,passed,No denylist stem matched the archive name.,variant_target,Лосиная шкура отличается видом животного и остаётся сырой шкурой. Reuses existing crafts owner crafts-tools-processes/materials_registry/materials.csv#mt_hide_raw.,"B: reconstruction/category/context evidence; basis logical_necessity, not direct item attestation. Лосиная шкура отличается видом животного и остаётся сырой шкурой.",safe_with_explicit_context,medium,,,candidate
data/normalized_source_tables/material_entities/material_entities.csv:OMI00420,Оленья шкура после съёма,variant,include,crafts-tools-processes/materials_registry/materials.csv#mt_hide_raw,logical_necessity,data/normalized_source_tables/material_entities/material_entities.csv#OMI00420,B,1180–1260,Великий Новгород и Новгородская земля; центр модели — около 1230 года,include_d39,passed,No denylist stem matched the archive name.,variant_target,Оленья шкура отличается видом животного и остаётся сырой шкурой. Reuses existing crafts owner crafts-tools-processes/materials_registry/materials.csv#mt_hide_raw.,"B: reconstruction/category/context evidence; basis logical_necessity, not direct item attestation. Оленья шкура отличается видом животного и остаётся сырой шкурой.",safe_with_explicit_context,medium,,,candidate
data/normalized_source_tables/material_entities/material_entities.csv:OMI00426,Выдровая шкура необработанная,variant,include,crafts-tools-processes/materials_registry/materials.csv#mt_hide_raw,logical_necessity,data/normalized_source_tables/material_entities/material_entities.csv#OMI00426,B,1180–1260,Великий Новгород и Новгородская земля; центр модели — около 1230 года,include_d39,passed,No denylist stem matched the archive name.,variant_target,Выдровая необработанная шкура — вид сырой шкуры; отдельный material owner не нужен. Reuses existing crafts owner crafts-tools-processes/materials_registry/materials.csv#mt_hide_raw.,"B: reconstruction/category/context evidence; basis logical_necessity, not direct item attestation. Выдровая необработанная шкура — вид сырой шкуры; отдельный material owner не нужен.",safe_with_explicit_context,medium,,,candidate
data/normalized_source_tables/material_entities/material_entities.csv:OMI00427,Волчья шкура необработанная,variant,include,crafts-tools-processes/materials_registry/materials.csv#mt_hide_raw,logical_necessity,data/normalized_source_tables/material_entities/material_entities.csv#OMI00427,B,1180–1260,Великий Новгород и Новгородская земля; центр модели — около 1230 года,include_d39,passed,No denylist stem matched the archive name.,variant_target,Волчья необработанная шкура — вид сырой шкуры; отдельный material owner не нужен. Reuses existing crafts owner crafts-tools-processes/materials_registry/materials.csv#mt_hide_raw.,"B: reconstruction/category/context evidence; basis logical_necessity, not direct item attestation. Волчья необработанная шкура — вид сырой шкуры; отдельный material owner не нужен.",safe_with_explicit_context,medium,,,candidate
data/normalized_source_tables/material_entities/material_entities.csv:OMI00429,Шкура с оставленными лапами и хвостом,variant,include,crafts-tools-processes/materials_registry/materials.csv#mt_hide_raw,logical_necessity,data/normalized_source_tables/material_entities/material_entities.csv#OMI00429,B,1180–1260,Великий Новгород и Новгородская земля; центр модели — около 1230 года,include_d39,passed,No denylist stem matched the archive name.,variant_target,"Сохранённые лапы и хвост задают форму промысловой шкуры, не новый материал. Reuses existing crafts owner crafts-tools-processes/materials_registry/materials.csv#mt_hide_raw.","B: reconstruction/category/context evidence; basis logical_necessity, not direct item attestation. Сохранённые лапы и хвост задают форму промысловой шкуры, не новый материал.",safe_with_explicit_context,medium,,,candidate
data/normalized_source_tables/material_entities/material_entities.csv:OMI00430,"Шкура, свернутая мездрой наружу",variant,include,crafts-tools-processes/materials_registry/materials.csv#mt_hide_raw,logical_necessity,data/normalized_source_tables/material_entities/material_entities.csv#OMI00430,B,1180–1260,Великий Новгород и Новгородская земля; центр модели — около 1230 года,add_variant,passed,No denylist stem matched the archive name.,variant_target,Сворачивание шкуры — состояние хранения и переноса сырья. Reuses existing crafts owner crafts-tools-processes/materials_registry/materials.csv#mt_hide_raw.,"B: reconstruction/category/context evidence; basis logical_necessity, not direct item attestation. Сворачивание шкуры — состояние хранения и переноса сырья.",safe_with_explicit_context,medium,,,candidate
data/normalized_source_tables/material_entities/material_entities.csv:OMI00431,"Шкура, растянутая на колышках",variant,include,crafts-tools-processes/materials_registry/materials.csv#mt_hide_raw,logical_necessity,data/normalized_source_tables/material_entities/material_entities.csv#OMI00431,B,1180–1260,Великий Новгород и Новгородская земля; центр модели — около 1230 года,include_d39,passed,No denylist stem matched the archive name.,variant_target,Растягивание на колышках — стадия подготовки сырой шкуры. Reuses existing crafts owner crafts-tools-processes/materials_registry/materials.csv#mt_hide_raw.,"B: reconstruction/category/context evidence; basis logical_necessity, not direct item attestation. Растягивание на колышках — стадия подготовки сырой шкуры.",safe_with_explicit_context,medium,,,candidate
data/normalized_source_tables/material_entities/material_entities.csv:OMI00432,Подсушенная необработанная шкура,variant,include,crafts-tools-processes/materials_registry/materials.csv#mt_hide_raw,logical_necessity,data/normalized_source_tables/material_entities/material_entities.csv#OMI00432,B,1180–1260,Великий Новгород и Новгородская земля; центр модели — около 1230 года,include_d39,passed,No denylist stem matched the archive name.,variant_target,"Подсушивание — состояние сырой шкуры, не самостоятельный материал. Reuses existing crafts owner crafts-tools-processes/materials_registry/materials.csv#mt_hide_raw.","B: reconstruction/category/context evidence; basis logical_necessity, not direct item attestation. Подсушивание — состояние сырой шкуры, не самостоятельный материал.",safe_with_explicit_context,medium,,,candidate
data/normalized_source_tables/material_entities/material_entities.csv:OMI00433,Просоленная шкура,variant,include,crafts-tools-processes/materials_registry/materials.csv#mt_hide_raw,analogy,data/normalized_source_tables/material_entities/material_entities.csv#OMI00433,C,1180–1260,Великий Новгород и Новгородская земля; центр модели — около 1230 года,include_d39,passed,No denylist stem matched the archive name.,variant_target,Просаливание — состояние сохранения сырой шкуры. Reuses existing crafts owner crafts-tools-processes/materials_registry/materials.csv#mt_hide_raw.,Confidence C: analogue/hypothesis; basis analogy. Просаливание — состояние сохранения сырой шкуры.,explicit_context_only,high,,,candidate
data/normalized_source_tables/material_entities/material_entities.csv:OMI00434,Отмоченная шкура,variant,include,crafts-tools-processes/materials_registry/materials.csv#mt_hide_raw,logical_necessity,data/normalized_source_tables/material_entities/material_entities.csv#OMI00434,B,1180–1260,Великий Новгород и Новгородская земля; центр модели — около 1230 года,include_d39,passed,No denylist stem matched the archive name.,variant_target,Отмачивание возвращает влажность сырью; новый владелец не нужен. Reuses existing crafts owner crafts-tools-processes/materials_registry/materials.csv#mt_hide_raw.,"B: reconstruction/category/context evidence; basis logical_necessity, not direct item attestation. Отмачивание возвращает влажность сырью; новый владелец не нужен.",safe_with_explicit_context,medium,,,candidate
data/normalized_source_tables/material_entities/material_entities.csv:OMI00435,Обезволошенная шкура,variant,include,crafts-tools-processes/materials_registry/materials.csv#mt_hide_raw,logical_necessity,data/normalized_source_tables/material_entities/material_entities.csv#OMI00435,B,1180–1260,Великий Новгород и Новгородская земля; центр модели — около 1230 года,include_d39,passed,No denylist stem matched the archive name.,variant_target,Обезволошивание — стадия выделки той же шкуры. Reuses existing crafts owner crafts-tools-processes/materials_registry/materials.csv#mt_hide_raw.,"B: reconstruction/category/context evidence; basis logical_necessity, not direct item attestation. Обезволошивание — стадия выделки той же шкуры.",safe_with_explicit_context,medium,,,candidate
data/normalized_source_tables/material_entities/material_entities.csv:OMI00436,Шкура с частично снятой шерстью,variant,include,crafts-tools-processes/materials_registry/materials.csv#mt_hide_raw,logical_necessity,data/normalized_source_tables/material_entities/material_entities.csv#OMI00436,B,1180–1260,Великий Новгород и Новгородская земля; центр модели — около 1230 года,include_d39,passed,No denylist stem matched the archive name.,variant_target,Частичное снятие шерсти — промежуточное состояние выделки. Reuses existing crafts owner crafts-tools-processes/materials_registry/materials.csv#mt_hide_raw.,"B: reconstruction/category/context evidence; basis logical_necessity, not direct item attestation. Частичное снятие шерсти — промежуточное состояние выделки.",safe_with_explicit_context,medium,,,candidate
data/normalized_source_tables/material_entities/material_entities.csv:OMI00437,Шкура после мездрения,variant,include,crafts-tools-processes/materials_registry/materials.csv#mt_hide_raw,logical_necessity,data/normalized_source_tables/material_entities/material_entities.csv#OMI00437,B,1180–1260,Великий Новгород и Новгородская земля; центр модели — около 1230 года,include_d39,passed,No denylist stem matched the archive name.,variant_target,Мездрение — стадия обработки сырой шкуры. Reuses existing crafts owner crafts-tools-processes/materials_registry/materials.csv#mt_hide_raw.,"B: reconstruction/category/context evidence; basis logical_necessity, not direct item attestation. Мездрение — стадия обработки сырой шкуры.",safe_with_explicit_context,medium,,,candidate
data/normalized_source_tables/material_entities/material_entities.csv:OMI00438,Полоса сырой мездры,new,include,,sourced,category-level evidence (category_form_material_process_or_context): data/normalized_source_tables/material_entities/material_entities.csv#OMI00438,A,1180–1260,Великий Новгород и Новгородская земля; центр модели — около 1230 года,include_d39,passed,No denylist stem matched the archive name.,unique,Reviewed semantic roots [мездр полос] and family_key [hide_fleshings]; no object identity collapsed after ignoring state/size/container/use modifiers.,A: category-level evidence (category_form_material_process_or_context).,safe_with_context,low,,,candidate
data/normalized_source_tables/material_entities/material_entities.csv:OMI00439,Комки жира и мездры,new,include,,sourced,category-level evidence (category_form_material_process_or_context): data/normalized_source_tables/material_entities/material_entities.csv#OMI00439,A,1180–1260,Великий Новгород и Новгородская земля; центр модели — около 1230 года,include_d39,passed,No denylist stem matched the archive name.,unique,Reviewed semantic roots [жир комк мездр] and family_key [flesh_fat_waste]; no object identity collapsed after ignoring state/size/container/use modifiers.,A: category-level evidence (category_form_material_process_or_context).,safe_with_context,low,,,candidate
data/normalized_source_tables/material_entities/material_entities.csv:OMI00440,Соскобленная шерсть со шкуры,new,include,,logical_necessity,data/normalized_source_tables/material_entities/material_entities.csv#OMI00440,B,1180–1260,Великий Новгород и Новгородская земля; центр модели — около 1230 года,include_d39,passed,No denylist stem matched the archive name.,unique,Reviewed semantic roots [соскобленн шерсть шкур] and family_key [removed_hide_hair]; no object identity collapsed after ignoring state/size/container/use modifiers.,"B: reconstruction/category/context evidence; basis logical_necessity, not direct item attestation.",safe_with_explicit_context,medium,,,candidate
data/normalized_source_tables/material_entities/material_entities.csv:OMI00441,Вода после отмачивания шкур,new,include,,logical_necessity,data/normalized_source_tables/material_entities/material_entities.csv#OMI00441,B,1180–1260,Великий Новгород и Новгородская земля; центр модели — около 1230 года,include_d39,passed,No denylist stem matched the archive name.,unique,Reviewed semantic roots [вод отмачивани шкур] and family_key [hide_soak_liquid]; no object identity collapsed after ignoring state/size/container/use modifiers.,"B: reconstruction/category/context evidence; basis logical_necessity, not direct item attestation.",safe_with_explicit_context,medium,,,candidate
data/normalized_source_tables/material_entities/material_entities.csv:OMI00442,Ил и волос из кожевенной ямы,new,include,,logical_necessity,data/normalized_source_tables/material_entities/material_entities.csv#OMI00442,B,1180–1260,Великий Новгород и Новгородская земля; центр модели — около 1230 года,include_d39,passed,No denylist stem matched the archive name.,unique,Reviewed semantic roots [волос кожевенн] and family_key [tannery_pit_residue]; no object identity collapsed after ignoring state/size/container/use modifiers.,"B: reconstruction/category/context evidence; basis logical_necessity, not direct item attestation.",safe_with_explicit_context,medium,,,candidate
data/normalized_source_tables/material_entities/material_entities.csv:OMI00443,Целая выделанная кожа крупного животного,variant,include,crafts-tools-processes/materials_registry/materials.csv#mt_leather_veg,sourced,category-level evidence (category_form_material_process_or_context): data/normalized_source_tables/material_entities/material_entities.csv#OMI00443,A,1180–1260,Великий Новгород и Новгородская земля; центр модели — около 1230 года,add_variant,passed,No denylist stem matched the archive name.,variant_target,Reuses existing crafts owner crafts-tools-processes/materials_registry/materials.csv#mt_leather_veg.,A: category-level evidence (category_form_material_process_or_context).,safe_with_context,low,,,candidate
data/normalized_source_tables/material_entities/material_entities.csv:OMI00444,Полукожа крупного животного,variant,include,crafts-tools-processes/materials_registry/materials.csv#mt_leather_veg,sourced,category-level evidence (category_form_material_process_or_context): data/normalized_source_tables/material_entities/material_entities.csv#OMI00444,A,1180–1260,Великий Новгород и Новгородская земля; центр модели — около 1230 года,add_variant,passed,No denylist stem matched the archive name.,variant_target,Reuses existing crafts owner crafts-tools-processes/materials_registry/materials.csv#mt_leather_veg.,A: category-level evidence (category_form_material_process_or_context).,safe_with_context,low,,,candidate
data/normalized_source_tables/material_entities/material_entities.csv:OMI00445,Четверть выделанной шкуры,variant,include,crafts-tools-processes/materials_registry/materials.csv#mt_leather_veg,sourced,category-level evidence (category_form_material_process_or_context): data/normalized_source_tables/material_entities/material_entities.csv#OMI00445,A,1180–1260,Великий Новгород и Новгородская земля; центр модели — около 1230 года,add_variant,passed,No denylist stem matched the archive name.,variant_target,Reuses existing crafts owner crafts-tools-processes/materials_registry/materials.csv#mt_leather_veg.,A: category-level evidence (category_form_material_process_or_context).,safe_with_context,low,,,candidate
data/normalized_source_tables/material_entities/material_entities.csv:OMI00446,Толстая плотная кожа,variant,include,crafts-tools-processes/materials_registry/materials.csv#mt_leather_veg,sourced,category-level evidence (category_form_material_process_or_context): data/normalized_source_tables/material_entities/material_entities.csv#OMI00446,A,1180–1260,Великий Новгород и Новгородская земля; центр модели — около 1230 года,add_variant,passed,No denylist stem matched the archive name.,variant_target,Reuses existing crafts owner crafts-tools-processes/materials_registry/materials.csv#mt_leather_veg.,A: category-level evidence (category_form_material_process_or_context).,safe_with_context,low,,,candidate
data/normalized_source_tables/material_entities/material_entities.csv:OMI00447,Тонкая мягкая кожа,variant,include,crafts-tools-processes/materials_registry/materials.csv#mt_leather_veg,sourced,category-level evidence (category_form_material_process_or_context): data/normalized_source_tables/material_entities/material_entities.csv#OMI00447,A,1180–1260,Великий Новгород и Новгородская земля; центр модели — около 1230 года,add_variant,passed,No denylist stem matched the archive name.,variant_target,Reuses existing crafts owner crafts-tools-processes/materials_registry/materials.csv#mt_leather_veg.,A: category-level evidence (category_form_material_process_or_context).,safe_with_context,low,,,candidate
data/normalized_source_tables/material_entities/material_entities.csv:OMI00448,Кожа средней толщины,variant,include,crafts-tools-processes/materials_registry/materials.csv#mt_leather_veg,sourced,category-level evidence (category_form_material_process_or_context): data/normalized_source_tables/material_entities/material_entities.csv#OMI00448,A,1180–1260,Великий Новгород и Новгородская земля; центр модели — около 1230 года,add_variant,passed,No denylist stem matched the archive name.,variant_target,Reuses existing crafts owner crafts-tools-processes/materials_registry/materials.csv#mt_leather_veg.,A: category-level evidence (category_form_material_process_or_context).,safe_with_context,low,,,candidate
data/normalized_source_tables/material_entities/material_entities.csv:OMI00449,Подошвенная кожа,variant,include,crafts-tools-processes/materials_registry/materials.csv#mt_leather_veg,sourced,category-level evidence (category_form_material_process_or_context): data/normalized_source_tables/material_entities/material_entities.csv#OMI00449,A,1180–1260,Великий Новгород и Новгородская земля; центр модели — около 1230 года,add_variant,passed,No denylist stem matched the archive name.,variant_target,Reuses existing crafts owner crafts-tools-processes/materials_registry/materials.csv#mt_leather_veg.,A: category-level evidence (category_form_material_process_or_context).,safe_with_context,low,,,candidate
data/normalized_source_tables/material_entities/material_entities.csv:OMI00450,Кожа для верха обуви,variant,include,crafts-tools-processes/materials_registry/materials.csv#mt_leather_veg,sourced,category-level evidence (category_form_material_process_or_context): data/normalized_source_tables/material_entities/material_entities.csv#OMI00450,A,1180–1260,Великий Новгород и Новгородская земля; центр модели — около 1230 года,add_variant,passed,No denylist stem matched the archive name.,variant_target,Reuses existing crafts owner crafts-tools-processes/materials_registry/materials.csv#mt_leather_veg.,A: category-level evidence (category_form_material_process_or_context).,safe_with_context,low,,,candidate
data/normalized_source_tables/material_entities/material_entities.csv:OMI00452,Кожа для ремней и упряжи,variant,include,crafts-tools-processes/materials_registry/materials.csv#mt_leather_veg,sourced,category-level evidence (category_form_material_process_or_context): data/normalized_source_tables/material_entities/material_entities.csv#OMI00452,A,1180–1260,Великий Новгород и Новгородская земля; центр модели — около 1230 года,add_variant,passed,No denylist stem matched the archive name.,variant_target,Reuses existing crafts owner crafts-tools-processes/materials_registry/materials.csv#mt_leather_veg.,A: category-level evidence (category_form_material_process_or_context).,safe_with_context,low,,,candidate
data/normalized_source_tables/material_entities/material_entities.csv:OMI00453,Кожа для ножен и чехлов,variant,include,crafts-tools-processes/materials_registry/materials.csv#mt_leather_veg,sourced,category-level evidence (category_form_material_process_or_context): data/normalized_source_tables/material_entities/material_entities.csv#OMI00453,A,1180–1260,Великий Новгород и Новгородская земля; центр модели — около 1230 года,add_variant,passed,No denylist stem matched the archive name.,variant_target,Reuses existing crafts owner crafts-tools-processes/materials_registry/materials.csv#mt_leather_veg.,A: category-level evidence (category_form_material_process_or_context).,safe_with_context,low,,,candidate
data/normalized_source_tables/material_entities/material_entities.csv:OMI00454,Тонкая кожа для переплёта,variant,include,crafts-tools-processes/materials_registry/materials.csv#mt_leather_veg,logical_necessity,data/normalized_source_tables/material_entities/material_entities.csv#OMI00454,B,1180–1260,Великий Новгород и Новгородская земля; центр модели — около 1230 года,add_variant,passed,No denylist stem matched the archive name.,variant_target,Reuses existing crafts owner crafts-tools-processes/materials_registry/materials.csv#mt_leather_veg.,"B: reconstruction/category/context evidence; basis logical_necessity, not direct item attestation.",safe_with_explicit_context,medium,,,candidate
data/normalized_source_tables/material_entities/material_entities.csv:OMI00455,Выделанная телячья кожа,variant,include,crafts-tools-processes/materials_registry/materials.csv#mt_leather_veg,logical_necessity,data/normalized_source_tables/material_entities/material_entities.csv#OMI00455,B,1180–1260,Великий Новгород и Новгородская земля; центр модели — около 1230 года,add_variant,passed,No denylist stem matched the archive name.,variant_target,Reuses existing crafts owner crafts-tools-processes/materials_registry/materials.csv#mt_leather_veg.,"B: reconstruction/category/context evidence; basis logical_necessity, not direct item attestation.",safe_with_explicit_context,medium,,,candidate
data/normalized_source_tables/material_entities/material_entities.csv:OMI00456,Выделанная овечья кожа,variant,include,crafts-tools-processes/materials_registry/materials.csv#mt_leather_veg,logical_necessity,data/normalized_source_tables/material_entities/material_entities.csv#OMI00456,B,1180–1260,Великий Новгород и Новгородская земля; центр модели — около 1230 года,add_variant,passed,No denylist stem matched the archive name.,variant_target,Reuses existing crafts owner crafts-tools-processes/materials_registry/materials.csv#mt_leather_veg.,"B: reconstruction/category/context evidence; basis logical_necessity, not direct item attestation.",safe_with_explicit_context,medium,,,candidate
data/normalized_source_tables/material_entities/material_entities.csv:OMI00457,Выделанная козья кожа,variant,include,crafts-tools-processes/materials_registry/materials.csv#mt_leather_veg,logical_necessity,data/normalized_source_tables/material_entities/material_entities.csv#OMI00457,B,1180–1260,Великий Новгород и Новгородская земля; центр модели — около 1230 года,add_variant,passed,No denylist stem matched the archive name.,variant_target,Reuses existing crafts owner crafts-tools-processes/materials_registry/materials.csv#mt_leather_veg.,"B: reconstruction/category/context evidence; basis logical_necessity, not direct item attestation.",safe_with_explicit_context,medium,,,candidate
data/normalized_source_tables/material_entities/material_entities.csv:OMI00458,Выделанная лосиная кожа,variant,include,crafts-tools-processes/materials_registry/materials.csv#mt_leather_veg,logical_necessity,data/normalized_source_tables/material_entities/material_entities.csv#OMI00458,B,1180–1260,Великий Новгород и Новгородская земля; центр модели — около 1230 года,add_variant,passed,No denylist stem matched the archive name.,variant_target,Reuses existing crafts owner crafts-tools-processes/materials_registry/materials.csv#mt_leather_veg.,"B: reconstruction/category/context evidence; basis logical_necessity, not direct item attestation.",safe_with_explicit_context,medium,,,candidate
data/normalized_source_tables/material_entities/material_entities.csv:OMI00460,Размоченный кусок сыромяти,variant,include,crafts-tools-processes/materials_registry/materials.csv#mt_rawhide,logical_necessity,data/normalized_source_tables/material_entities/material_entities.csv#OMI00460,B,1180–1260,Великий Новгород и Новгородская земля; центр модели — около 1230 года,add_variant,passed,No denylist stem matched the archive name.,variant_target,Размоченный кусок сыромяти — стадия уже существующей сыромяти. Reuses existing crafts owner crafts-tools-processes/materials_registry/materials.csv#mt_rawhide.,"B: reconstruction/category/context evidence; basis logical_necessity, not direct item attestation. Размоченный кусок сыромяти — стадия уже существующей сыромяти.",safe_with_explicit_context,medium,,,candidate
data/normalized_source_tables/material_entities/material_entities.csv:OMI00461,Дымлёная мягкая кожа,variant,include,crafts-tools-processes/materials_registry/materials.csv#mt_leather_veg,analogy,data/normalized_source_tables/material_entities/material_entities.csv#OMI00461,C,1180–1260,Великий Новгород и Новгородская земля; центр модели — около 1230 года,add_variant,passed,No denylist stem matched the archive name.,variant_target,Reuses existing crafts owner crafts-tools-processes/materials_registry/materials.csv#mt_leather_veg.,Confidence C: analogue/hypothesis; basis analogy.,explicit_context_only,high,,,candidate
data/normalized_source_tables/material_entities/material_entities.csv:OMI00462,Промасленная кожа,variant,include,crafts-tools-processes/materials_registry/materials.csv#mt_leather_veg,logical_necessity,data/normalized_source_tables/material_entities/material_entities.csv#OMI00462,B,1180–1260,Великий Новгород и Новгородская земля; центр модели — около 1230 года,add_variant,passed,No denylist stem matched the archive name.,variant_target,Reuses existing crafts owner crafts-tools-processes/materials_registry/materials.csv#mt_leather_veg.,"B: reconstruction/category/context evidence; basis logical_necessity, not direct item attestation.",safe_with_explicit_context,medium,,,candidate
data/normalized_source_tables/material_entities/material_entities.csv:OMI00463,Навощённая кожа,variant,include,crafts-tools-processes/materials_registry/materials.csv#mt_leather_veg,logical_necessity,data/normalized_source_tables/material_entities/material_entities.csv#OMI00463,B,1180–1260,Великий Новгород и Новгородская земля; центр модели — около 1230 года,add_variant,passed,No denylist stem matched the archive name.,variant_target,Reuses existing crafts owner crafts-tools-processes/materials_registry/materials.csv#mt_leather_veg.,"B: reconstruction/category/context evidence; basis logical_necessity, not direct item attestation.",safe_with_explicit_context,medium,,,candidate
data/normalized_source_tables/material_entities/material_entities.csv:OMI00464,Кожа с окрашенной поверхностью,variant,include,crafts-tools-processes/materials_registry/materials.csv#mt_leather_veg,analogy,data/normalized_source_tables/material_entities/material_entities.csv#OMI00464,C,1180–1260,Великий Новгород и Новгородская земля; центр модели — около 1230 года,add_variant,passed,No denylist stem matched the archive name.,variant_target,Reuses existing crafts owner crafts-tools-processes/materials_registry/materials.csv#mt_leather_veg.,Confidence C: analogue/hypothesis; basis analogy.,explicit_context_only,high,,,candidate
data/normalized_source_tables/material_entities/material_entities.csv:OMI00465,Свёрнутая выделанная кожа,variant,include,crafts-tools-processes/materials_registry/materials.csv#mt_leather_veg,sourced,category-level evidence (category_form_material_process_or_context): data/normalized_source_tables/material_entities/material_entities.csv#OMI00465,A,1180–1260,Великий Новгород и Новгородская земля; центр модели — около 1230 года,add_variant,passed,No denylist stem matched the archive name.,variant_target,Reuses existing crafts owner crafts-tools-processes/materials_registry/materials.csv#mt_leather_veg.,A: category-level evidence (category_form_material_process_or_context).,safe_with_context,low,,,candidate
data/normalized_source_tables/material_entities/material_entities.csv:OMI00466,Кипа небольших кож,variant,include,crafts-tools-processes/materials_registry/materials.csv#mt_leather_veg,sourced,category-level evidence (category_form_material_process_or_context): data/normalized_source_tables/material_entities/material_entities.csv#OMI00466,A,1180–1260,Великий Новгород и Новгородская земля; центр модели — около 1230 года,add_variant,passed,No denylist stem matched the archive name.,variant_target,Reuses existing crafts owner crafts-tools-processes/materials_registry/materials.csv#mt_leather_veg.,A: category-level evidence (category_form_material_process_or_context).,safe_with_context,low,,,candidate
data/normalized_source_tables/material_entities/material_entities.csv:OMI00467,Сложенный кусок толстой кожи,variant,include,crafts-tools-processes/materials_registry/materials.csv#mt_leather_veg,sourced,category-level evidence (category_form_material_process_or_context): data/normalized_source_tables/material_entities/material_entities.csv#OMI00467,A,1180–1260,Великий Новгород и Новгородская земля; центр модели — около 1230 года,add_variant,passed,No denylist stem matched the archive name.,variant_target,Reuses existing crafts owner crafts-tools-processes/materials_registry/materials.csv#mt_leather_veg.,A: category-level evidence (category_form_material_process_or_context).,safe_with_context,low,,,candidate
data/normalized_source_tables/material_entities/material_entities.csv:OMI00468,Влажная кожа после размягчения,variant,include,crafts-tools-processes/materials_registry/materials.csv#mt_leather_veg,sourced,category-level evidence (category_form_material_process_or_context): data/normalized_source_tables/material_entities/material_entities.csv#OMI00468,A,1180–1260,Великий Новгород и Новгородская земля; центр модели — около 1230 года,add_variant,passed,No denylist stem matched the archive name.,variant_target,Reuses existing crafts owner crafts-tools-processes/materials_registry/materials.csv#mt_leather_veg.,A: category-level evidence (category_form_material_process_or_context).,safe_with_context,low,,,candidate
data/normalized_source_tables/material_entities/material_entities.csv:OMI00469,Пересохшая жёсткая кожа,variant,include,crafts-tools-processes/materials_registry/materials.csv#mt_leather_veg,logical_necessity,data/normalized_source_tables/material_entities/material_entities.csv#OMI00469,B,1180–1260,Великий Новгород и Новгородская земля; центр модели — около 1230 года,add_variant,passed,No denylist stem matched the archive name.,variant_target,Reuses existing crafts owner crafts-tools-processes/materials_registry/materials.csv#mt_leather_veg.,"B: reconstruction/category/context evidence; basis logical_necessity, not direct item attestation.",safe_with_explicit_context,medium,,,candidate
data/normalized_source_tables/material_entities/material_entities.csv:OMI00470,Кожа с естественным рубцом,variant,include,crafts-tools-processes/materials_registry/materials.csv#mt_leather_veg,logical_necessity,data/normalized_source_tables/material_entities/material_entities.csv#OMI00470,B,1180–1260,Великий Новгород и Новгородская земля; центр модели — около 1230 года,add_variant,passed,No denylist stem matched the archive name.,variant_target,Reuses existing crafts owner crafts-tools-processes/materials_registry/materials.csv#mt_leather_veg.,"B: reconstruction/category/context evidence; basis logical_necessity, not direct item attestation.",safe_with_explicit_context,medium,,,candidate
data/normalized_source_tables/material_entities/material_entities.csv:OMI00471,Край шкуры с неровной толщиной,variant,include,crafts-tools-processes/materials_registry/materials.csv#mt_leather_veg,sourced,category-level evidence (category_form_material_process_or_context): data/normalized_source_tables/material_entities/material_entities.csv#OMI00471,A,1180–1260,Великий Новгород и Новгородская земля; центр модели — около 1230 года,add_variant,passed,No denylist stem matched the archive name.,variant_target,Reuses existing crafts owner crafts-tools-processes/materials_registry/materials.csv#mt_leather_veg.,A: category-level evidence (category_form_material_process_or_context).,safe_with_context,low,,,candidate
data/normalized_source_tables/material_entities/material_entities.csv:OMI00472,Брюшная часть выделанной кожи,variant,include,crafts-tools-processes/materials_registry/materials.csv#mt_leather_veg,sourced,category-level evidence (category_form_material_process_or_context): data/normalized_source_tables/material_entities/material_entities.csv#OMI00472,A,1180–1260,Великий Новгород и Новгородская земля; центр модели — около 1230 года,add_variant,passed,No denylist stem matched the archive name.,variant_target,Reuses existing crafts owner crafts-tools-processes/materials_registry/materials.csv#mt_leather_veg.,A: category-level evidence (category_form_material_process_or_context).,safe_with_context,low,,,candidate
data/normalized_source_tables/material_entities/material_entities.csv:OMI00473,Шейная часть выделанной кожи,variant,include,crafts-tools-processes/materials_registry/materials.csv#mt_leather_veg,sourced,category-level evidence (category_form_material_process_or_context): data/normalized_source_tables/material_entities/material_entities.csv#OMI00473,A,1180–1260,Великий Новгород и Новгородская земля; центр модели — около 1230 года,add_variant,passed,No denylist stem matched the archive name.,variant_target,Reuses existing crafts owner crafts-tools-processes/materials_registry/materials.csv#mt_leather_veg.,A: category-level evidence (category_form_material_process_or_context).,safe_with_context,low,,,candidate
data/normalized_source_tables/material_entities/material_entities.csv:OMI00474,Полоса кожи вдоль хребта,variant,include,crafts-tools-processes/materials_registry/materials.csv#mt_leather_veg,sourced,category-level evidence (category_form_material_process_or_context): data/normalized_source_tables/material_entities/material_entities.csv#OMI00474,A,1180–1260,Великий Новгород и Новгородская земля; центр модели — около 1230 года,add_variant,passed,No denylist stem matched the archive name.,variant_target,Reuses existing crafts owner crafts-tools-processes/materials_registry/materials.csv#mt_leather_veg.,A: category-level evidence (category_form_material_process_or_context).,safe_with_context,low,,,candidate
data/normalized_source_tables/material_entities/material_entities.csv:OMI00519,Выделанная меховая шкурка,variant,include,crafts-tools-processes/materials_registry/materials.csv#mt_fur,logical_necessity,data/normalized_source_tables/material_entities/material_entities.csv#OMI00519,B,1180–1260,Великий Новгород и Новгородская земля; центр модели — около 1230 года,add_variant,passed,No denylist stem matched the archive name.,variant_target,Reuses existing crafts owner crafts-tools-processes/materials_registry/materials.csv#mt_fur.,"B: reconstruction/category/context evidence; basis logical_necessity, not direct item attestation.",safe_with_explicit_context,medium,,,candidate
data/normalized_source_tables/material_entities/material_entities.csv:OMI00520,"Меховая шкурка, сложенная мехом внутрь",variant,include,crafts-tools-processes/materials_registry/materials.csv#mt_fur,logical_necessity,data/normalized_source_tables/material_entities/material_entities.csv#OMI00520,B,1180–1260,Великий Новгород и Новгородская земля; центр модели — около 1230 года,add_variant,passed,No denylist stem matched the archive name.,variant_target,Reuses existing crafts owner crafts-tools-processes/materials_registry/materials.csv#mt_fur.,"B: reconstruction/category/context evidence; basis logical_necessity, not direct item attestation.",safe_with_explicit_context,medium,,,candidate
data/normalized_source_tables/material_entities/material_entities.csv:OMI00522,Стопка отсортированных шкурок,variant,include,crafts-tools-processes/materials_registry/materials.csv#mt_fur,sourced,category-level evidence (category_form_material_process_or_context): data/normalized_source_tables/material_entities/material_entities.csv#OMI00522,A,1180–1260,Великий Новгород и Новгородская земля; центр модели — около 1230 года,add_variant,passed,No denylist stem matched the archive name.,variant_target,Reuses existing crafts owner crafts-tools-processes/materials_registry/materials.csv#mt_fur.,A: category-level evidence (category_form_material_process_or_context).,safe_with_context,low,,,candidate
data/normalized_source_tables/material_entities/material_entities.csv:OMI00523,Шкурка с подрезанными краями,variant,include,crafts-tools-processes/materials_registry/materials.csv#mt_fur,logical_necessity,data/normalized_source_tables/material_entities/material_entities.csv#OMI00523,B,1180–1260,Великий Новгород и Новгородская земля; центр модели — около 1230 года,add_variant,passed,No denylist stem matched the archive name.,variant_target,Reuses existing crafts owner crafts-tools-processes/materials_registry/materials.csv#mt_fur.,"B: reconstruction/category/context evidence; basis logical_necessity, not direct item attestation.",safe_with_explicit_context,medium,,,candidate
data/normalized_source_tables/material_entities/material_entities.csv:OMI00524,Меховая пластина из сшитых шкурок,variant,include,crafts-tools-processes/materials_registry/materials.csv#mt_fur,logical_necessity,data/normalized_source_tables/material_entities/material_entities.csv#OMI00524,B,1180–1260,Великий Новгород и Новгородская земля; центр модели — около 1230 года,add_variant,passed,No denylist stem matched the archive name.,variant_target,Reuses existing crafts owner crafts-tools-processes/materials_registry/materials.csv#mt_fur.,"B: reconstruction/category/context evidence; basis logical_necessity, not direct item attestation.",safe_with_explicit_context,medium,,,candidate
data/normalized_source_tables/material_entities/material_entities.csv:OMI00525,Узкая меховая опушка,variant,include,crafts-tools-processes/materials_registry/materials.csv#mt_fur,logical_necessity,data/normalized_source_tables/material_entities/material_entities.csv#OMI00525,B,1180–1260,Великий Новгород и Новгородская земля; центр модели — около 1230 года,add_variant,passed,No denylist stem matched the archive name.,variant_target,Reuses existing crafts owner crafts-tools-processes/materials_registry/materials.csv#mt_fur.,"B: reconstruction/category/context evidence; basis logical_necessity, not direct item attestation.",safe_with_explicit_context,medium,,,candidate
data/normalized_source_tables/material_entities/material_entities.csv:OMI00526,Меховая подкладочная деталь,variant,include,crafts-tools-processes/materials_registry/materials.csv#mt_fur,logical_necessity,data/normalized_source_tables/material_entities/material_entities.csv#OMI00526,B,1180–1260,Великий Новгород и Новгородская земля; центр модели — около 1230 года,add_variant,passed,No denylist stem matched the archive name.,variant_target,Reuses existing crafts owner crafts-tools-processes/materials_registry/materials.csv#mt_fur.,"B: reconstruction/category/context evidence; basis logical_necessity, not direct item attestation.",safe_with_explicit_context,medium,,,candidate
data/normalized_source_tables/material_entities/material_entities.csv:OMI00527,Меховая заплата,variant,include,crafts-tools-processes/materials_registry/materials.csv#mt_fur,logical_necessity,data/normalized_source_tables/material_entities/material_entities.csv#OMI00527,B,1180–1260,Великий Новгород и Новгородская земля; центр модели — около 1230 года,add_variant,passed,No denylist stem matched the archive name.,variant_target,Reuses existing crafts owner crafts-tools-processes/materials_registry/materials.csv#mt_fur.,"B: reconstruction/category/context evidence; basis logical_necessity, not direct item attestation.",safe_with_explicit_context,medium,,,candidate
data/normalized_source_tables/material_entities/material_entities.csv:OMI00528,Кусок овчины мехом внутрь,variant,include,crafts-tools-processes/materials_registry/materials.csv#mt_sheepskin,logical_necessity,data/normalized_source_tables/material_entities/material_entities.csv#OMI00528,B,1180–1260,Великий Новгород и Новгородская земля; центр модели — около 1230 года,add_variant,passed,No denylist stem matched the archive name.,variant_target,Reuses existing crafts owner crafts-tools-processes/materials_registry/materials.csv#mt_sheepskin.,"B: reconstruction/category/context evidence; basis logical_necessity, not direct item attestation.",safe_with_explicit_context,medium,,,candidate
data/normalized_source_tables/material_entities/material_entities.csv:OMI00529,Кусок грубого меха для подстилки,variant,include,crafts-tools-processes/materials_registry/materials.csv#mt_fur,logical_necessity,data/normalized_source_tables/material_entities/material_entities.csv#OMI00529,B,1180–1260,Великий Новгород и Новгородская земля; центр модели — около 1230 года,add_variant,passed,No denylist stem matched the archive name.,variant_target,Reuses existing crafts owner crafts-tools-processes/materials_registry/materials.csv#mt_fur.,"B: reconstruction/category/context evidence; basis logical_necessity, not direct item attestation.",safe_with_explicit_context,medium,,,candidate
data/normalized_source_tables/material_entities/material_entities.csv:OMI00530,Меховой обрезок крупный,variant,include,crafts-tools-processes/materials_registry/materials.csv#mt_fur,sourced,category-level evidence (category_form_material_process_or_context): data/normalized_source_tables/material_entities/material_entities.csv#OMI00530,A,1180–1260,Великий Новгород и Новгородская земля; центр модели — около 1230 года,add_variant,passed,No denylist stem matched the archive name.,variant_target,Reuses existing crafts owner crafts-tools-processes/materials_registry/materials.csv#mt_fur.,A: category-level evidence (category_form_material_process_or_context).,safe_with_context,low,,,candidate
data/normalized_source_tables/material_entities/material_entities.csv:OMI00531,Меховой обрезок мелкий,variant,include,crafts-tools-processes/materials_registry/materials.csv#mt_fur,sourced,category-level evidence (category_form_material_process_or_context): data/normalized_source_tables/material_entities/material_entities.csv#OMI00531,A,1180–1260,Великий Новгород и Новгородская земля; центр модели — около 1230 года,add_variant,passed,No denylist stem matched the archive name.,variant_target,Reuses existing crafts owner crafts-tools-processes/materials_registry/materials.csv#mt_fur.,A: category-level evidence (category_form_material_process_or_context).,safe_with_context,low,,,candidate
data/normalized_source_tables/material_entities/material_entities.csv:OMI00532,Полоса меховой брюшины,variant,include,crafts-tools-processes/materials_registry/materials.csv#mt_fur,logical_necessity,data/normalized_source_tables/material_entities/material_entities.csv#OMI00532,B,1180–1260,Великий Новгород и Новгородская земля; центр модели — около 1230 года,add_variant,passed,No denylist stem matched the archive name.,variant_target,Reuses existing crafts owner crafts-tools-processes/materials_registry/materials.csv#mt_fur.,"B: reconstruction/category/context evidence; basis logical_necessity, not direct item attestation.",safe_with_explicit_context,medium,,,candidate
data/normalized_source_tables/material_entities/material_entities.csv:OMI00533,Отрезанный хвост пушного зверя,variant,include,crafts-tools-processes/materials_registry/materials.csv#mt_fur,logical_necessity,data/normalized_source_tables/material_entities/material_entities.csv#OMI00533,B,1180–1260,Великий Новгород и Новгородская земля; центр модели — около 1230 года,add_variant,passed,No denylist stem matched the archive name.,variant_target,Reuses existing crafts owner crafts-tools-processes/materials_registry/materials.csv#mt_fur.,"B: reconstruction/category/context evidence; basis logical_necessity, not direct item attestation.",safe_with_explicit_context,medium,,,candidate
data/normalized_source_tables/material_entities/material_entities.csv:OMI00534,Отрезанные лапки пушного зверя,variant,include,crafts-tools-processes/materials_registry/materials.csv#mt_fur,logical_necessity,data/normalized_source_tables/material_entities/material_entities.csv#OMI00534,B,1180–1260,Великий Новгород и Новгородская земля; центр модели — около 1230 года,add_variant,passed,No denylist stem matched the archive name.,variant_target,Reuses existing crafts owner crafts-tools-processes/materials_registry/materials.csv#mt_fur.,"B: reconstruction/category/context evidence; basis logical_necessity, not direct item attestation.",safe_with_explicit_context,medium,,,candidate
data/normalized_source_tables/material_entities/material_entities.csv:OMI00535,Клочки меха после раскроя,variant,include,crafts-tools-processes/materials_registry/materials.csv#mt_fur,sourced,category-level evidence (category_form_material_process_or_context): data/normalized_source_tables/material_entities/material_entities.csv#OMI00535,A,1180–1260,Великий Новгород и Новгородская земля; центр модели — около 1230 года,add_variant,passed,No denylist stem matched the archive name.,variant_target,Reuses existing crafts owner crafts-tools-processes/materials_registry/materials.csv#mt_fur.,A: category-level evidence (category_form_material_process_or_context).,safe_with_context,low,,,candidate
data/normalized_source_tables/material_entities/material_entities.csv:OMI00536,Срезанная шерсть с меховой детали,variant,include,crafts-tools-processes/materials_registry/materials.csv#mt_fur,logical_necessity,data/normalized_source_tables/material_entities/material_entities.csv#OMI00536,B,1180–1260,Великий Новгород и Новгородская земля; центр модели — около 1230 года,add_variant,passed,No denylist stem matched the archive name.,variant_target,Reuses existing crafts owner crafts-tools-processes/materials_registry/materials.csv#mt_fur.,"B: reconstruction/category/context evidence; basis logical_necessity, not direct item attestation.",safe_with_explicit_context,medium,,,candidate
data/normalized_source_tables/material_entities/material_entities.csv:OMI00537,"Старая меховая подкладка, снятая с вещи",variant,include,crafts-tools-processes/materials_registry/materials.csv#mt_fur,logical_necessity,data/normalized_source_tables/material_entities/material_entities.csv#OMI00537,B,1180–1260,Великий Новгород и Новгородская земля; центр модели — около 1230 года,add_variant,passed,No denylist stem matched the archive name.,variant_target,Reuses existing crafts owner crafts-tools-processes/materials_registry/materials.csv#mt_fur.,"B: reconstruction/category/context evidence; basis logical_necessity, not direct item attestation.",safe_with_explicit_context,medium,,,candidate
data/normalized_source_tables/material_entities/material_entities.csv:OMI00538,Истлевшая меховая шкурка,variant,include,crafts-tools-processes/materials_registry/materials.csv#mt_fur,logical_necessity,data/normalized_source_tables/material_entities/material_entities.csv#OMI00538,B,1180–1260,Великий Новгород и Новгородская земля; центр модели — около 1230 года,add_variant,passed,No denylist stem matched the archive name.,variant_target,Reuses existing crafts owner crafts-tools-processes/materials_registry/materials.csv#mt_fur.,"B: reconstruction/category/context evidence; basis logical_necessity, not direct item attestation.",safe_with_explicit_context,medium,,,candidate
data/normalized_source_tables/material_entities/material_entities.csv:OMI00539,Меховая пыль и волос,variant,include,crafts-tools-processes/materials_registry/materials.csv#mt_fur,logical_necessity,data/normalized_source_tables/material_entities/material_entities.csv#OMI00539,B,1180–1260,Великий Новгород и Новгородская земля; центр модели — около 1230 года,add_variant,passed,No denylist stem matched the archive name.,variant_target,Reuses existing crafts owner crafts-tools-processes/materials_registry/materials.csv#mt_fur.,"B: reconstruction/category/context evidence; basis logical_necessity, not direct item attestation.",safe_with_explicit_context,medium,,,candidate
data/normalized_source_tables/material_entities/material_entities.csv:OMI00540,Сухожилие крупного животного,variant,include,crafts-tools-processes/materials_registry/materials.csv#mt_sinew_gut,logical_necessity,data/normalized_source_tables/material_entities/material_entities.csv#OMI00540,B,1180–1260,Великий Новгород и Новгородская земля; центр модели — около 1230 года,add_variant,passed,No denylist stem matched the archive name.,variant_target,Reuses existing crafts owner crafts-tools-processes/materials_registry/materials.csv#mt_sinew_gut.,"B: reconstruction/category/context evidence; basis logical_necessity, not direct item attestation.",safe_with_explicit_context,medium,,,candidate
data/normalized_source_tables/material_entities/material_entities.csv:OMI00541,Очищенное сухожилие,variant,include,crafts-tools-processes/materials_registry/materials.csv#mt_sinew_gut,logical_necessity,data/normalized_source_tables/material_entities/material_entities.csv#OMI00541,B,1180–1260,Великий Новгород и Новгородская земля; центр модели — около 1230 года,add_variant,passed,No denylist stem matched the archive name.,variant_target,Reuses existing crafts owner crafts-tools-processes/materials_registry/materials.csv#mt_sinew_gut.,"B: reconstruction/category/context evidence; basis logical_necessity, not direct item attestation.",safe_with_explicit_context,medium,,,candidate
data/normalized_source_tables/material_entities/material_entities.csv:OMI00542,Расщеплённые сухожильные волокна,variant,include,crafts-tools-processes/materials_registry/materials.csv#mt_sinew_gut,logical_necessity,data/normalized_source_tables/material_entities/material_entities.csv#OMI00542,B,1180–1260,Великий Новгород и Новгородская земля; центр модели — около 1230 года,add_variant,passed,No denylist stem matched the archive name.,variant_target,Reuses existing crafts owner crafts-tools-processes/materials_registry/materials.csv#mt_sinew_gut.,"B: reconstruction/category/context evidence; basis logical_necessity, not direct item attestation.",safe_with_explicit_context,medium,,,candidate
data/normalized_source_tables/material_entities/material_entities.csv:OMI00543,Сухожильная нить,variant,include,crafts-tools-processes/materials_registry/materials.csv#mt_sinew_gut,logical_necessity,data/normalized_source_tables/material_entities/material_entities.csv#OMI00543,B,1180–1260,Великий Новгород и Новгородская земля; центр модели — около 1230 года,include_d39,passed,No denylist stem matched the archive name.,variant_target,Sinew thread is a worked form of existing sinew material. Reuses existing crafts owner crafts-tools-processes/materials_registry/materials.csv#mt_sinew_gut.,"B: reconstruction/category/context evidence; basis logical_necessity, not direct item attestation.",safe_with_explicit_context,medium,,,candidate
data/normalized_source_tables/material_entities/material_entities.csv:OMI00544,Пучок сухожильных нитей,variant,include,crafts-tools-processes/materials_registry/materials.csv#mt_sinew_gut,logical_necessity,data/normalized_source_tables/material_entities/material_entities.csv#OMI00544,B,1180–1260,Великий Новгород и Новгородская земля; центр модели — около 1230 года,include_d39,passed,No denylist stem matched the archive name.,variant_target,Bundle/quantity of sinew thread; reuse sinew material. Reuses existing crafts owner crafts-tools-processes/materials_registry/materials.csv#mt_sinew_gut.,"B: reconstruction/category/context evidence; basis logical_necessity, not direct item attestation.",safe_with_explicit_context,medium,,,candidate
data/normalized_source_tables/material_entities/material_entities.csv:OMI00545,Короткий обрезок сухожильной нити,variant,include,crafts-tools-processes/materials_registry/materials.csv#mt_sinew_gut,logical_necessity,data/normalized_source_tables/material_entities/material_entities.csv#OMI00545,B,1180–1260,Великий Новгород и Новгородская земля; центр модели — около 1230 года,include_d39,passed,No denylist stem matched the archive name.,variant_target,Обрезок сухожильной нити состоит из животного коллагенового волокна; он не льняная или конопляная пряжа и сохраняет отдельный материал/family. Reuses existing crafts owner crafts-tools-processes/materials_registry/materials.csv#mt_sinew_gut.,"B: reconstruction/category/context evidence; basis logical_necessity, not direct item attestation. Обрезок сухожильной нити состоит из животного коллагенового волокна; он не льняная или конопляная пряжа и сохраняет отдельный материал/family.",safe_with_explicit_context,medium,,,candidate
data/normalized_source_tables/material_entities/material_entities.csv:OMI00546,Сухая кишка животного,variant,include,crafts-tools-processes/materials_registry/materials.csv#mt_sinew_gut,analogy,data/normalized_source_tables/material_entities/material_entities.csv#OMI00546,C,1180–1260,Великий Новгород и Новгородская земля; центр модели — около 1230 года,add_variant,passed,No denylist stem matched the archive name.,variant_target,Reuses existing crafts owner crafts-tools-processes/materials_registry/materials.csv#mt_sinew_gut.,Confidence C: analogue/hypothesis; basis analogy.,explicit_context_only,high,,,candidate
data/normalized_source_tables/material_entities/material_entities.csv:OMI00547,Скрученная кишечная струна,variant,include,crafts-tools-processes/materials_registry/materials.csv#mt_sinew_gut,analogy,data/normalized_source_tables/material_entities/material_entities.csv#OMI00547,C,1180–1260,Великий Новгород и Новгородская земля; центр модели — около 1230 года,include_d39,passed,No denylist stem matched the archive name.,variant_target,Скрученная кишечная струна — форма и состояние жилы/кишечной струны. Reuses existing crafts owner crafts-tools-processes/materials_registry/materials.csv#mt_sinew_gut.,Confidence C: analogue/hypothesis; basis analogy. Скрученная кишечная струна — форма и состояние жилы/кишечной струны.,explicit_context_only,high,,,candidate
data/normalized_source_tables/material_entities/material_entities.csv:OMI00548,Кишечная оболочка для пищевого изделия,new,routed,,analogy,data/normalized_source_tables/material_entities/material_entities.csv#OMI00548,C,1180–1260,Великий Новгород и Новгородская земля; центр модели — около 1230 года,include_d39,passed,No denylist stem matched the archive name.,unique,Kind owner routed to food-drink.,Confidence C: analogue/hypothesis; basis analogy. Kind owner routed to food-drink.,explicit_context_only,high,food-drink,,routed
data/normalized_source_tables/material_entities/material_entities.csv:OMI00549,Высушенный мочевой пузырь животного,variant,include,crafts-tools-processes/materials_registry/materials.csv#mt_sinew_gut,analogy,data/normalized_source_tables/material_entities/material_entities.csv#OMI00549,C,1180–1260,Великий Новгород и Новгородская земля; центр модели — около 1230 года,add_variant,passed,No denylist stem matched the archive name.,variant_target,Reuses existing crafts owner crafts-tools-processes/materials_registry/materials.csv#mt_sinew_gut.,Confidence C: analogue/hypothesis; basis analogy.,explicit_context_only,high,,,candidate
data/normalized_source_tables/material_entities/material_entities.csv:OMI00550,Тонкая животная мембрана,variant,include,crafts-tools-processes/materials_registry/materials.csv#mt_sinew_gut,analogy,data/normalized_source_tables/material_entities/material_entities.csv#OMI00550,C,1180–1260,Великий Новгород и Новгородская земля; центр модели — около 1230 года,add_variant,passed,No denylist stem matched the archive name.,variant_target,Reuses existing crafts owner crafts-tools-processes/materials_registry/materials.csv#mt_sinew_gut.,Confidence C: analogue/hypothesis; basis analogy.,explicit_context_only,high,,,candidate
data/normalized_source_tables/material_entities/material_entities.csv:OMI00551,Кусок пергамента без текста,variant,include,crafts-tools-processes/materials_registry/materials.csv#mt_parchment,logical_necessity,data/normalized_source_tables/material_entities/material_entities.csv#OMI00551,B,1180–1260,Великий Новгород и Новгородская земля; центр модели — около 1230 года,add_variant,passed,No denylist stem matched the archive name.,variant_target,Reuses existing crafts owner crafts-tools-processes/materials_registry/materials.csv#mt_parchment.,"B: reconstruction/category/context evidence; basis logical_necessity, not direct item attestation.",safe_with_explicit_context,medium,,,candidate
data/normalized_source_tables/material_entities/material_entities.csv:OMI00552,Обрезок пергамента,new,include,,logical_necessity,data/normalized_source_tables/material_entities/material_entities.csv#OMI00552,B,1180–1260,Великий Новгород и Новгородская земля; центр модели — около 1230 года,include_d39,passed,No denylist stem matched the archive name.,unique,Reviewed semantic roots [обрезок пергамент] and family_key [parchment_offcut]; no object identity collapsed after ignoring state/size/container/use modifiers.,"B: reconstruction/category/context evidence; basis logical_necessity, not direct item attestation.",safe_with_explicit_context,medium,,,candidate
data/normalized_source_tables/material_entities/material_entities.csv:OMI00553,Пергаментная стружка и обрезки,new,include,,logical_necessity,data/normalized_source_tables/material_entities/material_entities.csv#OMI00553,B,1180–1260,Великий Новгород и Новгородская земля; центр модели — около 1230 года,include_d39,passed,No denylist stem matched the archive name.,unique,Reviewed semantic roots [обрезк пергаментн стружк] and family_key [parchment_scraps]; no object identity collapsed after ignoring state/size/container/use modifiers.,"B: reconstruction/category/context evidence; basis logical_necessity, not direct item attestation.",safe_with_explicit_context,medium,,,candidate
data/normalized_source_tables/material_entities/material_entities.csv:OMI00554,Кожаная стружка после строгания,new,include,,sourced,category-level evidence (category_form_material_process_or_context): data/normalized_source_tables/material_entities/material_entities.csv#OMI00554,A,1180–1260,Великий Новгород и Новгородская земля; центр модели — около 1230 года,include_d39,passed,No denylist stem matched the archive name.,unique,Reviewed semantic roots [кожан строгани стружк] and family_key [leather_shavings]; no object identity collapsed after ignoring state/size/container/use modifiers.,A: category-level evidence (category_form_material_process_or_context).,safe_with_context,low,,,candidate
data/normalized_source_tables/material_entities/material_entities.csv:OMI00555,Длинный кожаный обрезок,variant,include,crafts-tools-processes/materials_registry/material_entities.csv#n1230:material_item:crf0025,sourced,category-level evidence (category_form_material_process_or_context): data/normalized_source_tables/material_entities/material_entities.csv#OMI00555,A,1180–1260,Великий Новгород и Новгородская земля; центр модели — около 1230 года,include_d39,passed,No denylist stem matched the archive name.,variant_target,Длинный кожаный обрезок — вариант существующего владельца сапожных обрезков. Reuses existing crafts owner crafts-tools-processes/materials_registry/material_entities.csv#n1230:material_item:crf0025.,A: category-level evidence (category_form_material_process_or_context). Длинный кожаный обрезок — вариант существующего владельца сапожных обрезков.,safe_with_context,low,,,candidate
data/normalized_source_tables/material_entities/material_entities.csv:OMI00556,Широкий кожаный обрезок,variant,include,crafts-tools-processes/materials_registry/material_entities.csv#n1230:material_item:crf0025,sourced,category-level evidence (category_form_material_process_or_context): data/normalized_source_tables/material_entities/material_entities.csv#OMI00556,A,1180–1260,Великий Новгород и Новгородская земля; центр модели — около 1230 года,include_d39,passed,No denylist stem matched the archive name.,variant_target,Широкий кожаный обрезок — вариант существующего владельца сапожных обрезков. Reuses existing crafts owner crafts-tools-processes/materials_registry/material_entities.csv#n1230:material_item:crf0025.,A: category-level evidence (category_form_material_process_or_context). Широкий кожаный обрезок — вариант существующего владельца сапожных обрезков.,safe_with_context,low,,,candidate
data/normalized_source_tables/material_entities/material_entities.csv:OMI00557,Мелкие кожаные обрезки,variant,include,crafts-tools-processes/materials_registry/material_entities.csv#n1230:material_item:crf0025,sourced,category-level evidence (category_form_material_process_or_context): data/normalized_source_tables/material_entities/material_entities.csv#OMI00557,A,1180–1260,Великий Новгород и Новгородская земля; центр модели — около 1230 года,include_d39,passed,No denylist stem matched the archive name.,variant_target,Мелкие кожаные обрезки — состояние/размер существующего класса сапожных обрезков. Reuses existing crafts owner crafts-tools-processes/materials_registry/material_entities.csv#n1230:material_item:crf0025.,A: category-level evidence (category_form_material_process_or_context). Мелкие кожаные обрезки — состояние/размер существующего класса сапожных обрезков.,safe_with_context,low,,,candidate
data/normalized_source_tables/material_entities/material_entities.csv:OMI00558,"Кожаный кружок, выбитый пробойником",new,include,,sourced,category-level evidence (category_form_material_process_or_context): data/normalized_source_tables/material_entities/material_entities.csv#OMI00558,A,1180–1260,Великий Новгород и Новгородская земля; центр модели — около 1230 года,include_d39,passed,No denylist stem matched the archive name.,unique,Reviewed semantic roots [выбит кожан кружок пробойник] and family_key [leather_punching_disc]; no object identity collapsed after ignoring state/size/container/use modifiers.,A: category-level evidence (category_form_material_process_or_context).,safe_with_context,low,,,candidate
data/normalized_source_tables/material_entities/material_entities.csv:OMI00559,Полоска кожи с рядом пробоин,new,include,,sourced,category-level evidence (category_form_material_process_or_context): data/normalized_source_tables/material_entities/material_entities.csv#OMI00559,A,1180–1260,Великий Новгород и Новгородская земля; центр модели — около 1230 года,include_d39,passed,No denylist stem matched the archive name.,unique,Reviewed semantic roots [кож полоск пробоин ряд] and family_key [perforated_leather_strip]; no object identity collapsed after ignoring state/size/container/use modifiers.,A: category-level evidence (category_form_material_process_or_context).,safe_with_context,low,,,candidate
data/normalized_source_tables/material_entities/material_entities.csv:OMI00560,Кожаный фрагмент со швом,variant,include,crafts-tools-processes/materials_registry/material_entities.csv#n1230:material_item:crf0025,sourced,category-level evidence (category_form_material_process_or_context): data/normalized_source_tables/material_entities/material_entities.csv#OMI00560,A,1180–1260,Великий Новгород и Новгородская земля; центр модели — около 1230 года,include_d39,passed,No denylist stem matched the archive name.,variant_target,"Фрагмент со швом остаётся фрагментом кожаной детали/обрезком, уже охваченным CRF0025. Reuses existing crafts owner crafts-tools-processes/materials_registry/material_entities.csv#n1230:material_item:crf0025.","A: category-level evidence (category_form_material_process_or_context). Фрагмент со швом остаётся фрагментом кожаной детали/обрезком, уже охваченным CRF0025.",safe_with_context,low,,,candidate
data/normalized_source_tables/material_entities/material_entities.csv:OMI00561,Кожаный фрагмент с ремонтным швом,variant,include,crafts-tools-processes/materials_registry/material_entities.csv#n1230:material_item:crf0025,sourced,category-level evidence (category_form_material_process_or_context): data/normalized_source_tables/material_entities/material_entities.csv#OMI00561,A,1180–1260,Великий Новгород и Новгородская земля; центр модели — около 1230 года,include_d39,passed,No denylist stem matched the archive name.,variant_target,Фрагмент с ремонтным швом — состояние повторно использованного кожаного обрезка. Reuses existing crafts owner crafts-tools-processes/materials_registry/material_entities.csv#n1230:material_item:crf0025.,A: category-level evidence (category_form_material_process_or_context). Фрагмент с ремонтным швом — состояние повторно использованного кожаного обрезка.,safe_with_context,low,,,candidate
data/normalized_source_tables/material_entities/material_entities.csv:OMI00562,Обрывок кожаного ремня с отверстием,new,include,,sourced,category-level evidence (category_form_material_process_or_context): data/normalized_source_tables/material_entities/material_entities.csv#OMI00562,A,1180–1260,Великий Новгород и Новгородская земля; центр модели — около 1230 года,include_d39,passed,No denylist stem matched the archive name.,unique,Reviewed semantic roots [кожан обрывок отверсти ремн] and family_key [broken_leather_strap]; no object identity collapsed after ignoring state/size/container/use modifiers.,A: category-level evidence (category_form_material_process_or_context).,safe_with_context,low,,,candidate
data/normalized_source_tables/material_entities/material_entities.csv:OMI00563,Изношенный ременной конец,new,include,,sourced,category-level evidence (category_form_material_process_or_context): data/normalized_source_tables/material_entities/material_entities.csv#OMI00563,A,1180–1260,Великий Новгород и Новгородская земля; центр модели — около 1230 года,include_d39,passed,No denylist stem matched the archive name.,unique,Reviewed semantic roots [изношенн конец ременн] and family_key [worn_strap_end]; no object identity collapsed after ignoring state/size/container/use modifiers.,A: category-level evidence (category_form_material_process_or_context).,safe_with_context,low,,,candidate
data/normalized_source_tables/material_entities/material_entities.csv:OMI00564,Кожаная пыль и мелкая крошка,new,include,,logical_necessity,data/normalized_source_tables/material_entities/material_entities.csv#OMI00564,B,1180–1260,Великий Новгород и Новгородская земля; центр модели — около 1230 года,include_d39,passed,No denylist stem matched the archive name.,unique,Reviewed semantic roots [кожан крошк пыль] and family_key [leather_dust]; no object identity collapsed after ignoring state/size/container/use modifiers.,"B: reconstruction/category/context evidence; basis logical_necessity, not direct item attestation.",safe_with_explicit_context,medium,,,candidate
data/normalized_source_tables/material_entities/material_entities.csv:OMI00565,Сгнивший кусок кожи,variant,include,crafts-tools-processes/materials_registry/materials.csv#mt_leather_veg,sourced,category-level evidence (category_form_material_process_or_context): data/normalized_source_tables/material_entities/material_entities.csv#OMI00565,A,1180–1260,Великий Новгород и Новгородская земля; центр модели — около 1230 года,include_d39,passed,No denylist stem matched the archive name.,variant_target,Гниение — состояние обработанной кожи; материал сохраняет семейство выделанной кожи. Reuses existing crafts owner crafts-tools-processes/materials_registry/materials.csv#mt_leather_veg.,A: category-level evidence (category_form_material_process_or_context). Гниение — состояние обработанной кожи; материал сохраняет семейство выделанной кожи.,safe_with_context,low,,,candidate
data/normalized_source_tables/material_entities/material_entities.csv:OMI00566,Обугленный фрагмент кожи,variant,include,crafts-tools-processes/materials_registry/materials.csv#mt_leather_veg,logical_necessity,data/normalized_source_tables/material_entities/material_entities.csv#OMI00566,B,1180–1260,Великий Новгород и Новгородская земля; центр модели — около 1230 года,include_d39,passed,No denylist stem matched the archive name.,variant_target,"Обугливание — состояние фрагмента выделанной кожи, не отдельное сырьё. Reuses existing crafts owner crafts-tools-processes/materials_registry/materials.csv#mt_leather_veg.","B: reconstruction/category/context evidence; basis logical_necessity, not direct item attestation. Обугливание — состояние фрагмента выделанной кожи, не отдельное сырьё.",safe_with_explicit_context,medium,,,candidate
data/normalized_source_tables/material_entities/material_entities.csv:OMI00567,Комок спутанных кожаных обрезков,variant,include,crafts-tools-processes/materials_registry/material_entities.csv#n1230:material_item:crf0025,sourced,category-level evidence (category_form_material_process_or_context): data/normalized_source_tables/material_entities/material_entities.csv#OMI00567,A,1180–1260,Великий Новгород и Новгородская земля; центр модели — около 1230 года,include_d39,passed,No denylist stem matched the archive name.,variant_target,Комок спутанных кожаных обрезков относится к уже существующему кожевенному/сапожному отходу CRF0025. Reuses existing crafts owner crafts-tools-processes/materials_registry/material_entities.csv#n1230:material_item:crf0025.,A: category-level evidence (category_form_material_process_or_context). Комок спутанных кожаных обрезков относится к уже существующему кожевенному/сапожному отходу CRF0025.,safe_with_context,low,,,candidate
data/normalized_source_tables/material_entities/material_entities.csv:OMI00568,"Старая кожа, снятая с деревянной детали",new,include,,logical_necessity,data/normalized_source_tables/material_entities/material_entities.csv#OMI00568,B,1180–1260,Великий Новгород и Новгородская земля; центр модели — около 1230 года,include_d39,passed,No denylist stem matched the archive name.,unique,Reviewed semantic roots [деревянн детал кож снят стар] and family_key [removed_leather_cover]; no object identity collapsed after ignoring state/size/container/use modifiers.,"B: reconstruction/category/context evidence; basis logical_necessity, not direct item attestation.",safe_with_explicit_context,medium,,,candidate
data/normalized_source_tables/material_entities/material_entities.csv:OMI00569,Кусок железной крицы после первичного обжатия,variant,include,crafts-tools-processes/materials_registry/materials.csv#mt_bloom_iron,sourced,category-level evidence (category_form_material_process_or_context): data/normalized_source_tables/material_entities/material_entities.csv#OMI00569,A,1180–1260,Великий Новгород и Новгородская земля; центр модели — около 1230 года,add_variant,passed,No denylist stem matched the archive name.,variant_target,Reuses existing crafts owner crafts-tools-processes/materials_registry/materials.csv#mt_bloom_iron.,A: category-level evidence (category_form_material_process_or_context).,safe_with_context,low,,,candidate
data/normalized_source_tables/material_entities/material_entities.csv:OMI00570,Разрубленная часть крицы,variant,include,crafts-tools-processes/materials_registry/materials.csv#mt_bloom_iron,sourced,category-level evidence (category_form_material_process_or_context): data/normalized_source_tables/material_entities/material_entities.csv#OMI00570,A,1180–1260,Великий Новгород и Новгородская земля; центр модели — около 1230 года,add_variant,passed,No denylist stem matched the archive name.,variant_target,Reuses existing crafts owner crafts-tools-processes/materials_registry/materials.csv#mt_bloom_iron.,A: category-level evidence (category_form_material_process_or_context).,safe_with_context,low,,,candidate
data/normalized_source_tables/material_entities/material_entities.csv:OMI00571,Неочищенная крица со шлаковыми включениями,variant,include,crafts-tools-processes/materials_registry/materials.csv#mt_bloom_iron,sourced,category-level evidence (category_form_material_process_or_context): data/normalized_source_tables/material_entities/material_entities.csv#OMI00571,A,1180–1260,Великий Новгород и Новгородская земля; центр модели — около 1230 года,add_variant,passed,No denylist stem matched the archive name.,variant_target,Reuses existing crafts owner crafts-tools-processes/materials_registry/materials.csv#mt_bloom_iron.,A: category-level evidence (category_form_material_process_or_context).,safe_with_context,low,,,candidate
data/normalized_source_tables/material_entities/material_entities.csv:OMI00572,Плотно прокованная железная болванка,variant,include,crafts-tools-processes/materials_registry/materials.csv#mt_iron,sourced,category-level evidence (category_form_material_process_or_context): data/normalized_source_tables/material_entities/material_entities.csv#OMI00572,A,1180–1260,Великий Новгород и Новгородская земля; центр модели — около 1230 года,add_variant,passed,No denylist stem matched the archive name.,variant_target,Reuses existing crafts owner crafts-tools-processes/materials_registry/materials.csv#mt_iron.,A: category-level evidence (category_form_material_process_or_context).,safe_with_context,low,,,candidate
data/normalized_source_tables/material_entities/material_entities.csv:OMI00573,Короткий железный пруток-заготовка,variant,include,crafts-tools-processes/materials_registry/materials.csv#mt_iron,sourced,category-level evidence (category_form_material_process_or_context): data/normalized_source_tables/material_entities/material_entities.csv#OMI00573,A,1180–1260,Великий Новгород и Новгородская земля; центр модели — около 1230 года,add_variant,passed,No denylist stem matched the archive name.,variant_target,Reuses existing crafts owner crafts-tools-processes/materials_registry/materials.csv#mt_iron.,A: category-level evidence (category_form_material_process_or_context).,safe_with_context,low,,,candidate
data/normalized_source_tables/material_entities/material_entities.csv:OMI00574,Длинный железный пруток-заготовка,variant,include,crafts-tools-processes/materials_registry/materials.csv#mt_iron,sourced,category-level evidence (category_form_material_process_or_context): data/normalized_source_tables/material_entities/material_entities.csv#OMI00574,A,1180–1260,Великий Новгород и Новгородская земля; центр модели — около 1230 года,add_variant,passed,No denylist stem matched the archive name.,variant_target,Reuses existing crafts owner crafts-tools-processes/materials_registry/materials.csv#mt_iron.,A: category-level evidence (category_form_material_process_or_context).,safe_with_context,low,,,candidate
data/normalized_source_tables/material_entities/material_entities.csv:OMI00575,Квадратный в сечении железный пруток,variant,include,crafts-tools-processes/materials_registry/materials.csv#mt_iron,sourced,category-level evidence (category_form_material_process_or_context): data/normalized_source_tables/material_entities/material_entities.csv#OMI00575,A,1180–1260,Великий Новгород и Новгородская земля; центр модели — около 1230 года,add_variant,passed,No denylist stem matched the archive name.,variant_target,Reuses existing crafts owner crafts-tools-processes/materials_registry/materials.csv#mt_iron.,A: category-level evidence (category_form_material_process_or_context).,safe_with_context,low,,,candidate
data/normalized_source_tables/material_entities/material_entities.csv:OMI00576,Круглый в сечении железный пруток,variant,include,crafts-tools-processes/materials_registry/materials.csv#mt_iron,sourced,category-level evidence (category_form_material_process_or_context): data/normalized_source_tables/material_entities/material_entities.csv#OMI00576,A,1180–1260,Великий Новгород и Новгородская земля; центр модели — около 1230 года,add_variant,passed,No denylist stem matched the archive name.,variant_target,Reuses existing crafts owner crafts-tools-processes/materials_registry/materials.csv#mt_iron.,A: category-level evidence (category_form_material_process_or_context).,safe_with_context,low,,,candidate
data/normalized_source_tables/material_entities/material_entities.csv:OMI00577,Плоская железная полоса узкая,variant,include,crafts-tools-processes/materials_registry/materials.csv#mt_iron,sourced,category-level evidence (category_form_material_process_or_context): data/normalized_source_tables/material_entities/material_entities.csv#OMI00577,A,1180–1260,Великий Новгород и Новгородская земля; центр модели — около 1230 года,add_variant,passed,No denylist stem matched the archive name.,variant_target,Reuses existing crafts owner crafts-tools-processes/materials_registry/materials.csv#mt_iron.,A: category-level evidence (category_form_material_process_or_context).,safe_with_context,low,,,candidate
data/normalized_source_tables/material_entities/material_entities.csv:OMI00578,Плоская железная полоса широкая,variant,include,crafts-tools-processes/materials_registry/materials.csv#mt_iron,sourced,category-level evidence (category_form_material_process_or_context): data/normalized_source_tables/material_entities/material_entities.csv#OMI00578,A,1180–1260,Великий Новгород и Новгородская земля; центр модели — около 1230 года,add_variant,passed,No denylist stem matched the archive name.,variant_target,Reuses existing crafts owner crafts-tools-processes/materials_registry/materials.csv#mt_iron.,A: category-level evidence (category_form_material_process_or_context).,safe_with_context,low,,,candidate
data/normalized_source_tables/material_entities/material_entities.csv:OMI00579,Короткий обрубок железной полосы,variant,include,crafts-tools-processes/materials_registry/materials.csv#mt_iron,sourced,category-level evidence (category_form_material_process_or_context): data/normalized_source_tables/material_entities/material_entities.csv#OMI00579,A,1180–1260,Великий Новгород и Новгородская земля; центр модели — около 1230 года,include_d39,passed,No denylist stem matched the archive name.,variant_target,Iron strip offcut remains iron stock; reuse/state does not define a second iron material. Reuses existing crafts owner crafts-tools-processes/materials_registry/materials.csv#mt_iron.,A: category-level evidence (category_form_material_process_or_context). Iron strip offcut remains iron stock; reuse/state does not define a second iron material.,safe_with_context,low,,,candidate
data/normalized_source_tables/material_entities/material_entities.csv:OMI00580,Тонкая железная пластинка,variant,include,crafts-tools-processes/materials_registry/materials.csv#mt_iron,sourced,category-level evidence (category_form_material_process_or_context): data/normalized_source_tables/material_entities/material_entities.csv#OMI00580,A,1180–1260,Великий Новгород и Новгородская земля; центр модели — около 1230 года,add_variant,passed,No denylist stem matched the archive name.,variant_target,Reuses existing crafts owner crafts-tools-processes/materials_registry/materials.csv#mt_iron.,A: category-level evidence (category_form_material_process_or_context).,safe_with_context,low,,,candidate
data/normalized_source_tables/material_entities/material_entities.csv:OMI00581,Толстая железная пластина-заготовка,variant,include,crafts-tools-processes/materials_registry/materials.csv#mt_iron,sourced,category-level evidence (category_form_material_process_or_context): data/normalized_source_tables/material_entities/material_entities.csv#OMI00581,A,1180–1260,Великий Новгород и Новгородская земля; центр модели — около 1230 года,add_variant,passed,No denylist stem matched the archive name.,variant_target,Reuses existing crafts owner crafts-tools-processes/materials_registry/materials.csv#mt_iron.,A: category-level evidence (category_form_material_process_or_context).,safe_with_context,low,,,candidate
data/normalized_source_tables/material_entities/material_entities.csv:OMI00582,Железный клиновидный полуфабрикат,variant,include,crafts-tools-processes/materials_registry/materials.csv#mt_iron,sourced,category-level evidence (category_form_material_process_or_context): data/normalized_source_tables/material_entities/material_entities.csv#OMI00582,A,1180–1260,Великий Новгород и Новгородская земля; центр модели — около 1230 года,add_variant,passed,No denylist stem matched the archive name.,variant_target,Reuses existing crafts owner crafts-tools-processes/materials_registry/materials.csv#mt_iron.,A: category-level evidence (category_form_material_process_or_context).,safe_with_context,low,,,candidate
data/normalized_source_tables/material_entities/material_entities.csv:OMI00583,Железная заготовка с вытянутым хвостовиком,variant,include,crafts-tools-processes/materials_registry/materials.csv#mt_iron,sourced,category-level evidence (category_form_material_process_or_context): data/normalized_source_tables/material_entities/material_entities.csv#OMI00583,A,1180–1260,Великий Новгород и Новгородская земля; центр модели — около 1230 года,add_variant,passed,No denylist stem matched the archive name.,variant_target,Reuses existing crafts owner crafts-tools-processes/materials_registry/materials.csv#mt_iron.,A: category-level evidence (category_form_material_process_or_context).,safe_with_context,low,,,candidate
data/normalized_source_tables/material_entities/material_entities.csv:OMI00584,Железная заготовка с намеченной втулкой,variant,include,crafts-tools-processes/materials_registry/materials.csv#mt_iron,sourced,category-level evidence (category_form_material_process_or_context): data/normalized_source_tables/material_entities/material_entities.csv#OMI00584,A,1180–1260,Великий Новгород и Новгородская земля; центр модели — около 1230 года,add_variant,passed,No denylist stem matched the archive name.,variant_target,Reuses existing crafts owner crafts-tools-processes/materials_registry/materials.csv#mt_iron.,A: category-level evidence (category_form_material_process_or_context).,safe_with_context,low,,,candidate
data/normalized_source_tables/material_entities/material_entities.csv:OMI00585,Железная заготовка с пробитым отверстием,variant,include,crafts-tools-processes/materials_registry/materials.csv#mt_iron,sourced,category-level evidence (category_form_material_process_or_context): data/normalized_source_tables/material_entities/material_entities.csv#OMI00585,A,1180–1260,Великий Новгород и Новгородская земля; центр модели — около 1230 года,add_variant,passed,No denylist stem matched the archive name.,variant_target,Reuses existing crafts owner crafts-tools-processes/materials_registry/materials.csv#mt_iron.,A: category-level evidence (category_form_material_process_or_context).,safe_with_context,low,,,candidate
data/normalized_source_tables/material_entities/material_entities.csv:OMI00586,Заготовка кольца из согнутого прутка,variant,include,crafts-tools-processes/materials_registry/material_entities.csv#n1230:material_item:omi00588,sourced,category-level evidence (category_form_material_process_or_context): data/normalized_source_tables/material_entities/material_entities.csv#OMI00586,A,1180–1260,Великий Новгород и Новгородская земля; центр модели — около 1230 года,add_variant,passed,No denylist stem matched the archive name.,variant_target,Ring blank is unfinished state of the same iron ring component; OMI00588 is stable completed-ring identity. Reuses existing crafts owner crafts-tools-processes/materials_registry/material_entities.csv#n1230:material_item:omi00588.,A: category-level evidence (category_form_material_process_or_context). Ring blank is unfinished state of the same iron ring component; OMI00588 is stable completed-ring identity.,safe_with_context,low,,,candidate
data/normalized_source_tables/material_entities/material_entities.csv:OMI00587,Незамкнутое железное кольцо,variant,include,crafts-tools-processes/materials_registry/material_entities.csv#n1230:material_item:omi00588,sourced,category-level evidence (category_form_material_process_or_context): data/normalized_source_tables/material_entities/material_entities.csv#OMI00587,A,1180–1260,Великий Новгород и Новгородская земля; центр модели — около 1230 года,include_d39,passed,No denylist stem matched the archive name.,variant_target,Незамкнутое железное кольцо OMI00587 тождественно заготовке OMI00586; последняя уже ссылается на canonical finished-ring identity OMI00588 Reuses existing crafts owner crafts-tools-processes/materials_registry/material_entities.csv#n1230:material_item:omi00588.,A: category-level evidence (category_form_material_process_or_context). Незамкнутое железное кольцо OMI00587 тождественно заготовке OMI00586; последняя уже ссылается на canonical finished-ring identity OMI00588,safe_with_context,low,,,candidate
data/normalized_source_tables/material_entities/material_entities.csv:OMI00588,Сваренное железное кольцо,new,include,,sourced,category-level evidence (category_form_material_process_or_context): data/normalized_source_tables/material_entities/material_entities.csv#OMI00588,A,1180–1260,Великий Новгород и Новгородская земля; центр модели — около 1230 года,include_d39,passed,No denylist stem matched the archive name.,unique,"Сварное железное кольцо — reusable fitting component с собственной формой; цепь, сбруя или хозяйственное применение не меняют его canonical identity.","A: category-level evidence (category_form_material_process_or_context). Сварное железное кольцо — reusable fitting component с собственной формой; цепь, сбруя или хозяйственное применение не меняют его canonical identity.",safe_with_context,low,crafts-tools-processes,crafts-tools-processes/materials_registry/material_entities.csv#n1230:material_item:omi00588,candidate
data/normalized_source_tables/material_entities/material_entities.csv:OMI00589,Железная заготовка шайбы,variant,include,crafts-tools-processes/materials_registry/materials.csv#mt_iron,sourced,category-level evidence (category_form_material_process_or_context): data/normalized_source_tables/material_entities/material_entities.csv#OMI00589,A,1180–1260,Великий Новгород и Новгородская земля; центр модели — около 1230 года,add_variant,passed,No denylist stem matched the archive name.,variant_target,Reuses existing crafts owner crafts-tools-processes/materials_registry/materials.csv#mt_iron.,A: category-level evidence (category_form_material_process_or_context).,safe_with_context,low,,,candidate
data/normalized_source_tables/material_entities/material_entities.csv:OMI00590,Железный кружок после пробивки,variant,include,crafts-tools-processes/materials_registry/materials.csv#mt_iron,sourced,category-level evidence (category_form_material_process_or_context): data/normalized_source_tables/material_entities/material_entities.csv#OMI00590,A,1180–1260,Великий Новгород и Новгородская земля; центр модели — около 1230 года,add_variant,passed,No denylist stem matched the archive name.,variant_target,Reuses existing crafts owner crafts-tools-processes/materials_registry/materials.csv#mt_iron.,A: category-level evidence (category_form_material_process_or_context).,safe_with_context,low,,,candidate
data/normalized_source_tables/material_entities/material_entities.csv:OMI00591,Короткая цилиндрическая железная ось,new,include,,sourced,category-level evidence (category_form_material_process_or_context): data/normalized_source_tables/material_entities/material_entities.csv#OMI00591,A,1180–1260,Великий Новгород и Новгородская земля; центр модели — около 1230 года,include_d39,passed,No denylist stem matched the archive name.,unique,Reviewed semantic roots [железн коротк ось цилиндрическ] and family_key [small_iron_axle]; no object identity collapsed after ignoring state/size/container/use modifiers.,A: category-level evidence (category_form_material_process_or_context).,safe_with_context,low,,,candidate
data/normalized_source_tables/material_entities/material_entities.csv:OMI00592,Железный штифт без головки,new,include,,sourced,category-level evidence (category_form_material_process_or_context): data/normalized_source_tables/material_entities/material_entities.csv#OMI00592,A,1180–1260,Великий Новгород и Новгородская земля; центр модели — около 1230 года,include_d39,passed,No denylist stem matched the archive name.,unique,"Железный штифт — отдельный fastening component общего применения, не raw iron stock или кольцевая фурнитура.","A: category-level evidence (category_form_material_process_or_context). Железный штифт — отдельный fastening component общего применения, не raw iron stock или кольцевая фурнитура.",safe_with_context,low,crafts-tools-processes,crafts-tools-processes/materials_registry/material_entities.csv#n1230:material_item:omi00592,candidate
data/normalized_source_tables/material_entities/material_entities.csv:OMI00593,Железный штифт с расклёпанным концом,variant,include,crafts-tools-processes/materials_registry/material_entities.csv#n1230:material_item:omi00592,sourced,category-level evidence (category_form_material_process_or_context): data/normalized_source_tables/material_entities/material_entities.csv#OMI00593,A,1180–1260,Великий Новгород и Новгородская земля; центр модели — около 1230 года,include_d39,passed,No denylist stem matched the archive name.,variant_target,Peened end is installed-state variant of the same iron pin. Reuses existing crafts owner crafts-tools-processes/materials_registry/material_entities.csv#n1230:material_item:omi00592.,A: category-level evidence (category_form_material_process_or_context). Peened end is installed-state variant of the same iron pin.,safe_with_context,low,,,candidate
data/normalized_source_tables/material_entities/material_entities.csv:OMI00595,Кованая железная втулка малая,new,include,,sourced,category-level evidence (category_form_material_process_or_context): data/normalized_source_tables/material_entities/material_entities.csv#OMI00595,A,1180–1260,Великий Новгород и Новгородская земля; центр модели — около 1230 года,include_d39,passed,No denylist stem matched the archive name.,unique,Reviewed semantic roots [втулк железн кован] and family_key [small_iron_socket]; no object identity collapsed after ignoring state/size/container/use modifiers.,A: category-level evidence (category_form_material_process_or_context).,safe_with_context,low,,,candidate
data/normalized_source_tables/material_entities/material_entities.csv:OMI00596,Железная обойма цилиндрическая,new,include,,sourced,category-level evidence (category_form_material_process_or_context): data/normalized_source_tables/material_entities/material_entities.csv#OMI00596,A,1180–1260,Великий Новгород и Новгородская земля; центр модели — около 1230 года,include_d39,passed,No denylist stem matched the archive name.,unique,"Цилиндрическая железная втулка — отдельный fitting для ручек, осей и деревянных деталей; форма и посадка отличают её от iron stock.","A: category-level evidence (category_form_material_process_or_context). Цилиндрическая железная втулка — отдельный fitting для ручек, осей и деревянных деталей; форма и посадка отличают её от iron stock.",safe_with_context,low,crafts-tools-processes,crafts-tools-processes/materials_registry/material_entities.csv#n1230:material_item:omi00596,candidate
data/normalized_source_tables/material_entities/material_entities.csv:OMI00597,Железная обойма коническая,variant,include,crafts-tools-processes/materials_registry/material_entities.csv#n1230:material_item:omi00596,logical_necessity,data/normalized_source_tables/material_entities/material_entities.csv#OMI00597,B,1180–1260,Великий Новгород и Новгородская земля; центр модели — около 1230 года,include_d39,passed,No denylist stem matched the archive name.,variant_target,"Tapered ferrule differs by geometry/size, not material or component class. Reuses existing crafts owner crafts-tools-processes/materials_registry/material_entities.csv#n1230:material_item:omi00596.","B: reconstruction/category/context evidence; basis logical_necessity, not direct item attestation. Tapered ferrule differs by geometry/size, not material or component class.",safe_with_explicit_context,medium,,,candidate
data/normalized_source_tables/material_entities/material_entities.csv:OMI00598,"Полоса железа, свернутая в обруч",variant,include,crafts-tools-processes/materials_registry/materials.csv#mt_iron,sourced,category-level evidence (category_form_material_process_or_context): data/normalized_source_tables/material_entities/material_entities.csv#OMI00598,A,1180–1260,Великий Новгород и Новгородская земля; центр модели — около 1230 года,add_variant,passed,No denylist stem matched the archive name.,variant_target,Reuses existing crafts owner crafts-tools-processes/materials_registry/materials.csv#mt_iron.,A: category-level evidence (category_form_material_process_or_context).,safe_with_context,low,,,candidate
data/normalized_source_tables/material_entities/material_entities.csv:OMI00599,Короткая стальная полоска для лезвия,variant,include,crafts-tools-processes/materials_registry/materials.csv#mt_steel,logical_necessity,data/normalized_source_tables/material_entities/material_entities.csv#OMI00599,B,1180–1260,Великий Новгород и Новгородская земля; центр модели — около 1230 года,add_variant,passed,No denylist stem matched the archive name.,variant_target,Reuses existing crafts owner crafts-tools-processes/materials_registry/materials.csv#mt_steel.,"B: reconstruction/category/context evidence; basis logical_necessity, not direct item attestation.",safe_with_explicit_context,medium,,,candidate
data/normalized_source_tables/material_entities/material_entities.csv:OMI00600,Железная основа с наваренной стальной кромкой,variant,include,crafts-tools-processes/materials_registry/materials.csv#mt_steel,sourced,category-level evidence (category_form_material_process_or_context): data/normalized_source_tables/material_entities/material_entities.csv#OMI00600,A,1180–1260,Великий Новгород и Новгородская земля; центр модели — около 1230 года,add_variant,passed,No denylist stem matched the archive name.,variant_target,Reuses existing crafts owner crafts-tools-processes/materials_registry/materials.csv#mt_steel.,A: category-level evidence (category_form_material_process_or_context).,safe_with_context,low,,,candidate
data/normalized_source_tables/material_entities/material_entities.csv:OMI00601,Отожжённая железная заготовка,variant,include,crafts-tools-processes/materials_registry/materials.csv#mt_iron,logical_necessity,data/normalized_source_tables/material_entities/material_entities.csv#OMI00601,B,1180–1260,Великий Новгород и Новгородская земля; центр модели — около 1230 года,add_variant,passed,No denylist stem matched the archive name.,variant_target,Reuses existing crafts owner crafts-tools-processes/materials_registry/materials.csv#mt_iron.,"B: reconstruction/category/context evidence; basis logical_necessity, not direct item attestation.",safe_with_explicit_context,medium,,,candidate
data/normalized_source_tables/material_entities/material_entities.csv:OMI00602,Закалённая малая стальная деталь без отделки,variant,include,crafts-tools-processes/materials_registry/materials.csv#mt_steel,logical_necessity,data/normalized_source_tables/material_entities/material_entities.csv#OMI00602,B,1180–1260,Великий Новгород и Новгородская земля; центр модели — около 1230 года,add_variant,passed,No denylist stem matched the archive name.,variant_target,Reuses existing crafts owner crafts-tools-processes/materials_registry/materials.csv#mt_steel.,"B: reconstruction/category/context evidence; basis logical_necessity, not direct item attestation.",safe_with_explicit_context,medium,,,candidate
data/normalized_source_tables/material_entities/material_entities.csv:OMI00603,Пучок сортированных железных обрубков,variant,include,crafts-tools-processes/materials_registry/materials.csv#mt_iron,sourced,category-level evidence (category_form_material_process_or_context): data/normalized_source_tables/material_entities/material_entities.csv#OMI00603,A,1180–1260,Великий Новгород и Новгородская земля; центр модели — около 1230 года,add_variant,passed,No denylist stem matched the archive name.,variant_target,Reuses existing crafts owner crafts-tools-processes/materials_registry/materials.csv#mt_iron.,A: category-level evidence (category_form_material_process_or_context).,safe_with_context,low,,,candidate
data/normalized_source_tables/material_entities/material_entities.csv:OMI00604,Смешанная кучка железных заготовок,variant,include,crafts-tools-processes/materials_registry/materials.csv#mt_iron,sourced,category-level evidence (category_form_material_process_or_context): data/normalized_source_tables/material_entities/material_entities.csv#OMI00604,A,1180–1260,Великий Новгород и Новгородская земля; центр модели — около 1230 года,add_variant,passed,No denylist stem matched the archive name.,variant_target,Reuses existing crafts owner crafts-tools-processes/materials_registry/materials.csv#mt_iron.,A: category-level evidence (category_form_material_process_or_context).,safe_with_context,low,,,candidate
data/normalized_source_tables/material_entities/material_entities.csv:OMI00684,Короткий отрезок железной проволоки,variant,include,crafts-tools-processes/materials_registry/materials.csv#mt_iron,sourced,category-level evidence (category_form_material_process_or_context): data/normalized_source_tables/material_entities/material_entities.csv#OMI00684,A,1180–1260,Великий Новгород и Новгородская земля; центр модели — около 1230 года,add_variant,passed,No denylist stem matched the archive name.,variant_target,Reuses existing crafts owner crafts-tools-processes/materials_registry/materials.csv#mt_iron.,A: category-level evidence (category_form_material_process_or_context).,safe_with_context,low,,,candidate
data/normalized_source_tables/material_entities/material_entities.csv:OMI00685,Тонкая железная проволока в малом мотке,variant,include,crafts-tools-processes/materials_registry/materials.csv#mt_iron,sourced,category-level evidence (category_form_material_process_or_context): data/normalized_source_tables/material_entities/material_entities.csv#OMI00685,A,1180–1260,Великий Новгород и Новгородская земля; центр модели — около 1230 года,add_variant,passed,No denylist stem matched the archive name.,variant_target,Reuses existing crafts owner crafts-tools-processes/materials_registry/materials.csv#mt_iron.,A: category-level evidence (category_form_material_process_or_context).,safe_with_context,low,,,candidate
data/normalized_source_tables/material_entities/material_entities.csv:OMI00686,Толстая железная проволока в кольцах,variant,include,crafts-tools-processes/materials_registry/materials.csv#mt_iron,sourced,category-level evidence (category_form_material_process_or_context): data/normalized_source_tables/material_entities/material_entities.csv#OMI00686,A,1180–1260,Великий Новгород и Новгородская земля; центр модели — около 1230 года,add_variant,passed,No denylist stem matched the archive name.,variant_target,Reuses existing crafts owner crafts-tools-processes/materials_registry/materials.csv#mt_iron.,A: category-level evidence (category_form_material_process_or_context).,safe_with_context,low,,,candidate
data/normalized_source_tables/material_entities/material_entities.csv:OMI00687,Выпрямленный отрезок проволоки,variant,include,crafts-tools-processes/materials_registry/materials.csv#mt_iron,sourced,category-level evidence (category_form_material_process_or_context): data/normalized_source_tables/material_entities/material_entities.csv#OMI00687,A,1180–1260,Великий Новгород и Новгородская земля; центр модели — около 1230 года,add_variant,passed,No denylist stem matched the archive name.,variant_target,Reuses existing crafts owner crafts-tools-processes/materials_registry/materials.csv#mt_iron.,A: category-level evidence (category_form_material_process_or_context).,safe_with_context,low,,,candidate
data/normalized_source_tables/material_entities/material_entities.csv:OMI00693,Несваренное звено цепи,variant,include,crafts-tools-processes/materials_registry/materials.csv#mt_iron,sourced,category-level evidence (category_form_material_process_or_context): data/normalized_source_tables/material_entities/material_entities.csv#OMI00693,A,1180–1260,Великий Новгород и Новгородская земля; центр модели — около 1230 года,add_variant,passed,No denylist stem matched the archive name.,variant_target,Reuses existing crafts owner crafts-tools-processes/materials_registry/materials.csv#mt_iron.,A: category-level evidence (category_form_material_process_or_context).,safe_with_context,low,,,candidate
data/normalized_source_tables/material_entities/material_entities.csv:OMI00697,Смешанные звенья для ремонта цепи,variant,include,crafts-tools-processes/materials_registry/materials.csv#mt_iron,sourced,category-level evidence (category_form_material_process_or_context): data/normalized_source_tables/material_entities/material_entities.csv#OMI00697,A,1180–1260,Великий Новгород и Новгородская земля; центр модели — около 1230 года,add_variant,passed,No denylist stem matched the archive name.,variant_target,Reuses existing crafts owner crafts-tools-processes/materials_registry/materials.csv#mt_iron.,A: category-level evidence (category_form_material_process_or_context).,safe_with_context,low,,,candidate
data/normalized_source_tables/material_entities/material_entities.csv:OMI00723,Кузнечная окалина пластинчатая,variant,include,crafts-tools-processes/materials_registry/materials.csv#mt_forge_slag,sourced,category-level evidence (category_form_material_process_or_context): data/normalized_source_tables/material_entities/material_entities.csv#OMI00723,A,1180–1260,Великий Новгород и Новгородская земля; центр модели — около 1230 года,add_variant,passed,No denylist stem matched the archive name.,variant_target,Reuses existing crafts owner crafts-tools-processes/materials_registry/materials.csv#mt_forge_slag.,A: category-level evidence (category_form_material_process_or_context).,safe_with_context,low,,,candidate
data/normalized_source_tables/material_entities/material_entities.csv:OMI00724,Кузнечная окалина мелкая,variant,include,crafts-tools-processes/materials_registry/materials.csv#mt_forge_slag,sourced,category-level evidence (category_form_material_process_or_context): data/normalized_source_tables/material_entities/material_entities.csv#OMI00724,A,1180–1260,Великий Новгород и Новгородская земля; центр модели — около 1230 года,add_variant,passed,No denylist stem matched the archive name.,variant_target,Reuses existing crafts owner crafts-tools-processes/materials_registry/materials.csv#mt_forge_slag.,A: category-level evidence (category_form_material_process_or_context).,safe_with_context,low,,,candidate
data/normalized_source_tables/material_entities/material_entities.csv:OMI00725,Скопление окалины у наковальни,variant,include,crafts-tools-processes/materials_registry/materials.csv#mt_forge_slag,sourced,category-level evidence (category_form_material_process_or_context): data/normalized_source_tables/material_entities/material_entities.csv#OMI00725,A,1180–1260,Великий Новгород и Новгородская земля; центр модели — около 1230 года,add_variant,passed,No denylist stem matched the archive name.,variant_target,Reuses existing crafts owner crafts-tools-processes/materials_registry/materials.csv#mt_forge_slag.,A: category-level evidence (category_form_material_process_or_context).,safe_with_context,low,,,candidate
data/normalized_source_tables/material_entities/material_entities.csv:OMI00727,Плотный кусок кузнечного шлака,variant,include,crafts-tools-processes/materials_registry/materials.csv#mt_forge_slag,sourced,category-level evidence (category_form_material_process_or_context): data/normalized_source_tables/material_entities/material_entities.csv#OMI00727,A,1180–1260,Великий Новгород и Новгородская земля; центр модели — около 1230 года,add_variant,passed,No denylist stem matched the archive name.,variant_target,Reuses existing crafts owner crafts-tools-processes/materials_registry/materials.csv#mt_forge_slag.,A: category-level evidence (category_form_material_process_or_context).,safe_with_context,low,,,candidate
data/normalized_source_tables/material_entities/material_entities.csv:OMI00728,Шлаковая лепёшка со дна горна,variant,include,crafts-tools-processes/materials_registry/materials.csv#mt_forge_slag,sourced,category-level evidence (category_form_material_process_or_context): data/normalized_source_tables/material_entities/material_entities.csv#OMI00728,A,1180–1260,Великий Новгород и Новгородская земля; центр модели — около 1230 года,add_variant,passed,No denylist stem matched the archive name.,variant_target,Reuses existing crafts owner crafts-tools-processes/materials_registry/materials.csv#mt_forge_slag.,A: category-level evidence (category_form_material_process_or_context).,safe_with_context,low,,,candidate
data/normalized_source_tables/material_entities/material_entities.csv:OMI00729,Комок шлака с включением железа,variant,include,crafts-tools-processes/materials_registry/materials.csv#mt_forge_slag,sourced,category-level evidence (category_form_material_process_or_context): data/normalized_source_tables/material_entities/material_entities.csv#OMI00729,A,1180–1260,Великий Новгород и Новгородская земля; центр модели — около 1230 года,add_variant,passed,No denylist stem matched the archive name.,variant_target,Reuses existing crafts owner crafts-tools-processes/materials_registry/materials.csv#mt_forge_slag.,A: category-level evidence (category_form_material_process_or_context).,safe_with_context,low,,,candidate
data/normalized_source_tables/material_entities/material_entities.csv:OMI00730,Кусок обмазки горна со шлаком,variant,include,crafts-tools-processes/materials_registry/materials.csv#mt_forge_slag,sourced,category-level evidence (category_form_material_process_or_context): data/normalized_source_tables/material_entities/material_entities.csv#OMI00730,A,1180–1260,Великий Новгород и Новгородская земля; центр модели — около 1230 года,add_variant,passed,No denylist stem matched the archive name.,variant_target,Reuses existing crafts owner crafts-tools-processes/materials_registry/materials.csv#mt_forge_slag.,A: category-level evidence (category_form_material_process_or_context).,safe_with_context,low,,,candidate
data/normalized_source_tables/material_entities/material_entities.csv:OMI00731,Обожжённая глина с каплями железа,new,include,,sourced,category-level evidence (category_form_material_process_or_context): data/normalized_source_tables/material_entities/material_entities.csv#OMI00731,A,1180–1260,Великий Новгород и Новгородская земля; центр модели — около 1230 года,include_d39,passed,No denylist stem matched the archive name.,unique,Iron droplets fused into fired clay form distinct mixed workshop residue; retain own entity.,A: category-level evidence (category_form_material_process_or_context). Iron droplets fused into fired clay form distinct mixed workshop residue; retain own entity.,safe_with_context,low,crafts-tools-processes,crafts-tools-processes/materials_registry/material_entities.csv#n1230:material_item:omi00731,candidate
data/normalized_source_tables/material_entities/material_entities.csv:OMI00732,Мелкие железные отсечки,new,include,,sourced,category-level evidence (category_form_material_process_or_context): data/normalized_source_tables/material_entities/material_entities.csv#OMI00732,A,1180–1260,Великий Новгород и Новгородская земля; центр модели — около 1230 года,include_d39,passed,No denylist stem matched the archive name.,unique,Reviewed semantic roots [железн отсечк] and family_key [iron_choppings]; no object identity collapsed after ignoring state/size/container/use modifiers.,A: category-level evidence (category_form_material_process_or_context).,safe_with_context,low,,,candidate
data/normalized_source_tables/material_entities/material_entities.csv:OMI00733,Железная стружка после опиливания,new,include,,sourced,category-level evidence (category_form_material_process_or_context): data/normalized_source_tables/material_entities/material_entities.csv#OMI00733,A,1180–1260,Великий Новгород и Новгородская земля; центр модели — около 1230 года,include_d39,passed,No denylist stem matched the archive name.,unique,Железная стружка — ferrous отход опиливания; материал и процесс происхождения отличают её от медной стружки OMI00786.,A: category-level evidence (category_form_material_process_or_context).,safe_with_context,low,,,candidate
data/normalized_source_tables/material_entities/material_entities.csv:OMI00734,Железная пыль у точильного места,new,include,,sourced,category-level evidence (category_form_material_process_or_context): data/normalized_source_tables/material_entities/material_entities.csv#OMI00734,A,1180–1260,Великий Новгород и Новгородская земля; центр модели — около 1230 года,include_d39,passed,No denylist stem matched the archive name.,unique,Reviewed semantic roots [железн мест пыль точильн] and family_key [iron_grinding_dust]; no object identity collapsed after ignoring state/size/container/use modifiers.,A: category-level evidence (category_form_material_process_or_context).,safe_with_context,low,,,candidate
data/normalized_source_tables/material_entities/material_entities.csv:OMI00735,Обрезок прутка с рубленым торцом,new,include,,sourced,category-level evidence (category_form_material_process_or_context): data/normalized_source_tables/material_entities/material_entities.csv#OMI00735,A,1180–1260,Великий Новгород и Новгородская земля; центр модели — около 1230 года,include_d39,passed,No denylist stem matched the archive name.,unique,Reviewed semantic roots [обрезок прутк рублен торц] and family_key [chopped_rod_offcut]; no object identity collapsed after ignoring state/size/container/use modifiers.,A: category-level evidence (category_form_material_process_or_context).,safe_with_context,low,,,candidate
data/normalized_source_tables/material_entities/material_entities.csv:OMI00736,Обрезок пластины неправильной формы,new,include,,sourced,category-level evidence (category_form_material_process_or_context): data/normalized_source_tables/material_entities/material_entities.csv#OMI00736,A,1180–1260,Великий Новгород и Новгородская земля; центр модели — около 1230 года,include_d39,passed,No denylist stem matched the archive name.,unique,Reviewed semantic roots [неправильн обрезок пластин форм] and family_key [plate_offcut]; no object identity collapsed after ignoring state/size/container/use modifiers.,A: category-level evidence (category_form_material_process_or_context).,safe_with_context,low,,,candidate
data/normalized_source_tables/material_entities/material_entities.csv:OMI00737,Свернувшийся край неудачной поковки,new,include,,sourced,category-level evidence (category_form_material_process_or_context): data/normalized_source_tables/material_entities/material_entities.csv#OMI00737,A,1180–1260,Великий Новгород и Новгородская земля; центр модели — около 1230 года,include_d39,passed,No denylist stem matched the archive name.,unique,Folded forging edge is a distinct smithing reject with independent waste identity.,A: category-level evidence (category_form_material_process_or_context). Folded forging edge is a distinct smithing reject with independent waste identity.,safe_with_context,low,crafts-tools-processes,,candidate
data/normalized_source_tables/material_entities/material_entities.csv:OMI00738,Поковка с трещиной,new,include,,sourced,category-level evidence (category_form_material_process_or_context): data/normalized_source_tables/material_entities/material_entities.csv#OMI00738,A,1180–1260,Великий Новгород и Новгородская земля; центр модели — около 1230 года,include_d39,passed,No denylist stem matched the archive name.,unique,"Cracked forging is a distinct smithing reject, not a new iron material.","A: category-level evidence (category_form_material_process_or_context). Cracked forging is a distinct smithing reject, not a new iron material.",safe_with_context,low,crafts-tools-processes,,candidate
data/normalized_source_tables/material_entities/material_entities.csv:OMI00739,Поковка с пережжённым концом,new,include,,sourced,category-level evidence (category_form_material_process_or_context): data/normalized_source_tables/material_entities/material_entities.csv#OMI00739,A,1180–1260,Великий Новгород и Новгородская земля; центр модели — около 1230 года,include_d39,passed,No denylist stem matched the archive name.,unique,Overheated forging is a distinct heat-damage reject.,A: category-level evidence (category_form_material_process_or_context). Overheated forging is a distinct heat-damage reject.,safe_with_context,low,crafts-tools-processes,,candidate
data/normalized_source_tables/material_entities/material_entities.csv:OMI00740,Недоваренное сварное соединение,new,include,,sourced,category-level evidence (category_form_material_process_or_context): data/normalized_source_tables/material_entities/material_entities.csv#OMI00740,A,1180–1260,Великий Новгород и Новгородская земля; центр модели — около 1230 года,include_d39,passed,No denylist stem matched the archive name.,unique,Failed forge weld is a distinct production reject.,A: category-level evidence (category_form_material_process_or_context). Failed forge weld is a distinct production reject.,safe_with_context,low,crafts-tools-processes,,candidate
data/normalized_source_tables/material_entities/material_entities.csv:OMI00741,Слипшиеся железные обломки в коррозии,variant,include,crafts-tools-processes/materials_registry/materials.csv#mt_iron,sourced,category-level evidence (category_form_material_process_or_context): data/normalized_source_tables/material_entities/material_entities.csv#OMI00741,A,1180–1260,Великий Новгород и Новгородская земля; центр модели — около 1230 года,add_variant,passed,No denylist stem matched the archive name.,variant_target,Слипшиеся в коррозии железные обломки — агрегированное состояние iron stock Reuses existing crafts owner crafts-tools-processes/materials_registry/materials.csv#mt_iron.,A: category-level evidence (category_form_material_process_or_context). Слипшиеся в коррозии железные обломки — агрегированное состояние iron stock,safe_with_context,low,,,candidate
data/normalized_source_tables/material_entities/material_entities.csv:OMI00742,Отслоившаяся ржавчина,new,include,,sourced,category-level evidence (category_form_material_process_or_context): data/normalized_source_tables/material_entities/material_entities.csv#OMI00742,A,1180–1260,Великий Новгород и Новгородская земля; центр модели — около 1230 года,include_d39,passed,No denylist stem matched the archive name.,unique,"Отслоившаяся ржавчина — накопленный коррозионный residue с собственной материальной жизнью, не железная заготовка или лом.","A: category-level evidence (category_form_material_process_or_context). Отслоившаяся ржавчина — накопленный коррозионный residue с собственной материальной жизнью, не железная заготовка или лом.",safe_with_context,low,crafts-tools-processes,crafts-tools-processes/materials_registry/material_entities.csv#n1230:material_item:omi00742,candidate
data/normalized_source_tables/material_entities/material_entities.csv:OMI00743,Рыжая ржавая пыль,variant,include,crafts-tools-processes/materials_registry/material_entities.csv#n1230:material_item:omi00742,sourced,category-level evidence (category_form_material_process_or_context): data/normalized_source_tables/material_entities/material_entities.csv#OMI00743,A,1180–1260,Великий Новгород и Новгородская земля; центр модели — около 1230 года,include_d39,passed,No denylist stem matched the archive name.,variant_target,Rust dust differs by particle form/size from flaked rust; same corrosion residue identity. Reuses existing crafts owner crafts-tools-processes/materials_registry/material_entities.csv#n1230:material_item:omi00742.,A: category-level evidence (category_form_material_process_or_context). Rust dust differs by particle form/size from flaked rust; same corrosion residue identity.,safe_with_context,low,,,candidate
data/normalized_source_tables/material_entities/material_entities.csv:OMI00744,"Железный предмет, сросшийся с древесиной",new,include,,sourced,category-level evidence (category_form_material_process_or_context): data/normalized_source_tables/material_entities/material_entities.csv#OMI00744,A,1180–1260,Великий Новгород и Новгородская земля; центр модели — около 1230 года,include_d39,passed,No denylist stem matched the archive name.,unique,Iron fused with wood preserves composite archaeological trace; not iron stock alone.,A: category-level evidence (category_form_material_process_or_context). Iron fused with wood preserves composite archaeological trace; not iron stock alone.,safe_with_context,low,crafts-tools-processes,,candidate
data/normalized_source_tables/material_entities/material_entities.csv:OMI00745,"Железный предмет, сросшийся с тканью",new,include,,sourced,category-level evidence (category_form_material_process_or_context): data/normalized_source_tables/material_entities/material_entities.csv#OMI00745,A,1180–1260,Великий Новгород и Новгородская земля; центр модели — около 1230 года,include_d39,passed,No denylist stem matched the archive name.,unique,Iron fused with textile preserves a distinct composite trace.,A: category-level evidence (category_form_material_process_or_context). Iron fused with textile preserves a distinct composite trace.,safe_with_context,low,crafts-tools-processes,,candidate
data/normalized_source_tables/material_entities/material_entities.csv:OMI00746,"Комок гвоздей, сросшихся коррозией",new,routed,,sourced,category-level evidence (category_form_material_process_or_context): data/normalized_source_tables/material_entities/material_entities.csv#OMI00746,A,1180–1260,Великий Новгород и Новгородская земля; центр модели — около 1230 года,add_variant,passed,No denylist stem matched the archive name.,unique,Corroded nail cluster is a nail-state/aggregation; BIC owns fastening hardware kind.,A: category-level evidence (category_form_material_process_or_context). Corroded nail cluster is a nail-state/aggregation; BIC owns fastening hardware kind.,safe_with_context,low,buildings-interiors-containers,buildings-interiors-containers/buildings/materials_vocab.csv#mat_iron_nail,routed
data/normalized_source_tables/material_entities/material_entities.csv:OMI00747,Кучка отсортированного старого железа,variant,include,crafts-tools-processes/materials_registry/materials.csv#mt_iron,sourced,category-level evidence (category_form_material_process_or_context): data/normalized_source_tables/material_entities/material_entities.csv#OMI00747,A,1180–1260,Великий Новгород и Новгородская земля; центр модели — около 1230 года,include_d39,passed,No denylist stem matched the archive name.,variant_target,"Кучка отсортированного старого железа остаётся iron stock; сортировка и кучная форма — состояние партии, не отдельная материальная сущность. Reuses existing crafts owner crafts-tools-processes/materials_registry/materials.csv#mt_iron.","A: category-level evidence (category_form_material_process_or_context). Кучка отсортированного старого железа остаётся iron stock; сортировка и кучная форма — состояние партии, не отдельная материальная сущность.",safe_with_context,low,,,candidate
data/normalized_source_tables/material_entities/material_entities.csv:OMI00748,Сломанная железная деталь с ровным изломом,variant,include,crafts-tools-processes/craft_processes/process_products.csv#pr:worn_iron_object,sourced,category-level evidence (category_form_material_process_or_context): data/normalized_source_tables/material_entities/material_entities.csv#OMI00748,A,1180–1260,Великий Новгород и Новгородская земля; центр модели — около 1230 года,include_d39,passed,No denylist stem matched the archive name.,variant_target,Broken iron part is a worn/broken state of the existing iron repair product. Reuses existing crafts owner crafts-tools-processes/craft_processes/process_products.csv#pr:worn_iron_object.,A: category-level evidence (category_form_material_process_or_context). Broken iron part is a worn/broken state of the existing iron repair product.,safe_with_context,low,,,candidate
data/normalized_source_tables/material_entities/material_entities.csv:OMI00749,Оплавленная малая железная деталь,new,include,,logical_necessity,data/normalized_source_tables/material_entities/material_entities.csv#OMI00749,B,1180–1260,Великий Новгород и Новгородская земля; центр модели — около 1230 года,include_d39,passed,No denylist stem matched the archive name.,unique,"Melted small iron part is distinct fire/heat waste, not reusable iron stock.","B: reconstruction/category/context evidence; basis logical_necessity, not direct item attestation. Melted small iron part is distinct fire/heat waste, not reusable iron stock.",safe_with_explicit_context,medium,crafts-tools-processes,,candidate
data/normalized_source_tables/material_entities/material_entities.csv:OMI00750,Обугленная деревянная деталь с железной оковкой,new,include,,logical_necessity,data/normalized_source_tables/material_entities/material_entities.csv#OMI00750,B,1180–1260,Великий Новгород и Новгородская земля; центр модели — около 1230 года,include_d39,passed,No denylist stem matched the archive name.,unique,Reviewed semantic roots [деревянн деталь железн оковк] and family_key [burnt_wood_with_fitting]; no object identity collapsed after ignoring state/size/container/use modifiers.,"B: reconstruction/category/context evidence; basis logical_necessity, not direct item attestation.",safe_with_explicit_context,medium,,,candidate
data/normalized_source_tables/material_entities/material_entities.csv:OMI00751,Кусок кузнечного угля с окалиной,variant,include,crafts-tools-processes/materials_registry/materials.csv#mt_forge_slag,sourced,category-level evidence (category_form_material_process_or_context): data/normalized_source_tables/material_entities/material_entities.csv#OMI00751,A,1180–1260,Великий Новгород и Новгородская земля; центр модели — около 1230 года,add_variant,passed,No denylist stem matched the archive name.,variant_target,Reuses existing crafts owner crafts-tools-processes/materials_registry/materials.csv#mt_forge_slag.,A: category-level evidence (category_form_material_process_or_context).,safe_with_context,low,,,candidate
data/normalized_source_tables/material_entities/material_entities.csv:OMI00752,"Слой золы, угля и окалины",variant,include,crafts-tools-processes/materials_registry/materials.csv#mt_forge_slag,sourced,category-level evidence (category_form_material_process_or_context): data/normalized_source_tables/material_entities/material_entities.csv#OMI00752,A,1180–1260,Великий Новгород и Новгородская земля; центр модели — около 1230 года,add_variant,passed,No denylist stem matched the archive name.,variant_target,Reuses existing crafts owner crafts-tools-processes/materials_registry/materials.csv#mt_forge_slag.,A: category-level evidence (category_form_material_process_or_context).,safe_with_context,low,,,candidate
data/normalized_source_tables/material_entities/material_entities.csv:OMI00753,Кусок медного сплава от слитка,variant,include,crafts-tools-processes/materials_registry/materials.csv#mt_copper,sourced,category-level evidence (category_form_material_process_or_context): data/normalized_source_tables/material_entities/material_entities.csv#OMI00753,A,1180–1260,Великий Новгород и Новгородская земля; центр модели — около 1230 года,add_variant,passed,No denylist stem matched the archive name.,variant_target,Reuses existing crafts owner crafts-tools-processes/materials_registry/materials.csv#mt_copper.,A: category-level evidence (category_form_material_process_or_context).,safe_with_context,low,,,candidate
data/normalized_source_tables/material_entities/material_entities.csv:OMI00754,Малый литой слиток медного сплава,variant,include,crafts-tools-processes/materials_registry/materials.csv#mt_copper,sourced,category-level evidence (category_form_material_process_or_context): data/normalized_source_tables/material_entities/material_entities.csv#OMI00754,A,1180–1260,Великий Новгород и Новгородская земля; центр модели — около 1230 года,add_variant,passed,No denylist stem matched the archive name.,variant_target,Reuses existing crafts owner crafts-tools-processes/materials_registry/materials.csv#mt_copper.,A: category-level evidence (category_form_material_process_or_context).,safe_with_context,low,,,candidate
data/normalized_source_tables/material_entities/material_entities.csv:OMI00755,Плоская медная пластинка-заготовка,variant,include,crafts-tools-processes/materials_registry/materials.csv#mt_copper,sourced,category-level evidence (category_form_material_process_or_context): data/normalized_source_tables/material_entities/material_entities.csv#OMI00755,A,1180–1260,Великий Новгород и Новгородская земля; центр модели — около 1230 года,add_variant,passed,No denylist stem matched the archive name.,variant_target,Reuses existing crafts owner crafts-tools-processes/materials_registry/materials.csv#mt_copper.,A: category-level evidence (category_form_material_process_or_context).,safe_with_context,low,,,candidate
data/normalized_source_tables/material_entities/material_entities.csv:OMI00756,Тонкий лист медного сплава,variant,include,crafts-tools-processes/materials_registry/materials.csv#mt_copper,sourced,category-level evidence (category_form_material_process_or_context): data/normalized_source_tables/material_entities/material_entities.csv#OMI00756,A,1180–1260,Великий Новгород и Новгородская земля; центр модели — около 1230 года,add_variant,passed,No denylist stem matched the archive name.,variant_target,Reuses existing crafts owner crafts-tools-processes/materials_registry/materials.csv#mt_copper.,A: category-level evidence (category_form_material_process_or_context).,safe_with_context,low,,,candidate
data/normalized_source_tables/material_entities/material_entities.csv:OMI00757,Узкая полоса медного сплава,variant,include,crafts-tools-processes/materials_registry/materials.csv#mt_copper,sourced,category-level evidence (category_form_material_process_or_context): data/normalized_source_tables/material_entities/material_entities.csv#OMI00757,A,1180–1260,Великий Новгород и Новгородская земля; центр модели — около 1230 года,add_variant,passed,No denylist stem matched the archive name.,variant_target,Reuses existing crafts owner crafts-tools-processes/materials_registry/materials.csv#mt_copper.,A: category-level evidence (category_form_material_process_or_context).,safe_with_context,low,,,candidate
data/normalized_source_tables/material_entities/material_entities.csv:OMI00758,Короткий пруток медного сплава,variant,include,crafts-tools-processes/materials_registry/materials.csv#mt_copper,sourced,category-level evidence (category_form_material_process_or_context): data/normalized_source_tables/material_entities/material_entities.csv#OMI00758,A,1180–1260,Великий Новгород и Новгородская земля; центр модели — около 1230 года,add_variant,passed,No denylist stem matched the archive name.,variant_target,Reuses existing crafts owner crafts-tools-processes/materials_registry/materials.csv#mt_copper.,A: category-level evidence (category_form_material_process_or_context).,safe_with_context,low,,,candidate
data/normalized_source_tables/material_entities/material_entities.csv:OMI00759,Толстая проволока медного сплава,variant,include,crafts-tools-processes/materials_registry/materials.csv#mt_copper,sourced,category-level evidence (category_form_material_process_or_context): data/normalized_source_tables/material_entities/material_entities.csv#OMI00759,A,1180–1260,Великий Новгород и Новгородская земля; центр модели — около 1230 года,add_variant,passed,No denylist stem matched the archive name.,variant_target,Reuses existing crafts owner crafts-tools-processes/materials_registry/materials.csv#mt_copper.,A: category-level evidence (category_form_material_process_or_context).,safe_with_context,low,,,candidate
data/normalized_source_tables/material_entities/material_entities.csv:OMI00760,Тонкая проволока медного сплава,variant,include,crafts-tools-processes/materials_registry/materials.csv#mt_copper,sourced,category-level evidence (category_form_material_process_or_context): data/normalized_source_tables/material_entities/material_entities.csv#OMI00760,A,1180–1260,Великий Новгород и Новгородская земля; центр модели — около 1230 года,add_variant,passed,No denylist stem matched the archive name.,variant_target,Reuses existing crafts owner crafts-tools-processes/materials_registry/materials.csv#mt_copper.,A: category-level evidence (category_form_material_process_or_context).,safe_with_context,low,,,candidate
data/normalized_source_tables/material_entities/material_entities.csv:OMI00761,Малый моток медной проволоки,variant,include,crafts-tools-processes/materials_registry/materials.csv#mt_copper,sourced,category-level evidence (category_form_material_process_or_context): data/normalized_source_tables/material_entities/material_entities.csv#OMI00761,A,1180–1260,Великий Новгород и Новгородская земля; центр модели — около 1230 года,add_variant,passed,No denylist stem matched the archive name.,variant_target,Reuses existing crafts owner crafts-tools-processes/materials_registry/materials.csv#mt_copper.,A: category-level evidence (category_form_material_process_or_context).,safe_with_context,low,,,candidate
data/normalized_source_tables/material_entities/material_entities.csv:OMI00762,Выпрямленный отрезок медной проволоки,variant,include,crafts-tools-processes/materials_registry/materials.csv#mt_copper,sourced,category-level evidence (category_form_material_process_or_context): data/normalized_source_tables/material_entities/material_entities.csv#OMI00762,A,1180–1260,Великий Новгород и Новгородская земля; центр модели — около 1230 года,add_variant,passed,No denylist stem matched the archive name.,variant_target,Reuses existing crafts owner crafts-tools-processes/materials_registry/materials.csv#mt_copper.,A: category-level evidence (category_form_material_process_or_context).,safe_with_context,low,,,candidate
data/normalized_source_tables/material_entities/material_entities.csv:OMI00763,Скрученная двойная медная проволока,variant,include,crafts-tools-processes/materials_registry/materials.csv#mt_copper,logical_necessity,data/normalized_source_tables/material_entities/material_entities.csv#OMI00763,B,1180–1260,Великий Новгород и Новгородская земля; центр модели — около 1230 года,add_variant,passed,No denylist stem matched the archive name.,variant_target,Reuses existing crafts owner crafts-tools-processes/materials_registry/materials.csv#mt_copper.,"B: reconstruction/category/context evidence; basis logical_necessity, not direct item attestation.",safe_with_explicit_context,medium,,,candidate
data/normalized_source_tables/material_entities/material_entities.csv:OMI00764,Спираль из медной проволоки без отделки,variant,include,crafts-tools-processes/materials_registry/materials.csv#mt_copper,logical_necessity,data/normalized_source_tables/material_entities/material_entities.csv#OMI00764,B,1180–1260,Великий Новгород и Новгородская земля; центр модели — около 1230 года,add_variant,passed,No denylist stem matched the archive name.,variant_target,Reuses existing crafts owner crafts-tools-processes/materials_registry/materials.csv#mt_copper.,"B: reconstruction/category/context evidence; basis logical_necessity, not direct item attestation.",safe_with_explicit_context,medium,,,candidate
data/normalized_source_tables/material_entities/material_entities.csv:OMI00765,Незамкнутое кольцо медного сплава,new,include,,sourced,category-level evidence (category_form_material_process_or_context): data/normalized_source_tables/material_entities/material_entities.csv#OMI00765,A,1180–1260,Великий Новгород и Новгородская земля; центр модели — около 1230 года,include_d39,passed,No denylist stem matched the archive name.,unique,Open copper-alloy ring is a distinct object form; retain entity with nonferrous material.,A: category-level evidence (category_form_material_process_or_context). Open copper-alloy ring is a distinct object form; retain entity with nonferrous material.,safe_with_context,low,crafts-tools-processes,crafts-tools-processes/materials_registry/material_entities.csv#n1230:material_item:omi00765,candidate
data/normalized_source_tables/material_entities/material_entities.csv:OMI00766,Малое литое кольцо медного сплава,new,include,,sourced,category-level evidence (category_form_material_process_or_context): data/normalized_source_tables/material_entities/material_entities.csv#OMI00766,A,1180–1260,Великий Новгород и Новгородская земля; центр модели — около 1230 года,include_d39,passed,No denylist stem matched the archive name.,unique,Cast copper-alloy ring is a distinct object form; retain entity with nonferrous material.,A: category-level evidence (category_form_material_process_or_context). Cast copper-alloy ring is a distinct object form; retain entity with nonferrous material.,safe_with_context,low,crafts-tools-processes,crafts-tools-processes/materials_registry/material_entities.csv#n1230:material_item:omi00766,candidate
data/normalized_source_tables/material_entities/material_entities.csv:OMI00767,Плоский кружок медного сплава без отделки,variant,include,crafts-tools-processes/materials_registry/materials.csv#mt_copper,sourced,category-level evidence (category_form_material_process_or_context): data/normalized_source_tables/material_entities/material_entities.csv#OMI00767,A,1180–1260,Великий Новгород и Новгородская земля; центр модели — около 1230 года,add_variant,passed,No denylist stem matched the archive name.,variant_target,Reuses existing crafts owner crafts-tools-processes/materials_registry/materials.csv#mt_copper.,A: category-level evidence (category_form_material_process_or_context).,safe_with_context,low,,,candidate
data/normalized_source_tables/material_entities/material_entities.csv:OMI00768,Прямоугольная накладка медного сплава без орнамента,new,include,,sourced,category-level evidence (category_form_material_process_or_context): data/normalized_source_tables/material_entities/material_entities.csv#OMI00768,A,1180–1260,Великий Новгород и Новгородская земля; центр модели — около 1230 года,include_d39,passed,No denylist stem matched the archive name.,unique,Reviewed semantic roots [медн накладк орнамент прямоугольн сплав] and family_key [copper_alloy_plate_plain]; no object identity collapsed after ignoring state/size/container/use modifiers.,A: category-level evidence (category_form_material_process_or_context).,safe_with_context,low,,,candidate
data/normalized_source_tables/material_entities/material_entities.csv:OMI00769,Узкая обойма медного сплава,new,include,,sourced,category-level evidence (category_form_material_process_or_context): data/normalized_source_tables/material_entities/material_entities.csv#OMI00769,A,1180–1260,Великий Новгород и Новгородская земля; центр модели — около 1230 года,include_d39,passed,No denylist stem matched the archive name.,unique,Reviewed semantic roots [медн обойм сплав узк] and family_key [copper_alloy_ferrule]; no object identity collapsed after ignoring state/size/container/use modifiers.,A: category-level evidence (category_form_material_process_or_context).,safe_with_context,low,,,candidate
data/normalized_source_tables/material_entities/material_entities.csv:OMI00770,Малая медная заклёпка,new,include,,sourced,category-level evidence (category_form_material_process_or_context): data/normalized_source_tables/material_entities/material_entities.csv#OMI00770,A,1180–1260,Великий Новгород и Новгородская земля; центр модели — около 1230 года,include_d39,passed,No denylist stem matched the archive name.,unique,Small copper rivet is a distinct fitting; preserve copper material.,A: category-level evidence (category_form_material_process_or_context). Small copper rivet is a distinct fitting; preserve copper material.,safe_with_context,low,crafts-tools-processes,crafts-tools-processes/materials_registry/material_entities.csv#n1230:material_item:omi00770,candidate
data/normalized_source_tables/material_entities/material_entities.csv:OMI00771,Медная заклёпка с шайбой,new,include,,sourced,category-level evidence (category_form_material_process_or_context): data/normalized_source_tables/material_entities/material_entities.csv#OMI00771,A,1180–1260,Великий Новгород и Новгородская земля; центр модели — около 1230 года,include_d39,passed,No denylist stem matched the archive name.,unique,Copper rivet with washer is a distinct fitting; preserve copper material.,A: category-level evidence (category_form_material_process_or_context). Copper rivet with washer is a distinct fitting; preserve copper material.,safe_with_context,low,crafts-tools-processes,crafts-tools-processes/materials_registry/material_entities.csv#n1230:material_item:omi00771,candidate
data/normalized_source_tables/material_entities/material_entities.csv:OMI00772,Заготовка литой пряжечной рамки,variant,include,crafts-tools-processes/materials_registry/materials.csv#mt_copper,logical_necessity,data/normalized_source_tables/material_entities/material_entities.csv#OMI00772,B,1180–1260,Великий Новгород и Новгородская земля; центр модели — около 1230 года,add_variant,passed,No denylist stem matched the archive name.,variant_target,Reuses existing crafts owner crafts-tools-processes/materials_registry/materials.csv#mt_copper.,"B: reconstruction/category/context evidence; basis logical_necessity, not direct item attestation.",safe_with_explicit_context,medium,,,candidate
data/normalized_source_tables/material_entities/material_entities.csv:OMI00773,Язычок пряжки из медного сплава,new,include,,logical_necessity,data/normalized_source_tables/material_entities/material_entities.csv#OMI00773,B,1180–1260,Великий Новгород и Новгородская земля; центр модели — около 1230 года,include_d39,passed,No denylist stem matched the archive name.,unique,Reviewed semantic roots [медн пряжк сплав язычок] and family_key [buckle_tongue_copper]; no object identity collapsed after ignoring state/size/container/use modifiers.,"B: reconstruction/category/context evidence; basis logical_necessity, not direct item attestation.",safe_with_explicit_context,medium,,,candidate
data/normalized_source_tables/material_entities/material_entities.csv:OMI00774,Рамка малой пряжки без язычка,new,include,,logical_necessity,data/normalized_source_tables/material_entities/material_entities.csv#OMI00774,B,1180–1260,Великий Новгород и Новгородская земля; центр модели — около 1230 года,include_d39,passed,No denylist stem matched the archive name.,unique,Reviewed semantic roots [мал пряжк рамк язычк] and family_key [buckle_frame_copper]; no object identity collapsed after ignoring state/size/container/use modifiers.,"B: reconstruction/category/context evidence; basis logical_necessity, not direct item attestation.",safe_with_explicit_context,medium,,,candidate
data/normalized_source_tables/material_entities/material_entities.csv:OMI00775,Малая ременная накладка без орнамента,new,include,,logical_necessity,data/normalized_source_tables/material_entities/material_entities.csv#OMI00775,B,1180–1260,Великий Новгород и Новгородская земля; центр модели — около 1230 года,include_d39,passed,No denylist stem matched the archive name.,unique,Reviewed semantic roots [накладк орнамент ременн] and family_key [strap_mount_plain]; no object identity collapsed after ignoring state/size/container/use modifiers.,"B: reconstruction/category/context evidence; basis logical_necessity, not direct item attestation.",safe_with_explicit_context,medium,,,candidate
data/normalized_source_tables/material_entities/material_entities.csv:OMI00776,Заклёпка ременной накладки,new,include,,logical_necessity,data/normalized_source_tables/material_entities/material_entities.csv#OMI00776,B,1180–1260,Великий Новгород и Новгородская земля; центр модели — около 1230 года,include_d39,passed,No denylist stem matched the archive name.,unique,Reviewed semantic roots [заклепк накладк ременн] and family_key [strap_mount_rivet]; no object identity collapsed after ignoring state/size/container/use modifiers.,"B: reconstruction/category/context evidence; basis logical_necessity, not direct item attestation.",safe_with_explicit_context,medium,,,candidate
data/normalized_source_tables/material_entities/material_entities.csv:OMI00777,Литейный восковый стержень для канала,new,include,,analogy,data/normalized_source_tables/material_entities/material_entities.csv#OMI00777,C,1180–1260,Великий Новгород и Новгородская земля; центр модели — около 1230 года,include_d39,passed,No denylist stem matched the archive name.,unique,Reviewed semantic roots [восков канал литейн стержень] and family_key [casting_wax_sprue]; no object identity collapsed after ignoring state/size/container/use modifiers.,Confidence C: analogue/hypothesis; basis analogy.,explicit_context_only,high,,,candidate
data/normalized_source_tables/material_entities/material_entities.csv:OMI00778,Литой медный литник,new,include,,sourced,category-level evidence (category_form_material_process_or_context): data/normalized_source_tables/material_entities/material_entities.csv#OMI00778,A,1180–1260,Великий Новгород и Новгородская земля; центр модели — около 1230 года,include_d39,passed,No denylist stem matched the archive name.,unique,Reviewed semantic roots [лит литник медн] and family_key [copper_alloy_sprue]; no object identity collapsed after ignoring state/size/container/use modifiers.,A: category-level evidence (category_form_material_process_or_context).,safe_with_context,low,,,candidate
data/normalized_source_tables/material_entities/material_entities.csv:OMI00779,Литейная перемычка медного сплава,new,include,,sourced,category-level evidence (category_form_material_process_or_context): data/normalized_source_tables/material_entities/material_entities.csv#OMI00779,A,1180–1260,Великий Новгород и Новгородская земля; центр модели — около 1230 года,include_d39,passed,No denylist stem matched the archive name.,unique,Reviewed semantic roots [литейн медн перемычк сплав] and family_key [copper_alloy_runner]; no object identity collapsed after ignoring state/size/container/use modifiers.,A: category-level evidence (category_form_material_process_or_context).,safe_with_context,low,,,candidate
data/normalized_source_tables/material_entities/material_entities.csv:OMI00780,Литейный облой медного сплава,new,include,,sourced,category-level evidence (category_form_material_process_or_context): data/normalized_source_tables/material_entities/material_entities.csv#OMI00780,A,1180–1260,Великий Новгород и Новгородская земля; центр модели — около 1230 года,include_d39,passed,No denylist stem matched the archive name.,unique,Reviewed semantic roots [литейн медн обл сплав] and family_key [copper_alloy_flash]; no object identity collapsed after ignoring state/size/container/use modifiers.,A: category-level evidence (category_form_material_process_or_context).,safe_with_context,low,,,candidate
data/normalized_source_tables/material_entities/material_entities.csv:OMI00781,Неудачная пористая отливка,new,include,,sourced,category-level evidence (category_form_material_process_or_context): data/normalized_source_tables/material_entities/material_entities.csv#OMI00781,A,1180–1260,Великий Новгород и Новгородская земля; центр модели — около 1230 года,include_d39,passed,No denylist stem matched the archive name.,unique,Porous failed casting is production waste with independent identity; retain entity and nonferrous class.,A: category-level evidence (category_form_material_process_or_context). Porous failed casting is production waste with independent identity; retain entity and nonferrous class.,safe_with_context,low,crafts-tools-processes,crafts-tools-processes/materials_registry/material_entities.csv#n1230:material_item:omi00781,candidate
data/normalized_source_tables/material_entities/material_entities.csv:OMI00782,Непролитая отливка,new,include,,sourced,category-level evidence (category_form_material_process_or_context): data/normalized_source_tables/material_entities/material_entities.csv#OMI00782,A,1180–1260,Великий Новгород и Новгородская земля; центр модели — около 1230 года,include_d39,passed,No denylist stem matched the archive name.,unique,Incomplete casting is production waste with independent identity; retain entity and nonferrous class.,A: category-level evidence (category_form_material_process_or_context). Incomplete casting is production waste with independent identity; retain entity and nonferrous class.,safe_with_context,low,crafts-tools-processes,crafts-tools-processes/materials_registry/material_entities.csv#n1230:material_item:omi00782,candidate
data/normalized_source_tables/material_entities/material_entities.csv:OMI00783,Деформированная литая заготовка,new,include,,sourced,category-level evidence (category_form_material_process_or_context): data/normalized_source_tables/material_entities/material_entities.csv#OMI00783,A,1180–1260,Великий Новгород и Новгородская земля; центр модели — около 1230 года,include_d39,passed,No denylist stem matched the archive name.,unique,Deformed cast blank is a distinct production form; retain entity and nonferrous class.,A: category-level evidence (category_form_material_process_or_context). Deformed cast blank is a distinct production form; retain entity and nonferrous class.,safe_with_context,low,crafts-tools-processes,crafts-tools-processes/materials_registry/material_entities.csv#n1230:material_item:omi00783,candidate
data/normalized_source_tables/material_entities/material_entities.csv:OMI00784,Капля застывшего медного сплава,new,include,,sourced,category-level evidence (category_form_material_process_or_context): data/normalized_source_tables/material_entities/material_entities.csv#OMI00784,A,1180–1260,Великий Новгород и Новгородская земля; центр модели — около 1230 года,include_d39,passed,No denylist stem matched the archive name.,unique,Reviewed semantic roots [застывшег капл медн сплав] and family_key [copper_alloy_droplet]; no object identity collapsed after ignoring state/size/container/use modifiers.,A: category-level evidence (category_form_material_process_or_context).,safe_with_context,low,,,candidate
data/normalized_source_tables/material_entities/material_entities.csv:OMI00785,Брызги медного сплава на глине,new,include,,sourced,category-level evidence (category_form_material_process_or_context): data/normalized_source_tables/material_entities/material_entities.csv#OMI00785,A,1180–1260,Великий Новгород и Новгородская земля; центр модели — около 1230 года,include_d39,passed,No denylist stem matched the archive name.,unique,Copper-alloy splashes fused to clay are mixed foundry residue; retain distinct entity.,A: category-level evidence (category_form_material_process_or_context). Copper-alloy splashes fused to clay are mixed foundry residue; retain distinct entity.,safe_with_context,low,crafts-tools-processes,crafts-tools-processes/materials_registry/material_entities.csv#n1230:material_item:omi00785,candidate
data/normalized_source_tables/material_entities/material_entities.csv:OMI00786,Медная стружка после опиливания,new,include,,sourced,category-level evidence (category_form_material_process_or_context): data/normalized_source_tables/material_entities/material_entities.csv#OMI00786,A,1180–1260,Великий Новгород и Новгородская земля; центр модели — около 1230 года,include_d39,passed,No denylist stem matched the archive name.,unique,"Медная стружка — отход опиливания copper stock; это non-ferrous материал, не железная стружка OMI00733.",A: category-level evidence (category_form_material_process_or_context).,safe_with_context,low,,,candidate
data/normalized_source_tables/material_entities/material_entities.csv:OMI00787,Обрезки медной пластинки,new,include,,sourced,category-level evidence (category_form_material_process_or_context): data/normalized_source_tables/material_entities/material_entities.csv#OMI00787,A,1180–1260,Великий Новгород и Новгородская земля; центр модели — около 1230 года,include_d39,passed,No denylist stem matched the archive name.,unique,Reviewed semantic roots [медн обрезк пластинк] and family_key [copper_sheet_offcuts]; no object identity collapsed after ignoring state/size/container/use modifiers.,A: category-level evidence (category_form_material_process_or_context).,safe_with_context,low,,,candidate
data/normalized_source_tables/material_entities/material_entities.csv:OMI00788,Смешанные кусочки медного сплава для переплавки,variant,include,crafts-tools-processes/materials_registry/materials.csv#mt_copper,sourced,category-level evidence (category_form_material_process_or_context): data/normalized_source_tables/material_entities/material_entities.csv#OMI00788,A,1180–1260,Великий Новгород и Новгородская земля; центр модели — около 1230 года,add_variant,passed,No denylist stem matched the archive name.,variant_target,Reuses existing crafts owner crafts-tools-processes/materials_registry/materials.csv#mt_copper.,A: category-level evidence (category_form_material_process_or_context).,safe_with_context,low,,,candidate
data/normalized_source_tables/material_entities/material_entities.csv:OMI00789,Зелёная медная коррозия в порошке,new,include,,sourced,category-level evidence (category_form_material_process_or_context): data/normalized_source_tables/material_entities/material_entities.csv#OMI00789,A,1180–1260,Великий Новгород и Новгородская земля; центр модели — около 1230 года,include_d39,passed,No denylist stem matched the archive name.,unique,Reviewed semantic roots [зелен коррози медн порошк] and family_key [copper_corrosion_powder]; no object identity collapsed after ignoring state/size/container/use modifiers.,A: category-level evidence (category_form_material_process_or_context).,safe_with_context,low,,,candidate
data/normalized_source_tables/material_entities/material_entities.csv:OMI00790,Корродированный комок медной фурнитуры,new,include,,sourced,category-level evidence (category_form_material_process_or_context): data/normalized_source_tables/material_entities/material_entities.csv#OMI00790,A,1180–1260,Великий Новгород и Новгородская земля; центр модели — около 1230 года,include_d39,passed,No denylist stem matched the archive name.,unique,Reviewed semantic roots [комок корродированн медн фурнитур] and family_key [corroded_copper_fittings]; no object identity collapsed after ignoring state/size/container/use modifiers.,A: category-level evidence (category_form_material_process_or_context).,safe_with_context,low,,,candidate
data/normalized_source_tables/material_entities/material_entities.csv:OMI00791,Кусок свинцового слитка,variant,include,crafts-tools-processes/materials_registry/materials.csv#mt_lead,sourced,category-level evidence (category_form_material_process_or_context): data/normalized_source_tables/material_entities/material_entities.csv#OMI00791,A,1180–1260,Великий Новгород и Новгородская земля; центр модели — около 1230 года,add_variant,passed,No denylist stem matched the archive name.,variant_target,Reuses existing crafts owner crafts-tools-processes/materials_registry/materials.csv#mt_lead.,A: category-level evidence (category_form_material_process_or_context).,safe_with_context,low,,,candidate
data/normalized_source_tables/material_entities/material_entities.csv:OMI00792,Малый свинцовый слиток,variant,include,crafts-tools-processes/materials_registry/materials.csv#mt_lead,sourced,category-level evidence (category_form_material_process_or_context): data/normalized_source_tables/material_entities/material_entities.csv#OMI00792,A,1180–1260,Великий Новгород и Новгородская земля; центр модели — около 1230 года,add_variant,passed,No denylist stem matched the archive name.,variant_target,Reuses existing crafts owner crafts-tools-processes/materials_registry/materials.csv#mt_lead.,A: category-level evidence (category_form_material_process_or_context).,safe_with_context,low,,,candidate
data/normalized_source_tables/material_entities/material_entities.csv:OMI00793,Плоский свинцовый лист,variant,include,crafts-tools-processes/materials_registry/materials.csv#mt_lead,sourced,category-level evidence (category_form_material_process_or_context): data/normalized_source_tables/material_entities/material_entities.csv#OMI00793,A,1180–1260,Великий Новгород и Новгородская земля; центр модели — около 1230 года,add_variant,passed,No denylist stem matched the archive name.,variant_target,Reuses existing crafts owner crafts-tools-processes/materials_registry/materials.csv#mt_lead.,A: category-level evidence (category_form_material_process_or_context).,safe_with_context,low,,,candidate
data/normalized_source_tables/material_entities/material_entities.csv:OMI00794,Узкая свинцовая полоска,variant,include,crafts-tools-processes/materials_registry/materials.csv#mt_lead,sourced,category-level evidence (category_form_material_process_or_context): data/normalized_source_tables/material_entities/material_entities.csv#OMI00794,A,1180–1260,Великий Новгород и Новгородская земля; центр модели — около 1230 года,add_variant,passed,No denylist stem matched the archive name.,variant_target,Reuses existing crafts owner crafts-tools-processes/materials_registry/materials.csv#mt_lead.,A: category-level evidence (category_form_material_process_or_context).,safe_with_context,low,,,candidate
data/normalized_source_tables/material_entities/material_entities.csv:OMI00795,Свинцовый пруток,variant,include,crafts-tools-processes/materials_registry/materials.csv#mt_lead,sourced,category-level evidence (category_form_material_process_or_context): data/normalized_source_tables/material_entities/material_entities.csv#OMI00795,A,1180–1260,Великий Новгород и Новгородская земля; центр модели — около 1230 года,add_variant,passed,No denylist stem matched the archive name.,variant_target,Reuses existing crafts owner crafts-tools-processes/materials_registry/materials.csv#mt_lead.,A: category-level evidence (category_form_material_process_or_context).,safe_with_context,low,,,candidate
data/normalized_source_tables/material_entities/material_entities.csv:OMI00796,Свинцовая проволока толстая,variant,include,crafts-tools-processes/materials_registry/materials.csv#mt_lead,logical_necessity,data/normalized_source_tables/material_entities/material_entities.csv#OMI00796,B,1180–1260,Великий Новгород и Новгородская земля; центр модели — около 1230 года,add_variant,passed,No denylist stem matched the archive name.,variant_target,Reuses existing crafts owner crafts-tools-processes/materials_registry/materials.csv#mt_lead.,"B: reconstruction/category/context evidence; basis logical_necessity, not direct item attestation.",safe_with_explicit_context,medium,,,candidate
data/normalized_source_tables/material_entities/material_entities.csv:OMI00797,Свинцовый кружок без оттиска,variant,include,crafts-tools-processes/materials_registry/materials.csv#mt_lead,sourced,category-level evidence (category_form_material_process_or_context): data/normalized_source_tables/material_entities/material_entities.csv#OMI00797,A,1180–1260,Великий Новгород и Новгородская земля; центр модели — около 1230 года,add_variant,passed,No denylist stem matched the archive name.,variant_target,Reuses existing crafts owner crafts-tools-processes/materials_registry/materials.csv#mt_lead.,A: category-level evidence (category_form_material_process_or_context).,safe_with_context,low,,,candidate
data/normalized_source_tables/material_entities/material_entities.csv:OMI00798,Свинцовая пломбовая заготовка со шнуровым каналом,variant,include,crafts-tools-processes/materials_registry/materials.csv#mt_lead,sourced,category-level evidence (category_form_material_process_or_context): data/normalized_source_tables/material_entities/material_entities.csv#OMI00798,A,1180–1260,Великий Новгород и Новгородская земля; центр модели — около 1230 года,add_variant,passed,No denylist stem matched the archive name.,variant_target,Reuses existing crafts owner crafts-tools-processes/materials_registry/materials.csv#mt_lead.,A: category-level evidence (category_form_material_process_or_context).,safe_with_context,low,,,candidate
data/normalized_source_tables/material_entities/material_entities.csv:OMI00799,Половина свинцовой пломбовой заготовки,new,include,,sourced,category-level evidence (category_form_material_process_or_context): data/normalized_source_tables/material_entities/material_entities.csv#OMI00799,A,1180–1260,Великий Новгород и Новгородская земля; центр модели — около 1230 года,include_d39,passed,No denylist stem matched the archive name.,unique,Reviewed semantic roots [пломбов половин свинцов] and family_key [lead_seal_half]; no object identity collapsed after ignoring state/size/container/use modifiers.,A: category-level evidence (category_form_material_process_or_context).,safe_with_context,low,,,candidate
data/normalized_source_tables/material_entities/material_entities.csv:OMI00800,Свинцовая пломба без читаемого оттиска,new,routed,,sourced,category-level evidence (category_form_material_process_or_context): data/normalized_source_tables/material_entities/material_entities.csv#OMI00800,A,1180–1260,Великий Новгород и Новгородская земля; центр модели — около 1230 года,include_d39,passed,No denylist stem matched the archive name.,unique,Lead seal without readable impression is a condition variant of the existing personal trade seal.,A: category-level evidence (category_form_material_process_or_context). Lead seal without readable impression is a condition variant of the existing personal trade seal.,safe_with_context,low,items-household-personal,items-household-personal/items/personal.csv#it_ps_lead_plomb,routed
data/normalized_source_tables/material_entities/material_entities.csv:OMI00801,Свинцовая пломба с оборванным шнуром,new,routed,,sourced,category-level evidence (category_form_material_process_or_context): data/normalized_source_tables/material_entities/material_entities.csv#OMI00801,A,1180–1260,Великий Новгород и Новгородская земля; центр модели — около 1230 года,include_d39,passed,No denylist stem matched the archive name.,unique,Seal with broken cord is a damage state of the existing personal lead trade seal.,A: category-level evidence (category_form_material_process_or_context). Seal with broken cord is a damage state of the existing personal lead trade seal.,safe_with_context,low,items-household-personal,items-household-personal/items/personal.csv#it_ps_lead_plomb,routed
data/normalized_source_tables/material_entities/material_entities.csv:OMI00802,"Свинцовый комок, обжатый вокруг шнура",new,routed,,logical_necessity,data/normalized_source_tables/material_entities/material_entities.csv#OMI00802,B,1180–1260,Великий Новгород и Новгородская земля; центр модели — около 1230 года,include_d39,passed,No denylist stem matched the archive name.,unique,Lead mass compressed around cord is a construction or attachment variant of the existing personal seal.,"B: reconstruction/category/context evidence; basis logical_necessity, not direct item attestation. Lead mass compressed around cord is a construction or attachment variant of the existing personal seal.",safe_with_explicit_context,medium,items-household-personal,items-household-personal/items/personal.csv#it_ps_lead_plomb,routed
data/normalized_source_tables/material_entities/material_entities.csv:OMI00803,Свинцовая лента для обжима,variant,include,crafts-tools-processes/materials_registry/materials.csv#mt_lead,logical_necessity,data/normalized_source_tables/material_entities/material_entities.csv#OMI00803,B,1180–1260,Великий Новгород и Новгородская земля; центр модели — около 1230 года,include_d39,passed,No denylist stem matched the archive name.,variant_target,Lead strip form is a material-stage variant; preserve lead. Reuses existing crafts owner crafts-tools-processes/materials_registry/materials.csv#mt_lead.,"B: reconstruction/category/context evidence; basis logical_necessity, not direct item attestation. Lead strip form is a material-stage variant; preserve lead.",safe_with_explicit_context,medium,,,candidate
data/normalized_source_tables/material_entities/material_entities.csv:OMI00804,Свинцовая заплата на сосуд или кровельную деталь,new,include,,analogy,data/normalized_source_tables/material_entities/material_entities.csv#OMI00804,C,1180–1260,Великий Новгород и Новгородская земля; центр модели — около 1230 года,include_d39,passed,No denylist stem matched the archive name.,unique,Reviewed semantic roots [деталь заплат кровельн свинцов сосуд] and family_key [lead_patch]; no object identity collapsed after ignoring state/size/container/use modifiers.,Confidence C: analogue/hypothesis; basis analogy.,explicit_context_only,high,,,candidate
data/normalized_source_tables/material_entities/material_entities.csv:OMI00805,Свинцовая прокладка под крепёж,new,include,,logical_necessity,data/normalized_source_tables/material_entities/material_entities.csv#OMI00805,B,1180–1260,Великий Новгород и Новгородская земля; центр модели — около 1230 года,include_d39,passed,No denylist stem matched the archive name.,unique,Reviewed semantic roots [крепеж под прокладк свинцов] and family_key [lead_washer]; no object identity collapsed after ignoring state/size/container/use modifiers.,"B: reconstruction/category/context evidence; basis logical_necessity, not direct item attestation.",safe_with_explicit_context,medium,,,candidate
data/normalized_source_tables/material_entities/material_entities.csv:OMI00806,Свинцовый груз без отверстия,variant,include,crafts-tools-processes/craft_tools_gear/tools_gear.csv#tl_net_sinker,sourced,category-level evidence (category_form_material_process_or_context): data/normalized_source_tables/material_entities/material_entities.csv#OMI00806,A,1180–1260,Великий Новгород и Новгородская земля; центр модели — около 1230 года,add_variant,passed,No denylist stem matched the archive name.,variant_target,"Непросверленное lead грузило сохраняет свинцовую форму, но относится к существующему net-sinker классу с деревянными и каменными грузилами; металл — вариация материала, не новая функция. Reuses existing crafts owner crafts-tools-processes/craft_tools_gear/tools_gear.csv#tl_net_sinker.","A: category-level evidence (category_form_material_process_or_context). Непросверленное lead грузило сохраняет свинцовую форму, но относится к существующему net-sinker классу с деревянными и каменными грузилами; металл — вариация материала, не новая функция.",safe_with_context,low,,,candidate
data/normalized_source_tables/material_entities/material_entities.csv:OMI00807,Свинцовый груз с продольным каналом,new,include,,sourced,category-level evidence (category_form_material_process_or_context): data/normalized_source_tables/material_entities/material_entities.csv#OMI00807,A,1180–1260,Великий Новгород и Новгородская земля; центр модели — около 1230 года,include_d39,passed,No denylist stem matched the archive name.,unique,Reviewed semantic roots [груз канал продольн свинцов] and family_key [grooved_lead_weight]; no object identity collapsed after ignoring state/size/container/use modifiers.,A: category-level evidence (category_form_material_process_or_context).,safe_with_context,low,,,candidate
data/normalized_source_tables/material_entities/material_entities.csv:OMI00808,Сплющенное свинцовое грузило,variant,include,crafts-tools-processes/craft_tools_gear/tools_gear.csv#tl_net_sinker,sourced,category-level evidence (category_form_material_process_or_context): data/normalized_source_tables/material_entities/material_entities.csv#OMI00808,A,1180–1260,Великий Новгород и Новгородская земля; центр модели — около 1230 года,include_d39,passed,No denylist stem matched the archive name.,variant_target,"Сплющенное lead грузило — металлическое исполнение того же сетного sinker tool; lead заменяет обычные wood/stone варианты, не создавая другой снастевой предмет. Reuses existing crafts owner crafts-tools-processes/craft_tools_gear/tools_gear.csv#tl_net_sinker.","A: category-level evidence (category_form_material_process_or_context). Сплющенное lead грузило — металлическое исполнение того же сетного sinker tool; lead заменяет обычные wood/stone варианты, не создавая другой снастевой предмет.",safe_with_context,low,,,candidate
data/normalized_source_tables/material_entities/material_entities.csv:OMI00809,Отрезанный кусок свинца для переплавки,variant,include,crafts-tools-processes/materials_registry/materials.csv#mt_lead,sourced,category-level evidence (category_form_material_process_or_context): data/normalized_source_tables/material_entities/material_entities.csv#OMI00809,A,1180–1260,Великий Новгород и Новгородская земля; центр модели — около 1230 года,include_d39,passed,No denylist stem matched the archive name.,variant_target,Lead offcut for remelting is a material-stage variant; never map to iron. Reuses existing crafts owner crafts-tools-processes/materials_registry/materials.csv#mt_lead.,A: category-level evidence (category_form_material_process_or_context). Lead offcut for remelting is a material-stage variant; never map to iron.,safe_with_context,low,,,candidate
data/normalized_source_tables/material_entities/material_entities.csv:OMI00810,Свинцовая стружка и крошка,new,include,,sourced,category-level evidence (category_form_material_process_or_context): data/normalized_source_tables/material_entities/material_entities.csv#OMI00810,A,1180–1260,Великий Новгород и Новгородская земля; центр модели — около 1230 года,include_d39,passed,No denylist stem matched the archive name.,unique,Reviewed semantic roots [крошк свинцов стружк] and family_key [lead_shavings]; no object identity collapsed after ignoring state/size/container/use modifiers.,A: category-level evidence (category_form_material_process_or_context).,safe_with_context,low,,,candidate
data/normalized_source_tables/material_entities/material_entities.csv:OMI00811,Капля застывшего свинца,new,include,,sourced,category-level evidence (category_form_material_process_or_context): data/normalized_source_tables/material_entities/material_entities.csv#OMI00811,A,1180–1260,Великий Новгород и Новгородская земля; центр модели — около 1230 года,include_d39,passed,No denylist stem matched the archive name.,unique,Reviewed semantic roots [застывшег капл свинц] and family_key [lead_droplet]; no object identity collapsed after ignoring state/size/container/use modifiers.,A: category-level evidence (category_form_material_process_or_context).,safe_with_context,low,,,candidate
data/normalized_source_tables/material_entities/material_entities.csv:OMI00812,Литник свинцовой отливки,new,include,,sourced,category-level evidence (category_form_material_process_or_context): data/normalized_source_tables/material_entities/material_entities.csv#OMI00812,A,1180–1260,Великий Новгород и Новгородская земля; центр модели — около 1230 года,include_d39,passed,No denylist stem matched the archive name.,unique,Reviewed semantic roots [литник отливк свинцов] and family_key [lead_sprue]; no object identity collapsed after ignoring state/size/container/use modifiers.,A: category-level evidence (category_form_material_process_or_context).,safe_with_context,low,,,candidate
data/normalized_source_tables/material_entities/material_entities.csv:OMI00813,Смятая свинцовая пластинка,variant,include,crafts-tools-processes/materials_registry/materials.csv#mt_lead,sourced,category-level evidence (category_form_material_process_or_context): data/normalized_source_tables/material_entities/material_entities.csv#OMI00813,A,1180–1260,Великий Новгород и Новгородская земля; центр модели — около 1230 года,include_d39,passed,No denylist stem matched the archive name.,variant_target,Crushed lead plate is a form or state variant; no separate entity. Reuses existing crafts owner crafts-tools-processes/materials_registry/materials.csv#mt_lead.,A: category-level evidence (category_form_material_process_or_context). Crushed lead plate is a form or state variant; no separate entity.,safe_with_context,low,,,candidate
data/normalized_source_tables/material_entities/material_entities.csv:OMI00814,Корродированный белёсый кусок свинца,variant,include,crafts-tools-processes/materials_registry/materials.csv#mt_lead,sourced,category-level evidence (category_form_material_process_or_context): data/normalized_source_tables/material_entities/material_entities.csv#OMI00814,A,1180–1260,Великий Новгород и Новгородская земля; центр модели — около 1230 года,include_d39,passed,No denylist stem matched the archive name.,variant_target,Corroded lead piece is a material-state variant; no separate entity. Reuses existing crafts owner crafts-tools-processes/materials_registry/materials.csv#mt_lead.,A: category-level evidence (category_form_material_process_or_context). Corroded lead piece is a material-state variant; no separate entity.,safe_with_context,low,,,candidate
data/normalized_source_tables/material_entities/material_entities.csv:OMI00815,Кусок оловянного слитка,variant,include,crafts-tools-processes/materials_registry/materials.csv#mt_tin,logical_necessity,data/normalized_source_tables/material_entities/material_entities.csv#OMI00815,B,1180–1260,Великий Новгород и Новгородская земля; центр модели — около 1230 года,add_variant,passed,No denylist stem matched the archive name.,variant_target,Reuses existing crafts owner crafts-tools-processes/materials_registry/materials.csv#mt_tin.,"B: reconstruction/category/context evidence; basis logical_necessity, not direct item attestation.",safe_with_explicit_context,medium,,,candidate
data/normalized_source_tables/material_entities/material_entities.csv:OMI00816,Малый комок олова,variant,include,crafts-tools-processes/materials_registry/materials.csv#mt_tin,logical_necessity,data/normalized_source_tables/material_entities/material_entities.csv#OMI00816,B,1180–1260,Великий Новгород и Новгородская земля; центр модели — около 1230 года,add_variant,passed,No denylist stem matched the archive name.,variant_target,Reuses existing crafts owner crafts-tools-processes/materials_registry/materials.csv#mt_tin.,"B: reconstruction/category/context evidence; basis logical_necessity, not direct item attestation.",safe_with_explicit_context,medium,,,candidate
data/normalized_source_tables/material_entities/material_entities.csv:OMI00817,Тонкая оловянная полоска,variant,include,crafts-tools-processes/materials_registry/materials.csv#mt_tin,analogy,data/normalized_source_tables/material_entities/material_entities.csv#OMI00817,C,1180–1260,Великий Новгород и Новгородская земля; центр модели — около 1230 года,add_variant,passed,No denylist stem matched the archive name.,variant_target,Reuses existing crafts owner crafts-tools-processes/materials_registry/materials.csv#mt_tin.,Confidence C: analogue/hypothesis; basis analogy.,explicit_context_only,high,,,candidate
data/normalized_source_tables/material_entities/material_entities.csv:OMI00818,Кусочек мягкого припоя,variant,include,crafts-tools-processes/materials_registry/materials.csv#mt_nonferrous_generic,logical_necessity,data/normalized_source_tables/material_entities/material_entities.csv#OMI00818,B,1180–1260,Великий Новгород и Новгородская земля; центр модели — около 1230 года,include_d39,passed,No denylist stem matched the archive name.,variant_target,Solder composition unspecified; preserve generic nonferrous material and treat piece form as variant. Reuses existing crafts owner crafts-tools-processes/materials_registry/materials.csv#mt_nonferrous_generic.,"B: reconstruction/category/context evidence; basis logical_necessity, not direct item attestation. Solder composition unspecified; preserve generic nonferrous material and treat piece form as variant.",safe_with_explicit_context,medium,,,candidate
data/normalized_source_tables/material_entities/material_entities.csv:OMI00819,Палочка припоя,variant,include,crafts-tools-processes/materials_registry/materials.csv#mt_nonferrous_generic,logical_necessity,data/normalized_source_tables/material_entities/material_entities.csv#OMI00819,B,1180–1260,Великий Новгород и Новгородская земля; центр модели — около 1230 года,include_d39,passed,No denylist stem matched the archive name.,variant_target,Solder composition unspecified; preserve generic nonferrous material and treat rod form as variant. Reuses existing crafts owner crafts-tools-processes/materials_registry/materials.csv#mt_nonferrous_generic.,"B: reconstruction/category/context evidence; basis logical_necessity, not direct item attestation. Solder composition unspecified; preserve generic nonferrous material and treat rod form as variant.",safe_with_explicit_context,medium,,,candidate
data/normalized_source_tables/material_entities/material_entities.csv:OMI00820,Капля застывшего припоя,new,include,,logical_necessity,data/normalized_source_tables/material_entities/material_entities.csv#OMI00820,B,1180–1260,Великий Новгород и Новгородская земля; центр модели — около 1230 года,include_d39,passed,No denylist stem matched the archive name.,unique,Reviewed semantic roots [застывшег капл припо] and family_key [solder_droplet]; no object identity collapsed after ignoring state/size/container/use modifiers.,"B: reconstruction/category/context evidence; basis logical_necessity, not direct item attestation.",safe_with_explicit_context,medium,,,candidate
data/normalized_source_tables/material_entities/material_entities.csv:OMI00821,Наплыв припоя на медной детали,new,include,,logical_necessity,data/normalized_source_tables/material_entities/material_entities.csv#OMI00821,B,1180–1260,Великий Новгород и Новгородская земля; центр модели — около 1230 года,include_d39,passed,No denylist stem matched the archive name.,unique,Reviewed semantic roots [детал медн наплыв припо] and family_key [solder_blob_on_copper]; no object identity collapsed after ignoring state/size/container/use modifiers.,"B: reconstruction/category/context evidence; basis logical_necessity, not direct item attestation.",safe_with_explicit_context,medium,,,candidate
data/normalized_source_tables/material_entities/material_entities.csv:OMI00822,Обрезок сплава белого металла,new,include,,analogy,data/normalized_source_tables/material_entities/material_entities.csv#OMI00822,C,1180–1260,Великий Новгород и Новгородская земля; центр модели — около 1230 года,include_d39,passed,No denylist stem matched the archive name.,unique,Reviewed semantic roots [бел металл обрезок сплав] and family_key [white_metal_scrap]; no object identity collapsed after ignoring state/size/container/use modifiers.,Confidence C: analogue/hypothesis; basis analogy.,explicit_context_only,high,,,candidate
data/normalized_source_tables/material_entities/material_entities.csv:OMI00823,Малый обрубок серебряного слитка,variant,include,crafts-tools-processes/materials_registry/materials.csv#mt_silver,sourced,category-level evidence (category_form_material_process_or_context): data/normalized_source_tables/material_entities/material_entities.csv#OMI00823,A,1180–1260,Великий Новгород и Новгородская земля; центр модели — около 1230 года,add_variant,passed,No denylist stem matched the archive name.,variant_target,Reuses existing crafts owner crafts-tools-processes/materials_registry/materials.csv#mt_silver.,A: category-level evidence (category_form_material_process_or_context).,safe_with_context,low,,,candidate
data/normalized_source_tables/material_entities/material_entities.csv:OMI00824,Плоская серебряная пластинка,variant,include,crafts-tools-processes/materials_registry/materials.csv#mt_silver,sourced,category-level evidence (category_form_material_process_or_context): data/normalized_source_tables/material_entities/material_entities.csv#OMI00824,A,1180–1260,Великий Новгород и Новгородская земля; центр модели — около 1230 года,add_variant,passed,No denylist stem matched the archive name.,variant_target,Reuses existing crafts owner crafts-tools-processes/materials_registry/materials.csv#mt_silver.,A: category-level evidence (category_form_material_process_or_context).,safe_with_context,low,,,candidate
data/normalized_source_tables/material_entities/material_entities.csv:OMI00825,Узкая серебряная полоска,variant,include,crafts-tools-processes/materials_registry/materials.csv#mt_silver,sourced,category-level evidence (category_form_material_process_or_context): data/normalized_source_tables/material_entities/material_entities.csv#OMI00825,A,1180–1260,Великий Новгород и Новгородская земля; центр модели — около 1230 года,add_variant,passed,No denylist stem matched the archive name.,variant_target,Reuses existing crafts owner crafts-tools-processes/materials_registry/materials.csv#mt_silver.,A: category-level evidence (category_form_material_process_or_context).,safe_with_context,low,,,candidate
data/normalized_source_tables/material_entities/material_entities.csv:OMI00826,Тонкая серебряная проволока,variant,include,crafts-tools-processes/materials_registry/materials.csv#mt_silver,sourced,category-level evidence (category_form_material_process_or_context): data/normalized_source_tables/material_entities/material_entities.csv#OMI00826,A,1180–1260,Великий Новгород и Новгородская земля; центр модели — около 1230 года,add_variant,passed,No denylist stem matched the archive name.,variant_target,Reuses existing crafts owner crafts-tools-processes/materials_registry/materials.csv#mt_silver.,A: category-level evidence (category_form_material_process_or_context).,safe_with_context,low,,,candidate
data/normalized_source_tables/material_entities/material_entities.csv:OMI00827,Толстая серебряная проволока,variant,include,crafts-tools-processes/materials_registry/materials.csv#mt_silver,sourced,category-level evidence (category_form_material_process_or_context): data/normalized_source_tables/material_entities/material_entities.csv#OMI00827,A,1180–1260,Великий Новгород и Новгородская земля; центр модели — около 1230 года,add_variant,passed,No denylist stem matched the archive name.,variant_target,Reuses existing crafts owner crafts-tools-processes/materials_registry/materials.csv#mt_silver.,A: category-level evidence (category_form_material_process_or_context).,safe_with_context,low,,,candidate
data/normalized_source_tables/material_entities/material_entities.csv:OMI00828,Малый моток серебряной проволоки,variant,include,crafts-tools-processes/materials_registry/materials.csv#mt_silver,sourced,category-level evidence (category_form_material_process_or_context): data/normalized_source_tables/material_entities/material_entities.csv#OMI00828,A,1180–1260,Великий Новгород и Новгородская земля; центр модели — около 1230 года,add_variant,passed,No denylist stem matched the archive name.,variant_target,Reuses existing crafts owner crafts-tools-processes/materials_registry/materials.csv#mt_silver.,A: category-level evidence (category_form_material_process_or_context).,safe_with_context,low,,,candidate
data/normalized_source_tables/material_entities/material_entities.csv:OMI00829,Серебряный пруток малый,variant,include,crafts-tools-processes/materials_registry/materials.csv#mt_silver,sourced,category-level evidence (category_form_material_process_or_context): data/normalized_source_tables/material_entities/material_entities.csv#OMI00829,A,1180–1260,Великий Новгород и Новгородская земля; центр модели — около 1230 года,add_variant,passed,No denylist stem matched the archive name.,variant_target,Reuses existing crafts owner crafts-tools-processes/materials_registry/materials.csv#mt_silver.,A: category-level evidence (category_form_material_process_or_context).,safe_with_context,low,,,candidate
data/normalized_source_tables/material_entities/material_entities.csv:OMI00830,Серебряный кружок без изображения,variant,include,crafts-tools-processes/materials_registry/materials.csv#mt_silver,logical_necessity,data/normalized_source_tables/material_entities/material_entities.csv#OMI00830,B,1180–1260,Великий Новгород и Новгородская земля; центр модели — около 1230 года,add_variant,passed,No denylist stem matched the archive name.,variant_target,Reuses existing crafts owner crafts-tools-processes/materials_registry/materials.csv#mt_silver.,"B: reconstruction/category/context evidence; basis logical_necessity, not direct item attestation.",safe_with_explicit_context,medium,,,candidate
data/normalized_source_tables/material_entities/material_entities.csv:OMI00831,Серебряное колечко незамкнутое,new,include,,sourced,category-level evidence (category_form_material_process_or_context): data/normalized_source_tables/material_entities/material_entities.csv#OMI00831,A,1180–1260,Великий Новгород и Новгородская земля; центр модели — около 1230 года,include_d39,passed,No denylist stem matched the archive name.,unique,Reviewed semantic roots [колечк незамкнут серебрян] and family_key [silver_open_ring]; no object identity collapsed after ignoring state/size/container/use modifiers.,A: category-level evidence (category_form_material_process_or_context).,safe_with_context,low,,,candidate
data/normalized_source_tables/material_entities/material_entities.csv:OMI00832,Скрученная серебряная проволока,variant,include,crafts-tools-processes/materials_registry/materials.csv#mt_silver,sourced,category-level evidence (category_form_material_process_or_context): data/normalized_source_tables/material_entities/material_entities.csv#OMI00832,A,1180–1260,Великий Новгород и Новгородская земля; центр модели — около 1230 года,add_variant,passed,No denylist stem matched the archive name.,variant_target,Reuses existing crafts owner crafts-tools-processes/materials_registry/materials.csv#mt_silver.,A: category-level evidence (category_form_material_process_or_context).,safe_with_context,low,,,candidate
data/normalized_source_tables/material_entities/material_entities.csv:OMI00833,Серебряная зернь отдельная,variant,include,crafts-tools-processes/materials_registry/materials.csv#mt_silver,logical_necessity,data/normalized_source_tables/material_entities/material_entities.csv#OMI00833,B,1180–1260,Великий Новгород и Новгородская земля; центр модели — около 1230 года,include_d39,passed,No denylist stem matched the archive name.,variant_target,Silver granule is a form or portion variant of silver. Reuses existing crafts owner crafts-tools-processes/materials_registry/materials.csv#mt_silver.,"B: reconstruction/category/context evidence; basis logical_necessity, not direct item attestation. Silver granule is a form or portion variant of silver.",safe_with_explicit_context,medium,,,candidate
data/normalized_source_tables/material_entities/material_entities.csv:OMI00834,Кучка серебряной зерни,variant,include,crafts-tools-processes/materials_registry/materials.csv#mt_silver,logical_necessity,data/normalized_source_tables/material_entities/material_entities.csv#OMI00834,B,1180–1260,Великий Новгород и Новгородская земля; центр модели — около 1230 года,add_variant,passed,No denylist stem matched the archive name.,variant_target,Reuses existing crafts owner crafts-tools-processes/materials_registry/materials.csv#mt_silver.,"B: reconstruction/category/context evidence; basis logical_necessity, not direct item attestation.",safe_with_explicit_context,medium,,,candidate
data/normalized_source_tables/material_entities/material_entities.csv:OMI00835,Серебряный литник,new,include,,sourced,category-level evidence (category_form_material_process_or_context): data/normalized_source_tables/material_entities/material_entities.csv#OMI00835,A,1180–1260,Великий Новгород и Новгородская земля; центр модели — около 1230 года,include_d39,passed,No denylist stem matched the archive name.,unique,Reviewed semantic roots [литник серебрян] and family_key [silver_sprue]; no object identity collapsed after ignoring state/size/container/use modifiers.,A: category-level evidence (category_form_material_process_or_context).,safe_with_context,low,,,candidate
data/normalized_source_tables/material_entities/material_entities.csv:OMI00836,Серебряный облой,new,include,,sourced,category-level evidence (category_form_material_process_or_context): data/normalized_source_tables/material_entities/material_entities.csv#OMI00836,A,1180–1260,Великий Новгород и Новгородская земля; центр модели — около 1230 года,include_d39,passed,No denylist stem matched the archive name.,unique,Reviewed semantic roots [обл серебрян] and family_key [silver_casting_flash]; no object identity collapsed after ignoring state/size/container/use modifiers.,A: category-level evidence (category_form_material_process_or_context).,safe_with_context,low,,,candidate
data/normalized_source_tables/material_entities/material_entities.csv:OMI00837,Серебряные опилки,new,include,,sourced,category-level evidence (category_form_material_process_or_context): data/normalized_source_tables/material_entities/material_entities.csv#OMI00837,A,1180–1260,Великий Новгород и Новгородская земля; центр модели — около 1230 года,include_d39,passed,No denylist stem matched the archive name.,unique,Серебряные опилки — мелкодисперсный precious-metal отход; серебро отличает их от костяных опилок OMI00982.,A: category-level evidence (category_form_material_process_or_context).,safe_with_context,low,,,candidate
data/normalized_source_tables/material_entities/material_entities.csv:OMI00838,Серебряные обрезки листа,new,include,,sourced,category-level evidence (category_form_material_process_or_context): data/normalized_source_tables/material_entities/material_entities.csv#OMI00838,A,1180–1260,Великий Новгород и Новгородская земля; центр модели — около 1230 года,include_d39,passed,No denylist stem matched the archive name.,unique,Reviewed semantic roots [лист обрезк серебрян] and family_key [silver_sheet_clippings]; no object identity collapsed after ignoring state/size/container/use modifiers.,A: category-level evidence (category_form_material_process_or_context).,safe_with_context,low,,,candidate
data/normalized_source_tables/material_entities/material_entities.csv:OMI00839,Капля застывшего серебра,new,include,,sourced,category-level evidence (category_form_material_process_or_context): data/normalized_source_tables/material_entities/material_entities.csv#OMI00839,A,1180–1260,Великий Новгород и Новгородская земля; центр модели — около 1230 года,include_d39,passed,No denylist stem matched the archive name.,unique,Reviewed semantic roots [застывшег капл серебр] and family_key [silver_droplet]; no object identity collapsed after ignoring state/size/container/use modifiers.,A: category-level evidence (category_form_material_process_or_context).,safe_with_context,low,,,candidate
data/normalized_source_tables/material_entities/material_entities.csv:OMI00840,Неудачная серебряная отливка,new,include,,sourced,category-level evidence (category_form_material_process_or_context): data/normalized_source_tables/material_entities/material_entities.csv#OMI00840,A,1180–1260,Великий Новгород и Новгородская земля; центр модели — около 1230 года,include_d39,passed,No denylist stem matched the archive name.,unique,Reviewed semantic roots [неудачн отливк серебрян] and family_key [silver_miscast]; no object identity collapsed after ignoring state/size/container/use modifiers.,A: category-level evidence (category_form_material_process_or_context).,safe_with_context,low,,,candidate
data/normalized_source_tables/material_entities/material_entities.csv:OMI00841,Обломок серебряной фурнитуры,new,include,,sourced,category-level evidence (category_form_material_process_or_context): data/normalized_source_tables/material_entities/material_entities.csv#OMI00841,A,1180–1260,Великий Новгород и Новгородская земля; центр модели — около 1230 года,include_d39,passed,No denylist stem matched the archive name.,unique,Reviewed semantic roots [серебрян фурнитур] and family_key [broken_silver_fitting]; no object identity collapsed after ignoring state/size/container/use modifiers.,A: category-level evidence (category_form_material_process_or_context).,safe_with_context,low,,,candidate
data/normalized_source_tables/material_entities/material_entities.csv:OMI00842,Пыль с угольного рабочего места ювелира,new,include,,logical_necessity,data/normalized_source_tables/material_entities/material_entities.csv#OMI00842,B,1180–1260,Великий Новгород и Новгородская земля; центр модели — около 1230 года,include_d39,passed,No denylist stem matched the archive name.,unique,Goldsmith floor dust is a distinct workshop waste accumulation; retain entity.,"B: reconstruction/category/context evidence; basis logical_necessity, not direct item attestation. Goldsmith floor dust is a distinct workshop waste accumulation; retain entity.",safe_with_explicit_context,medium,crafts-tools-processes,crafts-tools-processes/materials_registry/material_entities.csv#n1230:material_item:omi00842,candidate
data/normalized_source_tables/material_entities/material_entities.csv:OMI00843,Кусок серебра с пробным надрезом,variant,include,crafts-tools-processes/materials_registry/materials.csv#mt_silver,logical_necessity,data/normalized_source_tables/material_entities/material_entities.csv#OMI00843,B,1180–1260,Великий Новгород и Новгородская земля; центр модели — около 1230 года,include_d39,passed,No denylist stem matched the archive name.,variant_target,Silver with test cut remains silver; mark and form are properties. Reuses existing crafts owner crafts-tools-processes/materials_registry/materials.csv#mt_silver.,"B: reconstruction/category/context evidence; basis logical_necessity, not direct item attestation. Silver with test cut remains silver; mark and form are properties.",safe_with_explicit_context,medium,,,candidate
data/normalized_source_tables/material_entities/material_entities.csv:OMI00844,Рубленый серебряный фрагмент неправильной формы,new,include,,sourced,category-level evidence (category_form_material_process_or_context): data/normalized_source_tables/material_entities/material_entities.csv#OMI00844,A,1180–1260,Великий Новгород и Новгородская земля; центр модели — около 1230 года,include_d39,passed,No denylist stem matched the archive name.,unique,Reviewed semantic roots [неправильн рублен серебрян форм фрагмент] and family_key [chopped_silver_fragment]; no object identity collapsed after ignoring state/size/container/use modifiers.,A: category-level evidence (category_form_material_process_or_context).,safe_with_context,low,,,candidate
data/normalized_source_tables/material_entities/material_entities.csv:OMI00845,Серебряный обрезок с краем старой вещи,new,include,,sourced,category-level evidence (category_form_material_process_or_context): data/normalized_source_tables/material_entities/material_entities.csv#OMI00845,A,1180–1260,Великий Новгород и Новгородская земля; центр модели — около 1230 года,include_d39,passed,No denylist stem matched the archive name.,unique,Reviewed semantic roots [вещ кра обрезок серебрян стар] and family_key [reused_silver_fragment]; no object identity collapsed after ignoring state/size/container/use modifiers.,A: category-level evidence (category_form_material_process_or_context).,safe_with_context,low,,,candidate
data/normalized_source_tables/material_entities/material_entities.csv:OMI00846,Обломок тигля с медными наплывами,variant,include,crafts-tools-processes/craft_tools_gear/tools_gear.csv#tl_crucible,sourced,category-level evidence (category_form_material_process_or_context): data/normalized_source_tables/material_entities/material_entities.csv#OMI00846,A,1180–1260,Великий Новгород и Новгородская земля; центр модели — около 1230 года,include_d39,passed,No denylist stem matched the archive name.,variant_target,"Copper droplets fused to the clay body show that this is a broken clay crucible, not copper stock; the residue records its casting use. Reuses existing crafts owner crafts-tools-processes/craft_tools_gear/tools_gear.csv#tl_crucible.",A: category-level evidence (category_form_material_process_or_context).,safe_with_context,low,,,candidate
data/normalized_source_tables/material_entities/material_entities.csv:OMI00847,Обломок тигля со свинцовым наплывом,variant,include,crafts-tools-processes/craft_tools_gear/tools_gear.csv#tl_crucible,sourced,category-level evidence (category_form_material_process_or_context): data/normalized_source_tables/material_entities/material_entities.csv#OMI00847,A,1180–1260,Великий Новгород и Новгородская земля; центр модели — около 1230 года,include_d39,passed,No denylist stem matched the archive name.,variant_target,"Lead droplets fused to the clay body show that this is a broken clay crucible, not lead stock; the residue records its casting use. Reuses existing crafts owner crafts-tools-processes/craft_tools_gear/tools_gear.csv#tl_crucible.",A: category-level evidence (category_form_material_process_or_context).,safe_with_context,low,,,candidate
data/normalized_source_tables/material_entities/material_entities.csv:OMI00848,Обломок тигля с серебряными следами,variant,include,crafts-tools-processes/craft_tools_gear/tools_gear.csv#tl_crucible,logical_necessity,data/normalized_source_tables/material_entities/material_entities.csv#OMI00848,B,1180–1260,Великий Новгород и Новгородская земля; центр модели — около 1230 года,include_d39,passed,No denylist stem matched the archive name.,variant_target,"Silver traces on the clay body show that this is a broken clay crucible, not silver stock; the residue records its casting use. Reuses existing crafts owner crafts-tools-processes/craft_tools_gear/tools_gear.csv#tl_crucible.","B: reconstruction/category/context evidence; basis logical_necessity, not direct item attestation.",safe_with_explicit_context,medium,,,candidate
data/normalized_source_tables/material_entities/material_entities.csv:OMI00849,Дно использованного тигля,variant,include,crafts-tools-processes/craft_tools_gear/tools_gear.csv#tl_crucible,sourced,category-level evidence (category_form_material_process_or_context): data/normalized_source_tables/material_entities/material_entities.csv#OMI00849,A,1180–1260,Великий Новгород и Новгородская земля; центр модели — около 1230 года,include_d39,passed,No denylist stem matched the archive name.,variant_target,"Used crucible bottom is a surviving fragment of the crucible tool, not a second material entity. Reuses existing crafts owner crafts-tools-processes/craft_tools_gear/tools_gear.csv#tl_crucible.",A: category-level evidence (category_form_material_process_or_context).,safe_with_context,low,,,candidate
data/normalized_source_tables/material_entities/material_entities.csv:OMI00850,Носик литейного тигля,variant,include,crafts-tools-processes/craft_tools_gear/tools_gear.csv#tl_crucible,sourced,category-level evidence (category_form_material_process_or_context): data/normalized_source_tables/material_entities/material_entities.csv#OMI00850,A,1180–1260,Великий Новгород и Новгородская земля; центр модели — около 1230 года,include_d39,passed,No denylist stem matched the archive name.,variant_target,Crucible spout is a broken tool component and resolves to the reviewed tl_crucible identity. Reuses existing crafts owner crafts-tools-processes/craft_tools_gear/tools_gear.csv#tl_crucible.,A: category-level evidence (category_form_material_process_or_context).,safe_with_context,low,,,candidate
data/normalized_source_tables/material_entities/material_entities.csv:OMI00851,Шлак и стекловидный налёт тигля,new,include,,sourced,category-level evidence (category_form_material_process_or_context): data/normalized_source_tables/material_entities/material_entities.csv#OMI00851,A,1180–1260,Великий Новгород и Новгородская земля; центр модели — около 1230 года,include_d39,passed,No denylist stem matched the archive name.,unique,Reviewed semantic roots [налет стекловидн тигл шлак] and family_key [crucible_vitrified_residue]; no object identity collapsed after ignoring state/size/container/use modifiers.,A: category-level evidence (category_form_material_process_or_context).,safe_with_context,low,,,candidate
data/normalized_source_tables/material_entities/material_entities.csv:OMI00852,Комок глиняной обмазки литейной формы,variant,include,crafts-tools-processes/craft_tools_gear/tools_gear.csv#tl_mould_clay,logical_necessity,data/normalized_source_tables/material_entities/material_entities.csv#OMI00852,B,1180–1260,Великий Новгород и Новгородская земля; центр модели — около 1230 года,include_d39,passed,No denylist stem matched the archive name.,variant_target,Clay investment-mould lump is a fragment of the reviewed clay casting mould tool. Reuses existing crafts owner crafts-tools-processes/craft_tools_gear/tools_gear.csv#tl_mould_clay.,"B: reconstruction/category/context evidence; basis logical_necessity, not direct item attestation.",safe_with_explicit_context,medium,,,candidate
data/normalized_source_tables/material_entities/material_entities.csv:OMI00854,Обломок каменной литейной формы,variant,include,crafts-tools-processes/craft_tools_gear/tools_gear.csv#tl_mould_stone,logical_necessity,data/normalized_source_tables/material_entities/material_entities.csv#OMI00854,B,1180–1260,Великий Новгород и Новгородская земля; центр модели — около 1230 года,include_d39,passed,No denylist stem matched the archive name.,variant_target,Broken fragment of the existing stone mould. Reuses existing crafts owner crafts-tools-processes/craft_tools_gear/tools_gear.csv#tl_mould_stone.,"B: reconstruction/category/context evidence; basis logical_necessity, not direct item attestation.",safe_with_explicit_context,medium,,,candidate
data/normalized_source_tables/material_entities/material_entities.csv:OMI00855,Глиняный стержень для полой отливки,new,include,,logical_necessity,data/normalized_source_tables/material_entities/material_entities.csv#OMI00855,B,1180–1260,Великий Новгород и Новгородская земля; центр модели — около 1230 года,include_d39,passed,No denylist stem matched the archive name.,unique,Reviewed semantic roots [глинян отливк пол стержень] and family_key [casting_core]; no object identity collapsed after ignoring state/size/container/use modifiers.,"B: reconstruction/category/context evidence; basis logical_necessity, not direct item attestation.",safe_with_explicit_context,medium,,,candidate
data/normalized_source_tables/material_entities/material_entities.csv:OMI00856,Обломок литейного стержня,variant,include,crafts-tools-processes/materials_registry/material_entities.csv#n1230:material_item:omi00855,logical_necessity,data/normalized_source_tables/material_entities/material_entities.csv#OMI00856,B,1180–1260,Великий Новгород и Новгородская земля; центр модели — около 1230 года,include_d39,passed,No denylist stem matched the archive name.,variant_target,"Обломок литейного ядра — broken-state fragment существующего core OMI00855, не отдельный материалный тип. Reuses existing crafts owner crafts-tools-processes/materials_registry/material_entities.csv#n1230:material_item:omi00855.","B: reconstruction/category/context evidence; basis logical_necessity, not direct item attestation.",safe_with_explicit_context,medium,,,candidate
data/normalized_source_tables/material_entities/material_entities.csv:OMI00857,Кусок обожжённой формы с отпечатком детали,variant,include,crafts-tools-processes/craft_tools_gear/tools_gear.csv#tl_mould_clay,sourced,category-level evidence (category_form_material_process_or_context): data/normalized_source_tables/material_entities/material_entities.csv#OMI00857,A,1180–1260,Великий Новгород и Новгородская земля; центр модели — около 1230 года,include_d39,passed,No denylist stem matched the archive name.,variant_target,Fired mould piece retaining an object impression is a fragment of the reviewed clay casting mould tool. Reuses existing crafts owner crafts-tools-processes/craft_tools_gear/tools_gear.csv#tl_mould_clay.,A: category-level evidence (category_form_material_process_or_context).,safe_with_context,low,,,candidate
data/normalized_source_tables/material_entities/material_entities.csv:OMI00858,Мелкий уголь для литейного очага,variant,include,crafts-tools-processes/materials_registry/materials.csv#mt_charcoal,logical_necessity,data/normalized_source_tables/material_entities/material_entities.csv#OMI00858,B,1180–1260,Великий Новгород и Новгородская земля; центр модели — около 1230 года,include_d39,passed,No denylist stem matched the archive name.,variant_target,Small foundry charcoal is a form or use variant of charcoal material. Reuses existing crafts owner crafts-tools-processes/materials_registry/materials.csv#mt_charcoal.,"B: reconstruction/category/context evidence; basis logical_necessity, not direct item attestation. Small foundry charcoal is a form or use variant of charcoal material.",safe_with_explicit_context,medium,,,candidate
data/normalized_source_tables/material_entities/material_entities.csv:OMI00859,Костяной уголь в малой кучке,new,include,,analogy,data/normalized_source_tables/material_entities/material_entities.csv#OMI00859,C,1180–1260,Великий Новгород и Новгородская земля; центр модели — около 1230 года,include_d39,passed,No denylist stem matched the archive name.,unique,Reviewed semantic roots [костян кучк мал уголь] and family_key [bone_charcoal]; no object identity collapsed after ignoring state/size/container/use modifiers.,Confidence C: analogue/hypothesis; basis analogy.,explicit_context_only,high,,,candidate
data/normalized_source_tables/material_entities/material_entities.csv:OMI00860,Бура или иной флюс как исследовательская категория,new,include,,analogy,data/normalized_source_tables/material_entities/material_entities.csv#OMI00860,C,1180–1260,Великий Новгород и Новгородская земля; центр модели — около 1230 года,include_d39,passed,No denylist stem matched the archive name.,unique,Reviewed semantic roots [бур исследовательск как категори флюс] and family_key [soldering_flux_uncertain]; no object identity collapsed after ignoring state/size/container/use modifiers.,Confidence C: analogue/hypothesis; basis analogy.,explicit_context_only,high,,,candidate
data/normalized_source_tables/material_entities/material_entities.csv:OMI00861,Порошок цветного стекла для эмали,variant,include,crafts-tools-processes/materials_registry/materials.csv#mt_glass,logical_necessity,data/normalized_source_tables/material_entities/material_entities.csv#OMI00861,B,1180–1260,Великий Новгород и Новгородская земля; центр модели — около 1230 года,include_d39,passed,No denylist stem matched the archive name.,variant_target,Colored glass powder for enamel is glass input; color and grain form only. Reuses existing crafts owner crafts-tools-processes/materials_registry/materials.csv#mt_glass.,"B: reconstruction/category/context evidence; basis logical_necessity, not direct item attestation. Colored glass powder for enamel is glass input; color and grain form only.",safe_with_explicit_context,medium,,,candidate
data/normalized_source_tables/material_entities/material_entities.csv:OMI00862,Крупинки синего эмалевого стекла,variant,include,crafts-tools-processes/materials_registry/materials.csv#mt_glass,logical_necessity,data/normalized_source_tables/material_entities/material_entities.csv#OMI00862,B,1180–1260,Великий Новгород и Новгородская земля; центр модели — около 1230 года,include_d39,passed,No denylist stem matched the archive name.,variant_target,Blue enamel-glass grains differ by color and form only; preserve glass input. Reuses existing crafts owner crafts-tools-processes/materials_registry/materials.csv#mt_glass.,"B: reconstruction/category/context evidence; basis logical_necessity, not direct item attestation. Blue enamel-glass grains differ by color and form only; preserve glass input.",safe_with_explicit_context,medium,,,candidate
data/normalized_source_tables/material_entities/material_entities.csv:OMI00863,Крупинки зелёного эмалевого стекла,variant,include,crafts-tools-processes/materials_registry/materials.csv#mt_glass,logical_necessity,data/normalized_source_tables/material_entities/material_entities.csv#OMI00863,B,1180–1260,Великий Новгород и Новгородская земля; центр модели — около 1230 года,include_d39,passed,No denylist stem matched the archive name.,variant_target,Green enamel-glass grains differ by color and form only; preserve glass input. Reuses existing crafts owner crafts-tools-processes/materials_registry/materials.csv#mt_glass.,"B: reconstruction/category/context evidence; basis logical_necessity, not direct item attestation. Green enamel-glass grains differ by color and form only; preserve glass input.",safe_with_explicit_context,medium,,,candidate
data/normalized_source_tables/material_entities/material_entities.csv:OMI00864,Спёкшийся комок эмалевого стекла,variant,include,crafts-tools-processes/materials_registry/materials.csv#mt_enamel,logical_necessity,data/normalized_source_tables/material_entities/material_entities.csv#OMI00864,B,1180–1260,Великий Новгород и Новгородская земля; центр модели — около 1230 года,include_d39,passed,No denylist stem matched the archive name.,variant_target,"Спёкшийся комок эмалевого стекла — обожжённое/спёкшееся состояние эмали, не отдельный тип отхода; следует explicit target mt_enamel. Reuses existing crafts owner crafts-tools-processes/materials_registry/materials.csv#mt_enamel.","B: reconstruction/category/context evidence; basis logical_necessity, not direct item attestation. Спёкшийся комок эмалевого стекла — обожжённое/спёкшееся состояние эмали, не отдельный тип отхода; следует explicit target mt_enamel.",safe_with_explicit_context,medium,,,candidate
data/normalized_source_tables/material_entities/material_entities.csv:OMI00865,Медная пластинка с незаполненными ячейками,new,include,,logical_necessity,data/normalized_source_tables/material_entities/material_entities.csv#OMI00865,B,1180–1260,Великий Новгород и Новгородская земля; центр модели — около 1230 года,include_d39,passed,No denylist stem matched the archive name.,unique,Reviewed semantic roots [медн незаполненн пластинк ячейк] and family_key [enamel_cell_plate_blank]; no object identity collapsed after ignoring state/size/container/use modifiers.,"B: reconstruction/category/context evidence; basis logical_necessity, not direct item attestation.",safe_with_explicit_context,medium,,,candidate
data/normalized_source_tables/material_entities/material_entities.csv:OMI00866,Медная пластинка с частично обожжённой эмалью,new,include,,logical_necessity,data/normalized_source_tables/material_entities/material_entities.csv#OMI00866,B,1180–1260,Великий Новгород и Новгородская земля; центр модели — около 1230 года,include_d39,passed,No denylist stem matched the archive name.,unique,Reviewed semantic roots [медн обожженн пластинк частичн эмаль] and family_key [enamel_plate_semifinished]; no object identity collapsed after ignoring state/size/container/use modifiers.,"B: reconstruction/category/context evidence; basis logical_necessity, not direct item attestation.",safe_with_explicit_context,medium,,,candidate
data/normalized_source_tables/material_entities/material_entities.csv:OMI00867,Осыпавшаяся эмалевая крошка,new,include,,logical_necessity,data/normalized_source_tables/material_entities/material_entities.csv#OMI00867,B,1180–1260,Великий Новгород и Новгородская земля; центр модели — около 1230 года,include_d39,passed,No denylist stem matched the archive name.,unique,Reviewed semantic roots [крошк осыпавшаяс эмалев] and family_key [enamel_chips]; no object identity collapsed after ignoring state/size/container/use modifiers.,"B: reconstruction/category/context evidence; basis logical_necessity, not direct item attestation.",safe_with_explicit_context,medium,,,candidate
data/normalized_source_tables/material_entities/material_entities.csv:OMI00868,Целая трубчатая кость крупного животного,variant,include,crafts-tools-processes/materials_registry/materials.csv#mt_bone,sourced,category-level evidence (category_form_material_process_or_context): data/normalized_source_tables/material_entities/material_entities.csv#OMI00868,A,1180–1260,Великий Новгород и Новгородская земля; центр модели — около 1230 года,add_variant,passed,No denylist stem matched the archive name.,variant_target,Reuses existing crafts owner crafts-tools-processes/materials_registry/materials.csv#mt_bone.,A: category-level evidence (category_form_material_process_or_context).,safe_with_context,low,,,candidate
data/normalized_source_tables/material_entities/material_entities.csv:OMI00869,Целая трубчатая кость мелкого животного,variant,include,crafts-tools-processes/materials_registry/materials.csv#mt_bone,sourced,category-level evidence (category_form_material_process_or_context): data/normalized_source_tables/material_entities/material_entities.csv#OMI00869,A,1180–1260,Великий Новгород и Новгородская земля; центр модели — около 1230 года,add_variant,passed,No denylist stem matched the archive name.,variant_target,Reuses existing crafts owner crafts-tools-processes/materials_registry/materials.csv#mt_bone.,A: category-level evidence (category_form_material_process_or_context).,safe_with_context,low,,,candidate
data/normalized_source_tables/material_entities/material_entities.csv:OMI00870,Плюсневая или пястная кость копытного,variant,include,crafts-tools-processes/materials_registry/materials.csv#mt_bone,sourced,category-level evidence (category_form_material_process_or_context): data/normalized_source_tables/material_entities/material_entities.csv#OMI00870,A,1180–1260,Великий Новгород и Новгородская земля; центр модели — около 1230 года,add_variant,passed,No denylist stem matched the archive name.,variant_target,Reuses existing crafts owner crafts-tools-processes/materials_registry/materials.csv#mt_bone.,A: category-level evidence (category_form_material_process_or_context).,safe_with_context,low,,,candidate
data/normalized_source_tables/material_entities/material_entities.csv:OMI00871,Ребро крупного животного,variant,include,crafts-tools-processes/materials_registry/materials.csv#mt_bone,sourced,category-level evidence (category_form_material_process_or_context): data/normalized_source_tables/material_entities/material_entities.csv#OMI00871,A,1180–1260,Великий Новгород и Новгородская земля; центр модели — около 1230 года,add_variant,passed,No denylist stem matched the archive name.,variant_target,Reuses existing crafts owner crafts-tools-processes/materials_registry/materials.csv#mt_bone.,A: category-level evidence (category_form_material_process_or_context).,safe_with_context,low,,,candidate
data/normalized_source_tables/material_entities/material_entities.csv:OMI00872,Лопаточная кость,variant,include,crafts-tools-processes/materials_registry/materials.csv#mt_bone,sourced,category-level evidence (category_form_material_process_or_context): data/normalized_source_tables/material_entities/material_entities.csv#OMI00872,A,1180–1260,Великий Новгород и Новгородская земля; центр модели — около 1230 года,add_variant,passed,No denylist stem matched the archive name.,variant_target,Reuses existing crafts owner crafts-tools-processes/materials_registry/materials.csv#mt_bone.,A: category-level evidence (category_form_material_process_or_context).,safe_with_context,low,,,candidate
data/normalized_source_tables/material_entities/material_entities.csv:OMI00873,Нижняя челюсть животного,variant,include,crafts-tools-processes/materials_registry/materials.csv#mt_bone,sourced,category-level evidence (category_form_material_process_or_context): data/normalized_source_tables/material_entities/material_entities.csv#OMI00873,A,1180–1260,Великий Новгород и Новгородская земля; центр модели — около 1230 года,add_variant,passed,No denylist stem matched the archive name.,variant_target,Reuses existing crafts owner crafts-tools-processes/materials_registry/materials.csv#mt_bone.,A: category-level evidence (category_form_material_process_or_context).,safe_with_context,low,,,candidate
data/normalized_source_tables/material_entities/material_entities.csv:OMI00874,Черепная пластина животного,variant,include,crafts-tools-processes/materials_registry/materials.csv#mt_bone,sourced,category-level evidence (category_form_material_process_or_context): data/normalized_source_tables/material_entities/material_entities.csv#OMI00874,A,1180–1260,Великий Новгород и Новгородская земля; центр модели — около 1230 года,add_variant,passed,No denylist stem matched the archive name.,variant_target,Reuses existing crafts owner crafts-tools-processes/materials_registry/materials.csv#mt_bone.,A: category-level evidence (category_form_material_process_or_context).,safe_with_context,low,,,candidate
data/normalized_source_tables/material_entities/material_entities.csv:OMI00875,Кость с остатками мяса и связок,variant,include,crafts-tools-processes/materials_registry/materials.csv#mt_bone,sourced,category-level evidence (category_form_material_process_or_context): data/normalized_source_tables/material_entities/material_entities.csv#OMI00875,A,1180–1260,Великий Новгород и Новгородская земля; центр модели — около 1230 года,add_variant,passed,No denylist stem matched the archive name.,variant_target,Reuses existing crafts owner crafts-tools-processes/materials_registry/materials.csv#mt_bone.,A: category-level evidence (category_form_material_process_or_context).,safe_with_context,low,,,candidate
data/normalized_source_tables/material_entities/material_entities.csv:OMI00876,Вываренная кость,variant,include,crafts-tools-processes/materials_registry/materials.csv#mt_bone,sourced,category-level evidence (category_form_material_process_or_context): data/normalized_source_tables/material_entities/material_entities.csv#OMI00876,A,1180–1260,Великий Новгород и Новгородская земля; центр модели — около 1230 года,add_variant,passed,No denylist stem matched the archive name.,variant_target,Reuses existing crafts owner crafts-tools-processes/materials_registry/materials.csv#mt_bone.,A: category-level evidence (category_form_material_process_or_context).,safe_with_context,low,,,candidate
data/normalized_source_tables/material_entities/material_entities.csv:OMI00877,Обезжиренная сухая кость,variant,include,crafts-tools-processes/materials_registry/materials.csv#mt_bone,sourced,category-level evidence (category_form_material_process_or_context): data/normalized_source_tables/material_entities/material_entities.csv#OMI00877,A,1180–1260,Великий Новгород и Новгородская земля; центр модели — около 1230 года,add_variant,passed,No denylist stem matched the archive name.,variant_target,Reuses existing crafts owner crafts-tools-processes/materials_registry/materials.csv#mt_bone.,A: category-level evidence (category_form_material_process_or_context).,safe_with_context,low,,,candidate
data/normalized_source_tables/material_entities/material_entities.csv:OMI00878,Расколотая трубчатая кость,variant,include,crafts-tools-processes/materials_registry/materials.csv#mt_bone,sourced,category-level evidence (category_form_material_process_or_context): data/normalized_source_tables/material_entities/material_entities.csv#OMI00878,A,1180–1260,Великий Новгород и Новгородская земля; центр модели — около 1230 года,add_variant,passed,No denylist stem matched the archive name.,variant_target,Reuses existing crafts owner crafts-tools-processes/materials_registry/materials.csv#mt_bone.,A: category-level evidence (category_form_material_process_or_context).,safe_with_context,low,,,candidate
data/normalized_source_tables/material_entities/material_entities.csv:OMI00879,Продольная костяная пластина,variant,include,crafts-tools-processes/materials_registry/materials.csv#mt_bone,sourced,category-level evidence (category_form_material_process_or_context): data/normalized_source_tables/material_entities/material_entities.csv#OMI00879,A,1180–1260,Великий Новгород и Новгородская земля; центр модели — около 1230 года,add_variant,passed,No denylist stem matched the archive name.,variant_target,Reuses existing crafts owner crafts-tools-processes/materials_registry/materials.csv#mt_bone.,A: category-level evidence (category_form_material_process_or_context).,safe_with_context,low,,,candidate
data/normalized_source_tables/material_entities/material_entities.csv:OMI00880,Поперечный спил трубчатой кости,variant,include,crafts-tools-processes/materials_registry/materials.csv#mt_bone,sourced,category-level evidence (category_form_material_process_or_context): data/normalized_source_tables/material_entities/material_entities.csv#OMI00880,A,1180–1260,Великий Новгород и Новгородская земля; центр модели — около 1230 года,add_variant,passed,No denylist stem matched the archive name.,variant_target,Reuses existing crafts owner crafts-tools-processes/materials_registry/materials.csv#mt_bone.,A: category-level evidence (category_form_material_process_or_context).,safe_with_context,low,,,candidate
data/normalized_source_tables/material_entities/material_entities.csv:OMI00881,Плотный костяной брусок,variant,include,crafts-tools-processes/materials_registry/materials.csv#mt_bone,sourced,category-level evidence (category_form_material_process_or_context): data/normalized_source_tables/material_entities/material_entities.csv#OMI00881,A,1180–1260,Великий Новгород и Новгородская земля; центр модели — около 1230 года,include_d39,passed,No denylist stem matched the archive name.,variant_target,Dense bone stock is a worked form of bone material; no independent item identity. Reuses existing crafts owner crafts-tools-processes/materials_registry/materials.csv#mt_bone.,A: category-level evidence (category_form_material_process_or_context). Dense bone stock is a worked form of bone material; no independent item identity.,safe_with_context,low,,,candidate
data/normalized_source_tables/material_entities/material_entities.csv:OMI00882,Тонкая костяная пластинка,variant,include,crafts-tools-processes/materials_registry/materials.csv#mt_bone,sourced,category-level evidence (category_form_material_process_or_context): data/normalized_source_tables/material_entities/material_entities.csv#OMI00882,A,1180–1260,Великий Новгород и Новгородская земля; центр модели — около 1230 года,include_d39,passed,No denylist stem matched the archive name.,variant_target,Thin bone plate is stock form of bone; plate thickness is a material property. Reuses existing crafts owner crafts-tools-processes/materials_registry/materials.csv#mt_bone.,A: category-level evidence (category_form_material_process_or_context). Thin bone plate is stock form of bone; plate thickness is a material property.,safe_with_context,low,,,candidate
data/normalized_source_tables/material_entities/material_entities.csv:OMI00883,Костяная заготовка с естественным изгибом,variant,include,crafts-tools-processes/materials_registry/materials.csv#mt_bone,logical_necessity,data/normalized_source_tables/material_entities/material_entities.csv#OMI00883,B,1180–1260,Великий Новгород и Новгородская земля; центр модели — около 1230 года,include_d39,passed,No denylist stem matched the archive name.,variant_target,Curved blank is a selected shape of bone stock; curvature does not establish a separate type. Reuses existing crafts owner crafts-tools-processes/materials_registry/materials.csv#mt_bone.,"B: reconstruction/category/context evidence; basis logical_necessity, not direct item attestation. Curved blank is a selected shape of bone stock; curvature does not establish a separate type.",safe_with_explicit_context,medium,,,candidate
data/normalized_source_tables/material_entities/material_entities.csv:OMI00884,Целый сброшенный рог оленевого,variant,include,crafts-tools-processes/materials_registry/materials.csv#mt_antler,sourced,category-level evidence (category_form_material_process_or_context): data/normalized_source_tables/material_entities/material_entities.csv#OMI00884,A,1180–1260,Великий Новгород и Новгородская земля; центр модели — около 1230 года,include_d39,passed,No denylist stem matched the archive name.,variant_target,Shed deer antler is antler stock; not keratin horn. Reuses existing crafts owner crafts-tools-processes/materials_registry/materials.csv#mt_antler.,A: category-level evidence (category_form_material_process_or_context). Shed deer antler is antler stock; not keratin horn.,safe_with_context,low,,,candidate
data/normalized_source_tables/material_entities/material_entities.csv:OMI00885,Роговой ствол без отростков,variant,include,crafts-tools-processes/materials_registry/materials.csv#mt_antler,sourced,category-level evidence (category_form_material_process_or_context): data/normalized_source_tables/material_entities/material_entities.csv#OMI00885,A,1180–1260,Великий Новгород и Новгородская земля; центр модели — около 1230 года,include_d39,passed,No denylist stem matched the archive name.,variant_target,Antler beam without tines remains antler stock. Reuses existing crafts owner crafts-tools-processes/materials_registry/materials.csv#mt_antler.,A: category-level evidence (category_form_material_process_or_context). Antler beam without tines remains antler stock.,safe_with_context,low,,,candidate
data/normalized_source_tables/material_entities/material_entities.csv:OMI00886,Отросток оленьего рога,variant,include,crafts-tools-processes/materials_registry/materials.csv#mt_antler,sourced,category-level evidence (category_form_material_process_or_context): data/normalized_source_tables/material_entities/material_entities.csv#OMI00886,A,1180–1260,Великий Новгород и Новгородская земля; центр модели — около 1230 года,include_d39,passed,No denylist stem matched the archive name.,variant_target,Separated deer antler tine is a shape of antler stock. Reuses existing crafts owner crafts-tools-processes/materials_registry/materials.csv#mt_antler.,A: category-level evidence (category_form_material_process_or_context). Separated deer antler tine is a shape of antler stock.,safe_with_context,low,,,candidate
data/normalized_source_tables/material_entities/material_entities.csv:OMI00887,Розетка оленьего рога,variant,include,crafts-tools-processes/materials_registry/materials.csv#mt_antler,sourced,category-level evidence (category_form_material_process_or_context): data/normalized_source_tables/material_entities/material_entities.csv#OMI00887,A,1180–1260,Великий Новгород и Новгородская земля; центр модели — около 1230 года,include_d39,passed,No denylist stem matched the archive name.,variant_target,Antler burr is a part and shape of antler stock. Reuses existing crafts owner crafts-tools-processes/materials_registry/materials.csv#mt_antler.,A: category-level evidence (category_form_material_process_or_context). Antler burr is a part and shape of antler stock.,safe_with_context,low,,,candidate
data/normalized_source_tables/material_entities/material_entities.csv:OMI00888,Продольная пластина оленьего рога,variant,include,crafts-tools-processes/materials_registry/materials.csv#mt_antler,sourced,category-level evidence (category_form_material_process_or_context): data/normalized_source_tables/material_entities/material_entities.csv#OMI00888,A,1180–1260,Великий Новгород и Новгородская земля; центр модели — около 1230 года,include_d39,passed,No denylist stem matched the archive name.,variant_target,Longitudinal deer antler plate is split antler stock; not keratin horn. Reuses existing crafts owner crafts-tools-processes/materials_registry/materials.csv#mt_antler.,A: category-level evidence (category_form_material_process_or_context). Longitudinal deer antler plate is split antler stock; not keratin horn.,safe_with_context,low,,,candidate
data/normalized_source_tables/material_entities/material_entities.csv:OMI00889,Поперечный спил оленьего рога,variant,include,crafts-tools-processes/materials_registry/materials.csv#mt_antler,sourced,category-level evidence (category_form_material_process_or_context): data/normalized_source_tables/material_entities/material_entities.csv#OMI00889,A,1180–1260,Великий Новгород и Новгородская земля; центр модели — около 1230 года,include_d39,passed,No denylist stem matched the archive name.,variant_target,Cross-cut deer antler disc remains antler stock. Reuses existing crafts owner crafts-tools-processes/materials_registry/materials.csv#mt_antler.,A: category-level evidence (category_form_material_process_or_context). Cross-cut deer antler disc remains antler stock.,safe_with_context,low,,,candidate
data/normalized_source_tables/material_entities/material_entities.csv:OMI00890,Короткий роговой брусок,variant,include,crafts-tools-processes/materials_registry/materials.csv#mt_horn,sourced,category-level evidence (category_form_material_process_or_context): data/normalized_source_tables/material_entities/material_entities.csv#OMI00890,A,1180–1260,Великий Новгород и Новгородская земля; центр модели — около 1230 года,include_d39,passed,No denylist stem matched the archive name.,variant_target,"Короткий роговой брусок в review сгруппирован с horn, не antler; направить к mt_horn, сохраняя сырцовое состояние и короткую форму как свойства. Reuses existing crafts owner crafts-tools-processes/materials_registry/materials.csv#mt_horn.","A: category-level evidence (category_form_material_process_or_context). Короткий роговой брусок в review сгруппирован с horn, не antler; направить к mt_horn, сохраняя сырцовое состояние и короткую форму как свойства.",safe_with_context,low,,,candidate
data/normalized_source_tables/material_entities/material_entities.csv:OMI00891,Рог быка или коровы с костным стержнем,variant,include,crafts-tools-processes/materials_registry/materials.csv#mt_horn,sourced,category-level evidence (category_form_material_process_or_context): data/normalized_source_tables/material_entities/material_entities.csv#OMI00891,A,1180–1260,Великий Новгород и Новгородская земля; центр модели — около 1230 года,include_d39,passed,No denylist stem matched the archive name.,variant_target,Bovine horn sheath and core is horn-working stock; target keratin horn family. Reuses existing crafts owner crafts-tools-processes/materials_registry/materials.csv#mt_horn.,A: category-level evidence (category_form_material_process_or_context). Bovine horn sheath and core is horn-working stock; target keratin horn family.,safe_with_context,low,,,candidate
data/normalized_source_tables/material_entities/material_entities.csv:OMI00892,Пустой роговой чехол,variant,include,crafts-tools-processes/materials_registry/materials.csv#mt_horn,sourced,category-level evidence (category_form_material_process_or_context): data/normalized_source_tables/material_entities/material_entities.csv#OMI00892,A,1180–1260,Великий Новгород и Новгородская земля; центр модели — около 1230 года,include_d39,passed,No denylist stem matched the archive name.,variant_target,Separated hollow horn sheath is keratin horn stock. Reuses existing crafts owner crafts-tools-processes/materials_registry/materials.csv#mt_horn.,A: category-level evidence (category_form_material_process_or_context). Separated hollow horn sheath is keratin horn stock.,safe_with_context,low,,,candidate
data/normalized_source_tables/material_entities/material_entities.csv:OMI00893,Обрезанный конец полого рога,variant,include,crafts-tools-processes/materials_registry/materials.csv#mt_horn,sourced,category-level evidence (category_form_material_process_or_context): data/normalized_source_tables/material_entities/material_entities.csv#OMI00893,A,1180–1260,Великий Новгород и Новгородская земля; центр модели — около 1230 года,include_d39,passed,No denylist stem matched the archive name.,variant_target,Cut horn tip is a size and processing form of horn stock. Reuses existing crafts owner crafts-tools-processes/materials_registry/materials.csv#mt_horn.,A: category-level evidence (category_form_material_process_or_context). Cut horn tip is a size and processing form of horn stock.,safe_with_context,low,,,candidate
data/normalized_source_tables/material_entities/material_entities.csv:OMI00894,Продольно разрезанный роговой чехол,variant,include,crafts-tools-processes/materials_registry/materials.csv#mt_horn,logical_necessity,data/normalized_source_tables/material_entities/material_entities.csv#OMI00894,B,1180–1260,Великий Новгород и Новгородская земля; центр модели — около 1230 года,include_d39,passed,No denylist stem matched the archive name.,variant_target,Split horn sheath is a processing stage of horn material. Reuses existing crafts owner crafts-tools-processes/materials_registry/materials.csv#mt_horn.,"B: reconstruction/category/context evidence; basis logical_necessity, not direct item attestation. Split horn sheath is a processing stage of horn material.",safe_with_explicit_context,medium,,,candidate
data/normalized_source_tables/material_entities/material_entities.csv:OMI00895,Размягчённая роговая пластина,variant,include,crafts-tools-processes/materials_registry/materials.csv#mt_horn,analogy,data/normalized_source_tables/material_entities/material_entities.csv#OMI00895,C,1180–1260,Великий Новгород и Новгородская земля; центр модели — около 1230 года,include_d39,passed,No denylist stem matched the archive name.,variant_target,Softened horn plate is a reversible processing stage of horn stock. Reuses existing crafts owner crafts-tools-processes/materials_registry/materials.csv#mt_horn.,Confidence C: analogue/hypothesis; basis analogy. Softened horn plate is a reversible processing stage of horn stock.,explicit_context_only,high,,,candidate
data/normalized_source_tables/material_entities/material_entities.csv:OMI00896,Выпрямленная роговая пластина,variant,include,crafts-tools-processes/materials_registry/materials.csv#mt_horn,logical_necessity,data/normalized_source_tables/material_entities/material_entities.csv#OMI00896,B,1180–1260,Великий Новгород и Новгородская земля; центр модели — около 1230 года,include_d39,passed,No denylist stem matched the archive name.,variant_target,Flattened horn sheet is a processed form of horn stock. Reuses existing crafts owner crafts-tools-processes/materials_registry/materials.csv#mt_horn.,"B: reconstruction/category/context evidence; basis logical_necessity, not direct item attestation. Flattened horn sheet is a processed form of horn stock.",safe_with_explicit_context,medium,,,candidate
data/normalized_source_tables/material_entities/material_entities.csv:OMI00897,Копытный роговой чехол,variant,include,crafts-tools-processes/materials_registry/materials.csv#mt_horn,logical_necessity,data/normalized_source_tables/material_entities/material_entities.csv#OMI00897,B,1180–1260,Великий Новгород и Новгородская земля; центр модели — около 1230 года,include_d39,passed,No denylist stem matched the archive name.,variant_target,Hoof horn capsule is keratinous horn material; not bone or antler. Reuses existing crafts owner crafts-tools-processes/materials_registry/materials.csv#mt_horn.,"B: reconstruction/category/context evidence; basis logical_necessity, not direct item attestation. Hoof horn capsule is keratinous horn material; not bone or antler.",safe_with_explicit_context,medium,,,candidate
data/normalized_source_tables/material_entities/material_entities.csv:OMI00898,Клык кабана,variant,include,crafts-tools-processes/materials_registry/materials.csv#mt_bone,logical_necessity,data/normalized_source_tables/material_entities/material_entities.csv#OMI00898,B,1180–1260,Великий Новгород и Новгородская земля; центр модели — около 1230 года,include_d39,passed,No denylist stem matched the archive name.,variant_target,Boar tusk is osseous tooth material; species is a variant attribute. Reuses existing crafts owner crafts-tools-processes/materials_registry/materials.csv#mt_bone.,"B: reconstruction/category/context evidence; basis logical_necessity, not direct item attestation. Boar tusk is osseous tooth material; species is a variant attribute.",safe_with_explicit_context,medium,,,candidate
data/normalized_source_tables/material_entities/material_entities.csv:OMI00899,Крупный резец бобра,variant,include,crafts-tools-processes/materials_registry/materials.csv#mt_bone,sourced,category-level evidence (category_form_material_process_or_context): data/normalized_source_tables/material_entities/material_entities.csv#OMI00899,A,1180–1260,Великий Новгород и Новгородская земля; центр модели — около 1230 года,include_d39,passed,No denylist stem matched the archive name.,variant_target,Beaver incisor is osseous tooth material; species and size are attributes. Reuses existing crafts owner crafts-tools-processes/materials_registry/materials.csv#mt_bone.,A: category-level evidence (category_form_material_process_or_context). Beaver incisor is osseous tooth material; species and size are attributes.,safe_with_context,low,,,candidate
data/normalized_source_tables/material_entities/material_entities.csv:OMI00900,Медвежий клык,variant,include,crafts-tools-processes/materials_registry/materials.csv#mt_bone,analogy,data/normalized_source_tables/material_entities/material_entities.csv#OMI00900,C,1180–1260,Великий Новгород и Новгородская земля; центр модели — около 1230 года,include_d39,passed,No denylist stem matched the archive name.,variant_target,Bear canine is osseous tooth material; species is an attribute. Reuses existing crafts owner crafts-tools-processes/materials_registry/materials.csv#mt_bone.,Confidence C: analogue/hypothesis; basis analogy. Bear canine is osseous tooth material; species is an attribute.,explicit_context_only,high,,,candidate
data/normalized_source_tables/material_entities/material_entities.csv:OMI00901,Зуб крупного копытного,new,include,,logical_necessity,data/normalized_source_tables/material_entities/material_entities.csv#OMI00901,B,1180–1260,Великий Новгород и Новгородская земля; центр модели — около 1230 года,include_d39,passed,No denylist stem matched the archive name.,unique,Крупный зуб копытного животного — стабильный bone-component specimen; вид и размер остаются свойствами этого anchor для зубных вариантов OMI00961/62/65.,"B: reconstruction/category/context evidence; basis logical_necessity, not direct item attestation. Крупный зуб копытного животного — стабильный bone-component specimen; вид и размер остаются свойствами этого anchor для зубных вариантов OMI00961/62/65.",safe_with_explicit_context,medium,crafts-tools-processes,crafts-tools-processes/materials_registry/material_entities.csv#n1230:material_item:omi00901,candidate
data/normalized_source_tables/material_entities/material_entities.csv:OMI00902,Пучок очищенных мелких костей,variant,include,crafts-tools-processes/materials_registry/materials.csv#mt_bone,logical_necessity,data/normalized_source_tables/material_entities/material_entities.csv#OMI00902,B,1180–1260,Великий Новгород и Новгородская земля; центр модели — около 1230 года,include_d39,passed,No denylist stem matched the archive name.,variant_target,Bundle quantity and cleaning state do not create another material identity. Reuses existing crafts owner crafts-tools-processes/materials_registry/materials.csv#mt_bone.,"B: reconstruction/category/context evidence; basis logical_necessity, not direct item attestation. Bundle quantity and cleaning state do not create another material identity.",safe_with_explicit_context,medium,,,candidate
data/normalized_source_tables/material_entities/material_entities.csv:OMI00903,Связка костяных пластин-заготовок,variant,include,crafts-tools-processes/materials_registry/materials.csv#mt_bone,sourced,category-level evidence (category_form_material_process_or_context): data/normalized_source_tables/material_entities/material_entities.csv#OMI00903,A,1180–1260,Великий Новгород и Новгородская земля; центр модели — около 1230 года,include_d39,passed,No denylist stem matched the archive name.,variant_target,Bundled bone plate blanks are bone stock; bundle is quantity/packaging. Reuses existing crafts owner crafts-tools-processes/materials_registry/materials.csv#mt_bone.,A: category-level evidence (category_form_material_process_or_context). Bundled bone plate blanks are bone stock; bundle is quantity/packaging.,safe_with_context,low,,,candidate
data/normalized_source_tables/material_entities/material_entities.csv:OMI00905,Костяная пластина с намеченными зубьями,variant,include,crafts-tools-processes/craft_processes/process_products.csv#pr:bone_comb,sourced,category-level evidence (category_form_material_process_or_context): data/normalized_source_tables/material_entities/material_entities.csv#OMI00905,A,1180–1260,Великий Новгород и Новгородская земля; центр модели — около 1230 года,include_d39,passed,No denylist stem matched the archive name.,variant_target,Костяная пластина с намеченными зубьями — semifinished stage bone comb; review target pr:bone_comb принадлежит crafts process products и не становится готовым IHP предметом. Reuses existing crafts owner crafts-tools-processes/craft_processes/process_products.csv#pr:bone_comb.,A: category-level evidence (category_form_material_process_or_context). Костяная пластина с намеченными зубьями — semifinished stage bone comb; review target pr:bone_comb принадлежит crafts process products и не становится готовым IHP предметом.,safe_with_context,low,,,candidate
data/normalized_source_tables/material_entities/material_entities.csv:OMI00910,Костяная рукоятная накладка без отверстий,new,include,,sourced,category-level evidence (category_form_material_process_or_context): data/normalized_source_tables/material_entities/material_entities.csv#OMI00910,A,1180–1260,Великий Новгород и Новгородская земля; центр модели — около 1230 года,include_d39,passed,No denylist stem matched the archive name.,unique,Reviewed semantic roots [костян накладк рукоятн] and family_key [bone_handle_scale_blank]; no object identity collapsed after ignoring state/size/container/use modifiers.,A: category-level evidence (category_form_material_process_or_context).,safe_with_context,low,,,candidate
data/normalized_source_tables/material_entities/material_entities.csv:OMI00911,Костяная рукоятная накладка с отверстиями,variant,include,crafts-tools-processes/materials_registry/material_entities.csv#n1230:material_item:omi00910,sourced,category-level evidence (category_form_material_process_or_context): data/normalized_source_tables/material_entities/material_entities.csv#OMI00911,A,1180–1260,Великий Новгород и Новгородская земля; центр модели — около 1230 года,include_d39,passed,No denylist stem matched the archive name.,variant_target,"Просверленный держатель весов сохраняет идентичность костяной рукояти OMI00910; отверстие — feature, не отдельная вещь. Reuses existing crafts owner crafts-tools-processes/materials_registry/material_entities.csv#n1230:material_item:omi00910.",A: category-level evidence (category_form_material_process_or_context).,safe_with_context,low,,,candidate
data/normalized_source_tables/material_entities/material_entities.csv:OMI00912,Парные костяные накладки рукояти,variant,include,crafts-tools-processes/materials_registry/material_entities.csv#n1230:material_item:omi00910,sourced,category-level evidence (category_form_material_process_or_context): data/normalized_source_tables/material_entities/material_entities.csv#OMI00912,A,1180–1260,Великий Новгород и Новгородская земля; центр модели — около 1230 года,include_d39,passed,No denylist stem matched the archive name.,variant_target,Reuses existing crafts owner crafts-tools-processes/materials_registry/material_entities.csv#n1230:material_item:omi00910.,A: category-level evidence (category_form_material_process_or_context). Same object identity as archive OMI00910.,safe_with_context,low,,,candidate
data/normalized_source_tables/material_entities/material_entities.csv:OMI00913,Костяная муфта рукояти,new,include,,logical_necessity,data/normalized_source_tables/material_entities/material_entities.csv#OMI00913,B,1180–1260,Великий Новгород и Новгородская земля; центр модели — около 1230 года,include_d39,passed,No denylist stem matched the archive name.,unique,Reviewed semantic roots [костян муфт рукоят] and family_key [bone_handle_collar]; no object identity collapsed after ignoring state/size/container/use modifiers.,"B: reconstruction/category/context evidence; basis logical_necessity, not direct item attestation.",safe_with_explicit_context,medium,,,candidate
data/normalized_source_tables/material_entities/material_entities.csv:OMI00914,Костяной наконечник рукояти без орнамента,new,include,,logical_necessity,data/normalized_source_tables/material_entities/material_entities.csv#OMI00914,B,1180–1260,Великий Новгород и Новгородская земля; центр модели — около 1230 года,include_d39,passed,No denylist stem matched the archive name.,unique,Reviewed semantic roots [костян наконечник орнамент рукоят] and family_key [bone_handle_cap]; no object identity collapsed after ignoring state/size/container/use modifiers.,"B: reconstruction/category/context evidence; basis logical_necessity, not direct item attestation.",safe_with_explicit_context,medium,,,candidate
data/normalized_source_tables/material_entities/material_entities.csv:OMI00915,Костяной штифт,new,include,,sourced,category-level evidence (category_form_material_process_or_context): data/normalized_source_tables/material_entities/material_entities.csv#OMI00915,A,1180–1260,Великий Новгород и Новгородская земля; центр модели — около 1230 года,include_d39,passed,No denylist stem matched the archive name.,unique,Reviewed semantic roots [костян штифт] and family_key [bone_pin]; no object identity collapsed after ignoring state/size/container/use modifiers.,A: category-level evidence (category_form_material_process_or_context).,safe_with_context,low,,,candidate
data/normalized_source_tables/material_entities/material_entities.csv:OMI00916,Костяной нагель малый,new,include,,logical_necessity,data/normalized_source_tables/material_entities/material_entities.csv#OMI00916,B,1180–1260,Великий Новгород и Новгородская земля; центр модели — около 1230 года,include_d39,passed,No denylist stem matched the archive name.,unique,Малый костяной нагель — готовый bone fastener/component; его функция и форма отличают его от костяной шайбы или сырой кости.,"B: reconstruction/category/context evidence; basis logical_necessity, not direct item attestation.",safe_with_explicit_context,medium,,,candidate
data/normalized_source_tables/material_entities/material_entities.csv:OMI00917,Костяная шайба,new,include,,sourced,category-level evidence (category_form_material_process_or_context): data/normalized_source_tables/material_entities/material_entities.csv#OMI00917,A,1180–1260,Великий Новгород и Новгородская земля; центр модели — около 1230 года,include_d39,passed,No denylist stem matched the archive name.,unique,Костяная шайба сделана из bone stock; материал отличает её от деревянной шайбы-заготовки OMI00029.,A: category-level evidence (category_form_material_process_or_context). Костяная шайба сделана из bone stock; материал отличает её от деревянной шайбы-заготовки OMI00029.,safe_with_context,low,crafts-tools-processes,,candidate
data/normalized_source_tables/material_entities/material_entities.csv:OMI00918,Роговая шайба,new,include,,logical_necessity,data/normalized_source_tables/material_entities/material_entities.csv#OMI00918,B,1180–1260,Великий Новгород и Новгородская земля; центр модели — около 1230 года,include_d39,passed,No denylist stem matched the archive name.,unique,Horn washer is a durable resilient component distinct in material and function from bone washer.,"B: reconstruction/category/context evidence; basis logical_necessity, not direct item attestation. Horn washer is a durable resilient component distinct in material and function from bone washer.",safe_with_explicit_context,medium,crafts-tools-processes,,candidate
data/normalized_source_tables/material_entities/material_entities.csv:OMI00919,Костяное кольцо малое,new,include,,logical_necessity,data/normalized_source_tables/material_entities/material_entities.csv#OMI00919,B,1180–1260,Великий Новгород и Новгородская земля; центр модели — около 1230 года,include_d39,passed,No denylist stem matched the archive name.,unique,Малое кольцо вырезано из кости; bone material отличает его от деревянного кольца-заготовки OMI00032.,"B: reconstruction/category/context evidence; basis logical_necessity, not direct item attestation. Малое кольцо вырезано из кости; bone material отличает его от деревянного кольца-заготовки OMI00032.",safe_with_explicit_context,medium,crafts-tools-processes,,candidate
data/normalized_source_tables/material_entities/material_entities.csv:OMI00920,Роговое кольцо малое,new,include,,logical_necessity,data/normalized_source_tables/material_entities/material_entities.csv#OMI00920,B,1180–1260,Великий Новгород и Новгородская земля; центр модели — около 1230 года,include_d39,passed,No denylist stem matched the archive name.,unique,Horn ring is a durable component distinct in material from the bone ring.,"B: reconstruction/category/context evidence; basis logical_necessity, not direct item attestation. Horn ring is a durable component distinct in material from the bone ring.",safe_with_explicit_context,medium,crafts-tools-processes,,candidate
data/normalized_source_tables/material_entities/material_entities.csv:OMI00922,Костяная бусина-заготовка,new,include,,logical_necessity,data/normalized_source_tables/material_entities/material_entities.csv#OMI00922,B,1180–1260,Великий Новгород и Новгородская земля; центр модели — около 1230 года,include_d39,passed,No denylist stem matched the archive name.,unique,Reviewed semantic roots [бусин костян] and family_key [bone_bead_blank]; no object identity collapsed after ignoring state/size/container/use modifiers.,"B: reconstruction/category/context evidence; basis logical_necessity, not direct item attestation.",safe_with_explicit_context,medium,,,candidate
data/normalized_source_tables/material_entities/material_entities.csv:OMI00927,Костяное шило без рукояти,variant,include,crafts-tools-processes/craft_tools_gear/tools_gear.csv#tl_awl,sourced,category-level evidence (category_form_material_process_or_context): data/normalized_source_tables/material_entities/material_entities.csv#OMI00927,A,1180–1260,Великий Новгород и Новгородская земля; центр модели — около 1230 года,include_d39,passed,No denylist stem matched the archive name.,variant_target,"Костяной инструмент с проушиной/остриём выполняет функцию шила; хотя в базе стандартный tl_awl сделан из iron и wood, костяная конструкция — материальная форма того же прокалывающего инструмента, не новый owner. Reuses existing crafts owner crafts-tools-processes/craft_tools_gear/tools_gear.csv#tl_awl.",A: category-level evidence (category_form_material_process_or_context).,safe_with_context,low,,,candidate
data/normalized_source_tables/material_entities/material_entities.csv:OMI00929,Костяная сетевязальная пластинка,new,include,,logical_necessity,data/normalized_source_tables/material_entities/material_entities.csv#OMI00929,B,1180–1260,Великий Новгород и Новгородская земля; центр модели — около 1230 года,include_d39,passed,No denylist stem matched the archive name.,unique,Reviewed semantic roots [костян пластинк сетевязальн] and family_key [bone_netting_gauge]; no object identity collapsed after ignoring state/size/container/use modifiers.,"B: reconstruction/category/context evidence; basis logical_necessity, not direct item attestation.",safe_with_explicit_context,medium,,,candidate
data/normalized_source_tables/material_entities/material_entities.csv:OMI00931,Костяной поплавок малый,variant,include,crafts-tools-processes/craft_tools_gear/tools_gear.csv#tl_net_float,analogy,data/normalized_source_tables/material_entities/material_entities.csv#OMI00931,C,1180–1260,Великий Новгород и Новгородская земля; центр модели — около 1230 года,include_d39,passed,No denylist stem matched the archive name.,variant_target,"Костяной поплавок — bone material variant сетного float; bone отличается от обычных wood/stone вариантов, функция плавучести сохраняется. Reuses existing crafts owner crafts-tools-processes/craft_tools_gear/tools_gear.csv#tl_net_float.","Confidence C: analogue/hypothesis; basis analogy. Костяной поплавок — bone material variant сетного float; bone отличается от обычных wood/stone вариантов, функция плавучести сохраняется.",explicit_context_only,high,,,candidate
data/normalized_source_tables/material_entities/material_entities.csv:OMI00932,Костяное грузило с отверстием,variant,include,crafts-tools-processes/craft_tools_gear/tools_gear.csv#tl_net_sinker,logical_necessity,data/normalized_source_tables/material_entities/material_entities.csv#OMI00932,B,1180–1260,Великий Новгород и Новгородская земля; центр модели — около 1230 года,include_d39,passed,No denylist stem matched the archive name.,variant_target,"Костяное грузило с отверстием — bone material variant сетного sinker; bone отличается от обычных wood/stone вариантов, назначение для сети сохраняется. Reuses existing crafts owner crafts-tools-processes/craft_tools_gear/tools_gear.csv#tl_net_sinker.","B: reconstruction/category/context evidence; basis logical_necessity, not direct item attestation. Костяное грузило с отверстием — bone material variant сетного sinker; bone отличается от обычных wood/stone вариантов, назначение для сети сохраняется.",safe_with_explicit_context,medium,,,candidate
data/normalized_source_tables/material_entities/material_entities.csv:OMI00933,Роговой крючок без железа,variant,include,crafts-tools-processes/craft_tools_gear/tools_gear.csv#tl_fishhook,logical_necessity,data/normalized_source_tables/material_entities/material_entities.csv#OMI00933,B,1180–1260,Великий Новгород и Новгородская земля; центр модели — около 1230 года,include_d39,passed,No denylist stem matched the archive name.,variant_target,"Владелец текстильного материала, волокна или снасти — crafts; форму, состояние, длину, упаковку и назначение хранить как вариант. Reuses existing crafts owner crafts-tools-processes/craft_tools_gear/tools_gear.csv#tl_fishhook.","B: reconstruction/category/context evidence; basis logical_necessity, not direct item attestation. Владелец текстильного материала, волокна или снасти — crafts; форму, состояние, длину, упаковку и назначение хранить как вариант.",safe_with_explicit_context,medium,,,candidate
data/normalized_source_tables/material_entities/material_entities.csv:OMI00942,Костяная трубочка,new,include,,logical_necessity,data/normalized_source_tables/material_entities/material_entities.csv#OMI00942,B,1180–1260,Великий Новгород и Новгородская земля; центр модели — около 1230 года,include_d39,passed,No denylist stem matched the archive name.,unique,Костяная трубочка сформована из bone stock; материал отличает её от стеклянной трубочки OMI01212.,"B: reconstruction/category/context evidence; basis logical_necessity, not direct item attestation.",safe_with_explicit_context,medium,,,candidate
data/normalized_source_tables/material_entities/material_entities.csv:OMI00944,Роговая накладка края,new,include,,logical_necessity,data/normalized_source_tables/material_entities/material_entities.csv#OMI00944,B,1180–1260,Великий Новгород и Новгородская земля; центр модели — около 1230 года,include_d39,passed,No denylist stem matched the archive name.,unique,Reviewed semantic roots [накладк рогов] and family_key [horn_edge_fitting]; no object identity collapsed after ignoring state/size/container/use modifiers.,"B: reconstruction/category/context evidence; basis logical_necessity, not direct item attestation.",safe_with_explicit_context,medium,,,candidate
data/normalized_source_tables/material_entities/material_entities.csv:OMI00945,Роговая обойма рукояти,new,include,,logical_necessity,data/normalized_source_tables/material_entities/material_entities.csv#OMI00945,B,1180–1260,Великий Новгород и Новгородская земля; центр модели — около 1230 года,include_d39,passed,No denylist stem matched the archive name.,unique,Reviewed semantic roots [обойм рогов рукоят] and family_key [horn_ferrule]; no object identity collapsed after ignoring state/size/container/use modifiers.,"B: reconstruction/category/context evidence; basis logical_necessity, not direct item attestation.",safe_with_explicit_context,medium,,,candidate
data/normalized_source_tables/material_entities/material_entities.csv:OMI00946,Роговой наконечник палочки,new,include,,logical_necessity,data/normalized_source_tables/material_entities/material_entities.csv#OMI00946,B,1180–1260,Великий Новгород и Новгородская земля; центр модели — около 1230 года,include_d39,passed,No denylist stem matched the archive name.,unique,Reviewed semantic roots [наконечник палочк рогов] and family_key [horn_tip_cap]; no object identity collapsed after ignoring state/size/container/use modifiers.,"B: reconstruction/category/context evidence; basis logical_necessity, not direct item attestation.",safe_with_explicit_context,medium,,,candidate
data/normalized_source_tables/material_entities/material_entities.csv:OMI00947,Костяная прокладка под ременную фурнитуру,new,include,,logical_necessity,data/normalized_source_tables/material_entities/material_entities.csv#OMI00947,B,1180–1260,Великий Новгород и Новгородская земля; центр модели — около 1230 года,include_d39,passed,No denylist stem matched the archive name.,unique,Reviewed semantic roots [костян под прокладк ременн фурнитур] and family_key [bone_strap_spacer]; no object identity collapsed after ignoring state/size/container/use modifiers.,"B: reconstruction/category/context evidence; basis logical_necessity, not direct item attestation.",safe_with_explicit_context,medium,,,candidate
data/normalized_source_tables/material_entities/material_entities.csv:OMI00948,Створка пресноводной раковины,new,include,,logical_necessity,data/normalized_source_tables/material_entities/material_entities.csv#OMI00948,B,1180–1260,Великий Новгород и Новгородская земля; центр модели — около 1230 года,include_d39,passed,No denylist stem matched the archive name.,unique,Reviewed semantic roots [пресноводн раковин створк] and family_key [freshwater_shell_valve]; no object identity collapsed after ignoring state/size/container/use modifiers.,"B: reconstruction/category/context evidence; basis logical_necessity, not direct item attestation.",safe_with_explicit_context,medium,,,candidate
data/normalized_source_tables/material_entities/material_entities.csv:OMI00949,Обломок пресноводной раковины,variant,include,crafts-tools-processes/materials_registry/material_entities.csv#n1230:material_item:omi00948,logical_necessity,data/normalized_source_tables/material_entities/material_entities.csv#OMI00949,B,1180–1260,Великий Новгород и Новгородская земля; центр модели — около 1230 года,include_d39,passed,No denylist stem matched the archive name.,variant_target,Reuses existing crafts owner crafts-tools-processes/materials_registry/material_entities.csv#n1230:material_item:omi00948.,"B: reconstruction/category/context evidence; basis logical_necessity, not direct item attestation. Same archive family/object identity; size is a property.",safe_with_explicit_context,medium,,,candidate
data/normalized_source_tables/material_entities/material_entities.csv:OMI00951,Пластинка из раковины,new,include,,analogy,data/normalized_source_tables/material_entities/material_entities.csv#OMI00951,C,1180–1260,Великий Новгород и Новгородская земля; центр модели — около 1230 года,include_d39,passed,No denylist stem matched the archive name.,unique,Reviewed semantic roots [пластинк раковин] and family_key [shell_plate_blank]; no object identity collapsed after ignoring state/size/container/use modifiers.,Confidence C: analogue/hypothesis; basis analogy.,explicit_context_only,high,,,candidate
data/normalized_source_tables/material_entities/material_entities.csv:OMI00952,Мелкие раковинные крошки,new,include,,logical_necessity,data/normalized_source_tables/material_entities/material_entities.csv#OMI00952,B,1180–1260,Великий Новгород и Новгородская земля; центр модели — около 1230 года,include_d39,passed,No denylist stem matched the archive name.,unique,Reviewed semantic roots [крошк раковинн] and family_key [shell_chips]; no object identity collapsed after ignoring state/size/container/use modifiers.,"B: reconstruction/category/context evidence; basis logical_necessity, not direct item attestation.",safe_with_explicit_context,medium,,,candidate
data/normalized_source_tables/material_entities/material_entities.csv:OMI00953,Скорлупа куриного яйца,new,include,,sourced,category-level evidence (category_form_material_process_or_context): data/normalized_source_tables/material_entities/material_entities.csv#OMI00953,A,1180–1260,Великий Новгород и Новгородская земля; центр модели — около 1230 года,include_d39,passed,No denylist stem matched the archive name.,unique,Собранная яичная скорлупа — самостоятельный crafts by-product anchor; измельчение OMI00954 и вид птицы OMI00955 остаются вариантами скорлупы.,A: category-level evidence (category_form_material_process_or_context). Собранная яичная скорлупа — самостоятельный crafts by-product anchor; измельчение OMI00954 и вид птицы OMI00955 остаются вариантами скорлупы.,safe_with_context,low,crafts-tools-processes,crafts-tools-processes/materials_registry/material_entities.csv#n1230:material_item:omi00953,candidate
data/normalized_source_tables/material_entities/material_entities.csv:OMI00954,Кучка измельчённой яичной скорлупы,variant,include,crafts-tools-processes/materials_registry/material_entities.csv#n1230:material_item:omi00953,logical_necessity,data/normalized_source_tables/material_entities/material_entities.csv#OMI00954,B,1180–1260,Великий Новгород и Новгородская земля; центр модели — около 1230 года,include_d39,passed,No denylist stem matched the archive name.,variant_target,Измельчённая скорлупа — размер/состояние уже существующего отхода скорлупы OMI00953; пищевой контекст не переносит владельца из crafts. Reuses existing crafts owner crafts-tools-processes/materials_registry/material_entities.csv#n1230:material_item:omi00953.,"B: reconstruction/category/context evidence; basis logical_necessity, not direct item attestation. Измельчённая скорлупа — размер/состояние уже существующего отхода скорлупы OMI00953; пищевой контекст не переносит владельца из crafts.",safe_with_explicit_context,medium,,,candidate
data/normalized_source_tables/material_entities/material_entities.csv:OMI00955,Скорлупа гусиного яйца,variant,include,crafts-tools-processes/materials_registry/material_entities.csv#n1230:material_item:omi00953,logical_necessity,data/normalized_source_tables/material_entities/material_entities.csv#OMI00955,B,1180–1260,Великий Новгород и Новгородская земля; центр модели — около 1230 года,include_d39,passed,No denylist stem matched the archive name.,variant_target,Гусиный вид — species property материала скорлупы; скорлупа OMI00953 остаётся единым crafts waste identity. Reuses existing crafts owner crafts-tools-processes/materials_registry/material_entities.csv#n1230:material_item:omi00953.,"B: reconstruction/category/context evidence; basis logical_necessity, not direct item attestation. Гусиный вид — species property материала скорлупы; скорлупа OMI00953 остаётся единым crafts waste identity.",safe_with_explicit_context,medium,,,candidate
data/normalized_source_tables/material_entities/material_entities.csv:OMI00956,Перо крупной птицы с очином,variant,include,crafts-tools-processes/materials_registry/materials.csv#mt_feather,logical_necessity,data/normalized_source_tables/material_entities/material_entities.csv#OMI00956,B,1180–1260,Великий Новгород и Новгородская земля; центр модели — около 1230 года,include_d39,passed,No denylist stem matched the archive name.,variant_target,Size/source detail is a property of the existing feather material. Reuses existing crafts owner crafts-tools-processes/materials_registry/materials.csv#mt_feather.,"B: reconstruction/category/context evidence; basis logical_necessity, not direct item attestation. Feather size/species is a material property.",safe_with_explicit_context,medium,,,candidate
data/normalized_source_tables/material_entities/material_entities.csv:OMI00957,Пучок маховых перьев,variant,include,crafts-tools-processes/materials_registry/materials.csv#mt_feather,logical_necessity,data/normalized_source_tables/material_entities/material_entities.csv#OMI00957,B,1180–1260,Великий Новгород и Новгородская земля; центр модели — около 1230 года,include_d39,passed,No denylist stem matched the archive name.,variant_target,Reuses existing crafts owner crafts-tools-processes/materials_registry/materials.csv#mt_feather.,"B: reconstruction/category/context evidence; basis logical_necessity, not direct item attestation. Feather size/species is a material property.",safe_with_explicit_context,medium,,,candidate
data/normalized_source_tables/material_entities/material_entities.csv:OMI00958,"Очин пера, очищенный от опахала",new,include,,logical_necessity,data/normalized_source_tables/material_entities/material_entities.csv#OMI00958,B,1180–1260,Великий Новгород и Новгородская земля; центр модели — около 1230 года,include_d39,passed,No denylist stem matched the archive name.,unique,Reviewed semantic roots [опахал очин очищенн пер] and family_key [feather_quill]; no object identity collapsed after ignoring state/size/container/use modifiers.,"B: reconstruction/category/context evidence; basis logical_necessity, not direct item attestation.",safe_with_explicit_context,medium,,,candidate
data/normalized_source_tables/material_entities/material_entities.csv:OMI00959,Мелкие пуховые перья,variant,include,crafts-tools-processes/craft_processes/process_products.csv#pr:feathers_down,logical_necessity,data/normalized_source_tables/material_entities/material_entities.csv#OMI00959,B,1180–1260,Великий Новгород и Новгородская земля; центр модели — около 1230 года,include_d39,passed,No denylist stem matched the archive name.,variant_target,Down/size detail of the existing feathers-down product. Reuses existing crafts owner crafts-tools-processes/craft_processes/process_products.csv#pr:feathers_down.,"B: reconstruction/category/context evidence; basis logical_necessity, not direct item attestation.",safe_with_explicit_context,medium,,,candidate
data/normalized_source_tables/material_entities/material_entities.csv:OMI00960,Птичий пух в мешочке,variant,include,crafts-tools-processes/craft_processes/process_products.csv#pr:feathers_down,logical_necessity,data/normalized_source_tables/material_entities/material_entities.csv#OMI00960,B,1180–1260,Великий Новгород и Новгородская земля; центр модели — около 1230 года,include_d39,passed,No denylist stem matched the archive name.,variant_target,Пух в мешочке — содержимое crafts; мешочек лишь container form. Reuses existing crafts owner crafts-tools-processes/craft_processes/process_products.csv#pr:feathers_down.,"B: reconstruction/category/context evidence; basis logical_necessity, not direct item attestation. Пух в мешочке — содержимое crafts; мешочек лишь container form.",safe_with_explicit_context,medium,,,candidate
data/normalized_source_tables/material_entities/material_entities.csv:OMI00961,Сломанный крупный зуб животного,variant,include,crafts-tools-processes/materials_registry/material_entities.csv#n1230:material_item:omi00901,sourced,category-level evidence (category_form_material_process_or_context): data/normalized_source_tables/material_entities/material_entities.csv#OMI00961,A,1180–1260,Великий Новгород и Новгородская земля; центр модели — около 1230 года,include_d39,passed,No denylist stem matched the archive name.,variant_target,Reuses existing crafts owner crafts-tools-processes/materials_registry/material_entities.csv#n1230:material_item:omi00901.,A: category-level evidence (category_form_material_process_or_context). Tooth size/count properties of existing animal-tooth material.,safe_with_context,low,,,candidate
data/normalized_source_tables/material_entities/material_entities.csv:OMI00962,Сточенный зуб животного,variant,include,crafts-tools-processes/materials_registry/material_entities.csv#n1230:material_item:omi00901,logical_necessity,data/normalized_source_tables/material_entities/material_entities.csv#OMI00962,B,1180–1260,Великий Новгород и Новгородская земля; центр модели — около 1230 года,include_d39,passed,No denylist stem matched the archive name.,variant_target,Reuses existing crafts owner crafts-tools-processes/materials_registry/material_entities.csv#n1230:material_item:omi00901.,"B: reconstruction/category/context evidence; basis logical_necessity, not direct item attestation. Tooth size/count properties of existing animal-tooth material.",safe_with_explicit_context,medium,,,candidate
data/normalized_source_tables/material_entities/material_entities.csv:OMI00964,Клык с пропилом для подвеса,new,routed,,analogy,data/normalized_source_tables/material_entities/material_entities.csv#OMI00964,C,1180–1260,Великий Новгород и Новгородская земля; центр модели — около 1230 года,include_d39,passed,No denylist stem matched the archive name.,unique,Notched canine is a semifinished personal ornament; no matching existing personal-item target found.,Confidence C: analogue/hypothesis; basis analogy. Notched canine is a semifinished personal ornament; no matching existing personal-item target found.,explicit_context_only,high,items-household-personal,,routed
data/normalized_source_tables/material_entities/material_entities.csv:OMI00965,Кусок зубной эмали,variant,include,crafts-tools-processes/materials_registry/material_entities.csv#n1230:material_item:omi00901,sourced,category-level evidence (category_form_material_process_or_context): data/normalized_source_tables/material_entities/material_entities.csv#OMI00965,A,1180–1260,Великий Новгород и Новгородская земля; центр модели — около 1230 года,include_d39,passed,No denylist stem matched the archive name.,variant_target,Reuses existing crafts owner crafts-tools-processes/materials_registry/material_entities.csv#n1230:material_item:omi00901.,A: category-level evidence (category_form_material_process_or_context). Tooth size/count properties of existing animal-tooth material.,safe_with_context,low,,,candidate
data/normalized_source_tables/material_entities/material_entities.csv:OMI00966,Роговая чешуйка копыта,new,include,,logical_necessity,data/normalized_source_tables/material_entities/material_entities.csv#OMI00966,B,1180–1260,Великий Новгород и Новгородская земля; центр модели — около 1230 года,include_d39,passed,No denylist stem matched the archive name.,unique,Reviewed semantic roots [копыт рогов чешуйк] and family_key [hoof_trimming]; no object identity collapsed after ignoring state/size/container/use modifiers.,"B: reconstruction/category/context evidence; basis logical_necessity, not direct item attestation.",safe_with_explicit_context,medium,,,candidate
data/normalized_source_tables/material_entities/material_entities.csv:OMI00967,Кусок копытного рога,new,include,,logical_necessity,data/normalized_source_tables/material_entities/material_entities.csv#OMI00967,B,1180–1260,Великий Новгород и Новгородская земля; центр модели — около 1230 года,include_d39,passed,No denylist stem matched the archive name.,unique,Reviewed semantic roots [копытн рог] and family_key [hoof_horn_piece]; no object identity collapsed after ignoring state/size/container/use modifiers.,"B: reconstruction/category/context evidence; basis logical_necessity, not direct item attestation.",safe_with_explicit_context,medium,,,candidate
data/normalized_source_tables/material_entities/material_entities.csv:OMI00968,Кошачий коготь,variant,include,crafts-tools-processes/materials_registry/materials.csv#mt_horn,analogy,data/normalized_source_tables/material_entities/material_entities.csv#OMI00968,C,1180–1260,Великий Новгород и Новгородская земля; центр модели — около 1230 года,include_d39,passed,No denylist stem matched the archive name.,variant_target,"Кошачий коготь — цельный кератиновый claw specimen; claws здесь отнесены к crafts hard-material stock по явно указанной animal source, не к bone/antler. Reuses existing crafts owner crafts-tools-processes/materials_registry/materials.csv#mt_horn.","Confidence C: analogue/hypothesis; basis analogy. Кошачий коготь — цельный кератиновый claw specimen; claws здесь отнесены к crafts hard-material stock по явно указанной animal source, не к bone/antler.",explicit_context_only,high,,,candidate
data/normalized_source_tables/material_entities/material_entities.csv:OMI00969,Медвежий коготь,variant,include,crafts-tools-processes/materials_registry/materials.csv#mt_horn,analogy,data/normalized_source_tables/material_entities/material_entities.csv#OMI00969,C,1180–1260,Великий Новгород и Новгородская земля; центр модели — около 1230 года,include_d39,passed,No denylist stem matched the archive name.,variant_target,Медвежий коготь — цельный кератиновый claw specimen; вид животного остаётся source property существующего crafts hard-material stock. Reuses existing crafts owner crafts-tools-processes/materials_registry/materials.csv#mt_horn.,Confidence C: analogue/hypothesis; basis analogy. Медвежий коготь — цельный кератиновый claw specimen; вид животного остаётся source property существующего crafts hard-material stock.,explicit_context_only,high,,,candidate
data/normalized_source_tables/material_entities/material_entities.csv:OMI00970,Рыбья чешуя крупная,new,routed,,sourced,category-level evidence (category_form_material_process_or_context): data/normalized_source_tables/material_entities/material_entities.csv#OMI00970,A,1180–1260,Великий Новгород и Новгородская земля; центр модели — около 1230 года,include_d39,passed,No denylist stem matched the archive name.,unique,Fish scales belong with fish processing food waste; sand/context is a property.,A: category-level evidence (category_form_material_process_or_context). Fish scales belong with fish processing food waste; sand/context is a property.,safe_with_context,low,food-drink,food-drink/food/material_entities.csv#n1230:material_item:omi01426,routed
data/normalized_source_tables/material_entities/material_entities.csv:OMI00971,Кучка мелкой рыбьей чешуи,new,routed,,sourced,category-level evidence (category_form_material_process_or_context): data/normalized_source_tables/material_entities/material_entities.csv#OMI00971,A,1180–1260,Великий Новгород и Новгородская земля; центр модели — около 1230 года,include_d39,passed,No denylist stem matched the archive name.,unique,Heap size and particle size do not create a new material owner.,A: category-level evidence (category_form_material_process_or_context). Heap size and particle size do not create a new material owner.,safe_with_context,low,food-drink,food-drink/food/material_entities.csv#n1230:material_item:omi01426,routed
data/normalized_source_tables/material_entities/material_entities.csv:OMI00972,Рыбья кость длинная,new,routed,,sourced,category-level evidence (category_form_material_process_or_context): data/normalized_source_tables/material_entities/material_entities.csv#OMI00972,A,1180–1260,Великий Новгород и Новгородская земля; центр модели — около 1230 года,include_d39,passed,No denylist stem matched the archive name.,unique,Длинная рыбья кость — видоспецифичная bone category и длинная цельная часть; не костяные опилки или заготовка.,A: category-level evidence (category_form_material_process_or_context). Длинная рыбья кость — видоспецифичная bone category и длинная цельная часть; не костяные опилки или заготовка.,safe_with_context,low,food-drink,food-drink/food/material_entities.csv#n1230:material_item:omi01429,routed
data/normalized_source_tables/material_entities/material_entities.csv:OMI00973,Рыбий позвонок,new,routed,,sourced,category-level evidence (category_form_material_process_or_context): data/normalized_source_tables/material_entities/material_entities.csv#OMI00973,A,1180–1260,Великий Новгород и Новгородская земля; центр модели — около 1230 года,include_d39,passed,No denylist stem matched the archive name.,unique,Fish vertebra is same fish processing by-product family as cleaned fish spine.,A: category-level evidence (category_form_material_process_or_context). Fish vertebra is same fish processing by-product family as cleaned fish spine.,safe_with_context,low,food-drink,food-drink/food/material_entities.csv#n1230:material_item:omi01422,routed
data/normalized_source_tables/material_entities/material_entities.csv:OMI00974,Рыбья жаберная крышка,new,routed,,sourced,category-level evidence (category_form_material_process_or_context): data/normalized_source_tables/material_entities/material_entities.csv#OMI00974,A,1180–1260,Великий Новгород и Новгородская земля; центр модели — около 1230 года,include_d39,passed,No denylist stem matched the archive name.,unique,Gill cover is fish-cleaning waste; use food-side fish gills as owner and preserve anatomical form as property.,A: category-level evidence (category_form_material_process_or_context). Gill cover is fish-cleaning waste; use food-side fish gills as owner and preserve anatomical form as property.,safe_with_context,low,food-drink,food-drink/food/material_entities.csv#n1230:material_item:omi01421,routed
data/normalized_source_tables/material_entities/material_entities.csv:OMI00975,Рыбий плавательный пузырь высушенный,new,include,,analogy,data/normalized_source_tables/material_entities/material_entities.csv#OMI00975,C,1180–1260,Великий Новгород и Новгородская земля; центр модели — около 1230 года,include_d39,passed,No denylist stem matched the archive name.,unique,Reviewed semantic roots [высушенн плавательн пузырь рыб] and family_key [dried_fish_bladder]; no object identity collapsed after ignoring state/size/container/use modifiers.,Confidence C: analogue/hypothesis; basis analogy.,explicit_context_only,high,,,candidate
data/normalized_source_tables/material_entities/material_entities.csv:OMI00976,Отпиленный суставной конец кости,new,include,,sourced,category-level evidence (category_form_material_process_or_context): data/normalized_source_tables/material_entities/material_entities.csv#OMI00976,A,1180–1260,Великий Новгород и Новгородская земля; центр модели — около 1230 года,include_d39,passed,No denylist stem matched the archive name.,unique,Reviewed semantic roots [конец кост отпиленн суставн] and family_key [sawn_epiphysis]; no object identity collapsed after ignoring state/size/container/use modifiers.,A: category-level evidence (category_form_material_process_or_context).,safe_with_context,low,,,candidate
data/normalized_source_tables/material_entities/material_entities.csv:OMI00977,Пара отпиленных суставных концов,variant,include,crafts-tools-processes/materials_registry/material_entities.csv#n1230:material_item:omi00976,sourced,category-level evidence (category_form_material_process_or_context): data/normalized_source_tables/material_entities/material_entities.csv#OMI00977,A,1180–1260,Великий Новгород и Новгородская земля; центр модели — около 1230 года,include_d39,passed,No denylist stem matched the archive name.,variant_target,Reuses existing crafts owner crafts-tools-processes/materials_registry/material_entities.csv#n1230:material_item:omi00976.,A: category-level evidence (category_form_material_process_or_context). Same object identity as archive OMI00976.,safe_with_context,low,,,candidate
data/normalized_source_tables/material_entities/material_entities.csv:OMI00978,Продольный костяной обрезок,new,include,,sourced,category-level evidence (category_form_material_process_or_context): data/normalized_source_tables/material_entities/material_entities.csv#OMI00978,A,1180–1260,Великий Новгород и Новгородская земля; центр модели — около 1230 года,include_d39,passed,No denylist stem matched the archive name.,unique,Reviewed semantic roots [костян обрезок продольн] and family_key [bone_longitudinal_offcut]; no object identity collapsed after ignoring state/size/container/use modifiers.,A: category-level evidence (category_form_material_process_or_context).,safe_with_context,low,,,candidate
data/normalized_source_tables/material_entities/material_entities.csv:OMI00979,Поперечный костяной кружок-отход,new,include,,sourced,category-level evidence (category_form_material_process_or_context): data/normalized_source_tables/material_entities/material_entities.csv#OMI00979,A,1180–1260,Великий Новгород и Новгородская земля; центр модели — около 1230 года,include_d39,passed,No denylist stem matched the archive name.,unique,Reviewed semantic roots [костян кружок отход поперечн] and family_key [bone_sawn_disc_waste]; no object identity collapsed after ignoring state/size/container/use modifiers.,A: category-level evidence (category_form_material_process_or_context).,safe_with_context,low,,,candidate
data/normalized_source_tables/material_entities/material_entities.csv:OMI00980,Костяная стружка крупная,new,include,,sourced,category-level evidence (category_form_material_process_or_context): data/normalized_source_tables/material_entities/material_entities.csv#OMI00980,A,1180–1260,Великий Новгород и Новгородская земля; центр модели — около 1230 года,include_d39,passed,No denylist stem matched the archive name.,unique,Reviewed semantic roots [костян стружк] and family_key [bone_shaving_large]; no object identity collapsed after ignoring state/size/container/use modifiers.,A: category-level evidence (category_form_material_process_or_context).,safe_with_context,low,,,candidate
data/normalized_source_tables/material_entities/material_entities.csv:OMI00981,Костяная стружка мелкая,variant,include,crafts-tools-processes/materials_registry/material_entities.csv#n1230:material_item:omi00980,sourced,category-level evidence (category_form_material_process_or_context): data/normalized_source_tables/material_entities/material_entities.csv#OMI00981,A,1180–1260,Великий Новгород и Новгородская земля; центр модели — около 1230 года,include_d39,passed,No denylist stem matched the archive name.,variant_target,Small bone shavings are a size variant of canonical bone shavings OMI00980; size alone does not justify a second type. Reuses existing crafts owner crafts-tools-processes/materials_registry/material_entities.csv#n1230:material_item:omi00980.,A: category-level evidence (category_form_material_process_or_context).,safe_with_context,low,,,candidate
data/normalized_source_tables/material_entities/material_entities.csv:OMI00982,Костяные опилки,new,include,,sourced,category-level evidence (category_form_material_process_or_context): data/normalized_source_tables/material_entities/material_entities.csv#OMI00982,A,1180–1260,Великий Новгород и Новгородская земля; центр модели — около 1230 года,include_d39,passed,No denylist stem matched the archive name.,unique,"Костяные опилки — bone-working residue, а не precious-metal стружка/опилки OMI00837.","A: category-level evidence (category_form_material_process_or_context). Костяные опилки — bone-working residue, а не precious-metal стружка/опилки OMI00837.",safe_with_context,low,crafts-tools-processes,,candidate
data/normalized_source_tables/material_entities/material_entities.csv:OMI00983,Костяная пыль после шлифовки,new,include,,sourced,category-level evidence (category_form_material_process_or_context): data/normalized_source_tables/material_entities/material_entities.csv#OMI00983,A,1180–1260,Великий Новгород и Новгородская земля; центр модели — около 1230 года,include_d39,passed,No denylist stem matched the archive name.,unique,Bone polishing dust is a process-specific residue distinct from sawdust; retain for its finishing process.,A: category-level evidence (category_form_material_process_or_context). Bone polishing dust is a process-specific residue distinct from sawdust; retain for its finishing process.,safe_with_context,low,crafts-tools-processes,,candidate
data/normalized_source_tables/material_entities/material_entities.csv:OMI00984,Костяной сверлильный керн,new,include,,sourced,category-level evidence (category_form_material_process_or_context): data/normalized_source_tables/material_entities/material_entities.csv#OMI00984,A,1180–1260,Великий Новгород и Новгородская земля; центр модели — около 1230 года,include_d39,passed,No denylist stem matched the archive name.,unique,Reviewed semantic roots [керн костян сверлильн] and family_key [bone_drill_core]; no object identity collapsed after ignoring state/size/container/use modifiers.,A: category-level evidence (category_form_material_process_or_context).,safe_with_context,low,,,candidate
data/normalized_source_tables/material_entities/material_entities.csv:OMI00985,Пластина кости с несколькими вырезанными кружками,new,include,,sourced,category-level evidence (category_form_material_process_or_context): data/normalized_source_tables/material_entities/material_entities.csv#OMI00985,A,1180–1260,Великий Новгород и Новгородская земля; центр модели — около 1230 года,include_d39,passed,No denylist stem matched the archive name.,unique,Reviewed semantic roots [вырезанн кост кружк нескольк пластин] and family_key [bone_blank_matrix]; no object identity collapsed after ignoring state/size/container/use modifiers.,A: category-level evidence (category_form_material_process_or_context).,safe_with_context,low,,,candidate
data/normalized_source_tables/material_entities/material_entities.csv:OMI00986,Обломок костяной заготовки,variant,include,crafts-tools-processes/materials_registry/materials.csv#mt_bone,sourced,category-level evidence (category_form_material_process_or_context): data/normalized_source_tables/material_entities/material_entities.csv#OMI00986,A,1180–1260,Великий Новгород и Новгородская земля; центр модели — около 1230 года,include_d39,passed,No denylist stem matched the archive name.,variant_target,Broken blank is a state of the existing bone material. Reuses existing crafts owner crafts-tools-processes/materials_registry/materials.csv#mt_bone.,A: category-level evidence (category_form_material_process_or_context).,safe_with_context,low,,,candidate
data/normalized_source_tables/material_entities/material_entities.csv:OMI00987,Костяная заготовка с ошибочным отверстием,variant,include,crafts-tools-processes/materials_registry/materials.csv#mt_bone,sourced,category-level evidence (category_form_material_process_or_context): data/normalized_source_tables/material_entities/material_entities.csv#OMI00987,A,1180–1260,Великий Новгород и Новгородская земля; центр модели — около 1230 года,include_d39,passed,No denylist stem matched the archive name.,variant_target,Misdrilled blank is a defect/state of recoverable bone stock; not a distinct waste type. Reuses existing crafts owner crafts-tools-processes/materials_registry/materials.csv#mt_bone.,A: category-level evidence (category_form_material_process_or_context). Misdrilled blank is a defect/state of recoverable bone stock; not a distinct waste type.,safe_with_context,low,,,candidate
data/normalized_source_tables/material_entities/material_entities.csv:OMI00988,Обломок полированной костяной вещи без определимой формы,variant,include,crafts-tools-processes/materials_registry/materials.csv#mt_bone,sourced,category-level evidence (category_form_material_process_or_context): data/normalized_source_tables/material_entities/material_entities.csv#OMI00988,A,1180–1260,Великий Новгород и Новгородская земля; центр модели — около 1230 года,include_d39,passed,No denylist stem matched the archive name.,variant_target,Unidentified polished fragment remains bone; polish and breakage are condition attributes. Reuses existing crafts owner crafts-tools-processes/materials_registry/materials.csv#mt_bone.,A: category-level evidence (category_form_material_process_or_context). Unidentified polished fragment remains bone; polish and breakage are condition attributes.,safe_with_context,low,,,candidate
data/normalized_source_tables/material_entities/material_entities.csv:OMI00989,Обломок костяной вещи с орнаментом,variant,include,crafts-tools-processes/materials_registry/materials.csv#mt_bone,sourced,category-level evidence (category_form_material_process_or_context): data/normalized_source_tables/material_entities/material_entities.csv#OMI00989,A,1180–1260,Великий Новгород и Новгородская земля; центр модели — около 1230 года,include_d39,passed,No denylist stem matched the archive name.,variant_target,Ornament and breakage are condition/appearance attributes of a bone fragment. Reuses existing crafts owner crafts-tools-processes/materials_registry/materials.csv#mt_bone.,A: category-level evidence (category_form_material_process_or_context). Ornament and breakage are condition/appearance attributes of a bone fragment.,safe_with_context,low,,,candidate
data/normalized_source_tables/material_entities/material_entities.csv:OMI00990,Обгоревшая кость,variant,include,crafts-tools-processes/materials_registry/materials.csv#mt_bone,sourced,category-level evidence (category_form_material_process_or_context): data/normalized_source_tables/material_entities/material_entities.csv#OMI00990,A,1180–1260,Великий Новгород и Новгородская земля; центр модели — около 1230 года,include_d39,passed,No denylist stem matched the archive name.,variant_target,Charring is a state of bone material; not a separate owner or material. Reuses existing crafts owner crafts-tools-processes/materials_registry/materials.csv#mt_bone.,A: category-level evidence (category_form_material_process_or_context). Charring is a state of bone material; not a separate owner or material.,safe_with_context,low,,,candidate
data/normalized_source_tables/material_entities/material_entities.csv:OMI00991,Кальцинированная белая кость,variant,include,crafts-tools-processes/materials_registry/materials.csv#mt_bone,sourced,category-level evidence (category_form_material_process_or_context): data/normalized_source_tables/material_entities/material_entities.csv#OMI00991,A,1180–1260,Великий Новгород и Новгородская земля; центр модели — около 1230 года,include_d39,passed,No denylist stem matched the archive name.,variant_target,Calcination is a heat-treatment state of bone material. Reuses existing crafts owner crafts-tools-processes/materials_registry/materials.csv#mt_bone.,A: category-level evidence (category_form_material_process_or_context). Calcination is a heat-treatment state of bone material.,safe_with_context,low,,,candidate
data/normalized_source_tables/material_entities/material_entities.csv:OMI00992,Кость с рубочными следами,variant,include,crafts-tools-processes/materials_registry/materials.csv#mt_bone,sourced,category-level evidence (category_form_material_process_or_context): data/normalized_source_tables/material_entities/material_entities.csv#OMI00992,A,1180–1260,Великий Новгород и Новгородская земля; центр модели — около 1230 года,include_d39,passed,No denylist stem matched the archive name.,variant_target,Chop marks are a processing state of bone material. Reuses existing crafts owner crafts-tools-processes/materials_registry/materials.csv#mt_bone.,A: category-level evidence (category_form_material_process_or_context). Chop marks are a processing state of bone material.,safe_with_context,low,,,candidate
data/normalized_source_tables/material_entities/material_entities.csv:OMI00993,Кость со следами пилы,variant,include,crafts-tools-processes/materials_registry/materials.csv#mt_bone,sourced,category-level evidence (category_form_material_process_or_context): data/normalized_source_tables/material_entities/material_entities.csv#OMI00993,A,1180–1260,Великий Новгород и Новгородская земля; центр модели — около 1230 года,include_d39,passed,No denylist stem matched the archive name.,variant_target,Saw marks are a processing state of bone material. Reuses existing crafts owner crafts-tools-processes/materials_registry/materials.csv#mt_bone.,A: category-level evidence (category_form_material_process_or_context). Saw marks are a processing state of bone material.,safe_with_context,low,,,candidate
data/normalized_source_tables/material_entities/material_entities.csv:OMI00994,Кость со следами сверления,variant,include,crafts-tools-processes/materials_registry/materials.csv#mt_bone,sourced,category-level evidence (category_form_material_process_or_context): data/normalized_source_tables/material_entities/material_entities.csv#OMI00994,A,1180–1260,Великий Новгород и Новгородская земля; центр модели — около 1230 года,include_d39,passed,No denylist stem matched the archive name.,variant_target,Drilled/fractured state of existing bone material. Reuses existing crafts owner crafts-tools-processes/materials_registry/materials.csv#mt_bone.,A: category-level evidence (category_form_material_process_or_context).,safe_with_context,low,,,candidate
data/normalized_source_tables/material_entities/material_entities.csv:OMI00995,Кость с пробной разметкой,variant,include,crafts-tools-processes/materials_registry/materials.csv#mt_bone,sourced,category-level evidence (category_form_material_process_or_context): data/normalized_source_tables/material_entities/material_entities.csv#OMI00995,A,1180–1260,Великий Новгород и Новгородская земля; центр модели — около 1230 года,include_d39,passed,No denylist stem matched the archive name.,variant_target,Trial mark is a state of the existing bone material. Reuses existing crafts owner crafts-tools-processes/materials_registry/materials.csv#mt_bone.,A: category-level evidence (category_form_material_process_or_context).,safe_with_context,low,,,candidate
data/normalized_source_tables/material_entities/material_entities.csv:OMI00996,Обрезок оленьего рога с пропилом,new,include,,sourced,category-level evidence (category_form_material_process_or_context): data/normalized_source_tables/material_entities/material_entities.csv#OMI00996,A,1180–1260,Великий Новгород и Новгородская земля; центр модели — около 1230 года,include_d39,passed,No denylist stem matched the archive name.,unique,Reviewed semantic roots [обрезок оленьег пропил рог] and family_key [sawn_antler_offcut]; no object identity collapsed after ignoring state/size/container/use modifiers.,A: category-level evidence (category_form_material_process_or_context).,safe_with_context,low,,,candidate
data/normalized_source_tables/material_entities/material_entities.csv:OMI00997,Роговой отросток с отрубленным концом,variant,include,crafts-tools-processes/materials_registry/materials.csv#mt_antler,sourced,category-level evidence (category_form_material_process_or_context): data/normalized_source_tables/material_entities/material_entities.csv#OMI00997,A,1180–1260,Великий Новгород и Новгородская земля; центр модели — около 1230 года,include_d39,passed,No denylist stem matched the archive name.,variant_target,Chopped antler tine is antler stock in a cut state; not keratin horn waste. Reuses existing crafts owner crafts-tools-processes/materials_registry/materials.csv#mt_antler.,A: category-level evidence (category_form_material_process_or_context). Chopped antler tine is antler stock in a cut state; not keratin horn waste.,safe_with_context,low,,,candidate
data/normalized_source_tables/material_entities/material_entities.csv:OMI00998,Пористая сердцевина рога после снятия пластины,new,include,,sourced,category-level evidence (category_form_material_process_or_context): data/normalized_source_tables/material_entities/material_entities.csv#OMI00998,A,1180–1260,Великий Новгород и Новгородская земля; центр модели — около 1230 года,include_d39,passed,No denylist stem matched the archive name.,unique,Reviewed semantic roots [пластин порист рог сердцевин сняти] and family_key [antler_core_waste]; no object identity collapsed after ignoring state/size/container/use modifiers.,A: category-level evidence (category_form_material_process_or_context).,safe_with_context,low,,,candidate
data/normalized_source_tables/material_entities/material_entities.csv:OMI00999,Роговая стружка,variant,include,crafts-tools-processes/materials_registry/materials.csv#mt_antler,sourced,category-level evidence (category_form_material_process_or_context): data/normalized_source_tables/material_entities/material_entities.csv#OMI00999,A,1180–1260,Великий Новгород и Новгородская земля; центр модели — около 1230 года,include_d39,passed,No denylist stem matched the archive name.,variant_target,Antler shavings are a processing/size form of antler material. Reuses existing crafts owner crafts-tools-processes/materials_registry/materials.csv#mt_antler.,A: category-level evidence (category_form_material_process_or_context). Antler shavings are a processing/size form of antler material.,safe_with_context,low,,,candidate
data/normalized_source_tables/material_entities/material_entities.csv:OMI01000,Роговые опилки,new,include,,sourced,category-level evidence (category_form_material_process_or_context): data/normalized_source_tables/material_entities/material_entities.csv#OMI01000,A,1180–1260,Великий Новгород и Новгородская земля; центр модели — около 1230 года,include_d39,passed,No denylist stem matched the archive name.,unique,Reviewed semantic roots [опилк рогов] and family_key [antler_sawdust]; no object identity collapsed after ignoring state/size/container/use modifiers.,A: category-level evidence (category_form_material_process_or_context).,safe_with_context,low,,,candidate
data/normalized_source_tables/material_entities/material_entities.csv:OMI01001,Обломок роговой заготовки,variant,include,crafts-tools-processes/materials_registry/materials.csv#mt_antler,sourced,category-level evidence (category_form_material_process_or_context): data/normalized_source_tables/material_entities/material_entities.csv#OMI01001,A,1180–1260,Великий Новгород и Новгородская земля; центр модели — около 1230 года,include_d39,passed,No denylist stem matched the archive name.,variant_target,Broken blank is a state of the existing antler material. Reuses existing crafts owner crafts-tools-processes/materials_registry/materials.csv#mt_antler.,A: category-level evidence (category_form_material_process_or_context).,safe_with_context,low,,,candidate
data/normalized_source_tables/material_entities/material_entities.csv:OMI01002,Обломок роговой вещи с полировкой,new,include,,sourced,category-level evidence (category_form_material_process_or_context): data/normalized_source_tables/material_entities/material_entities.csv#OMI01002,A,1180–1260,Великий Новгород и Новгородская земля; центр модели — около 1230 года,include_d39,passed,No denylist stem matched the archive name.,unique,Reviewed semantic roots [вещ полировк рогов] and family_key [polished_antler_fragment]; no object identity collapsed after ignoring state/size/container/use modifiers.,A: category-level evidence (category_form_material_process_or_context).,safe_with_context,low,,,candidate
data/normalized_source_tables/material_entities/material_entities.csv:OMI01003,Обрезки полого рога,new,include,,sourced,category-level evidence (category_form_material_process_or_context): data/normalized_source_tables/material_entities/material_entities.csv#OMI01003,A,1180–1260,Великий Новгород и Новгородская земля; центр модели — около 1230 года,include_d39,passed,No denylist stem matched the archive name.,unique,Reviewed semantic roots [обрезк пол рог] and family_key [horn_sheath_offcuts]; no object identity collapsed after ignoring state/size/container/use modifiers.,A: category-level evidence (category_form_material_process_or_context).,safe_with_context,low,,,candidate
data/normalized_source_tables/material_entities/material_entities.csv:OMI01004,Тонкая роговая стружка,variant,include,crafts-tools-processes/materials_registry/materials.csv#mt_horn,sourced,category-level evidence (category_form_material_process_or_context): data/normalized_source_tables/material_entities/material_entities.csv#OMI01004,A,1180–1260,Великий Новгород и Новгородская земля; центр модели — около 1230 года,include_d39,passed,No denylist stem matched the archive name.,variant_target,Horn shavings remain keratin horn material; thickness is a size property. Reuses existing crafts owner crafts-tools-processes/materials_registry/materials.csv#mt_horn.,A: category-level evidence (category_form_material_process_or_context). Horn shavings remain keratin horn material; thickness is a size property.,safe_with_context,low,,,candidate
data/normalized_source_tables/material_entities/material_entities.csv:OMI01005,"Роговая пластина, треснувшая при распрямлении",variant,include,crafts-tools-processes/materials_registry/materials.csv#mt_horn,logical_necessity,data/normalized_source_tables/material_entities/material_entities.csv#OMI01005,B,1180–1260,Великий Новгород и Новгородская земля; центр модели — около 1230 года,include_d39,passed,No denylist stem matched the archive name.,variant_target,Cracked horn plate is a processing defect/state of keratin horn material. Reuses existing crafts owner crafts-tools-processes/materials_registry/materials.csv#mt_horn.,"B: reconstruction/category/context evidence; basis logical_necessity, not direct item attestation. Cracked horn plate is a processing defect/state of keratin horn material.",safe_with_explicit_context,medium,,,candidate
data/normalized_source_tables/material_entities/material_entities.csv:OMI01006,Смешанная кучка косторезных отходов,variant,include,crafts-tools-processes/materials_registry/material_entities.csv#n1230:material_item:crf0026,sourced,category-level evidence (category_form_material_process_or_context): data/normalized_source_tables/material_entities/material_entities.csv#OMI01006,A,1180–1260,Великий Новгород и Новгородская земля; центр модели — около 1230 года,include_d39,passed,No denylist stem matched the archive name.,variant_target,Mixed boneworking waste heap duplicates the existing general boneworking waste entity CRF0026. Reuses existing crafts owner crafts-tools-processes/materials_registry/material_entities.csv#n1230:material_item:crf0026.,A: category-level evidence (category_form_material_process_or_context). Mixed boneworking waste heap duplicates the existing general boneworking waste entity CRF0026.,safe_with_context,low,,,candidate
data/normalized_source_tables/material_entities/material_entities.csv:OMI01007,"Кость, рог и зола в мусорном слое",new,include,,sourced,category-level evidence (category_form_material_process_or_context): data/normalized_source_tables/material_entities/material_entities.csv#OMI01007,A,1180–1260,Великий Новгород и Новгородская земля; центр модели — около 1230 года,include_d39,passed,No denylist stem matched the archive name.,unique,Reviewed semantic roots [зол кость мусорн рог] and family_key [bone_antler_ash_deposit]; no object identity collapsed after ignoring state/size/container/use modifiers.,A: category-level evidence (category_form_material_process_or_context).,safe_with_context,low,,,candidate
data/normalized_source_tables/material_entities/material_entities.csv:OMI01008,Ком сырой природной глины,variant,include,crafts-tools-processes/materials_registry/materials.csv#mt_clay,sourced,category-level evidence (category_form_material_process_or_context): data/normalized_source_tables/material_entities/material_entities.csv#OMI01008,A,1180–1260,Великий Новгород и Новгородская земля; центр модели — около 1230 года,include_d39,passed,No denylist stem matched the archive name.,variant_target,Сырой природный ком — сырьё гончарной глины. Reuses existing crafts owner crafts-tools-processes/materials_registry/materials.csv#mt_clay.,A: category-level evidence (category_form_material_process_or_context). Сырой природный ком — сырьё гончарной глины.,safe_with_context,low,,,candidate
data/normalized_source_tables/material_entities/material_entities.csv:OMI01009,Глина с растительными включениями,variant,include,crafts-tools-processes/materials_registry/materials.csv#mt_clay,sourced,category-level evidence (category_form_material_process_or_context): data/normalized_source_tables/material_entities/material_entities.csv#OMI01009,A,1180–1260,Великий Новгород и Новгородская земля; центр модели — около 1230 года,include_d39,passed,No denylist stem matched the archive name.,variant_target,Растительные включения — состав/качество сырой глины. Reuses existing crafts owner crafts-tools-processes/materials_registry/materials.csv#mt_clay.,A: category-level evidence (category_form_material_process_or_context). Растительные включения — состав/качество сырой глины.,safe_with_context,low,,,candidate
data/normalized_source_tables/material_entities/material_entities.csv:OMI01010,Глина с песком и мелким камнем,variant,include,crafts-tools-processes/materials_registry/materials.csv#mt_clay,sourced,category-level evidence (category_form_material_process_or_context): data/normalized_source_tables/material_entities/material_entities.csv#OMI01010,A,1180–1260,Великий Новгород и Новгородская земля; центр модели — около 1230 года,include_d39,passed,No denylist stem matched the archive name.,variant_target,Песчаная и каменистая глина остаётся глиняным сырьём. Reuses existing crafts owner crafts-tools-processes/materials_registry/materials.csv#mt_clay.,A: category-level evidence (category_form_material_process_or_context). Песчаная и каменистая глина остаётся глиняным сырьём.,safe_with_context,low,,,candidate
data/normalized_source_tables/material_entities/material_entities.csv:OMI01011,Отлежавшаяся влажная глина,variant,include,crafts-tools-processes/materials_registry/materials.csv#mt_clay,logical_necessity,data/normalized_source_tables/material_entities/material_entities.csv#OMI01011,B,1180–1260,Великий Новгород и Новгородская земля; центр модели — около 1230 года,include_d39,passed,No denylist stem matched the archive name.,variant_target,Отлёжка — стадия подготовки той же глины. Reuses existing crafts owner crafts-tools-processes/materials_registry/materials.csv#mt_clay.,"B: reconstruction/category/context evidence; basis logical_necessity, not direct item attestation. Отлёжка — стадия подготовки той же глины.",safe_with_explicit_context,medium,,,candidate
data/normalized_source_tables/material_entities/material_entities.csv:OMI01012,Отмученная тонкая глина,variant,include,crafts-tools-processes/materials_registry/materials.csv#mt_clay,logical_necessity,data/normalized_source_tables/material_entities/material_entities.csv#OMI01012,B,1180–1260,Великий Новгород и Новгородская земля; центр модели — около 1230 года,include_d39,passed,No denylist stem matched the archive name.,variant_target,Отмучивание — стадия подготовки глины. Reuses existing crafts owner crafts-tools-processes/materials_registry/materials.csv#mt_clay.,"B: reconstruction/category/context evidence; basis logical_necessity, not direct item attestation. Отмучивание — стадия подготовки глины.",safe_with_explicit_context,medium,,,candidate
data/normalized_source_tables/material_entities/material_entities.csv:OMI01013,Процеженная жидкая глиняная масса,variant,include,crafts-tools-processes/materials_registry/materials.csv#mt_clay,logical_necessity,data/normalized_source_tables/material_entities/material_entities.csv#OMI01013,B,1180–1260,Великий Новгород и Новгородская земля; центр модели — около 1230 года,include_d39,passed,No denylist stem matched the archive name.,variant_target,Жидкая глиняная масса — стадия глины. Reuses existing crafts owner crafts-tools-processes/materials_registry/materials.csv#mt_clay.,"B: reconstruction/category/context evidence; basis logical_necessity, not direct item attestation. Жидкая глиняная масса — стадия глины.",safe_with_explicit_context,medium,,,candidate
data/normalized_source_tables/material_entities/material_entities.csv:OMI01014,Осадок тонкой глины,variant,include,crafts-tools-processes/materials_registry/materials.csv#mt_clay,logical_necessity,data/normalized_source_tables/material_entities/material_entities.csv#OMI01014,B,1180–1260,Великий Новгород и Новгородская земля; центр модели — около 1230 года,include_d39,passed,No denylist stem matched the archive name.,variant_target,Осадок тонкой глины — состояние/стадия материала. Reuses existing crafts owner crafts-tools-processes/materials_registry/materials.csv#mt_clay.,"B: reconstruction/category/context evidence; basis logical_necessity, not direct item attestation. Осадок тонкой глины — состояние/стадия материала.",safe_with_explicit_context,medium,,,candidate
data/normalized_source_tables/material_entities/material_entities.csv:OMI01015,Крупный песчаный остаток после отмучивания,new,include,,logical_necessity,data/normalized_source_tables/material_entities/material_entities.csv#OMI01015,B,1180–1260,Великий Новгород и Новгородская земля; центр модели — около 1230 года,include_d39,passed,No denylist stem matched the archive name.,unique,Песчаный отсев очистки имеет отдельный состав и жизнь как отход процесса.,"B: reconstruction/category/context evidence; basis logical_necessity, not direct item attestation. Песчаный отсев очистки имеет отдельный состав и жизнь как отход процесса.",safe_with_explicit_context,medium,crafts-tools-processes,crafts-tools-processes/materials_registry/material_entities.csv#n1230:material_item:omi01015,candidate
data/normalized_source_tables/material_entities/material_entities.csv:OMI01016,"Глина, смешанная с песком",variant,include,crafts-tools-processes/materials_registry/materials.csv#mt_clay_refractory,sourced,category-level evidence (category_form_material_process_or_context): data/normalized_source_tables/material_entities/material_entities.csv#OMI01016,A,1180–1260,Великий Новгород и Новгородская земля; центр модели — около 1230 года,include_d39,passed,No denylist stem matched the archive name.,variant_target,Песчаный отощитель в составе глиняной массы; refractoriness — ближайшая стабильная смесь. Reuses existing crafts owner crafts-tools-processes/materials_registry/materials.csv#mt_clay_refractory.,A: category-level evidence (category_form_material_process_or_context). Песчаный отощитель в составе глиняной массы; refractoriness — ближайшая стабильная смесь.,safe_with_context,low,,,candidate
data/normalized_source_tables/material_entities/material_entities.csv:OMI01017,"Глина, смешанная с толчёным черепком",variant,include,crafts-tools-processes/materials_registry/materials.csv#mt_clay_refractory,logical_necessity,data/normalized_source_tables/material_entities/material_entities.csv#OMI01017,B,1180–1260,Великий Новгород и Новгородская земля; центр модели — около 1230 года,include_d39,passed,No denylist stem matched the archive name.,variant_target,Толчёный черепок/шамот — отощитель глиняной массы. Reuses existing crafts owner crafts-tools-processes/materials_registry/materials.csv#mt_clay_refractory.,"B: reconstruction/category/context evidence; basis logical_necessity, not direct item attestation. Толчёный черепок/шамот — отощитель глиняной массы.",safe_with_explicit_context,medium,,,candidate
data/normalized_source_tables/material_entities/material_entities.csv:OMI01018,Глина с мелким органическим отощителем,variant,include,crafts-tools-processes/materials_registry/materials.csv#mt_clay_refractory,analogy,data/normalized_source_tables/material_entities/material_entities.csv#OMI01018,C,1180–1260,Великий Новгород и Новгородская земля; центр модели — около 1230 года,include_d39,passed,No denylist stem matched the archive name.,variant_target,Органический отощитель меняет состав глиняной массы. Reuses existing crafts owner crafts-tools-processes/materials_registry/materials.csv#mt_clay_refractory.,Confidence C: analogue/hypothesis; basis analogy. Органический отощитель меняет состав глиняной массы.,explicit_context_only,high,,,candidate
data/normalized_source_tables/material_entities/material_entities.csv:OMI01019,Песок для отощения глины,variant,include,crafts-tools-processes/materials_registry/materials.csv#mt_quartz_sand,sourced,category-level evidence (category_form_material_process_or_context): data/normalized_source_tables/material_entities/material_entities.csv#OMI01019,A,1180–1260,Великий Новгород и Новгородская земля; центр модели — около 1230 года,add_variant,passed,No denylist stem matched the archive name.,variant_target,Это песок как добавка; применение не меняет идентичность песка. Reuses existing crafts owner crafts-tools-processes/materials_registry/materials.csv#mt_quartz_sand.,A: category-level evidence (category_form_material_process_or_context). Это песок как добавка; применение не меняет идентичность песка.,safe_with_context,low,,,candidate
data/normalized_source_tables/material_entities/material_entities.csv:OMI01020,Толчёный керамический черепок,variant,include,crafts-tools-processes/materials_registry/materials.csv#mt_clay_refractory,logical_necessity,data/normalized_source_tables/material_entities/material_entities.csv#OMI01020,B,1180–1260,Великий Новгород и Новгородская земля; центр модели — около 1230 года,include_d39,passed,No denylist stem matched the archive name.,variant_target,Толчёный черепок служит глиняным шамотным отощителем. Reuses existing crafts owner crafts-tools-processes/materials_registry/materials.csv#mt_clay_refractory.,"B: reconstruction/category/context evidence; basis logical_necessity, not direct item attestation. Толчёный черепок служит глиняным шамотным отощителем.",safe_with_explicit_context,medium,,,candidate
data/normalized_source_tables/material_entities/material_entities.csv:OMI01021,Крупинки шамота,variant,include,crafts-tools-processes/materials_registry/materials.csv#mt_clay_refractory,logical_necessity,data/normalized_source_tables/material_entities/material_entities.csv#OMI01021,B,1180–1260,Великий Новгород и Новгородская земля; центр модели — около 1230 года,include_d39,passed,No denylist stem matched the archive name.,variant_target,Крупинки шамота — размерная/подготовленная форма того же отощителя. Reuses existing crafts owner crafts-tools-processes/materials_registry/materials.csv#mt_clay_refractory.,"B: reconstruction/category/context evidence; basis logical_necessity, not direct item attestation. Крупинки шамота — размерная/подготовленная форма того же отощителя.",safe_with_explicit_context,medium,,,candidate
data/normalized_source_tables/material_entities/material_entities.csv:OMI01022,Замешанный глиняный ком для одного сосуда,variant,include,crafts-tools-processes/materials_registry/materials.csv#mt_clay,sourced,category-level evidence (category_form_material_process_or_context): data/normalized_source_tables/material_entities/material_entities.csv#OMI01022,A,1180–1260,Великий Новгород и Новгородская земля; центр модели — около 1230 года,include_d39,passed,No denylist stem matched the archive name.,variant_target,Порция глины отличается количеством; не видом материала. Reuses existing crafts owner crafts-tools-processes/materials_registry/materials.csv#mt_clay.,A: category-level evidence (category_form_material_process_or_context). Порция глины отличается количеством; не видом материала.,safe_with_context,low,,,candidate
data/normalized_source_tables/material_entities/material_entities.csv:OMI01023,Глиняный жгут для формования,variant,include,crafts-tools-processes/materials_registry/materials.csv#mt_clay,sourced,category-level evidence (category_form_material_process_or_context): data/normalized_source_tables/material_entities/material_entities.csv#OMI01023,A,1180–1260,Великий Новгород и Новгородская земля; центр модели — около 1230 года,add_variant,passed,No denylist stem matched the archive name.,variant_target,Глиняный жгут — рабочее состояние глины. Reuses existing crafts owner crafts-tools-processes/materials_registry/materials.csv#mt_clay.,A: category-level evidence (category_form_material_process_or_context). Глиняный жгут — рабочее состояние глины.,safe_with_context,low,,,candidate
data/normalized_source_tables/material_entities/material_entities.csv:OMI01024,Глиняная лепёшка для донца,variant,include,crafts-tools-processes/craft_tools_gear/tools_gear.csv#tl_loom_weight,sourced,category-level evidence (category_form_material_process_or_context): data/normalized_source_tables/material_entities/material_entities.csv#OMI01024,A,1180–1260,Великий Новгород и Новгородская земля; центр модели — около 1230 года,include_d39,passed,No denylist stem matched the archive name.,variant_target,"Глиняная лепёшка-сырец для донца имеет текстильную функцию груза при ткачестве по review; целевая идентичность — tl_loom_weight, не сосуд целиком. Reuses existing crafts owner crafts-tools-processes/craft_tools_gear/tools_gear.csv#tl_loom_weight.","A: category-level evidence (category_form_material_process_or_context). Глиняная лепёшка-сырец для донца имеет текстильную функцию груза при ткачестве по review; целевая идентичность — tl_loom_weight, не сосуд целиком.",safe_with_context,low,,,candidate
data/normalized_source_tables/material_entities/material_entities.csv:OMI01025,Глиняная полоса для венчика,variant,include,crafts-tools-processes/craft_tools_gear/tools_gear.csv#tl_loom_weight,logical_necessity,data/normalized_source_tables/material_entities/material_entities.csv#OMI01025,B,1180–1260,Великий Новгород и Новгородская земля; центр модели — около 1230 года,include_d39,passed,No denylist stem matched the archive name.,variant_target,Полоса венчика по явному review относится к серии loom weights; тонкая форма/стадия не создаёт керамический сосуд как process product. Reuses existing crafts owner crafts-tools-processes/craft_tools_gear/tools_gear.csv#tl_loom_weight.,"B: reconstruction/category/context evidence; basis logical_necessity, not direct item attestation. Полоса венчика по явному review относится к серии loom weights; тонкая форма/стадия не создаёт керамический сосуд как process product.",safe_with_explicit_context,medium,,,candidate
data/normalized_source_tables/material_entities/material_entities.csv:OMI01026,Глиняная заготовка ручки,variant,include,crafts-tools-processes/craft_tools_gear/tools_gear.csv#tl_loom_weight,logical_necessity,data/normalized_source_tables/material_entities/material_entities.csv#OMI01026,B,1180–1260,Великий Новгород и Новгородская земля; центр модели — около 1230 года,include_d39,passed,No denylist stem matched the archive name.,variant_target,Заготовка ручки по явному review сгруппирована с loom weights; target tl_loom_weight приоритетнее прежней общей гипотезы о сосуде. Reuses existing crafts owner crafts-tools-processes/craft_tools_gear/tools_gear.csv#tl_loom_weight.,"B: reconstruction/category/context evidence; basis logical_necessity, not direct item attestation. Заготовка ручки по явному review сгруппирована с loom weights; target tl_loom_weight приоритетнее прежней общей гипотезы о сосуде.",safe_with_explicit_context,medium,,,candidate
data/normalized_source_tables/material_entities/material_entities.csv:OMI01027,Глиняная заготовка носика,variant,include,crafts-tools-processes/craft_tools_gear/tools_gear.csv#tl_loom_weight,analogy,data/normalized_source_tables/material_entities/material_entities.csv#OMI01027,C,1180–1260,Великий Новгород и Новгородская земля; центр модели — около 1230 года,include_d39,passed,No denylist stem matched the archive name.,variant_target,Заготовка носика по явному review сгруппирована с loom weights; target tl_loom_weight приоритетнее прежней общей гипотезы о сосуде. Reuses existing crafts owner crafts-tools-processes/craft_tools_gear/tools_gear.csv#tl_loom_weight.,Confidence C: analogue/hypothesis; basis analogy. Заготовка носика по явному review сгруппирована с loom weights; target tl_loom_weight приоритетнее прежней общей гипотезы о сосуде.,explicit_context_only,high,,,candidate
data/normalized_source_tables/material_entities/material_entities.csv:OMI01028,Глиняная крышка-сырец,variant,include,crafts-tools-processes/craft_tools_gear/tools_gear.csv#tl_loom_weight,sourced,category-level evidence (category_form_material_process_or_context): data/normalized_source_tables/material_entities/material_entities.csv#OMI01028,A,1180–1260,Великий Новгород и Новгородская земля; центр модели — около 1230 года,include_d39,passed,No denylist stem matched the archive name.,variant_target,Крышка-сырец в round2 review отнесена к loom-weight группе; материал глина и сырцовое состояние — свойства варианта tl_loom_weight. Reuses existing crafts owner crafts-tools-processes/craft_tools_gear/tools_gear.csv#tl_loom_weight.,A: category-level evidence (category_form_material_process_or_context). Крышка-сырец в round2 review отнесена к loom-weight группе; материал глина и сырцовое состояние — свойства варианта tl_loom_weight.,safe_with_context,low,,,candidate
data/normalized_source_tables/material_entities/material_entities.csv:OMI01031,Глиняный груз-сырец,variant,include,crafts-tools-processes/craft_tools_gear/tools_gear.csv#tl_loom_weight,sourced,category-level evidence (category_form_material_process_or_context): data/normalized_source_tables/material_entities/material_entities.csv#OMI01031,A,1180–1260,Великий Новгород и Новгородская земля; центр модели — около 1230 года,include_d39,passed,No denylist stem matched the archive name.,variant_target,Груз-сырец — стадия ткацкого грузила. Reuses existing crafts owner crafts-tools-processes/craft_tools_gear/tools_gear.csv#tl_loom_weight.,A: category-level evidence (category_form_material_process_or_context). Груз-сырец — стадия ткацкого грузила.,safe_with_context,low,,,candidate
data/normalized_source_tables/material_entities/material_entities.csv:OMI01032,Глиняная бусина-сырец,new,include,,logical_necessity,data/normalized_source_tables/material_entities/material_entities.csv#OMI01032,B,1180–1260,Великий Новгород и Новгородская земля; центр модели — около 1230 года,include_d39,passed,No denylist stem matched the archive name.,unique,Сырая бусина — отдельный керамический полуфабрикат.,"B: reconstruction/category/context evidence; basis logical_necessity, not direct item attestation. Сырая бусина — отдельный керамический полуфабрикат.",safe_with_explicit_context,medium,crafts-tools-processes,crafts-tools-processes/materials_registry/material_entities.csv#n1230:material_item:omi01032,candidate
data/normalized_source_tables/material_entities/material_entities.csv:OMI01033,Глиняная пробка-сырец,new,include,,analogy,data/normalized_source_tables/material_entities/material_entities.csv#OMI01033,C,1180–1260,Великий Новгород и Новгородская земля; центр модели — около 1230 года,include_d39,passed,No denylist stem matched the archive name.,unique,Сырая пробка — отдельная керамическая деталь до обжига.,Confidence C: analogue/hypothesis; basis analogy. Сырая пробка — отдельная керамическая деталь до обжига.,explicit_context_only,high,crafts-tools-processes,crafts-tools-processes/materials_registry/material_entities.csv#n1230:material_item:omi01033,candidate
data/normalized_source_tables/material_entities/material_entities.csv:OMI01034,Глиняная обмазка для очага,variant,include,crafts-tools-processes/materials_registry/materials.csv#mt_clay_refractory,sourced,category-level evidence (category_form_material_process_or_context): data/normalized_source_tables/material_entities/material_entities.csv#OMI01034,A,1180–1260,Великий Новгород и Новгородская земля; центр модели — около 1230 года,include_d39,passed,No denylist stem matched the archive name.,variant_target,Огневая обмазка — глиняная масса для высоких температур. Reuses existing crafts owner crafts-tools-processes/materials_registry/materials.csv#mt_clay_refractory.,A: category-level evidence (category_form_material_process_or_context). Огневая обмазка — глиняная масса для высоких температур.,safe_with_context,low,,,candidate
data/normalized_source_tables/material_entities/material_entities.csv:OMI01035,Глина для замазки щелей,variant,include,crafts-tools-processes/materials_registry/materials.csv#mt_clay,logical_necessity,data/normalized_source_tables/material_entities/material_entities.csv#OMI01035,B,1180–1260,Великий Новгород и Новгородская земля; центр модели — около 1230 года,include_d39,passed,No denylist stem matched the archive name.,variant_target,Замазка щелей — назначение/состояние сырой глины. Reuses existing crafts owner crafts-tools-processes/materials_registry/materials.csv#mt_clay.,"B: reconstruction/category/context evidence; basis logical_necessity, not direct item attestation. Замазка щелей — назначение/состояние сырой глины.",safe_with_explicit_context,medium,,,candidate
data/normalized_source_tables/material_entities/material_entities.csv:OMI01036,Глиняная обмазка плетня или стены,variant,include,crafts-tools-processes/materials_registry/materials.csv#mt_clay,logical_necessity,data/normalized_source_tables/material_entities/material_entities.csv#OMI01036,B,1180–1260,Великий Новгород и Новгородская земля; центр модели — около 1230 года,include_d39,passed,No denylist stem matched the archive name.,variant_target,Глиняная обмазка стены/плетня — форма применения глины. Reuses existing crafts owner crafts-tools-processes/materials_registry/materials.csv#mt_clay.,"B: reconstruction/category/context evidence; basis logical_necessity, not direct item attestation. Глиняная обмазка стены/плетня — форма применения глины.",safe_with_explicit_context,medium,,,candidate
data/normalized_source_tables/material_entities/material_entities.csv:OMI01037,Ком высохшей неиспользованной глины,variant,include,crafts-tools-processes/materials_registry/materials.csv#mt_clay,sourced,category-level evidence (category_form_material_process_or_context): data/normalized_source_tables/material_entities/material_entities.csv#OMI01037,A,1180–1260,Великий Новгород и Новгородская земля; центр модели — около 1230 года,include_d39,passed,No denylist stem matched the archive name.,variant_target,Высохшая неиспользованная глина сохраняет идентичность сырья. Reuses existing crafts owner crafts-tools-processes/materials_registry/materials.csv#mt_clay.,A: category-level evidence (category_form_material_process_or_context). Высохшая неиспользованная глина сохраняет идентичность сырья.,safe_with_context,low,,,candidate
data/normalized_source_tables/material_entities/material_entities.csv:OMI01038,Растрескавшаяся глиняная заготовка,variant,include,crafts-tools-processes/craft_processes/process_products.csv#pr:ceramic_pot,sourced,category-level evidence (category_form_material_process_or_context): data/normalized_source_tables/material_entities/material_entities.csv#OMI01038,A,1180–1260,Великий Новгород и Новгородская земля; центр модели — около 1230 года,include_d39,passed,No denylist stem matched the archive name.,variant_target,Трещина до обжига — состояние сырого изделия. Reuses existing crafts owner crafts-tools-processes/craft_processes/process_products.csv#pr:ceramic_pot.,A: category-level evidence (category_form_material_process_or_context). Трещина до обжига — состояние сырого изделия.,safe_with_context,low,,,candidate
data/normalized_source_tables/material_entities/material_entities.csv:OMI01039,Срезанная лишняя глина,variant,include,crafts-tools-processes/materials_registry/materials.csv#mt_clay,sourced,category-level evidence (category_form_material_process_or_context): data/normalized_source_tables/material_entities/material_entities.csv#OMI01039,A,1180–1260,Великий Новгород и Новгородская земля; центр модели — около 1230 года,include_d39,passed,No denylist stem matched the archive name.,variant_target,Срезанная лишняя глина — возвращаемое сырьё. Reuses existing crafts owner crafts-tools-processes/materials_registry/materials.csv#mt_clay.,A: category-level evidence (category_form_material_process_or_context). Срезанная лишняя глина — возвращаемое сырьё.,safe_with_context,low,,,candidate
data/normalized_source_tables/material_entities/material_entities.csv:OMI01040,Подсохшие глиняные обрезки,variant,include,crafts-tools-processes/materials_registry/materials.csv#mt_clay,sourced,category-level evidence (category_form_material_process_or_context): data/normalized_source_tables/material_entities/material_entities.csv#OMI01040,A,1180–1260,Великий Новгород и Новгородская земля; центр модели — около 1230 года,include_d39,passed,No denylist stem matched the archive name.,variant_target,"Подсохшее состояние OMI01040 связано с обрезками OMI01039, но те сами являются формой mt_clay; terminal target остаётся существующий материал mt_clay, а цепочка не создаёт ссылку на variant как owner. Reuses existing crafts owner crafts-tools-processes/materials_registry/materials.csv#mt_clay.","A: category-level evidence (category_form_material_process_or_context). Подсохшее состояние OMI01040 связано с обрезками OMI01039, но те сами являются формой mt_clay; terminal target остаётся существующий материал mt_clay, а цепочка не создаёт ссылку на variant как owner.",safe_with_context,low,,,candidate
data/normalized_source_tables/material_entities/material_entities.csv:OMI01041,Глиняная жижа на полу мастерской,new,include,,sourced,category-level evidence (category_form_material_process_or_context): data/normalized_source_tables/material_entities/material_entities.csv#OMI01041,A,1180–1260,Великий Новгород и Новгородская земля; центр модели — около 1230 года,include_d39,passed,No denylist stem matched the archive name.,unique,Глиняная жижа на полу — самостоятельный рабочий осадок.,A: category-level evidence (category_form_material_process_or_context). Глиняная жижа на полу — самостоятельный рабочий осадок.,safe_with_context,low,crafts-tools-processes,crafts-tools-processes/materials_registry/material_entities.csv#n1230:material_item:omi01041,candidate
data/normalized_source_tables/material_entities/material_entities.csv:OMI01042,Отпечаток пальцев в сырой глине,variant,include,crafts-tools-processes/materials_registry/materials.csv#mt_clay,sourced,category-level evidence (category_form_material_process_or_context): data/normalized_source_tables/material_entities/material_entities.csv#OMI01042,A,1180–1260,Великий Новгород и Новгородская земля; центр модели — около 1230 года,include_d39,passed,No denylist stem matched the archive name.,variant_target,Отпечаток пальцев — след/свойство сырой глины. Reuses existing crafts owner crafts-tools-processes/materials_registry/materials.csv#mt_clay.,A: category-level evidence (category_form_material_process_or_context). Отпечаток пальцев — след/свойство сырой глины.,safe_with_context,low,,,candidate
data/normalized_source_tables/material_entities/material_entities.csv:OMI01043,Сырой горшок после формования,new,include,,sourced,category-level evidence (category_form_material_process_or_context): data/normalized_source_tables/material_entities/material_entities.csv#OMI01043,A,1180–1260,Великий Новгород и Новгородская земля; центр модели — около 1230 года,include_d39,passed,No denylist stem matched the archive name.,unique,"Сырой горшок — конкретная pottery item identity до сушки и обжига; состояние сырца не отменяет anchor, нужный для малого варианта OMI01046.","A: category-level evidence (category_form_material_process_or_context). Сырой горшок — конкретная pottery item identity до сушки и обжига; состояние сырца не отменяет anchor, нужный для малого варианта OMI01046.",safe_with_context,low,crafts-tools-processes,crafts-tools-processes/materials_registry/material_entities.csv#n1230:material_item:omi01043,candidate
data/normalized_source_tables/material_entities/material_entities.csv:OMI01044,Подсушенный горшок перед обжигом,variant,include,crafts-tools-processes/craft_processes/process_products.csv#pr:ceramic_pot,sourced,category-level evidence (category_form_material_process_or_context): data/normalized_source_tables/material_entities/material_entities.csv#OMI01044,A,1180–1260,Великий Новгород и Новгородская земля; центр модели — около 1230 года,include_d39,passed,No denylist stem matched the archive name.,variant_target,Подсушка — состояние того же горшка. Reuses existing crafts owner crafts-tools-processes/craft_processes/process_products.csv#pr:ceramic_pot.,A: category-level evidence (category_form_material_process_or_context). Подсушка — состояние того же горшка.,safe_with_context,low,,,candidate
data/normalized_source_tables/material_entities/material_entities.csv:OMI01045,Высушенный необожжённый горшок,variant,include,crafts-tools-processes/craft_processes/process_products.csv#pr:ceramic_pot,sourced,category-level evidence (category_form_material_process_or_context): data/normalized_source_tables/material_entities/material_entities.csv#OMI01045,A,1180–1260,Великий Новгород и Новгородская земля; центр модели — около 1230 года,include_d39,passed,No denylist stem matched the archive name.,variant_target,Высушенность — стадия того же горшка. Reuses existing crafts owner crafts-tools-processes/craft_processes/process_products.csv#pr:ceramic_pot.,A: category-level evidence (category_form_material_process_or_context). Высушенность — стадия того же горшка.,safe_with_context,low,,,candidate
data/normalized_source_tables/material_entities/material_entities.csv:OMI01046,Сырой малый горшок,variant,include,crafts-tools-processes/materials_registry/material_entities.csv#n1230:material_item:omi01043,sourced,category-level evidence (category_form_material_process_or_context): data/normalized_source_tables/material_entities/material_entities.csv#OMI01046,A,1180–1260,Великий Новгород и Новгородская земля; центр модели — около 1230 года,include_d39,passed,No denylist stem matched the archive name.,variant_target,"Малый сырой горшок отличается размером и сырцовым состоянием, но сохраняет предметную идентичность сырого горшка OMI01043; следует round2 variant, а не reject. Reuses existing crafts owner crafts-tools-processes/materials_registry/material_entities.csv#n1230:material_item:omi01043.","A: category-level evidence (category_form_material_process_or_context). Малый сырой горшок отличается размером и сырцовым состоянием, но сохраняет предметную идентичность сырого горшка OMI01043; следует round2 variant, а не reject.",safe_with_context,low,,,candidate
data/normalized_source_tables/material_entities/material_entities.csv:OMI01048,Сырая керамическая кружка,variant,include,crafts-tools-processes/craft_processes/process_products.csv#pr:ceramic_pot,sourced,category-level evidence (category_form_material_process_or_context): data/normalized_source_tables/material_entities/material_entities.csv#OMI01048,A,1180–1260,Великий Новгород и Новгородская земля; центр модели — около 1230 года,include_d39,passed,No denylist stem matched the archive name.,variant_target,Сырая кружка — форма сосуда до обжига. Reuses existing crafts owner crafts-tools-processes/craft_processes/process_products.csv#pr:ceramic_pot.,A: category-level evidence (category_form_material_process_or_context). Сырая кружка — форма сосуда до обжига.,safe_with_context,low,,,candidate
data/normalized_source_tables/material_entities/material_entities.csv:OMI01049,Сырой сосуд с прикреплённой ручкой,variant,include,crafts-tools-processes/craft_processes/process_products.csv#pr:ceramic_pot,sourced,category-level evidence (category_form_material_process_or_context): data/normalized_source_tables/material_entities/material_entities.csv#OMI01049,A,1180–1260,Великий Новгород и Новгородская земля; центр модели — около 1230 года,include_d39,passed,No denylist stem matched the archive name.,variant_target,Сосуд с ручкой — вариант керамического полуфабриката. Reuses existing crafts owner crafts-tools-processes/craft_processes/process_products.csv#pr:ceramic_pot.,A: category-level evidence (category_form_material_process_or_context). Сосуд с ручкой — вариант керамического полуфабриката.,safe_with_context,low,,,candidate
data/normalized_source_tables/material_entities/material_entities.csv:OMI01050,Сырой сосуд с незаглаженным швом ручки,variant,include,crafts-tools-processes/craft_processes/process_products.csv#pr:ceramic_pot,sourced,category-level evidence (category_form_material_process_or_context): data/normalized_source_tables/material_entities/material_entities.csv#OMI01050,A,1180–1260,Великий Новгород и Новгородская земля; центр модели — около 1230 года,include_d39,passed,No denylist stem matched the archive name.,variant_target,Незаглаженный шов — стадия соединения того же сосуда. Reuses existing crafts owner crafts-tools-processes/craft_processes/process_products.csv#pr:ceramic_pot.,A: category-level evidence (category_form_material_process_or_context). Незаглаженный шов — стадия соединения того же сосуда.,safe_with_context,low,,,candidate
data/normalized_source_tables/material_entities/material_entities.csv:OMI01051,Сырой сосуд с намеченным орнаментом,variant,include,crafts-tools-processes/craft_processes/process_products.csv#pr:ceramic_pot,sourced,category-level evidence (category_form_material_process_or_context): data/normalized_source_tables/material_entities/material_entities.csv#OMI01051,A,1180–1260,Великий Новгород и Новгородская земля; центр модели — около 1230 года,include_d39,passed,No denylist stem matched the archive name.,variant_target,Намеченный орнамент — свойство поверхности полуфабриката. Reuses existing crafts owner crafts-tools-processes/craft_processes/process_products.csv#pr:ceramic_pot.,A: category-level evidence (category_form_material_process_or_context). Намеченный орнамент — свойство поверхности полуфабриката.,safe_with_context,low,,,candidate
data/normalized_source_tables/material_entities/material_entities.csv:OMI01052,Сырой сосуд с незавершённым венчиком,variant,include,crafts-tools-processes/craft_processes/process_products.csv#pr:ceramic_pot,sourced,category-level evidence (category_form_material_process_or_context): data/normalized_source_tables/material_entities/material_entities.csv#OMI01052,A,1180–1260,Великий Новгород и Новгородская земля; центр модели — около 1230 года,include_d39,passed,No denylist stem matched the archive name.,variant_target,Незавершённый венчик — стадия формования сосуда. Reuses existing crafts owner crafts-tools-processes/craft_processes/process_products.csv#pr:ceramic_pot.,A: category-level evidence (category_form_material_process_or_context). Незавершённый венчик — стадия формования сосуда.,safe_with_context,low,,,candidate
data/normalized_source_tables/material_entities/material_entities.csv:OMI01053,Отдельная сырая ручка сосуда,new,include,,sourced,category-level evidence (category_form_material_process_or_context): data/normalized_source_tables/material_entities/material_entities.csv#OMI01053,A,1180–1260,Великий Новгород и Новгородская земля; центр модели — около 1230 года,include_d39,passed,No denylist stem matched the archive name.,unique,Review round1 explicitly designates the separate raw vessel handle OMI01053 as the anchor for its detached broken-state companion OMI01054.,A: category-level evidence (category_form_material_process_or_context). Review round1 explicitly designates the separate raw vessel handle OMI01053 as the anchor for its detached broken-state companion OMI01054.,safe_with_context,low,crafts-tools-processes,crafts-tools-processes/materials_registry/material_entities.csv#n1230:material_item:omi01053,candidate
data/normalized_source_tables/material_entities/material_entities.csv:OMI01054,Отломившаяся сырая ручка,variant,include,crafts-tools-processes/materials_registry/material_entities.csv#n1230:material_item:omi01053,sourced,category-level evidence (category_form_material_process_or_context): data/normalized_source_tables/material_entities/material_entities.csv#OMI01054,A,1180–1260,Великий Новгород и Новгородская земля; центр модели — около 1230 года,include_d39,passed,No denylist stem matched the archive name.,variant_target,Отломившаяся сырая ручка сохраняет identity отдельной сырой ручки сосуда OMI01053; поломка — состояние Reuses existing crafts owner crafts-tools-processes/materials_registry/material_entities.csv#n1230:material_item:omi01053.,A: category-level evidence (category_form_material_process_or_context). Отломившаяся сырая ручка сохраняет identity отдельной сырой ручки сосуда OMI01053; поломка — состояние,safe_with_context,low,,,candidate
data/normalized_source_tables/material_entities/material_entities.csv:OMI01055,Срезанное сырое донце неудачного сосуда,variant,include,crafts-tools-processes/materials_registry/materials.csv#mt_clay,sourced,category-level evidence (category_form_material_process_or_context): data/normalized_source_tables/material_entities/material_entities.csv#OMI01055,A,1180–1260,Великий Новгород и Новгородская земля; центр модели — около 1230 года,include_d39,passed,No denylist stem matched the archive name.,variant_target,Срезанное сырое донце возвращается в глиняную массу. Reuses existing crafts owner crafts-tools-processes/materials_registry/materials.csv#mt_clay.,A: category-level evidence (category_form_material_process_or_context). Срезанное сырое донце возвращается в глиняную массу.,safe_with_context,low,,,candidate
data/normalized_source_tables/material_entities/material_entities.csv:OMI01056,Глиняный валик для ремонта сырого сосуда,variant,include,crafts-tools-processes/materials_registry/materials.csv#mt_clay,logical_necessity,data/normalized_source_tables/material_entities/material_entities.csv#OMI01056,B,1180–1260,Великий Новгород и Новгородская земля; центр модели — около 1230 года,include_d39,passed,No denylist stem matched the archive name.,variant_target,Ремонтный глиняный валик — рабочая форма глины. Reuses existing crafts owner crafts-tools-processes/materials_registry/materials.csv#mt_clay.,"B: reconstruction/category/context evidence; basis logical_necessity, not direct item attestation. Ремонтный глиняный валик — рабочая форма глины.",safe_with_explicit_context,medium,,,candidate
data/normalized_source_tables/material_entities/material_entities.csv:OMI01057,Жидкая глиняная обмазка для шва,variant,include,crafts-tools-processes/materials_registry/materials.csv#mt_clay,logical_necessity,data/normalized_source_tables/material_entities/material_entities.csv#OMI01057,B,1180–1260,Великий Новгород и Новгородская земля; центр модели — около 1230 года,include_d39,passed,No denylist stem matched the archive name.,variant_target,Глиняная обмазка соединения — стадия материала. Reuses existing crafts owner crafts-tools-processes/materials_registry/materials.csv#mt_clay.,"B: reconstruction/category/context evidence; basis logical_necessity, not direct item attestation. Глиняная обмазка соединения — стадия материала.",safe_with_explicit_context,medium,,,candidate
data/normalized_source_tables/material_entities/material_entities.csv:OMI01058,Тонкий глиняный ангоб без цвета,variant,include,crafts-tools-processes/materials_registry/materials.csv#mt_clay,analogy,data/normalized_source_tables/material_entities/material_entities.csv#OMI01058,C,1180–1260,Великий Новгород и Новгородская земля; центр модели — около 1230 года,include_d39,passed,No denylist stem matched the archive name.,variant_target,Бесцветный ангоб — глиняное покрытие; цвет не создаёт новый материал. Reuses existing crafts owner crafts-tools-processes/materials_registry/materials.csv#mt_clay.,Confidence C: analogue/hypothesis; basis analogy. Бесцветный ангоб — глиняное покрытие; цвет не создаёт новый материал.,explicit_context_only,high,,,candidate
data/normalized_source_tables/material_entities/material_entities.csv:OMI01059,Глиняная прокладка между сосудами в печи,new,include,,logical_necessity,data/normalized_source_tables/material_entities/material_entities.csv#OMI01059,B,1180–1260,Великий Новгород и Новгородская земля; центр модели — около 1230 года,include_d39,passed,No denylist stem matched the archive name.,unique,Reviewed semantic roots [глинян межд печ прокладк сосуд] and family_key [kiln_spacer_clay]; no object identity collapsed after ignoring state/size/container/use modifiers.,"B: reconstruction/category/context evidence; basis logical_necessity, not direct item attestation.",safe_with_explicit_context,medium,,,candidate
data/normalized_source_tables/material_entities/material_entities.csv:OMI01060,Керамическое кольцо-подставка в печи,new,include,,analogy,data/normalized_source_tables/material_entities/material_entities.csv#OMI01060,C,1180–1260,Великий Новгород и Новгородская земля; центр модели — около 1230 года,include_d39,passed,No denylist stem matched the archive name.,unique,Reviewed semantic roots [керамическ кольц печ подставк] and family_key [kiln_support_ring]; no object identity collapsed after ignoring state/size/container/use modifiers.,Confidence C: analogue/hypothesis; basis analogy.,explicit_context_only,high,,,candidate
data/normalized_source_tables/material_entities/material_entities.csv:OMI01061,Обожжённый клинышек для установки сосуда,new,include,,analogy,data/normalized_source_tables/material_entities/material_entities.csv#OMI01061,C,1180–1260,Великий Новгород и Новгородская земля; центр модели — около 1230 года,include_d39,passed,No denylist stem matched the archive name.,unique,Reviewed semantic roots [клинышек обожженн сосуд установк] and family_key [kiln_wad]; no object identity collapsed after ignoring state/size/container/use modifiers.,Confidence C: analogue/hypothesis; basis analogy.,explicit_context_only,high,,,candidate
data/normalized_source_tables/material_entities/material_entities.csv:OMI01062,"Керамический фрагмент, использованный как подпорка",new,include,,logical_necessity,data/normalized_source_tables/material_entities/material_entities.csv#OMI01062,B,1180–1260,Великий Новгород и Новгородская земля; центр модели — около 1230 года,include_d39,passed,No denylist stem matched the archive name.,unique,Reviewed semantic roots [использованн как керамическ подпорк фрагмент] and family_key [reused_sherd_spacer]; no object identity collapsed after ignoring state/size/container/use modifiers.,"B: reconstruction/category/context evidence; basis logical_necessity, not direct item attestation.",safe_with_explicit_context,medium,,,candidate
data/normalized_source_tables/material_entities/material_entities.csv:OMI01064,Кусок обмазки гончарной печи,new,include,,sourced,category-level evidence (category_form_material_process_or_context): data/normalized_source_tables/material_entities/material_entities.csv#OMI01064,A,1180–1260,Великий Новгород и Новгородская земля; центр модели — около 1230 года,include_d39,passed,No denylist stem matched the archive name.,unique,Reviewed semantic roots [гончарн обмазк печ] and family_key [pottery_kiln_lining]; no object identity collapsed after ignoring state/size/container/use modifiers.,A: category-level evidence (category_form_material_process_or_context).,safe_with_context,low,,,candidate
data/normalized_source_tables/material_entities/material_entities.csv:OMI01065,Обожжённая решётка или перегородка печи — фрагмент,new,include,,logical_necessity,data/normalized_source_tables/material_entities/material_entities.csv#OMI01065,B,1180–1260,Великий Новгород и Новгородская земля; центр модели — около 1230 года,include_d39,passed,No denylist stem matched the archive name.,unique,Reviewed semantic roots [обожженн перегородк печ решетк фрагмент] and family_key [kiln_grate_fragment]; no object identity collapsed after ignoring state/size/container/use modifiers.,"B: reconstruction/category/context evidence; basis logical_necessity, not direct item attestation.",safe_with_explicit_context,medium,,,candidate
data/normalized_source_tables/material_entities/material_entities.csv:OMI01066,Закопчённый черепок для перекрытия щели,new,include,,logical_necessity,data/normalized_source_tables/material_entities/material_entities.csv#OMI01066,B,1180–1260,Великий Новгород и Новгородская земля; центр модели — около 1230 года,include_d39,passed,No denylist stem matched the archive name.,unique,Reviewed semantic roots [закопченн перекрыти черепок щел] and family_key [soot_sherd_patch]; no object identity collapsed after ignoring state/size/container/use modifiers.,"B: reconstruction/category/context evidence; basis logical_necessity, not direct item attestation.",safe_with_explicit_context,medium,,,candidate
data/normalized_source_tables/material_entities/material_entities.csv:OMI01067,Зола из гончарной печи,new,include,,sourced,category-level evidence (category_form_material_process_or_context): data/normalized_source_tables/material_entities/material_entities.csv#OMI01067,A,1180–1260,Великий Новгород и Новгородская земля; центр модели — около 1230 года,include_d39,passed,No denylist stem matched the archive name.,unique,Pottery-kiln ash is independent process residue with ceramic source; do not collapse into wood ash solely by name.,A: category-level evidence (category_form_material_process_or_context). Pottery-kiln ash is independent process residue with ceramic source; do not collapse into wood ash solely by name.,safe_with_context,low,crafts-tools-processes,,candidate
data/normalized_source_tables/material_entities/material_entities.csv:OMI01068,Уголь из гончарной печи,variant,include,crafts-tools-processes/materials_registry/materials.csv#mt_charcoal,sourced,category-level evidence (category_form_material_process_or_context): data/normalized_source_tables/material_entities/material_entities.csv#OMI01068,A,1180–1260,Великий Новгород и Новгородская земля; центр модели — около 1230 года,include_d39,passed,No denylist stem matched the archive name.,variant_target,Charcoal from pottery kiln differs by process context Reuses existing crafts owner crafts-tools-processes/materials_registry/materials.csv#mt_charcoal.,A: category-level evidence (category_form_material_process_or_context). Charcoal from pottery kiln differs by process context,safe_with_context,low,,,candidate
data/normalized_source_tables/material_entities/material_entities.csv:OMI01069,Спёкшаяся глина печного пода,new,include,,sourced,category-level evidence (category_form_material_process_or_context): data/normalized_source_tables/material_entities/material_entities.csv#OMI01069,A,1180–1260,Великий Новгород и Новгородская земля; центр модели — около 1230 года,include_d39,passed,No denylist stem matched the archive name.,unique,Спёкшийся пол печи — обожжённый керамический остаток а не сырая глина.,A: category-level evidence (category_form_material_process_or_context). Спёкшийся пол печи — обожжённый керамический остаток а не сырая глина.,safe_with_context,low,crafts-tools-processes,crafts-tools-processes/materials_registry/material_entities.csv#n1230:material_item:omi01069,candidate
data/normalized_source_tables/material_entities/material_entities.csv:OMI01070,Красноватая обожжённая глина стенки печи,new,include,,sourced,category-level evidence (category_form_material_process_or_context): data/normalized_source_tables/material_entities/material_entities.csv#OMI01070,A,1180–1260,Великий Новгород и Новгородская земля; центр модели — около 1230 года,include_d39,passed,No denylist stem matched the archive name.,unique,Фрагмент обожжённой стенки печи — керамический строительный остаток.,A: category-level evidence (category_form_material_process_or_context). Фрагмент обожжённой стенки печи — керамический строительный остаток.,safe_with_context,low,crafts-tools-processes,crafts-tools-processes/materials_registry/material_entities.csv#n1230:material_item:omi01070,candidate
data/normalized_source_tables/material_entities/material_entities.csv:OMI01071,Серая восстановительно обожжённая глина,new,include,,sourced,category-level evidence (category_form_material_process_or_context): data/normalized_source_tables/material_entities/material_entities.csv#OMI01071,A,1180–1260,Великий Новгород и Новгородская земля; центр модели — около 1230 года,include_d39,passed,No denylist stem matched the archive name.,unique,Восстановительно обожжённый образец — керамическая проба/остаток.,A: category-level evidence (category_form_material_process_or_context). Восстановительно обожжённый образец — керамическая проба/остаток.,safe_with_context,low,crafts-tools-processes,crafts-tools-processes/materials_registry/material_entities.csv#n1230:material_item:omi01071,candidate
data/normalized_source_tables/material_entities/material_entities.csv:OMI01108,Плоская каменная плитка-заготовка,variant,include,crafts-tools-processes/materials_registry/materials.csv#mt_fieldstone,logical_necessity,data/normalized_source_tables/material_entities/material_entities.csv#OMI01108,B,1180–1260,Великий Новгород и Новгородская земля; центр модели — около 1230 года,include_d39,passed,No denylist stem matched the archive name.,variant_target,Плоская каменная заготовка — форма/стадия каменного сырья; не отдельный материальный тип. Reuses existing crafts owner crafts-tools-processes/materials_registry/materials.csv#mt_fieldstone.,"B: reconstruction/category/context evidence; basis logical_necessity, not direct item attestation. Плоская каменная заготовка — форма/стадия каменного сырья; не отдельный материальный тип.",safe_with_explicit_context,medium,,,candidate
data/normalized_source_tables/material_entities/material_entities.csv:OMI01109,Кусок мягкого сланцеватого камня,variant,include,crafts-tools-processes/materials_registry/materials.csv#mt_slate_ovruch,logical_necessity,data/normalized_source_tables/material_entities/material_entities.csv#OMI01109,B,1180–1260,Великий Новгород и Новгородская земля; центр модели — около 1230 года,include_d39,passed,No denylist stem matched the archive name.,variant_target,Мягкий сланцеватый камень — разновидность/порода каменного сырья. Reuses existing crafts owner crafts-tools-processes/materials_registry/materials.csv#mt_slate_ovruch.,"B: reconstruction/category/context evidence; basis logical_necessity, not direct item attestation. Мягкий сланцеватый камень — разновидность/порода каменного сырья.",safe_with_explicit_context,medium,,,candidate
data/normalized_source_tables/material_entities/material_entities.csv:OMI01110,Кусок песчаника,variant,include,crafts-tools-processes/materials_registry/materials.csv#mt_fieldstone,logical_necessity,data/normalized_source_tables/material_entities/material_entities.csv#OMI01110,B,1180–1260,Великий Новгород и Новгородская земля; центр модели — около 1230 года,include_d39,passed,No denylist stem matched the archive name.,variant_target,Кусок песчаника — порода/форма каменного сырья; использовать существующий stone stock. Reuses existing crafts owner crafts-tools-processes/materials_registry/materials.csv#mt_fieldstone.,"B: reconstruction/category/context evidence; basis logical_necessity, not direct item attestation. Кусок песчаника — порода/форма каменного сырья; использовать существующий stone stock.",safe_with_explicit_context,medium,,,candidate
data/normalized_source_tables/material_entities/material_entities.csv:OMI01111,Кусок известняка,variant,include,crafts-tools-processes/materials_registry/materials.csv#mt_limestone,logical_necessity,data/normalized_source_tables/material_entities/material_entities.csv#OMI01111,B,1180–1260,Великий Новгород и Новгородская земля; центр модели — около 1230 года,include_d39,passed,No denylist stem matched the archive name.,variant_target,Кусок известняка — размерная форма известняка; не отдельная сущность. Reuses existing crafts owner crafts-tools-processes/materials_registry/materials.csv#mt_limestone.,"B: reconstruction/category/context evidence; basis logical_necessity, not direct item attestation. Кусок известняка — размерная форма известняка; не отдельная сущность.",safe_with_explicit_context,medium,,,candidate
data/normalized_source_tables/material_entities/material_entities.csv:OMI01112,Гранитный булыжник отборный,variant,include,crafts-tools-processes/materials_registry/materials.csv#mt_fieldstone,logical_necessity,data/normalized_source_tables/material_entities/material_entities.csv#OMI01112,B,1180–1260,Великий Новгород и Новгородская земля; центр модели — около 1230 года,include_d39,passed,No denylist stem matched the archive name.,variant_target,Отборный гранитный булыжник — порода/отбор камня; свойство stone stock. Reuses existing crafts owner crafts-tools-processes/materials_registry/materials.csv#mt_fieldstone.,"B: reconstruction/category/context evidence; basis logical_necessity, not direct item attestation. Отборный гранитный булыжник — порода/отбор камня; свойство stone stock.",safe_with_explicit_context,medium,,,candidate
data/normalized_source_tables/material_entities/material_entities.csv:OMI01113,Кремнистый камень с острым сколом,variant,include,crafts-tools-processes/materials_registry/materials.csv#mt_flint,logical_necessity,data/normalized_source_tables/material_entities/material_entities.csv#OMI01113,B,1180–1260,Великий Новгород и Новгородская земля; центр модели — около 1230 года,include_d39,passed,No denylist stem matched the archive name.,variant_target,Острый кремнистый скол сохраняет идентичность кремня; скол/острота — состояние и форма. Reuses existing crafts owner crafts-tools-processes/materials_registry/materials.csv#mt_flint.,"B: reconstruction/category/context evidence; basis logical_necessity, not direct item attestation. Острый кремнистый скол сохраняет идентичность кремня; скол/острота — состояние и форма.",safe_with_explicit_context,medium,,,candidate
data/normalized_source_tables/material_entities/material_entities.csv:OMI01114,Кремнёвый отщеп,variant,include,crafts-tools-processes/materials_registry/materials.csv#mt_flint,logical_necessity,data/normalized_source_tables/material_entities/material_entities.csv#OMI01114,B,1180–1260,Великий Новгород и Новгородская земля; центр модели — около 1230 года,include_d39,passed,No denylist stem matched the archive name.,variant_target,Кремнёвый отщеп — сколотая фракция кремня. Reuses existing crafts owner crafts-tools-processes/materials_registry/materials.csv#mt_flint.,"B: reconstruction/category/context evidence; basis logical_necessity, not direct item attestation. Кремнёвый отщеп — сколотая фракция кремня.",safe_with_explicit_context,medium,,,candidate
data/normalized_source_tables/material_entities/material_entities.csv:OMI01115,Кремнёвый скол с забитой кромкой,variant,include,crafts-tools-processes/materials_registry/materials.csv#mt_flint,logical_necessity,data/normalized_source_tables/material_entities/material_entities.csv#OMI01115,B,1180–1260,Великий Новгород и Новгородская земля; центр модели — около 1230 года,include_d39,passed,No denylist stem matched the archive name.,variant_target,Забитая кромка — состояние кремневого скола; не новый тип. Reuses existing crafts owner crafts-tools-processes/materials_registry/materials.csv#mt_flint.,"B: reconstruction/category/context evidence; basis logical_necessity, not direct item attestation. Забитая кромка — состояние кремневого скола; не новый тип.",safe_with_explicit_context,medium,,,candidate
data/normalized_source_tables/material_entities/material_entities.csv:OMI01116,Камень для растирания пигмента,new,routed,,logical_necessity,data/normalized_source_tables/material_entities/material_entities.csv#OMI01116,B,1180–1260,Великий Новгород и Новгородская земля; центр модели — около 1230 года,include_d39,passed,No denylist stem matched the archive name.,unique,Пигментный растирочный камень — бытовое/рабочее орудие; владелец бытовых вещей IHP.,"B: reconstruction/category/context evidence; basis logical_necessity, not direct item attestation. Пигментный растирочный камень — бытовое/рабочее орудие; владелец бытовых вещей IHP.",safe_with_explicit_context,medium,items-household-personal,,routed
data/normalized_source_tables/material_entities/material_entities.csv:OMI01117,Каменная плитка-палитра,new,routed,,logical_necessity,data/normalized_source_tables/material_entities/material_entities.csv#OMI01117,B,1180–1260,Великий Новгород и Новгородская земля; центр модели — около 1230 года,include_d39,passed,No denylist stem matched the archive name.,unique,Каменная палитра — бытовое/рабочее орудие; не строительный материал.,"B: reconstruction/category/context evidence; basis logical_necessity, not direct item attestation. Каменная палитра — бытовое/рабочее орудие; не строительный материал.",safe_with_explicit_context,medium,items-household-personal,,routed
data/normalized_source_tables/material_entities/material_entities.csv:OMI01119,Длинный точильный брусок-заготовка,variant,include,crafts-tools-processes/craft_tools_gear/tools_gear.csv#tl_whetstone,sourced,category-level evidence (category_form_material_process_or_context): data/normalized_source_tables/material_entities/material_entities.csv#OMI01119,A,1180–1260,Великий Новгород и Новгородская земля; центр модели — около 1230 года,include_d39,passed,No denylist stem matched the archive name.,variant_target,Reuses existing crafts owner crafts-tools-processes/craft_tools_gear/tools_gear.csv#tl_whetstone.,A: category-level evidence (category_form_material_process_or_context). Whetstone blank/use form.,safe_with_context,low,,,candidate
data/normalized_source_tables/material_entities/material_entities.csv:OMI01122,Каменная оселка с отверстием,variant,include,crafts-tools-processes/craft_tools_gear/tools_gear.csv#tl_whetstone,logical_necessity,data/normalized_source_tables/material_entities/material_entities.csv#OMI01122,B,1180–1260,Великий Новгород и Новгородская земля; центр модели — около 1230 года,include_d39,passed,No denylist stem matched the archive name.,variant_target,Оселок с отверстием — форма/вариант существующего оселка. Reuses existing crafts owner crafts-tools-processes/craft_tools_gear/tools_gear.csv#tl_whetstone.,"B: reconstruction/category/context evidence; basis logical_necessity, not direct item attestation. Оселок с отверстием — форма/вариант существующего оселка.",safe_with_explicit_context,medium,,,candidate
data/normalized_source_tables/material_entities/material_entities.csv:OMI01123,Абразивная галька,new,include,,logical_necessity,data/normalized_source_tables/material_entities/material_entities.csv#OMI01123,B,1180–1260,Великий Новгород и Новгородская земля; центр модели — около 1230 года,include_d39,passed,No denylist stem matched the archive name.,unique,Reviewed semantic roots [абразивн гальк] and family_key [abrasive_pebble]; no object identity collapsed after ignoring state/size/container/use modifiers.,"B: reconstruction/category/context evidence; basis logical_necessity, not direct item attestation.",safe_with_explicit_context,medium,,,candidate
data/normalized_source_tables/material_entities/material_entities.csv:OMI01124,Гладкая полировальная галька,new,include,,logical_necessity,data/normalized_source_tables/material_entities/material_entities.csv#OMI01124,B,1180–1260,Великий Новгород и Новгородская земля; центр модели — около 1230 года,include_d39,passed,No denylist stem matched the archive name.,unique,Reviewed semantic roots [гальк гладк полировальн] and family_key [polishing_pebble]; no object identity collapsed after ignoring state/size/container/use modifiers.,"B: reconstruction/category/context evidence; basis logical_necessity, not direct item attestation.",safe_with_explicit_context,medium,,,candidate
data/normalized_source_tables/material_entities/material_entities.csv:OMI01125,Крупный камень-наковаленка,new,include,,logical_necessity,data/normalized_source_tables/material_entities/material_entities.csv#OMI01125,B,1180–1260,Великий Новгород и Новгородская земля; центр модели — около 1230 года,include_d39,passed,No denylist stem matched the archive name.,unique,Reviewed semantic roots [камень наковаленк] and family_key [small_stone_anvil]; no object identity collapsed after ignoring state/size/container/use modifiers.,"B: reconstruction/category/context evidence; basis logical_necessity, not direct item attestation.",safe_with_explicit_context,medium,,,candidate
data/normalized_source_tables/material_entities/material_entities.csv:OMI01126,Каменная тёрочная плитка,new,routed,,logical_necessity,data/normalized_source_tables/material_entities/material_entities.csv#OMI01126,B,1180–1260,Великий Новгород и Новгородская земля; центр модели — около 1230 года,include_d39,passed,No denylist stem matched the archive name.,unique,Каменная тёрочная плитка — бытовой инструмент; владелец бытовых вещей IHP.,"B: reconstruction/category/context evidence; basis logical_necessity, not direct item attestation. Каменная тёрочная плитка — бытовой инструмент; владелец бытовых вещей IHP.",safe_with_explicit_context,medium,items-household-personal,,routed
data/normalized_source_tables/material_entities/material_entities.csv:OMI01127,Каменный пестик малый,new,routed,,logical_necessity,data/normalized_source_tables/material_entities/material_entities.csv#OMI01127,B,1180–1260,Великий Новгород и Новгородская земля; центр модели — около 1230 года,include_d39,passed,No denylist stem matched the archive name.,unique,Каменный пестик — бытовое орудие; материал камень отличает его от деревянного IHP-песта.,"B: reconstruction/category/context evidence; basis logical_necessity, not direct item attestation. Каменный пестик — бытовое орудие; материал камень отличает его от деревянного IHP-песта.",safe_with_explicit_context,medium,items-household-personal,,routed
data/normalized_source_tables/material_entities/material_entities.csv:OMI01128,Каменный груз с естественной выемкой,variant,include,crafts-tools-processes/craft_tools_gear/tools_gear.csv#tl_net_sinker,logical_necessity,data/normalized_source_tables/material_entities/material_entities.csv#OMI01128,B,1180–1260,Великий Новгород и Новгородская земля; центр модели — около 1230 года,include_d39,passed,No denylist stem matched the archive name.,variant_target,Notched stone fishing weight is a form/state of the actual net-sinker tool. Reuses existing crafts owner crafts-tools-processes/craft_tools_gear/tools_gear.csv#tl_net_sinker.,"B: reconstruction/category/context evidence; basis logical_necessity, not direct item attestation. Notched stone fishing weight is a form/state of the actual net-sinker tool.",safe_with_explicit_context,medium,,,candidate
data/normalized_source_tables/material_entities/material_entities.csv:OMI01132,Заготовка малой каменной гирьки,new,include,,analogy,data/normalized_source_tables/material_entities/material_entities.csv#OMI01132,C,1180–1260,Великий Новгород и Новгородская земля; центр модели — около 1230 года,include_d39,passed,No denylist stem matched the archive name.,unique,Reviewed semantic roots [гирьк каменн мал] and family_key [stone_weight_blank]; no object identity collapsed after ignoring state/size/container/use modifiers.,Confidence C: analogue/hypothesis; basis analogy.,explicit_context_only,high,,,candidate
data/normalized_source_tables/material_entities/material_entities.csv:OMI01134,Обломок мельничного жёрнова,variant,include,crafts-tools-processes/craft_tools_gear/tools_gear.csv#tl_mill_stone,logical_necessity,data/normalized_source_tables/material_entities/material_entities.csv#OMI01134,B,1180–1260,Великий Новгород и Новгородская земля; центр модели — около 1230 года,include_d39,passed,No denylist stem matched the archive name.,variant_target,Broken fragment of the existing millstone tool. Reuses existing crafts owner crafts-tools-processes/craft_tools_gear/tools_gear.csv#tl_mill_stone.,"B: reconstruction/category/context evidence; basis logical_necessity, not direct item attestation.",safe_with_explicit_context,medium,,,candidate
data/normalized_source_tables/material_entities/material_entities.csv:OMI01136,Каменная крошка после тесания,new,include,,sourced,category-level evidence (category_form_material_process_or_context): data/normalized_source_tables/material_entities/material_entities.csv#OMI01136,A,1180–1260,Великий Новгород и Новгородская земля; центр модели — около 1230 года,include_d39,passed,No denylist stem matched the archive name.,unique,Reviewed semantic roots [каменн крошк тесани] and family_key [stone_chips]; no object identity collapsed after ignoring state/size/container/use modifiers.,A: category-level evidence (category_form_material_process_or_context).,safe_with_context,low,,,candidate
data/normalized_source_tables/material_entities/material_entities.csv:OMI01137,Мелкие отщепы песчаника,new,include,,logical_necessity,data/normalized_source_tables/material_entities/material_entities.csv#OMI01137,B,1180–1260,Великий Новгород и Новгородская земля; центр модели — около 1230 года,include_d39,passed,No denylist stem matched the archive name.,unique,Reviewed semantic roots [отщеп песчаник] and family_key [sandstone_chips]; no object identity collapsed after ignoring state/size/container/use modifiers.,"B: reconstruction/category/context evidence; basis logical_necessity, not direct item attestation.",safe_with_explicit_context,medium,,,candidate
data/normalized_source_tables/material_entities/material_entities.csv:OMI01138,Каменная пыль после шлифовки,variant,include,crafts-tools-processes/materials_registry/materials.csv#mt_fieldstone,logical_necessity,data/normalized_source_tables/material_entities/material_entities.csv#OMI01138,B,1180–1260,Великий Новгород и Новгородская земля; центр модели — около 1230 года,include_d39,passed,No denylist stem matched the archive name.,variant_target,Пыль после шлифовки — фракция/отход каменной обработки; не самостоятельная куча. Reuses existing crafts owner crafts-tools-processes/materials_registry/materials.csv#mt_fieldstone.,"B: reconstruction/category/context evidence; basis logical_necessity, not direct item attestation. Пыль после шлифовки — фракция/отход каменной обработки; не самостоятельная куча.",safe_with_explicit_context,medium,,,candidate
data/normalized_source_tables/material_entities/material_entities.csv:OMI01139,Известняковая крошка,variant,include,crafts-tools-processes/materials_registry/materials.csv#mt_limestone,sourced,category-level evidence (category_form_material_process_or_context): data/normalized_source_tables/material_entities/material_entities.csv#OMI01139,A,1180–1260,Великий Новгород и Новгородская земля; центр модели — около 1230 года,include_d39,passed,No denylist stem matched the archive name.,variant_target,Известняковая крошка — фракция известняка; сохраняет материал. Reuses existing crafts owner crafts-tools-processes/materials_registry/materials.csv#mt_limestone.,A: category-level evidence (category_form_material_process_or_context). Известняковая крошка — фракция известняка; сохраняет материал.,safe_with_context,low,,,candidate
data/normalized_source_tables/material_entities/material_entities.csv:OMI01140,Плоский каменный обломок с раствором,new,routed,,sourced,category-level evidence (category_form_material_process_or_context): data/normalized_source_tables/material_entities/material_entities.csv#OMI01140,A,1180–1260,Великий Новгород и Новгородская земля; центр модели — около 1230 года,include_d39,passed,No denylist stem matched the archive name.,unique,Каменный обломок с раствором — повреждённый остаток кладки; BIC owns masonry material.,A: category-level evidence (category_form_material_process_or_context). Каменный обломок с раствором — повреждённый остаток кладки; BIC owns masonry material.,safe_with_context,low,buildings-interiors-containers,buildings-interiors-containers/buildings/materials_vocab.csv#mat_boulder,routed
data/normalized_source_tables/material_entities/material_entities.csv:OMI01141,Камень со следами сильного нагрева,new,routed,,sourced,category-level evidence (category_form_material_process_or_context): data/normalized_source_tables/material_entities/material_entities.csv#OMI01141,A,1180–1260,Великий Новгород и Новгородская земля; центр модели — около 1230 года,include_d39,passed,No denylist stem matched the archive name.,unique,Следы сильного нагрева — состояние очажного камня.,A: category-level evidence (category_form_material_process_or_context). Следы сильного нагрева — состояние очажного камня.,safe_with_context,low,buildings-interiors-containers,buildings-interiors-containers/buildings/materials_vocab.csv#mat_hearth_stone,routed
data/normalized_source_tables/material_entities/material_entities.csv:OMI01142,Расколотый от жара камень очага,new,routed,,sourced,category-level evidence (category_form_material_process_or_context): data/normalized_source_tables/material_entities/material_entities.csv#OMI01142,A,1180–1260,Великий Новгород и Новгородская земля; центр модели — около 1230 года,include_d39,passed,No denylist stem matched the archive name.,unique,Раскол от жара — повреждённое состояние очажного камня; не отдельный тип.,A: category-level evidence (category_form_material_process_or_context). Раскол от жара — повреждённое состояние очажного камня; не отдельный тип.,safe_with_context,low,buildings-interiors-containers,buildings-interiors-containers/buildings/materials_vocab.csv#mat_hearth_stone,routed
data/normalized_source_tables/material_entities/material_entities.csv:OMI01143,Кучка отборной гальки,new,routed,,logical_necessity,data/normalized_source_tables/material_entities/material_entities.csv#OMI01143,B,1180–1260,Великий Новгород и Новгородская земля; центр модели — около 1230 года,include_d39,passed,No denylist stem matched the archive name.,unique,Отборная галька — собранное природное минеральное сырьё; владелец nature.,"B: reconstruction/category/context evidence; basis logical_necessity, not direct item attestation. Отборная галька — собранное природное минеральное сырьё; владелец nature.",safe_with_explicit_context,medium,nature-materials-weather,nature-materials-weather/natural_materials_soils/natural_materials.csv#nm_gravel_pebbles,routed
data/normalized_source_tables/material_entities/material_entities.csv:OMI01177,Комок красной охры,variant,include,crafts-tools-processes/materials_registry/materials.csv#mt_ochre,logical_necessity,data/normalized_source_tables/material_entities/material_entities.csv#OMI01177,B,1180–1260,Великий Новгород и Новгородская земля; центр модели — около 1230 года,include_d39,passed,No denylist stem matched the archive name.,variant_target,Red ochre lump form/color is property of ochre. Reuses existing crafts owner crafts-tools-processes/materials_registry/materials.csv#mt_ochre.,"B: reconstruction/category/context evidence; basis logical_necessity, not direct item attestation. Red ochre lump form/color is property of ochre.",safe_with_explicit_context,medium,,,candidate
data/normalized_source_tables/material_entities/material_entities.csv:OMI01178,Порошок красной охры,variant,include,crafts-tools-processes/materials_registry/materials.csv#mt_ochre,logical_necessity,data/normalized_source_tables/material_entities/material_entities.csv#OMI01178,B,1180–1260,Великий Новгород и Новгородская земля; центр модели — около 1230 года,include_d39,passed,No denylist stem matched the archive name.,variant_target,Red ochre powder form/color is property of ochre. Reuses existing crafts owner crafts-tools-processes/materials_registry/materials.csv#mt_ochre.,"B: reconstruction/category/context evidence; basis logical_necessity, not direct item attestation. Red ochre powder form/color is property of ochre.",safe_with_explicit_context,medium,,,candidate
data/normalized_source_tables/material_entities/material_entities.csv:OMI01179,Комок жёлтой охры,variant,include,crafts-tools-processes/materials_registry/materials.csv#mt_ochre,logical_necessity,data/normalized_source_tables/material_entities/material_entities.csv#OMI01179,B,1180–1260,Великий Новгород и Новгородская земля; центр модели — около 1230 года,include_d39,passed,No denylist stem matched the archive name.,variant_target,Yellow ochre lump form/color is property of ochre. Reuses existing crafts owner crafts-tools-processes/materials_registry/materials.csv#mt_ochre.,"B: reconstruction/category/context evidence; basis logical_necessity, not direct item attestation. Yellow ochre lump form/color is property of ochre.",safe_with_explicit_context,medium,,,candidate
data/normalized_source_tables/material_entities/material_entities.csv:OMI01180,Порошок жёлтой охры,variant,include,crafts-tools-processes/materials_registry/materials.csv#mt_ochre,logical_necessity,data/normalized_source_tables/material_entities/material_entities.csv#OMI01180,B,1180–1260,Великий Новгород и Новгородская земля; центр модели — около 1230 года,include_d39,passed,No denylist stem matched the archive name.,variant_target,Yellow ochre powder form/color is property of ochre. Reuses existing crafts owner crafts-tools-processes/materials_registry/materials.csv#mt_ochre.,"B: reconstruction/category/context evidence; basis logical_necessity, not direct item attestation. Yellow ochre powder form/color is property of ochre.",safe_with_explicit_context,medium,,,candidate
data/normalized_source_tables/material_entities/material_entities.csv:OMI01181,Белый мел кусковой,variant,include,crafts-tools-processes/materials_registry/materials.csv#mt_chalk,logical_necessity,data/normalized_source_tables/material_entities/material_entities.csv#OMI01181,B,1180–1260,Великий Новгород и Новгородская земля; центр модели — около 1230 года,include_d39,passed,No denylist stem matched the archive name.,variant_target,Chalk lump size/form is property of chalk. Reuses existing crafts owner crafts-tools-processes/materials_registry/materials.csv#mt_chalk.,"B: reconstruction/category/context evidence; basis logical_necessity, not direct item attestation. Chalk lump size/form is property of chalk.",safe_with_explicit_context,medium,,,candidate
data/normalized_source_tables/material_entities/material_entities.csv:OMI01182,Меловой порошок,variant,include,crafts-tools-processes/materials_registry/materials.csv#mt_chalk,logical_necessity,data/normalized_source_tables/material_entities/material_entities.csv#OMI01182,B,1180–1260,Великий Новгород и Новгородская земля; центр модели — около 1230 года,include_d39,passed,No denylist stem matched the archive name.,variant_target,Chalk powder form is property of chalk. Reuses existing crafts owner crafts-tools-processes/materials_registry/materials.csv#mt_chalk.,"B: reconstruction/category/context evidence; basis logical_necessity, not direct item attestation. Chalk powder form is property of chalk.",safe_with_explicit_context,medium,,,candidate
data/normalized_source_tables/material_entities/material_entities.csv:OMI01183,Чёрный древесно-угольный порошок,variant,include,crafts-tools-processes/materials_registry/materials.csv#mt_charcoal,logical_necessity,data/normalized_source_tables/material_entities/material_entities.csv#OMI01183,B,1180–1260,Великий Новгород и Новгородская земля; центр модели — около 1230 года,include_d39,passed,No denylist stem matched the archive name.,variant_target,Black charcoal powder is a form of charcoal; not enamel. Reuses existing crafts owner crafts-tools-processes/materials_registry/materials.csv#mt_charcoal.,"B: reconstruction/category/context evidence; basis logical_necessity, not direct item attestation. Black charcoal powder is a form of charcoal; not enamel.",safe_with_explicit_context,medium,,,candidate
data/normalized_source_tables/material_entities/material_entities.csv:OMI01184,Сажа тонкая,variant,include,crafts-tools-processes/materials_registry/materials.csv#mt_carbon_black,logical_necessity,data/normalized_source_tables/material_entities/material_entities.csv#OMI01184,B,1180–1260,Великий Новгород и Новгородская земля; центр модели — около 1230 года,include_d39,passed,No denylist stem matched the archive name.,variant_target,Fine soot is carbon-black pigment form/state; no separate enamel entity. Reuses existing crafts owner crafts-tools-processes/materials_registry/materials.csv#mt_carbon_black.,"B: reconstruction/category/context evidence; basis logical_necessity, not direct item attestation. Fine soot is carbon-black pigment form/state; no separate enamel entity.",safe_with_explicit_context,medium,,,candidate
data/normalized_source_tables/material_entities/material_entities.csv:OMI01185,Зелёный медный пигмент — исследовательская категория,new,include,,analogy,data/normalized_source_tables/material_entities/material_entities.csv#OMI01185,C,1180–1260,Великий Новгород и Новгородская земля; центр модели — около 1230 года,include_d39,passed,No denylist stem matched the archive name.,unique,Green copper pigment is materially distinct from enamel; retain only explicit-context C record.,Confidence C: analogue/hypothesis; basis analogy. Green copper pigment is materially distinct from enamel; retain only explicit-context C record.,explicit_context_only,high,crafts-tools-processes,crafts-tools-processes/materials_registry/material_entities.csv#n1230:material_item:omi01185,candidate
data/normalized_source_tables/material_entities/material_entities.csv:OMI01186,Синий минеральный пигмент — импортный или редкий,variant,include,crafts-tools-processes/materials_registry/materials.csv#mt_lazurite,analogy,data/normalized_source_tables/material_entities/material_entities.csv#OMI01186,C,1180–1260,Великий Новгород и Новгородская земля; центр модели — около 1230 года,include_d39,passed,No denylist stem matched the archive name.,variant_target,Blue mineral pigment is color/form variant of lazurite. Reuses existing crafts owner crafts-tools-processes/materials_registry/materials.csv#mt_lazurite.,Confidence C: analogue/hypothesis; basis analogy. Blue mineral pigment is color/form variant of lazurite.,explicit_context_only,high,,,candidate
data/normalized_source_tables/material_entities/material_entities.csv:OMI01187,Красный минеральный пигмент яркий — осторожно,variant,include,crafts-tools-processes/materials_registry/materials.csv#mt_ochre,analogy,data/normalized_source_tables/material_entities/material_entities.csv#OMI01187,C,1180–1260,Великий Новгород и Новгородская земля; центр модели — около 1230 года,include_d39,passed,No denylist stem matched the archive name.,variant_target,Bright red mineral pigment is a color variant of red ochre. Reuses existing crafts owner crafts-tools-processes/materials_registry/materials.csv#mt_ochre.,Confidence C: analogue/hypothesis; basis analogy. Bright red mineral pigment is a color variant of red ochre.,explicit_context_only,high,,,candidate
data/normalized_source_tables/material_entities/material_entities.csv:OMI01188,Пигментная смесь на извести,new,include,,logical_necessity,data/normalized_source_tables/material_entities/material_entities.csv#OMI01188,B,1180–1260,Великий Новгород и Новгородская земля; центр модели — около 1230 года,include_d39,passed,No denylist stem matched the archive name.,unique,Lime-bound pigment is a distinct prepared mixture; lime substrate/binder does not make it gesso.,"B: reconstruction/category/context evidence; basis logical_necessity, not direct item attestation. Lime-bound pigment is a distinct prepared mixture; lime substrate/binder does not make it gesso.",safe_with_explicit_context,medium,crafts-tools-processes,crafts-tools-processes/materials_registry/material_entities.csv#n1230:material_item:omi01188,candidate
data/normalized_source_tables/material_entities/material_entities.csv:OMI01189,Пигментная смесь на органическом связующем,new,include,,analogy,data/normalized_source_tables/material_entities/material_entities.csv#OMI01189,C,1180–1260,Великий Новгород и Новгородская земля; центр модели — около 1230 года,include_d39,passed,No denylist stem matched the archive name.,unique,Organic-bound pigment mixture is distinct prepared paint; retain explicit-context C record.,Confidence C: analogue/hypothesis; basis analogy. Organic-bound pigment mixture is distinct prepared paint; retain explicit-context C record.,explicit_context_only,high,crafts-tools-processes,crafts-tools-processes/materials_registry/material_entities.csv#n1230:material_item:omi01189,candidate
data/normalized_source_tables/material_entities/material_entities.csv:OMI01190,Крупинки сухого пигмента в мешочке,new,include,,logical_necessity,data/normalized_source_tables/material_entities/material_entities.csv#OMI01190,B,1180–1260,Великий Новгород и Новгородская земля; центр модели — около 1230 года,include_d39,passed,No denylist stem matched the archive name.,unique,Generic dry pigment stock is stable owner for later color-only variants.,"B: reconstruction/category/context evidence; basis logical_necessity, not direct item attestation. Generic dry pigment stock is stable owner for later color-only variants.",safe_with_explicit_context,medium,crafts-tools-processes,crafts-tools-processes/materials_registry/material_entities.csv#n1230:material_item:omi01190,candidate
data/normalized_source_tables/material_entities/material_entities.csv:OMI01191,Комок высохшей краски,variant,include,crafts-tools-processes/materials_registry/material_entities.csv#n1230:material_item:omi01743,logical_necessity,data/normalized_source_tables/material_entities/material_entities.csv#OMI01191,B,1180–1260,Великий Новгород и Новгородская земля; центр модели — около 1230 года,include_d39,passed,No denylist stem matched the archive name.,variant_target,Dried paint lump is paint condition/state; no independent waste identity established. Reuses existing crafts owner crafts-tools-processes/materials_registry/material_entities.csv#n1230:material_item:omi01743.,"B: reconstruction/category/context evidence; basis logical_necessity, not direct item attestation. Dried paint lump is paint condition/state; no independent waste identity established.",safe_with_explicit_context,medium,,,candidate
data/normalized_source_tables/material_entities/material_entities.csv:OMI01192,Цветная пыль на рабочей доске,variant,include,crafts-tools-processes/materials_registry/material_entities.csv#n1230:material_item:omi01190,logical_necessity,data/normalized_source_tables/material_entities/material_entities.csv#OMI01192,B,1180–1260,Великий Новгород и Новгородская земля; центр модели — около 1230 года,include_d39,passed,No denylist stem matched the archive name.,variant_target,Colored pigment dust on workboard differs by substrate/location only. Reuses existing crafts owner crafts-tools-processes/materials_registry/material_entities.csv#n1230:material_item:omi01190.,"B: reconstruction/category/context evidence; basis logical_necessity, not direct item attestation. Colored pigment dust on workboard differs by substrate/location only.",safe_with_explicit_context,medium,,,candidate
data/normalized_source_tables/material_entities/material_entities.csv:OMI01193,Соляная глыбка,variant,include,crafts-tools-processes/materials_registry/materials.csv#mt_salt,sourced,category-level evidence (category_form_material_process_or_context): data/normalized_source_tables/material_entities/material_entities.csv#OMI01193,A,1180–1260,Великий Новгород и Новгородская земля; центр модели — около 1230 года,include_d39,passed,No denylist stem matched the archive name.,variant_target,Salt lump form is property of salt. Reuses existing crafts owner crafts-tools-processes/materials_registry/materials.csv#mt_salt.,A: category-level evidence (category_form_material_process_or_context). Salt lump form is property of salt.,safe_with_context,low,,,candidate
data/normalized_source_tables/material_entities/material_entities.csv:OMI01195,Мелкая соль,variant,include,crafts-tools-processes/materials_registry/materials.csv#mt_salt,logical_necessity,data/normalized_source_tables/material_entities/material_entities.csv#OMI01195,B,1180–1260,Великий Новгород и Новгородская земля; центр модели — около 1230 года,include_d39,passed,No denylist stem matched the archive name.,variant_target,Grain size only; reuse salt material. Reuses existing crafts owner crafts-tools-processes/materials_registry/materials.csv#mt_salt.,"B: reconstruction/category/context evidence; basis logical_necessity, not direct item attestation.",safe_with_explicit_context,medium,,,candidate
data/normalized_source_tables/material_entities/material_entities.csv:OMI01196,Соляная крошка на дне мешка,new,include,,sourced,category-level evidence (category_form_material_process_or_context): data/normalized_source_tables/material_entities/material_entities.csv#OMI01196,A,1180–1260,Великий Новгород и Новгородская земля; центр модели — около 1230 года,include_d39,passed,No denylist stem matched the archive name.,unique,Reviewed semantic roots [крошк мешк солян] and family_key [salt_bag_residue]; no object identity collapsed after ignoring state/size/container/use modifiers.,A: category-level evidence (category_form_material_process_or_context).,safe_with_context,low,,,candidate
data/normalized_source_tables/material_entities/material_entities.csv:OMI01197,Соляная корка на таре,new,include,,logical_necessity,data/normalized_source_tables/material_entities/material_entities.csv#OMI01197,B,1180–1260,Великий Новгород и Новгородская земля; центр модели — около 1230 года,include_d39,passed,No denylist stem matched the archive name.,unique,Reviewed semantic roots [корк солян тар] and family_key [salt_crust_container]; no object identity collapsed after ignoring state/size/container/use modifiers.,"B: reconstruction/category/context evidence; basis logical_necessity, not direct item attestation.",safe_with_explicit_context,medium,,,candidate
data/normalized_source_tables/material_entities/material_entities.csv:OMI01198,"Поваренная соль, слежавшаяся комом",variant,include,crafts-tools-processes/materials_registry/materials.csv#mt_salt,logical_necessity,data/normalized_source_tables/material_entities/material_entities.csv#OMI01198,B,1180–1260,Великий Новгород и Новгородская земля; центр модели — около 1230 года,include_d39,passed,No denylist stem matched the archive name.,variant_target,Caked condition only; reuse salt material. Reuses existing crafts owner crafts-tools-processes/materials_registry/materials.csv#mt_salt.,"B: reconstruction/category/context evidence; basis logical_necessity, not direct item attestation.",safe_with_explicit_context,medium,,,candidate
data/normalized_source_tables/material_entities/material_entities.csv:OMI01199,Мелкий кварцевый песок,variant,include,crafts-tools-processes/materials_registry/materials.csv#mt_quartz_sand,logical_necessity,data/normalized_source_tables/material_entities/material_entities.csv#OMI01199,B,1180–1260,Великий Новгород и Новгородская земля; центр модели — около 1230 года,include_d39,passed,No denylist stem matched the archive name.,variant_target,Grain size only; reuse quartz-sand material. Reuses existing crafts owner crafts-tools-processes/materials_registry/materials.csv#mt_quartz_sand.,"B: reconstruction/category/context evidence; basis logical_necessity, not direct item attestation.",safe_with_explicit_context,medium,,,candidate
data/normalized_source_tables/material_entities/material_entities.csv:OMI01200,Песок с угольной пылью,new,include,,analogy,data/normalized_source_tables/material_entities/material_entities.csv#OMI01200,C,1180–1260,Великий Новгород и Новгородская земля; центр модели — около 1230 года,include_d39,passed,No denylist stem matched the archive name.,unique,Reviewed semantic roots [песок пыль угольн] and family_key [charcoal_sand_mix]; no object identity collapsed after ignoring state/size/container/use modifiers.,Confidence C: analogue/hypothesis; basis analogy.,explicit_context_only,high,,,candidate
data/normalized_source_tables/material_entities/material_entities.csv:OMI01201,Глиняно-песчаная формовочная смесь,new,include,,logical_necessity,data/normalized_source_tables/material_entities/material_entities.csv#OMI01201,B,1180–1260,Великий Новгород и Новгородская земля; центр модели — около 1230 года,include_d39,passed,No denylist stem matched the archive name.,unique,Reviewed semantic roots [глинян песчан смесь формовочн] and family_key [casting_mould_mix]; no object identity collapsed after ignoring state/size/container/use modifiers.,"B: reconstruction/category/context evidence; basis logical_necessity, not direct item attestation.",safe_with_explicit_context,medium,,,candidate
data/normalized_source_tables/material_entities/material_entities.csv:OMI01202,Мелкий абразивный порошок,new,include,,logical_necessity,data/normalized_source_tables/material_entities/material_entities.csv#OMI01202,B,1180–1260,Великий Новгород и Новгородская земля; центр модели — около 1230 года,include_d39,passed,No denylist stem matched the archive name.,unique,Reviewed semantic roots [абразивн порошок] and family_key [abrasive_powder]; no object identity collapsed after ignoring state/size/container/use modifiers.,"B: reconstruction/category/context evidence; basis logical_necessity, not direct item attestation.",safe_with_explicit_context,medium,,,candidate
data/normalized_source_tables/material_entities/material_entities.csv:OMI01203,Порошок пемзы или мягкого абразива — осторожно,new,include,,analogy,data/normalized_source_tables/material_entities/material_entities.csv#OMI01203,C,1180–1260,Великий Новгород и Новгородская земля; центр модели — около 1230 года,include_d39,passed,No denylist stem matched the archive name.,unique,Reviewed semantic roots [абразив мягк осторожн пемз порошок] and family_key [fine_polishing_powder]; no object identity collapsed after ignoring state/size/container/use modifiers.,Confidence C: analogue/hypothesis; basis analogy.,explicit_context_only,high,,,candidate
data/normalized_source_tables/material_entities/material_entities.csv:OMI01204,Кусок стеклянного лома для переплавки,new,include,,logical_necessity,data/normalized_source_tables/material_entities/material_entities.csv#OMI01204,B,1180–1260,Великий Новгород и Новгородская земля; центр модели — около 1230 года,include_d39,passed,No denylist stem matched the archive name.,unique,Reviewed semantic roots [лом переплавк стеклянн] and family_key [glass_cullet]; no object identity collapsed after ignoring state/size/container/use modifiers.,"B: reconstruction/category/context evidence; basis logical_necessity, not direct item attestation.",safe_with_explicit_context,medium,,,candidate
data/normalized_source_tables/material_entities/material_entities.csv:OMI01205,Кучка разноцветного стеклянного лома,new,include,,logical_necessity,data/normalized_source_tables/material_entities/material_entities.csv#OMI01205,B,1180–1260,Великий Новгород и Новгородская земля; центр модели — около 1230 года,include_d39,passed,No denylist stem matched the archive name.,unique,Reviewed semantic roots [кучк лом разноцветн стеклянн] and family_key [mixed_glass_cullet]; no object identity collapsed after ignoring state/size/container/use modifiers.,"B: reconstruction/category/context evidence; basis logical_necessity, not direct item attestation.",safe_with_explicit_context,medium,,,candidate
data/normalized_source_tables/material_entities/material_entities.csv:OMI01206,Прозрачноватая стеклянная капля,variant,include,crafts-tools-processes/materials_registry/materials.csv#mt_glass,logical_necessity,data/normalized_source_tables/material_entities/material_entities.csv#OMI01206,B,1180–1260,Великий Новгород и Новгородская земля; центр модели — около 1230 года,include_d39,passed,No denylist stem matched the archive name.,variant_target,Glass droplet transparency is a color/form property of glass stock. Reuses existing crafts owner crafts-tools-processes/materials_registry/materials.csv#mt_glass.,"B: reconstruction/category/context evidence; basis logical_necessity, not direct item attestation. Glass droplet transparency is a color/form property of glass stock.",safe_with_explicit_context,medium,,,candidate
data/normalized_source_tables/material_entities/material_entities.csv:OMI01207,Зелёная стеклянная капля,variant,include,crafts-tools-processes/materials_registry/materials.csv#mt_glass,logical_necessity,data/normalized_source_tables/material_entities/material_entities.csv#OMI01207,B,1180–1260,Великий Новгород и Новгородская земля; центр модели — около 1230 года,include_d39,passed,No denylist stem matched the archive name.,variant_target,Green color does not create a separate glass material identity. Reuses existing crafts owner crafts-tools-processes/materials_registry/materials.csv#mt_glass.,"B: reconstruction/category/context evidence; basis logical_necessity, not direct item attestation. Green color does not create a separate glass material identity.",safe_with_explicit_context,medium,,,candidate
data/normalized_source_tables/material_entities/material_entities.csv:OMI01208,Синяя стеклянная капля,variant,include,crafts-tools-processes/materials_registry/materials.csv#mt_glass,logical_necessity,data/normalized_source_tables/material_entities/material_entities.csv#OMI01208,B,1180–1260,Великий Новгород и Новгородская земля; центр модели — около 1230 года,include_d39,passed,No denylist stem matched the archive name.,variant_target,Blue color does not create a separate glass material identity. Reuses existing crafts owner crafts-tools-processes/materials_registry/materials.csv#mt_glass.,"B: reconstruction/category/context evidence; basis logical_necessity, not direct item attestation. Blue color does not create a separate glass material identity.",safe_with_explicit_context,medium,,,candidate
data/normalized_source_tables/material_entities/material_entities.csv:OMI01209,Жёлтая стеклянная капля,variant,include,crafts-tools-processes/materials_registry/materials.csv#mt_glass,logical_necessity,data/normalized_source_tables/material_entities/material_entities.csv#OMI01209,B,1180–1260,Великий Новгород и Новгородская земля; центр модели — около 1230 года,include_d39,passed,No denylist stem matched the archive name.,variant_target,"Yellow color is a property of glass stock, not a separate item identity. Reuses existing crafts owner crafts-tools-processes/materials_registry/materials.csv#mt_glass.","B: reconstruction/category/context evidence; basis logical_necessity, not direct item attestation. Yellow color is a property of glass stock, not a separate item identity.",safe_with_explicit_context,medium,,,candidate
data/normalized_source_tables/material_entities/material_entities.csv:OMI01210,Непрозрачная тёмная стеклянная капля,variant,include,crafts-tools-processes/materials_registry/materials.csv#mt_glass,logical_necessity,data/normalized_source_tables/material_entities/material_entities.csv#OMI01210,B,1180–1260,Великий Новгород и Новгородская земля; центр модели — около 1230 года,include_d39,passed,No denylist stem matched the archive name.,variant_target,"Dark opacity is a visual/material property of glass, not a separate material identity. Reuses existing crafts owner crafts-tools-processes/materials_registry/materials.csv#mt_glass.","B: reconstruction/category/context evidence; basis logical_necessity, not direct item attestation. Dark opacity is a visual/material property of glass, not a separate material identity.",safe_with_explicit_context,medium,,,candidate
data/normalized_source_tables/material_entities/material_entities.csv:OMI01211,Короткий стеклянный пруток,new,include,,analogy,data/normalized_source_tables/material_entities/material_entities.csv#OMI01211,C,1180–1260,Великий Новгород и Новгородская земля; центр модели — около 1230 года,include_d39,passed,No denylist stem matched the archive name.,unique,Short glass rod is stable craft stock used as a bead/bracelet blank; preserve its process-ready form.,Confidence C: analogue/hypothesis; basis analogy. Short glass rod is stable craft stock used as a bead/bracelet blank; preserve its process-ready form.,explicit_context_only,high,crafts-tools-processes,crafts-tools-processes/materials_registry/material_entities.csv#n1230:material_item:omi01211,candidate
data/normalized_source_tables/material_entities/material_entities.csv:OMI01212,Тонкая стеклянная трубочка,new,include,,analogy,data/normalized_source_tables/material_entities/material_entities.csv#OMI01212,C,1180–1260,Великий Новгород и Новгородская земля; центр модели — около 1230 года,include_d39,passed,No denylist stem matched the archive name.,unique,Тонкая стеклянная трубочка — glass material/product form; она не костяная трубочка OMI00942.,Confidence C: analogue/hypothesis; basis analogy. Тонкая стеклянная трубочка — glass material/product form; она не костяная трубочка OMI00942.,explicit_context_only,high,crafts-tools-processes,crafts-tools-processes/materials_registry/material_entities.csv#n1230:material_item:omi01212,candidate
data/normalized_source_tables/material_entities/material_entities.csv:OMI01213,Обломок стеклянного прутка,variant,include,crafts-tools-processes/materials_registry/material_entities.csv#n1230:material_item:omi01211,analogy,data/normalized_source_tables/material_entities/material_entities.csv#OMI01213,C,1180–1260,Великий Новгород и Новгородская земля; центр модели — около 1230 года,include_d39,passed,No denylist stem matched the archive name.,variant_target,Rod fragment preserves short glass rod identity with damage state. Reuses existing crafts owner crafts-tools-processes/materials_registry/material_entities.csv#n1230:material_item:omi01211.,Confidence C: analogue/hypothesis; basis analogy. Rod fragment preserves short glass rod identity with damage state.,explicit_context_only,high,,,candidate
data/normalized_source_tables/material_entities/material_entities.csv:OMI01214,Кусок оплавленного стекла,new,include,,logical_necessity,data/normalized_source_tables/material_entities/material_entities.csv#OMI01214,B,1180–1260,Великий Новгород и Новгородская земля; центр модели — около 1230 года,include_d39,passed,No denylist stem matched the archive name.,unique,Melted glass lump is reusable glass-working refuse with an independent material/workshop role.,"B: reconstruction/category/context evidence; basis logical_necessity, not direct item attestation. Melted glass lump is reusable glass-working refuse with an independent material/workshop role.",safe_with_explicit_context,medium,crafts-tools-processes,crafts-tools-processes/materials_registry/material_entities.csv#n1230:material_item:omi01214,candidate
data/normalized_source_tables/material_entities/material_entities.csv:OMI01216,Стеклянная бусина с незавершённым отверстием,variant,include,crafts-tools-processes/materials_registry/material_entities.csv#n1230:material_item:omi01219,logical_necessity,data/normalized_source_tables/material_entities/material_entities.csv#OMI01216,B,1180–1260,Великий Новгород и Новгородская земля; центр модели — около 1230 года,include_d39,passed,No denylist stem matched the archive name.,variant_target,"Unfinished bead hole is a production state of glass beads, not a separate bead type. Reuses existing crafts owner crafts-tools-processes/materials_registry/material_entities.csv#n1230:material_item:omi01219.","B: reconstruction/category/context evidence; basis logical_necessity, not direct item attestation. Unfinished bead hole is a production state of glass beads, not a separate bead type.",safe_with_explicit_context,medium,,,candidate
data/normalized_source_tables/material_entities/material_entities.csv:OMI01217,Деформированная стеклянная бусина,variant,include,crafts-tools-processes/materials_registry/material_entities.csv#n1230:material_item:omi01219,logical_necessity,data/normalized_source_tables/material_entities/material_entities.csv#OMI01217,B,1180–1260,Великий Новгород и Новгородская земля; центр модели — около 1230 года,include_d39,passed,No denylist stem matched the archive name.,variant_target,Misshapen bead is a defective state of glass bead stock. Reuses existing crafts owner crafts-tools-processes/materials_registry/material_entities.csv#n1230:material_item:omi01219.,"B: reconstruction/category/context evidence; basis logical_necessity, not direct item attestation. Misshapen bead is a defective state of glass bead stock.",safe_with_explicit_context,medium,,,candidate
data/normalized_source_tables/material_entities/material_entities.csv:OMI01218,Половина расколотой стеклянной бусины,variant,include,crafts-tools-processes/materials_registry/material_entities.csv#n1230:material_item:omi01219,sourced,category-level evidence (category_form_material_process_or_context): data/normalized_source_tables/material_entities/material_entities.csv#OMI01218,A,1180–1260,Великий Новгород и Новгородская земля; центр модели — около 1230 года,include_d39,passed,No denylist stem matched the archive name.,variant_target,Broken half-bead is a damaged glass bead state; retain bead material/category identity. Reuses existing crafts owner crafts-tools-processes/materials_registry/material_entities.csv#n1230:material_item:omi01219.,A: category-level evidence (category_form_material_process_or_context). Broken half-bead is a damaged glass bead state; retain bead material/category identity.,safe_with_context,low,,,candidate
data/normalized_source_tables/material_entities/material_entities.csv:OMI01219,Мелкие стеклянные бусины россыпью,new,include,,sourced,category-level evidence (category_form_material_process_or_context): data/normalized_source_tables/material_entities/material_entities.csv#OMI01219,A,1180–1260,Великий Новгород и Новгородская земля; центр модели — около 1230 года,include_d39,passed,No denylist stem matched the archive name.,unique,Loose glass-bead batch is stable craft stock for beadworking and has no exact existing entity duplicate.,A: category-level evidence (category_form_material_process_or_context). Loose glass-bead batch is stable craft stock for beadworking and has no exact existing entity duplicate.,safe_with_context,low,crafts-tools-processes,crafts-tools-processes/materials_registry/material_entities.csv#n1230:material_item:omi01219,candidate
data/normalized_source_tables/material_entities/material_entities.csv:OMI01220,Нить стеклянных бусин без застёжки,new,routed,,sourced,category-level evidence (category_form_material_process_or_context): data/normalized_source_tables/material_entities/material_entities.csv#OMI01220,A,1180–1260,Великий Новгород и Новгородская земля; центр модели — около 1230 года,include_d39,passed,No denylist stem matched the archive name.,unique,"Нить стеклянных бусин — готовое украшение, не textile stock; владельцем identity остаётся clothing-appearance.","A: category-level evidence (category_form_material_process_or_context). Нить стеклянных бусин — готовое украшение, не textile stock; владельцем identity остаётся clothing-appearance.",safe_with_context,low,clothing-appearance,clothing-appearance/adornment_appearance/adornment.csv#ad_ac020,routed
data/normalized_source_tables/material_entities/material_entities.csv:OMI01221,Стеклянная вставка круглая,variant,include,crafts-tools-processes/materials_registry/materials.csv#mt_glass,logical_necessity,data/normalized_source_tables/material_entities/material_entities.csv#OMI01221,B,1180–1260,Великий Новгород и Новгородская земля; центр модели — около 1230 года,include_d39,passed,No denylist stem matched the archive name.,variant_target,Round insert shape is a form property of glass; no distinct material identity. Reuses existing crafts owner crafts-tools-processes/materials_registry/materials.csv#mt_glass.,"B: reconstruction/category/context evidence; basis logical_necessity, not direct item attestation. Round insert shape is a form property of glass; no distinct material identity.",safe_with_explicit_context,medium,,,candidate
data/normalized_source_tables/material_entities/material_entities.csv:OMI01222,Стеклянная вставка овальная,variant,include,crafts-tools-processes/materials_registry/materials.csv#mt_glass,logical_necessity,data/normalized_source_tables/material_entities/material_entities.csv#OMI01222,B,1180–1260,Великий Новгород и Новгородская земля; центр модели — около 1230 года,include_d39,passed,No denylist stem matched the archive name.,variant_target,Oval insert shape is a form property of glass; no distinct material identity. Reuses existing crafts owner crafts-tools-processes/materials_registry/materials.csv#mt_glass.,"B: reconstruction/category/context evidence; basis logical_necessity, not direct item attestation. Oval insert shape is a form property of glass; no distinct material identity.",safe_with_explicit_context,medium,,,candidate
data/normalized_source_tables/material_entities/material_entities.csv:OMI01223,"Стеклянная вставка, выпавшая из оправы",variant,include,crafts-tools-processes/materials_registry/materials.csv#mt_glass,logical_necessity,data/normalized_source_tables/material_entities/material_entities.csv#OMI01223,B,1180–1260,Великий Новгород и Новгородская земля; центр модели — около 1230 года,include_d39,passed,No denylist stem matched the archive name.,variant_target,Detached insert is a recoverable glass form/state; do not create a new material type. Reuses existing crafts owner crafts-tools-processes/materials_registry/materials.csv#mt_glass.,"B: reconstruction/category/context evidence; basis logical_necessity, not direct item attestation. Detached insert is a recoverable glass form/state; do not create a new material type.",safe_with_explicit_context,medium,,,candidate
data/normalized_source_tables/material_entities/material_entities.csv:OMI01224,Мелкая цветная стеклянная крошка,variant,include,crafts-tools-processes/materials_registry/material_entities.csv#n1230:material_item:omi01204,logical_necessity,data/normalized_source_tables/material_entities/material_entities.csv#OMI01224,B,1180–1260,Великий Новгород и Новгородская земля; центр модели — около 1230 года,include_d39,passed,No denylist stem matched the archive name.,variant_target,Colored glass grit is glass cullet in smaller size form; reuse existing glass-cullet stock. Reuses existing crafts owner crafts-tools-processes/materials_registry/material_entities.csv#n1230:material_item:omi01204.,"B: reconstruction/category/context evidence; basis logical_necessity, not direct item attestation. Colored glass grit is glass cullet in smaller size form; reuse existing glass-cullet stock.",safe_with_explicit_context,medium,,,candidate
data/normalized_source_tables/material_entities/material_entities.csv:OMI01225,Бесцветный тонкий стеклянный фрагмент,new,include,,logical_necessity,data/normalized_source_tables/material_entities/material_entities.csv#OMI01225,B,1180–1260,Великий Новгород и Новгородская земля; центр модели — около 1230 года,include_d39,passed,No denylist stem matched the archive name.,unique,Thin clear shard is a stable glass-fragment form; preserve as stock for remelting/reuse.,"B: reconstruction/category/context evidence; basis logical_necessity, not direct item attestation. Thin clear shard is a stable glass-fragment form; preserve as stock for remelting/reuse.",safe_with_explicit_context,medium,crafts-tools-processes,crafts-tools-processes/materials_registry/material_entities.csv#n1230:material_item:omi01225,candidate
data/normalized_source_tables/material_entities/material_entities.csv:OMI01226,Зеленоватый фрагмент стенки сосуда,variant,include,crafts-tools-processes/materials_registry/material_entities.csv#n1230:material_item:omi01225,sourced,category-level evidence (category_form_material_process_or_context): data/normalized_source_tables/material_entities/material_entities.csv#OMI01226,A,1180–1260,Великий Новгород и Новгородская земля; центр модели — около 1230 года,include_d39,passed,No denylist stem matched the archive name.,variant_target,Green vessel-glass shard differs by color/source form; retain fragment identity. Reuses existing crafts owner crafts-tools-processes/materials_registry/material_entities.csv#n1230:material_item:omi01225.,A: category-level evidence (category_form_material_process_or_context). Green vessel-glass shard differs by color/source form; retain fragment identity.,safe_with_context,low,,,candidate
data/normalized_source_tables/material_entities/material_entities.csv:OMI01227,Синий фрагмент стеклянной вещи,variant,include,crafts-tools-processes/materials_registry/material_entities.csv#n1230:material_item:omi01225,sourced,category-level evidence (category_form_material_process_or_context): data/normalized_source_tables/material_entities/material_entities.csv#OMI01227,A,1180–1260,Великий Новгород и Новгородская земля; центр модели — около 1230 года,include_d39,passed,No denylist stem matched the archive name.,variant_target,Blue glass shard differs by color; retain fragment identity. Reuses existing crafts owner crafts-tools-processes/materials_registry/material_entities.csv#n1230:material_item:omi01225.,A: category-level evidence (category_form_material_process_or_context). Blue glass shard differs by color; retain fragment identity.,safe_with_context,low,,,candidate
data/normalized_source_tables/material_entities/material_entities.csv:OMI01229,Фрагмент стеклянного перстня,new,routed,,logical_necessity,data/normalized_source_tables/material_entities/material_entities.csv#OMI01229,B,1180–1260,Великий Новгород и Новгородская земля; центр модели — около 1230 года,include_d39,passed,No denylist stem matched the archive name.,unique,Glass ring fragment is an adornment component; route to the matching ring owner.,"B: reconstruction/category/context evidence; basis logical_necessity, not direct item attestation. Glass ring fragment is an adornment component; route to the matching ring owner.",safe_with_explicit_context,medium,clothing-appearance,clothing-appearance/adornment_appearance/adornment.csv#ad_ac024,routed
data/normalized_source_tables/material_entities/material_entities.csv:OMI01230,Фрагмент дна стеклянного сосуда,new,include,,sourced,category-level evidence (category_form_material_process_or_context): data/normalized_source_tables/material_entities/material_entities.csv#OMI01230,A,1180–1260,Великий Новгород и Новгородская земля; центр модели — около 1230 года,include_d39,passed,No denylist stem matched the archive name.,unique,Vessel-base shard is a persistent glass-working/reuse fragment with a stable form.,A: category-level evidence (category_form_material_process_or_context). Vessel-base shard is a persistent glass-working/reuse fragment with a stable form.,safe_with_context,low,crafts-tools-processes,crafts-tools-processes/materials_registry/material_entities.csv#n1230:material_item:omi01230,candidate
data/normalized_source_tables/material_entities/material_entities.csv:OMI01231,Фрагмент венчика стеклянного сосуда,new,include,,sourced,category-level evidence (category_form_material_process_or_context): data/normalized_source_tables/material_entities/material_entities.csv#OMI01231,A,1180–1260,Великий Новгород и Новгородская земля; центр модели — около 1230 года,include_d39,passed,No denylist stem matched the archive name.,unique,Vessel-rim shard is a persistent glass fragment with a stable diagnostic form.,A: category-level evidence (category_form_material_process_or_context). Vessel-rim shard is a persistent glass fragment with a stable diagnostic form.,safe_with_context,low,crafts-tools-processes,crafts-tools-processes/materials_registry/material_entities.csv#n1230:material_item:omi01231,candidate
data/normalized_source_tables/material_entities/material_entities.csv:OMI01232,Стеклянный осколок с оплавленным краем,variant,include,crafts-tools-processes/materials_registry/material_entities.csv#n1230:material_item:omi01214,logical_necessity,data/normalized_source_tables/material_entities/material_entities.csv#OMI01232,B,1180–1260,Великий Новгород и Новгородская земля; центр модели — около 1230 года,include_d39,passed,No denylist stem matched the archive name.,variant_target,Fire-melted edge is a condition of existing melted glass residue. Reuses existing crafts owner crafts-tools-processes/materials_registry/material_entities.csv#n1230:material_item:omi01214.,"B: reconstruction/category/context evidence; basis logical_necessity, not direct item attestation. Fire-melted edge is a condition of existing melted glass residue.",safe_with_explicit_context,medium,,,candidate
data/normalized_source_tables/material_entities/material_entities.csv:OMI01233,Стеклянная пыль и мелкие осколки,new,include,,logical_necessity,data/normalized_source_tables/material_entities/material_entities.csv#OMI01233,B,1180–1260,Великий Новгород и Новгородская земля; центр модели — около 1230 года,include_d39,passed,No denylist stem matched the archive name.,unique,Reviewed semantic roots [осколк пыль стеклянн] and family_key [glass_dust_and_splinters]; no object identity collapsed after ignoring state/size/container/use modifiers.,"B: reconstruction/category/context evidence; basis logical_necessity, not direct item attestation.",safe_with_explicit_context,medium,,,candidate
data/normalized_source_tables/material_entities/material_entities.csv:OMI01234,Обломок тигля со стекловидным налётом,variant,include,crafts-tools-processes/craft_tools_gear/tools_gear.csv#tl_crucible,logical_necessity,data/normalized_source_tables/material_entities/material_entities.csv#OMI01234,B,1180–1260,Великий Новгород и Новгородская земля; центр модели — около 1230 года,include_d39,passed,No denylist stem matched the archive name.,variant_target,"Glass/amber vitrification on a clay crucible fragment shows tool-use residue; it remains tl_crucible, not glass, amber, or clay stock. Reuses existing crafts owner crafts-tools-processes/craft_tools_gear/tools_gear.csv#tl_crucible.","B: reconstruction/category/context evidence; basis logical_necessity, not direct item attestation. Glass/amber vitrification on a clay crucible fragment shows tool-use residue; it remains tl_crucible, not glass, amber, or clay stock.",safe_with_explicit_context,medium,,,candidate
data/normalized_source_tables/material_entities/material_entities.csv:OMI01235,Стекловидный наплыв на глиняной форме,new,include,,logical_necessity,data/normalized_source_tables/material_entities/material_entities.csv#OMI01235,B,1180–1260,Великий Новгород и Новгородская земля; центр модели — около 1230 года,include_d39,passed,No denylist stem matched the archive name.,unique,Reviewed semantic roots [глинян наплыв стекловидн форм] and family_key [glassy_mould_residue]; no object identity collapsed after ignoring state/size/container/use modifiers.,"B: reconstruction/category/context evidence; basis logical_necessity, not direct item attestation.",safe_with_explicit_context,medium,,,candidate
data/normalized_source_tables/material_entities/material_entities.csv:OMI01236,Необработанный кусок янтаря,variant,include,crafts-tools-processes/materials_registry/materials.csv#mt_amber,sourced,category-level evidence (category_form_material_process_or_context): data/normalized_source_tables/material_entities/material_entities.csv#OMI01236,A,1180–1260,Великий Новгород и Новгородская земля; центр модели — около 1230 года,include_d39,passed,No denylist stem matched the archive name.,variant_target,Raw/piece state only; reuse amber material. Reuses existing crafts owner crafts-tools-processes/materials_registry/materials.csv#mt_amber.,A: category-level evidence (category_form_material_process_or_context).,safe_with_context,low,,,candidate
data/normalized_source_tables/material_entities/material_entities.csv:OMI01237,Малый прозрачный кусочек янтаря,variant,include,crafts-tools-processes/materials_registry/materials.csv#mt_amber,sourced,category-level evidence (category_form_material_process_or_context): data/normalized_source_tables/material_entities/material_entities.csv#OMI01237,A,1180–1260,Великий Новгород и Новгородская земля; центр модели — около 1230 года,include_d39,passed,No denylist stem matched the archive name.,variant_target,Transparency and small size are amber stock properties. Reuses existing crafts owner crafts-tools-processes/materials_registry/materials.csv#mt_amber.,A: category-level evidence (category_form_material_process_or_context). Transparency and small size are amber stock properties.,safe_with_context,low,,,candidate
data/normalized_source_tables/material_entities/material_entities.csv:OMI01238,Непрозрачный жёлтый кусочек янтаря,variant,include,crafts-tools-processes/materials_registry/materials.csv#mt_amber,sourced,category-level evidence (category_form_material_process_or_context): data/normalized_source_tables/material_entities/material_entities.csv#OMI01238,A,1180–1260,Великий Новгород и Новгородская земля; центр модели — около 1230 года,include_d39,passed,No denylist stem matched the archive name.,variant_target,Opacity and yellow color are amber stock properties. Reuses existing crafts owner crafts-tools-processes/materials_registry/materials.csv#mt_amber.,A: category-level evidence (category_form_material_process_or_context). Opacity and yellow color are amber stock properties.,safe_with_context,low,,,candidate
data/normalized_source_tables/material_entities/material_entities.csv:OMI01239,Тёмный выветрелый кусок янтаря,variant,include,crafts-tools-processes/materials_registry/materials.csv#mt_amber,sourced,category-level evidence (category_form_material_process_or_context): data/normalized_source_tables/material_entities/material_entities.csv#OMI01239,A,1180–1260,Великий Новгород и Новгородская земля; центр модели — около 1230 года,include_d39,passed,No denylist stem matched the archive name.,variant_target,Weathering and dark color are amber material conditions. Reuses existing crafts owner crafts-tools-processes/materials_registry/materials.csv#mt_amber.,A: category-level evidence (category_form_material_process_or_context). Weathering and dark color are amber material conditions.,safe_with_context,low,,,candidate
data/normalized_source_tables/material_entities/material_entities.csv:OMI01240,Янтарный кусочек с естественной коркой,variant,include,crafts-tools-processes/materials_registry/materials.csv#mt_amber,sourced,category-level evidence (category_form_material_process_or_context): data/normalized_source_tables/material_entities/material_entities.csv#OMI01240,A,1180–1260,Великий Новгород и Новгородская земля; центр модели — около 1230 года,include_d39,passed,No denylist stem matched the archive name.,variant_target,"Natural crust is a state of amber stock, not a separate material identity. Reuses existing crafts owner crafts-tools-processes/materials_registry/materials.csv#mt_amber.","A: category-level evidence (category_form_material_process_or_context). Natural crust is a state of amber stock, not a separate material identity.",safe_with_context,low,,,candidate
data/normalized_source_tables/material_entities/material_entities.csv:OMI01241,Янтарная пластинка-заготовка,new,include,,sourced,category-level evidence (category_form_material_process_or_context): data/normalized_source_tables/material_entities/material_entities.csv#OMI01241,A,1180–1260,Великий Новгород и Новгородская земля; центр модели — около 1230 года,include_d39,passed,No denylist stem matched the archive name.,unique,"Amber plate blank is a stable shaped stage for ornament production, distinct from raw amber stock.","A: category-level evidence (category_form_material_process_or_context). Amber plate blank is a stable shaped stage for ornament production, distinct from raw amber stock.",safe_with_context,low,crafts-tools-processes,crafts-tools-processes/materials_registry/material_entities.csv#n1230:material_item:omi01241,candidate
data/normalized_source_tables/material_entities/material_entities.csv:OMI01242,Янтарный кружок-заготовка,new,include,,sourced,category-level evidence (category_form_material_process_or_context): data/normalized_source_tables/material_entities/material_entities.csv#OMI01242,A,1180–1260,Великий Новгород и Новгородская земля; центр модели — около 1230 года,include_d39,passed,No denylist stem matched the archive name.,unique,Amber disc blank is a stable shaped stage for ornament production.,A: category-level evidence (category_form_material_process_or_context). Amber disc blank is a stable shaped stage for ornament production.,safe_with_context,low,crafts-tools-processes,crafts-tools-processes/materials_registry/material_entities.csv#n1230:material_item:omi01242,candidate
data/normalized_source_tables/material_entities/material_entities.csv:OMI01243,Янтарная бусина без отверстия,new,include,,sourced,category-level evidence (category_form_material_process_or_context): data/normalized_source_tables/material_entities/material_entities.csv#OMI01243,A,1180–1260,Великий Новгород и Новгородская земля; центр модели — около 1230 года,include_d39,passed,No denylist stem matched the archive name.,unique,Undrilled amber bead is canonical bead blank; retain bead identity for process states.,A: category-level evidence (category_form_material_process_or_context). Undrilled amber bead is canonical bead blank; retain bead identity for process states.,safe_with_context,low,crafts-tools-processes,crafts-tools-processes/materials_registry/material_entities.csv#n1230:material_item:omi01243,candidate
data/normalized_source_tables/material_entities/material_entities.csv:OMI01244,Янтарная бусина с начатым отверстием,variant,include,crafts-tools-processes/materials_registry/material_entities.csv#n1230:material_item:omi01243,sourced,category-level evidence (category_form_material_process_or_context): data/normalized_source_tables/material_entities/material_entities.csv#OMI01244,A,1180–1260,Великий Новгород и Новгородская земля; центр модели — около 1230 года,include_d39,passed,No denylist stem matched the archive name.,variant_target,Started hole is a production state of the same amber bead blank. Reuses existing crafts owner crafts-tools-processes/materials_registry/material_entities.csv#n1230:material_item:omi01243.,A: category-level evidence (category_form_material_process_or_context). Started hole is a production state of the same amber bead blank.,safe_with_context,low,,,candidate
data/normalized_source_tables/material_entities/material_entities.csv:OMI01246,Янтарная подвеска-заготовка,new,include,,sourced,category-level evidence (category_form_material_process_or_context): data/normalized_source_tables/material_entities/material_entities.csv#OMI01246,A,1180–1260,Великий Новгород и Новгородская земля; центр модели — около 1230 года,include_d39,passed,No denylist stem matched the archive name.,unique,"Amber pendant blank is unfinished craft stock, not a finished wearable ornament.","A: category-level evidence (category_form_material_process_or_context). Amber pendant blank is unfinished craft stock, not a finished wearable ornament.",safe_with_context,low,crafts-tools-processes,crafts-tools-processes/materials_registry/material_entities.csv#n1230:material_item:omi01246,candidate
data/normalized_source_tables/material_entities/material_entities.csv:OMI01247,Янтарная вставка для оправы,new,include,,sourced,category-level evidence (category_form_material_process_or_context): data/normalized_source_tables/material_entities/material_entities.csv#OMI01247,A,1180–1260,Великий Новгород и Новгородская земля; центр модели — около 1230 года,include_d39,passed,No denylist stem matched the archive name.,unique,Amber inlay is a distinct crafted component for a parent object.,A: category-level evidence (category_form_material_process_or_context). Amber inlay is a distinct crafted component for a parent object.,safe_with_context,low,crafts-tools-processes,crafts-tools-processes/materials_registry/material_entities.csv#n1230:material_item:omi01247,candidate
data/normalized_source_tables/material_entities/material_entities.csv:OMI01248,Половина расколотой янтарной бусины,variant,include,crafts-tools-processes/materials_registry/material_entities.csv#n1230:material_item:omi01243,sourced,category-level evidence (category_form_material_process_or_context): data/normalized_source_tables/material_entities/material_entities.csv#OMI01248,A,1180–1260,Великий Новгород и Новгородская земля; центр модели — около 1230 года,include_d39,passed,No denylist stem matched the archive name.,variant_target,"Broken half-bead is a damaged amber bead state; target must be amber bead, not amber inlay. Reuses existing crafts owner crafts-tools-processes/materials_registry/material_entities.csv#n1230:material_item:omi01243.","A: category-level evidence (category_form_material_process_or_context). Broken half-bead is a damaged amber bead state; target must be amber bead, not amber inlay.",safe_with_context,low,,,candidate
data/normalized_source_tables/material_entities/material_entities.csv:OMI01249,Обломок полированной янтарной вещи,new,include,,sourced,category-level evidence (category_form_material_process_or_context): data/normalized_source_tables/material_entities/material_entities.csv#OMI01249,A,1180–1260,Великий Новгород и Новгородская земля; центр модели — около 1230 года,include_d39,passed,No denylist stem matched the archive name.,unique,Polished amber-object fragment is salvage with distinct recoverable-material role.,A: category-level evidence (category_form_material_process_or_context). Polished amber-object fragment is salvage with distinct recoverable-material role.,safe_with_context,low,crafts-tools-processes,crafts-tools-processes/materials_registry/material_entities.csv#n1230:material_item:omi01249,candidate
data/normalized_source_tables/material_entities/material_entities.csv:OMI01250,Янтарная стружка крупная,new,include,,sourced,category-level evidence (category_form_material_process_or_context): data/normalized_source_tables/material_entities/material_entities.csv#OMI01250,A,1180–1260,Великий Новгород и Новгородская земля; центр модели — около 1230 года,include_d39,passed,No denylist stem matched the archive name.,unique,Coarse amber shavings are a distinct recoverable workshop-waste form.,A: category-level evidence (category_form_material_process_or_context). Coarse amber shavings are a distinct recoverable workshop-waste form.,safe_with_context,low,crafts-tools-processes,crafts-tools-processes/materials_registry/material_entities.csv#n1230:material_item:omi01250,candidate
data/normalized_source_tables/material_entities/material_entities.csv:OMI01251,Янтарные опилки,new,include,,sourced,category-level evidence (category_form_material_process_or_context): data/normalized_source_tables/material_entities/material_entities.csv#OMI01251,A,1180–1260,Великий Новгород и Новгородская земля; центр модели — около 1230 года,include_d39,passed,No denylist stem matched the archive name.,unique,"Amber sawdust is a distinct fine workshop residue, not a bead or raw-stock state.","A: category-level evidence (category_form_material_process_or_context). Amber sawdust is a distinct fine workshop residue, not a bead or raw-stock state.",safe_with_context,low,crafts-tools-processes,crafts-tools-processes/materials_registry/material_entities.csv#n1230:material_item:omi01251,candidate
data/normalized_source_tables/material_entities/material_entities.csv:OMI01252,Янтарная пыль после полировки,new,include,,sourced,category-level evidence (category_form_material_process_or_context): data/normalized_source_tables/material_entities/material_entities.csv#OMI01252,A,1180–1260,Великий Новгород и Новгородская земля; центр модели — около 1230 года,include_d39,passed,No denylist stem matched the archive name.,unique,Polishing dust is a localized residue with a distinct process origin.,A: category-level evidence (category_form_material_process_or_context). Polishing dust is a localized residue with a distinct process origin.,safe_with_context,low,crafts-tools-processes,crafts-tools-processes/materials_registry/material_entities.csv#n1230:material_item:omi01252,candidate
data/normalized_source_tables/material_entities/material_entities.csv:OMI01253,Янтарный сверлильный керн,new,include,,sourced,category-level evidence (category_form_material_process_or_context): data/normalized_source_tables/material_entities/material_entities.csv#OMI01253,A,1180–1260,Великий Новгород и Новгородская земля; центр модели — около 1230 года,include_d39,passed,No denylist stem matched the archive name.,unique,Amber drill core is a distinct process waste fragment.,A: category-level evidence (category_form_material_process_or_context). Amber drill core is a distinct process waste fragment.,safe_with_context,low,crafts-tools-processes,crafts-tools-processes/materials_registry/material_entities.csv#n1230:material_item:omi01253,candidate
data/normalized_source_tables/material_entities/material_entities.csv:OMI01254,Янтарная заготовка с трещиной,variant,include,crafts-tools-processes/materials_registry/materials.csv#mt_amber,sourced,category-level evidence (category_form_material_process_or_context): data/normalized_source_tables/material_entities/material_entities.csv#OMI01254,A,1180–1260,Великий Новгород и Новгородская земля; центр модели — около 1230 года,include_d39,passed,No denylist stem matched the archive name.,variant_target,Cracked amber blank remains amber stock with damage state; no new amber material type. Reuses existing crafts owner crafts-tools-processes/materials_registry/materials.csv#mt_amber.,A: category-level evidence (category_form_material_process_or_context). Cracked amber blank remains amber stock with damage state; no new amber material type.,safe_with_context,low,,,candidate
data/normalized_source_tables/material_entities/material_entities.csv:OMI01255,Янтарная заготовка с ошибочным отверстием,variant,include,crafts-tools-processes/materials_registry/materials.csv#mt_amber,sourced,category-level evidence (category_form_material_process_or_context): data/normalized_source_tables/material_entities/material_entities.csv#OMI01255,A,1180–1260,Великий Новгород и Новгородская земля; центр модели — около 1230 года,include_d39,passed,No denylist stem matched the archive name.,variant_target,Misdrilled amber blank remains amber stock with failed-hole state. Reuses existing crafts owner crafts-tools-processes/materials_registry/materials.csv#mt_amber.,A: category-level evidence (category_form_material_process_or_context). Misdrilled amber blank remains amber stock with failed-hole state.,safe_with_context,low,,,candidate
data/normalized_source_tables/material_entities/material_entities.csv:OMI01256,Кучка мелких янтарных обрезков,variant,include,crafts-tools-processes/materials_registry/materials.csv#mt_amber,sourced,category-level evidence (category_form_material_process_or_context): data/normalized_source_tables/material_entities/material_entities.csv#OMI01256,A,1180–1260,Великий Новгород и Новгородская земля; центр модели — около 1230 года,include_d39,passed,No denylist stem matched the archive name.,variant_target,Heap describes quantity/accumulation of amber offcuts; use amber material plus amount property. Reuses existing crafts owner crafts-tools-processes/materials_registry/materials.csv#mt_amber.,A: category-level evidence (category_form_material_process_or_context). Heap describes quantity/accumulation of amber offcuts; use amber material plus amount property.,safe_with_context,low,,,candidate
data/normalized_source_tables/material_entities/material_entities.csv:OMI01257,Янтарная крошка в рабочей пыли,new,include,,sourced,category-level evidence (category_form_material_process_or_context): data/normalized_source_tables/material_entities/material_entities.csv#OMI01257,A,1180–1260,Великий Новгород и Новгородская земля; центр модели — около 1230 года,include_d39,passed,No denylist stem matched the archive name.,unique,Amber-bearing workshop dust is a persistent mixed process deposit with its own identity.,A: category-level evidence (category_form_material_process_or_context). Amber-bearing workshop dust is a persistent mixed process deposit with its own identity.,safe_with_context,low,crafts-tools-processes,crafts-tools-processes/materials_registry/material_entities.csv#n1230:material_item:omi01257,candidate
data/normalized_source_tables/material_entities/material_entities.csv:OMI01279,Ржаная солома после обмолота,variant,include,crafts-tools-processes/materials_registry/materials.csv#mt_straw,sourced,category-level evidence (category_form_material_process_or_context): data/normalized_source_tables/material_entities/material_entities.csv#OMI01279,A,1180–1260,Великий Новгород и Новгородская земля; центр модели — около 1230 года,add_variant,passed,No denylist stem matched the archive name.,variant_target,Reuses existing crafts owner crafts-tools-processes/materials_registry/materials.csv#mt_straw.,A: category-level evidence (category_form_material_process_or_context).,safe_with_context,low,,,candidate
data/normalized_source_tables/material_entities/material_entities.csv:OMI01280,Овсяная солома после обмолота,variant,include,crafts-tools-processes/materials_registry/materials.csv#mt_straw,sourced,category-level evidence (category_form_material_process_or_context): data/normalized_source_tables/material_entities/material_entities.csv#OMI01280,A,1180–1260,Великий Новгород и Новгородская земля; центр модели — около 1230 года,add_variant,passed,No denylist stem matched the archive name.,variant_target,Reuses existing crafts owner crafts-tools-processes/materials_registry/materials.csv#mt_straw.,A: category-level evidence (category_form_material_process_or_context).,safe_with_context,low,,,candidate
data/normalized_source_tables/material_entities/material_entities.csv:OMI01281,Ячменная солома после обмолота,variant,include,crafts-tools-processes/materials_registry/materials.csv#mt_straw,sourced,category-level evidence (category_form_material_process_or_context): data/normalized_source_tables/material_entities/material_entities.csv#OMI01281,A,1180–1260,Великий Новгород и Новгородская земля; центр модели — около 1230 года,add_variant,passed,No denylist stem matched the archive name.,variant_target,Reuses existing crafts owner crafts-tools-processes/materials_registry/materials.csv#mt_straw.,A: category-level evidence (category_form_material_process_or_context).,safe_with_context,low,,,candidate
data/normalized_source_tables/material_entities/material_entities.csv:OMI01282,Пшеничная солома после обмолота,variant,include,crafts-tools-processes/materials_registry/materials.csv#mt_straw,sourced,category-level evidence (category_form_material_process_or_context): data/normalized_source_tables/material_entities/material_entities.csv#OMI01282,A,1180–1260,Великий Новгород и Новгородская земля; центр модели — около 1230 года,add_variant,passed,No denylist stem matched the archive name.,variant_target,Reuses existing crafts owner crafts-tools-processes/materials_registry/materials.csv#mt_straw.,A: category-level evidence (category_form_material_process_or_context).,safe_with_context,low,,,candidate
data/normalized_source_tables/material_entities/material_entities.csv:OMI01369,Прогорклый животный жир,variant,include,crafts-tools-processes/materials_registry/materials.csv#mt_tallow,logical_necessity,data/normalized_source_tables/material_entities/material_entities.csv#OMI01369,B,1180–1260,Великий Новгород и Новгородская земля; центр модели — около 1230 года,add_variant,passed,No denylist stem matched the archive name.,variant_target,Reuses existing crafts owner crafts-tools-processes/materials_registry/materials.csv#mt_tallow.,"B: reconstruction/category/context evidence; basis logical_necessity, not direct item attestation.",safe_with_explicit_context,medium,,,candidate
data/normalized_source_tables/material_entities/material_entities.csv:OMI01490,Очищенный восковой брусок,variant,include,crafts-tools-processes/materials_registry/materials.csv#mt_beeswax,sourced,category-level evidence (category_form_material_process_or_context): data/normalized_source_tables/material_entities/material_entities.csv#OMI01490,A,1180–1260,Великий Новгород и Новгородская земля; центр модели — около 1230 года,include_d39,passed,No denylist stem matched the archive name.,variant_target,"Refined wax block is a form/state of beeswax, not a separate wax material. Reuses existing crafts owner crafts-tools-processes/materials_registry/materials.csv#mt_beeswax.","A: category-level evidence (category_form_material_process_or_context). Refined wax block is a form/state of beeswax, not a separate wax material.",safe_with_context,low,,,candidate
data/normalized_source_tables/material_entities/material_entities.csv:OMI01491,Тонкая восковая лепёшка,variant,include,crafts-tools-processes/materials_registry/materials.csv#mt_beeswax,logical_necessity,data/normalized_source_tables/material_entities/material_entities.csv#OMI01491,B,1180–1260,Великий Новгород и Новгородская земля; центр модели — около 1230 года,include_d39,passed,No denylist stem matched the archive name.,variant_target,Thin wax cake is a size/form state of beeswax. Reuses existing crafts owner crafts-tools-processes/materials_registry/materials.csv#mt_beeswax.,"B: reconstruction/category/context evidence; basis logical_necessity, not direct item attestation. Thin wax cake is a size/form state of beeswax.",safe_with_explicit_context,medium,,,candidate
data/normalized_source_tables/material_entities/material_entities.csv:OMI01492,Мелкие восковые кусочки,variant,include,crafts-tools-processes/materials_registry/materials.csv#mt_beeswax,sourced,category-level evidence (category_form_material_process_or_context): data/normalized_source_tables/material_entities/material_entities.csv#OMI01492,A,1180–1260,Великий Новгород и Новгородская земля; центр модели — около 1230 года,include_d39,passed,No denylist stem matched the archive name.,variant_target,Small wax pieces are quantity/size variation of beeswax stock. Reuses existing crafts owner crafts-tools-processes/materials_registry/materials.csv#mt_beeswax.,A: category-level evidence (category_form_material_process_or_context). Small wax pieces are quantity/size variation of beeswax stock.,safe_with_context,low,,,candidate
data/normalized_source_tables/material_entities/material_entities.csv:OMI01493,Восковая стружка,variant,include,crafts-tools-processes/materials_registry/materials.csv#mt_beeswax,logical_necessity,data/normalized_source_tables/material_entities/material_entities.csv#OMI01493,B,1180–1260,Великий Новгород и Новгородская земля; центр модели — около 1230 года,include_d39,passed,No denylist stem matched the archive name.,variant_target,Wax shavings are a processing/form variant of beeswax material. Reuses existing crafts owner crafts-tools-processes/materials_registry/materials.csv#mt_beeswax.,"B: reconstruction/category/context evidence; basis logical_necessity, not direct item attestation. Wax shavings are a processing/form variant of beeswax material.",safe_with_explicit_context,medium,,,candidate
data/normalized_source_tables/material_entities/material_entities.csv:OMI01494,Капля застывшего воска,variant,include,crafts-tools-processes/materials_registry/materials.csv#mt_beeswax,sourced,category-level evidence (category_form_material_process_or_context): data/normalized_source_tables/material_entities/material_entities.csv#OMI01494,A,1180–1260,Великий Новгород и Новгородская земля; центр модели — около 1230 года,include_d39,passed,No denylist stem matched the archive name.,variant_target,Hardened wax drop is a material residue state; retain beeswax identity. Reuses existing crafts owner crafts-tools-processes/materials_registry/materials.csv#mt_beeswax.,A: category-level evidence (category_form_material_process_or_context). Hardened wax drop is a material residue state; retain beeswax identity.,safe_with_context,low,,,candidate
data/normalized_source_tables/material_entities/material_entities.csv:OMI01495,Восковой натёк на дереве,variant,include,crafts-tools-processes/materials_registry/materials.csv#mt_beeswax,sourced,category-level evidence (category_form_material_process_or_context): data/normalized_source_tables/material_entities/material_entities.csv#OMI01495,A,1180–1260,Великий Новгород и Новгородская земля; центр модели — около 1230 года,include_d39,passed,No denylist stem matched the archive name.,variant_target,"Wax run on wood is a surface state of beeswax, not a standalone item type. Reuses existing crafts owner crafts-tools-processes/materials_registry/materials.csv#mt_beeswax.","A: category-level evidence (category_form_material_process_or_context). Wax run on wood is a surface state of beeswax, not a standalone item type.",safe_with_context,low,,,candidate
data/normalized_source_tables/material_entities/material_entities.csv:OMI01496,Восковой натёк на керамике,variant,include,crafts-tools-processes/materials_registry/materials.csv#mt_beeswax,sourced,category-level evidence (category_form_material_process_or_context): data/normalized_source_tables/material_entities/material_entities.csv#OMI01496,A,1180–1260,Великий Новгород и Новгородская земля; центр модели — около 1230 года,include_d39,passed,No denylist stem matched the archive name.,variant_target,"Wax run on ceramic is a surface state of beeswax, not a standalone item type. Reuses existing crafts owner crafts-tools-processes/materials_registry/materials.csv#mt_beeswax.","A: category-level evidence (category_form_material_process_or_context). Wax run on ceramic is a surface state of beeswax, not a standalone item type.",safe_with_context,low,,,candidate
data/normalized_source_tables/material_entities/material_entities.csv:OMI01498,Сгоревший фитиль в воске,variant,include,crafts-tools-processes/materials_registry/material_entities.csv#n1230:material_item:omi01499,sourced,category-level evidence (category_form_material_process_or_context): data/normalized_source_tables/material_entities/material_entities.csv#OMI01498,A,1180–1260,Великий Новгород и Новгородская земля; центр модели — около 1230 года,include_d39,passed,No denylist stem matched the archive name.,variant_target,Burnt wick in wax is consumed/damaged state of candle wick stock. Reuses existing crafts owner crafts-tools-processes/materials_registry/material_entities.csv#n1230:material_item:omi01499.,A: category-level evidence (category_form_material_process_or_context). Burnt wick in wax is consumed/damaged state of candle wick stock.,safe_with_context,low,,,candidate
data/normalized_source_tables/material_entities/material_entities.csv:OMI01499,Сырой фитиль для свечи,new,include,,logical_necessity,data/normalized_source_tables/material_entities/material_entities.csv#OMI01499,B,1180–1260,Великий Новгород и Новгородская земля; центр модели — около 1230 года,include_d39,passed,No denylist stem matched the archive name.,unique,Unwaxed candle wick is stable fiber component stock; preserve separate wick identity from beeswax.,"B: reconstruction/category/context evidence; basis logical_necessity, not direct item attestation. Unwaxed candle wick is stable fiber component stock; preserve separate wick identity from beeswax.",safe_with_explicit_context,medium,crafts-tools-processes,crafts-tools-processes/materials_registry/material_entities.csv#n1230:material_item:omi01499,candidate
data/normalized_source_tables/material_entities/material_entities.csv:OMI01500,Вощёный фитиль,variant,include,crafts-tools-processes/materials_registry/material_entities.csv#n1230:material_item:omi01499,logical_necessity,data/normalized_source_tables/material_entities/material_entities.csv#OMI01500,B,1180–1260,Великий Новгород и Новгородская земля; центр модели — около 1230 года,include_d39,passed,No denylist stem matched the archive name.,variant_target,Waxed wick is a prepared state of the same candle wick component. Reuses existing crafts owner crafts-tools-processes/materials_registry/material_entities.csv#n1230:material_item:omi01499.,"B: reconstruction/category/context evidence; basis logical_necessity, not direct item attestation. Waxed wick is a prepared state of the same candle wick component.",safe_with_explicit_context,medium,,,candidate
data/normalized_source_tables/material_entities/material_entities.csv:OMI01501,Воск с примесью золы и грязи,variant,include,crafts-tools-processes/materials_registry/materials.csv#mt_beeswax,logical_necessity,data/normalized_source_tables/material_entities/material_entities.csv#OMI01501,B,1180–1260,Великий Новгород и Новгородская земля; центр модели — около 1230 года,include_d39,passed,No denylist stem matched the archive name.,variant_target,Dirty/ash-contaminated wax is a condition of beeswax stock. Reuses existing crafts owner crafts-tools-processes/materials_registry/materials.csv#mt_beeswax.,"B: reconstruction/category/context evidence; basis logical_necessity, not direct item attestation. Dirty/ash-contaminated wax is a condition of beeswax stock.",safe_with_explicit_context,medium,,,candidate
data/normalized_source_tables/material_entities/material_entities.csv:OMI01502,Прополисоподобная смолистая масса — осторожно,new,include,,analogy,data/normalized_source_tables/material_entities/material_entities.csv#OMI01502,C,1180–1260,Великий Новгород и Новгородская земля; центр модели — около 1230 года,include_d39,passed,No denylist stem matched the archive name.,unique,Reviewed semantic roots [масс осторожн прополисоподобн смолист] and family_key [propolis_like_resin]; no object identity collapsed after ignoring state/size/container/use modifiers.,Confidence C: analogue/hypothesis; basis analogy.,explicit_context_only,high,,,candidate
data/normalized_source_tables/material_entities/material_entities.csv:OMI01503,Мёртвые пчёлы и восковая крошка,new,include,,logical_necessity,data/normalized_source_tables/material_entities/material_entities.csv#OMI01503,B,1180–1260,Великий Новгород и Новгородская земля; центр модели — около 1230 года,include_d39,passed,No denylist stem matched the archive name.,unique,Reviewed semantic roots [восков крошк мертв пчел] and family_key [hive_debris]; no object identity collapsed after ignoring state/size/container/use modifiers.,"B: reconstruction/category/context evidence; basis logical_necessity, not direct item attestation.",safe_with_explicit_context,medium,,,candidate
data/normalized_source_tables/material_entities/material_entities.csv:OMI01666,Сажа для чернил,variant,include,crafts-tools-processes/materials_registry/materials.csv#mt_carbon_black,logical_necessity,data/normalized_source_tables/material_entities/material_entities.csv#OMI01666,B,1180–1260,Великий Новгород и Новгородская земля; центр модели — около 1230 года,include_d39,passed,No denylist stem matched the archive name.,variant_target,Soot used for ink is carbon-black material; intended use is a property. Reuses existing crafts owner crafts-tools-processes/materials_registry/materials.csv#mt_carbon_black.,"B: reconstruction/category/context evidence; basis logical_necessity, not direct item attestation. Soot used for ink is carbon-black material; intended use is a property.",safe_with_explicit_context,medium,,,candidate
data/normalized_source_tables/material_entities/material_entities.csv:OMI01667,Тонкий угольный порошок для письма,variant,include,crafts-tools-processes/materials_registry/materials.csv#mt_charcoal,logical_necessity,data/normalized_source_tables/material_entities/material_entities.csv#OMI01667,B,1180–1260,Великий Новгород и Новгородская земля; центр модели — около 1230 года,include_d39,passed,No denylist stem matched the archive name.,variant_target,Writing-use charcoal powder is same charcoal material; use is property. Reuses existing crafts owner crafts-tools-processes/materials_registry/materials.csv#mt_charcoal.,"B: reconstruction/category/context evidence; basis logical_necessity, not direct item attestation. Writing-use charcoal powder is same charcoal material; use is property.",safe_with_explicit_context,medium,,,candidate
data/normalized_source_tables/material_entities/material_entities.csv:OMI01668,Дубовые галлы как чернильное сырьё — осторожно,variant,include,crafts-tools-processes/materials_registry/materials.csv#mt_ink,analogy,data/normalized_source_tables/material_entities/material_entities.csv#OMI01668,C,1180–1260,Великий Новгород и Новгородская земля; центр модели — около 1230 года,include_d39,passed,No denylist stem matched the archive name.,variant_target,Oak-gall ink raw material is ink-making form/context; no separate entity warranted. Reuses existing crafts owner crafts-tools-processes/materials_registry/materials.csv#mt_ink.,Confidence C: analogue/hypothesis; basis analogy. Oak-gall ink raw material is ink-making form/context; no separate entity warranted.,explicit_context_only,high,,,candidate
data/normalized_source_tables/material_entities/material_entities.csv:OMI01669,Толчёные дубовые галлы — осторожно,variant,include,crafts-tools-processes/materials_registry/materials.csv#mt_ink,analogy,data/normalized_source_tables/material_entities/material_entities.csv#OMI01669,C,1180–1260,Великий Новгород и Новгородская земля; центр модели — около 1230 года,include_d39,passed,No denylist stem matched the archive name.,variant_target,Crushed oak-gall ink raw material is process/form variant. Reuses existing crafts owner crafts-tools-processes/materials_registry/materials.csv#mt_ink.,Confidence C: analogue/hypothesis; basis analogy. Crushed oak-gall ink raw material is process/form variant.,explicit_context_only,high,,,candidate
data/normalized_source_tables/material_entities/material_entities.csv:OMI01670,Железистый компонент чернил — без точной химической атрибуции,variant,include,crafts-tools-processes/materials_registry/materials.csv#mt_ink,analogy,data/normalized_source_tables/material_entities/material_entities.csv#OMI01670,C,1180–1260,Великий Новгород и Новгородская земля; центр модели — около 1230 года,include_d39,passed,No denylist stem matched the archive name.,variant_target,Unspecified iron component belongs to ink recipe context; no exact chemistry claim. Reuses existing crafts owner crafts-tools-processes/materials_registry/materials.csv#mt_ink.,Confidence C: analogue/hypothesis; basis analogy. Unspecified iron component belongs to ink recipe context; no exact chemistry claim.,explicit_context_only,high,,,candidate
data/normalized_source_tables/material_entities/material_entities.csv:OMI01671,Органическое связующее для чернил — без точного рецепта,variant,include,crafts-tools-processes/materials_registry/materials.csv#mt_ink,analogy,data/normalized_source_tables/material_entities/material_entities.csv#OMI01671,C,1180–1260,Великий Новгород и Новгородская земля; центр модели — около 1230 года,include_d39,passed,No denylist stem matched the archive name.,variant_target,Generic organic binder belongs to ink recipe context; no separate item identity. Reuses existing crafts owner crafts-tools-processes/materials_registry/materials.csv#mt_ink.,Confidence C: analogue/hypothesis; basis analogy. Generic organic binder belongs to ink recipe context; no separate item identity.,explicit_context_only,high,,,candidate
data/normalized_source_tables/material_entities/material_entities.csv:OMI01672,Густая чёрная чернильная масса,variant,include,crafts-tools-processes/materials_registry/materials.csv#mt_ink,logical_necessity,data/normalized_source_tables/material_entities/material_entities.csv#OMI01672,B,1180–1260,Великий Новгород и Новгородская земля; центр модели — около 1230 года,include_d39,passed,No denylist stem matched the archive name.,variant_target,Thick black ink is consistency/color variant of ink. Reuses existing crafts owner crafts-tools-processes/materials_registry/materials.csv#mt_ink.,"B: reconstruction/category/context evidence; basis logical_necessity, not direct item attestation. Thick black ink is consistency/color variant of ink.",safe_with_explicit_context,medium,,,candidate
data/normalized_source_tables/material_entities/material_entities.csv:OMI01673,Разбавленные чёрные чернила,variant,include,crafts-tools-processes/materials_registry/materials.csv#mt_ink,logical_necessity,data/normalized_source_tables/material_entities/material_entities.csv#OMI01673,B,1180–1260,Великий Новгород и Новгородская земля; центр модели — около 1230 года,include_d39,passed,No denylist stem matched the archive name.,variant_target,Diluted ink differs by consistency only. Reuses existing crafts owner crafts-tools-processes/materials_registry/materials.csv#mt_ink.,"B: reconstruction/category/context evidence; basis logical_necessity, not direct item attestation. Diluted ink differs by consistency only.",safe_with_explicit_context,medium,,,candidate
data/normalized_source_tables/material_entities/material_entities.csv:OMI01674,Засохший ком чернил,variant,include,crafts-tools-processes/materials_registry/materials.csv#mt_ink,logical_necessity,data/normalized_source_tables/material_entities/material_entities.csv#OMI01674,B,1180–1260,Великий Новгород и Новгородская земля; центр модели — около 1230 года,include_d39,passed,No denylist stem matched the archive name.,variant_target,Dried ink lump is condition/state variant; no independent waste identity established. Reuses existing crafts owner crafts-tools-processes/materials_registry/materials.csv#mt_ink.,"B: reconstruction/category/context evidence; basis logical_necessity, not direct item attestation. Dried ink lump is condition/state variant; no independent waste identity established.",safe_with_explicit_context,medium,,,candidate
data/normalized_source_tables/material_entities/material_entities.csv:OMI01675,Чернильный осадок,variant,include,crafts-tools-processes/materials_registry/materials.csv#mt_ink,logical_necessity,data/normalized_source_tables/material_entities/material_entities.csv#OMI01675,B,1180–1260,Великий Новгород и Новгородская земля; центр модели — около 1230 года,include_d39,passed,No denylist stem matched the archive name.,variant_target,Ink sediment is state/location residue without separate waste identity. Reuses existing crafts owner crafts-tools-processes/materials_registry/materials.csv#mt_ink.,"B: reconstruction/category/context evidence; basis logical_necessity, not direct item attestation. Ink sediment is state/location residue without separate waste identity.",safe_with_explicit_context,medium,,,candidate
data/normalized_source_tables/material_entities/material_entities.csv:OMI01676,Чернильная корка на краю сосуда,variant,include,crafts-tools-processes/materials_registry/materials.csv#mt_ink,logical_necessity,data/normalized_source_tables/material_entities/material_entities.csv#OMI01676,B,1180–1260,Великий Новгород и Новгородская земля; центр модели — около 1230 года,include_d39,passed,No denylist stem matched the archive name.,variant_target,Ink crust on vessel rim differs by location only. Reuses existing crafts owner crafts-tools-processes/materials_registry/materials.csv#mt_ink.,"B: reconstruction/category/context evidence; basis logical_necessity, not direct item attestation. Ink crust on vessel rim differs by location only.",safe_with_explicit_context,medium,,,candidate
data/normalized_source_tables/material_entities/material_entities.csv:OMI01677,Чернильное пятно на деревянной доске,variant,include,crafts-tools-processes/materials_registry/materials.csv#mt_ink,logical_necessity,data/normalized_source_tables/material_entities/material_entities.csv#OMI01677,B,1180–1260,Великий Новгород и Новгородская земля; центр модели — около 1230 года,include_d39,passed,No denylist stem matched the archive name.,variant_target,"Пятно лежит на wood доске, но его identity — iron-gall/сажевые чернила; дерево здесь substrate загрязнения, не материал чернильного пятна. Reuses existing crafts owner crafts-tools-processes/materials_registry/materials.csv#mt_ink.","B: reconstruction/category/context evidence; basis logical_necessity, not direct item attestation. Пятно лежит на wood доске, но его identity — iron-gall/сажевые чернила; дерево здесь substrate загрязнения, не материал чернильного пятна.",safe_with_explicit_context,medium,,,candidate
data/normalized_source_tables/material_entities/material_entities.csv:OMI01678,Чернильное пятно на ткани,variant,include,crafts-tools-processes/materials_registry/materials.csv#mt_ink,logical_necessity,data/normalized_source_tables/material_entities/material_entities.csv#OMI01678,B,1180–1260,Великий Новгород и Новгородская земля; центр модели — около 1230 года,include_d39,passed,No denylist stem matched the archive name.,variant_target,Ink stain on cloth differs by substrate/location only. Reuses existing crafts owner crafts-tools-processes/materials_registry/materials.csv#mt_ink.,"B: reconstruction/category/context evidence; basis logical_necessity, not direct item attestation. Ink stain on cloth differs by substrate/location only.",safe_with_explicit_context,medium,,,candidate
data/normalized_source_tables/material_entities/material_entities.csv:OMI01679,Чернильная клякса на пергаменте,variant,include,crafts-tools-processes/materials_registry/materials.csv#mt_ink,logical_necessity,data/normalized_source_tables/material_entities/material_entities.csv#OMI01679,B,1180–1260,Великий Новгород и Новгородская земля; центр модели — около 1230 года,include_d39,passed,No denylist stem matched the archive name.,variant_target,Ink blot on parchment differs by substrate/location only. Reuses existing crafts owner crafts-tools-processes/materials_registry/materials.csv#mt_ink.,"B: reconstruction/category/context evidence; basis logical_necessity, not direct item attestation. Ink blot on parchment differs by substrate/location only.",safe_with_explicit_context,medium,,,candidate
data/normalized_source_tables/material_entities/material_entities.csv:OMI01680,Перо с обрезанным очином,new,routed,,logical_necessity,data/normalized_source_tables/material_entities/material_entities.csv#OMI01680,B,1180–1260,Великий Новгород и Новгородская земля; центр модели — около 1230 года,include_d39,passed,No denylist stem matched the archive name.,unique,Cut quill shaft is a preparation state of the existing personal writing quill.,"B: reconstruction/category/context evidence; basis logical_necessity, not direct item attestation. Cut quill shaft is a preparation state of the existing personal writing quill.",safe_with_explicit_context,medium,items-household-personal,items-household-personal/items/personal.csv#it_ps_quill,routed
data/normalized_source_tables/material_entities/material_entities.csv:OMI01681,Заточенное письменное перо,new,routed,,logical_necessity,data/normalized_source_tables/material_entities/material_entities.csv#OMI01681,B,1180–1260,Великий Новгород и Новгородская земля; центр модели — около 1230 года,include_d39,passed,No denylist stem matched the archive name.,unique,Sharpened writing quill is the serviceable prepared form of the existing personal writing quill.,"B: reconstruction/category/context evidence; basis logical_necessity, not direct item attestation. Sharpened writing quill is the serviceable prepared form of the existing personal writing quill.",safe_with_explicit_context,medium,items-household-personal,items-household-personal/items/personal.csv#it_ps_quill,routed
data/normalized_source_tables/material_entities/material_entities.csv:OMI01682,Перо с расщеплённым рабочим концом,new,routed,,logical_necessity,data/normalized_source_tables/material_entities/material_entities.csv#OMI01682,B,1180–1260,Великий Новгород и Новгородская земля; центр модели — около 1230 года,include_d39,passed,No denylist stem matched the archive name.,unique,Split quill tip is a damage or use state of the existing personal writing quill.,"B: reconstruction/category/context evidence; basis logical_necessity, not direct item attestation. Split quill tip is a damage or use state of the existing personal writing quill.",safe_with_explicit_context,medium,items-household-personal,items-household-personal/items/personal.csv#it_ps_quill,routed
data/normalized_source_tables/material_entities/material_entities.csv:OMI01683,Обрезанный кончик пера,new,include,,logical_necessity,data/normalized_source_tables/material_entities/material_entities.csv#OMI01683,B,1180–1260,Великий Новгород и Новгородская земля; центр модели — около 1230 года,include_d39,passed,No denylist stem matched the archive name.,unique,Cut quill nib offcut is independent writing-workshop waste with distinct salvage/use identity.,"B: reconstruction/category/context evidence; basis logical_necessity, not direct item attestation. Cut quill nib offcut is independent writing-workshop waste with distinct salvage/use identity.",safe_with_explicit_context,medium,crafts-tools-processes,crafts-tools-processes/materials_registry/material_entities.csv#n1230:material_item:omi01683,candidate
data/normalized_source_tables/material_entities/material_entities.csv:OMI01684,Пучок отобранных перьев для письма,new,routed,,logical_necessity,data/normalized_source_tables/material_entities/material_entities.csv#OMI01684,B,1180–1260,Великий Новгород и Новгородская земля; центр модели — около 1230 года,include_d39,passed,No denylist stem matched the archive name.,unique,Bundle of selected writing feathers has no matching bundle entity in IHP; route by personal writing use and retain master identity fallback.,"B: reconstruction/category/context evidence; basis logical_necessity, not direct item attestation. Bundle of selected writing feathers has no matching bundle entity in IHP; route by personal writing use and retain master identity fallback.",safe_with_explicit_context,medium,items-household-personal,n1230:material_item:omi01684,routed
data/normalized_source_tables/material_entities/material_entities.csv:OMI01685,"Перо, испачканное чернилами",new,routed,,logical_necessity,data/normalized_source_tables/material_entities/material_entities.csv#OMI01685,B,1180–1260,Великий Новгород и Новгородская земля; центр модели — около 1230 года,include_d39,passed,No denylist stem matched the archive name.,unique,Ink-stained quill is a use state of the existing personal writing quill.,"B: reconstruction/category/context evidence; basis logical_necessity, not direct item attestation. Ink-stained quill is a use state of the existing personal writing quill.",safe_with_explicit_context,medium,items-household-personal,items-household-personal/items/personal.csv#it_ps_quill,routed
data/normalized_source_tables/material_entities/material_entities.csv:OMI01686,Тряпица для вытирания пера,new,routed,,logical_necessity,data/normalized_source_tables/material_entities/material_entities.csv#OMI01686,B,1180–1260,Великий Новгород и Новгородская земля; центр модели — около 1230 года,include_d39,passed,No denylist stem matched the archive name.,unique,Quill-wiping cloth is a use-specific condition of the existing household cleaning rag.,"B: reconstruction/category/context evidence; basis logical_necessity, not direct item attestation. Quill-wiping cloth is a use-specific condition of the existing household cleaning rag.",safe_with_explicit_context,medium,items-household-personal,items-household-personal/items/household.csv#it_hh_rag,routed
data/normalized_source_tables/material_entities/material_entities.csv:OMI01687,Песок для присыпки свежей записи — осторожно,variant,include,crafts-tools-processes/materials_registry/materials.csv#mt_quartz_sand,analogy,data/normalized_source_tables/material_entities/material_entities.csv#OMI01687,C,1180–1260,Великий Новгород и Новгородская земля; центр модели — около 1230 года,include_d39,passed,No denylist stem matched the archive name.,variant_target,"Мелкий песок для присыпки свежих чернил — обычный quartz-sand stock в drying use/preparation state, не отдельная материальная сущность. Reuses existing crafts owner crafts-tools-processes/materials_registry/materials.csv#mt_quartz_sand.","Confidence C: analogue/hypothesis; basis analogy. Мелкий песок для присыпки свежих чернил — обычный quartz-sand stock в drying use/preparation state, не отдельная материальная сущность.",explicit_context_only,high,,,candidate
data/normalized_source_tables/material_entities/material_entities.csv:OMI01688,Малый мешочек писчего песка — осторожно,new,routed,,analogy,data/normalized_source_tables/material_entities/material_entities.csv#OMI01688,C,1180–1260,Великий Новгород и Новгородская земля; центр модели — около 1230 года,include_d39,passed,No denylist stem matched the archive name.,unique,Small pouch containing writing sand is a contents variant of the existing personal small bag.,Confidence C: analogue/hypothesis; basis analogy. Small pouch containing writing sand is a contents variant of the existing personal small bag.,explicit_context_only,high,items-household-personal,items-household-personal/items/personal.csv#it_ps_small_bag,routed
data/normalized_source_tables/material_entities/material_entities.csv:OMI01689,Деревянная пробка чернильницы,new,routed,,logical_necessity,data/normalized_source_tables/material_entities/material_entities.csv#OMI01689,B,1180–1260,Великий Новгород и Новгородская земля; центр модели — около 1230 года,include_d39,passed,No denylist stem matched the archive name.,unique,Inkpot wooden stopper is a household/personal writing accessory without a matching IHP entity; route with master identity fallback.,"B: reconstruction/category/context evidence; basis logical_necessity, not direct item attestation. Inkpot wooden stopper is a household/personal writing accessory without a matching IHP entity; route with master identity fallback.",safe_with_explicit_context,medium,items-household-personal,n1230:material_item:omi01689,routed
data/normalized_source_tables/material_entities/material_entities.csv:OMI01690,Тканевая прокладка горлышка чернильницы,new,routed,,logical_necessity,data/normalized_source_tables/material_entities/material_entities.csv#OMI01690,B,1180–1260,Великий Новгород и Новгородская земля; центр модели — около 1230 года,include_d39,passed,No denylist stem matched the archive name.,unique,Cloth inkwell-neck plug is a household/personal writing accessory without a matching IHP entity; route with master identity fallback.,"B: reconstruction/category/context evidence; basis logical_necessity, not direct item attestation. Cloth inkwell-neck plug is a household/personal writing accessory without a matching IHP entity; route with master identity fallback.",safe_with_explicit_context,medium,items-household-personal,n1230:material_item:omi01690,routed
data/normalized_source_tables/material_entities/material_entities.csv:OMI01694,Отдельный колпачок или чехол острия — осторожно,new,include,,analogy,data/normalized_source_tables/material_entities/material_entities.csv#OMI01694,C,1180–1260,Великий Новгород и Новгородская земля; центр модели — около 1230 года,include_d39,passed,No denylist stem matched the archive name.,unique,Reviewed semantic roots [колпачок осторожн остри отдельн чехол] and family_key [stylus_point_cover]; no object identity collapsed after ignoring state/size/container/use modifiers.,Confidence C: analogue/hypothesis; basis analogy.,explicit_context_only,high,,,candidate
data/normalized_source_tables/material_entities/material_entities.csv:OMI01729,Левкасная грунтовочная масса — осторожно,variant,include,crafts-tools-processes/materials_registry/materials.csv#mt_gesso,analogy,data/normalized_source_tables/material_entities/material_entities.csv#OMI01729,C,1180–1260,Великий Новгород и Новгородская земля; центр модели — около 1230 года,include_d39,passed,No denylist stem matched the archive name.,variant_target,Icon gesso is gesso material; exact recipe remains explicit-context C. Reuses existing crafts owner crafts-tools-processes/materials_registry/materials.csv#mt_gesso.,Confidence C: analogue/hypothesis; basis analogy. Icon gesso is gesso material; exact recipe remains explicit-context C.,explicit_context_only,high,,,candidate
data/normalized_source_tables/material_entities/material_entities.csv:OMI01730,Тонкий белый грунт на деревянной дощечке,variant,include,crafts-tools-processes/materials_registry/materials.csv#mt_gesso,logical_necessity,data/normalized_source_tables/material_entities/material_entities.csv#OMI01730,B,1180–1260,Великий Новгород и Новгородская земля; центр модели — около 1230 года,include_d39,passed,No denylist stem matched the archive name.,variant_target,White ground on board is gesso on a substrate; substrate is property. Reuses existing crafts owner crafts-tools-processes/materials_registry/materials.csv#mt_gesso.,"B: reconstruction/category/context evidence; basis logical_necessity, not direct item attestation. White ground on board is gesso on a substrate; substrate is property.",safe_with_explicit_context,medium,,,candidate
data/normalized_source_tables/material_entities/material_entities.csv:OMI01731,Деревянная иконная дощечка без изображения,new,include,,logical_necessity,data/normalized_source_tables/material_entities/material_entities.csv#OMI01731,B,1180–1260,Великий Новгород и Новгородская земля; центр модели — около 1230 года,include_d39,passed,No denylist stem matched the archive name.,unique,Blank icon board is a prepared workshop substrate with distinct item identity.,"B: reconstruction/category/context evidence; basis logical_necessity, not direct item attestation. Blank icon board is a prepared workshop substrate with distinct item identity.",safe_with_explicit_context,medium,crafts-tools-processes,crafts-tools-processes/materials_registry/material_entities.csv#n1230:material_item:omi01731,candidate
data/normalized_source_tables/material_entities/material_entities.csv:OMI01732,Иконная дощечка с начальным рисунком,variant,include,crafts-tools-processes/materials_registry/material_entities.csv#n1230:material_item:omi01731,logical_necessity,data/normalized_source_tables/material_entities/material_entities.csv#OMI01732,B,1180–1260,Великий Новгород и Новгородская земля; центр модели — около 1230 года,include_d39,passed,No denylist stem matched the archive name.,variant_target,Initial drawing is a work stage of the same icon board. Reuses existing crafts owner crafts-tools-processes/materials_registry/material_entities.csv#n1230:material_item:omi01731.,"B: reconstruction/category/context evidence; basis logical_necessity, not direct item attestation. Initial drawing is a work stage of the same icon board.",safe_with_explicit_context,medium,,,candidate
data/normalized_source_tables/material_entities/material_entities.csv:OMI01733,Дощечка с незавершённой красочной частью,variant,include,crafts-tools-processes/materials_registry/material_entities.csv#n1230:material_item:omi01731,logical_necessity,data/normalized_source_tables/material_entities/material_entities.csv#OMI01733,B,1180–1260,Великий Новгород и Новгородская земля; центр модели — около 1230 года,include_d39,passed,No denylist stem matched the archive name.,variant_target,Unfinished painted section is work stage of same icon board; color/coverage is property. Reuses existing crafts owner crafts-tools-processes/materials_registry/material_entities.csv#n1230:material_item:omi01731.,"B: reconstruction/category/context evidence; basis logical_necessity, not direct item attestation. Unfinished painted section is work stage of same icon board; color/coverage is property.",safe_with_explicit_context,medium,,,candidate
data/normalized_source_tables/material_entities/material_entities.csv:OMI01734,Кусок ткани для проклейки доски — осторожно,variant,include,crafts-tools-processes/materials_registry/materials.csv#mt_flax,analogy,data/normalized_source_tables/material_entities/material_entities.csv#OMI01734,C,1180–1260,Великий Новгород и Новгородская земля; центр модели — около 1230 года,include_d39,passed,No denylist stem matched the archive name.,variant_target,Cloth layer is textile material/form; substrate role is use/context. Reuses existing crafts owner crafts-tools-processes/materials_registry/materials.csv#mt_flax.,Confidence C: analogue/hypothesis; basis analogy. Cloth layer is textile material/form; substrate role is use/context.,explicit_context_only,high,,,candidate
data/normalized_source_tables/material_entities/material_entities.csv:OMI01735,Органическое связующее краски — без точного рецепта,variant,include,crafts-tools-processes/materials_registry/materials.csv#mt_gesso,analogy,data/normalized_source_tables/material_entities/material_entities.csv#OMI01735,C,1180–1260,Великий Новгород и Новгородская земля; центр модели — около 1230 года,include_d39,passed,No denylist stem matched the archive name.,variant_target,Generic organic paint binder belongs to gesso/paint preparation context; recipe remains explicit only. Reuses existing crafts owner crafts-tools-processes/materials_registry/materials.csv#mt_gesso.,Confidence C: analogue/hypothesis; basis analogy. Generic organic paint binder belongs to gesso/paint preparation context; recipe remains explicit only.,explicit_context_only,high,,,candidate
data/normalized_source_tables/material_entities/material_entities.csv:OMI01736,Яичный желток для краски — осторожно,new,routed,,analogy,data/normalized_source_tables/material_entities/material_entities.csv#OMI01736,C,1180–1260,Великий Новгород и Новгородская земля; центр модели — около 1230 года,include_d39,passed,No denylist stem matched the archive name.,unique,Egg-yolk binder is food-owned egg material used as paint binder; use is property.,Confidence C: analogue/hypothesis; basis analogy. Egg-yolk binder is food-owned egg material used as paint binder; use is property.,explicit_context_only,high,food-drink,food-drink/food/ingredients.csv#fd_egg_chicken,routed
data/normalized_source_tables/material_entities/material_entities.csv:OMI01737,Рыбий или животный клей для грунта — осторожно,variant,include,crafts-tools-processes/materials_registry/materials.csv#mt_animal_glue,analogy,data/normalized_source_tables/material_entities/material_entities.csv#OMI01737,C,1180–1260,Великий Новгород и Новгородская земля; центр модели — около 1230 года,include_d39,passed,No denylist stem matched the archive name.,variant_target,Animal glue for ground is glue material; painting use is property. Reuses existing crafts owner crafts-tools-processes/materials_registry/materials.csv#mt_animal_glue.,Confidence C: analogue/hypothesis; basis analogy. Animal glue for ground is glue material; painting use is property.,explicit_context_only,high,,,candidate
data/normalized_source_tables/material_entities/material_entities.csv:OMI01738,Сухой красочный порошок красного тона,variant,include,crafts-tools-processes/materials_registry/material_entities.csv#n1230:material_item:omi01190,logical_necessity,data/normalized_source_tables/material_entities/material_entities.csv#OMI01738,B,1180–1260,Великий Новгород и Новгородская земля; центр модели — около 1230 года,include_d39,passed,No denylist stem matched the archive name.,variant_target,Red dry pigment powder is a color variant of generic pigment stock. Reuses existing crafts owner crafts-tools-processes/materials_registry/material_entities.csv#n1230:material_item:omi01190.,"B: reconstruction/category/context evidence; basis logical_necessity, not direct item attestation. Red dry pigment powder is a color variant of generic pigment stock.",safe_with_explicit_context,medium,,,candidate
data/normalized_source_tables/material_entities/material_entities.csv:OMI01739,Сухой красочный порошок жёлтого тона,variant,include,crafts-tools-processes/materials_registry/material_entities.csv#n1230:material_item:omi01190,logical_necessity,data/normalized_source_tables/material_entities/material_entities.csv#OMI01739,B,1180–1260,Великий Новгород и Новгородская земля; центр модели — около 1230 года,include_d39,passed,No denylist stem matched the archive name.,variant_target,Yellow dry pigment powder is a color variant of generic pigment stock. Reuses existing crafts owner crafts-tools-processes/materials_registry/material_entities.csv#n1230:material_item:omi01190.,"B: reconstruction/category/context evidence; basis logical_necessity, not direct item attestation. Yellow dry pigment powder is a color variant of generic pigment stock.",safe_with_explicit_context,medium,,,candidate
data/normalized_source_tables/material_entities/material_entities.csv:OMI01740,Сухой красочный порошок зелёного тона,variant,include,crafts-tools-processes/materials_registry/material_entities.csv#n1230:material_item:omi01190,analogy,data/normalized_source_tables/material_entities/material_entities.csv#OMI01740,C,1180–1260,Великий Новгород и Новгородская земля; центр модели — около 1230 года,include_d39,passed,No denylist stem matched the archive name.,variant_target,Green dry pigment powder is a color variant of generic pigment stock. Reuses existing crafts owner crafts-tools-processes/materials_registry/material_entities.csv#n1230:material_item:omi01190.,Confidence C: analogue/hypothesis; basis analogy. Green dry pigment powder is a color variant of generic pigment stock.,explicit_context_only,high,,,candidate
data/normalized_source_tables/material_entities/material_entities.csv:OMI01741,Сухой красочный порошок синего тона,variant,include,crafts-tools-processes/materials_registry/material_entities.csv#n1230:material_item:omi01190,analogy,data/normalized_source_tables/material_entities/material_entities.csv#OMI01741,C,1180–1260,Великий Новгород и Новгородская земля; центр модели — около 1230 года,include_d39,passed,No denylist stem matched the archive name.,variant_target,Blue dry pigment powder is a color variant of generic pigment stock. Reuses existing crafts owner crafts-tools-processes/materials_registry/material_entities.csv#n1230:material_item:omi01190.,Confidence C: analogue/hypothesis; basis analogy. Blue dry pigment powder is a color variant of generic pigment stock.,explicit_context_only,high,,,candidate
data/normalized_source_tables/material_entities/material_entities.csv:OMI01742,Сухой красочный порошок чёрного тона,variant,include,crafts-tools-processes/materials_registry/material_entities.csv#n1230:material_item:omi01190,logical_necessity,data/normalized_source_tables/material_entities/material_entities.csv#OMI01742,B,1180–1260,Великий Новгород и Новгородская земля; центр модели — около 1230 года,include_d39,passed,No denylist stem matched the archive name.,variant_target,Black dry pigment powder is a color variant of generic pigment stock. Reuses existing crafts owner crafts-tools-processes/materials_registry/material_entities.csv#n1230:material_item:omi01190.,"B: reconstruction/category/context evidence; basis logical_necessity, not direct item attestation. Black dry pigment powder is a color variant of generic pigment stock.",safe_with_explicit_context,medium,,,candidate
data/normalized_source_tables/material_entities/material_entities.csv:OMI01743,Смешанная краска в малой чашечке,new,include,,logical_necessity,data/normalized_source_tables/material_entities/material_entities.csv#OMI01743,B,1180–1260,Великий Новгород и Новгородская земля; центр модели — около 1230 года,include_d39,passed,No denylist stem matched the archive name.,unique,Mixed ready paint is prepared material distinct from dry powder; small cup is container property.,"B: reconstruction/category/context evidence; basis logical_necessity, not direct item attestation. Mixed ready paint is prepared material distinct from dry powder; small cup is container property.",safe_with_explicit_context,medium,crafts-tools-processes,crafts-tools-processes/materials_registry/material_entities.csv#n1230:material_item:omi01743,candidate
data/normalized_source_tables/material_entities/material_entities.csv:OMI01744,Засохшая краска на черепке-палитре,variant,include,crafts-tools-processes/materials_registry/material_entities.csv#n1230:material_item:omi01743,logical_necessity,data/normalized_source_tables/material_entities/material_entities.csv#OMI01744,B,1180–1260,Великий Новгород и Новгородская земля; центр модели — около 1230 года,include_d39,passed,No denylist stem matched the archive name.,variant_target,Dried paint on palette is same paint in dried state; substrate/location are properties. Reuses existing crafts owner crafts-tools-processes/materials_registry/material_entities.csv#n1230:material_item:omi01743.,"B: reconstruction/category/context evidence; basis logical_necessity, not direct item attestation. Dried paint on palette is same paint in dried state; substrate/location are properties.",safe_with_explicit_context,medium,,,candidate
data/normalized_source_tables/material_entities/material_entities.csv:OMI01745,Пучок мягкой шерсти для кисти,variant,include,crafts-tools-processes/materials_registry/materials.csv#mt_wool,logical_necessity,data/normalized_source_tables/material_entities/material_entities.csv#OMI01745,B,1180–1260,Великий Новгород и Новгородская земля; центр модели — около 1230 года,include_d39,passed,No denylist stem matched the archive name.,variant_target,"Владелец текстильного материала, волокна или снасти — crafts; форму, состояние, длину, упаковку и назначение хранить как вариант. Reuses existing crafts owner crafts-tools-processes/materials_registry/materials.csv#mt_wool.","B: reconstruction/category/context evidence; basis logical_necessity, not direct item attestation. Владелец текстильного материала, волокна или снасти — crafts; форму, состояние, длину, упаковку и назначение хранить как вариант.",safe_with_explicit_context,medium,,,candidate
data/normalized_source_tables/material_entities/material_entities.csv:OMI01746,"Кистевой пучок, связанный нитью",new,include,,logical_necessity,data/normalized_source_tables/material_entities/material_entities.csv#OMI01746,B,1180–1260,Великий Новгород и Новгородская земля; центр модели — около 1230 года,include_d39,passed,No denylist stem matched the archive name.,unique,Reviewed semantic roots [кистев нить] and family_key [bound_brush_tip]; no object identity collapsed after ignoring state/size/container/use modifiers.,"B: reconstruction/category/context evidence; basis logical_necessity, not direct item attestation.",safe_with_explicit_context,medium,,,candidate
data/normalized_source_tables/material_entities/material_entities.csv:OMI01747,Изношенный кистевой пучок,variant,include,crafts-tools-processes/materials_registry/material_entities.csv#n1230:material_item:omi01746,logical_necessity,data/normalized_source_tables/material_entities/material_entities.csv#OMI01747,B,1180–1260,Великий Новгород и Новгородская земля; центр модели — около 1230 года,include_d39,passed,No denylist stem matched the archive name.,variant_target,Reuses existing crafts owner crafts-tools-processes/materials_registry/material_entities.csv#n1230:material_item:omi01746.,"B: reconstruction/category/context evidence; basis logical_necessity, not direct item attestation. Wear is an instance state, not a second type.",safe_with_explicit_context,medium,,,candidate
data/normalized_source_tables/material_entities/material_entities.csv:OMI01748,Обрезки волоса после формирования кисти,new,include,,logical_necessity,data/normalized_source_tables/material_entities/material_entities.csv#OMI01748,B,1180–1260,Великий Новгород и Новгородская земля; центр модели — около 1230 года,include_d39,passed,No denylist stem matched the archive name.,unique,Reviewed semantic roots [волос кист обрезк формировани] and family_key [brush_hair_trimmings]; no object identity collapsed after ignoring state/size/container/use modifiers.,"B: reconstruction/category/context evidence; basis logical_necessity, not direct item attestation.",safe_with_explicit_context,medium,,,candidate
data/normalized_source_tables/material_entities/material_entities.csv:OMI01749,Тряпица с цветными пятнами,new,routed,,logical_necessity,data/normalized_source_tables/material_entities/material_entities.csv#OMI01749,B,1180–1260,Великий Новгород и Новгородская земля; центр модели — около 1230 года,include_d39,passed,No denylist stem matched the archive name.,unique,Stained cloth is a contamination state of the existing household cleaning rag.,"B: reconstruction/category/context evidence; basis logical_necessity, not direct item attestation. Stained cloth is a contamination state of the existing household cleaning rag.",safe_with_explicit_context,medium,items-household-personal,items-household-personal/items/household.csv#it_hh_rag,routed
data/normalized_source_tables/material_entities/material_entities.csv:OMI01750,Вода с пигментным осадком,new,include,,logical_necessity,data/normalized_source_tables/material_entities/material_entities.csv#OMI01750,B,1180–1260,Великий Новгород и Новгородская земля; центр модели — около 1230 года,include_d39,passed,No denylist stem matched the archive name.,unique,Reviewed semantic roots [вод осадк пигментн] and family_key [pigment_wash_water]; no object identity collapsed after ignoring state/size/container/use modifiers.,"B: reconstruction/category/context evidence; basis logical_necessity, not direct item attestation.",safe_with_explicit_context,medium,,,candidate
data/normalized_source_tables/material_entities/material_entities.csv:OMI01751,Тонкий лист металла для золочения — исследовательская категория,new,include,,analogy,data/normalized_source_tables/material_entities/material_entities.csv#OMI01751,C,1180–1260,Великий Новгород и Новгородская земля; центр модели — около 1230 года,include_d39,passed,No denylist stem matched the archive name.,unique,Reviewed semantic roots [золочени исследовательск категори лист металл тонк] and family_key [metal_leaf_gilding]; no object identity collapsed after ignoring state/size/container/use modifiers.,Confidence C: analogue/hypothesis; basis analogy.,explicit_context_only,high,,,candidate
data/normalized_source_tables/material_entities/material_entities.csv:OMI01752,Обрезки тонкого металлического листа,new,include,,analogy,data/normalized_source_tables/material_entities/material_entities.csv#OMI01752,C,1180–1260,Великий Новгород и Новгородская земля; центр модели — около 1230 года,include_d39,passed,No denylist stem matched the archive name.,unique,Reviewed semantic roots [лист металлическ обрезк тонк] and family_key [metal_leaf_scraps]; no object identity collapsed after ignoring state/size/container/use modifiers.,Confidence C: analogue/hypothesis; basis analogy.,explicit_context_only,high,,,candidate
data/normalized_source_tables/material_entities/material_entities.csv:OMI01753,Красноватая подкладочная масса под золочение — осторожно,new,include,,analogy,data/normalized_source_tables/material_entities/material_entities.csv#OMI01753,C,1180–1260,Великий Новгород и Новгородская земля; центр модели — около 1230 года,include_d39,passed,No denylist stem matched the archive name.,unique,Reviewed semantic roots [золочен красноват масс осторожн под подкладочн] and family_key [gilding_bole]; no object identity collapsed after ignoring state/size/container/use modifiers.,Confidence C: analogue/hypothesis; basis analogy.,explicit_context_only,high,,,candidate
data/normalized_source_tables/material_entities/material_entities.csv:OMI01754,Ладан или ароматическая смола как импортный товар,new,include,,logical_necessity,data/normalized_source_tables/material_entities/material_entities.csv#OMI01754,B,1180–1260,Великий Новгород и Новгородская земля; центр модели — около 1230 года,include_d39,passed,No denylist stem matched the archive name.,unique,Reviewed semantic roots [ароматическ импортн как ладан смол товар] and family_key [incense_resin]; no object identity collapsed after ignoring state/size/container/use modifiers.,"B: reconstruction/category/context evidence; basis logical_necessity, not direct item attestation.",safe_with_explicit_context,medium,,,candidate
data/normalized_source_tables/material_entities/material_entities.csv:OMI01755,Мелкие кусочки ладана,variant,include,crafts-tools-processes/materials_registry/material_entities.csv#n1230:material_item:omi01754,logical_necessity,data/normalized_source_tables/material_entities/material_entities.csv#OMI01755,B,1180–1260,Великий Новгород и Новгородская земля; центр модели — около 1230 года,include_d39,passed,No denylist stem matched the archive name.,variant_target,Reuses existing crafts owner crafts-tools-processes/materials_registry/material_entities.csv#n1230:material_item:omi01754.,"B: reconstruction/category/context evidence; basis logical_necessity, not direct item attestation. Ash form/state of the existing candidate.",safe_with_explicit_context,medium,,,candidate
data/normalized_source_tables/material_entities/material_entities.csv:OMI01756,Угольки для кадила,variant,include,crafts-tools-processes/materials_registry/materials.csv#mt_charcoal,logical_necessity,data/normalized_source_tables/material_entities/material_entities.csv#OMI01756,B,1180–1260,Великий Новгород и Новгородская земля; центр модели — около 1230 года,include_d39,passed,No denylist stem matched the archive name.,variant_target,Censer charcoal is charcoal by material; ceremonial use is context. Reuses existing crafts owner crafts-tools-processes/materials_registry/materials.csv#mt_charcoal.,"B: reconstruction/category/context evidence; basis logical_necessity, not direct item attestation. Censer charcoal is charcoal by material; ceremonial use is context.",safe_with_explicit_context,medium,,,candidate
data/normalized_source_tables/material_entities/material_entities.csv:OMI01757,Зола из кадила,variant,include,crafts-tools-processes/materials_registry/materials.csv#mt_wood_ash_lye,logical_necessity,data/normalized_source_tables/material_entities/material_entities.csv#OMI01757,B,1180–1260,Великий Новгород и Новгородская земля; центр модели — около 1230 года,include_d39,passed,No denylist stem matched the archive name.,variant_target,Censer ash is ash state/use variation; no separate material owner. Reuses existing crafts owner crafts-tools-processes/materials_registry/materials.csv#mt_wood_ash_lye.,"B: reconstruction/category/context evidence; basis logical_necessity, not direct item attestation. Censer ash is ash state/use variation; no separate material owner.",safe_with_explicit_context,medium,,,candidate
data/normalized_source_tables/material_entities/material_entities.csv:OMI01758,Смолистый налёт внутри кадила,new,include,,logical_necessity,data/normalized_source_tables/material_entities/material_entities.csv#OMI01758,B,1180–1260,Великий Новгород и Новгородская земля; центр модели — около 1230 года,include_d39,passed,No denylist stem matched the archive name.,unique,Reviewed semantic roots [внутр кадил налет смолист] and family_key [censer_resin_crust]; no object identity collapsed after ignoring state/size/container/use modifiers.,"B: reconstruction/category/context evidence; basis logical_necessity, not direct item attestation.",safe_with_explicit_context,medium,,,candidate
data/normalized_source_tables/material_entities/material_entities.csv:OMI01759,Фитиль лампады,new,include,,logical_necessity,data/normalized_source_tables/material_entities/material_entities.csv#OMI01759,B,1180–1260,Великий Новгород и Новгородская земля; центр модели — около 1230 года,include_d39,passed,No denylist stem matched the archive name.,unique,Lamp-wick component is stable and distinct by parent/use from loose candle wick stock.,"B: reconstruction/category/context evidence; basis logical_necessity, not direct item attestation. Lamp-wick component is stable and distinct by parent/use from loose candle wick stock.",safe_with_explicit_context,medium,crafts-tools-processes,crafts-tools-processes/materials_registry/material_entities.csv#n1230:material_item:omi01759,candidate
data/normalized_source_tables/material_entities/material_entities.csv:OMI01760,Обгоревший фитиль лампады,variant,include,crafts-tools-processes/materials_registry/material_entities.csv#n1230:material_item:omi01759,logical_necessity,data/normalized_source_tables/material_entities/material_entities.csv#OMI01760,B,1180–1260,Великий Новгород и Новгородская земля; центр модели — около 1230 года,include_d39,passed,No denylist stem matched the archive name.,variant_target,Burnt lamp wick is consumed state of the same lamp-wick component. Reuses existing crafts owner crafts-tools-processes/materials_registry/material_entities.csv#n1230:material_item:omi01759.,"B: reconstruction/category/context evidence; basis logical_necessity, not direct item attestation. Burnt lamp wick is consumed state of the same lamp-wick component.",safe_with_explicit_context,medium,,,candidate
data/normalized_source_tables/material_entities/material_entities.csv:OMI01939,Деревянная пробка ремонтного отверстия лодки,new,include,,logical_necessity,data/normalized_source_tables/material_entities/material_entities.csv#OMI01939,B,1180–1260,Великий Новгород и Новгородская земля; центр модели — около 1230 года,include_d39,passed,No denylist stem matched the archive name.,unique,Reviewed semantic roots [деревянн лодк отверсти пробк ремонтн] and family_key [boat_repair_plug]; no object identity collapsed after ignoring state/size/container/use modifiers.,"B: reconstruction/category/context evidence; basis logical_necessity, not direct item attestation.",safe_with_explicit_context,medium,,,candidate
data/normalized_source_tables/material_entities/material_entities.csv:OMI01961,Парусная ткань в ремонтном лоскуте,new,include,,logical_necessity,data/normalized_source_tables/material_entities/material_entities.csv#OMI01961,B,1180–1260,Великий Новгород и Новгородская земля; центр модели — около 1230 года,include_d39,passed,No denylist stem matched the archive name.,unique,Reviewed semantic roots [лоскут парусн ремонтн ткань] and family_key [sail_patch_cloth]; no object identity collapsed after ignoring state/size/container/use modifiers.,"B: reconstruction/category/context evidence; basis logical_necessity, not direct item attestation.",safe_with_explicit_context,medium,,,candidate
data/normalized_source_tables/material_entities/material_entities.csv:OMI01964,Смолёная нить для судового ремонта,variant,include,crafts-tools-processes/materials_registry/materials.csv#mt_textile_generic,logical_necessity,data/normalized_source_tables/material_entities/material_entities.csv#OMI01964,B,1180–1260,Великий Новгород и Новгородская земля; центр модели — около 1230 года,include_d39,passed,No denylist stem matched the archive name.,variant_target,"Владелец текстильного материала, волокна или снасти — crafts; форму, состояние, длину, упаковку и назначение хранить как вариант. Reuses existing crafts owner crafts-tools-processes/materials_registry/materials.csv#mt_textile_generic.","B: reconstruction/category/context evidence; basis logical_necessity, not direct item attestation. Владелец текстильного материала, волокна или снасти — crafts; форму, состояние, длину, упаковку и назначение хранить как вариант.",safe_with_explicit_context,medium,,,candidate
data/normalized_source_tables/material_entities/material_entities.csv:OMI02003,Ременной обрывок упряжи,new,routed,,sourced,category-level evidence (category_form_material_process_or_context): data/normalized_source_tables/material_entities/material_entities.csv#OMI02003,A,1180–1260,Великий Новгород и Новгородская земля; центр модели — около 1230 года,include_d39,passed,No denylist stem matched the archive name.,unique,Harness strap fragment belongs to existing riding and harness class.,A: category-level evidence (category_form_material_process_or_context). Harness strap fragment belongs to existing riding and harness class.,safe_with_context,low,transport-health-recreation,transport-health-recreation/transport_travel/transport_entities.csv#trv_037,routed
data/normalized_source_tables/material_entities/material_entities.csv:OMI02004,Ременная заплата упряжи,new,routed,,sourced,category-level evidence (category_form_material_process_or_context): data/normalized_source_tables/material_entities/material_entities.csv#OMI02004,A,1180–1260,Великий Новгород и Новгородская земля; центр модели — около 1230 года,include_d39,passed,No denylist stem matched the archive name.,unique,Harness patch is repair state of transport harness.,A: category-level evidence (category_form_material_process_or_context). Harness patch is repair state of transport harness.,safe_with_context,low,transport-health-recreation,transport-health-recreation/transport_travel/transport_entities.csv#trv_037,routed
data/normalized_source_tables/material_entities/material_entities.csv:OMI02005,Запасная ременная петля упряжи,new,routed,,sourced,category-level evidence (category_form_material_process_or_context): data/normalized_source_tables/material_entities/material_entities.csv#OMI02005,A,1180–1260,Великий Новгород и Новгородская земля; центр модели — около 1230 года,include_d39,passed,No denylist stem matched the archive name.,unique,Spare harness loop belongs to existing harness class.,A: category-level evidence (category_form_material_process_or_context). Spare harness loop belongs to existing harness class.,safe_with_context,low,transport-health-recreation,transport-health-recreation/transport_travel/transport_entities.csv#trv_037,routed
data/normalized_source_tables/material_entities/material_entities.csv:OMI02006,Обломок упряжной деревянной детали,new,routed,,logical_necessity,data/normalized_source_tables/material_entities/material_entities.csv#OMI02006,B,1180–1260,Великий Новгород и Новгородская земля; центр модели — около 1230 года,include_d39,passed,No denylist stem matched the archive name.,unique,Broken wooden harness component belongs to existing harness class.,"B: reconstruction/category/context evidence; basis logical_necessity, not direct item attestation. Broken wooden harness component belongs to existing harness class.",safe_with_explicit_context,medium,transport-health-recreation,transport-health-recreation/transport_travel/transport_entities.csv#trv_037,routed
data/normalized_source_tables/material_entities/material_entities.csv:OMI02042,Смешанные семена в посевной таре,new,routed,,logical_necessity,data/normalized_source_tables/material_entities/material_entities.csv#OMI02042,B,1180–1260,Великий Новгород и Новгородская земля; центр модели — около 1230 года,include_d39,passed,No denylist stem matched the archive name.,unique,Посевные семена — содержимое; посевная тара лишь форма BIC.,"B: reconstruction/category/context evidence; basis logical_necessity, not direct item attestation. Посевные семена — содержимое; посевная тара лишь форма BIC.",safe_with_explicit_context,medium,food-drink,,routed
data/normalized_source_tables/material_entities/material_entities.csv:OMI02045,Пучок льняных стеблей после выдёргивания,variant,include,crafts-tools-processes/craft_processes/process_products.csv#pr:flax_stems,sourced,category-level evidence (category_form_material_process_or_context): data/normalized_source_tables/material_entities/material_entities.csv#OMI02045,A,1180–1260,Великий Новгород и Новгородская земля; центр модели — около 1230 года,include_d39,passed,No denylist stem matched the archive name.,variant_target,Flax stems are fiber crop input; plant species/harvest state belong on the crafts fiber input. Reuses existing crafts owner crafts-tools-processes/craft_processes/process_products.csv#pr:flax_stems.,A: category-level evidence (category_form_material_process_or_context). Flax stems are fiber crop input; plant species/harvest state belong on the crafts fiber input.,safe_with_context,low,,,candidate
data/normalized_source_tables/material_entities/material_entities.csv:OMI02046,Льняные коробочки с семенами,new,routed,,sourced,category-level evidence (category_form_material_process_or_context): data/normalized_source_tables/material_entities/material_entities.csv#OMI02046,A,1180–1260,Великий Новгород и Новгородская земля; центр модели — около 1230 года,include_d39,passed,No denylist stem matched the archive name.,unique,Flax seed capsules are food/agricultural seed material; no matching food entity exists in current food table.,A: category-level evidence (category_form_material_process_or_context). Flax seed capsules are food/agricultural seed material; no matching food entity exists in current food table.,safe_with_context,low,food-drink,,routed
data/normalized_source_tables/material_entities/material_entities.csv:OMI02047,Конопляные стебли после уборки,variant,include,crafts-tools-processes/craft_processes/process_products.csv#pr:flax_stems,logical_necessity,data/normalized_source_tables/material_entities/material_entities.csv#OMI02047,B,1180–1260,Великий Новгород и Новгородская земля; центр модели — около 1230 года,include_d39,passed,No denylist stem matched the archive name.,variant_target,Hemp stems enter fiber preparation; use crop/fiber variant on existing process input. Reuses existing crafts owner crafts-tools-processes/craft_processes/process_products.csv#pr:flax_stems.,"B: reconstruction/category/context evidence; basis logical_necessity, not direct item attestation. Hemp stems enter fiber preparation; use crop/fiber variant on existing process input.",safe_with_explicit_context,medium,,,candidate
data/normalized_source_tables/material_entities/material_entities.csv:OMI02048,Сноп травы на сушке,variant,include,crafts-tools-processes/materials_registry/materials.csv#mt_hay,sourced,category-level evidence (category_form_material_process_or_context): data/normalized_source_tables/material_entities/material_entities.csv#OMI02048,A,1180–1260,Великий Новгород и Новгородская земля; центр модели — около 1230 года,include_d39,passed,No denylist stem matched the archive name.,variant_target,"Сноп травы на сушке уже является заготовляемым сеном; этап сушки — состояние mt_hay, не животноводческая сущность и не корм, уже потреблённый животным. Reuses existing crafts owner crafts-tools-processes/materials_registry/materials.csv#mt_hay.","A: category-level evidence (category_form_material_process_or_context). Сноп травы на сушке уже является заготовляемым сеном; этап сушки — состояние mt_hay, не животноводческая сущность и не корм, уже потреблённый животным.",safe_with_context,low,,,candidate
data/normalized_source_tables/material_entities/material_entities.csv:OMI02049,Сухое луговое сено,new,routed,,sourced,category-level evidence (category_form_material_process_or_context): data/normalized_source_tables/material_entities/material_entities.csv#OMI02049,A,1180–1260,Великий Новгород и Новгородская земля; центр модели — около 1230 года,include_d39,passed,No denylist stem matched the archive name.,unique,Hay is livestock feed/bedding; no crafts processing lifecycle makes it a crafts entity.,A: category-level evidence (category_form_material_process_or_context). Hay is livestock feed/bedding; no crafts processing lifecycle makes it a crafts entity.,safe_with_context,low,fauna-fish-invertebrates-livestock,,routed
data/normalized_source_tables/material_entities/material_entities.csv:OMI02050,Влажное недосушенное сено,new,routed,,logical_necessity,data/normalized_source_tables/material_entities/material_entities.csv#OMI02050,B,1180–1260,Великий Новгород и Новгородская земля; центр модели — около 1230 года,include_d39,passed,No denylist stem matched the archive name.,unique,Damp hay is a condition of livestock feed,"B: reconstruction/category/context evidence; basis logical_necessity, not direct item attestation. Damp hay is a condition of livestock feed",safe_with_explicit_context,medium,fauna-fish-invertebrates-livestock,,routed
data/normalized_source_tables/material_entities/material_entities.csv:OMI02051,Заплесневелое сено,new,routed,,logical_necessity,data/normalized_source_tables/material_entities/material_entities.csv#OMI02051,B,1180–1260,Великий Новгород и Новгородская земля; центр модели — около 1230 года,include_d39,passed,No denylist stem matched the archive name.,unique,Mouldy hay is spoiled livestock feed; it is not a crafts material.,"B: reconstruction/category/context evidence; basis logical_necessity, not direct item attestation. Mouldy hay is spoiled livestock feed; it is not a crafts material.",safe_with_explicit_context,medium,fauna-fish-invertebrates-livestock,,routed
data/normalized_source_tables/material_entities/material_entities.csv:OMI02052,Сенная труха,new,routed,,sourced,category-level evidence (category_form_material_process_or_context): data/normalized_source_tables/material_entities/material_entities.csv#OMI02052,A,1180–1260,Великий Новгород и Новгородская земля; центр модели — около 1230 года,include_d39,passed,No denylist stem matched the archive name.,unique,Hay dust is feed/storage residue; absent evidence for independent crafts lifecycle.,A: category-level evidence (category_form_material_process_or_context). Hay dust is feed/storage residue; absent evidence for independent crafts lifecycle.,safe_with_context,low,fauna-fish-invertebrates-livestock,,routed
data/normalized_source_tables/material_entities/material_entities.csv:OMI02053,Семена трав в сенной трухе,new,routed,,logical_necessity,data/normalized_source_tables/material_entities/material_entities.csv#OMI02053,B,1180–1260,Великий Новгород и Новгородская земля; центр модели — около 1230 года,include_d39,passed,No denylist stem matched the archive name.,unique,Grass seeds in hay dust are feed by-product; no independent crafts lifecycle.,"B: reconstruction/category/context evidence; basis logical_necessity, not direct item attestation. Grass seeds in hay dust are feed by-product; no independent crafts lifecycle.",safe_with_explicit_context,medium,fauna-fish-invertebrates-livestock,,routed
data/normalized_source_tables/material_entities/material_entities.csv:OMI02054,Верёвочный перевяс снопа,variant,include,crafts-tools-processes/materials_registry/materials.csv#mt_cordage,sourced,category-level evidence (category_form_material_process_or_context): data/normalized_source_tables/material_entities/material_entities.csv#OMI02054,A,1180–1260,Великий Новгород и Новгородская земля; центр модели — около 1230 года,include_d39,passed,No denylist stem matched the archive name.,variant_target,Harvest-tie rope is cordage in an agricultural use context. Reuses existing crafts owner crafts-tools-processes/materials_registry/materials.csv#mt_cordage.,A: category-level evidence (category_form_material_process_or_context). Harvest-tie rope is cordage in an agricultural use context.,safe_with_context,low,,,candidate
data/normalized_source_tables/material_entities/material_entities.csv:OMI02055,Соломенный перевяс,variant,include,crafts-tools-processes/materials_registry/materials.csv#mt_straw,sourced,category-level evidence (category_form_material_process_or_context): data/normalized_source_tables/material_entities/material_entities.csv#OMI02055,A,1180–1260,Великий Новгород и Новгородская земля; центр модели — около 1230 года,include_d39,passed,No denylist stem matched the archive name.,variant_target,Straw tie differs by material/use; retain as material property of binding stock. Reuses existing crafts owner crafts-tools-processes/materials_registry/materials.csv#mt_straw.,A: category-level evidence (category_form_material_process_or_context). Straw tie differs by material/use; retain as material property of binding stock.,safe_with_context,low,,,candidate
data/normalized_source_tables/material_entities/material_entities.csv:OMI02056,Разорванный перевяс,variant,include,crafts-tools-processes/materials_registry/materials.csv#mt_cordage,sourced,category-level evidence (category_form_material_process_or_context): data/normalized_source_tables/material_entities/material_entities.csv#OMI02056,A,1180–1260,Великий Новгород и Новгородская земля; центр модели — около 1230 года,include_d39,passed,No denylist stem matched the archive name.,variant_target,Torn tie is a cordage salvage/state variant Reuses existing crafts owner crafts-tools-processes/materials_registry/materials.csv#mt_cordage.,A: category-level evidence (category_form_material_process_or_context). Torn tie is a cordage salvage/state variant,safe_with_context,low,,,candidate
data/normalized_source_tables/material_entities/material_entities.csv:OMI02057,Деревянная метка края поля,new,routed,,logical_necessity,data/normalized_source_tables/material_entities/material_entities.csv#OMI02057,B,1180–1260,Великий Новгород и Новгородская земля; центр модели — около 1230 года,include_d39,passed,No denylist stem matched the archive name.,unique,Field-edge marker is a placed agricultural fixture; it is neither craft waste nor food.,"B: reconstruction/category/context evidence; basis logical_necessity, not direct item attestation. Field-edge marker is a placed agricultural fixture; it is neither craft waste nor food.",safe_with_explicit_context,medium,buildings-interiors-containers,,routed
data/normalized_source_tables/material_entities/material_entities.csv:OMI02058,Колышек огородной гряды,variant,include,crafts-tools-processes/materials_registry/material_entities.csv#n1230:material_item:omi00040,logical_necessity,data/normalized_source_tables/material_entities/material_entities.csv#OMI02058,B,1180–1260,Великий Новгород и Новгородская земля; центр модели — около 1230 года,include_d39,passed,No denylist stem matched the archive name.,variant_target,"Колышек гряды — деревянная заготовка того же типа, что OMI00040; установка в грядку задаёт использование, но не переводит деревянную вещь во владельца места BIC. Reuses existing crafts owner crafts-tools-processes/materials_registry/material_entities.csv#n1230:material_item:omi00040.","B: reconstruction/category/context evidence; basis logical_necessity, not direct item attestation. Колышек гряды — деревянная заготовка того же типа, что OMI00040; установка в грядку задаёт использование, но не переводит деревянную вещь во владельца места BIC.",safe_with_explicit_context,medium,,,candidate
data/normalized_source_tables/material_entities/material_entities.csv:OMI02059,Прутья для подвязки огородных растений,new,routed,,logical_necessity,data/normalized_source_tables/material_entities/material_entities.csv#OMI02059,B,1180–1260,Великий Новгород и Новгородская земля; центр модели — около 1230 года,include_d39,passed,No denylist stem matched the archive name.,unique,Gathered support twigs remain natural plant material; garden use is context.,"B: reconstruction/category/context evidence; basis logical_necessity, not direct item attestation. Gathered support twigs remain natural plant material; garden use is context.",safe_with_explicit_context,medium,nature-materials-weather,,routed
data/normalized_source_tables/material_entities/material_entities.csv:OMI02060,Мочальная завязка растения,variant,include,crafts-tools-processes/materials_registry/materials.csv#mt_cordage,logical_necessity,data/normalized_source_tables/material_entities/material_entities.csv#OMI02060,B,1180–1260,Великий Новгород и Новгородская земля; центр модели — около 1230 года,include_d39,passed,No denylist stem matched the archive name.,variant_target,Bast plant tie is cordage/fiber in use; plant-support purpose is a property. Reuses existing crafts owner crafts-tools-processes/materials_registry/materials.csv#mt_cordage.,"B: reconstruction/category/context evidence; basis logical_necessity, not direct item attestation. Bast plant tie is cordage/fiber in use; plant-support purpose is a property.",safe_with_explicit_context,medium,,,candidate
data/normalized_source_tables/material_entities/material_entities.csv:OMI02061,Навоз свежий,new,routed,,sourced,category-level evidence (category_form_material_process_or_context): data/normalized_source_tables/material_entities/material_entities.csv#OMI02061,A,1180–1260,Великий Новгород и Новгородская земля; центр модели — около 1230 года,include_d39,passed,No denylist stem matched the archive name.,unique,Manure is livestock product/waste owned by fauna; fauna table has lp_manure.,A: category-level evidence (category_form_material_process_or_context). Manure is livestock product/waste owned by fauna; fauna table has lp_manure.,safe_with_context,low,fauna-fish-invertebrates-livestock,fauna-fish-invertebrates-livestock/fauna/livestock_products.csv#lp_manure,routed
data/normalized_source_tables/material_entities/material_entities.csv:OMI02062,Перепревший навоз,new,routed,,sourced,category-level evidence (category_form_material_process_or_context): data/normalized_source_tables/material_entities/material_entities.csv#OMI02062,A,1180–1260,Великий Новгород и Новгородская земля; центр модели — около 1230 года,include_d39,passed,No denylist stem matched the archive name.,unique,Rotten/composted manure is a manure state,A: category-level evidence (category_form_material_process_or_context). Rotten/composted manure is a manure state,safe_with_context,low,fauna-fish-invertebrates-livestock,fauna-fish-invertebrates-livestock/fauna/livestock_products.csv#lp_manure,routed
data/normalized_source_tables/material_entities/material_entities.csv:OMI02063,"Навоз, смешанный с соломой",new,routed,,sourced,category-level evidence (category_form_material_process_or_context): data/normalized_source_tables/material_entities/material_entities.csv#OMI02063,A,1180–1260,Великий Новгород и Новгородская земля; центр модели — около 1230 года,include_d39,passed,No denylist stem matched the archive name.,unique,Straw-mixed manure is bedding/manure composition owned by fauna.,A: category-level evidence (category_form_material_process_or_context). Straw-mixed manure is bedding/manure composition owned by fauna.,safe_with_context,low,fauna-fish-invertebrates-livestock,fauna-fish-invertebrates-livestock/fauna/livestock_products.csv#lp_manure,routed
data/normalized_source_tables/material_entities/material_entities.csv:OMI02064,Сухой навозный ком,new,routed,,logical_necessity,data/normalized_source_tables/material_entities/material_entities.csv#OMI02064,B,1180–1260,Великий Новгород и Новгородская земля; центр модели — около 1230 года,include_d39,passed,No denylist stem matched the archive name.,unique,Dried dung is a manure condition and possible fuel use,"B: reconstruction/category/context evidence; basis logical_necessity, not direct item attestation. Dried dung is a manure condition and possible fuel use",safe_with_explicit_context,medium,fauna-fish-invertebrates-livestock,fauna-fish-invertebrates-livestock/fauna/livestock_products.csv#lp_manure,routed
data/normalized_source_tables/material_entities/material_entities.csv:OMI02065,Жидкий навозный сток,new,routed,,sourced,category-level evidence (category_form_material_process_or_context): data/normalized_source_tables/material_entities/material_entities.csv#OMI02065,A,1180–1260,Великий Новгород и Новгородская земля; центр модели — около 1230 года,include_d39,passed,No denylist stem matched the archive name.,unique,Liquid runoff is manure state/waste from livestock keeping,A: category-level evidence (category_form_material_process_or_context). Liquid runoff is manure state/waste from livestock keeping,safe_with_context,low,fauna-fish-invertebrates-livestock,fauna-fish-invertebrates-livestock/fauna/livestock_products.csv#lp_manure,routed
data/normalized_source_tables/material_entities/material_entities.csv:OMI02069,Солевой комок для скота — осторожно,variant,include,crafts-tools-processes/materials_registry/materials.csv#mt_salt,analogy,data/normalized_source_tables/material_entities/material_entities.csv#OMI02069,C,1180–1260,Великий Новгород и Новгородская земля; центр модели — около 1230 года,include_d39,passed,No denylist stem matched the archive name.,variant_target,Reuses existing crafts owner crafts-tools-processes/materials_registry/materials.csv#mt_salt.,Confidence C: analogue/hypothesis; basis analogy. Salt grain or state property.,explicit_context_only,high,,,candidate
data/normalized_source_tables/material_entities/material_entities.csv:OMI02070,Пучок конского волоса после ухода,variant,include,crafts-tools-processes/materials_registry/materials.csv#mt_horsehair,logical_necessity,data/normalized_source_tables/material_entities/material_entities.csv#OMI02070,B,1180–1260,Великий Новгород и Новгородская земля; центр модели — около 1230 года,include_d39,passed,No denylist stem matched the archive name.,variant_target,Reuses existing crafts owner crafts-tools-processes/materials_registry/materials.csv#mt_horsehair.,"B: reconstruction/category/context evidence; basis logical_necessity, not direct item attestation. Horsehair size/use property.",safe_with_explicit_context,medium,,,candidate
data/normalized_source_tables/material_entities/material_entities.csv:OMI02071,Соскоб грязи с копыта,new,include,,logical_necessity,data/normalized_source_tables/material_entities/material_entities.csv#OMI02071,B,1180–1260,Великий Новгород и Новгородская земля; центр модели — около 1230 года,include_d39,passed,No denylist stem matched the archive name.,unique,Reviewed semantic roots [гряз копыт соскоб] and family_key [hoof_mud_scraping]; no object identity collapsed after ignoring state/size/container/use modifiers.,"B: reconstruction/category/context evidence; basis logical_necessity, not direct item attestation.",safe_with_explicit_context,medium,,,candidate
data/normalized_source_tables/material_entities/material_entities.csv:OMI02072,Обрезок копытного рога после ухода,new,include,,logical_necessity,data/normalized_source_tables/material_entities/material_entities.csv#OMI02072,B,1180–1260,Великий Новгород и Новгородская земля; центр модели — около 1230 года,include_d39,passed,No denylist stem matched the archive name.,unique,Reviewed semantic roots [копытн обрезок рог уход] and family_key [hoof_paring]; no object identity collapsed after ignoring state/size/container/use modifiers.,"B: reconstruction/category/context evidence; basis logical_necessity, not direct item attestation.",safe_with_explicit_context,medium,,,candidate
data/normalized_source_tables/material_entities/material_entities.csv:OMI02079,Сломанное жало крючка,variant,include,crafts-tools-processes/craft_tools_gear/tools_gear.csv#tl_fishhook,sourced,category-level evidence (category_form_material_process_or_context): data/normalized_source_tables/material_entities/material_entities.csv#OMI02079,A,1180–1260,Великий Новгород и Новгородская земля; центр модели — около 1230 года,include_d39,passed,No denylist stem matched the archive name.,variant_target,"Владелец текстильного материала, волокна или снасти — crafts; форму, состояние, длину, упаковку и назначение хранить как вариант. Reuses existing crafts owner crafts-tools-processes/craft_tools_gear/tools_gear.csv#tl_fishhook.","A: category-level evidence (category_form_material_process_or_context). Владелец текстильного материала, волокна или снасти — crafts; форму, состояние, длину, упаковку и назначение хранить как вариант.",safe_with_context,low,,,candidate
data/normalized_source_tables/material_entities/material_entities.csv:OMI02090,Обломок глиняного грузила,variant,include,crafts-tools-processes/craft_tools_gear/tools_gear.csv#tl_net_sinker,sourced,category-level evidence (category_form_material_process_or_context): data/normalized_source_tables/material_entities/material_entities.csv#OMI02090,A,1180–1260,Великий Новгород и Новгородская земля; центр модели — около 1230 года,include_d39,passed,No denylist stem matched the archive name.,variant_target,"Обломок clay грузила — сломанное глиняное исполнение сетного sinker; clay отличается от обычных wood/stone вариантов, назначение грузила сохраняется. Reuses existing crafts owner crafts-tools-processes/craft_tools_gear/tools_gear.csv#tl_net_sinker.","A: category-level evidence (category_form_material_process_or_context). Обломок clay грузила — сломанное глиняное исполнение сетного sinker; clay отличается от обычных wood/stone вариантов, назначение грузила сохраняется.",safe_with_context,low,,,candidate
data/normalized_source_tables/material_entities/material_entities.csv:OMI02093,Шнур с рядом грузил,variant,include,crafts-tools-processes/craft_tools_gear/tools_gear.csv#tl_net_sinker,sourced,category-level evidence (category_form_material_process_or_context): data/normalized_source_tables/material_entities/material_entities.csv#OMI02093,A,1180–1260,Великий Новгород и Новгородская земля; центр модели — около 1230 года,include_d39,passed,No denylist stem matched the archive name.,variant_target,Шнур с рядом грузил — cordage assembly с прикреплёнными wood/stone sinker components; линия и крепления описывают сетную оснастку вокруг существующего sinker type. Reuses existing crafts owner crafts-tools-processes/craft_tools_gear/tools_gear.csv#tl_net_sinker.,A: category-level evidence (category_form_material_process_or_context). Шнур с рядом грузил — cordage assembly с прикреплёнными wood/stone sinker components; линия и крепления описывают сетную оснастку вокруг существующего sinker type.,safe_with_context,low,,,candidate
data/normalized_source_tables/material_entities/material_entities.csv:OMI02094,Шнур с рядом поплавков,variant,include,crafts-tools-processes/craft_tools_gear/tools_gear.csv#tl_net_float,sourced,category-level evidence (category_form_material_process_or_context): data/normalized_source_tables/material_entities/material_entities.csv#OMI02094,A,1180–1260,Великий Новгород и Новгородская земля; центр модели — около 1230 года,include_d39,passed,No denylist stem matched the archive name.,variant_target,Шнур с рядом поплавков — cordage assembly с wood/stone float components; линия описывает сетную оснастку вокруг существующего float type. Reuses existing crafts owner crafts-tools-processes/craft_tools_gear/tools_gear.csv#tl_net_float.,A: category-level evidence (category_form_material_process_or_context). Шнур с рядом поплавков — cordage assembly с wood/stone float components; линия описывает сетную оснастку вокруг существующего float type.,safe_with_context,low,,,candidate
data/normalized_source_tables/material_entities/material_entities.csv:OMI02095,Снятое грузило с остатком шнура,variant,include,crafts-tools-processes/craft_tools_gear/tools_gear.csv#tl_net_sinker,sourced,category-level evidence (category_form_material_process_or_context): data/normalized_source_tables/material_entities/material_entities.csv#OMI02095,A,1180–1260,Великий Новгород и Новгородская земля; центр модели — около 1230 года,include_d39,passed,No denylist stem matched the archive name.,variant_target,"Снятое грузило сохраняет сетную sinker identity; остаток cordage — mounting tie, а исходное грузило может быть stone/wood material variant. Reuses existing crafts owner crafts-tools-processes/craft_tools_gear/tools_gear.csv#tl_net_sinker.","A: category-level evidence (category_form_material_process_or_context). Снятое грузило сохраняет сетную sinker identity; остаток cordage — mounting tie, а исходное грузило может быть stone/wood material variant.",safe_with_context,low,,,candidate
data/normalized_source_tables/material_entities/material_entities.csv:OMI02096,Малый деревянный колышек для растяжки сети,variant,include,crafts-tools-processes/materials_registry/material_entities.csv#n1230:material_item:omi00040,sourced,category-level evidence (category_form_material_process_or_context): data/normalized_source_tables/material_entities/material_entities.csv#OMI02096,A,1180–1260,Великий Новгород и Новгородская земля; центр модели — около 1230 года,include_d39,passed,No denylist stem matched the archive name.,variant_target,Reuses existing crafts owner crafts-tools-processes/materials_registry/material_entities.csv#n1230:material_item:omi00040.,A: category-level evidence (category_form_material_process_or_context). Quantity/form of existing wooden peg item.,safe_with_context,low,,,candidate
data/normalized_source_tables/material_entities/material_entities.csv:OMI02097,Верёвочная петля для сушки сети,variant,include,crafts-tools-processes/craft_processes/process_products.csv#pr:fishing_net,sourced,category-level evidence (category_form_material_process_or_context): data/normalized_source_tables/material_entities/material_entities.csv#OMI02097,A,1180–1260,Великий Новгород и Новгородская земля; центр модели — около 1230 года,include_d39,passed,No denylist stem matched the archive name.,variant_target,"Владелец текстильного материала, волокна или снасти — crafts; форму, состояние, длину, упаковку и назначение хранить как вариант. Reuses existing crafts owner crafts-tools-processes/craft_processes/process_products.csv#pr:fishing_net.","A: category-level evidence (category_form_material_process_or_context). Владелец текстильного материала, волокна или снасти — crafts; форму, состояние, длину, упаковку и назначение хранить как вариант.",safe_with_context,low,,,candidate
data/normalized_source_tables/material_entities/material_entities.csv:OMI02098,Прутяная деталь верши,new,include,,sourced,category-level evidence (category_form_material_process_or_context): data/normalized_source_tables/material_entities/material_entities.csv#OMI02098,A,1180–1260,Великий Новгород и Новгородская земля; центр модели — около 1230 года,include_d39,passed,No denylist stem matched the archive name.,unique,"Kept distinct: wicker hoop is a trap component; existing tl_fish_trap is the assembled trap, not its component.",A: category-level evidence (category_form_material_process_or_context).,safe_with_context,low,,,candidate
data/normalized_source_tables/material_entities/material_entities.csv:OMI02099,Продольный прут верши,new,include,,sourced,category-level evidence (category_form_material_process_or_context): data/normalized_source_tables/material_entities/material_entities.csv#OMI02099,A,1180–1260,Великий Новгород и Новгородская земля; центр модели — около 1230 года,include_d39,passed,No denylist stem matched the archive name.,unique,Reviewed semantic roots [верш продольн прут] and family_key [fish_trap_rod]; no object identity collapsed after ignoring state/size/container/use modifiers.,A: category-level evidence (category_form_material_process_or_context).,safe_with_context,low,,,candidate
data/normalized_source_tables/material_entities/material_entities.csv:OMI02100,Плетёная воронка верши,new,include,,sourced,category-level evidence (category_form_material_process_or_context): data/normalized_source_tables/material_entities/material_entities.csv#OMI02100,A,1180–1260,Великий Новгород и Новгородская земля; центр модели — около 1230 года,include_d39,passed,No denylist stem matched the archive name.,unique,Reviewed semantic roots [верш воронк плетен] and family_key [fish_trap_funnel]; no object identity collapsed after ignoring state/size/container/use modifiers.,A: category-level evidence (category_form_material_process_or_context).,safe_with_context,low,,,candidate
data/normalized_source_tables/material_entities/material_entities.csv:OMI02101,Связка прутьев для ремонта верши,new,include,,sourced,category-level evidence (category_form_material_process_or_context): data/normalized_source_tables/material_entities/material_entities.csv#OMI02101,A,1180–1260,Великий Новгород и Новгородская земля; центр модели — около 1230 года,include_d39,passed,No denylist stem matched the archive name.,unique,Reviewed semantic roots [верш прутьев ремонт] and family_key [fish_trap_repair_rods]; no object identity collapsed after ignoring state/size/container/use modifiers.,A: category-level evidence (category_form_material_process_or_context).,safe_with_context,low,,,candidate
data/normalized_source_tables/material_entities/material_entities.csv:OMI02102,Сломанный обруч верши,variant,include,crafts-tools-processes/materials_registry/material_entities.csv#n1230:material_item:omi02098,sourced,category-level evidence (category_form_material_process_or_context): data/normalized_source_tables/material_entities/material_entities.csv#OMI02102,A,1180–1260,Великий Новгород и Новгородская земля; центр модели — около 1230 года,include_d39,passed,No denylist stem matched the archive name.,variant_target,"A broken fish-trap hoop is a damage state of component OMI02098, not an independent component type. Reuses existing crafts owner crafts-tools-processes/materials_registry/material_entities.csv#n1230:material_item:omi02098.",A: category-level evidence (category_form_material_process_or_context).,safe_with_context,low,,,candidate
data/normalized_source_tables/material_entities/material_entities.csv:OMI02103,Деревянная метка места сети,new,include,,logical_necessity,data/normalized_source_tables/material_entities/material_entities.csv#OMI02103,B,1180–1260,Великий Новгород и Новгородская земля; центр модели — около 1230 года,include_d39,passed,No denylist stem matched the archive name.,unique,Reviewed semantic roots [деревянн мест метк сет] and family_key [net_marker_stake]; no object identity collapsed after ignoring state/size/container/use modifiers.,"B: reconstruction/category/context evidence; basis logical_necessity, not direct item attestation.",safe_with_explicit_context,medium,,,candidate
data/normalized_source_tables/material_entities/material_entities.csv:OMI02104,Поплавок-метка снасти,variant,include,crafts-tools-processes/craft_tools_gear/tools_gear.csv#tl_net_float,logical_necessity,data/normalized_source_tables/material_entities/material_entities.csv#OMI02104,B,1180–1260,Великий Новгород и Новгородская земля; центр модели — около 1230 года,include_d39,passed,No denylist stem matched the archive name.,variant_target,"Владелец текстильного материала, волокна или снасти — crafts; форму, состояние, длину, упаковку и назначение хранить как вариант. Reuses existing crafts owner crafts-tools-processes/craft_tools_gear/tools_gear.csv#tl_net_float.","B: reconstruction/category/context evidence; basis logical_necessity, not direct item attestation. Владелец текстильного материала, волокна или снасти — crafts; форму, состояние, длину, упаковку и назначение хранить как вариант.",safe_with_explicit_context,medium,,,candidate
data/normalized_source_tables/material_entities/material_entities.csv:OMI02105,Кусок хлеба как наживка,new,routed,,logical_necessity,data/normalized_source_tables/material_entities/material_entities.csv#OMI02105,B,1180–1260,Великий Новгород и Новгородская земля; центр модели — около 1230 года,include_d39,passed,No denylist stem matched the archive name.,unique,Bread used as bait remains bread; baiting is use context.,"B: reconstruction/category/context evidence; basis logical_necessity, not direct item attestation. Bread used as bait remains bread; baiting is use context.",safe_with_explicit_context,medium,food-drink,food-drink/food/ingredients.csv#fd_bread_rye,routed
data/normalized_source_tables/material_entities/material_entities.csv:OMI02108,Мешочек с наживкой,new,routed,,logical_necessity,data/normalized_source_tables/material_entities/material_entities.csv#OMI02108,B,1180–1260,Великий Новгород и Новгородская земля; центр модели — около 1230 года,include_d39,passed,No denylist stem matched the archive name.,unique,Наживка в мешочке — bait contents owned by fauna; мешочек лишь container form.,"B: reconstruction/category/context evidence; basis logical_necessity, not direct item attestation. Наживка в мешочке — bait contents owned by fauna; мешочек лишь container form.",safe_with_explicit_context,medium,fauna-mammals-birds,,routed
data/normalized_source_tables/material_entities/material_entities.csv:OMI02110,Готовая петля силка,variant,include,crafts-tools-processes/craft_tools_gear/tools_gear.csv#tl_snare,logical_necessity,data/normalized_source_tables/material_entities/material_entities.csv#OMI02110,B,1180–1260,Великий Новгород и Новгородская земля; центр модели — около 1230 года,include_d39,passed,No denylist stem matched the archive name.,variant_target,"Готовая петля силка — вариант существующего орудия tl_snare, не отдельный материалный тип. Reuses existing crafts owner crafts-tools-processes/craft_tools_gear/tools_gear.csv#tl_snare.","B: reconstruction/category/context evidence; basis logical_necessity, not direct item attestation.",safe_with_explicit_context,medium,,,candidate
data/normalized_source_tables/material_entities/material_entities.csv:OMI02111,Силок с деревянным колышком,variant,include,crafts-tools-processes/craft_tools_gear/tools_gear.csv#tl_snare,logical_necessity,data/normalized_source_tables/material_entities/material_entities.csv#OMI02111,B,1180–1260,Великий Новгород и Новгородская земля; центр модели — около 1230 года,add_variant,passed,No denylist stem matched the archive name.,variant_target,"Loop and peg together form a snare; wood is the stake and cordage is the loop, so preserve the existing tl_snare tool identity. Reuses existing crafts owner crafts-tools-processes/craft_tools_gear/tools_gear.csv#tl_snare.","B: reconstruction/category/context evidence; basis logical_necessity, not direct item attestation.",safe_with_explicit_context,medium,,,candidate
data/normalized_source_tables/material_entities/material_entities.csv:OMI02112,Сломанный силок,variant,include,crafts-tools-processes/craft_tools_gear/tools_gear.csv#tl_snare,logical_necessity,data/normalized_source_tables/material_entities/material_entities.csv#OMI02112,B,1180–1260,Великий Новгород и Новгородская земля; центр модели — около 1230 года,include_d39,passed,No denylist stem matched the archive name.,variant_target,Broken condition of the existing snare; do not add a second snare type. Reuses existing crafts owner crafts-tools-processes/craft_tools_gear/tools_gear.csv#tl_snare.,"B: reconstruction/category/context evidence; basis logical_necessity, not direct item attestation.",safe_with_explicit_context,medium,,,candidate
data/normalized_source_tables/material_entities/material_entities.csv:OMI02113,Запасные петли силков связкой,variant,include,crafts-tools-processes/craft_tools_gear/tools_gear.csv#tl_snare,logical_necessity,data/normalized_source_tables/material_entities/material_entities.csv#OMI02113,B,1180–1260,Великий Новгород и Новгородская земля; центр модели — около 1230 года,include_d39,passed,No denylist stem matched the archive name.,variant_target,Reuses existing crafts owner crafts-tools-processes/craft_tools_gear/tools_gear.csv#tl_snare.,"B: reconstruction/category/context evidence; basis logical_necessity, not direct item attestation. Snare form/state; reuse existing trap tool.",safe_with_explicit_context,medium,,,candidate
data/normalized_source_tables/material_entities/material_entities.csv:OMI02114,Деревянный сторожок ловушки,new,include,,logical_necessity,data/normalized_source_tables/material_entities/material_entities.csv#OMI02114,B,1180–1260,Великий Новгород и Новгородская земля; центр модели — около 1230 года,include_d39,passed,No denylist stem matched the archive name.,unique,Reviewed semantic roots [деревянн ловушк сторожок] and family_key [trap_trigger_stick]; no object identity collapsed after ignoring state/size/container/use modifiers.,"B: reconstruction/category/context evidence; basis logical_necessity, not direct item attestation.",safe_with_explicit_context,medium,,,candidate
data/normalized_source_tables/material_entities/material_entities.csv:OMI02115,Деревянная насторожка с зарубкой,variant,include,crafts-tools-processes/materials_registry/material_entities.csv#n1230:material_item:omi02114,logical_necessity,data/normalized_source_tables/material_entities/material_entities.csv#OMI02115,B,1180–1260,Великий Новгород и Новгородская земля; центр модели — около 1230 года,include_d39,passed,No denylist stem matched the archive name.,variant_target,"Зарубка меняет форму деревянной насторожки, но не её trigger-stick identity OMI02114. Reuses existing crafts owner crafts-tools-processes/materials_registry/material_entities.csv#n1230:material_item:omi02114.","B: reconstruction/category/context evidence; basis logical_necessity, not direct item attestation.",safe_with_explicit_context,medium,,,candidate
data/normalized_source_tables/material_entities/material_entities.csv:OMI02116,Короткий колышек ловушки,variant,include,crafts-tools-processes/craft_tools_gear/tools_gear.csv#tl_snare,logical_necessity,data/normalized_source_tables/material_entities/material_entities.csv#OMI02116,B,1180–1260,Великий Новгород и Новгородская земля; центр модели — около 1230 года,add_variant,passed,No denylist stem matched the archive name.,variant_target,Reuses existing crafts owner crafts-tools-processes/craft_tools_gear/tools_gear.csv#tl_snare.,"B: reconstruction/category/context evidence; basis logical_necessity, not direct item attestation.",safe_with_explicit_context,medium,,,candidate
data/normalized_source_tables/material_entities/material_entities.csv:OMI02117,Прутья каркаса ловушки,new,include,,logical_necessity,data/normalized_source_tables/material_entities/material_entities.csv#OMI02117,B,1180–1260,Великий Новгород и Новгородская земля; центр модели — около 1230 года,include_d39,passed,No denylist stem matched the archive name.,unique,Reviewed semantic roots [каркас ловушк пруть] and family_key [trap_frame_rods]; no object identity collapsed after ignoring state/size/container/use modifiers.,"B: reconstruction/category/context evidence; basis logical_necessity, not direct item attestation.",safe_with_explicit_context,medium,,,candidate
data/normalized_source_tables/material_entities/material_entities.csv:OMI02118,Плашка ловушки с ударным следом,variant,include,crafts-tools-processes/craft_tools_gear/tools_gear.csv#tl_deadfall,logical_necessity,data/normalized_source_tables/material_entities/material_entities.csv#OMI02118,B,1180–1260,Великий Новгород и Новгородская земля; центр модели — около 1230 года,include_d39,passed,No denylist stem matched the archive name.,variant_target,Плашка с ударным следом — повреждённое состояние деревянного элемента ловушки tl_deadfall. Reuses existing crafts owner crafts-tools-processes/craft_tools_gear/tools_gear.csv#tl_deadfall.,"B: reconstruction/category/context evidence; basis logical_necessity, not direct item attestation.",safe_with_explicit_context,medium,,,candidate
data/normalized_source_tables/material_entities/material_entities.csv:OMI02119,Верёвочная оттяжка ловушки,new,include,,logical_necessity,data/normalized_source_tables/material_entities/material_entities.csv#OMI02119,B,1180–1260,Великий Новгород и Новгородская земля; центр модели — около 1230 года,include_d39,passed,No denylist stem matched the archive name.,unique,Reviewed semantic roots [веревочн ловушк оттяжк] and family_key [trap_tension_cord]; no object identity collapsed after ignoring state/size/container/use modifiers.,"B: reconstruction/category/context evidence; basis logical_necessity, not direct item attestation.",safe_with_explicit_context,medium,,,candidate
data/normalized_source_tables/material_entities/material_entities.csv:OMI02120,Кожаный ремешок ловушки,new,include,,logical_necessity,data/normalized_source_tables/material_entities/material_entities.csv#OMI02120,B,1180–1260,Великий Новгород и Новгородская земля; центр модели — около 1230 года,include_d39,passed,No denylist stem matched the archive name.,unique,Reviewed semantic roots [кожан ловушк ремешок] and family_key [trap_leather_thong]; no object identity collapsed after ignoring state/size/container/use modifiers.,"B: reconstruction/category/context evidence; basis logical_necessity, not direct item attestation.",safe_with_explicit_context,medium,,,candidate
data/normalized_source_tables/material_entities/material_entities.csv:OMI02125,Мешочек с приманкой,new,routed,,logical_necessity,data/normalized_source_tables/material_entities/material_entities.csv#OMI02125,B,1180–1260,Великий Новгород и Новгородская земля; центр модели — около 1230 года,include_d39,passed,No denylist stem matched the archive name.,unique,Охотничья приманка — contents owner fauna; pouch is BIC form.,"B: reconstruction/category/context evidence; basis logical_necessity, not direct item attestation. Охотничья приманка — contents owner fauna; pouch is BIC form.",safe_with_explicit_context,medium,fauna-mammals-birds,,routed
data/normalized_source_tables/material_entities/material_entities.csv:OMI02126,Птичьи перья на месте ощипывания,variant,include,crafts-tools-processes/craft_processes/process_products.csv#pr:feathers_down,sourced,category-level evidence (category_form_material_process_or_context): data/normalized_source_tables/material_entities/material_entities.csv#OMI02126,A,1180–1260,Великий Новгород и Новгородская земля; центр модели — около 1230 года,include_d39,passed,No denylist stem matched the archive name.,variant_target,Reuses existing crafts owner crafts-tools-processes/craft_processes/process_products.csv#pr:feathers_down.,A: category-level evidence (category_form_material_process_or_context). Пух и перья — вариант feathers/down process product.,safe_with_context,low,,,candidate
data/normalized_source_tables/material_entities/material_entities.csv:OMI02127,Крыло добытой птицы,new,include,,sourced,category-level evidence (category_form_material_process_or_context): data/normalized_source_tables/material_entities/material_entities.csv#OMI02127,A,1180–1260,Великий Новгород и Новгородская земля; центр модели — около 1230 года,include_d39,passed,No denylist stem matched the archive name.,unique,Reviewed semantic roots [добыт крыл птиц] and family_key [bird_wing_butchered]; no object identity collapsed after ignoring state/size/container/use modifiers.,A: category-level evidence (category_form_material_process_or_context).,safe_with_context,low,,,candidate
data/normalized_source_tables/material_entities/material_entities.csv:OMI02128,Лапы добытой птицы,new,include,,sourced,category-level evidence (category_form_material_process_or_context): data/normalized_source_tables/material_entities/material_entities.csv#OMI02128,A,1180–1260,Великий Новгород и Новгородская земля; центр модели — около 1230 года,include_d39,passed,No denylist stem matched the archive name.,unique,Reviewed semantic roots [добыт лап птиц] and family_key [bird_feet]; no object identity collapsed after ignoring state/size/container/use modifiers.,A: category-level evidence (category_form_material_process_or_context).,safe_with_context,low,,,candidate
data/normalized_source_tables/material_entities/material_entities.csv:OMI02129,Птичья голова,new,routed,,sourced,category-level evidence (category_form_material_process_or_context): data/normalized_source_tables/material_entities/material_entities.csv#OMI02129,A,1180–1260,Великий Новгород и Новгородская земля; центр модели — около 1230 года,include_d39,passed,No denylist stem matched the archive name.,unique,Bird head is food/by-product like fish head; animal species is a property,A: category-level evidence (category_form_material_process_or_context). Bird head is food/by-product like fish head; animal species is a property,safe_with_context,low,food-drink,food-drink/food/material_entities.csv#n1230:material_item:omi01417,routed
data/normalized_source_tables/material_entities/material_entities.csv:OMI02130,Птичьи внутренности,new,routed,,sourced,category-level evidence (category_form_material_process_or_context): data/normalized_source_tables/material_entities/material_entities.csv#OMI02130,A,1180–1260,Великий Новгород и Новгородская земля; центр модели — около 1230 года,include_d39,passed,No denylist stem matched the archive name.,unique,Bird innards are edible/usable animal by-product like fish guts; bait/use is contextual.,A: category-level evidence (category_form_material_process_or_context). Bird innards are edible/usable animal by-product like fish guts; bait/use is contextual.,safe_with_context,low,food-drink,food-drink/food/material_entities.csv#n1230:material_item:omi01420,routed
data/normalized_source_tables/material_entities/material_entities.csv:OMI02131,Мелкая туша зверя до свежевания,variant,include,crafts-tools-processes/craft_processes/process_products.csv#pr:whole_carcass,sourced,category-level evidence (category_form_material_process_or_context): data/normalized_source_tables/material_entities/material_entities.csv#OMI02131,A,1180–1260,Великий Новгород и Новгородская земля; центр модели — около 1230 года,include_d39,passed,No denylist stem matched the archive name.,variant_target,Мелкая целая туша — размерная форма существующего продукта разделки whole_carcass; это не самостоятельная crafts-сущность. Reuses existing crafts owner crafts-tools-processes/craft_processes/process_products.csv#pr:whole_carcass.,A: category-level evidence (category_form_material_process_or_context).,safe_with_context,low,,,candidate
data/normalized_source_tables/material_entities/material_entities.csv:OMI02132,Освежёванная туша мелкого зверя,variant,include,crafts-tools-processes/craft_processes/process_products.csv#pr:whole_carcass,sourced,category-level evidence (category_form_material_process_or_context): data/normalized_source_tables/material_entities/material_entities.csv#OMI02132,A,1180–1260,Великий Новгород и Новгородская земля; центр модели — около 1230 года,include_d39,passed,No denylist stem matched the archive name.,variant_target,Reuses existing crafts owner crafts-tools-processes/craft_processes/process_products.csv#pr:whole_carcass.,A: category-level evidence (category_form_material_process_or_context). Освежёванная туша — состояние pr:whole_carcass.,safe_with_context,low,,,candidate
data/normalized_source_tables/material_entities/material_entities.csv:OMI02133,Меховая шкурка с кровью и жиром,variant,include,crafts-tools-processes/materials_registry/materials.csv#mt_fur,sourced,category-level evidence (category_form_material_process_or_context): data/normalized_source_tables/material_entities/material_entities.csv#OMI02133,A,1180–1260,Великий Новгород и Новгородская земля; центр модели — около 1230 года,include_d39,passed,No denylist stem matched the archive name.,variant_target,Кровь и жир описывают неочищенное состояние пушнины; материал и вид зверя задаются свойствами. Reuses existing crafts owner crafts-tools-processes/materials_registry/materials.csv#mt_fur.,A: category-level evidence (category_form_material_process_or_context). Кровь и жир описывают неочищенное состояние пушнины; материал и вид зверя задаются свойствами.,safe_with_context,low,,,candidate
data/normalized_source_tables/material_entities/material_entities.csv:OMI02134,Кровь и шерсть на месте свежевания,new,include,,sourced,category-level evidence (category_form_material_process_or_context): data/normalized_source_tables/material_entities/material_entities.csv#OMI02134,A,1180–1260,Великий Новгород и Новгородская земля; центр модели — около 1230 года,include_d39,passed,No denylist stem matched the archive name.,unique,Reviewed semantic roots [кровь мест свежевани шерсть] and family_key [skinning_blood_hair]; no object identity collapsed after ignoring state/size/container/use modifiers.,A: category-level evidence (category_form_material_process_or_context).,safe_with_context,low,,,candidate
data/normalized_source_tables/material_entities/material_entities.csv:OMI02135,Соскобы жира со шкурки,variant,include,crafts-tools-processes/materials_registry/material_entities.csv#n1230:material_item:omi00439,sourced,category-level evidence (category_form_material_process_or_context): data/normalized_source_tables/material_entities/material_entities.csv#OMI02135,A,1180–1260,Великий Новгород и Новгородская земля; центр модели — около 1230 года,include_d39,passed,No denylist stem matched the archive name.,variant_target,Соскобы жира со шкурки относятся к существующему самостоятельному отходу жира и мездры OMI00439. Reuses existing crafts owner crafts-tools-processes/materials_registry/material_entities.csv#n1230:material_item:omi00439.,A: category-level evidence (category_form_material_process_or_context). Соскобы жира со шкурки относятся к существующему самостоятельному отходу жира и мездры OMI00439.,safe_with_context,low,,,candidate
data/normalized_source_tables/material_entities/material_entities.csv:OMI02136,Кости мелкого зверя после разделки,new,routed,,sourced,category-level evidence (category_form_material_process_or_context): data/normalized_source_tables/material_entities/material_entities.csv#OMI02136,A,1180–1260,Великий Новгород и Новгородская земля; центр модели — около 1230 года,include_d39,passed,No denylist stem matched the archive name.,unique,Small-game bones after butchery are food processing waste like the bone/joint heap.,A: category-level evidence (category_form_material_process_or_context). Small-game bones after butchery are food processing waste like the bone/joint heap.,safe_with_context,low,food-drink,food-drink/food/material_entities.csv#n1230:material_item:omi01398,routed
data/normalized_source_tables/material_entities/material_entities.csv:OMI02137,Отрезанный хвост как счётная или товарная часть — осторожно,variant,include,crafts-tools-processes/materials_registry/materials.csv#mt_fur,analogy,data/normalized_source_tables/material_entities/material_entities.csv#OMI02137,C,1180–1260,Великий Новгород и Новгородская земля; центр модели — около 1230 года,include_d39,passed,No denylist stem matched the archive name.,variant_target,Reuses existing crafts owner crafts-tools-processes/materials_registry/materials.csv#mt_fur.,Confidence C: analogue/hypothesis; basis analogy. Fur-bearing animal tail is a size/form property of fur material.,explicit_context_only,high,,,candidate
data/normalized_source_tables/material_entities/material_entities.csv:OMI02138,Сломанная стрела без наконечника,variant,include,crafts-tools-processes/craft_tools_gear/tools_gear.csv#tl_hunting_arrow,sourced,category-level evidence (category_form_material_process_or_context): data/normalized_source_tables/material_entities/material_entities.csv#OMI02138,A,1180–1260,Великий Новгород и Новгородская земля; центр модели — около 1230 года,include_d39,passed,No denylist stem matched the archive name.,variant_target,Broken arrow shaft without head is a damaged state of the actual hunting arrow. Reuses existing crafts owner crafts-tools-processes/craft_tools_gear/tools_gear.csv#tl_hunting_arrow.,A: category-level evidence (category_form_material_process_or_context). Broken arrow shaft without head is a damaged state of the actual hunting arrow.,safe_with_context,low,,,candidate
data/normalized_source_tables/material_entities/material_entities.csv:OMI02139,Обрезки пера после оперения стрел,new,include,,logical_necessity,data/normalized_source_tables/material_entities/material_entities.csv#OMI02139,B,1180–1260,Великий Новгород и Новгородская земля; центр модели — около 1230 года,include_d39,passed,No denylist stem matched the archive name.,unique,Reviewed semantic roots [обрезк оперени пер стрел] and family_key [arrow_fletching_trimmings]; no object identity collapsed after ignoring state/size/container/use modifiers.,"B: reconstruction/category/context evidence; basis logical_necessity, not direct item attestation.",safe_with_explicit_context,medium,,,candidate
data/normalized_source_tables/material_entities/material_entities.csv:OMI02140,Сухожильная или нитяная обмотка оперения,new,include,,logical_necessity,data/normalized_source_tables/material_entities/material_entities.csv#OMI02140,B,1180–1260,Великий Новгород и Новгородская земля; центр модели — около 1230 года,include_d39,passed,No denylist stem matched the archive name.,unique,Reviewed semantic roots [нитян обмотк оперени сухожильн] and family_key [fletching_binding]; no object identity collapsed after ignoring state/size/container/use modifiers.,"B: reconstruction/category/context evidence; basis logical_necessity, not direct item attestation.",safe_with_explicit_context,medium,,,candidate
data/normalized_source_tables/material_entities/material_entities.csv:OMI02141,Смоляная капля на древке стрелы,variant,include,crafts-tools-processes/materials_registry/materials.csv#mt_pine_pitch,analogy,data/normalized_source_tables/material_entities/material_entities.csv#OMI02141,C,1180–1260,Великий Новгород и Новгородская земля; центр модели — около 1230 года,include_d39,passed,No denylist stem matched the archive name.,variant_target,Applied resin drop is pitch used to attach an arrow component; retain pitch material identity. Reuses existing crafts owner crafts-tools-processes/materials_registry/materials.csv#mt_pine_pitch.,Confidence C: analogue/hypothesis; basis analogy. Applied resin drop is pitch used to attach an arrow component; retain pitch material identity.,explicit_context_only,high,,,candidate
data/normalized_source_tables/material_entities/state_variants.csv:STA0024,Плоский деревянный клин малый,variant,include,crafts-tools-processes/craft_tools_gear/tools_gear.csv#tl_wedge,sourced,data/normalized_source_tables/material_entities/state_variants.csv#STA0024,A,1180–1260,Великий Новгород и Новгородская земля,add_variant,passed,No denylist stem matched the archive name.,variant_target,Reuses existing crafts owner crafts-tools-processes/craft_tools_gear/tools_gear.csv#tl_wedge.,A: direct evidence; linked sources may attest category/form/material/process rather than this exact specimen.,safe_with_context,,,,candidate
data/normalized_source_tables/material_entities/state_variants.csv:STA0030,Изношенный деревянный клин,variant,include,crafts-tools-processes/craft_tools_gear/tools_gear.csv#tl_wedge,sourced,data/normalized_source_tables/material_entities/state_variants.csv#STA0030,A,1180–1260,Великий Новгород и Новгородская земля,add_variant,passed,No denylist stem matched the archive name.,variant_target,Reuses existing crafts owner crafts-tools-processes/craft_tools_gear/tools_gear.csv#tl_wedge.,A: direct evidence; linked sources may attest category/form/material/process rather than this exact specimen.,safe_with_context,,,,candidate
data/normalized_source_tables/material_entities/state_variants.csv:STA0041,Сырое глиняное пряслице с отверстием,variant,include,crafts-tools-processes/craft_tools_gear/tools_gear.csv#tl_spindle_whorl,sourced,data/normalized_source_tables/material_entities/state_variants.csv#STA0041,A,1180–1260,Великий Новгород и Новгородская земля,add_variant,passed,No denylist stem matched the archive name.,variant_target,Reuses existing crafts owner crafts-tools-processes/craft_tools_gear/tools_gear.csv#tl_spindle_whorl.,A: direct evidence; linked sources may attest category/form/material/process rather than this exact specimen.,safe_with_context,,,,candidate
data/normalized_source_tables/material_entities/state_variants.csv:STA0046,Стеклянная бусина без отверстия,variant,include,crafts-tools-processes/materials_registry/material_entities.csv#n1230:material_item:omi01219,logical_necessity,data/normalized_source_tables/material_entities/state_variants.csv#STA0046,B,1180–1260,Великий Новгород и Новгородская земля,add_variant,passed,No denylist stem matched the archive name.,variant_target,"Undrilled state belongs to glass bead stock; master points to CRF0041, but canonical existing glass-bead target is OMI01219. Reuses existing crafts owner crafts-tools-processes/materials_registry/material_entities.csv#n1230:material_item:omi01219.","B: reconstruction/category/context evidence; basis logical_necessity, not direct item attestation. Undrilled state belongs to glass bead stock; master points to CRF0041, but canonical existing glass-bead target is OMI01219.",safe_with_explicit_context,,,,candidate
data/normalized_source_tables/material_entities/state_variants.csv:STA0055,Деревянный клин под бочку,variant,include,crafts-tools-processes/craft_tools_gear/tools_gear.csv#tl_wedge,logical_necessity,data/normalized_source_tables/material_entities/state_variants.csv#STA0055,B,1180–1260,Великий Новгород и Новгородская земля,add_variant,passed,No denylist stem matched the archive name.,variant_target,Reuses existing crafts owner crafts-tools-processes/craft_tools_gear/tools_gear.csv#tl_wedge.,"B: reconstruction/category/context evidence; basis logical_necessity, not direct item attestation.",safe_with_explicit_context,,,,candidate
data/normalized_source_tables/material_entities/state_variants.csv:STA0062,Сухой мох для конопатки лодки,variant,include,crafts-tools-processes/materials_registry/materials.csv#mt_moss,analogy,data/normalized_source_tables/material_entities/state_variants.csv#STA0062,A,1180–1260,Великий Новгород и Новгородская земля,include_analogy,passed,No denylist stem matched the archive name.,variant_target,Reuses existing crafts owner crafts-tools-processes/materials_registry/materials.csv#mt_moss.,A: direct evidence; linked sources may attest category/form/material/process rather than this exact specimen.,safe_with_context,,,,candidate
data/normalized_source_tables/material_entities/state_variants.csv:STA0064,Деревянный клин крепления рулевого весла,variant,include,crafts-tools-processes/craft_tools_gear/tools_gear.csv#tl_wedge,logical_necessity,data/normalized_source_tables/material_entities/state_variants.csv#STA0064,B,1180–1260,Великий Новгород и Новгородская земля,add_variant,passed,No denylist stem matched the archive name.,variant_target,Reuses existing crafts owner crafts-tools-processes/craft_tools_gear/tools_gear.csv#tl_wedge.,"B: reconstruction/category/context evidence; basis logical_necessity, not direct item attestation.",safe_with_explicit_context,,,,candidate
data/normalized_source_tables/material_entities/state_variants.csv:STA0065,Деревянный клин осевой чеки,variant,include,crafts-tools-processes/craft_tools_gear/tools_gear.csv#tl_wedge,logical_necessity,data/normalized_source_tables/material_entities/state_variants.csv#STA0065,B,1180–1260,Великий Новгород и Новгородская земля,add_variant,passed,No denylist stem matched the archive name.,variant_target,Reuses existing crafts owner crafts-tools-processes/craft_tools_gear/tools_gear.csv#tl_wedge.,"B: reconstruction/category/context evidence; basis logical_necessity, not direct item attestation.",safe_with_explicit_context,,,,candidate
data/normalized_source_tables/material_entities/state_variants.csv:STA0066,Деревянный клин в ступице,variant,include,crafts-tools-processes/craft_tools_gear/tools_gear.csv#tl_wedge,logical_necessity,data/normalized_source_tables/material_entities/state_variants.csv#STA0066,B,1180–1260,Великий Новгород и Новгородская земля,add_variant,passed,No denylist stem matched the archive name.,variant_target,Reuses existing crafts owner crafts-tools-processes/craft_tools_gear/tools_gear.csv#tl_wedge.,"B: reconstruction/category/context evidence; basis logical_necessity, not direct item attestation.",safe_with_explicit_context,,,,candidate
data/normalized_source_tables/material_entities/state_variants.csv:STA0069,Подкладной деревянный клин под груз,variant,include,crafts-tools-processes/craft_tools_gear/tools_gear.csv#tl_wedge,logical_necessity,data/normalized_source_tables/material_entities/state_variants.csv#STA0069,B,1180–1260,Великий Новгород и Новгородская земля,add_variant,passed,No denylist stem matched the archive name.,variant_target,Reuses existing crafts owner crafts-tools-processes/craft_tools_gear/tools_gear.csv#tl_wedge.,"B: reconstruction/category/context evidence; basis logical_necessity, not direct item attestation.",safe_with_explicit_context,,,,candidate
data/normalized_source_tables/material_entities/state_variants.csv:STA0071,Заготовка рыболовного крючка из проволоки,variant,include,crafts-tools-processes/craft_tools_gear/tools_gear.csv#tl_fishhook,sourced,data/normalized_source_tables/material_entities/state_variants.csv#STA0071,A,1180–1260,Великий Новгород и Новгородская земля,add_variant,passed,No denylist stem matched the archive name.,variant_target,Reuses existing crafts owner crafts-tools-processes/craft_tools_gear/tools_gear.csv#tl_fishhook.,A: direct evidence; linked sources may attest category/form/material/process rather than this exact specimen.,safe_with_context,,,,candidate
data/normalized_source_tables/material_entities/state_variants.csv:STA0072,Крючок с незавершённым жалом,variant,include,crafts-tools-processes/craft_tools_gear/tools_gear.csv#tl_fishhook,sourced,data/normalized_source_tables/material_entities/state_variants.csv#STA0072,A,1180–1260,Великий Новгород и Новгородская земля,add_variant,passed,No denylist stem matched the archive name.,variant_target,Reuses existing crafts owner crafts-tools-processes/craft_tools_gear/tools_gear.csv#tl_fishhook.,A: direct evidence; linked sources may attest category/form/material/process rather than this exact specimen.,safe_with_context,,,,candidate
data/normalized_source_tables/material_entities/state_variants.csv:STA0073,Рыболовный крючок без бородки,variant,include,crafts-tools-processes/craft_tools_gear/tools_gear.csv#tl_fishhook,sourced,data/normalized_source_tables/material_entities/state_variants.csv#STA0073,A,1180–1260,Великий Новгород и Новгородская земля,add_variant,passed,No denylist stem matched the archive name.,variant_target,Reuses existing crafts owner crafts-tools-processes/craft_tools_gear/tools_gear.csv#tl_fishhook.,A: direct evidence; linked sources may attest category/form/material/process rather than this exact specimen.,safe_with_context,,,,candidate
data/normalized_source_tables/material_entities/state_variants.csv:STA0074,Рыболовный крючок с бородкой,variant,include,crafts-tools-processes/craft_tools_gear/tools_gear.csv#tl_fishhook,sourced,data/normalized_source_tables/material_entities/state_variants.csv#STA0074,A,1180–1260,Великий Новгород и Новгородская земля,add_variant,passed,No denylist stem matched the archive name.,variant_target,Reuses existing crafts owner crafts-tools-processes/craft_tools_gear/tools_gear.csv#tl_fishhook.,A: direct evidence; linked sources may attest category/form/material/process rather than this exact specimen.,safe_with_context,,,,candidate
data/normalized_source_tables/material_entities/state_variants.csv:STA0075,Согнутый рыболовный крючок,variant,include,crafts-tools-processes/craft_tools_gear/tools_gear.csv#tl_fishhook,sourced,data/normalized_source_tables/material_entities/state_variants.csv#STA0075,A,1180–1260,Великий Новгород и Новгородская земля,add_variant,passed,No denylist stem matched the archive name.,variant_target,Reuses existing crafts owner crafts-tools-processes/craft_tools_gear/tools_gear.csv#tl_fishhook.,A: direct evidence; linked sources may attest category/form/material/process rather than this exact specimen.,safe_with_context,,,,candidate
data/normalized_source_tables/material_entities/state_variants.csv:STA0076,Горсть запасных крючков,variant,include,crafts-tools-processes/craft_tools_gear/tools_gear.csv#tl_fishhook,sourced,data/normalized_source_tables/material_entities/state_variants.csv#STA0076,A,1180–1260,Великий Новгород и Новгородская земля,add_variant,passed,No denylist stem matched the archive name.,variant_target,Reuses existing crafts owner crafts-tools-processes/craft_tools_gear/tools_gear.csv#tl_fishhook.,A: direct evidence; linked sources may attest category/form/material/process rather than this exact specimen.,safe_with_context,,,,candidate
data/normalized_source_tables/material_entities/state_variants.csv:STA0077,"Крючок, привязанный к поводку",variant,include,crafts-tools-processes/craft_tools_gear/tools_gear.csv#tl_fishhook,sourced,data/normalized_source_tables/material_entities/state_variants.csv#STA0077,A,1180–1260,Великий Новгород и Новгородская земля,add_variant,passed,No denylist stem matched the archive name.,variant_target,Reuses existing crafts owner crafts-tools-processes/craft_tools_gear/tools_gear.csv#tl_fishhook.,A: direct evidence; linked sources may attest category/form/material/process rather than this exact specimen.,safe_with_context,,,,candidate
data/normalized_source_tables/material_entities/state_variants.csv:STA0078,Крючок с наживкой,variant,include,crafts-tools-processes/craft_tools_gear/tools_gear.csv#tl_fishhook,sourced,data/normalized_source_tables/material_entities/state_variants.csv#STA0078,A,1180–1260,Великий Новгород и Новгородская земля,add_variant,passed,No denylist stem matched the archive name.,variant_target,Reuses existing crafts owner crafts-tools-processes/craft_tools_gear/tools_gear.csv#tl_fishhook.,A: direct evidence; linked sources may attest category/form/material/process rather than this exact specimen.,safe_with_context,,,,candidate
data/normalized_source_tables/material_entities/state_variants.csv:STA0079,Деревянный поплавок-заготовка,variant,include,crafts-tools-processes/craft_tools_gear/tools_gear.csv#tl_net_float,sourced,data/normalized_source_tables/material_entities/state_variants.csv#STA0079,A,1180–1260,Великий Новгород и Новгородская земля,add_variant,passed,No denylist stem matched the archive name.,variant_target,Reuses existing crafts owner crafts-tools-processes/craft_tools_gear/tools_gear.csv#tl_net_float.,A: direct evidence; linked sources may attest category/form/material/process rather than this exact specimen.,safe_with_context,,,,candidate
data/normalized_source_tables/material_entities/state_variants.csv:STA0080,Корковый древесный поплавок,variant,include,crafts-tools-processes/craft_tools_gear/tools_gear.csv#tl_net_float,logical_necessity,data/normalized_source_tables/material_entities/state_variants.csv#STA0080,B,1180–1260,Великий Новгород и Новгородская земля,add_variant,passed,No denylist stem matched the archive name.,variant_target,Reuses existing crafts owner crafts-tools-processes/craft_tools_gear/tools_gear.csv#tl_net_float.,"B: reconstruction/category/context evidence; basis logical_necessity, not direct item attestation.",safe_with_explicit_context,,,,candidate
data/normalized_source_tables/material_entities/state_variants.csv:STA0081,Поплавок с отверстием,variant,include,crafts-tools-processes/craft_tools_gear/tools_gear.csv#tl_net_float,sourced,data/normalized_source_tables/material_entities/state_variants.csv#STA0081,A,1180–1260,Великий Новгород и Новгородская земля,add_variant,passed,No denylist stem matched the archive name.,variant_target,Reuses existing crafts owner crafts-tools-processes/craft_tools_gear/tools_gear.csv#tl_net_float.,A: direct evidence; linked sources may attest category/form/material/process rather than this exact specimen.,safe_with_context,,,,candidate
data/normalized_source_tables/material_entities/state_variants.csv:STA0082,Поплавок с привязным шнуром,variant,include,crafts-tools-processes/craft_tools_gear/tools_gear.csv#tl_net_float,sourced,data/normalized_source_tables/material_entities/state_variants.csv#STA0082,A,1180–1260,Великий Новгород и Новгородская земля,add_variant,passed,No denylist stem matched the archive name.,variant_target,"The base remains the wooden tl_net_float; attached cordage is rigging on the wooden float, not a replacement material identity. Reuses existing crafts owner crafts-tools-processes/craft_tools_gear/tools_gear.csv#tl_net_float.",A: direct evidence; linked sources may attest category/form/material/process rather than this exact specimen.,safe_with_context,,,,candidate
data/normalized_source_tables/material_entities/state_variants.csv:STA0083,Сломанный деревянный поплавок,variant,include,crafts-tools-processes/craft_tools_gear/tools_gear.csv#tl_net_float,sourced,data/normalized_source_tables/material_entities/state_variants.csv#STA0083,A,1180–1260,Великий Новгород и Новгородская земля,add_variant,passed,No denylist stem matched the archive name.,variant_target,Reuses existing crafts owner crafts-tools-processes/craft_tools_gear/tools_gear.csv#tl_net_float.,A: direct evidence; linked sources may attest category/form/material/process rather than this exact specimen.,safe_with_context,,,,candidate
data/normalized_source_tables/material_entities/state_variants.csv:STA0084,Свинцовое грузило-заготовка,variant,include,crafts-tools-processes/craft_tools_gear/tools_gear.csv#tl_net_sinker,sourced,data/normalized_source_tables/material_entities/state_variants.csv#STA0084,A,1180–1260,Великий Новгород и Новгородская земля,add_variant,passed,No denylist stem matched the archive name.,variant_target,"Lead blank is a documented material form of the existing net-sinker tool; the same tl_net_sinker identity also has stone or wood forms, and this state preserves lead composition. Reuses existing crafts owner crafts-tools-processes/craft_tools_gear/tools_gear.csv#tl_net_sinker.",A: direct evidence; linked sources may attest category/form/material/process rather than this exact specimen.,safe_with_context,,,,candidate
data/normalized_source_tables/material_entities/state_variants.csv:STA0085,Свинцовое грузило с обжатым шнуром,variant,include,crafts-tools-processes/craft_tools_gear/tools_gear.csv#tl_net_sinker,sourced,data/normalized_source_tables/material_entities/state_variants.csv#STA0085,A,1180–1260,Великий Новгород и Новгородская земля,add_variant,passed,No denylist stem matched the archive name.,variant_target,"Crimped cord rigs the lead sinker blank; the net-sinker class also covers stone or wood examples, while this state preserves lead composition and its cordage attachment. Reuses existing crafts owner crafts-tools-processes/craft_tools_gear/tools_gear.csv#tl_net_sinker.",A: direct evidence; linked sources may attest category/form/material/process rather than this exact specimen.,safe_with_context,,,,candidate
data/normalized_source_tables/material_entities/state_variants.csv:STA0088,Деревянный клин ремонта мостовой,variant,include,crafts-tools-processes/craft_tools_gear/tools_gear.csv#tl_wedge,logical_necessity,data/normalized_source_tables/material_entities/state_variants.csv#STA0088,B,1180–1260,Великий Новгород и Новгородская земля,add_variant,passed,No denylist stem matched the archive name.,variant_target,Reuses existing crafts owner crafts-tools-processes/craft_tools_gear/tools_gear.csv#tl_wedge.,"B: reconstruction/category/context evidence; basis logical_necessity, not direct item attestation.",safe_with_explicit_context,,,,candidate
downloads/Novgorod1230_material_culture_dataset_v1/Novgorod1230_material_culture_dataset_v1/data/catalog_items.csv:LTR0003,Решётчатый борт телеги,new,routed,,logical_necessity,LTR0003,B,1180–1260,Великий Новгород и Новгородская земля,include_d39,passed,No denylist stem matched the archive name.,unique,Cart side panel is transport component.,"B: reconstruction/category/context evidence; basis logical_necessity, not direct item attestation. Cart side panel is transport component.",safe_with_constraints,средне-высокий: без референса генератор часто подменяет форму позднесредневековой или этнографической,transport-health-recreation,transport-health-recreation/transport_travel/transport_entities.csv#trv_031,routed
downloads/Novgorod1230_material_culture_dataset_v1/Novgorod1230_material_culture_dataset_v1/data/catalog_items.csv:LTR0004,Железная чека или линчпин оси,new,routed,,sourced,category-level evidence (category_form_material_process_or_context): LTR0004,A,1180–1260,Великий Новгород и Новгородская земля,include_d39,passed,No denylist stem matched the archive name.,unique,Axle cotter belongs to cart running gear.,A: category-level evidence (category_form_material_process_or_context). Axle cotter belongs to cart running gear.,safe_with_record_specific_reference,"средний: опасность главным образом в позднем декоре, слишком новом состоянии и неверном масштабе",transport-health-recreation,transport-health-recreation/transport_travel/transport_entities.csv#trv_033,routed
downloads/Novgorod1230_material_culture_dataset_v1/Novgorod1230_material_culture_dataset_v1/data/catalog_items.csv:LTR0005,Дышло,new,routed,,logical_necessity,LTR0005,B,1180–1260,Великий Новгород и Новгородская земля,include_d39,passed,No denylist stem matched the archive name.,unique,Cart drawbar is a transport component.,"B: reconstruction/category/context evidence; basis logical_necessity, not direct item attestation. Cart drawbar is a transport component.",safe_with_constraints,средне-высокий: без референса генератор часто подменяет форму позднесредневековой или этнографической,transport-health-recreation,transport-health-recreation/transport_travel/transport_entities.csv#trv_031,routed
downloads/Novgorod1230_material_culture_dataset_v1/Novgorod1230_material_culture_dataset_v1/data/catalog_items.csv:LTR0006,Смазка для оси в малой таре,new,routed,,logical_necessity,LTR0006,B,1180–1260,Великий Новгород и Новгородская земля,include_d39,passed,No denylist stem matched the archive name.,unique,Axle lubricant in small container is transport maintenance material with no matching transport entity.,"B: reconstruction/category/context evidence; basis logical_necessity, not direct item attestation. Axle lubricant in small container is transport maintenance material with no matching transport entity.",safe_with_constraints,средне-высокий: без референса генератор часто подменяет форму позднесредневековой или этнографической,transport-health-recreation,,routed
downloads/Novgorod1230_material_culture_dataset_v1/Novgorod1230_material_culture_dataset_v1/data/catalog_items.csv:LTR0008,Ручные салазки,new,routed,,sourced,LTR0008,A,1180–1260,Великий Новгород и Новгородская земля,include_d39,passed,No denylist stem matched the archive name.,unique,Hand sled duplicates existing light cargo sled.,A: direct evidence; linked sources may attest category/form/material/process rather than this exact specimen. Hand sled duplicates existing light cargo sled.,safe_with_record_specific_reference,"средний: опасность главным образом в позднем декоре, слишком новом состоянии и неверном масштабе",transport-health-recreation,transport-health-recreation/transport_travel/transport_entities.csv#trv_026,routed
downloads/Novgorod1230_material_culture_dataset_v1/Novgorod1230_material_culture_dataset_v1/data/catalog_items.csv:LTR0009,Костяной конёк,new,routed,,sourced,LTR0009,A,1180–1260,Великий Новгород и Новгородская земля,include_d39,passed,No denylist stem matched the archive name.,duplicate,"Костяной конёк — транспортное средство, а не crafts process product; round2 относит его к классу trv_035 по аналогии с FW019.","A: direct evidence; linked sources may attest category/form/material/process rather than this exact specimen. Костяной конёк — транспортное средство, а не crafts process product; round2 относит его к классу trv_035 по аналогии с FW019.",safe_with_record_specific_reference,"средний: опасность главным образом в позднем декоре, слишком новом состоянии и неверном масштабе",transport-health-recreation,transport-health-recreation/transport_travel/transport_entities.csv#trv_035,routed
downloads/Novgorod1230_material_culture_dataset_v1/Novgorod1230_material_culture_dataset_v1/data/catalog_items.csv:LTR0010,Двухколёсная лёгкая повозка,new,routed,,logical_necessity,LTR0010,B,1180–1260,Великий Новгород и Новгородская земля,include_d39,passed,No denylist stem matched the archive name.,unique,Light two-wheel cart is existing cart class.,"B: reconstruction/category/context evidence; basis logical_necessity, not direct item attestation. Light two-wheel cart is existing cart class.",safe_with_constraints,средне-высокий: без референса генератор часто подменяет форму позднесредневековой или этнографической,transport-health-recreation,transport-health-recreation/transport_travel/transport_entities.csv#trv_031,routed
downloads/Novgorod1230_material_culture_dataset_v1/Novgorod1230_material_culture_dataset_v1/data/catalog_items.csv:LTR0011,Лыжная палка,new,routed,,logical_necessity,LTR0011,B,1180–1260,Великий Новгород и Новгородская земля,include_d39,passed,No denylist stem matched the archive name.,unique,Ski pole is a ski equipment component.,"B: reconstruction/category/context evidence; basis logical_necessity, not direct item attestation. Ski pole is a ski equipment component.",safe_with_constraints,средне-высокий: без референса генератор часто подменяет форму позднесредневековой или этнографической,transport-health-recreation,transport-health-recreation/transport_travel/transport_entities.csv#trv_034,routed
downloads/Novgorod1230_material_culture_dataset_v1/Novgorod1230_material_culture_dataset_v1/data/catalog_items.csv:LTR0012,Копыл саней,new,routed,,sourced,LTR0012,A,1180–1260,Великий Новгород и Новгородская земля,include_d39,passed,No denylist stem matched the archive name.,unique,Sledge runner block is a sledge component.,A: direct evidence; linked sources may attest category/form/material/process rather than this exact specimen. Sledge runner block is a sledge component.,safe_with_record_specific_reference,"средний: опасность главным образом в позднем декоре, слишком новом состоянии и неверном масштабе",transport-health-recreation,transport-health-recreation/transport_travel/transport_entities.csv#trv_022,routed
downloads/Novgorod1230_material_culture_dataset_v1/Novgorod1230_material_culture_dataset_v1/data/catalog_items.csv:LTR0013,Полоз саней,new,routed,,sourced,LTR0013,A,1180–1260,Великий Новгород и Новгородская земля,include_d39,passed,No denylist stem matched the archive name.,unique,Sledge runner is a sledge component.,A: direct evidence; linked sources may attest category/form/material/process rather than this exact specimen. Sledge runner is a sledge component.,safe_with_record_specific_reference,"средний: опасность главным образом в позднем декоре, слишком новом состоянии и неверном масштабе",transport-health-recreation,transport-health-recreation/transport_travel/transport_entities.csv#trv_022,routed
downloads/Novgorod1230_material_culture_dataset_v1/Novgorod1230_material_culture_dataset_v1/data/catalog_items.csv:LTR0014,Тележное колесо цельнодеревянное составное,new,routed,,sourced,LTR0014,A,1180–1260,Великий Новгород и Новгородская земля,include_d39,passed,No denylist stem matched the archive name.,unique,Composite cart wheel duplicates existing cart wheel.,A: direct evidence; linked sources may attest category/form/material/process rather than this exact specimen. Composite cart wheel duplicates existing cart wheel.,safe_with_record_specific_reference,"средний: опасность главным образом в позднем декоре, слишком новом состоянии и неверном масштабе",transport-health-recreation,transport-health-recreation/transport_travel/transport_entities.csv#trv_032,routed
downloads/Novgorod1230_material_culture_dataset_v1/Novgorod1230_material_culture_dataset_v1/data/catalog_items.csv:LTR0015,Деревянная ступица колеса,new,routed,,sourced,LTR0015,A,1180–1260,Великий Новгород и Новгородская земля,include_d39,passed,No denylist stem matched the archive name.,unique,Wheel hub is cart wheel component.,A: direct evidence; linked sources may attest category/form/material/process rather than this exact specimen. Wheel hub is cart wheel component.,safe_with_record_specific_reference,"средний: опасность главным образом в позднем декоре, слишком новом состоянии и неверном масштабе",transport-health-recreation,transport-health-recreation/transport_travel/transport_entities.csv#trv_032,routed
downloads/Novgorod1230_material_culture_dataset_v1/Novgorod1230_material_culture_dataset_v1/data/catalog_items.csv:LTR0016,Спица колеса,new,routed,,sourced,LTR0016,A,1180–1260,Великий Новгород и Новгородская земля,include_d39,passed,No denylist stem matched the archive name.,unique,Wheel spoke is cart wheel component.,A: direct evidence; linked sources may attest category/form/material/process rather than this exact specimen. Wheel spoke is cart wheel component.,safe_with_record_specific_reference,"средний: опасность главным образом в позднем декоре, слишком новом состоянии и неверном масштабе",transport-health-recreation,transport-health-recreation/transport_travel/transport_entities.csv#trv_032,routed
downloads/Novgorod1230_material_culture_dataset_v1/Novgorod1230_material_culture_dataset_v1/data/catalog_items.csv:LTR0018,Дышло тяжёлого воза,new,routed,,analogy,LTR0018,C,1180–1260,Великий Новгород и Новгородская земля,include_d39,passed,No denylist stem matched the archive name.,unique,Heavy cart drawbar is transport component.,Confidence C: analogue/hypothesis; basis analogy. Heavy cart drawbar is transport component.,reference_required,высокий: нужен конкретный референс и явная маркировка реконструкции,transport-health-recreation,transport-health-recreation/transport_travel/transport_entities.csv#trv_031,routed
downloads/Novgorod1230_material_culture_dataset_v1/Novgorod1230_material_culture_dataset_v1/data/catalog_items.csv:LTR0019,Спицевое деревянное колесо,new,routed,,sourced,LTR0019,A,1180–1260,Великий Новгород и Новгородская земля,include_d39,passed,No denylist stem matched the archive name.,unique,Spoked wooden wheel duplicates LTR0014 and existing cart wheel.,A: direct evidence; linked sources may attest category/form/material/process rather than this exact specimen. Spoked wooden wheel duplicates LTR0014 and existing cart wheel.,safe_with_record_specific_reference,"средний: опасность главным образом в позднем декоре, слишком новом состоянии и неверном масштабе",transport-health-recreation,transport-health-recreation/transport_travel/transport_entities.csv#trv_032,routed
downloads/Novgorod1230_material_culture_dataset_v1/Novgorod1230_material_culture_dataset_v1/data/catalog_items.csv:LTR0020,Четырёхколёсный грузовой воз,new,routed,,logical_necessity,LTR0020,B,1180–1260,Великий Новгород и Новгородская земля,include_d39,passed,No denylist stem matched the archive name.,unique,Four-wheel freight cart is existing cart class.,"B: reconstruction/category/context evidence; basis logical_necessity, not direct item attestation. Four-wheel freight cart is existing cart class.",safe_with_constraints,средне-высокий: без референса генератор часто подменяет форму позднесредневековой или этнографической,transport-health-recreation,transport-health-recreation/transport_travel/transport_entities.csv#trv_031,routed
downloads/Novgorod1230_material_culture_dataset_v1/Novgorod1230_material_culture_dataset_v1/data/catalog_items.csv:LTR0021,Грузовые сани на двух полозьях,new,routed,,sourced,LTR0021,A,1180–1260,Великий Новгород и Новгородская земля,include_d39,passed,No denylist stem matched the archive name.,unique,Freight sledge duplicates existing freight sledge.,A: direct evidence; linked sources may attest category/form/material/process rather than this exact specimen. Freight sledge duplicates existing freight sledge.,safe_with_record_specific_reference,"средний: опасность главным образом в позднем декоре, слишком новом состоянии и неверном масштабе",transport-health-recreation,transport-health-recreation/transport_travel/transport_entities.csv#trv_023,routed
downloads/Novgorod1230_material_culture_dataset_v1/Novgorod1230_material_culture_dataset_v1/data/catalog_items.csv:LTR0023,Деревянная тормозная колодка/упор для колеса,new,routed,,logical_necessity,LTR0023,B,1180–1260,Великий Новгород и Новгородская земля,include_d39,passed,No denylist stem matched the archive name.,unique,Wheel brake block is transport component without a matching target entity.,"B: reconstruction/category/context evidence; basis logical_necessity, not direct item attestation. Wheel brake block is transport component without a matching target entity.",safe_with_constraints,средне-высокий: без референса генератор часто подменяет форму позднесредневековой или этнографической,transport-health-recreation,,routed
downloads/Novgorod1230_material_culture_dataset_v1/Novgorod1230_material_culture_dataset_v1/data/catalog_items.csv:LTR0026,Пассажирские сани — статусно различимые,new,routed,,analogy,LTR0026,C,1180–1260,Великий Новгород и Новгородская земля,include_d39,passed,No denylist stem matched the archive name.,unique,Passenger sledge duplicates existing passenger sledge.,Confidence C: analogue/hypothesis; basis analogy. Passenger sledge duplicates existing passenger sledge.,reference_required,высокий: нужен конкретный референс и явная маркировка реконструкции,transport-health-recreation,transport-health-recreation/transport_travel/transport_entities.csv#trv_024,routed
downloads/Novgorod1230_material_culture_dataset_v1/Novgorod1230_material_culture_dataset_v1/data/catalog_items.csv:LTR0029,Сегмент обода колеса,new,routed,,sourced,LTR0029,A,1180–1260,Великий Новгород и Новгородская земля,include_d39,passed,No denylist stem matched the archive name.,unique,Rim segment duplicates OMI00063 and belongs to existing cart wheel.,A: direct evidence; linked sources may attest category/form/material/process rather than this exact specimen. Rim segment duplicates OMI00063 and belongs to existing cart wheel.,safe_with_record_specific_reference,"средний: опасность главным образом в позднем декоре, слишком новом состоянии и неверном масштабе",transport-health-recreation,transport-health-recreation/transport_travel/transport_entities.csv#trv_032,routed
downloads/Novgorod1230_material_culture_dataset_v1/Novgorod1230_material_culture_dataset_v1/data/catalog_items.csv:LTR0031,Телега с решётчатыми бортами,new,routed,,logical_necessity,LTR0031,B,1180–1260,Великий Новгород и Новгородская земля,include_d39,passed,No denylist stem matched the archive name.,unique,Cart with lattice sides duplicates existing cart class.,"B: reconstruction/category/context evidence; basis logical_necessity, not direct item attestation. Cart with lattice sides duplicates existing cart class.",safe_with_constraints,средне-высокий: без референса генератор часто подменяет форму позднесредневековой или этнографической,transport-health-recreation,transport-health-recreation/transport_travel/transport_entities.csv#trv_031,routed
downloads/Novgorod1230_material_culture_dataset_v1/Novgorod1230_material_culture_dataset_v1/data/catalog_items.csv:LTR0032,Тележное колесо дисковое,new,routed,,analogy,LTR0032,C,1180–1260,Великий Новгород и Новгородская земля,include_d39,passed,No denylist stem matched the archive name.,unique,Disc cart wheel belongs to existing cart wheel class.,Confidence C: analogue/hypothesis; basis analogy. Disc cart wheel belongs to existing cart wheel class.,reference_required,высокий: нужен конкретный референс и явная маркировка реконструкции,transport-health-recreation,transport-health-recreation/transport_travel/transport_entities.csv#trv_032,routed
downloads/Novgorod1230_material_culture_dataset_v1/Novgorod1230_material_culture_dataset_v1/data/catalog_items.csv:WTR0002,Лодочный черпак,new,routed,,sourced,WTR0002,A,1180–1260,Великий Новгород и Новгородская земля,include_d39,passed,No denylist stem matched the archive name.,unique,Boat bailer duplicates boat equipment already represented.,A: direct evidence; linked sources may attest category/form/material/process rather than this exact specimen. Boat bailer duplicates boat equipment already represented.,safe_with_record_specific_reference,"средний: опасность главным образом в позднем декоре, слишком новом состоянии и неверном масштабе",transport-health-recreation,transport-health-recreation/transport_travel/transport_entities.csv#trv_021,routed
downloads/Novgorod1230_material_culture_dataset_v1/Novgorod1230_material_culture_dataset_v1/data/catalog_items.csv:WTR0003,Малая клинкерная речная лодка,new,routed,,logical_necessity,WTR0003,B,1180–1260,Великий Новгород и Новгородская земля,include_d39,passed,No denylist stem matched the archive name.,unique,Small clinker river boat belongs to existing river boat class.,"B: reconstruction/category/context evidence; basis logical_necessity, not direct item attestation. Small clinker river boat belongs to existing river boat class.",safe_with_constraints,средне-высокий: без референса генератор часто подменяет форму позднесредневековой или этнографической,transport-health-recreation,transport-health-recreation/transport_travel/transport_entities.csv#trv_004,routed
downloads/Novgorod1230_material_culture_dataset_v1/Novgorod1230_material_culture_dataset_v1/data/catalog_items.csv:WTR0008,Конопатка судового шва,new,routed,,logical_necessity,WTR0008,B,1180–1260,Великий Новгород и Новгородская земля,include_d39,passed,No denylist stem matched the archive name.,unique,Caulking tool belongs to ship maintenance but has no matching transport entity.,"B: reconstruction/category/context evidence; basis logical_necessity, not direct item attestation. Caulking tool belongs to ship maintenance but has no matching transport entity.",safe_with_constraints,средне-высокий: без референса генератор часто подменяет форму позднесредневековой или этнографической,transport-health-recreation,,routed
downloads/Novgorod1230_material_culture_dataset_v1/Novgorod1230_material_culture_dataset_v1/data/catalog_items.csv:WTR0009,Доска клинкерной обшивки,new,routed,,sourced,WTR0009,A,1180–1260,Великий Новгород и Новгородская земля,include_d39,passed,No denylist stem matched the archive name.,unique,Clinker hull plank is part of existing ship planking entry.,A: direct evidence; linked sources may attest category/form/material/process rather than this exact specimen. Clinker hull plank is part of existing ship planking entry.,safe_with_record_specific_reference,"средний: опасность главным образом в позднем декоре, слишком новом состоянии и неверном масштабе",transport-health-recreation,transport-health-recreation/transport_travel/transport_entities.csv#trv_016,routed
downloads/Novgorod1230_material_culture_dataset_v1/Novgorod1230_material_culture_dataset_v1/data/catalog_items.csv:WTR0014,Прямой парус на реи,new,routed,,logical_necessity,WTR0014,B,1180–1260,Великий Новгород и Новгородская земля,include_d39,passed,No denylist stem matched the archive name.,unique,Square sail is transport equipment without a matching sail entity.,"B: reconstruction/category/context evidence; basis logical_necessity, not direct item attestation. Square sail is transport equipment without a matching sail entity.",safe_with_constraints,средне-высокий: без референса генератор часто подменяет форму позднесредневековой или этнографической,transport-health-recreation,,routed
downloads/Novgorod1230_material_culture_dataset_v1/Novgorod1230_material_culture_dataset_v1/data/catalog_items.csv:WTR0015,Кормовой центральный руль раннего типа,new,rejected,,analogy,WTR0015,D,1180–1260,Великий Новгород и Новгородская земля,include_d39,rejected,"D38: D-confidence, research_only, critical anachronism risk.",unique,Research-only central stern rudder excluded under D38.,Confidence D: analogue/hypothesis; basis analogy. Research-only central stern rudder excluded under D38.,research_only,критический: не использовать автоматически,,,rejected
downloads/Novgorod1230_material_culture_dataset_v1/Novgorod1230_material_culture_dataset_v1/data/catalog_items.csv:WTR0016,Багор лодочника,new,routed,,logical_necessity,WTR0016,B,1180–1260,Великий Новгород и Новгородская земля,include_d39,passed,No denylist stem matched the archive name.,unique,Boat hook belongs to transport equipment; no matching hook entity exists.,"B: reconstruction/category/context evidence; basis logical_necessity, not direct item attestation. Boat hook belongs to transport equipment; no matching hook entity exists.",safe_with_constraints,средне-высокий: без референса генератор часто подменяет форму позднесредневековой или этнографической,transport-health-recreation,,routed
downloads/Novgorod1230_material_culture_dataset_v1/Novgorod1230_material_culture_dataset_v1/data/catalog_items.csv:WTR0020,Деревянный шпангоут/кокора,new,routed,,sourced,WTR0020,A,1180–1260,Великий Новгород и Новгородская земля,include_d39,passed,No denylist stem matched the archive name.,unique,Boat frame is a vessel component.,A: direct evidence; linked sources may attest category/form/material/process rather than this exact specimen. Boat frame is a vessel component.,safe_with_record_specific_reference,"средний: опасность главным образом в позднем декоре, слишком новом состоянии и неверном масштабе",transport-health-recreation,transport-health-recreation/transport_travel/transport_entities.csv#trv_004,routed
downloads/Novgorod1230_material_culture_dataset_v1/Novgorod1230_material_culture_dataset_v1/data/catalog_items.csv:WTR0021,Железная судовая заклёпка с шайбой,new,routed,,sourced,WTR0021,A,1180–1260,Великий Новгород и Новгородская земля,include_d39,passed,No denylist stem matched the archive name.,unique,Ship rivet bundle duplicates WTR0021 vessel fastening entry.,A: direct evidence; linked sources may attest category/form/material/process rather than this exact specimen. Ship rivet bundle duplicates WTR0021 vessel fastening entry.,safe_with_record_specific_reference,"средний: опасность главным образом в позднем декоре, слишком новом состоянии и неверном масштабе",transport-health-recreation,transport-health-recreation/transport_travel/transport_entities.csv#trv_016,routed
downloads/Novgorod1230_material_culture_dataset_v1/Novgorod1230_material_culture_dataset_v1/data/catalog_items.csv:WTR0022,Железный якорь раннесредневекового типа,new,routed,,logical_necessity,WTR0022,B,1180–1260,Великий Новгород и Новгородская земля,include_d39,passed,No denylist stem matched the archive name.,unique,Early anchor has no matching anchor entity in current transport table.,"B: reconstruction/category/context evidence; basis logical_necessity, not direct item attestation. Early anchor has no matching anchor entity in current transport table.",safe_with_constraints,средне-высокий: без референса генератор часто подменяет форму позднесредневековой или этнографической,transport-health-recreation,,routed
downloads/Novgorod1230_material_culture_dataset_v1/Novgorod1230_material_culture_dataset_v1/data/catalog_items.csv:WTR0024,Корабль эпохи Великих географических открытий,new,rejected,,analogy,WTR0024,D,1450–1700,Великий Новгород и Новгородская земля,include_d39,rejected,D38: source period 1450–1700 excludes 1230; research-only late vessel.,unique,Research-only post-period ship excluded under D38.,Confidence D: analogue/hypothesis; basis analogy. Research-only post-period ship excluded under D38.,research_only,критический: не использовать автоматически,,,rejected
downloads/Novgorod1230_material_culture_dataset_v1/Novgorod1230_material_culture_dataset_v1/data/catalog_items.csv:WTR0025,Крупная перевозочная барка/плоскодонное судно — реконструкция,new,routed,,analogy,WTR0025,C,1180–1260,Великий Новгород и Новгородская земля,include_d39,passed,No denylist stem matched the archive name.,unique,Freight barge belongs to existing watercraft class.,Confidence C: analogue/hypothesis; basis analogy. Freight barge belongs to existing watercraft class.,reference_required,высокий: нужен конкретный референс и явная маркировка реконструкции,transport-health-recreation,transport-health-recreation/transport_travel/transport_entities.csv#trv_003,routed
downloads/Novgorod1230_material_culture_dataset_v1/Novgorod1230_material_culture_dataset_v1/data/catalog_items.csv:WTR0026,Малая дощатая рыбацкая лодка,new,routed,,logical_necessity,WTR0026,B,1180–1260,Великий Новгород и Новгородская земля,include_d39,passed,No denylist stem matched the archive name.,unique,Small fishing boat belongs to existing river boat class.,"B: reconstruction/category/context evidence; basis logical_necessity, not direct item attestation. Small fishing boat belongs to existing river boat class.",safe_with_constraints,средне-высокий: без референса генератор часто подменяет форму позднесредневековой или этнографической,transport-health-recreation,transport-health-recreation/transport_travel/transport_entities.csv#trv_004,routed
downloads/Novgorod1230_material_culture_dataset_v1/Novgorod1230_material_culture_dataset_v1/data/catalog_items.csv:WTR0028,Мачтовая банка или степс,new,routed,,logical_necessity,WTR0028,B,1180–1260,Великий Новгород и Новгородская земля,include_d39,passed,No denylist stem matched the archive name.,unique,Mast step is ship component with no dedicated target entry.,"B: reconstruction/category/context evidence; basis logical_necessity, not direct item attestation. Mast step is ship component with no dedicated target entry.",safe_with_constraints,средне-высокий: без референса генератор часто подменяет форму позднесредневековой или этнографической,transport-health-recreation,,routed
downloads/Novgorod1230_material_culture_dataset_v1/Novgorod1230_material_culture_dataset_v1/data/catalog_items.csv:WTR0030,Рея квадратного паруса,new,routed,,logical_necessity,WTR0030,B,1180–1260,Великий Новгород и Новгородская земля,include_d39,passed,No denylist stem matched the archive name.,unique,Square sail yard is ship component with no dedicated target entry.,"B: reconstruction/category/context evidence; basis logical_necessity, not direct item attestation. Square sail yard is ship component with no dedicated target entry.",safe_with_constraints,средне-высокий: без референса генератор часто подменяет форму позднесредневековой или этнографической,transport-health-recreation,,routed
downloads/Novgorod1230_material_culture_dataset_v1/Novgorod1230_material_culture_dataset_v1/data/catalog_items.csv:WTR0033,Шест лодочника,variant,include,crafts-tools-processes/craft_tools_gear/tools_gear.csv#tl_boat_pole,sourced,WTR0033,A,1180–1260,Великий Новгород и Новгородская земля,include_d39,passed,No denylist stem matched the archive name.,variant_target,Archive record duplicates existing boat pole tool and remains crafts-owned. Reuses existing crafts owner crafts-tools-processes/craft_tools_gear/tools_gear.csv#tl_boat_pole.,A: direct evidence; linked sources may attest category/form/material/process rather than this exact specimen. Archive record duplicates existing boat pole tool and remains crafts-owned.,safe_with_record_specific_reference,"средний: опасность главным образом в позднем декоре, слишком новом состоянии и неверном масштабе",,,candidate
downloads/Novgorod1230_material_culture_dataset_v1/Novgorod1230_material_culture_dataset_v1/data/catalog_items.csv:WTR0034,Штевень носа или кормы,new,routed,,logical_necessity,WTR0034,B,1180–1260,Великий Новгород и Новгородская земля,include_d39,passed,No denylist stem matched the archive name.,unique,Stempost belongs to existing ship construction entry.,"B: reconstruction/category/context evidence; basis logical_necessity, not direct item attestation. Stempost belongs to existing ship construction entry.",safe_with_constraints,средне-высокий: без референса генератор часто подменяет форму позднесредневековой или этнографической,transport-health-recreation,transport-health-recreation/transport_travel/transport_entities.csv#trv_016,routed
downloads/Novgorod1230_material_culture_dataset_v1/Novgorod1230_material_culture_dataset_v1/data/catalog_items.csv:WTR0035,Малая дощатая лодка клинкерной сборки,new,routed,,logical_necessity,WTR0035,B,1180–1260,Великий Новгород и Новгородская земля,include_d39,passed,No denylist stem matched the archive name.,unique,Small clinker boat duplicates WTR0003 river boat.,"B: reconstruction/category/context evidence; basis logical_necessity, not direct item attestation. Small clinker boat duplicates WTR0003 river boat.",safe_with_constraints,средне-высокий: без референса генератор часто подменяет форму позднесредневековой или этнографической,transport-health-recreation,transport-health-recreation/transport_travel/transport_entities.csv#trv_004,routed
downloads/Novgorod1230_material_culture_dataset_v1/Novgorod1230_material_culture_dataset_v1/data/catalog_items.csv:WTR0036,Набойная лодка на долблёной основе,new,routed,,sourced,WTR0036,A,1180–1260,Великий Новгород и Новгородская земля,include_d39,passed,No denylist stem matched the archive name.,unique,Expanded dugout duplicates existing dugout boat entry.,A: direct evidence; linked sources may attest category/form/material/process rather than this exact specimen. Expanded dugout duplicates existing dugout boat entry.,safe_with_record_specific_reference,"средний: опасность главным образом в позднем декоре, слишком новом состоянии и неверном масштабе",transport-health-recreation,transport-health-recreation/transport_travel/transport_entities.csv#trv_006,routed
downloads/Novgorod1230_material_culture_dataset_v1/Novgorod1230_material_culture_dataset_v1/data/catalog_items.csv:WTR0037,Паромная платформа или перевозная лодка,new,routed,,analogy,WTR0037,C,1180–1260,Великий Новгород и Новгородская земля,include_d39,passed,No denylist stem matched the archive name.,unique,Ferry platform belongs to existing ferry crossing class.,Confidence C: analogue/hypothesis; basis analogy. Ferry platform belongs to existing ferry crossing class.,reference_required,высокий: нужен конкретный референс и явная маркировка реконструкции,transport-health-recreation,transport-health-recreation/transport_travel/transport_entities.csv#trv_011,routed
downloads/Novgorod1230_material_culture_dataset_v1/Novgorod1230_material_culture_dataset_v1/data/catalog_items.csv:HRS0003,Постромки упряжи,new,routed,,logical_necessity,HRS0003,B,1180–1260,Великий Новгород и Новгородская земля,include_d39,passed,No denylist stem matched the archive name.,unique,Driving straps belong to transport harness equipment.,"B: reconstruction/category/context evidence; basis logical_necessity, not direct item attestation. Driving straps belong to transport harness equipment.",safe_with_constraints,средне-высокий: без референса генератор часто подменяет форму позднесредневековой или этнографической,transport-health-recreation,transport-health-recreation/transport_travel/transport_entities.csv#trv_037,routed
downloads/Novgorod1230_material_culture_dataset_v1/Novgorod1230_material_culture_dataset_v1/data/catalog_items.csv:HRS0004,Хомут раннего/деревянно-мягкого типа — осторожная реконструкция,new,routed,,analogy,HRS0004,C,1180–1260,Великий Новгород и Новгородская земля,include_d39,passed,No denylist stem matched the archive name.,unique,Wooden collar duplicates existing horse collar.,Confidence C: analogue/hypothesis; basis analogy. Wooden collar duplicates existing horse collar.,reference_required,высокий: нужен конкретный референс и явная маркировка реконструкции,transport-health-recreation,transport-health-recreation/transport_travel/transport_entities.csv#trv_029,routed
downloads/Novgorod1230_material_culture_dataset_v1/Novgorod1230_material_culture_dataset_v1/data/catalog_items.csv:HRS0005,Шлея грудная,new,routed,,logical_necessity,HRS0005,B,1180–1260,Великий Новгород и Новгородская земля,include_d39,passed,No denylist stem matched the archive name.,unique,Breast harness belongs to riding and harness equipment.,"B: reconstruction/category/context evidence; basis logical_necessity, not direct item attestation. Breast harness belongs to riding and harness equipment.",safe_with_constraints,средне-высокий: без референса генератор часто подменяет форму позднесредневековой или этнографической,transport-health-recreation,transport-health-recreation/transport_travel/transport_entities.csv#trv_037,routed
downloads/Novgorod1230_material_culture_dataset_v1/Novgorod1230_material_culture_dataset_v1/data/catalog_items.csv:HRS0006,Подпруга седла,new,routed,,logical_necessity,HRS0006,B,1180–1260,Великий Новгород и Новгородская земля,include_d39,passed,No denylist stem matched the archive name.,unique,Saddle girth belongs to riding and harness equipment.,"B: reconstruction/category/context evidence; basis logical_necessity, not direct item attestation. Saddle girth belongs to riding and harness equipment.",safe_with_constraints,средне-высокий: без референса генератор часто подменяет форму позднесредневековой или этнографической,transport-health-recreation,transport-health-recreation/transport_travel/transport_entities.csv#trv_037,routed
downloads/Novgorod1230_material_culture_dataset_v1/Novgorod1230_material_culture_dataset_v1/data/catalog_items.csv:HRS0007,Попона зимняя хозяйственная,new,routed,,analogy,HRS0007,C,1180–1260,Великий Новгород и Новгородская земля,include_d39,passed,No denylist stem matched the archive name.,unique,Winter horse blanket has no matching transport entity.,Confidence C: analogue/hypothesis; basis analogy. Winter horse blanket has no matching transport entity.,reference_required,высокий: нужен конкретный референс и явная маркировка реконструкции,transport-health-recreation,,routed
downloads/Novgorod1230_material_culture_dataset_v1/Novgorod1230_material_culture_dataset_v1/data/catalog_items.csv:HRS0008,Конская попона/покрывало,new,routed,,sourced,HRS0008,A,1180–1260,Великий Новгород и Новгородская земля,include_d39,passed,No denylist stem matched the archive name.,unique,Horse blanket duplicates HRS0007 and has no matching transport entity.,A: direct evidence; linked sources may attest category/form/material/process rather than this exact specimen. Horse blanket duplicates HRS0007 and has no matching transport entity.,safe_with_record_specific_reference,"средний: опасность главным образом в позднем декоре, слишком новом состоянии и неверном масштабе",transport-health-recreation,,routed
downloads/Novgorod1230_material_culture_dataset_v1/Novgorod1230_material_culture_dataset_v1/data/catalog_items.csv:HRS0009,Воинское седло с выраженными луками,new,routed,,analogy,HRS0009,C,1180–1260,Великий Новгород и Новгородская земля,include_d39,passed,No denylist stem matched the archive name.,unique,War saddle belongs to existing riding class.,Confidence C: analogue/hypothesis; basis analogy. War saddle belongs to existing riding class.,reference_required,высокий: нужен конкретный референс и явная маркировка реконструкции,transport-health-recreation,transport-health-recreation/transport_travel/transport_entities.csv#trv_037,routed
downloads/Novgorod1230_material_culture_dataset_v1/Novgorod1230_material_culture_dataset_v1/data/catalog_items.csv:HRS0010,Вьючное седло,new,routed,,logical_necessity,HRS0010,B,1180–1260,Великий Новгород и Новгородская земля,include_d39,passed,No denylist stem matched the archive name.,unique,Pack saddle belongs to riding and transport equipment.,"B: reconstruction/category/context evidence; basis logical_necessity, not direct item attestation. Pack saddle belongs to riding and transport equipment.",safe_with_constraints,средне-высокий: без референса генератор часто подменяет форму позднесредневековой или этнографической,transport-health-recreation,transport-health-recreation/transport_travel/transport_entities.csv#trv_037,routed
downloads/Novgorod1230_material_culture_dataset_v1/Novgorod1230_material_culture_dataset_v1/data/catalog_items.csv:HRS0011,Поводья,new,routed,,sourced,HRS0011,A,1180–1260,Великий Новгород и Новгородская земля,include_d39,passed,No denylist stem matched the archive name.,unique,Reins belong to riding and harness equipment.,A: direct evidence; linked sources may attest category/form/material/process rather than this exact specimen. Reins belong to riding and harness equipment.,safe_with_record_specific_reference,"средний: опасность главным образом в позднем декоре, слишком новом состоянии и неверном масштабе",transport-health-recreation,transport-health-recreation/transport_travel/transport_entities.csv#trv_037,routed
downloads/Novgorod1230_material_culture_dataset_v1/Novgorod1230_material_culture_dataset_v1/data/catalog_items.csv:HRS0012,Седло с деревянным ленчиком,new,routed,,logical_necessity,HRS0012,B,1180–1260,Великий Новгород и Новгородская земля,include_d39,passed,No denylist stem matched the archive name.,unique,Saddle with wooden tree belongs to riding equipment.,"B: reconstruction/category/context evidence; basis logical_necessity, not direct item attestation. Saddle with wooden tree belongs to riding equipment.",safe_with_constraints,средне-высокий: без референса генератор часто подменяет форму позднесредневековой или этнографической,transport-health-recreation,transport-health-recreation/transport_travel/transport_entities.csv#trv_037,routed
downloads/Novgorod1230_material_culture_dataset_v1/Novgorod1230_material_culture_dataset_v1/data/catalog_items.csv:HRS0013,Мягкая подседельная подкладка,new,routed,,logical_necessity,HRS0013,B,1180–1260,Великий Новгород и Новгородская земля,include_d39,passed,No denylist stem matched the archive name.,unique,Saddle pad belongs to riding equipment.,"B: reconstruction/category/context evidence; basis logical_necessity, not direct item attestation. Saddle pad belongs to riding equipment.",safe_with_constraints,средне-высокий: без референса генератор часто подменяет форму позднесредневековой или этнографической,transport-health-recreation,transport-health-recreation/transport_travel/transport_entities.csv#trv_037,routed
downloads/Novgorod1230_material_culture_dataset_v1/Novgorod1230_material_culture_dataset_v1/data/catalog_items.csv:HRS0014,Привязное кольцо,new,routed,,logical_necessity,HRS0014,B,1180–1260,Великий Новгород и Новгородская земля,include_d39,passed,No denylist stem matched the archive name.,unique,Tether ring is harness hardware without a matching transport entity.,"B: reconstruction/category/context evidence; basis logical_necessity, not direct item attestation. Tether ring is harness hardware without a matching transport entity.",safe_with_constraints,средне-высокий: без референса генератор часто подменяет форму позднесредневековой или этнографической,transport-health-recreation,,routed
downloads/Novgorod1230_material_culture_dataset_v1/Novgorod1230_material_culture_dataset_v1/data/catalog_items.csv:HRS0015,Путлище,new,routed,,logical_necessity,HRS0015,B,1180–1260,Великий Новгород и Новгородская земля,include_d39,passed,No denylist stem matched the archive name.,unique,Stirrup strap belongs to riding equipment.,"B: reconstruction/category/context evidence; basis logical_necessity, not direct item attestation. Stirrup strap belongs to riding equipment.",safe_with_constraints,средне-высокий: без референса генератор часто подменяет форму позднесредневековой или этнографической,transport-health-recreation,transport-health-recreation/transport_travel/transport_entities.csv#trv_037,routed
downloads/Novgorod1230_material_culture_dataset_v1/Novgorod1230_material_culture_dataset_v1/data/catalog_items.csv:HRS0016,Подхвостный ремень,new,routed,,analogy,HRS0016,C,1180–1260,Великий Новгород и Новгородская земля,include_d39,passed,No denylist stem matched the archive name.,unique,Tail strap belongs to riding equipment.,Confidence C: analogue/hypothesis; basis analogy. Tail strap belongs to riding equipment.,reference_required,высокий: нужен конкретный референс и явная маркировка реконструкции,transport-health-recreation,transport-health-recreation/transport_travel/transport_entities.csv#trv_037,routed
downloads/Novgorod1230_material_culture_dataset_v1/Novgorod1230_material_culture_dataset_v1/data/catalog_items.csv:HRS0017,Седельные сумы,new,routed,,analogy,HRS0017,C,1180–1260,Великий Новгород и Новгородская земля,include_d39,passed,No denylist stem matched the archive name.,unique,Saddle bags are transport accessory without a matching current entity.,Confidence C: analogue/hypothesis; basis analogy. Saddle bags are transport accessory without a matching current entity.,reference_required,высокий: нужен конкретный референс и явная маркировка реконструкции,transport-health-recreation,,routed
downloads/Novgorod1230_material_culture_dataset_v1/Novgorod1230_material_culture_dataset_v1/data/catalog_items.csv:HRS0018,Стременной ремень,new,routed,,sourced,HRS0018,A,1180–1260,Великий Новгород и Новгородская земля,include_d39,passed,No denylist stem matched the archive name.,unique,Stirrup strap duplicates HRS0015 and belongs to riding equipment.,A: direct evidence; linked sources may attest category/form/material/process rather than this exact specimen. Stirrup strap duplicates HRS0015 and belongs to riding equipment.,safe_with_record_specific_reference,"средний: опасность главным образом в позднем декоре, слишком новом состоянии и неверном масштабе",transport-health-recreation,transport-health-recreation/transport_travel/transport_entities.csv#trv_037,routed
downloads/Novgorod1230_material_culture_dataset_v1/Novgorod1230_material_culture_dataset_v1/data/catalog_items.csv:HRS0019,Верховое седло древнерусского типа,new,routed,,logical_necessity,HRS0019,B,1180–1260,Великий Новгород и Новгородская земля,include_d39,passed,No denylist stem matched the archive name.,unique,Old Russian saddle duplicates HRS0012 class.,"B: reconstruction/category/context evidence; basis logical_necessity, not direct item attestation. Old Russian saddle duplicates HRS0012 class.",safe_with_constraints,средне-высокий: без референса генератор часто подменяет форму позднесредневековой или этнографической,transport-health-recreation,transport-health-recreation/transport_travel/transport_entities.csv#trv_037,routed
downloads/Novgorod1230_material_culture_dataset_v1/Novgorod1230_material_culture_dataset_v1/data/catalog_items.csv:HRS0020,Деревянный ленчик седла,new,routed,,logical_necessity,HRS0020,B,1180–1260,Великий Новгород и Новгородская земля,include_d39,passed,No denylist stem matched the archive name.,unique,Saddle tree belongs to riding equipment.,"B: reconstruction/category/context evidence; basis logical_necessity, not direct item attestation. Saddle tree belongs to riding equipment.",safe_with_constraints,средне-высокий: без референса генератор часто подменяет форму позднесредневековой или этнографической,transport-health-recreation,transport-health-recreation/transport_travel/transport_entities.csv#trv_037,routed
downloads/Novgorod1230_material_culture_dataset_v1/Novgorod1230_material_culture_dataset_v1/data/catalog_items.csv:HRS0021,Дуга оглобельной упряжи — спорная для 1230,new,rejected,,analogy,HRS0021,D,1180–1260,Великий Новгород и Новгородская земля,include_d39,rejected,"D38: D-confidence, research_only, critical anachronism risk.",unique,Research-only disputed harness bow excluded under D38.,Confidence D: analogue/hypothesis; basis analogy. Research-only disputed harness bow excluded under D38.,research_only,критический: не использовать автоматически,,,rejected
downloads/Novgorod1230_material_culture_dataset_v1/Novgorod1230_material_culture_dataset_v1/data/catalog_items.csv:HRS0022,Железная подкова,new,routed,,sourced,HRS0022,A,1180–1260,Великий Новгород и Новгородская земля,include_d39,passed,No denylist stem matched the archive name.,unique,Horseshoe belongs to riding equipment.,A: direct evidence; linked sources may attest category/form/material/process rather than this exact specimen. Horseshoe belongs to riding equipment.,safe_with_record_specific_reference,"средний: опасность главным образом в позднем декоре, слишком новом состоянии и неверном масштабе",transport-health-recreation,transport-health-recreation/transport_travel/transport_entities.csv#trv_037,routed
downloads/Novgorod1230_material_culture_dataset_v1/Novgorod1230_material_culture_dataset_v1/data/catalog_items.csv:HRS0023,Железное стремя дуговидной формы,new,routed,,sourced,HRS0023,A,1180–1260,Великий Новгород и Новгородская земля,include_d39,passed,No denylist stem matched the archive name.,unique,Stirrup belongs to riding equipment.,A: direct evidence; linked sources may attest category/form/material/process rather than this exact specimen. Stirrup belongs to riding equipment.,safe_with_record_specific_reference,"средний: опасность главным образом в позднем декоре, слишком новом состоянии и неверном масштабе",transport-health-recreation,transport-health-recreation/transport_travel/transport_entities.csv#trv_037,routed
downloads/Novgorod1230_material_culture_dataset_v1/Novgorod1230_material_culture_dataset_v1/data/catalog_items.csv:HRS0024,Железные двухзвенные удила,new,routed,,sourced,HRS0024,A,1180–1260,Великий Новгород и Новгородская земля,include_d39,passed,No denylist stem matched the archive name.,unique,Bit belongs to riding and harness equipment.,A: direct evidence; linked sources may attest category/form/material/process rather than this exact specimen. Bit belongs to riding and harness equipment.,safe_with_record_specific_reference,"средний: опасность главным образом в позднем декоре, слишком новом состоянии и неверном масштабе",transport-health-recreation,transport-health-recreation/transport_travel/transport_entities.csv#trv_037,routed
downloads/Novgorod1230_material_culture_dataset_v1/Novgorod1230_material_culture_dataset_v1/data/catalog_items.csv:HRS0025,Кормовая торба,new,routed,,analogy,HRS0025,C,1180–1260,Великий Новгород и Новгородская земля,include_d39,passed,No denylist stem matched the archive name.,unique,Horse feedbag has no matching transport entity.,Confidence C: analogue/hypothesis; basis analogy. Horse feedbag has no matching transport entity.,reference_required,высокий: нужен конкретный референс и явная маркировка реконструкции,transport-health-recreation,,routed
downloads/Novgorod1230_material_culture_dataset_v1/Novgorod1230_material_culture_dataset_v1/data/catalog_items.csv:HRS0026,Навершие рукояти плети,new,routed,,sourced,HRS0026,A,1180–1260,Великий Новгород и Новгородская земля,include_d39,passed,No denylist stem matched the archive name.,unique,Whip handle cap has no matching transport entity.,A: direct evidence; linked sources may attest category/form/material/process rather than this exact specimen. Whip handle cap has no matching transport entity.,safe_with_record_specific_reference,"средний: опасность главным образом в позднем декоре, слишком новом состоянии и неверном масштабе",transport-health-recreation,,routed
downloads/Novgorod1230_material_culture_dataset_v1/Novgorod1230_material_culture_dataset_v1/data/catalog_items.csv:HRS0027,Нагрудный ремень седла,new,routed,,logical_necessity,HRS0027,B,1180–1260,Великий Новгород и Новгородская земля,include_d39,passed,No denylist stem matched the archive name.,unique,Saddle breast strap belongs to riding equipment.,"B: reconstruction/category/context evidence; basis logical_necessity, not direct item attestation. Saddle breast strap belongs to riding equipment.",safe_with_constraints,средне-высокий: без референса генератор часто подменяет форму позднесредневековой или этнографической,transport-health-recreation,transport-health-recreation/transport_travel/transport_entities.csv#trv_037,routed
downloads/Novgorod1230_material_culture_dataset_v1/Novgorod1230_material_culture_dataset_v1/data/catalog_items.csv:HRS0028,Недоуздок без удил,new,routed,,logical_necessity,HRS0028,B,1180–1260,Великий Новгород и Новгородская земля,include_d39,passed,No denylist stem matched the archive name.,unique,Halter belongs to riding and harness equipment.,"B: reconstruction/category/context evidence; basis logical_necessity, not direct item attestation. Halter belongs to riding and harness equipment.",safe_with_constraints,средне-высокий: без референса генератор часто подменяет форму позднесредневековой или этнографической,transport-health-recreation,transport-health-recreation/transport_travel/transport_entities.csv#trv_037,routed
downloads/Novgorod1230_material_culture_dataset_v1/Novgorod1230_material_culture_dataset_v1/data/catalog_items.csv:HRS0029,Перемётные вьючные сумы,new,routed,,logical_necessity,HRS0029,B,1180–1260,Великий Новгород и Новгородская земля,include_d39,passed,No denylist stem matched the archive name.,unique,Pack bags have no matching transport entity.,"B: reconstruction/category/context evidence; basis logical_necessity, not direct item attestation. Pack bags have no matching transport entity.",safe_with_constraints,средне-высокий: без референса генератор часто подменяет форму позднесредневековой или этнографической,transport-health-recreation,,routed
downloads/Novgorod1230_material_culture_dataset_v1/Novgorod1230_material_culture_dataset_v1/data/catalog_items.csv:HRS0030,Подковный гвоздь,new,routed,,sourced,HRS0030,A,1180–1260,Великий Новгород и Новгородская земля,include_d39,passed,No denylist stem matched the archive name.,unique,Horseshoe nail belongs to riding equipment.,A: direct evidence; linked sources may attest category/form/material/process rather than this exact specimen. Horseshoe nail belongs to riding equipment.,safe_with_record_specific_reference,"средний: опасность главным образом в позднем декоре, слишком новом состоянии и неверном масштабе",transport-health-recreation,transport-health-recreation/transport_travel/transport_entities.csv#trv_037,routed
downloads/Novgorod1230_material_culture_dataset_v1/Novgorod1230_material_culture_dataset_v1/data/catalog_items.csv:HRS0031,Псалии/щёчные детали узды,new,routed,,logical_necessity,HRS0031,B,1180–1260,Великий Новгород и Новгородская земля,include_d39,passed,No denylist stem matched the archive name.,unique,Bridle cheek pieces have no matching transport entity.,"B: reconstruction/category/context evidence; basis logical_necessity, not direct item attestation. Bridle cheek pieces have no matching transport entity.",safe_with_constraints,средне-высокий: без референса генератор часто подменяет форму позднесредневековой или этнографической,transport-health-recreation,,routed
downloads/Novgorod1230_material_culture_dataset_v1/Novgorod1230_material_culture_dataset_v1/data/catalog_items.csv:HRS0032,Скребница/скребок для ухода за лошадью,new,routed,,analogy,HRS0032,C,1180–1260,Великий Новгород и Новгородская земля,include_d39,passed,No denylist stem matched the archive name.,unique,Horse currycomb is not itself transport equipment and has no routed transport target.,Confidence C: analogue/hypothesis; basis analogy. Horse currycomb is not itself transport equipment and has no routed transport target.,reference_required,высокий: нужен конкретный референс и явная маркировка реконструкции,transport-health-recreation,,routed
downloads/Novgorod1230_material_culture_dataset_v1/Novgorod1230_material_culture_dataset_v1/data/catalog_items.csv:HRS0033,Шпора с ранним колёсиком — осторожно,new,routed,,analogy,HRS0033,C,1180–1260,Великий Новгород и Новгородская земля,include_d39,passed,No denylist stem matched the archive name.,unique,Early spur has no matching transport entity.,Confidence C: analogue/hypothesis; basis analogy. Early spur has no matching transport entity.,reference_required,высокий: нужен конкретный референс и явная маркировка реконструкции,transport-health-recreation,,routed
downloads/Novgorod1230_material_culture_dataset_v1/Novgorod1230_material_culture_dataset_v1/data/catalog_items.csv:HRS0036,Плеть всадника,new,routed,,sourced,HRS0036,A,1180–1260,Великий Новгород и Новгородская земля,include_d39,passed,No denylist stem matched the archive name.,unique,Riding whip has no matching transport entity.,A: direct evidence; linked sources may attest category/form/material/process rather than this exact specimen. Riding whip has no matching transport entity.,safe_with_record_specific_reference,"средний: опасность главным образом в позднем декоре, слишком новом состоянии и неверном масштабе",transport-health-recreation,,routed
downloads/Novgorod1230_material_culture_dataset_v1/Novgorod1230_material_culture_dataset_v1/data/catalog_items.csv:AGR0004,Плетень сельскохозяйственный,new,routed,,logical_necessity,AGR0004,B,1180–1260,Великий Новгород и Новгородская земля,include_d39,passed,No denylist stem matched the archive name.,unique,"Плетень как ограда уже имеет стабильный BIC building type; source row остаётся handoff, crafts не становится владельцем ограды.","B: reconstruction/category/context evidence; basis logical_necessity, not direct item attestation. Плетень как ограда уже имеет стабильный BIC building type; source row остаётся handoff, crafts не становится владельцем ограды.",safe_with_constraints,средне-высокий: без референса генератор часто подменяет форму позднесредневековой или этнографической,buildings-interiors-containers,buildings-interiors-containers/buildings/building_types.csv#bt_wattle_fence,routed
downloads/Novgorod1230_material_culture_dataset_v1/Novgorod1230_material_culture_dataset_v1/data/catalog_items.csv:AGR0005,Огородная грядка,new,routed,,logical_necessity,AGR0005,B,1180–1260,Великий Новгород и Новгородская земля,include_d39,passed,No denylist stem matched the archive name.,unique,"Грядка — участок/место выращивания, а не переносимая материальная сущность; owner — places-binding, pf_orchard_garden.","B: reconstruction/category/context evidence; basis logical_necessity, not direct item attestation. Грядка — участок/место выращивания, а не переносимая материальная сущность; owner — places-binding, pf_orchard_garden.",safe_with_constraints,средне-высокий: без референса генератор часто подменяет форму позднесредневековой или этнографической,places-binding,places-binding/places/place_families.csv#pf_orchard_garden,routed
downloads/Novgorod1230_material_culture_dataset_v1/Novgorod1230_material_culture_dataset_v1/data/catalog_items.csv:AGR0007,Ручной совок зерновой,new,include,,sourced,AGR0007,A,1180–1260,Великий Новгород и Новгородская земля,include_d39,passed,No denylist stem matched the archive name.,unique,Reviewed semantic roots [зернов ручн совок] and family_key [source has no family_key]; no object identity collapsed after ignoring state/size/container/use modifiers.,A: direct evidence; linked sources may attest category/form/material/process rather than this exact specimen.,safe_with_record_specific_reference,"средний: опасность главным образом в позднем декоре, слишком новом состоянии и неверном масштабе",,,candidate
downloads/Novgorod1230_material_culture_dataset_v1/Novgorod1230_material_culture_dataset_v1/data/catalog_items.csv:AGR0014,Копна сена,new,include,,logical_necessity,AGR0014,B,1180–1260,Великий Новгород и Новгородская земля,include_d39,passed,No denylist stem matched the archive name.,unique,Reviewed semantic roots [копн сен] and family_key [source has no family_key]; no object identity collapsed after ignoring state/size/container/use modifiers.,"B: reconstruction/category/context evidence; basis logical_necessity, not direct item attestation.",safe_with_constraints,средне-высокий: без референса генератор часто подменяет форму позднесредневековой или этнографической,,,candidate
downloads/Novgorod1230_material_culture_dataset_v1/Novgorod1230_material_culture_dataset_v1/data/catalog_items.csv:AGR0015,Стог сена,new,include,,logical_necessity,AGR0015,B,1180–1260,Великий Новгород и Новгородская земля,include_d39,passed,No denylist stem matched the archive name.,unique,Reviewed semantic roots [сен стог] and family_key [source has no family_key]; no object identity collapsed after ignoring state/size/container/use modifiers.,"B: reconstruction/category/context evidence; basis logical_necessity, not direct item attestation.",safe_with_constraints,средне-высокий: без референса генератор часто подменяет форму позднесредневековой или этнографической,,,candidate
downloads/Novgorod1230_material_culture_dataset_v1/Novgorod1230_material_culture_dataset_v1/data/catalog_items.csv:AGR0022,Плуг с отвальной доской — спорная реконструкция,new,rejected,,analogy,AGR0022,D,1180–1260,Великий Новгород и Новгородская земля,include_d39,rejected,dl_mouldboard_plough (restricted): Плуг с отвалом для Новгородской земли 1230 г. спорен (matcult AGR0022/0036 = D); норма — соха и рало.,unique,Reviewed semantic roots [доск отвальн плуг реконструкци спорн] and family_key [source has no family_key]; no object identity collapsed after ignoring state/size/container/use modifiers.,Confidence D: analogue/hypothesis; basis analogy.,research_only,критический: не использовать автоматически,,,rejected
downloads/Novgorod1230_material_culture_dataset_v1/Novgorod1230_material_culture_dataset_v1/data/catalog_items.csv:AGR0030,Деревянное ярмо для пары волов,new,routed,,logical_necessity,AGR0030,B,1180–1260,Великий Новгород и Новгородская земля,include_d39,passed,No denylist stem matched the archive name.,unique,Ox yoke belongs to transport harness domain but no matching transport entity exists.,"B: reconstruction/category/context evidence; basis logical_necessity, not direct item attestation. Ox yoke belongs to transport harness domain but no matching transport entity exists.",safe_with_constraints,средне-высокий: без референса генератор часто подменяет форму позднесредневековой или этнографической,transport-health-recreation,,routed
downloads/Novgorod1230_material_culture_dataset_v1/Novgorod1230_material_culture_dataset_v1/data/catalog_items.csv:AGR0031,Железная лопата/заступ — редкая дорогая форма,variant,include,crafts-tools-processes/craft_tools_gear/tools_gear.csv#tl_spade,logical_necessity,AGR0031,B,1180–1260,Великий Новгород и Новгородская земля,include_d39,passed,No denylist stem matched the archive name.,variant_target,"Железная лопата/заступ — редкая дорогая форма существующего инструмента tl_spade; material and rarity are properties, not a new tool identity. Reuses existing crafts owner crafts-tools-processes/craft_tools_gear/tools_gear.csv#tl_spade.","B: reconstruction/category/context evidence; basis logical_necessity, not direct item attestation.",safe_with_constraints,средне-высокий: без референса генератор часто подменяет форму позднесредневековой или этнографической,,,candidate
downloads/Novgorod1230_material_culture_dataset_v1/Novgorod1230_material_culture_dataset_v1/data/catalog_items.csv:AGR0032,"Жернов водяной мельницы — возможен, но контекст обязателен",variant,include,crafts-tools-processes/craft_tools_gear/tools_gear.csv#tl_mill_stone,analogy,AGR0032,C,1180–1260,Великий Новгород и Новгородская земля,include_d39,passed,No denylist stem matched the archive name.,variant_target,Reuses existing crafts owner crafts-tools-processes/craft_tools_gear/tools_gear.csv#tl_mill_stone.,Confidence C: analogue/hypothesis; basis analogy. Archive form/state of the existing millstone tool.,reference_required,высокий: нужен конкретный референс и явная маркировка реконструкции,,,candidate
downloads/Novgorod1230_material_culture_dataset_v1/Novgorod1230_material_culture_dataset_v1/data/catalog_items.csv:AGR0033,Колодный улей,new,include,,analogy,AGR0033,C,1180–1260,Великий Новгород и Новгородская земля,include_d39,passed,No denylist stem matched the archive name.,unique,Reviewed semantic roots [колодн улей] and family_key [source has no family_key]; no object identity collapsed after ignoring state/size/container/use modifiers.,Confidence C: analogue/hypothesis; basis analogy.,reference_required,высокий: нужен конкретный референс и явная маркировка реконструкции,,,candidate
downloads/Novgorod1230_material_culture_dataset_v1/Novgorod1230_material_culture_dataset_v1/data/catalog_items.csv:AGR0034,Лесная борть,new,include,,logical_necessity,AGR0034,B,1180–1260,Великий Новгород и Новгородская земля,include_d39,passed,No denylist stem matched the archive name.,unique,Reviewed semantic roots [борть лесн] and family_key [source has no family_key]; no object identity collapsed after ignoring state/size/container/use modifiers.,"B: reconstruction/category/context evidence; basis logical_necessity, not direct item attestation.",safe_with_constraints,средне-высокий: без референса генератор часто подменяет форму позднесредневековой или этнографической,,,candidate
downloads/Novgorod1230_material_culture_dataset_v1/Novgorod1230_material_culture_dataset_v1/data/catalog_items.csv:AGR0038,Рамная деревянная борона с зубьями,variant,include,crafts-tools-processes/craft_tools_gear/tools_gear.csv#tl_harrow,analogy,AGR0038,C,1180–1260,Великий Новгород и Новгородская земля,add_variant,passed,No denylist stem matched the archive name.,variant_target,Reuses existing crafts owner crafts-tools-processes/craft_tools_gear/tools_gear.csv#tl_harrow.,Confidence C: analogue/hypothesis; basis analogy.,reference_required,высокий: нужен конкретный референс и явная маркировка реконструкции,,,candidate
downloads/Novgorod1230_material_culture_dataset_v1/Novgorod1230_material_culture_dataset_v1/data/catalog_items.csv:AGR0040,Соломенная куча/запас под навесом,variant,include,crafts-tools-processes/materials_registry/materials.csv#mt_straw,sourced,AGR0040,A,1180–1260,Великий Новгород и Новгородская земля,include_d39,passed,No denylist stem matched the archive name.,variant_target,Пучок соломы остаётся соломой mt_straw; связка/количество не создают отдельную сущность. Reuses existing crafts owner crafts-tools-processes/materials_registry/materials.csv#mt_straw.,A: direct evidence; linked sources may attest category/form/material/process rather than this exact specimen.,safe_with_record_specific_reference,"средний: опасность главным образом в позднем декоре, слишком новом состоянии и неверном масштабе",,,candidate
downloads/Novgorod1230_material_culture_dataset_v1/Novgorod1230_material_culture_dataset_v1/data/catalog_items.csv:AGR0041,Суслон из снопов,new,include,,logical_necessity,AGR0041,B,1180–1260,Великий Новгород и Новгородская земля,include_d39,passed,No denylist stem matched the archive name.,unique,Reviewed semantic roots [снопов суслон] and family_key [source has no family_key]; no object identity collapsed after ignoring state/size/container/use modifiers.,"B: reconstruction/category/context evidence; basis logical_necessity, not direct item attestation.",safe_with_constraints,средне-высокий: без референса генератор часто подменяет форму позднесредневековой или этнографической,,,candidate
downloads/Novgorod1230_material_culture_dataset_v1/Novgorod1230_material_culture_dataset_v1/data/catalog_items.csv:FSH0009,Фрагмент рыболовной сети,new,routed,,sourced,FSH0009,A,1180–1260,Великий Новгород и Новгородская земля,include_d39,passed,No denylist stem matched the archive name.,unique,"Владелец текстильного материала, волокна или снасти — crafts; форму, состояние, длину, упаковку и назначение хранить как вариант.","A: direct evidence; linked sources may attest category/form/material/process rather than this exact specimen. Владелец текстильного материала, волокна или снасти — crafts; форму, состояние, длину, упаковку и назначение хранить как вариант.",safe_with_record_specific_reference,"средний: опасность главным образом в позднем декоре, слишком новом состоянии и неверном масштабе",crafts-tools-processes,crafts-tools-processes/craft_processes/process_products.csv#pr:fishing_net,routed
downloads/Novgorod1230_material_culture_dataset_v1/Novgorod1230_material_culture_dataset_v1/data/catalog_items.csv:FSH0018,Жерди для сушки сетей,new,include,,logical_necessity,FSH0018,B,1180–1260,Великий Новгород и Новгородская земля,include_d39,passed,No denylist stem matched the archive name.,unique,Reviewed semantic roots [жерд сетей сушк] and family_key [source has no family_key]; no object identity collapsed after ignoring state/size/container/use modifiers.,"B: reconstruction/category/context evidence; basis logical_necessity, not direct item attestation.",safe_with_constraints,средне-высокий: без референса генератор часто подменяет форму позднесредневековой или этнографической,,,candidate
downloads/Novgorod1230_material_culture_dataset_v1/Novgorod1230_material_culture_dataset_v1/data/catalog_items.csv:FSH0019,Костяной составной крючок — ранняя/специальная форма,new,routed,,analogy,FSH0019,C,1180–1260,Великий Новгород и Новгородская земля,include_d39,passed,No denylist stem matched the archive name.,unique,"Владелец текстильного материала, волокна или снасти — crafts; форму, состояние, длину, упаковку и назначение хранить как вариант.","Confidence C: analogue/hypothesis; basis analogy. Владелец текстильного материала, волокна или снасти — crafts; форму, состояние, длину, упаковку и назначение хранить как вариант.",reference_required,высокий: нужен конкретный референс и явная маркировка реконструкции,crafts-tools-processes,crafts-tools-processes/craft_tools_gear/tools_gear.csv#tl_fishhook,routed
downloads/Novgorod1230_material_culture_dataset_v1/Novgorod1230_material_culture_dataset_v1/data/catalog_items.csv:FSH0020,Леса из растительного волокна,new,routed,,logical_necessity,FSH0020,B,1180–1260,Великий Новгород и Новгородская земля,include_d39,passed,No denylist stem matched the archive name.,unique,"Владелец текстильного материала, волокна или снасти — crafts; форму, состояние, длину, упаковку и назначение хранить как вариант.","B: reconstruction/category/context evidence; basis logical_necessity, not direct item attestation. Владелец текстильного материала, волокна или снасти — crafts; форму, состояние, длину, упаковку и назначение хранить как вариант.",safe_with_constraints,средне-высокий: без референса генератор часто подменяет форму позднесредневековой или этнографической,crafts-tools-processes,crafts-tools-processes/materials_registry/materials.csv#mt_cordage,routed
downloads/Novgorod1230_material_culture_dataset_v1/Novgorod1230_material_culture_dataset_v1/data/catalog_items.csv:FSH0021,Малые сани рыбака,new,routed,,logical_necessity,FSH0021,B,1180–1260,Великий Новгород и Новгородская земля,include_d39,passed,No denylist stem matched the archive name.,unique,Fisherman's hand sled duplicates light cargo sled class.,"B: reconstruction/category/context evidence; basis logical_necessity, not direct item attestation. Fisherman's hand sled duplicates light cargo sled class.",safe_with_constraints,средне-высокий: без референса генератор часто подменяет форму позднесредневековой или этнографической,transport-health-recreation,transport-health-recreation/transport_travel/transport_entities.csv#trv_026,routed
downloads/Novgorod1230_material_culture_dataset_v1/Novgorod1230_material_culture_dataset_v1/data/catalog_items.csv:FSH0023,Перемёт/ярус с несколькими крючками,new,include,,logical_necessity,FSH0023,B,1180–1260,Великий Новгород и Новгородская земля,include_d39,passed,No denylist stem matched the archive name.,unique,Reviewed semantic roots [крючк нескольк перемет ярус] and family_key [source has no family_key]; no object identity collapsed after ignoring state/size/container/use modifiers.,"B: reconstruction/category/context evidence; basis logical_necessity, not direct item attestation.",safe_with_constraints,средне-высокий: без референса генератор часто подменяет форму позднесредневековой или этнографической,,,candidate
downloads/Novgorod1230_material_culture_dataset_v1/Novgorod1230_material_culture_dataset_v1/data/catalog_items.csv:FSH0025,Рыболовный закол/частокол,new,routed,,logical_necessity,FSH0025,B,1180–1260,Великий Новгород и Новгородская земля,include_d39,passed,No denylist stem matched the archive name.,unique,Fishing weir method belongs to fauna fishing-method owner.,"B: reconstruction/category/context evidence; basis logical_necessity, not direct item attestation. Fishing weir method belongs to fauna fishing-method owner.",safe_with_constraints,средне-высокий: без референса генератор часто подменяет форму позднесредневековой или этнографической,fauna-fish-invertebrates-livestock,fauna-fish-invertebrates-livestock/fauna/fishing_methods.csv#fm_weir_zakol,routed
downloads/Novgorod1230_material_culture_dataset_v1/Novgorod1230_material_culture_dataset_v1/data/catalog_items.csv:FSH0032,Рыболовная сеть из растительного волокна,new,routed,,sourced,FSH0032,A,1180–1260,Великий Новгород и Новгородская земля,include_d39,passed,No denylist stem matched the archive name.,unique,"Владелец текстильного материала, волокна или снасти — crafts; форму, состояние, длину, упаковку и назначение хранить как вариант.","A: direct evidence; linked sources may attest category/form/material/process rather than this exact specimen. Владелец текстильного материала, волокна или снасти — crafts; форму, состояние, длину, упаковку и назначение хранить как вариант.",safe_with_record_specific_reference,"средний: опасность главным образом в позднем декоре, слишком новом состоянии и неверном масштабе",crafts-tools-processes,crafts-tools-processes/craft_processes/process_products.csv#pr:fishing_net,routed
downloads/Novgorod1230_material_culture_dataset_v1/Novgorod1230_material_culture_dataset_v1/data/catalog_items.csv:HNT0004,Манок деревянный/костяной,new,include,,analogy,HNT0004,C,1180–1260,Великий Новгород и Новгородская земля,include_d39,passed,No denylist stem matched the archive name.,unique,Reviewed semantic roots [деревянн костян манок] and family_key [source has no family_key]; no object identity collapsed after ignoring state/size/container/use modifiers.,Confidence C: analogue/hypothesis; basis analogy.,reference_required,высокий: нужен конкретный референс и явная маркировка реконструкции,,,candidate
downloads/Novgorod1230_material_culture_dataset_v1/Novgorod1230_material_culture_dataset_v1/data/catalog_items.csv:HNT0011,Клетка для живой птицы/приманки,new,include,,analogy,HNT0011,C,1180–1260,Великий Новгород и Новгородская земля,include_d39,passed,No denylist stem matched the archive name.,unique,Reviewed semantic roots [жив клетк приманк птиц] and family_key [source has no family_key]; no object identity collapsed after ignoring state/size/container/use modifiers.,Confidence C: analogue/hypothesis; basis analogy.,reference_required,высокий: нужен конкретный референс и явная маркировка реконструкции,,,candidate
downloads/Novgorod1230_material_culture_dataset_v1/Novgorod1230_material_culture_dataset_v1/data/catalog_items.csv:HNT0012,Кожаный поводок охотничьей собаки,new,include,,logical_necessity,HNT0012,B,1180–1260,Великий Новгород и Новгородская земля,include_d39,passed,No denylist stem matched the archive name.,unique,Reviewed semantic roots [кожан охотничьей поводок собак] and family_key [source has no family_key]; no object identity collapsed after ignoring state/size/container/use modifiers.,"B: reconstruction/category/context evidence; basis logical_necessity, not direct item attestation.",safe_with_constraints,средне-высокий: без референса генератор часто подменяет форму позднесредневековой или этнографической,,,candidate
downloads/Novgorod1230_material_culture_dataset_v1/Novgorod1230_material_culture_dataset_v1/data/catalog_items.csv:HNT0013,Ловчая птица на перчатке — элитная практика,new,routed,,analogy,HNT0013,C,1180–1260,Великий Новгород и Новгородская земля,include_d39,passed,No denylist stem matched the archive name.,unique,Falconry/hawking is fauna hunting method,Confidence C: analogue/hypothesis; basis analogy. Falconry/hawking is fauna hunting method,reference_required,высокий: нужен конкретный референс и явная маркировка реконструкции,fauna-mammals-birds,fauna-mammals-birds/fauna/hunting_methods.csv#hm_hawking,routed
downloads/Novgorod1230_material_culture_dataset_v1/Novgorod1230_material_culture_dataset_v1/data/catalog_items.csv:HNT0017,Промысловые ручные сани,new,routed,,logical_necessity,HNT0017,B,1180–1260,Великий Новгород и Новгородская земля,include_d39,passed,No denylist stem matched the archive name.,unique,Hunter's hand sled duplicates light cargo sled class.,"B: reconstruction/category/context evidence; basis logical_necessity, not direct item attestation. Hunter's hand sled duplicates light cargo sled class.",safe_with_constraints,средне-высокий: без референса генератор часто подменяет форму позднесредневековой или этнографической,transport-health-recreation,transport-health-recreation/transport_travel/transport_entities.csv#trv_026,routed
downloads/Novgorod1230_material_culture_dataset_v1/Novgorod1230_material_culture_dataset_v1/data/catalog_items.csv:HNT0024,Железный капкан — спорная форма,new,rejected,,analogy,HNT0024,D,1180–1260,Великий Новгород и Новгородская земля,include_d39,rejected,"dl_steel_trap (deny): Железный капкан для Новгорода XIII в. не засвидетельствован (matcult HNT0022/HNT0024 = D; у Рыбиной 2015 ловушек-капканов нет). Разрешены петли, силки, давящие самоловы.",unique,Reviewed semantic roots [железн капкан спорн форм] and family_key [source has no family_key]; no object identity collapsed after ignoring state/size/container/use modifiers.,Confidence D: analogue/hypothesis; basis analogy.,research_only,критический: не использовать автоматически,,,rejected
downloads/Novgorod1230_material_culture_dataset_v1/Novgorod1230_material_culture_dataset_v1/data/catalog_items.csv:HNT0028,Снегоступы — спорная региональная реконструкция,new,rejected,,analogy,HNT0028,D,1180–1260,Великий Новгород и Новгородская земля,include_d39,rejected,"D38: D-confidence, research_only, critical anachronism risk.",unique,Reviewed semantic roots [региональн реконструкци снегоступ спорн] and family_key [source has no family_key]; no object identity collapsed after ignoring state/size/container/use modifiers.,"Confidence D: analogue/hypothesis; basis analogy. D38: D-confidence, research_only, critical anachronism risk.",research_only,критический: не использовать автоматически,,,rejected
downloads/Novgorod1230_material_culture_dataset_v1/Novgorod1230_material_culture_dataset_v1/data/catalog_items.csv:CRF0004,Скребок для теста,new,include,,logical_necessity,CRF0004,B,1180–1260,Великий Новгород и Новгородская земля,include_d39,passed,No denylist stem matched the archive name.,unique,Reviewed semantic roots [скребок тест] and family_key [source has no family_key]; no object identity collapsed after ignoring state/size/container/use modifiers.,"B: reconstruction/category/context evidence; basis logical_necessity, not direct item attestation.",safe_with_constraints,средне-высокий: без референса генератор часто подменяет форму позднесредневековой или этнографической,,,candidate
downloads/Novgorod1230_material_culture_dataset_v1/Novgorod1230_material_culture_dataset_v1/data/catalog_items.csv:CRF0009,Связка корабельных заклёпок,new,routed,,sourced,CRF0009,A,1180–1260,Великий Новгород и Новгородская земля,include_d39,passed,No denylist stem matched the archive name.,unique,Bundle of ship rivets duplicates WTR0021 ship fastening entity.,A: direct evidence; linked sources may attest category/form/material/process rather than this exact specimen. Bundle of ship rivets duplicates WTR0021 ship fastening entity.,safe_with_record_specific_reference,"средний: опасность главным образом в позднем декоре, слишком новом состоянии и неверном масштабе",transport-health-recreation,transport-health-recreation/transport_travel/transport_entities.csv#trv_016,routed
downloads/Novgorod1230_material_culture_dataset_v1/Novgorod1230_material_culture_dataset_v1/data/catalog_items.csv:CRF0010,Клепальный молоток,new,include,,logical_necessity,CRF0010,B,1180–1260,Великий Новгород и Новгородская земля,include_d39,passed,No denylist stem matched the archive name.,unique,Reviewed semantic roots [клепальн молоток] and family_key [source has no family_key]; no object identity collapsed after ignoring state/size/container/use modifiers.,"B: reconstruction/category/context evidence; basis logical_necessity, not direct item attestation.",safe_with_constraints,средне-высокий: без референса генератор часто подменяет форму позднесредневековой или этнографической,,,candidate
downloads/Novgorod1230_material_culture_dataset_v1/Novgorod1230_material_culture_dataset_v1/data/catalog_items.csv:CRF0013,Корабельный топор,new,include,,logical_necessity,CRF0013,B,1180–1260,Великий Новгород и Новгородская земля,include_d39,passed,No denylist stem matched the archive name.,unique,Reviewed semantic roots [корабельн топор] and family_key [source has no family_key]; no object identity collapsed after ignoring state/size/container/use modifiers.,"B: reconstruction/category/context evidence; basis logical_necessity, not direct item attestation.",safe_with_constraints,средне-высокий: без референса генератор часто подменяет форму позднесредневековой или этнографической,,,candidate
downloads/Novgorod1230_material_culture_dataset_v1/Novgorod1230_material_culture_dataset_v1/data/catalog_items.csv:CRF0018,Мешалка пивоваренная,new,include,,logical_necessity,CRF0018,B,1180–1260,Великий Новгород и Новгородская земля,include_d39,passed,No denylist stem matched the archive name.,unique,Reviewed semantic roots [мешалк пивоваренн] and family_key [source has no family_key]; no object identity collapsed after ignoring state/size/container/use modifiers.,"B: reconstruction/category/context evidence; basis logical_necessity, not direct item attestation.",safe_with_constraints,средне-высокий: без референса генератор часто подменяет форму позднесредневековой или этнографической,,,candidate
downloads/Novgorod1230_material_culture_dataset_v1/Novgorod1230_material_culture_dataset_v1/data/catalog_items.csv:CRF0025,Кожаный обрезок сапожной мастерской,new,include,,sourced,category-level evidence (category_form_material_process_or_context): CRF0025,A,1180–1260,Великий Новгород и Новгородская земля,include_d39,passed,No denylist stem matched the archive name.,unique,Базовая сущность сапожных кожаных обрезков; единый владелец кожаных обрезков кластера.,A: category-level evidence (category_form_material_process_or_context). Базовая сущность сапожных кожаных обрезков; единый владелец кожаных обрезков кластера.,safe_with_record_specific_reference,"средний: опасность главным образом в позднем декоре, слишком новом состоянии и неверном масштабе",crafts-tools-processes,crafts-tools-processes/materials_registry/material_entities.csv#n1230:material_item:crf0025,candidate
downloads/Novgorod1230_material_culture_dataset_v1/Novgorod1230_material_culture_dataset_v1/data/catalog_items.csv:CRF0026,Отходы косторезного производства,new,include,,sourced,CRF0026,A,1180–1260,Великий Новгород и Новгородская земля,include_d39,passed,No denylist stem matched the archive name.,unique,Boneworking production waste is a real craft byproduct and archaeological marker; retain one entity with a process-specific reason.,A: direct evidence; linked sources may attest category/form/material/process rather than this exact specimen. Boneworking production waste is a real craft byproduct and archaeological marker; retain one entity with a process-specific reason.,safe_with_record_specific_reference,"средний: опасность главным образом в позднем декоре, слишком новом состоянии и неверном масштабе",crafts-tools-processes,,candidate
downloads/Novgorod1230_material_culture_dataset_v1/Novgorod1230_material_culture_dataset_v1/data/catalog_items.csv:CRF0031,Пучок красильного сырья,variant,include,crafts-tools-processes/materials_registry/materials.csv#mt_textile_dyes,logical_necessity,CRF0031,B,1180–1260,Великий Новгород и Новгородская земля,include_d39,passed,No denylist stem matched the archive name.,variant_target,Reuses existing crafts owner crafts-tools-processes/materials_registry/materials.csv#mt_textile_dyes.,"B: reconstruction/category/context evidence; basis logical_necessity, not direct item attestation. Textile-dye variant of existing dye material.",safe_with_constraints,средне-высокий: без референса генератор часто подменяет форму позднесредневековой или этнографической,,,candidate
downloads/Novgorod1230_material_culture_dataset_v1/Novgorod1230_material_culture_dataset_v1/data/catalog_items.csv:CRF0033,Стекловидная эмалевая масса,variant,include,crafts-tools-processes/materials_registry/materials.csv#mt_enamel,logical_necessity,CRF0033,B,1180–1260,Великий Новгород и Новгородская земля,include_d39,passed,No denylist stem matched the archive name.,variant_target,Existing enamel material duplicate; keep as material reference; no second material entity. Reuses existing crafts owner crafts-tools-processes/materials_registry/materials.csv#mt_enamel.,"B: reconstruction/category/context evidence; basis logical_necessity, not direct item attestation. Existing enamel material duplicate; keep as material reference; no second material entity.",safe_with_constraints,средне-высокий: без референса генератор часто подменяет форму позднесредневековой или этнографической,,,candidate
downloads/Novgorod1230_material_culture_dataset_v1/Novgorod1230_material_culture_dataset_v1/data/catalog_items.csv:CRF0040,Стеклянный расплав/лом,new,include,,logical_necessity,CRF0040,B,1180–1260,Великий Новгород и Новгородская земля,include_d39,passed,No denylist stem matched the archive name.,unique,Reviewed semantic roots [расплав стеклянн] and family_key [source has no family_key]; no object identity collapsed after ignoring state/size/container/use modifiers.,"B: reconstruction/category/context evidence; basis logical_necessity, not direct item attestation.",safe_with_constraints,средне-высокий: без референса генератор часто подменяет форму позднесредневековой или этнографической,,,candidate
downloads/Novgorod1230_material_culture_dataset_v1/Novgorod1230_material_culture_dataset_v1/data/catalog_items.csv:CRF0046,Моток металлической проволоки,variant,include,crafts-tools-processes/materials_registry/materials.csv#mt_nonferrous_generic,sourced,CRF0046,A,1180–1260,Великий Новгород и Новгородская земля,include_d39,passed,No denylist stem matched the archive name.,variant_target,Wire form is a property; alloy unspecified; use generic nonferrous material rather than iron. Reuses existing crafts owner crafts-tools-processes/materials_registry/materials.csv#mt_nonferrous_generic.,A: direct evidence; linked sources may attest category/form/material/process rather than this exact specimen. Wire form is a property; alloy unspecified; use generic nonferrous material rather than iron.,safe_with_record_specific_reference,"средний: опасность главным образом в позднем декоре, слишком новом состоянии и неверном масштабе",,,candidate
downloads/Novgorod1230_material_culture_dataset_v1/Novgorod1230_material_culture_dataset_v1/data/catalog_items.csv:CRF0047,Деревянный угольник,new,include,,logical_necessity,CRF0047,B,1180–1260,Великий Новгород и Новгородская земля,include_d39,passed,No denylist stem matched the archive name.,unique,Reviewed semantic roots [деревянн угольник] and family_key [source has no family_key]; no object identity collapsed after ignoring state/size/container/use modifiers.,"B: reconstruction/category/context evidence; basis logical_necessity, not direct item attestation.",safe_with_constraints,средне-высокий: без референса генератор часто подменяет форму позднесредневековой или этнографической,,,candidate
downloads/Novgorod1230_material_culture_dataset_v1/Novgorod1230_material_culture_dataset_v1/data/catalog_items.csv:CRF0054,Солод на сушильном настиле,new,routed,,analogy,CRF0054,C,1180–1260,Великий Новгород и Новгородская земля,include_d39,passed,No denylist stem matched the archive name.,unique,Kind owner routed to food-drink.,Confidence C: analogue/hypothesis; basis analogy. Kind owner routed to food-drink.,reference_required,высокий: нужен конкретный референс и явная маркировка реконструкции,food-drink,food-drink/food/ingredients.csv#fd_dried_malt,routed
downloads/Novgorod1230_material_culture_dataset_v1/Novgorod1230_material_culture_dataset_v1/data/catalog_items.csv:CRF0055,Полоса железа-заготовка,variant,include,crafts-tools-processes/materials_registry/materials.csv#mt_iron,sourced,CRF0055,A,1180–1260,Великий Новгород и Новгородская земля,include_d39,passed,No denylist stem matched the archive name.,variant_target,Iron stock strip form belongs to iron material; no separate type. Reuses existing crafts owner crafts-tools-processes/materials_registry/materials.csv#mt_iron.,A: direct evidence; linked sources may attest category/form/material/process rather than this exact specimen. Iron stock strip form belongs to iron material; no separate type.,safe_with_record_specific_reference,"средний: опасность главным образом в позднем декоре, слишком новом состоянии и неверном масштабе",,,candidate
downloads/Novgorod1230_material_culture_dataset_v1/Novgorod1230_material_culture_dataset_v1/data/catalog_items.csv:CRF0056,Проволока железная,variant,include,crafts-tools-processes/materials_registry/materials.csv#mt_iron,sourced,CRF0056,A,1180–1260,Великий Новгород и Новгородская земля,include_d39,passed,No denylist stem matched the archive name.,variant_target,Iron wire form belongs to iron material; no separate type. Reuses existing crafts owner crafts-tools-processes/materials_registry/materials.csv#mt_iron.,A: direct evidence; linked sources may attest category/form/material/process rather than this exact specimen. Iron wire form belongs to iron material; no separate type.,safe_with_record_specific_reference,"средний: опасность главным образом в позднем декоре, слишком новом состоянии и неверном масштабе",,,candidate
downloads/Novgorod1230_material_culture_dataset_v1/Novgorod1230_material_culture_dataset_v1/data/catalog_items.csv:CRF0058,Мельничный жёрнов верхний,variant,include,crafts-tools-processes/craft_tools_gear/tools_gear.csv#tl_mill_stone,logical_necessity,CRF0058,B,1180–1260,Великий Новгород и Новгородская земля,include_d39,passed,No denylist stem matched the archive name.,variant_target,Reuses existing crafts owner crafts-tools-processes/craft_tools_gear/tools_gear.csv#tl_mill_stone.,"B: reconstruction/category/context evidence; basis logical_necessity, not direct item attestation. Archive form/state of the existing millstone tool.",safe_with_constraints,средне-высокий: без референса генератор часто подменяет форму позднесредневековой или этнографической,,,candidate
downloads/Novgorod1230_material_culture_dataset_v1/Novgorod1230_material_culture_dataset_v1/data/catalog_items.csv:CRF0059,Медный/бронзовый слиток-заготовка,variant,include,crafts-tools-processes/materials_registry/materials.csv#mt_nonferrous_generic,logical_necessity,CRF0059,B,1180–1260,Великий Новгород и Новгородская земля,include_d39,passed,No denylist stem matched the archive name.,variant_target,Copper or bronze stock has unspecified composition; use generic nonferrous material rather than iron or an unsupported alloy. Reuses existing crafts owner crafts-tools-processes/materials_registry/materials.csv#mt_nonferrous_generic.,"B: reconstruction/category/context evidence; basis logical_necessity, not direct item attestation. Copper or bronze stock has unspecified composition; use generic nonferrous material rather than iron or an unsupported alloy.",safe_with_constraints,средне-высокий: без референса генератор часто подменяет форму позднесредневековой или этнографической,,,candidate
downloads/Novgorod1230_material_culture_dataset_v1/Novgorod1230_material_culture_dataset_v1/data/catalog_items.csv:CRF0061,Гончарный круг ножной — спорный,new,rejected,,analogy,CRF0061,D,1180–1260,Великий Новгород и Новгородская земля,include_d39,rejected,"D38: D-confidence, research_only, critical anachronism risk.",unique,Reviewed semantic roots [гончарн круг ножн спорн] and family_key [source has no family_key]; no object identity collapsed after ignoring state/size/container/use modifiers.,"Confidence D: analogue/hypothesis; basis analogy. D38: D-confidence, research_only, critical anachronism risk.",research_only,критический: не использовать автоматически,,,rejected
downloads/Novgorod1230_material_culture_dataset_v1/Novgorod1230_material_culture_dataset_v1/data/catalog_items.csv:CRF0065,Ком гончарной глины,variant,include,crafts-tools-processes/materials_registry/materials.csv#mt_clay,sourced,CRF0065,A,1180–1260,Великий Новгород и Новгородская земля,add_variant,passed,No denylist stem matched the archive name.,variant_target,Ком гончарной глины — порция сырого материала. Reuses existing crafts owner crafts-tools-processes/materials_registry/materials.csv#mt_clay.,A: direct evidence; linked sources may attest category/form/material/process rather than this exact specimen. Ком гончарной глины — порция сырого материала.,safe_with_record_specific_reference,"средний: опасность главным образом в позднем декоре, слишком новом состоянии и неверном масштабе",,,candidate
downloads/Novgorod1230_material_culture_dataset_v1/Novgorod1230_material_culture_dataset_v1/data/catalog_items.csv:CRF0066,Гончарная струна,new,include,,analogy,CRF0066,C,1180–1260,Великий Новгород и Новгородская земля,include_d39,passed,No denylist stem matched the archive name.,unique,Reviewed semantic roots [гончарн струн] and family_key [source has no family_key]; no object identity collapsed after ignoring state/size/container/use modifiers.,Confidence C: analogue/hypothesis; basis analogy.,reference_required,высокий: нужен конкретный референс и явная маркировка реконструкции,,,candidate
downloads/Novgorod1230_material_culture_dataset_v1/Novgorod1230_material_culture_dataset_v1/data/catalog_items.csv:CRF0068,Слиток серебра малый,variant,include,crafts-tools-processes/materials_registry/materials.csv#mt_silver,sourced,CRF0068,A,1180–1260,Великий Новгород и Новгородская земля,include_d39,passed,No denylist stem matched the archive name.,variant_target,Silver ingot is a form of silver material; never map to iron. Reuses existing crafts owner crafts-tools-processes/materials_registry/materials.csv#mt_silver.,A: direct evidence; linked sources may attest category/form/material/process rather than this exact specimen. Silver ingot is a form of silver material; never map to iron.,safe_with_record_specific_reference,"средний: опасность главным образом в позднем декоре, слишком новом состоянии и неверном масштабе",,,candidate
downloads/Novgorod1230_material_culture_dataset_v1/Novgorod1230_material_culture_dataset_v1/data/catalog_items.csv:CRF0071,Заготовка верха обуви,new,include,,sourced,CRF0071,A,1180–1260,Великий Новгород и Новгородская земля,include_d39,passed,No denylist stem matched the archive name.,unique,Reviewed semantic roots [верх обув] and family_key [source has no family_key]; no object identity collapsed after ignoring state/size/container/use modifiers.,A: direct evidence; linked sources may attest category/form/material/process rather than this exact specimen.,safe_with_record_specific_reference,"средний: опасность главным образом в позднем декоре, слишком новом состоянии и неверном масштабе",,,candidate
downloads/Novgorod1230_material_culture_dataset_v1/Novgorod1230_material_culture_dataset_v1/data/catalog_items.csv:CRF0072,Заготовка подошвы,new,include,,sourced,CRF0072,A,1180–1260,Великий Новгород и Новгородская земля,include_d39,passed,No denylist stem matched the archive name.,unique,Reviewed semantic roots [подошв] and family_key [source has no family_key]; no object identity collapsed after ignoring state/size/container/use modifiers.,A: direct evidence; linked sources may attest category/form/material/process rather than this exact specimen.,safe_with_record_specific_reference,"средний: опасность главным образом в позднем декоре, слишком новом состоянии и неверном масштабе",,,candidate
downloads/Novgorod1230_material_culture_dataset_v1/Novgorod1230_material_culture_dataset_v1/data/catalog_items.csv:CRF0085,Кора для дубления,variant,include,crafts-tools-processes/materials_registry/materials.csv#mt_bark_tanning,logical_necessity,CRF0085,B,1180–1260,Великий Новгород и Новгородская земля,include_d39,passed,No denylist stem matched the archive name.,variant_target,Reuses existing crafts owner crafts-tools-processes/materials_registry/materials.csv#mt_bark_tanning.,"B: reconstruction/category/context evidence; basis logical_necessity, not direct item attestation. Tanning-bark form of the existing bark-tanning material.",safe_with_constraints,средне-высокий: без референса генератор часто подменяет форму позднесредневековой или этнографической,,,candidate
downloads/Novgorod1230_material_culture_dataset_v1/Novgorod1230_material_culture_dataset_v1/data/catalog_items.csv:CRF0094,Керамический брак,new,include,,sourced,category-level evidence (category_form_material_process_or_context): CRF0094,A,1180–1260,Великий Новгород и Новгородская земля,include_d39,passed,No denylist stem matched the archive name.,unique,Керамический брак — самостоятельный производственный отход.,A: category-level evidence (category_form_material_process_or_context). Керамический брак — самостоятельный производственный отход.,safe_with_record_specific_reference,"средний: опасность главным образом в позднем декоре, слишком новом состоянии и неверном масштабе",crafts-tools-processes,crafts-tools-processes/materials_registry/material_entities.csv#n1230:material_item:crf0094,candidate
downloads/Novgorod1230_material_culture_dataset_v1/Novgorod1230_material_culture_dataset_v1/data/catalog_items.csv:CRF0097,Деревянная стружка и щепа,new,include,,sourced,CRF0097,A,1180–1260,Великий Новгород и Новгородская земля,include_d39,passed,No denylist stem matched the archive name.,unique,Reviewed semantic roots [деревянн стружк щеп] and family_key [source has no family_key]; no object identity collapsed after ignoring state/size/container/use modifiers.,A: direct evidence; linked sources may attest category/form/material/process rather than this exact specimen.,safe_with_record_specific_reference,"средний: опасность главным образом в позднем декоре, слишком новом состоянии и неверном масштабе",,,candidate
downloads/Novgorod1230_material_culture_dataset_v1/Novgorod1230_material_culture_dataset_v1/data/catalog_items.csv:CRF0099,Коловорот/ручное сверло,variant,include,crafts-tools-processes/craft_tools_gear/tools_gear.csv#tl_auger_spoon,logical_necessity,CRF0099,B,1180–1260,Великий Новгород и Новгородская земля,include_d39,passed,No denylist stem matched the archive name.,variant_target,Reuses existing crafts owner crafts-tools-processes/craft_tools_gear/tools_gear.csv#tl_auger_spoon.,"B: reconstruction/category/context evidence; basis logical_necessity, not direct item attestation. Коловорот — вариант применения существующего сверла/буравчика.",safe_with_constraints,средне-высокий: без референса генератор часто подменяет форму позднесредневековой или этнографической,,,candidate
downloads/Novgorod1230_material_culture_dataset_v1/Novgorod1230_material_culture_dataset_v1/data/catalog_items.csv:CRF0105,Кожаная выкройка/обрезки обуви,variant,include,crafts-tools-processes/materials_registry/material_entities.csv#n1230:material_item:crf0025,sourced,CRF0105,A,1180–1260,Великий Новгород и Новгородская земля,include_d39,passed,No denylist stem matched the archive name.,variant_target,Кожаная выкройка/обрезки обуви дублируют класс кожаных обрезков CRF0025. Reuses existing crafts owner crafts-tools-processes/materials_registry/material_entities.csv#n1230:material_item:crf0025.,A: direct evidence; linked sources may attest category/form/material/process rather than this exact specimen. Кожаная выкройка/обрезки обуви дублируют класс кожаных обрезков CRF0025.,safe_with_record_specific_reference,"средний: опасность главным образом в позднем декоре, слишком новом состоянии и неверном масштабе",,,candidate
downloads/Novgorod1230_material_culture_dataset_v1/Novgorod1230_material_culture_dataset_v1/data/catalog_items.csv:CRF0115,Роговая и костяная заготовка,new,include,,sourced,CRF0115,A,1180–1260,Великий Новгород и Новгородская земля,include_d39,passed,No denylist stem matched the archive name.,unique,Combined bone-and-horn semifinished blank has two distinct material inputs and is not accurately represented by any single mt_bone/mt_antler/mt_horn target.,A: direct evidence; linked sources may attest category/form/material/process rather than this exact specimen. Combined bone-and-horn semifinished blank has two distinct material inputs and is not accurately represented by any single mt_bone/mt_antler/mt_horn target.,safe_with_record_specific_reference,"средний: опасность главным образом в позднем декоре, слишком новом состоянии и неверном масштабе",crafts-tools-processes,,candidate
downloads/Novgorod1230_material_culture_dataset_v1/Novgorod1230_material_culture_dataset_v1/data/catalog_items.csv:CRF0122,Кузнечный шлак,variant,include,crafts-tools-processes/materials_registry/materials.csv#mt_forge_slag,sourced,category-level evidence (category_form_material_process_or_context): CRF0122,A,1180–1260,Великий Новгород и Новгородская земля,include_d39,passed,No denylist stem matched the archive name.,variant_target,Reuses existing crafts owner crafts-tools-processes/materials_registry/materials.csv#mt_forge_slag.,A: category-level evidence (category_form_material_process_or_context). Forge-slag material; do not create duplicate type.,safe_with_record_specific_reference,"средний: опасность главным образом в позднем декоре, слишком новом состоянии и неверном масштабе",,,candidate
downloads/Novgorod1230_material_culture_dataset_v1/Novgorod1230_material_culture_dataset_v1/data/catalog_items.csv:CRF0126,Мельничный деревянный вал,new,routed,,analogy,CRF0126,C,1180–1260,Великий Новгород и Новгородская земля,include_d39,passed,No denylist stem matched the archive name.,unique,Дублирует CRF0057; обе записи указывают на одну и ту же реконструируемую мельничную деталь.,Confidence C: analogue/hypothesis; basis analogy. Дублирует CRF0057; обе записи указывают на одну и ту же реконструируемую мельничную деталь.,reference_required,высокий: нужен конкретный референс и явная маркировка реконструкции,buildings-interiors-containers,bp_water_wheel,routed
downloads/Novgorod1230_material_culture_dataset_v1/Novgorod1230_material_culture_dataset_v1/data/catalog_items.csv:CRF0136,Стеклянная заготовка/капля,variant,include,crafts-tools-processes/materials_registry/materials.csv#mt_glass,logical_necessity,CRF0136,B,1180–1260,Великий Новгород и Новгородская земля,add_variant,passed,No denylist stem matched the archive name.,variant_target,Reuses existing crafts owner crafts-tools-processes/materials_registry/materials.csv#mt_glass.,"B: reconstruction/category/context evidence; basis logical_necessity, not direct item attestation.",safe_with_constraints,средне-высокий: без референса генератор часто подменяет форму позднесредневековой или этнографической,,,candidate
downloads/Novgorod1230_material_culture_dataset_v1/Novgorod1230_material_culture_dataset_v1/data/catalog_items.csv:CRF0149,Слиток/обрезок цветного металла,variant,include,crafts-tools-processes/materials_registry/materials.csv#mt_nonferrous_generic,sourced,CRF0149,A,1180–1260,Великий Новгород и Новгородская земля,include_d39,passed,No denylist stem matched the archive name.,variant_target,Colored-metal stock has unspecified alloy; use generic nonferrous material. Reuses existing crafts owner crafts-tools-processes/materials_registry/materials.csv#mt_nonferrous_generic.,A: direct evidence; linked sources may attest category/form/material/process rather than this exact specimen. Colored-metal stock has unspecified alloy; use generic nonferrous material.,safe_with_record_specific_reference,"средний: опасность главным образом в позднем декоре, слишком новом состоянии и неверном масштабе",,,candidate
downloads/Novgorod1230_material_culture_dataset_v1/Novgorod1230_material_culture_dataset_v1/data/catalog_items.csv:WRT0019,Матрица вислой печати — редкая,variant,include,crafts-tools-processes/craft_processes/process_products.csv#pr:seal_matrix,analogy,WRT0019,C,1180–1260,Великий Новгород и Новгородская земля,include_d39,passed,No denylist stem matched the archive name.,variant_target,Reuses existing crafts owner crafts-tools-processes/craft_processes/process_products.csv#pr:seal_matrix.,Confidence C: analogue/hypothesis; basis analogy. Seal matrix material variant; existing product owns identity.,reference_required,высокий: нужен конкретный референс и явная маркировка реконструкции,,,candidate
downloads/Novgorod1230_material_culture_dataset_v1/Novgorod1230_material_culture_dataset_v1/data/catalog_items.csv:FRN0011,Иностранная корабельная снасть,new,routed,,analogy,FRN0011,C,1180–1260,Великий Новгород и Новгородская земля,include_d39,passed,No denylist stem matched the archive name.,unique,Foreign ship tackle has no matching identity in current transport table.,Confidence C: analogue/hypothesis; basis analogy. Foreign ship tackle has no matching identity in current transport table.,reference_required,высокий: нужен конкретный референс и явная маркировка реконструкции,transport-health-recreation,,routed
downloads/Novgorod1230_material_culture_dataset_v1/Novgorod1230_material_culture_dataset_v1/data/catalog_items.csv:FRN0035,Карельская/ижорская малая лодка — сравнительная форма,new,routed,,analogy,FRN0035,C,1180–1260,Великий Новгород и Новгородская земля,include_d39,passed,No denylist stem matched the archive name.,unique,Karelian or Izhorian boat belongs to existing river boat class.,Confidence C: analogue/hypothesis; basis analogy. Karelian or Izhorian boat belongs to existing river boat class.,reference_required,высокий: нужен конкретный референс и явная маркировка реконструкции,transport-health-recreation,transport-health-recreation/transport_travel/transport_entities.csv#trv_004,routed
downloads/Novgorod1230_material_culture_dataset_v1/Novgorod1230_material_culture_dataset_v1/data/catalog_items.csv:FRN0041,Готландская/скандинавская клинкерная лодка,new,routed,,logical_necessity,FRN0041,B,1180–1260,Великий Новгород и Новгородская земля,include_d39,passed,No denylist stem matched the archive name.,unique,Clinker boat belongs to existing river boat class.,"B: reconstruction/category/context evidence; basis logical_necessity, not direct item attestation. Clinker boat belongs to existing river boat class.",safe_with_constraints,средне-высокий: без референса генератор часто подменяет форму позднесредневековой или этнографической,transport-health-recreation,transport-health-recreation/transport_travel/transport_entities.csv#trv_004,routed
downloads/Novgorod1230_material_culture_dataset_v1/Novgorod1230_material_culture_dataset_v1/data/catalog_items.csv:FRN0051,Ранний когг как морское судно поставки,new,routed,,analogy,FRN0051,C,1180–1260,Великий Новгород и Новгородская земля,include_d39,passed,No denylist stem matched the archive name.,unique,Early cog belongs to existing watercraft class.,Confidence C: analogue/hypothesis; basis analogy. Early cog belongs to existing watercraft class.,reference_required,высокий: нужен конкретный референс и явная маркировка реконструкции,transport-health-recreation,transport-health-recreation/transport_travel/transport_entities.csv#trv_003,routed
downloads/Novgorod1230_material_culture_dataset_v1/Novgorod1230_material_culture_dataset_v1/data/catalog_items.csv:MSC0008,Мох для конопатки,variant,include,crafts-tools-processes/materials_registry/materials.csv#mt_moss,logical_necessity,MSC0008,B,1180–1260,Великий Новгород и Новгородская земля,add_variant,passed,No denylist stem matched the archive name.,variant_target,Reuses existing crafts owner crafts-tools-processes/materials_registry/materials.csv#mt_moss.,"B: reconstruction/category/context evidence; basis logical_necessity, not direct item attestation.",safe_with_constraints,средне-высокий: без референса генератор часто подменяет форму позднесредневековой или этнографической,,,candidate
data/normalized_source_tables/material_entities/material_entities.csv:OMI00349,Шерстяной шнур,variant,include,crafts-tools-processes/materials_registry/materials.csv#mt_cordage,analogy,data/normalized_source_tables/material_entities/material_entities.csv#OMI00349,C,1180–1260,Великий Новгород и Новгородская земля; центр модели — около 1230 года,add_variant,passed,No denylist stem matched the archive name.,variant_target,"Владелец текстильного материала, волокна или снасти — crafts; форму, состояние, длину, упаковку и назначение хранить как вариант. Reuses existing crafts owner crafts-tools-processes/materials_registry/materials.csv#mt_cordage.","Confidence C: analogue/hypothesis; basis analogy. Владелец текстильного материала, волокна или снасти — crafts; форму, состояние, длину, упаковку и назначение хранить как вариант.",explicit_context_only,high,,,candidate
data/normalized_source_tables/material_entities/material_entities.csv:OMI00293,Обрывок швейной нити,variant,include,crafts-tools-processes/materials_registry/materials.csv#mt_textile_generic,logical_necessity,data/normalized_source_tables/material_entities/material_entities.csv#OMI00293,B,1180–1260,Великий Новгород и Новгородская земля; центр модели — около 1230 года,add_variant,passed,No denylist stem matched the archive name.,variant_target,"Владелец текстильного материала, волокна или снасти — crafts; форму, состояние, длину, упаковку и назначение хранить как вариант. Reuses existing crafts owner crafts-tools-processes/materials_registry/materials.csv#mt_textile_generic.","B: reconstruction/category/context evidence; basis logical_necessity, not direct item attestation. Владелец текстильного материала, волокна или снасти — crafts; форму, состояние, длину, упаковку и назначение хранить как вариант.",safe_with_explicit_context,medium,,,candidate
downloads/Novgorod1230_material_culture_dataset_v1/Novgorod1230_material_culture_dataset_v1/data/catalog_items.csv:FSH0012,Моток сетной нити,variant,include,crafts-tools-processes/materials_registry/materials.csv#mt_cordage,logical_necessity,FSH0012,B,1180–1260,Великий Новгород и Новгородская земля,add_variant,passed,No denylist stem matched the archive name.,variant_target,Моток сетной нити — скрученная партия cordage stock; сетное назначение и форма мотка не создают отдельный материал или бытовую вещь. Reuses existing crafts owner crafts-tools-processes/materials_registry/materials.csv#mt_cordage.,"B: reconstruction/category/context evidence; basis logical_necessity, not direct item attestation. Моток сетной нити — скрученная партия cordage stock; сетное назначение и форма мотка не создают отдельный материал или бытовую вещь.",safe_with_constraints,средне-высокий: без референса генератор часто подменяет форму позднесредневековой или этнографической,,,candidate
downloads/Novgorod1230_material_culture_dataset_v1/Novgorod1230_material_culture_dataset_v1/data/catalog_items.csv:CRF0057,Мельничное колесо водяное,new,rejected,,analogy,CRF0057,D,1180–1260,Великий Новгород и Новгородская земля,add_variant,rejected,D38: research_only reconstruction with D confidence and critical generation risk; reject rather than materialize an unattested water-wheel form.,unique,D38: запись research_only с критическим риском; вариант не может обходить запрет.,Confidence D: analogue/hypothesis; basis analogy. D38: запись research_only с критическим риском; вариант не может обходить запрет.,research_only,критический: не использовать автоматически,,,rejected
downloads/Novgorod1230_material_culture_dataset_v1/Novgorod1230_material_culture_dataset_v1/data/catalog_items.csv:WTR0023,Корабельная ремонтная скоба,new,routed,,sourced,WTR0023,A,1180–1260,Великий Новгород и Новгородская земля,add_variant,passed,No denylist stem matched the archive name.,unique,Kind owner routed to items-household-personal.,A: direct evidence; linked sources may attest category/form/material/process rather than this exact specimen. Kind owner routed to items-household-personal.,safe_with_record_specific_reference,"средний: опасность главным образом в позднем декоре, слишком новом состоянии и неверном масштабе",items-household-personal,items-household-personal/items/household.csv#it_hh_repair_clamp,routed
downloads/Novgorod1230_material_culture_dataset_v1/Novgorod1230_material_culture_dataset_v1/data/catalog_items.csv:FOD0009,Сало/животный жир,new,routed,,logical_necessity,FOD0009,B,1180–1260,Великий Новгород и Новгородская земля,add_variant,passed,No denylist stem matched the archive name.,unique,Animal fat is a food ingredient/by-product; review explicitly routes it to food.,"B: reconstruction/category/context evidence; basis logical_necessity, not direct item attestation. Animal fat is a food ingredient/by-product; review explicitly routes it to food.",safe_with_constraints,средне-высокий: без референса генератор часто подменяет форму позднесредневековой или этнографической,food-drink,food-drink/food/ingredients.csv#fd_animal_fat,routed
data/normalized_source_tables/material_entities/material_entities.csv:OMI00021,Короткий обрезок доски,new,include,,sourced,category-level evidence (category_form_material_process_or_context): data/normalized_source_tables/material_entities/material_entities.csv#OMI00021,A,1180–1260,Великий Новгород и Новгородская земля; центр модели — около 1230 года,include_d39,passed,No denylist stem matched the archive name.,unique,"Короткий обрезок доски уже выбран BIC как crafts-owned stock entity OMI00021; сохранить один crafts anchor, BIC передаёт владение без второй записи.","A: category-level evidence (category_form_material_process_or_context). Короткий обрезок доски уже выбран BIC как crafts-owned stock entity OMI00021; сохранить один crafts anchor, BIC передаёт владение без второй записи.",safe_with_context,low,crafts-tools-processes,crafts-tools-processes/materials_registry/material_entities.csv#n1230:material_item:omi00021,candidate
data/normalized_source_tables/material_entities/material_entities.csv:OMI00054,Готовое топорище без железка,variant,include,crafts-tools-processes/craft_tools_gear/tools_gear.csv#tl_axe_carpenter,sourced,category-level evidence (category_form_material_process_or_context): data/normalized_source_tables/material_entities/material_entities.csv#OMI00054,A,1180–1260,Великий Новгород и Новгородская земля; центр модели — около 1230 года,add_variant,passed,No denylist stem matched the archive name.,variant_target,Loose handle is a component/state of the existing carpenter's axe identity; crafts owns the tool component. Reuses existing crafts owner crafts-tools-processes/craft_tools_gear/tools_gear.csv#tl_axe_carpenter.,A: category-level evidence (category_form_material_process_or_context).,safe_with_context,low,,,candidate
data/normalized_source_tables/material_entities/material_entities.csv:OMI00422,Кунья шкурка необработанная,new,routed,,sourced,category-level evidence (category_form_material_process_or_context): data/normalized_source_tables/material_entities/material_entities.csv#OMI00422,A,1180–1260,Великий Новгород и Новгородская земля; центр модели — около 1230 года,add_variant,passed,No denylist stem matched the archive name.,unique,"Сырая кунья шкурка как переносимый меховой товар совпадает с BIC trade reference TRD0007; материал остаётся Crafts-owned, а предметный рынок/учёт — BIC.","A: category-level evidence (category_form_material_process_or_context). Сырая кунья шкурка как переносимый меховой товар совпадает с BIC trade reference TRD0007; материал остаётся Crafts-owned, а предметный рынок/учёт — BIC.",safe_with_context,low,buildings-interiors-containers,buildings-interiors-containers/interiors/matcult_item_refs.csv#TRD0007,routed
data/normalized_source_tables/material_entities/material_entities.csv:OMI00423,Беличья шкурка необработанная,new,routed,,sourced,category-level evidence (category_form_material_process_or_context): data/normalized_source_tables/material_entities/material_entities.csv#OMI00423,A,1180–1260,Великий Новгород и Новгородская земля; центр модели — около 1230 года,add_variant,passed,No denylist stem matched the archive name.,unique,"Связка сырых беличьих шкурок совпадает с BIC trade reference TRD0008; вид и связка описывают товарную партию, не новый меховой материал crafts.","A: category-level evidence (category_form_material_process_or_context). Связка сырых беличьих шкурок совпадает с BIC trade reference TRD0008; вид и связка описывают товарную партию, не новый меховой материал crafts.",safe_with_context,low,buildings-interiors-containers,buildings-interiors-containers/interiors/matcult_item_refs.csv#TRD0008,routed
data/normalized_source_tables/material_entities/material_entities.csv:OMI00184,Обломанный сучок,new,include,,sourced,category-level evidence (category_form_material_process_or_context): data/normalized_source_tables/material_entities/material_entities.csv#OMI00184,A,1180–1260,Великий Новгород и Новгородская земля; центр модели — около 1230 года,include_d39,passed,No denylist stem matched the archive name.,unique,Crafts owns woodworking waste with independent material life; BIC scene/building scope does not own waste.,A: category-level evidence (category_form_material_process_or_context).,safe_with_context,low,,,candidate
data/normalized_source_tables/material_entities/material_entities.csv:OMI00608,Гвоздь с косо откованной головкой,new,include,,sourced,category-level evidence (category_form_material_process_or_context): data/normalized_source_tables/material_entities/material_entities.csv#OMI00608,A,1180–1260,Великий Новгород и Новгородская земля; центр модели — около 1230 года,include_d39,passed,No denylist stem matched the archive name.,unique,Crafts owns rejected forged nail as metalworking waste; it is not a building fastener entity.,A: category-level evidence (category_form_material_process_or_context).,safe_with_context,low,,,candidate
data/normalized_source_tables/material_entities/material_entities.csv:OMI01569,Обрезки упаковочной ткани,new,routed,,sourced,category-level evidence (category_form_material_process_or_context): data/normalized_source_tables/material_entities/material_entities.csv#OMI01569,A,1180–1260,Великий Новгород и Новгородская земля; центр модели — около 1230 года,include_d39,passed,No denylist stem matched the archive name.,unique,"Владелец текстильного материала, волокна или снасти — crafts; форму, состояние, длину, упаковку и назначение хранить как вариант.","A: category-level evidence (category_form_material_process_or_context). Владелец текстильного материала, волокна или снасти — crafts; форму, состояние, длину, упаковку и назначение хранить как вариант.",safe_with_context,low,crafts-tools-processes,crafts-tools-processes/materials_registry/materials.csv#mt_textile_generic,routed
data/normalized_source_tables/material_entities/material_entities.csv:OMI02250,Кучка неудачных деревянных заготовок,new,include,,sourced,category-level evidence (category_form_material_process_or_context): data/normalized_source_tables/material_entities/material_entities.csv#OMI02250,A,1180–1260,Великий Новгород и Новгородская земля; центр модели — около 1230 года,include_d39,passed,No denylist stem matched the archive name.,unique,Crafts owns the heap of rejected woodworking blanks as independent workshop waste.,A: category-level evidence (category_form_material_process_or_context).,safe_with_context,low,,,candidate
data/normalized_source_tables/material_entities/material_entities.csv:OMI00216,Снопик льняных стеблей,new,routed,,logical_necessity,data/normalized_source_tables/material_entities/material_entities.csv#OMI00216,B,1180–1260,Великий Новгород и Новгородская земля; центр модели — около 1230 года,add_variant,passed,No denylist stem matched the archive name.,unique,"Владелец текстильного материала, волокна или снасти — crafts; форму, состояние, длину, упаковку и назначение хранить как вариант.","B: reconstruction/category/context evidence; basis logical_necessity, not direct item attestation. Владелец текстильного материала, волокна или снасти — crafts; форму, состояние, длину, упаковку и назначение хранить как вариант.",safe_with_explicit_context,medium,crafts-tools-processes,crafts-tools-processes/craft_processes/process_products.csv#pr:flax_stems,routed
data/normalized_source_tables/material_entities/material_entities.csv:OMI00218,Мочёный лён,variant,include,crafts-tools-processes/craft_processes/process_products.csv#pr:flax_stems,logical_necessity,data/normalized_source_tables/material_entities/material_entities.csv#OMI00218,B,1180–1260,Великий Новгород и Новгородская земля; центр модели — около 1230 года,add_variant,passed,No denylist stem matched the archive name.,variant_target,Flax/hemp stalk preparation stage or batch; reuse the stable flax-stems process product. Reuses existing crafts owner crafts-tools-processes/craft_processes/process_products.csv#pr:flax_stems.,"B: reconstruction/category/context evidence; basis logical_necessity, not direct item attestation.",safe_with_explicit_context,medium,,,candidate
data/normalized_source_tables/material_entities/material_entities.csv:OMI00228,Снопик конопляных стеблей,new,routed,,logical_necessity,data/normalized_source_tables/material_entities/material_entities.csv#OMI00228,B,1180–1260,Великий Новгород и Новгородская земля; центр модели — около 1230 года,add_variant,passed,No denylist stem matched the archive name.,unique,"Владелец текстильного материала, волокна или снасти — crafts; форму, состояние, длину, упаковку и назначение хранить как вариант.","B: reconstruction/category/context evidence; basis logical_necessity, not direct item attestation. Владелец текстильного материала, волокна или снасти — crafts; форму, состояние, длину, упаковку и назначение хранить как вариант.",safe_with_explicit_context,medium,crafts-tools-processes,crafts-tools-processes/craft_processes/process_products.csv#pr:flax_stems,routed
data/normalized_source_tables/material_entities/material_entities.csv:OMI00230,Мочёная конопля,new,routed,,logical_necessity,data/normalized_source_tables/material_entities/material_entities.csv#OMI00230,B,1180–1260,Великий Новгород и Новгородская земля; центр модели — около 1230 года,add_variant,passed,No denylist stem matched the archive name.,unique,"Владелец текстильного материала, волокна или снасти — crafts; форму, состояние, длину, упаковку и назначение хранить как вариант.","B: reconstruction/category/context evidence; basis logical_necessity, not direct item attestation. Владелец текстильного материала, волокна или снасти — crafts; форму, состояние, длину, упаковку и назначение хранить как вариант.",safe_with_explicit_context,medium,crafts-tools-processes,crafts-tools-processes/craft_processes/process_products.csv#pr:flax_stems,routed
data/normalized_source_tables/material_entities/material_entities.csv:OMI00219,Разостланный для росового мочения лён,variant,include,crafts-tools-processes/materials_registry/materials.csv#mt_flax,analogy,data/normalized_source_tables/material_entities/material_entities.csv#OMI00219,C,1180–1260,Великий Новгород и Новгородская земля; центр модели — около 1230 года,add_variant,passed,No denylist stem matched the archive name.,variant_target,"Flax state, preparation, or bundle property; textile raw material identity remains flax. Reuses existing crafts owner crafts-tools-processes/materials_registry/materials.csv#mt_flax.",Confidence C: analogue/hypothesis; basis analogy.,explicit_context_only,high,,,candidate
data/normalized_source_tables/material_entities/material_entities.csv:OMI00221,Трёпаное льняное волокно,variant,include,crafts-tools-processes/materials_registry/materials.csv#mt_flax,logical_necessity,data/normalized_source_tables/material_entities/material_entities.csv#OMI00221,B,1180–1260,Великий Новгород и Новгородская земля; центр модели — около 1230 года,add_variant,passed,No denylist stem matched the archive name.,variant_target,"Владелец текстильного материала, волокна или снасти — crafts; форму, состояние, длину, упаковку и назначение хранить как вариант. Reuses existing crafts owner crafts-tools-processes/materials_registry/materials.csv#mt_flax.","B: reconstruction/category/context evidence; basis logical_necessity, not direct item attestation. Владелец текстильного материала, волокна или снасти — crafts; форму, состояние, длину, упаковку и назначение хранить как вариант.",safe_with_explicit_context,medium,,,candidate
data/normalized_source_tables/material_entities/material_entities.csv:OMI00222,Чёсаное льняное волокно,variant,include,crafts-tools-processes/materials_registry/materials.csv#mt_flax,logical_necessity,data/normalized_source_tables/material_entities/material_entities.csv#OMI00222,B,1180–1260,Великий Новгород и Новгородская земля; центр модели — около 1230 года,add_variant,passed,No denylist stem matched the archive name.,variant_target,"Владелец текстильного материала, волокна или снасти — crafts; форму, состояние, длину, упаковку и назначение хранить как вариант. Reuses existing crafts owner crafts-tools-processes/materials_registry/materials.csv#mt_flax.","B: reconstruction/category/context evidence; basis logical_necessity, not direct item attestation. Владелец текстильного материала, волокна или снасти — crafts; форму, состояние, длину, упаковку и назначение хранить как вариант.",safe_with_explicit_context,medium,,,candidate
data/normalized_source_tables/material_entities/material_entities.csv:OMI00223,Льняная кудель,variant,include,crafts-tools-processes/materials_registry/materials.csv#mt_flax,sourced,category-level evidence (category_form_material_process_or_context): data/normalized_source_tables/material_entities/material_entities.csv#OMI00223,A,1180–1260,Великий Новгород и Новгородская земля; центр модели — около 1230 года,add_variant,passed,No denylist stem matched the archive name.,variant_target,"Владелец текстильного материала, волокна или снасти — crafts; форму, состояние, длину, упаковку и назначение хранить как вариант. Reuses existing crafts owner crafts-tools-processes/materials_registry/materials.csv#mt_flax.","A: category-level evidence (category_form_material_process_or_context). Владелец текстильного материала, волокна или снасти — crafts; форму, состояние, длину, упаковку и назначение хранить как вариант.",safe_with_context,low,,,candidate
data/normalized_source_tables/material_entities/material_entities.csv:OMI00224,Пучок короткого льняного волокна,variant,include,crafts-tools-processes/materials_registry/materials.csv#mt_flax,logical_necessity,data/normalized_source_tables/material_entities/material_entities.csv#OMI00224,B,1180–1260,Великий Новгород и Новгородская земля; центр модели — около 1230 года,add_variant,passed,No denylist stem matched the archive name.,variant_target,"Владелец текстильного материала, волокна или снасти — crafts; форму, состояние, длину, упаковку и назначение хранить как вариант. Reuses existing crafts owner crafts-tools-processes/materials_registry/materials.csv#mt_flax.","B: reconstruction/category/context evidence; basis logical_necessity, not direct item attestation. Владелец текстильного материала, волокна или снасти — crafts; форму, состояние, длину, упаковку и назначение хранить как вариант.",safe_with_explicit_context,medium,,,candidate
data/normalized_source_tables/material_entities/material_entities.csv:OMI00226,Льняные очёски,variant,include,crafts-tools-processes/materials_registry/materials.csv#mt_flax,logical_necessity,data/normalized_source_tables/material_entities/material_entities.csv#OMI00226,B,1180–1260,Великий Новгород и Новгородская земля; центр модели — около 1230 года,include_d39,passed,No denylist stem matched the archive name.,variant_target,"Владелец текстильного материала, волокна или снасти — crafts; форму, состояние, длину, упаковку и назначение хранить как вариант. Reuses existing crafts owner crafts-tools-processes/materials_registry/materials.csv#mt_flax.","B: reconstruction/category/context evidence; basis logical_necessity, not direct item attestation. Владелец текстильного материала, волокна или снасти — crafts; форму, состояние, длину, упаковку и назначение хранить как вариант.",safe_with_explicit_context,medium,,,candidate
data/normalized_source_tables/material_entities/material_entities.csv:OMI00231,Трёпаное конопляное волокно,variant,include,crafts-tools-processes/materials_registry/materials.csv#mt_hemp,logical_necessity,data/normalized_source_tables/material_entities/material_entities.csv#OMI00231,B,1180–1260,Великий Новгород и Новгородская земля; центр модели — около 1230 года,add_variant,passed,No denylist stem matched the archive name.,variant_target,"Владелец текстильного материала, волокна или снасти — crafts; форму, состояние, длину, упаковку и назначение хранить как вариант. Reuses existing crafts owner crafts-tools-processes/materials_registry/materials.csv#mt_hemp.","B: reconstruction/category/context evidence; basis logical_necessity, not direct item attestation. Владелец текстильного материала, волокна или снасти — crafts; форму, состояние, длину, упаковку и назначение хранить как вариант.",safe_with_explicit_context,medium,,,candidate
data/normalized_source_tables/material_entities/material_entities.csv:OMI00232,Чёсаная конопляная пенька,new,routed,,logical_necessity,data/normalized_source_tables/material_entities/material_entities.csv#OMI00232,B,1180–1260,Великий Новгород и Новгородская земля; центр модели — около 1230 года,add_variant,passed,No denylist stem matched the archive name.,unique,"Владелец текстильного материала, волокна или снасти — crafts; форму, состояние, длину, упаковку и назначение хранить как вариант.","B: reconstruction/category/context evidence; basis logical_necessity, not direct item attestation. Владелец текстильного материала, волокна или снасти — crafts; форму, состояние, длину, упаковку и назначение хранить как вариант.",safe_with_explicit_context,medium,crafts-tools-processes,crafts-tools-processes/materials_registry/materials.csv#mt_hemp,routed
data/normalized_source_tables/material_entities/material_entities.csv:OMI00234,Конопляная костра,variant,include,crafts-tools-processes/materials_registry/materials.csv#mt_hemp,logical_necessity,data/normalized_source_tables/material_entities/material_entities.csv#OMI00234,B,1180–1260,Великий Новгород и Новгородская земля; центр модели — около 1230 года,include_d39,passed,No denylist stem matched the archive name.,variant_target,"Владелец текстильного материала, волокна или снасти — crafts; форму, состояние, длину, упаковку и назначение хранить как вариант. Reuses existing crafts owner crafts-tools-processes/materials_registry/materials.csv#mt_hemp.","B: reconstruction/category/context evidence; basis logical_necessity, not direct item attestation. Владелец текстильного материала, волокна или снасти — crafts; форму, состояние, длину, упаковку и назначение хранить как вариант.",safe_with_explicit_context,medium,,,candidate
data/normalized_source_tables/material_entities/material_entities.csv:OMI00235,Конопляные очёски,variant,include,crafts-tools-processes/materials_registry/materials.csv#mt_hemp,logical_necessity,data/normalized_source_tables/material_entities/material_entities.csv#OMI00235,B,1180–1260,Великий Новгород и Новгородская земля; центр модели — около 1230 года,include_d39,passed,No denylist stem matched the archive name.,variant_target,"Владелец текстильного материала, волокна или снасти — crafts; форму, состояние, длину, упаковку и назначение хранить как вариант. Reuses existing crafts owner crafts-tools-processes/materials_registry/materials.csv#mt_hemp.","B: reconstruction/category/context evidence; basis logical_necessity, not direct item attestation. Владелец текстильного материала, волокна или снасти — crafts; форму, состояние, длину, упаковку и назначение хранить как вариант.",safe_with_explicit_context,medium,,,candidate
data/normalized_source_tables/material_entities/material_entities.csv:OMI00236,Пучок лыкового волокна для прядения,new,routed,,logical_necessity,data/normalized_source_tables/material_entities/material_entities.csv#OMI00236,B,1180–1260,Великий Новгород и Новгородская земля; центр модели — около 1230 года,add_variant,passed,No denylist stem matched the archive name.,unique,"Владелец текстильного материала, волокна или снасти — crafts; форму, состояние, длину, упаковку и назначение хранить как вариант.","B: reconstruction/category/context evidence; basis logical_necessity, not direct item attestation. Владелец текстильного материала, волокна или снасти — crafts; форму, состояние, длину, упаковку и назначение хранить как вариант.",safe_with_explicit_context,medium,crafts-tools-processes,crafts-tools-processes/materials_registry/materials.csv#mt_bast_linden,routed
data/normalized_source_tables/material_entities/material_entities.csv:OMI00237,Мочёное лыко для плетения,new,routed,,logical_necessity,data/normalized_source_tables/material_entities/material_entities.csv#OMI00237,B,1180–1260,Великий Новгород и Новгородская земля; центр модели — около 1230 года,add_variant,passed,No denylist stem matched the archive name.,unique,"Владелец текстильного материала, волокна или снасти — crafts; форму, состояние, длину, упаковку и назначение хранить как вариант.","B: reconstruction/category/context evidence; basis logical_necessity, not direct item attestation. Владелец текстильного материала, волокна или снасти — crafts; форму, состояние, длину, упаковку и назначение хранить как вариант.",safe_with_explicit_context,medium,crafts-tools-processes,crafts-tools-processes/materials_registry/materials.csv#mt_bast_linden,routed
data/normalized_source_tables/material_entities/material_entities.csv:OMI00239,Волокнистая набивка из очёсков,new,routed,,logical_necessity,data/normalized_source_tables/material_entities/material_entities.csv#OMI00239,B,1180–1260,Великий Новгород и Новгородская земля; центр модели — около 1230 года,add_variant,passed,No denylist stem matched the archive name.,unique,"Владелец текстильного материала, волокна или снасти — crafts; форму, состояние, длину, упаковку и назначение хранить как вариант.","B: reconstruction/category/context evidence; basis logical_necessity, not direct item attestation. Владелец текстильного материала, волокна или снасти — crafts; форму, состояние, длину, упаковку и назначение хранить как вариант.",safe_with_explicit_context,medium,crafts-tools-processes,crafts-tools-processes/materials_registry/materials.csv#mt_wool,routed
data/normalized_source_tables/material_entities/material_entities.csv:OMI00241,Снятое овечье руно,variant,include,crafts-tools-processes/materials_registry/materials.csv#mt_wool,logical_necessity,data/normalized_source_tables/material_entities/material_entities.csv#OMI00241,B,1180–1260,Великий Новгород и Новгородская земля; центр модели — около 1230 года,add_variant,passed,No denylist stem matched the archive name.,variant_target,"Владелец текстильного материала, волокна или снасти — crafts; форму, состояние, длину, упаковку и назначение хранить как вариант. Reuses existing crafts owner crafts-tools-processes/materials_registry/materials.csv#mt_wool.","B: reconstruction/category/context evidence; basis logical_necessity, not direct item attestation. Владелец текстильного материала, волокна или снасти — crafts; форму, состояние, длину, упаковку и назначение хранить как вариант.",safe_with_explicit_context,medium,,,candidate
data/normalized_source_tables/material_entities/material_entities.csv:OMI00242,Кусок немытого руна,variant,include,crafts-tools-processes/materials_registry/materials.csv#mt_wool,logical_necessity,data/normalized_source_tables/material_entities/material_entities.csv#OMI00242,B,1180–1260,Великий Новгород и Новгородская земля; центр модели — около 1230 года,add_variant,passed,No denylist stem matched the archive name.,variant_target,"Wool stock, preparation, color, thickness, batch, or stuffing use; keep one stable wool material identity. Reuses existing crafts owner crafts-tools-processes/materials_registry/materials.csv#mt_wool.","B: reconstruction/category/context evidence; basis logical_necessity, not direct item attestation.",safe_with_explicit_context,medium,,,candidate
data/normalized_source_tables/material_entities/material_entities.csv:OMI00243,Вымытая шерсть,variant,include,crafts-tools-processes/materials_registry/materials.csv#mt_wool,logical_necessity,data/normalized_source_tables/material_entities/material_entities.csv#OMI00243,B,1180–1260,Великий Новгород и Новгородская земля; центр модели — около 1230 года,add_variant,passed,No denylist stem matched the archive name.,variant_target,"Владелец текстильного материала, волокна или снасти — crafts; форму, состояние, длину, упаковку и назначение хранить как вариант. Reuses existing crafts owner crafts-tools-processes/materials_registry/materials.csv#mt_wool.","B: reconstruction/category/context evidence; basis logical_necessity, not direct item attestation. Владелец текстильного материала, волокна или снасти — crafts; форму, состояние, длину, упаковку и назначение хранить как вариант.",safe_with_explicit_context,medium,,,candidate
data/normalized_source_tables/material_entities/material_entities.csv:OMI00244,Высушенная вымытая шерсть,variant,include,crafts-tools-processes/materials_registry/materials.csv#mt_wool,logical_necessity,data/normalized_source_tables/material_entities/material_entities.csv#OMI00244,B,1180–1260,Великий Новгород и Новгородская земля; центр модели — около 1230 года,add_variant,passed,No denylist stem matched the archive name.,variant_target,"Владелец текстильного материала, волокна или снасти — crafts; форму, состояние, длину, упаковку и назначение хранить как вариант. Reuses existing crafts owner crafts-tools-processes/materials_registry/materials.csv#mt_wool.","B: reconstruction/category/context evidence; basis logical_necessity, not direct item attestation. Владелец текстильного материала, волокна или снасти — crafts; форму, состояние, длину, упаковку и назначение хранить как вариант.",safe_with_explicit_context,medium,,,candidate
data/normalized_source_tables/material_entities/material_entities.csv:OMI00245,Сортированная тонкая шерсть,variant,include,crafts-tools-processes/materials_registry/materials.csv#mt_wool,logical_necessity,data/normalized_source_tables/material_entities/material_entities.csv#OMI00245,B,1180–1260,Великий Новгород и Новгородская земля; центр модели — около 1230 года,add_variant,passed,No denylist stem matched the archive name.,variant_target,"Владелец текстильного материала, волокна или снасти — crafts; форму, состояние, длину, упаковку и назначение хранить как вариант. Reuses existing crafts owner crafts-tools-processes/materials_registry/materials.csv#mt_wool.","B: reconstruction/category/context evidence; basis logical_necessity, not direct item attestation. Владелец текстильного материала, волокна или снасти — crafts; форму, состояние, длину, упаковку и назначение хранить как вариант.",safe_with_explicit_context,medium,,,candidate
data/normalized_source_tables/material_entities/material_entities.csv:OMI00246,Сортированная грубая шерсть,variant,include,crafts-tools-processes/materials_registry/materials.csv#mt_wool,logical_necessity,data/normalized_source_tables/material_entities/material_entities.csv#OMI00246,B,1180–1260,Великий Новгород и Новгородская земля; центр модели — около 1230 года,add_variant,passed,No denylist stem matched the archive name.,variant_target,"Владелец текстильного материала, волокна или снасти — crafts; форму, состояние, длину, упаковку и назначение хранить как вариант. Reuses existing crafts owner crafts-tools-processes/materials_registry/materials.csv#mt_wool.","B: reconstruction/category/context evidence; basis logical_necessity, not direct item attestation. Владелец текстильного материала, волокна или снасти — crafts; форму, состояние, длину, упаковку и назначение хранить как вариант.",safe_with_explicit_context,medium,,,candidate
data/normalized_source_tables/material_entities/material_entities.csv:OMI00247,Шерстяные локоны,variant,include,crafts-tools-processes/materials_registry/materials.csv#mt_wool,logical_necessity,data/normalized_source_tables/material_entities/material_entities.csv#OMI00247,B,1180–1260,Великий Новгород и Новгородская земля; центр модели — около 1230 года,add_variant,passed,No denylist stem matched the archive name.,variant_target,"Владелец текстильного материала, волокна или снасти — crafts; форму, состояние, длину, упаковку и назначение хранить как вариант. Reuses existing crafts owner crafts-tools-processes/materials_registry/materials.csv#mt_wool.","B: reconstruction/category/context evidence; basis logical_necessity, not direct item attestation. Владелец текстильного материала, волокна или снасти — crafts; форму, состояние, длину, упаковку и назначение хранить как вариант.",safe_with_explicit_context,medium,,,candidate
data/normalized_source_tables/material_entities/material_entities.csv:OMI00248,Расчёсанная шерсть,variant,include,crafts-tools-processes/materials_registry/materials.csv#mt_wool,logical_necessity,data/normalized_source_tables/material_entities/material_entities.csv#OMI00248,B,1180–1260,Великий Новгород и Новгородская земля; центр модели — около 1230 года,add_variant,passed,No denylist stem matched the archive name.,variant_target,"Владелец текстильного материала, волокна или снасти — crafts; форму, состояние, длину, упаковку и назначение хранить как вариант. Reuses existing crafts owner crafts-tools-processes/materials_registry/materials.csv#mt_wool.","B: reconstruction/category/context evidence; basis logical_necessity, not direct item attestation. Владелец текстильного материала, волокна или снасти — crafts; форму, состояние, длину, упаковку и назначение хранить как вариант.",safe_with_explicit_context,medium,,,candidate
data/normalized_source_tables/material_entities/material_entities.csv:OMI00249,Шерстяная ровница,variant,include,crafts-tools-processes/materials_registry/materials.csv#mt_wool,logical_necessity,data/normalized_source_tables/material_entities/material_entities.csv#OMI00249,B,1180–1260,Великий Новгород и Новгородская земля; центр модели — около 1230 года,add_variant,passed,No denylist stem matched the archive name.,variant_target,"Владелец текстильного материала, волокна или снасти — crafts; форму, состояние, длину, упаковку и назначение хранить как вариант. Reuses existing crafts owner crafts-tools-processes/materials_registry/materials.csv#mt_wool.","B: reconstruction/category/context evidence; basis logical_necessity, not direct item attestation. Владелец текстильного материала, волокна или снасти — crafts; форму, состояние, длину, упаковку и назначение хранить как вариант.",safe_with_explicit_context,medium,,,candidate
data/normalized_source_tables/material_entities/material_entities.csv:OMI00250,Кудель из шерсти,variant,include,crafts-tools-processes/materials_registry/materials.csv#mt_wool,logical_necessity,data/normalized_source_tables/material_entities/material_entities.csv#OMI00250,B,1180–1260,Великий Новгород и Новгородская земля; центр модели — около 1230 года,add_variant,passed,No denylist stem matched the archive name.,variant_target,"Владелец текстильного материала, волокна или снасти — crafts; форму, состояние, длину, упаковку и назначение хранить как вариант. Reuses existing crafts owner crafts-tools-processes/materials_registry/materials.csv#mt_wool.","B: reconstruction/category/context evidence; basis logical_necessity, not direct item attestation. Владелец текстильного материала, волокна или снасти — crafts; форму, состояние, длину, упаковку и назначение хранить как вариант.",safe_with_explicit_context,medium,,,candidate
data/normalized_source_tables/material_entities/material_entities.csv:OMI00252,Свалявшийся ком шерсти,new,routed,,logical_necessity,data/normalized_source_tables/material_entities/material_entities.csv#OMI00252,B,1180–1260,Великий Новгород и Новгородская земля; центр модели — около 1230 года,add_variant,passed,No denylist stem matched the archive name.,unique,"Владелец текстильного материала, волокна или снасти — crafts; форму, состояние, длину, упаковку и назначение хранить как вариант.","B: reconstruction/category/context evidence; basis logical_necessity, not direct item attestation. Владелец текстильного материала, волокна или снасти — crafts; форму, состояние, длину, упаковку и назначение хранить как вариант.",safe_with_explicit_context,medium,crafts-tools-processes,crafts-tools-processes/materials_registry/materials.csv#mt_wool,routed
data/normalized_source_tables/material_entities/material_entities.csv:OMI00253,Шерстяная набивка,new,routed,,logical_necessity,data/normalized_source_tables/material_entities/material_entities.csv#OMI00253,B,1180–1260,Великий Новгород и Новгородская земля; центр модели — около 1230 года,add_variant,passed,No denylist stem matched the archive name.,unique,"Владелец текстильного материала, волокна или снасти — crafts; форму, состояние, длину, упаковку и назначение хранить как вариант.","B: reconstruction/category/context evidence; basis logical_necessity, not direct item attestation. Владелец текстильного материала, волокна или снасти — crafts; форму, состояние, длину, упаковку и назначение хранить как вариант.",safe_with_explicit_context,medium,crafts-tools-processes,crafts-tools-processes/materials_registry/materials.csv#mt_wool,routed
data/normalized_source_tables/material_entities/material_entities.csv:OMI00264,Смешанная шерсть разных цветов,new,routed,,logical_necessity,data/normalized_source_tables/material_entities/material_entities.csv#OMI00264,B,1180–1260,Великий Новгород и Новгородская земля; центр модели — около 1230 года,add_variant,passed,No denylist stem matched the archive name.,unique,"Владелец текстильного материала, волокна или снасти — crafts; форму, состояние, длину, упаковку и назначение хранить как вариант.","B: reconstruction/category/context evidence; basis logical_necessity, not direct item attestation. Владелец текстильного материала, волокна или снасти — crafts; форму, состояние, длину, упаковку и назначение хранить как вариант.",safe_with_explicit_context,medium,crafts-tools-processes,crafts-tools-processes/materials_registry/materials.csv#mt_wool,routed
data/normalized_source_tables/material_entities/material_entities.csv:OMI00251,Пучок шерстяных очёсков,variant,include,crafts-tools-processes/materials_registry/materials.csv#mt_wool,logical_necessity,data/normalized_source_tables/material_entities/material_entities.csv#OMI00251,B,1180–1260,Великий Новгород и Новгородская земля; центр модели — около 1230 года,include_d39,passed,No denylist stem matched the archive name.,variant_target,"Владелец текстильного материала, волокна или снасти — crafts; форму, состояние, длину, упаковку и назначение хранить как вариант. Reuses existing crafts owner crafts-tools-processes/materials_registry/materials.csv#mt_wool.","B: reconstruction/category/context evidence; basis logical_necessity, not direct item attestation. Владелец текстильного материала, волокна или снасти — crafts; форму, состояние, длину, упаковку и назначение хранить как вариант.",safe_with_explicit_context,medium,,,candidate
data/normalized_source_tables/material_entities/material_entities.csv:OMI00254,Тонкий войлочный лист,variant,include,crafts-tools-processes/materials_registry/materials.csv#mt_felt,logical_necessity,data/normalized_source_tables/material_entities/material_entities.csv#OMI00254,B,1180–1260,Великий Новгород и Новгородская земля; центр модели — около 1230 года,add_variant,passed,No denylist stem matched the archive name.,variant_target,Felt sheet is the same felt material already represented by the stable felt material identity. Reuses existing crafts owner crafts-tools-processes/materials_registry/materials.csv#mt_felt.,"B: reconstruction/category/context evidence; basis logical_necessity, not direct item attestation.",safe_with_explicit_context,medium,,,candidate
data/normalized_source_tables/material_entities/material_entities.csv:OMI00257,Обрезки войлока,variant,include,crafts-tools-processes/materials_registry/materials.csv#mt_felt,logical_necessity,data/normalized_source_tables/material_entities/material_entities.csv#OMI00257,B,1180–1260,Великий Новгород и Новгородская земля; центр модели — около 1230 года,include_d39,passed,No denylist stem matched the archive name.,variant_target,"Владелец текстильного материала, волокна или снасти — crafts; форму, состояние, длину, упаковку и назначение хранить как вариант. Reuses existing crafts owner crafts-tools-processes/materials_registry/materials.csv#mt_felt.","B: reconstruction/category/context evidence; basis logical_necessity, not direct item attestation. Владелец текстильного материала, волокна или снасти — crafts; форму, состояние, длину, упаковку и назначение хранить как вариант.",safe_with_explicit_context,medium,,,candidate
data/normalized_source_tables/material_entities/material_entities.csv:OMI00263,Пучок козьего волоса,new,include,,analogy,data/normalized_source_tables/material_entities/material_entities.csv#OMI00263,C,1180–1260,Великий Новгород и Новгородская земля; центр модели — около 1230 года,include_d39,passed,No denylist stem matched the archive name.,unique,"Goat hair is a distinct raw textile fibre stock, approved as an entity by review; retain analogue confidence and contextual generation limits.",Confidence C: analogue/hypothesis; basis analogy.,explicit_context_only,high,,,candidate
data/normalized_source_tables/material_entities/material_entities.csv:OMI00265,Шерстяная пыль и мелкие клочки,variant,include,crafts-tools-processes/materials_registry/materials.csv#mt_wool,logical_necessity,data/normalized_source_tables/material_entities/material_entities.csv#OMI00265,B,1180–1260,Великий Новгород и Новгородская земля; центр модели — около 1230 года,include_d39,passed,No denylist stem matched the archive name.,variant_target,"Владелец текстильного материала, волокна или снасти — crafts; форму, состояние, длину, упаковку и назначение хранить как вариант. Reuses existing crafts owner crafts-tools-processes/materials_registry/materials.csv#mt_wool.","B: reconstruction/category/context evidence; basis logical_necessity, not direct item attestation. Владелец текстильного материала, волокна или снасти — crafts; форму, состояние, длину, упаковку и назначение хранить как вариант.",safe_with_explicit_context,medium,,,candidate
data/normalized_source_tables/material_entities/material_entities.csv:OMI00266,Одинарная льняная нить,variant,include,crafts-tools-processes/materials_registry/materials.csv#mt_flax,logical_necessity,data/normalized_source_tables/material_entities/material_entities.csv#OMI00266,B,1180–1260,Великий Новгород и Новгородская земля; центр модели — около 1230 года,add_variant,passed,No denylist stem matched the archive name.,variant_target,"Владелец текстильного материала, волокна или снасти — crafts; форму, состояние, длину, упаковку и назначение хранить как вариант. Reuses existing crafts owner crafts-tools-processes/materials_registry/materials.csv#mt_flax.","B: reconstruction/category/context evidence; basis logical_necessity, not direct item attestation. Владелец текстильного материала, волокна или снасти — crafts; форму, состояние, длину, упаковку и назначение хранить как вариант.",safe_with_explicit_context,medium,,,candidate
data/normalized_source_tables/material_entities/material_entities.csv:OMI00267,Двухпрядная льняная нить,variant,include,crafts-tools-processes/materials_registry/materials.csv#mt_flax,logical_necessity,data/normalized_source_tables/material_entities/material_entities.csv#OMI00267,B,1180–1260,Великий Новгород и Новгородская земля; центр модели — около 1230 года,add_variant,passed,No denylist stem matched the archive name.,variant_target,"Владелец текстильного материала, волокна или снасти — crafts; форму, состояние, длину, упаковку и назначение хранить как вариант. Reuses existing crafts owner crafts-tools-processes/materials_registry/materials.csv#mt_flax.","B: reconstruction/category/context evidence; basis logical_necessity, not direct item attestation. Владелец текстильного материала, волокна или снасти — crafts; форму, состояние, длину, упаковку и назначение хранить как вариант.",safe_with_explicit_context,medium,,,candidate
data/normalized_source_tables/material_entities/material_entities.csv:OMI00268,Грубая льняная нить,variant,include,crafts-tools-processes/materials_registry/materials.csv#mt_flax,logical_necessity,data/normalized_source_tables/material_entities/material_entities.csv#OMI00268,B,1180–1260,Великий Новгород и Новгородская земля; центр модели — около 1230 года,add_variant,passed,No denylist stem matched the archive name.,variant_target,"Владелец текстильного материала, волокна или снасти — crafts; форму, состояние, длину, упаковку и назначение хранить как вариант. Reuses existing crafts owner crafts-tools-processes/materials_registry/materials.csv#mt_flax.","B: reconstruction/category/context evidence; basis logical_necessity, not direct item attestation. Владелец текстильного материала, волокна или снасти — crafts; форму, состояние, длину, упаковку и назначение хранить как вариант.",safe_with_explicit_context,medium,,,candidate
data/normalized_source_tables/material_entities/material_entities.csv:OMI00269,Тонкая льняная нить,variant,include,crafts-tools-processes/materials_registry/materials.csv#mt_flax,logical_necessity,data/normalized_source_tables/material_entities/material_entities.csv#OMI00269,B,1180–1260,Великий Новгород и Новгородская земля; центр модели — около 1230 года,add_variant,passed,No denylist stem matched the archive name.,variant_target,"Владелец текстильного материала, волокна или снасти — crafts; форму, состояние, длину, упаковку и назначение хранить как вариант. Reuses existing crafts owner crafts-tools-processes/materials_registry/materials.csv#mt_flax.","B: reconstruction/category/context evidence; basis logical_necessity, not direct item attestation. Владелец текстильного материала, волокна или снасти — crafts; форму, состояние, длину, упаковку и назначение хранить как вариант.",safe_with_explicit_context,medium,,,candidate
data/normalized_source_tables/material_entities/material_entities.csv:OMI00270,Вощёная льняная нить в мотке,variant,include,crafts-tools-processes/materials_registry/materials.csv#mt_flax,sourced,category-level evidence (category_form_material_process_or_context): data/normalized_source_tables/material_entities/material_entities.csv#OMI00270,A,1180–1260,Великий Новгород и Новгородская земля; центр модели — около 1230 года,add_variant,passed,No denylist stem matched the archive name.,variant_target,"Владелец текстильного материала, волокна или снасти — crafts; форму, состояние, длину, упаковку и назначение хранить как вариант. Reuses existing crafts owner crafts-tools-processes/materials_registry/materials.csv#mt_flax.","A: category-level evidence (category_form_material_process_or_context). Владелец текстильного материала, волокна или снасти — crafts; форму, состояние, длину, упаковку и назначение хранить как вариант.",safe_with_context,low,,,candidate
data/normalized_source_tables/material_entities/material_entities.csv:OMI00281,Окрашенная льняная нить,new,routed,,analogy,data/normalized_source_tables/material_entities/material_entities.csv#OMI00281,C,1180–1260,Великий Новгород и Новгородская земля; центр модели — около 1230 года,add_variant,passed,No denylist stem matched the archive name.,unique,"Владелец текстильного материала, волокна или снасти — crafts; форму, состояние, длину, упаковку и назначение хранить как вариант.","Confidence C: analogue/hypothesis; basis analogy. Владелец текстильного материала, волокна или снасти — crafts; форму, состояние, длину, упаковку и назначение хранить как вариант.",explicit_context_only,high,crafts-tools-processes,crafts-tools-processes/materials_registry/materials.csv#mt_flax,routed
data/normalized_source_tables/material_entities/material_entities.csv:OMI00271,Конопляная нить,variant,include,crafts-tools-processes/materials_registry/materials.csv#mt_hemp,logical_necessity,data/normalized_source_tables/material_entities/material_entities.csv#OMI00271,B,1180–1260,Великий Новгород и Новгородская земля; центр модели — около 1230 года,add_variant,passed,No denylist stem matched the archive name.,variant_target,"Владелец текстильного материала, волокна или снасти — crafts; форму, состояние, длину, упаковку и назначение хранить как вариант. Reuses existing crafts owner crafts-tools-processes/materials_registry/materials.csv#mt_hemp.","B: reconstruction/category/context evidence; basis logical_necessity, not direct item attestation. Владелец текстильного материала, волокна или снасти — crafts; форму, состояние, длину, упаковку и назначение хранить как вариант.",safe_with_explicit_context,medium,,,candidate
data/normalized_source_tables/material_entities/material_entities.csv:OMI00272,Грубая конопляная пряжа,variant,include,crafts-tools-processes/materials_registry/materials.csv#mt_hemp,logical_necessity,data/normalized_source_tables/material_entities/material_entities.csv#OMI00272,B,1180–1260,Великий Новгород и Новгородская земля; центр модели — около 1230 года,add_variant,passed,No denylist stem matched the archive name.,variant_target,"Владелец текстильного материала, волокна или снасти — crafts; форму, состояние, длину, упаковку и назначение хранить как вариант. Reuses existing crafts owner crafts-tools-processes/materials_registry/materials.csv#mt_hemp.","B: reconstruction/category/context evidence; basis logical_necessity, not direct item attestation. Владелец текстильного материала, волокна или снасти — crafts; форму, состояние, длину, упаковку и назначение хранить как вариант.",safe_with_explicit_context,medium,,,candidate
data/normalized_source_tables/material_entities/material_entities.csv:OMI00273,Одинарная шерстяная пряжа,variant,include,crafts-tools-processes/materials_registry/materials.csv#mt_wool,logical_necessity,data/normalized_source_tables/material_entities/material_entities.csv#OMI00273,B,1180–1260,Великий Новгород и Новгородская земля; центр модели — около 1230 года,add_variant,passed,No denylist stem matched the archive name.,variant_target,"Владелец текстильного материала, волокна или снасти — crafts; форму, состояние, длину, упаковку и назначение хранить как вариант. Reuses existing crafts owner crafts-tools-processes/materials_registry/materials.csv#mt_wool.","B: reconstruction/category/context evidence; basis logical_necessity, not direct item attestation. Владелец текстильного материала, волокна или снасти — crafts; форму, состояние, длину, упаковку и назначение хранить как вариант.",safe_with_explicit_context,medium,,,candidate
data/normalized_source_tables/material_entities/material_entities.csv:OMI00274,Двухпрядная шерстяная пряжа,variant,include,crafts-tools-processes/materials_registry/materials.csv#mt_wool,logical_necessity,data/normalized_source_tables/material_entities/material_entities.csv#OMI00274,B,1180–1260,Великий Новгород и Новгородская земля; центр модели — около 1230 года,add_variant,passed,No denylist stem matched the archive name.,variant_target,"Владелец текстильного материала, волокна или снасти — crafts; форму, состояние, длину, упаковку и назначение хранить как вариант. Reuses existing crafts owner crafts-tools-processes/materials_registry/materials.csv#mt_wool.","B: reconstruction/category/context evidence; basis logical_necessity, not direct item attestation. Владелец текстильного материала, волокна или снасти — crafts; форму, состояние, длину, упаковку и назначение хранить как вариант.",safe_with_explicit_context,medium,,,candidate
data/normalized_source_tables/material_entities/material_entities.csv:OMI00275,Толстая шерстяная пряжа,variant,include,crafts-tools-processes/materials_registry/materials.csv#mt_wool,logical_necessity,data/normalized_source_tables/material_entities/material_entities.csv#OMI00275,B,1180–1260,Великий Новгород и Новгородская земля; центр модели — около 1230 года,add_variant,passed,No denylist stem matched the archive name.,variant_target,"Владелец текстильного материала, волокна или снасти — crafts; форму, состояние, длину, упаковку и назначение хранить как вариант. Reuses existing crafts owner crafts-tools-processes/materials_registry/materials.csv#mt_wool.","B: reconstruction/category/context evidence; basis logical_necessity, not direct item attestation. Владелец текстильного материала, волокна или снасти — crafts; форму, состояние, длину, упаковку и назначение хранить как вариант.",safe_with_explicit_context,medium,,,candidate
data/normalized_source_tables/material_entities/material_entities.csv:OMI00276,Тонкая шерстяная пряжа,variant,include,crafts-tools-processes/materials_registry/materials.csv#mt_wool,logical_necessity,data/normalized_source_tables/material_entities/material_entities.csv#OMI00276,B,1180–1260,Великий Новгород и Новгородская земля; центр модели — около 1230 года,add_variant,passed,No denylist stem matched the archive name.,variant_target,"Владелец текстильного материала, волокна или снасти — crafts; форму, состояние, длину, упаковку и назначение хранить как вариант. Reuses existing crafts owner crafts-tools-processes/materials_registry/materials.csv#mt_wool.","B: reconstruction/category/context evidence; basis logical_necessity, not direct item attestation. Владелец текстильного материала, волокна или снасти — crafts; форму, состояние, длину, упаковку и назначение хранить как вариант.",safe_with_explicit_context,medium,,,candidate
data/normalized_source_tables/material_entities/material_entities.csv:OMI00277,Нить естественного белого тона,new,routed,,logical_necessity,data/normalized_source_tables/material_entities/material_entities.csv#OMI00277,B,1180–1260,Великий Новгород и Новгородская земля; центр модели — около 1230 года,add_variant,passed,No denylist stem matched the archive name.,unique,"Владелец текстильного материала, волокна или снасти — crafts; форму, состояние, длину, упаковку и назначение хранить как вариант.","B: reconstruction/category/context evidence; basis logical_necessity, not direct item attestation. Владелец текстильного материала, волокна или снасти — crafts; форму, состояние, длину, упаковку и назначение хранить как вариант.",safe_with_explicit_context,medium,crafts-tools-processes,crafts-tools-processes/materials_registry/materials.csv#mt_textile_generic,routed
data/normalized_source_tables/material_entities/material_entities.csv:OMI00278,Нить естественного серого тона,new,routed,,logical_necessity,data/normalized_source_tables/material_entities/material_entities.csv#OMI00278,B,1180–1260,Великий Новгород и Новгородская земля; центр модели — около 1230 года,add_variant,passed,No denylist stem matched the archive name.,unique,"Владелец текстильного материала, волокна или снасти — crafts; форму, состояние, длину, упаковку и назначение хранить как вариант.","B: reconstruction/category/context evidence; basis logical_necessity, not direct item attestation. Владелец текстильного материала, волокна или снасти — crafts; форму, состояние, длину, упаковку и назначение хранить как вариант.",safe_with_explicit_context,medium,crafts-tools-processes,crafts-tools-processes/materials_registry/materials.csv#mt_textile_generic,routed
data/normalized_source_tables/material_entities/material_entities.csv:OMI00279,Нить естественного бурого тона,new,routed,,logical_necessity,data/normalized_source_tables/material_entities/material_entities.csv#OMI00279,B,1180–1260,Великий Новгород и Новгородская земля; центр модели — около 1230 года,add_variant,passed,No denylist stem matched the archive name.,unique,"Владелец текстильного материала, волокна или снасти — crafts; форму, состояние, длину, упаковку и назначение хранить как вариант.","B: reconstruction/category/context evidence; basis logical_necessity, not direct item attestation. Владелец текстильного материала, волокна или снасти — crafts; форму, состояние, длину, упаковку и назначение хранить как вариант.",safe_with_explicit_context,medium,crafts-tools-processes,crafts-tools-processes/materials_registry/materials.csv#mt_textile_generic,routed
data/normalized_source_tables/material_entities/material_entities.csv:OMI00280,Окрашенная шерстяная нить,new,routed,,logical_necessity,data/normalized_source_tables/material_entities/material_entities.csv#OMI00280,B,1180–1260,Великий Новгород и Новгородская земля; центр модели — около 1230 года,add_variant,passed,No denylist stem matched the archive name.,unique,"Владелец текстильного материала, волокна или снасти — crafts; форму, состояние, длину, упаковку и назначение хранить как вариант.","B: reconstruction/category/context evidence; basis logical_necessity, not direct item attestation. Владелец текстильного материала, волокна или снасти — crafts; форму, состояние, длину, упаковку и назначение хранить как вариант.",safe_with_explicit_context,medium,crafts-tools-processes,crafts-tools-processes/materials_registry/materials.csv#mt_wool,routed
data/normalized_source_tables/material_entities/material_entities.csv:OMI00283,Большой клубок пряжи,new,routed,,logical_necessity,data/normalized_source_tables/material_entities/material_entities.csv#OMI00283,B,1180–1260,Великий Новгород и Новгородская земля; центр модели — около 1230 года,add_variant,passed,No denylist stem matched the archive name.,unique,"Владелец текстильного материала, волокна или снасти — crafts; форму, состояние, длину, упаковку и назначение хранить как вариант.","B: reconstruction/category/context evidence; basis logical_necessity, not direct item attestation. Владелец текстильного материала, волокна или снасти — crafts; форму, состояние, длину, упаковку и назначение хранить как вариант.",safe_with_explicit_context,medium,crafts-tools-processes,crafts-tools-processes/materials_registry/materials.csv#mt_textile_generic,routed
data/normalized_source_tables/material_entities/material_entities.csv:OMI00285,Моток шерстяной пряжи,new,routed,,logical_necessity,data/normalized_source_tables/material_entities/material_entities.csv#OMI00285,B,1180–1260,Великий Новгород и Новгородская земля; центр модели — около 1230 года,add_variant,passed,No denylist stem matched the archive name.,unique,"Владелец текстильного материала, волокна или снасти — crafts; форму, состояние, длину, упаковку и назначение хранить как вариант.","B: reconstruction/category/context evidence; basis logical_necessity, not direct item attestation. Владелец текстильного материала, волокна или снасти — crafts; форму, состояние, длину, упаковку и назначение хранить как вариант.",safe_with_explicit_context,medium,crafts-tools-processes,crafts-tools-processes/materials_registry/materials.csv#mt_wool,routed
data/normalized_source_tables/material_entities/material_entities.csv:OMI00288,Пряжа на деревянной катушке,new,routed,,logical_necessity,data/normalized_source_tables/material_entities/material_entities.csv#OMI00288,B,1180–1260,Великий Новгород и Новгородская земля; центр модели — около 1230 года,add_variant,passed,No denylist stem matched the archive name.,unique,"Владелец текстильного материала, волокна или снасти — crafts; форму, состояние, длину, упаковку и назначение хранить как вариант.","B: reconstruction/category/context evidence; basis logical_necessity, not direct item attestation. Владелец текстильного материала, волокна или снасти — crafts; форму, состояние, длину, упаковку и назначение хранить как вариант.",safe_with_explicit_context,medium,crafts-tools-processes,crafts-tools-processes/materials_registry/materials.csv#mt_textile_generic,routed
data/normalized_source_tables/material_entities/material_entities.csv:OMI00289,Пряжа на простой палочке-мотовиле,new,routed,,logical_necessity,data/normalized_source_tables/material_entities/material_entities.csv#OMI00289,B,1180–1260,Великий Новгород и Новгородская земля; центр модели — около 1230 года,add_variant,passed,No denylist stem matched the archive name.,unique,"Владелец текстильного материала, волокна или снасти — crafts; форму, состояние, длину, упаковку и назначение хранить как вариант.","B: reconstruction/category/context evidence; basis logical_necessity, not direct item attestation. Владелец текстильного материала, волокна или снасти — crafts; форму, состояние, длину, упаковку и назначение хранить как вариант.",safe_with_explicit_context,medium,crafts-tools-processes,crafts-tools-processes/materials_registry/materials.csv#mt_textile_generic,routed
data/normalized_source_tables/material_entities/material_entities.csv:OMI00292,"Нить, намотанная на челнок",new,routed,,logical_necessity,data/normalized_source_tables/material_entities/material_entities.csv#OMI00292,B,1180–1260,Великий Новгород и Новгородская земля; центр модели — около 1230 года,add_variant,passed,No denylist stem matched the archive name.,unique,"Владелец текстильного материала, волокна или снасти — crafts; форму, состояние, длину, упаковку и назначение хранить как вариант.","B: reconstruction/category/context evidence; basis logical_necessity, not direct item attestation. Владелец текстильного материала, волокна или снасти — crafts; форму, состояние, длину, упаковку и назначение хранить как вариант.",safe_with_explicit_context,medium,crafts-tools-processes,crafts-tools-processes/materials_registry/materials.csv#mt_textile_generic,routed
data/normalized_source_tables/material_entities/material_entities.csv:OMI00294,Спутанный комок нитей,variant,include,crafts-tools-processes/materials_registry/materials.csv#mt_textile_generic,logical_necessity,data/normalized_source_tables/material_entities/material_entities.csv#OMI00294,B,1180–1260,Великий Новгород и Новгородская земля; центр модели — около 1230 года,add_variant,passed,No denylist stem matched the archive name.,variant_target,"Thread winding, tangle, fraying, or repair state is not a separate textile identity. Reuses existing crafts owner crafts-tools-processes/materials_registry/materials.csv#mt_textile_generic.","B: reconstruction/category/context evidence; basis logical_necessity, not direct item attestation.",safe_with_explicit_context,medium,,,candidate
data/normalized_source_tables/material_entities/material_entities.csv:OMI00296,Пучок распущенных нитей ткани,new,routed,,logical_necessity,data/normalized_source_tables/material_entities/material_entities.csv#OMI00296,B,1180–1260,Великий Новгород и Новгородская земля; центр модели — около 1230 года,add_variant,passed,No denylist stem matched the archive name.,unique,"Владелец текстильного материала, волокна или снасти — crafts; форму, состояние, длину, упаковку и назначение хранить как вариант.","B: reconstruction/category/context evidence; basis logical_necessity, not direct item attestation. Владелец текстильного материала, волокна или снасти — crafts; форму, состояние, длину, упаковку и назначение хранить как вариант.",safe_with_explicit_context,medium,crafts-tools-processes,crafts-tools-processes/materials_registry/materials.csv#mt_textile_generic,routed
data/normalized_source_tables/material_entities/material_entities.csv:OMI00297,Нить с узелками после ремонта,new,routed,,analogy,data/normalized_source_tables/material_entities/material_entities.csv#OMI00297,C,1180–1260,Великий Новгород и Новгородская земля; центр модели — около 1230 года,add_variant,passed,No denylist stem matched the archive name.,unique,"Владелец текстильного материала, волокна или снасти — crafts; форму, состояние, длину, упаковку и назначение хранить как вариант.","Confidence C: analogue/hypothesis; basis analogy. Владелец текстильного материала, волокна или снасти — crafts; форму, состояние, длину, упаковку и назначение хранить как вариант.",explicit_context_only,high,crafts-tools-processes,crafts-tools-processes/materials_registry/materials.csv#mt_textile_generic,routed
data/normalized_source_tables/material_entities/material_entities.csv:OMI00295,Короткие концы основы,new,include,,logical_necessity,data/normalized_source_tables/material_entities/material_entities.csv#OMI00295,B,1180–1260,Великий Новгород и Новгородская земля; центр модели — около 1230 года,include_d39,passed,No denylist stem matched the archive name.,unique,Loose warp ends are an independent textile-production remnant; approved craft-waste entity.,"B: reconstruction/category/context evidence; basis logical_necessity, not direct item attestation.",safe_with_explicit_context,medium,,,candidate
data/normalized_source_tables/material_entities/material_entities.csv:OMI00303,Кусок шерстяного полотна,variant,include,crafts-tools-processes/materials_registry/materials.csv#mt_wool,logical_necessity,data/normalized_source_tables/material_entities/material_entities.csv#OMI00303,B,1180–1260,Великий Новгород и Новгородская земля; центр модели — около 1230 года,add_variant,passed,No denylist stem matched the archive name.,variant_target,"Archive calls this cut woollen cloth; wool is explicit and contradicts the round-two flax grouping, while cut size is only a mt_wool form. Reuses existing crafts owner crafts-tools-processes/materials_registry/materials.csv#mt_wool.","B: reconstruction/category/context evidence; basis logical_necessity, not direct item attestation. Archive calls this cut woollen cloth; wool is explicit and contradicts the round-two flax grouping, while cut size is only a mt_wool form.",safe_with_explicit_context,medium,,,candidate
data/normalized_source_tables/material_entities/material_entities.csv:OMI00304,Кусок грубой шерстяной ткани,variant,include,crafts-tools-processes/materials_registry/materials.csv#mt_wool,logical_necessity,data/normalized_source_tables/material_entities/material_entities.csv#OMI00304,B,1180–1260,Великий Новгород и Новгородская земля; центр модели — около 1230 года,add_variant,passed,No denylist stem matched the archive name.,variant_target,"Archive identifies coarse wool fabric; explicit wool composition rules out the round-two flax target, and coarse weave remains a mt_wool property. Reuses existing crafts owner crafts-tools-processes/materials_registry/materials.csv#mt_wool.","B: reconstruction/category/context evidence; basis logical_necessity, not direct item attestation. Archive identifies coarse wool fabric; explicit wool composition rules out the round-two flax target, and coarse weave remains a mt_wool property.",safe_with_explicit_context,medium,,,candidate
data/normalized_source_tables/material_entities/material_entities.csv:OMI00305,Кусок тонкой шерстяной ткани,variant,include,crafts-tools-processes/materials_registry/materials.csv#mt_wool,logical_necessity,data/normalized_source_tables/material_entities/material_entities.csv#OMI00305,B,1180–1260,Великий Новгород и Новгородская земля; центр модели — около 1230 года,add_variant,passed,No denylist stem matched the archive name.,variant_target,"Archive identifies fine wool fabric; fibre type is explicit wool rather than flax, with fineness represented as a mt_wool variant. Reuses existing crafts owner crafts-tools-processes/materials_registry/materials.csv#mt_wool.","B: reconstruction/category/context evidence; basis logical_necessity, not direct item attestation. Archive identifies fine wool fabric; fibre type is explicit wool rather than flax, with fineness represented as a mt_wool variant.",safe_with_explicit_context,medium,,,candidate
data/normalized_source_tables/material_entities/material_entities.csv:OMI00306,Полотно с незакреплённым краем,variant,include,crafts-tools-processes/craft_processes/process_products.csv#pr:woven_cloth,logical_necessity,data/normalized_source_tables/material_entities/material_entities.csv#OMI00306,B,1180–1260,Великий Новгород и Новгородская земля; центр модели — около 1230 года,add_variant,passed,No denylist stem matched the archive name.,variant_target,"Unfinished edge is a state of woven cloth, not a new product identity. Reuses existing crafts owner crafts-tools-processes/craft_processes/process_products.csv#pr:woven_cloth.","B: reconstruction/category/context evidence; basis logical_necessity, not direct item attestation.",safe_with_explicit_context,medium,,,candidate
data/normalized_source_tables/material_entities/material_entities.csv:OMI00307,Край ткани с кромкой,variant,include,crafts-tools-processes/materials_registry/materials.csv#mt_textile_generic,logical_necessity,data/normalized_source_tables/material_entities/material_entities.csv#OMI00307,B,1180–1260,Великий Новгород и Новгородская земля; центр модели — около 1230 года,add_variant,passed,No denylist stem matched the archive name.,variant_target,"Владелец текстильного материала, волокна или снасти — crafts; форму, состояние, длину, упаковку и назначение хранить как вариант. Reuses existing crafts owner crafts-tools-processes/materials_registry/materials.csv#mt_textile_generic.","B: reconstruction/category/context evidence; basis logical_necessity, not direct item attestation. Владелец текстильного материала, волокна или снасти — crafts; форму, состояние, длину, упаковку и назначение хранить как вариант.",safe_with_explicit_context,medium,,,candidate
data/normalized_source_tables/material_entities/material_entities.csv:OMI00325,Свёрнутый отрез ткани,new,routed,,logical_necessity,data/normalized_source_tables/material_entities/material_entities.csv#OMI00325,B,1180–1260,Великий Новгород и Новгородская земля; центр модели — около 1230 года,add_variant,passed,No denylist stem matched the archive name.,unique,"Владелец текстильного материала, волокна или снасти — crafts; форму, состояние, длину, упаковку и назначение хранить как вариант.","B: reconstruction/category/context evidence; basis logical_necessity, not direct item attestation. Владелец текстильного материала, волокна или снасти — crafts; форму, состояние, длину, упаковку и назначение хранить как вариант.",safe_with_explicit_context,medium,crafts-tools-processes,crafts-tools-processes/materials_registry/materials.csv#mt_textile_generic,routed
data/normalized_source_tables/material_entities/material_entities.csv:OMI00326,Сложенная стопка тканевых отрезов,new,routed,,logical_necessity,data/normalized_source_tables/material_entities/material_entities.csv#OMI00326,B,1180–1260,Великий Новгород и Новгородская земля; центр модели — около 1230 года,add_variant,passed,No denylist stem matched the archive name.,unique,"Владелец текстильного материала, волокна или снасти — crafts; форму, состояние, длину, упаковку и назначение хранить как вариант.","B: reconstruction/category/context evidence; basis logical_necessity, not direct item attestation. Владелец текстильного материала, волокна или снасти — crafts; форму, состояние, длину, упаковку и назначение хранить как вариант.",safe_with_explicit_context,medium,crafts-tools-processes,crafts-tools-processes/materials_registry/materials.csv#mt_textile_generic,routed
data/normalized_source_tables/material_entities/material_entities.csv:OMI00335,Выцветший тканевый лоскут,new,routed,,logical_necessity,data/normalized_source_tables/material_entities/material_entities.csv#OMI00335,B,1180–1260,Великий Новгород и Новгородская земля; центр модели — около 1230 года,add_variant,passed,No denylist stem matched the archive name.,unique,"Владелец текстильного материала, волокна или снасти — crafts; форму, состояние, длину, упаковку и назначение хранить как вариант.","B: reconstruction/category/context evidence; basis logical_necessity, not direct item attestation. Владелец текстильного материала, волокна или снасти — crafts; форму, состояние, длину, упаковку и назначение хранить как вариант.",safe_with_explicit_context,medium,crafts-tools-processes,crafts-tools-processes/materials_registry/materials.csv#mt_textile_generic,routed
data/normalized_source_tables/material_entities/material_entities.csv:OMI00336,Опалённый край ткани,new,routed,,logical_necessity,data/normalized_source_tables/material_entities/material_entities.csv#OMI00336,B,1180–1260,Великий Новгород и Новгородская земля; центр модели — около 1230 года,add_variant,passed,No denylist stem matched the archive name.,unique,"Владелец текстильного материала, волокна или снасти — crafts; форму, состояние, длину, упаковку и назначение хранить как вариант.","B: reconstruction/category/context evidence; basis logical_necessity, not direct item attestation. Владелец текстильного материала, волокна или снасти — crafts; форму, состояние, длину, упаковку и назначение хранить как вариант.",safe_with_explicit_context,medium,crafts-tools-processes,crafts-tools-processes/materials_registry/materials.csv#mt_textile_generic,routed
data/normalized_source_tables/material_entities/material_entities.csv:OMI00337,Обрывок ткани со швом,new,routed,,logical_necessity,data/normalized_source_tables/material_entities/material_entities.csv#OMI00337,B,1180–1260,Великий Новгород и Новгородская земля; центр модели — около 1230 года,add_variant,passed,No denylist stem matched the archive name.,unique,"Владелец текстильного материала, волокна или снасти — crafts; форму, состояние, длину, упаковку и назначение хранить как вариант.","B: reconstruction/category/context evidence; basis logical_necessity, not direct item attestation. Владелец текстильного материала, волокна или снасти — crafts; форму, состояние, длину, упаковку и назначение хранить как вариант.",safe_with_explicit_context,medium,crafts-tools-processes,crafts-tools-processes/materials_registry/materials.csv#mt_textile_generic,routed
data/normalized_source_tables/material_entities/material_entities.csv:OMI00339,Смятый тканевый обрезок,new,routed,,logical_necessity,data/normalized_source_tables/material_entities/material_entities.csv#OMI00339,B,1180–1260,Великий Новгород и Новгородская земля; центр модели — около 1230 года,add_variant,passed,No denylist stem matched the archive name.,unique,"Владелец текстильного материала, волокна или снасти — crafts; форму, состояние, длину, упаковку и назначение хранить как вариант.","B: reconstruction/category/context evidence; basis logical_necessity, not direct item attestation. Владелец текстильного материала, волокна или снасти — crafts; форму, состояние, длину, упаковку и назначение хранить как вариант.",safe_with_explicit_context,medium,crafts-tools-processes,crafts-tools-processes/materials_registry/materials.csv#mt_textile_generic,routed
data/normalized_source_tables/material_entities/material_entities.csv:OMI00342,Истлевший фрагмент ткани,new,routed,,logical_necessity,data/normalized_source_tables/material_entities/material_entities.csv#OMI00342,B,1180–1260,Великий Новгород и Новгородская земля; центр модели — около 1230 года,add_variant,passed,No denylist stem matched the archive name.,unique,"Владелец текстильного материала, волокна или снасти — crafts; форму, состояние, длину, упаковку и назначение хранить как вариант.","B: reconstruction/category/context evidence; basis logical_necessity, not direct item attestation. Владелец текстильного материала, волокна или снасти — crafts; форму, состояние, длину, упаковку и назначение хранить как вариант.",safe_with_explicit_context,medium,crafts-tools-processes,crafts-tools-processes/materials_registry/materials.csv#mt_textile_generic,routed
data/normalized_source_tables/material_entities/material_entities.csv:OMI00334,Окрашиваемый моток ткани,new,routed,,analogy,data/normalized_source_tables/material_entities/material_entities.csv#OMI00334,C,1180–1260,Великий Новгород и Новгородская земля; центр модели — около 1230 года,add_variant,passed,No denylist stem matched the archive name.,unique,"Владелец текстильного материала, волокна или снасти — crafts; форму, состояние, длину, упаковку и назначение хранить как вариант.","Confidence C: analogue/hypothesis; basis analogy. Владелец текстильного материала, волокна или снасти — crafts; форму, состояние, длину, упаковку и назначение хранить как вариант.",explicit_context_only,high,crafts-tools-processes,crafts-tools-processes/materials_registry/materials.csv#mt_textile_generic,routed
data/normalized_source_tables/material_entities/material_entities.csv:OMI00340,Кучка мелких тканевых обрезков,new,include,,logical_necessity,data/normalized_source_tables/material_entities/material_entities.csv#OMI00340,B,1180–1260,Великий Новгород и Новгородская земля; центр модели — около 1230 года,include_d39,passed,No denylist stem matched the archive name.,unique,"A heap of textile offcuts is an independently useful workshop waste entity, not one folded cloth piece.","B: reconstruction/category/context evidence; basis logical_necessity, not direct item attestation. A heap of textile offcuts is an independently useful workshop waste entity, not one folded cloth piece.",safe_with_explicit_context,medium,crafts-tools-processes,crafts-tools-processes/materials_registry/material_entities.csv#n1230:material_item:omi00340,candidate
data/normalized_source_tables/material_entities/material_entities.csv:OMI00341,Нити и бахрома от распущенного края,variant,include,crafts-tools-processes/materials_registry/materials.csv#mt_textile_generic,logical_necessity,data/normalized_source_tables/material_entities/material_entities.csv#OMI00341,B,1180–1260,Великий Новгород и Новгородская земля; центр модели — около 1230 года,include_d39,passed,No denylist stem matched the archive name.,variant_target,"Владелец текстильного материала, волокна или снасти — crafts; форму, состояние, длину, упаковку и назначение хранить как вариант. Reuses existing crafts owner crafts-tools-processes/materials_registry/materials.csv#mt_textile_generic.","B: reconstruction/category/context evidence; basis logical_necessity, not direct item attestation. Владелец текстильного материала, волокна или снасти — crafts; форму, состояние, длину, упаковку и назначение хранить как вариант.",safe_with_explicit_context,medium,,,candidate
data/normalized_source_tables/material_entities/material_entities.csv:OMI00355,Верёвочная петля,variant,include,crafts-tools-processes/materials_registry/materials.csv#mt_cordage,logical_necessity,data/normalized_source_tables/material_entities/material_entities.csv#OMI00355,B,1180–1260,Великий Новгород и Новгородская земля; центр модели — около 1230 года,add_variant,passed,No denylist stem matched the archive name.,variant_target,"Владелец текстильного материала, волокна или снасти — crafts; форму, состояние, длину, упаковку и назначение хранить как вариант. Reuses existing crafts owner crafts-tools-processes/materials_registry/materials.csv#mt_cordage.","B: reconstruction/category/context evidence; basis logical_necessity, not direct item attestation. Владелец текстильного материала, волокна или снасти — crafts; форму, состояние, длину, упаковку и назначение хранить как вариант.",safe_with_explicit_context,medium,,,candidate
data/normalized_source_tables/material_entities/material_entities.csv:OMI00379,Верёвочные волокна после ремонта,variant,include,crafts-tools-processes/materials_registry/materials.csv#mt_cordage,logical_necessity,data/normalized_source_tables/material_entities/material_entities.csv#OMI00379,B,1180–1260,Великий Новгород и Новгородская земля; центр модели — около 1230 года,add_variant,passed,No denylist stem matched the archive name.,variant_target,"Владелец текстильного материала, волокна или снасти — crafts; форму, состояние, длину, упаковку и назначение хранить как вариант. Reuses existing crafts owner crafts-tools-processes/materials_registry/materials.csv#mt_cordage.","B: reconstruction/category/context evidence; basis logical_necessity, not direct item attestation. Владелец текстильного материала, волокна или снасти — crafts; форму, состояние, длину, упаковку и назначение хранить как вариант.",safe_with_explicit_context,medium,,,candidate
data/normalized_source_tables/material_entities/material_entities.csv:OMI00382,Сетная нить льняная,variant,include,crafts-tools-processes/craft_processes/process_products.csv#pr:fishing_net,sourced,category-level evidence (category_form_material_process_or_context): data/normalized_source_tables/material_entities/material_entities.csv#OMI00382,A,1180–1260,Великий Новгород и Новгородская земля; центр модели — около 1230 года,add_variant,passed,No denylist stem matched the archive name.,variant_target,"Владелец текстильного материала, волокна или снасти — crafts; форму, состояние, длину, упаковку и назначение хранить как вариант. Reuses existing crafts owner crafts-tools-processes/craft_processes/process_products.csv#pr:fishing_net.","A: category-level evidence (category_form_material_process_or_context). Владелец текстильного материала, волокна или снасти — crafts; форму, состояние, длину, упаковку и назначение хранить как вариант.",safe_with_context,low,,,candidate
data/normalized_source_tables/material_entities/material_entities.csv:OMI00383,Сетная нить конопляная,variant,include,crafts-tools-processes/craft_processes/process_products.csv#pr:fishing_net,sourced,category-level evidence (category_form_material_process_or_context): data/normalized_source_tables/material_entities/material_entities.csv#OMI00383,A,1180–1260,Великий Новгород и Новгородская земля; центр модели — около 1230 года,add_variant,passed,No denylist stem matched the archive name.,variant_target,"Владелец текстильного материала, волокна или снасти — crafts; форму, состояние, длину, упаковку и назначение хранить как вариант. Reuses existing crafts owner crafts-tools-processes/craft_processes/process_products.csv#pr:fishing_net.","A: category-level evidence (category_form_material_process_or_context). Владелец текстильного материала, волокна или снасти — crafts; форму, состояние, длину, упаковку и назначение хранить как вариант.",safe_with_context,low,,,candidate
data/normalized_source_tables/material_entities/material_entities.csv:OMI00408,Нить для починки ловчей сети,new,routed,,logical_necessity,data/normalized_source_tables/material_entities/material_entities.csv#OMI00408,B,1180–1260,Великий Новгород и Новгородская земля; центр модели — около 1230 года,add_variant,passed,No denylist stem matched the archive name.,unique,"Владелец текстильного материала, волокна или снасти — crafts; форму, состояние, длину, упаковку и назначение хранить как вариант.","B: reconstruction/category/context evidence; basis logical_necessity, not direct item attestation. Владелец текстильного материала, волокна или снасти — crafts; форму, состояние, длину, упаковку и назначение хранить как вариант.",safe_with_explicit_context,medium,crafts-tools-processes,crafts-tools-processes/craft_processes/process_products.csv#pr:fishing_net,routed
data/normalized_source_tables/material_entities/material_entities.csv:OMI00424,Лисья шкура необработанная,variant,include,crafts-tools-processes/materials_registry/materials.csv#mt_fur,logical_necessity,data/normalized_source_tables/material_entities/material_entities.csv#OMI00424,B,1180–1260,Великий Новгород и Новгородская земля; центр модели — около 1230 года,add_variant,passed,No denylist stem matched the archive name.,variant_target,Animal species is a property of the stable fur-pelt material; raw fur remains crafts-owned. Reuses existing crafts owner crafts-tools-processes/materials_registry/materials.csv#mt_fur.,"B: reconstruction/category/context evidence; basis logical_necessity, not direct item attestation.",safe_with_explicit_context,medium,,,candidate
data/normalized_source_tables/material_entities/material_entities.csv:OMI00425,Заячья шкурка необработанная,variant,include,crafts-tools-processes/materials_registry/materials.csv#mt_fur,logical_necessity,data/normalized_source_tables/material_entities/material_entities.csv#OMI00425,B,1180–1260,Великий Новгород и Новгородская земля; центр модели — около 1230 года,add_variant,passed,No denylist stem matched the archive name.,variant_target,Animal species is a property of the stable fur-pelt material; raw fur remains crafts-owned. Reuses existing crafts owner crafts-tools-processes/materials_registry/materials.csv#mt_fur.,"B: reconstruction/category/context evidence; basis logical_necessity, not direct item attestation.",safe_with_explicit_context,medium,,,candidate
data/normalized_source_tables/material_entities/material_entities.csv:OMI00428,Медвежья шкура необработанная,variant,include,crafts-tools-processes/materials_registry/materials.csv#mt_fur,analogy,data/normalized_source_tables/material_entities/material_entities.csv#OMI00428,C,1180–1260,Великий Новгород и Новгородская земля; центр модели — около 1230 года,add_variant,passed,No denylist stem matched the archive name.,variant_target,Animal species is a property of the stable fur-pelt material; raw fur remains crafts-owned. Reuses existing crafts owner crafts-tools-processes/materials_registry/materials.csv#mt_fur.,Confidence C: analogue/hypothesis; basis analogy.,explicit_context_only,high,,,candidate
downloads/Novgorod1230_costume_dataset_v1/data/catalog_items.csv:FW022,Запасная подошва или ремонтная кожаная деталь,variant,include,crafts-tools-processes/materials_registry/material_entities.csv#n1230:material_item:crf0072,sourced,FW022,A,1180–1260,Великий Новгород и Новгородская земля; при необходимости близкие древнерусские/североевропейские аналогии отмечены отдельно,add_variant,passed,No denylist stem matched the archive name.,variant_target,Costume-dataset repair sole is the same footwear repair blank as stable material-culture item CRF0072; do not create a second entity. Reuses existing crafts owner crafts-tools-processes/materials_registry/material_entities.csv#n1230:material_item:crf0072.,A: direct evidence; linked sources may attest category/form/material/process rather than this exact specimen.,,,,,candidate
data/normalized_source_tables/material_entities/material_entities.csv:OMI00161,Смола в ремонтном горшке,variant,include,crafts-tools-processes/materials_registry/materials.csv#mt_pine_pitch,sourced,category-level evidence (category_form_material_process_or_context): data/normalized_source_tables/material_entities/material_entities.csv#OMI00161,A,1180–1260,Великий Новгород и Новгородская земля; центр модели — около 1230 года,add_variant,passed,No denylist stem matched the archive name.,variant_target,"Repair-pot contents are pitch/resin, not beeswax; pot is a container context, not material identity. Reuses existing crafts owner crafts-tools-processes/materials_registry/materials.csv#mt_pine_pitch.","A: category-level evidence (category_form_material_process_or_context). Repair-pot contents are pitch/resin, not beeswax; pot is a container context, not material identity.",safe_with_context,low,,,candidate
data/normalized_source_tables/material_entities/material_entities.csv:OMI01767,Восковая крошка со стола свечника,variant,include,crafts-tools-processes/materials_registry/materials.csv#mt_beeswax,logical_necessity,data/normalized_source_tables/material_entities/material_entities.csv#OMI01767,B,1180–1260,Великий Новгород и Новгородская земля; центр модели — около 1230 года,add_variant,passed,No denylist stem matched the archive name.,variant_target,Beeswax crumbs are a particle-size or batch form of stable beeswax. Reuses existing crafts owner crafts-tools-processes/materials_registry/materials.csv#mt_beeswax.,"B: reconstruction/category/context evidence; basis logical_necessity, not direct item attestation.",safe_with_explicit_context,medium,,,candidate
data/normalized_source_tables/material_entities/material_entities.csv:OMI01518,Льняная пакля для уплотнения тары,new,routed,,logical_necessity,data/normalized_source_tables/material_entities/material_entities.csv#OMI01518,B,1180–1260,Великий Новгород и Новгородская земля; центр модели — около 1230 года,add_variant,passed,No denylist stem matched the archive name.,unique,"Владелец текстильного материала, волокна или снасти — crafts; форму, состояние, длину, упаковку и назначение хранить как вариант.","B: reconstruction/category/context evidence; basis logical_necessity, not direct item attestation. Владелец текстильного материала, волокна или снасти — crafts; форму, состояние, длину, упаковку и назначение хранить как вариант.",safe_with_explicit_context,medium,crafts-tools-processes,crafts-tools-processes/materials_registry/materials.csv#mt_cordage,routed
data/normalized_source_tables/material_entities/material_entities.csv:OMI01766,Свечной фитиль в мотке,variant,include,crafts-tools-processes/materials_registry/material_entities.csv#n1230:material_item:omi01499,logical_necessity,data/normalized_source_tables/material_entities/material_entities.csv#OMI01766,B,1180–1260,Великий Новгород и Новгородская земля; центр модели — около 1230 года,add_variant,passed,No denylist stem matched the archive name.,variant_target,"Coiled candle wick is packaging/quantity form of candle-wick stock, not flax fiber stock. Reuses existing crafts owner crafts-tools-processes/materials_registry/material_entities.csv#n1230:material_item:omi01499.","B: reconstruction/category/context evidence; basis logical_necessity, not direct item attestation. Coiled candle wick is packaging/quantity form of candle-wick stock, not flax fiber stock.",safe_with_explicit_context,medium,,,candidate
downloads/Novgorod1230_material_culture_dataset_v1/Novgorod1230_material_culture_dataset_v1/data/catalog_items.csv:MSC0009,Пакля/льняное волокно для швов,new,routed,,logical_necessity,MSC0009,B,1180–1260,Великий Новгород и Новгородская земля,add_variant,passed,No denylist stem matched the archive name.,unique,Пакля/льняное волокно — владелец crafts; текущий BIC вариант не подходит.,"B: reconstruction/category/context evidence; basis logical_necessity, not direct item attestation. Пакля/льняное волокно — владелец crafts; текущий BIC вариант не подходит.",safe_with_constraints,средне-высокий: без референса генератор часто подменяет форму позднесредневековой или этнографической,crafts-tools-processes,,routed
data/normalized_source_tables/material_entities/material_entities.csv:OMI00346,Толстая пеньковая верёвка,variant,include,crafts-tools-processes/materials_registry/materials.csv#mt_cordage,logical_necessity,data/normalized_source_tables/material_entities/material_entities.csv#OMI00346,B,1180–1260,Великий Новгород и Новгородская земля; центр модели — около 1230 года,add_variant,passed,No denylist stem matched the archive name.,variant_target,"Владелец текстильного материала, волокна или снасти — crafts; форму, состояние, длину, упаковку и назначение хранить как вариант. Reuses existing crafts owner crafts-tools-processes/materials_registry/materials.csv#mt_cordage.","B: reconstruction/category/context evidence; basis logical_necessity, not direct item attestation. Владелец текстильного материала, волокна или снасти — crafts; форму, состояние, длину, упаковку и назначение хранить как вариант.",safe_with_explicit_context,medium,,,candidate
data/normalized_source_tables/material_entities/material_entities.csv:OMI00347,Льняная верёвка лёгкая,variant,include,crafts-tools-processes/materials_registry/materials.csv#mt_cordage,logical_necessity,data/normalized_source_tables/material_entities/material_entities.csv#OMI00347,B,1180–1260,Великий Новгород и Новгородская земля; центр модели — около 1230 года,add_variant,passed,No denylist stem matched the archive name.,variant_target,"Владелец текстильного материала, волокна или снасти — crafts; форму, состояние, длину, упаковку и назначение хранить как вариант. Reuses existing crafts owner crafts-tools-processes/materials_registry/materials.csv#mt_cordage.","B: reconstruction/category/context evidence; basis logical_necessity, not direct item attestation. Владелец текстильного материала, волокна или снасти — crafts; форму, состояние, длину, упаковку и назначение хранить как вариант.",safe_with_explicit_context,medium,,,candidate
data/normalized_source_tables/material_entities/material_entities.csv:OMI01546,Круглая донная заплата мешка,new,routed,,logical_necessity,data/normalized_source_tables/material_entities/material_entities.csv#OMI01546,B,1180–1260,Великий Новгород и Новгородская земля; центр модели — около 1230 года,add_variant,passed,No denylist stem matched the archive name.,unique,"Владелец текстильного материала, волокна или снасти — crafts; форму, состояние, длину, упаковку и назначение хранить как вариант.","B: reconstruction/category/context evidence; basis logical_necessity, not direct item attestation. Владелец текстильного материала, волокна или снасти — crafts; форму, состояние, длину, упаковку и назначение хранить как вариант.",safe_with_explicit_context,medium,crafts-tools-processes,crafts-tools-processes/materials_registry/materials.csv#mt_textile_generic,routed
data/normalized_source_tables/material_entities/material_entities.csv:OMI00323,Тканевая обёртка товара,variant,include,crafts-tools-processes/materials_registry/materials.csv#mt_textile_generic,logical_necessity,data/normalized_source_tables/material_entities/material_entities.csv#OMI00323,B,1180–1260,Великий Новгород и Новгородская земля; центр модели — около 1230 года,add_variant,passed,No denylist stem matched the archive name.,variant_target,"Владелец текстильного материала, волокна или снасти — crafts; форму, состояние, длину, упаковку и назначение хранить как вариант. Reuses existing crafts owner crafts-tools-processes/materials_registry/materials.csv#mt_textile_generic.","B: reconstruction/category/context evidence; basis logical_necessity, not direct item attestation. Владелец текстильного материала, волокна или снасти — crafts; форму, состояние, длину, упаковку и назначение хранить как вариант.",safe_with_explicit_context,medium,,,candidate
data/normalized_source_tables/material_entities/state_variants.csv:STA0021,Намокший тюк ткани — состояние,variant,include,crafts-tools-processes/materials_registry/materials.csv#mt_textile_generic,logical_necessity,data/normalized_source_tables/material_entities/state_variants.csv#STA0021,B,1180–1260,Великий Новгород и Новгородская земля,add_variant,passed,No denylist stem matched the archive name.,variant_target,"Textile wrapper, patch, bundle state, or wool preparation is a form/state of stable textile stock, not a second item owner. Reuses existing crafts owner crafts-tools-processes/materials_registry/materials.csv#mt_textile_generic.","B: reconstruction/category/context evidence; basis logical_necessity, not direct item attestation.",safe_with_explicit_context,,,,candidate
data/normalized_source_tables/material_entities/state_variants.csv:STA0033,Малый товарный тюк ткани,variant,include,crafts-tools-processes/materials_registry/materials.csv#mt_textile_generic,logical_necessity,data/normalized_source_tables/material_entities/state_variants.csv#STA0033,B,1180–1260,Великий Новгород и Новгородская земля,add_variant,passed,No denylist stem matched the archive name.,variant_target,"Textile wrapper, patch, bundle state, or wool preparation is a form/state of stable textile stock, not a second item owner. Reuses existing crafts owner crafts-tools-processes/materials_registry/materials.csv#mt_textile_generic.","B: reconstruction/category/context evidence; basis logical_necessity, not direct item attestation.",safe_with_explicit_context,,,,candidate
data/normalized_source_tables/material_entities/material_entities.csv:OMI02266,Кучка нитей и тканевых обрезков,variant,include,crafts-tools-processes/materials_registry/material_entities.csv#n1230:material_item:omi00340,sourced,category-level evidence (category_form_material_process_or_context): data/normalized_source_tables/material_entities/material_entities.csv#OMI02266,A,1180–1260,Великий Новгород и Новгородская земля; центр модели — около 1230 года,add_variant,passed,No denylist stem matched the archive name.,variant_target,Нити и тканевые обрезки относятся к уже существующей куче текстильных обрезков OMI00340; смесь и накопление не создают второй тип ремесленного отхода. Reuses existing crafts owner crafts-tools-processes/materials_registry/material_entities.csv#n1230:material_item:omi00340.,A: category-level evidence (category_form_material_process_or_context). Нити и тканевые обрезки относятся к уже существующей куче текстильных обрезков OMI00340; смесь и накопление не создают второй тип ремесленного отхода.,safe_with_context,low,,,candidate
data/normalized_source_tables/material_entities/material_entities.csv:OMI02267,Шерстяные очёски и пыль у гребней,variant,include,crafts-tools-processes/materials_registry/materials.csv#mt_wool,sourced,category-level evidence (category_form_material_process_or_context): data/normalized_source_tables/material_entities/material_entities.csv#OMI02267,A,1180–1260,Великий Новгород и Новгородская земля; центр модели — около 1230 года,add_variant,passed,No denylist stem matched the archive name.,variant_target,"Шерстяные очёски и пыль у гребней — собранное шерстяное волокно; OMI00251 само ссылается на canonical материал mt_wool, поэтому stable target — общий владелец материала, без ссылки на отсутствующую entity. Reuses existing crafts owner crafts-tools-processes/materials_registry/materials.csv#mt_wool.","A: category-level evidence (category_form_material_process_or_context). Шерстяные очёски и пыль у гребней — собранное шерстяное волокно; OMI00251 само ссылается на canonical материал mt_wool, поэтому stable target — общий владелец материала, без ссылки на отсутствующую entity.",safe_with_context,low,,,candidate
data/normalized_source_tables/material_entities/material_entities.csv:OMI01564,Верёвочная крестовая обвязка тюка,new,routed,,sourced,category-level evidence (category_form_material_process_or_context): data/normalized_source_tables/material_entities/material_entities.csv#OMI01564,A,1180–1260,Великий Новгород и Новгородская земля; центр модели — около 1230 года,add_variant,passed,No denylist stem matched the archive name.,unique,"Владелец текстильного материала, волокна или снасти — crafts; форму, состояние, длину, упаковку и назначение хранить как вариант.","A: category-level evidence (category_form_material_process_or_context). Владелец текстильного материала, волокна или снасти — crafts; форму, состояние, длину, упаковку и назначение хранить как вариант.",safe_with_context,low,crafts-tools-processes,crafts-tools-processes/materials_registry/material_entities.csv#n1230:material_item:omi00357,routed
data/normalized_source_tables/material_entities/material_entities.csv:OMI02228,Сгнившая верёвочная обвязка,new,routed,,sourced,category-level evidence (category_form_material_process_or_context): data/normalized_source_tables/material_entities/material_entities.csv#OMI02228,A,1180–1260,Великий Новгород и Новгородская земля; центр модели — около 1230 года,add_variant,passed,No denylist stem matched the archive name.,unique,"Владелец текстильного материала, волокна или снасти — crafts; форму, состояние, длину, упаковку и назначение хранить как вариант.","A: category-level evidence (category_form_material_process_or_context). Владелец текстильного материала, волокна или снасти — crafts; форму, состояние, длину, упаковку и назначение хранить как вариант.",safe_with_context,low,crafts-tools-processes,crafts-tools-processes/materials_registry/material_entities.csv#n1230:material_item:omi00357,routed
data/normalized_source_tables/material_entities/material_entities.csv:OMI01585,Верёвочная ручка ящика,new,routed,,logical_necessity,data/normalized_source_tables/material_entities/material_entities.csv#OMI01585,B,1180–1260,Великий Новгород и Новгородская земля; центр модели — около 1230 года,add_variant,passed,No denylist stem matched the archive name.,unique,"Владелец текстильного материала, волокна или снасти — crafts; форму, состояние, длину, упаковку и назначение хранить как вариант.","B: reconstruction/category/context evidence; basis logical_necessity, not direct item attestation. Владелец текстильного материала, волокна или снасти — crafts; форму, состояние, длину, упаковку и назначение хранить как вариант.",safe_with_explicit_context,medium,crafts-tools-processes,crafts-tools-processes/materials_registry/material_entities.csv#n1230:material_item:omi00359,routed
data/normalized_source_tables/material_entities/material_entities.csv:OMI01601,Соляная крошка на дне бочки,variant,include,crafts-tools-processes/materials_registry/material_entities.csv#n1230:material_item:omi01196,sourced,category-level evidence (category_form_material_process_or_context): data/normalized_source_tables/material_entities/material_entities.csv#OMI01601,A,1180–1260,Великий Новгород и Новгородская земля; центр модели — около 1230 года,add_variant,passed,No denylist stem matched the archive name.,variant_target,Salt crumbs in containers are the same accumulated salt residue represented by OMI01196. Reuses existing crafts owner crafts-tools-processes/materials_registry/material_entities.csv#n1230:material_item:omi01196.,A: category-level evidence (category_form_material_process_or_context).,safe_with_context,low,,,candidate
data/normalized_source_tables/material_entities/material_entities.csv:OMI02182,Соляная крошка у торговой тары,variant,include,crafts-tools-processes/materials_registry/material_entities.csv#n1230:material_item:omi01196,sourced,category-level evidence (category_form_material_process_or_context): data/normalized_source_tables/material_entities/material_entities.csv#OMI02182,A,1180–1260,Великий Новгород и Новгородская земля; центр модели — около 1230 года,add_variant,passed,No denylist stem matched the archive name.,variant_target,Salt crumbs in containers are the same accumulated salt residue represented by OMI01196. Reuses existing crafts owner crafts-tools-processes/materials_registry/material_entities.csv#n1230:material_item:omi01196.,A: category-level evidence (category_form_material_process_or_context).,safe_with_context,low,,,candidate
data/normalized_source_tables/material_entities/material_entities.csv:OMI02170,Кожаные обрезки в мусорной яме,variant,include,crafts-tools-processes/materials_registry/material_entities.csv#n1230:material_item:crf0025,sourced,category-level evidence (category_form_material_process_or_context): data/normalized_source_tables/material_entities/material_entities.csv#OMI02170,A,1180–1260,Великий Новгород и Новгородская земля; центр модели — около 1230 года,add_variant,passed,No denylist stem matched the archive name.,variant_target,"Кожаные обрезки из ямы сохраняют identity сапожных leather offcuts CRF0025; яма описывает место накопления, а не новый material owner. Reuses existing crafts owner crafts-tools-processes/materials_registry/material_entities.csv#n1230:material_item:crf0025.","A: category-level evidence (category_form_material_process_or_context). Кожаные обрезки из ямы сохраняют identity сапожных leather offcuts CRF0025; яма описывает место накопления, а не новый material owner.",safe_with_context,low,,,candidate
data/normalized_source_tables/material_entities/material_entities.csv:OMI02213,Водонасыщенный кожаный обрезок,variant,include,crafts-tools-processes/materials_registry/material_entities.csv#n1230:material_item:crf0025,sourced,category-level evidence (category_form_material_process_or_context): data/normalized_source_tables/material_entities/material_entities.csv#OMI02213,A,1180–1260,Великий Новгород и Новгородская земля; центр модели — около 1230 года,add_variant,passed,No denylist stem matched the archive name.,variant_target,"Leather trimmings/fragments are variants or states of the existing cobbler offcut owner CRF0025, not additional entity owners. Reuses existing crafts owner crafts-tools-processes/materials_registry/material_entities.csv#n1230:material_item:crf0025.",A: category-level evidence (category_form_material_process_or_context).,safe_with_context,low,,,candidate
data/normalized_source_tables/material_entities/material_entities.csv:OMI02233,Обугленный кожаный обрезок,variant,include,crafts-tools-processes/materials_registry/material_entities.csv#n1230:material_item:crf0025,sourced,category-level evidence (category_form_material_process_or_context): data/normalized_source_tables/material_entities/material_entities.csv#OMI02233,A,1180–1260,Великий Новгород и Новгородская земля; центр модели — около 1230 года,add_variant,passed,No denylist stem matched the archive name.,variant_target,Обугленный кожаный обрезок — altered-state variant leather offcuts CRF0025; обугливание не создаёт нового владельца кожаного отхода. Reuses existing crafts owner crafts-tools-processes/materials_registry/material_entities.csv#n1230:material_item:crf0025.,A: category-level evidence (category_form_material_process_or_context). Обугленный кожаный обрезок — altered-state variant leather offcuts CRF0025; обугливание не создаёт нового владельца кожаного отхода.,safe_with_context,low,,,candidate
data/normalized_source_tables/material_entities/material_entities.csv:OMI02257,Сортированные длинные кожаные обрезки,variant,include,crafts-tools-processes/materials_registry/material_entities.csv#n1230:material_item:crf0025,sourced,category-level evidence (category_form_material_process_or_context): data/normalized_source_tables/material_entities/material_entities.csv#OMI02257,A,1180–1260,Великий Новгород и Новгородская земля; центр модели — около 1230 года,add_variant,passed,No denylist stem matched the archive name.,variant_target,"Leather trimmings/fragments are variants or states of the existing cobbler offcut owner CRF0025, not additional entity owners. Reuses existing crafts owner crafts-tools-processes/materials_registry/material_entities.csv#n1230:material_item:crf0025.",A: category-level evidence (category_form_material_process_or_context).,safe_with_context,low,,,candidate
data/normalized_source_tables/material_entities/state_variants.csv:STA0052,Обрезки кожи и щетины после ошпаривания,variant,include,crafts-tools-processes/materials_registry/material_entities.csv#n1230:material_item:crf0025,logical_necessity,data/normalized_source_tables/material_entities/state_variants.csv#STA0052,B,1180–1260,Великий Новгород и Новгородская земля,add_variant,passed,No denylist stem matched the archive name.,variant_target,"Leather trimmings/fragments are variants or states of the existing cobbler offcut owner CRF0025, not additional entity owners. Reuses existing crafts owner crafts-tools-processes/materials_registry/material_entities.csv#n1230:material_item:crf0025.","B: reconstruction/category/context evidence; basis logical_necessity, not direct item attestation.",safe_with_explicit_context,,,,candidate
data/normalized_source_tables/material_entities/state_variants.csv:STA0089,Куча кожаных обрезков сапожной мастерской,variant,include,crafts-tools-processes/materials_registry/material_entities.csv#n1230:material_item:crf0025,sourced,data/normalized_source_tables/material_entities/state_variants.csv#STA0089,A,1180–1260,Великий Новгород и Новгородская земля,add_variant,passed,No denylist stem matched the archive name.,variant_target,"Leather trimmings/fragments are variants or states of the existing cobbler offcut owner CRF0025, not additional entity owners. Reuses existing crafts owner crafts-tools-processes/materials_registry/material_entities.csv#n1230:material_item:crf0025.",A: direct evidence; linked sources may attest category/form/material/process rather than this exact specimen.,safe_with_context,,,,candidate
data/normalized_source_tables/material_entities/material_entities.csv:OMI02258,Мелкая кожаная крошка и нити,variant,include,crafts-tools-processes/materials_registry/material_entities.csv#n1230:material_item:omi00564,sourced,category-level evidence (category_form_material_process_or_context): data/normalized_source_tables/material_entities/material_entities.csv#OMI02258,A,1180–1260,Великий Новгород и Новгородская земля; центр модели — около 1230 года,add_variant,passed,No denylist stem matched the archive name.,variant_target,Кожаная крошка и нити соответствуют отдельной кожаной пыли и мелкой крошке OMI00564; у источника нет указания на обувной обрезок CRF0025. Reuses existing crafts owner crafts-tools-processes/materials_registry/material_entities.csv#n1230:material_item:omi00564.,A: category-level evidence (category_form_material_process_or_context).,safe_with_context,low,,,candidate
data/normalized_source_tables/material_entities/material_entities.csv:OMI02187,Железная окалина в грязи у кузницы,variant,include,crafts-tools-processes/materials_registry/materials.csv#mt_forge_slag,sourced,category-level evidence (category_form_material_process_or_context): data/normalized_source_tables/material_entities/material_entities.csv#OMI02187,A,1180–1260,Великий Новгород и Новгородская земля; центр модели — около 1230 года,add_variant,passed,No denylist stem matched the archive name.,variant_target,Forge scale/slag mixture is a state or composition of the established forge-slag material family. Reuses existing crafts owner crafts-tools-processes/materials_registry/materials.csv#mt_forge_slag.,A: category-level evidence (category_form_material_process_or_context).,safe_with_context,low,,,candidate
data/normalized_source_tables/material_entities/material_entities.csv:OMI02251,Кузнечная куча шлака и окалины,variant,include,crafts-tools-processes/materials_registry/materials.csv#mt_forge_slag,sourced,category-level evidence (category_form_material_process_or_context): data/normalized_source_tables/material_entities/material_entities.csv#OMI02251,A,1180–1260,Великий Новгород и Новгородская земля; центр модели — около 1230 года,add_variant,passed,No denylist stem matched the archive name.,variant_target,Forge scale/slag mixture is a state or composition of the established forge-slag material family. Reuses existing crafts owner crafts-tools-processes/materials_registry/materials.csv#mt_forge_slag.,A: category-level evidence (category_form_material_process_or_context).,safe_with_context,low,,,candidate
data/normalized_source_tables/material_entities/material_entities.csv:OMI02252,"Смесь угля, окалины и железных отсечек",variant,include,crafts-tools-processes/materials_registry/materials.csv#mt_forge_slag,sourced,category-level evidence (category_form_material_process_or_context): data/normalized_source_tables/material_entities/material_entities.csv#OMI02252,A,1180–1260,Великий Новгород и Новгородская земля; центр модели — около 1230 года,add_variant,passed,No denylist stem matched the archive name.,variant_target,"Смесь угля, окалины и железных отсечек — составной шлаково-коптильный отход мастерской; OMI00732 обозначает только мелкие железные отсечки и не описывает весь смешанный deposit, поэтому сохраняем широкий forge-slag material family без подмены целиком железными обрезками. Reuses existing crafts owner crafts-tools-processes/materials_registry/materials.csv#mt_forge_slag.",A: category-level evidence (category_form_material_process_or_context).,safe_with_context,low,,,candidate
data/normalized_source_tables/material_entities/material_entities.csv:OMI02188,Угольная пыль у кузницы,variant,include,crafts-tools-processes/materials_registry/materials.csv#mt_charcoal,sourced,category-level evidence (category_form_material_process_or_context): data/normalized_source_tables/material_entities/material_entities.csv#OMI02188,A,1180–1260,Великий Новгород и Новгородская земля; центр модели — около 1230 года,add_variant,passed,No denylist stem matched the archive name.,variant_target,Workshop charcoal dust is a particle-size state of stable charcoal; OMI00167 already identifies charcoal residue. Reuses existing crafts owner crafts-tools-processes/materials_registry/materials.csv#mt_charcoal.,A: category-level evidence (category_form_material_process_or_context).,safe_with_context,low,,,candidate
data/normalized_source_tables/material_entities/material_entities.csv:OMI02189,Глиняная жижа у гончарной мастерской,variant,include,crafts-tools-processes/materials_registry/material_entities.csv#n1230:material_item:omi01041,sourced,category-level evidence (category_form_material_process_or_context): data/normalized_source_tables/material_entities/material_entities.csv#OMI02189,A,1180–1260,Великий Новгород и Новгородская земля; центр модели — около 1230 года,add_variant,passed,No denylist stem matched the archive name.,variant_target,Глиняная жижа у гончарной мастерской — место/состояние того же осадка. Reuses existing crafts owner crafts-tools-processes/materials_registry/material_entities.csv#n1230:material_item:omi01041.,A: category-level evidence (category_form_material_process_or_context). Глиняная жижа у гончарной мастерской — место/состояние того же осадка.,safe_with_context,low,,,candidate
data/normalized_source_tables/material_entities/material_entities.csv:OMI02265,Глиняная пыль и черепки у печи,variant,include,crafts-tools-processes/materials_registry/material_entities.csv#n1230:material_item:crf0094,sourced,category-level evidence (category_form_material_process_or_context): data/normalized_source_tables/material_entities/material_entities.csv#OMI02265,A,1180–1260,Великий Новгород и Новгородская земля; центр модели — около 1230 года,add_variant,passed,No denylist stem matched the archive name.,variant_target,Глиняная пыль и черепки у печи — скопление ceramic reject. Reuses existing crafts owner crafts-tools-processes/materials_registry/material_entities.csv#n1230:material_item:crf0094.,A: category-level evidence (category_form_material_process_or_context). Глиняная пыль и черепки у печи — скопление ceramic reject.,safe_with_context,low,,,candidate
data/normalized_source_tables/material_entities/state_variants.csv:STA0090,Куча гончарного брака,variant,include,crafts-tools-processes/materials_registry/material_entities.csv#n1230:material_item:crf0094,sourced,data/normalized_source_tables/material_entities/state_variants.csv#STA0090,A,1180–1260,Великий Новгород и Новгородская земля,add_variant,passed,No denylist stem matched the archive name.,variant_target,Куча гончарного брака — объём и размещение CRF0094. Reuses existing crafts owner crafts-tools-processes/materials_registry/material_entities.csv#n1230:material_item:crf0094.,A: direct evidence; linked sources may attest category/form/material/process rather than this exact specimen. Куча гончарного брака — объём и размещение CRF0094.,safe_with_context,,,,candidate
data/normalized_source_tables/material_entities/material_entities.csv:OMI02191,Кожевенная грязь с волосом,variant,include,crafts-tools-processes/materials_registry/material_entities.csv#n1230:material_item:omi00442,sourced,category-level evidence (category_form_material_process_or_context): data/normalized_source_tables/material_entities/material_entities.csv#OMI02191,A,1180–1260,Великий Новгород и Новгородская земля; центр модели — около 1230 года,add_variant,passed,No denylist stem matched the archive name.,variant_target,"Hair and leather mud is tannery-pit residue, not generic leather offcuts. Reuses existing crafts owner crafts-tools-processes/materials_registry/material_entities.csv#n1230:material_item:omi00442.","A: category-level evidence (category_form_material_process_or_context). Hair and leather mud is tannery-pit residue, not generic leather offcuts.",safe_with_context,low,,,candidate
data/normalized_source_tables/material_entities/material_entities.csv:OMI02259,"Волос, мездра и известковая грязь кожевенной зоны",variant,include,crafts-tools-processes/materials_registry/material_entities.csv#n1230:material_item:omi00442,sourced,category-level evidence (category_form_material_process_or_context): data/normalized_source_tables/material_entities/material_entities.csv#OMI02259,A,1180–1260,Великий Новгород и Новгородская земля; центр модели — около 1230 года,add_variant,passed,No denylist stem matched the archive name.,variant_target,"Mixed hair, fleshings and lime slurry match tannery-pit residue OMI00442. Reuses existing crafts owner crafts-tools-processes/materials_registry/material_entities.csv#n1230:material_item:omi00442.","A: category-level evidence (category_form_material_process_or_context). Mixed hair, fleshings and lime slurry match tannery-pit residue OMI00442.",safe_with_context,low,,,candidate
data/normalized_source_tables/material_entities/material_entities.csv:OMI02192,Косторезные опилки в уличной грязи,variant,include,crafts-tools-processes/materials_registry/material_entities.csv#n1230:material_item:omi00982,sourced,category-level evidence (category_form_material_process_or_context): data/normalized_source_tables/material_entities/material_entities.csv#OMI02192,A,1180–1260,Великий Новгород и Новгородская земля; центр модели — около 1230 года,add_variant,passed,No denylist stem matched the archive name.,variant_target,Street mud with dispersed bone sawdust is a context variant of the specific bone-sawdust waste entity. Reuses existing crafts owner crafts-tools-processes/materials_registry/material_entities.csv#n1230:material_item:omi00982.,A: category-level evidence (category_form_material_process_or_context). Street mud with dispersed bone sawdust is a context variant of the specific bone-sawdust waste entity.,safe_with_context,low,,,candidate
data/normalized_source_tables/material_entities/material_entities.csv:OMI02260,Куча косторезных обрезков,variant,include,crafts-tools-processes/materials_registry/material_entities.csv#n1230:material_item:crf0026,sourced,category-level evidence (category_form_material_process_or_context): data/normalized_source_tables/material_entities/material_entities.csv#OMI02260,A,1180–1260,Великий Новгород и Новгородская земля; центр модели — около 1230 года,add_variant,passed,No denylist stem matched the archive name.,variant_target,Boneworking offcut heap is accumulated state/quantity of the existing boneworking waste entity. Reuses existing crafts owner crafts-tools-processes/materials_registry/material_entities.csv#n1230:material_item:crf0026.,A: category-level evidence (category_form_material_process_or_context). Boneworking offcut heap is accumulated state/quantity of the existing boneworking waste entity.,safe_with_context,low,,,candidate
data/normalized_source_tables/material_entities/material_entities.csv:OMI02262,"Костяная пыль, смешанная с песком пола",variant,include,crafts-tools-processes/materials_registry/material_entities.csv#n1230:material_item:omi00983,sourced,category-level evidence (category_form_material_process_or_context): data/normalized_source_tables/material_entities/material_entities.csv#OMI02262,A,1180–1260,Великий Новгород и Новгородская земля; центр модели — около 1230 года,add_variant,passed,No denylist stem matched the archive name.,variant_target,Bone polishing dust mixed with floor sand is context/mixture variant of the existing polishing-dust waste entity. Reuses existing crafts owner crafts-tools-processes/materials_registry/material_entities.csv#n1230:material_item:omi00983.,A: category-level evidence (category_form_material_process_or_context). Bone polishing dust mixed with floor sand is context/mixture variant of the existing polishing-dust waste entity.,safe_with_context,low,,,candidate
data/normalized_source_tables/material_entities/material_entities.csv:OMI02199,Янтарная крошка у мастерской,variant,include,crafts-tools-processes/materials_registry/material_entities.csv#n1230:material_item:omi01257,sourced,category-level evidence (category_form_material_process_or_context): data/normalized_source_tables/material_entities/material_entities.csv#OMI02199,A,1180–1260,Великий Новгород и Новгородская земля; центр модели — около 1230 года,add_variant,passed,No denylist stem matched the archive name.,variant_target,Workshop amber crumbs duplicate existing amber-bearing workshop dust deposit. Reuses existing crafts owner crafts-tools-processes/materials_registry/material_entities.csv#n1230:material_item:omi01257.,A: category-level evidence (category_form_material_process_or_context). Workshop amber crumbs duplicate existing amber-bearing workshop dust deposit.,safe_with_context,low,,,candidate
data/normalized_source_tables/material_entities/material_entities.csv:OMI02206,Сгнившая щепа между настилами,variant,include,crafts-tools-processes/materials_registry/material_entities.csv#n1230:material_item:omi00202,sourced,category-level evidence (category_form_material_process_or_context): data/normalized_source_tables/material_entities/material_entities.csv#OMI02206,A,1180–1260,Великий Новгород и Новгородская земля; центр модели — около 1230 года,add_variant,passed,No denylist stem matched the archive name.,variant_target,Rotten wood chips are an altered state of the existing OMI00202 wood-chip residue. Reuses existing crafts owner crafts-tools-processes/materials_registry/material_entities.csv#n1230:material_item:omi00202.,A: category-level evidence (category_form_material_process_or_context).,safe_with_context,low,,,candidate
data/normalized_source_tables/material_entities/material_entities.csv:OMI02238,Оплавленная стеклянная капля пожарища,variant,include,crafts-tools-processes/materials_registry/material_entities.csv#n1230:material_item:omi01214,logical_necessity,data/normalized_source_tables/material_entities/material_entities.csv#OMI02238,B,1180–1260,Великий Новгород и Новгородская земля; центр модели — около 1230 года,add_variant,passed,No denylist stem matched the archive name.,variant_target,Melted fire-site glass drop is a condition of the existing melted-glass residue. Reuses existing crafts owner crafts-tools-processes/materials_registry/material_entities.csv#n1230:material_item:omi01214.,"B: reconstruction/category/context evidence; basis logical_necessity, not direct item attestation. Melted fire-site glass drop is a condition of the existing melted-glass residue.",safe_with_explicit_context,medium,,,candidate
data/normalized_source_tables/material_entities/material_entities.csv:OMI02247,Куча столярной стружки разных размеров,variant,include,crafts-tools-processes/materials_registry/material_entities.csv#n1230:material_item:omi00182,sourced,category-level evidence (category_form_material_process_or_context): data/normalized_source_tables/material_entities/material_entities.csv#OMI02247,A,1180–1260,Великий Новгород и Новгородская земля; центр модели — около 1230 года,add_variant,passed,No denylist stem matched the archive name.,variant_target,Accumulated shaving heap varies by size/composition within workshop sweepings. Reuses existing crafts owner crafts-tools-processes/materials_registry/material_entities.csv#n1230:material_item:omi00182.,A: category-level evidence (category_form_material_process_or_context). Accumulated shaving heap varies by size/composition within workshop sweepings.,safe_with_context,low,,,candidate
data/normalized_source_tables/material_entities/material_entities.csv:OMI02249,Отсортированные деревянные обрезки на растопку,variant,include,crafts-tools-processes/materials_registry/material_entities.csv#n1230:material_item:omi00214,sourced,category-level evidence (category_form_material_process_or_context): data/normalized_source_tables/material_entities/material_entities.csv#OMI02249,A,1180–1260,Великий Новгород и Новгородская земля; центр модели — около 1230 года,add_variant,passed,No denylist stem matched the archive name.,variant_target,"Отсортированные деревянные обрезки, собранные на растопку, сохраняют identity отдельной кучи отобранной древесины OMI00214; назначение на растопку не превращает её в generic wood stock. Reuses existing crafts owner crafts-tools-processes/materials_registry/material_entities.csv#n1230:material_item:omi00214.",A: category-level evidence (category_form_material_process_or_context).,safe_with_context,low,,,candidate
data/normalized_source_tables/material_entities/material_entities.csv:OMI02248,Куча тесовой щепы и коры,variant,include,crafts-tools-processes/materials_registry/material_entities.csv#n1230:material_item:omi00215,sourced,category-level evidence (category_form_material_process_or_context): data/normalized_source_tables/material_entities/material_entities.csv#OMI02248,A,1180–1260,Великий Новгород и Новгородская земля; центр модели — около 1230 года,add_variant,passed,No denylist stem matched the archive name.,variant_target,"Смешанная куча щепы, коры и стружки совпадает с уже существующей wood-working residue OMI00215; не generic wood stock. Reuses existing crafts owner crafts-tools-processes/materials_registry/material_entities.csv#n1230:material_item:omi00215.","A: category-level evidence (category_form_material_process_or_context). Смешанная куча щепы, коры и стружки совпадает с уже существующей wood-working residue OMI00215; не generic wood stock.",safe_with_context,low,,,candidate
data/normalized_source_tables/material_entities/material_entities.csv:OMI02254,Кучка медных и свинцовых обрезков,variant,include,crafts-tools-processes/materials_registry/material_entities.csv#n1230:material_item:omi00787,sourced,category-level evidence (category_form_material_process_or_context): data/normalized_source_tables/material_entities/material_entities.csv#OMI02254,A,1180–1260,Великий Новгород и Новгородская земля; центр модели — около 1230 года,add_variant,passed,No denylist stem matched the archive name.,variant_target,"Кучка медных и свинцовых обрезков — накопленная партия цветных листовых обрезков, связанная с отдельной copper-sheet waste identity OMI00787; это не просто медный stock mt_copper. Reuses existing crafts owner crafts-tools-processes/materials_registry/material_entities.csv#n1230:material_item:omi00787.",A: category-level evidence (category_form_material_process_or_context).,safe_with_context,low,,,candidate
data/normalized_source_tables/material_entities/material_entities.csv:OMI02255,"Пыль ювелирной мастерской, собранная для промывки — осторожно",variant,include,crafts-tools-processes/materials_registry/material_entities.csv#n1230:material_item:omi00842,analogy,data/normalized_source_tables/material_entities/material_entities.csv#OMI02255,C,1180–1260,Великий Новгород и Новгородская земля; центр модели — около 1230 года,add_variant,passed,No denylist stem matched the archive name.,variant_target,"Пыль собрана с угольного рабочего места ювелира; это накопленный workshop sweepings OMI00842, а не доказанный silver-only material stock. Reuses existing crafts owner crafts-tools-processes/materials_registry/material_entities.csv#n1230:material_item:omi00842.",Confidence C: analogue/hypothesis; basis analogy.,explicit_context_only,high,,,candidate
data/normalized_source_tables/material_entities/material_entities.csv:OMI02261,Сортированные роговые отростки и пластины,variant,include,crafts-tools-processes/materials_registry/materials.csv#mt_horn,sourced,category-level evidence (category_form_material_process_or_context): data/normalized_source_tables/material_entities/material_entities.csv#OMI02261,A,1180–1260,Великий Новгород и Новгородская земля; центр модели — около 1230 года,add_variant,passed,No denylist stem matched the archive name.,variant_target,Sorted horn points/plates are forms of stable horn material. Reuses existing crafts owner crafts-tools-processes/materials_registry/materials.csv#mt_horn.,A: category-level evidence (category_form_material_process_or_context).,safe_with_context,low,,,candidate
data/normalized_source_tables/material_entities/material_entities.csv:OMI02264,"Толчёный черепок, отложенный для добавки",variant,include,crafts-tools-processes/materials_registry/materials.csv#mt_temper,logical_necessity,data/normalized_source_tables/material_entities/material_entities.csv#OMI02264,B,1180–1260,Великий Новгород и Новгородская земля; центр модели — около 1230 года,add_variant,passed,No denylist stem matched the archive name.,variant_target,"Crushed sherd temper is an additive/material form, not a new entity identity. Reuses existing crafts owner crafts-tools-processes/materials_registry/materials.csv#mt_temper.","B: reconstruction/category/context evidence; basis logical_necessity, not direct item attestation.",safe_with_explicit_context,medium,,,candidate
data/normalized_source_tables/material_entities/material_entities.csv:OMI02268,Льняная костра и волокна у мялки,variant,include,crafts-tools-processes/materials_registry/materials.csv#mt_flax,sourced,category-level evidence (category_form_material_process_or_context): data/normalized_source_tables/material_entities/material_entities.csv#OMI02268,A,1180–1260,Великий Новгород и Новгородская земля; центр модели — около 1230 года,add_variant,passed,No denylist stem matched the archive name.,variant_target,"Владелец текстильного материала, волокна или снасти — crafts; форму, состояние, длину, упаковку и назначение хранить как вариант. Reuses existing crafts owner crafts-tools-processes/materials_registry/materials.csv#mt_flax.","A: category-level evidence (category_form_material_process_or_context). Владелец текстильного материала, волокна или снасти — crafts; форму, состояние, длину, упаковку и назначение хранить как вариант.",safe_with_context,low,,,candidate
data/normalized_source_tables/material_entities/material_entities.csv:OMI02269,"Сетные обрезки, нить и старые грузила",new,routed,,sourced,category-level evidence (category_form_material_process_or_context): data/normalized_source_tables/material_entities/material_entities.csv#OMI02269,A,1180–1260,Великий Новгород и Новгородская земля; центр модели — около 1230 года,add_variant,passed,No denylist stem matched the archive name.,unique,"BIC output уже владеет смешанным сетным ремонтным мусором; crafts отправляет source row к единственной BIC entity, не дублирует net-repair waste.","A: category-level evidence (category_form_material_process_or_context). BIC output уже владеет смешанным сетным ремонтным мусором; crafts отправляет source row к единственной BIC entity, не дублирует net-repair waste.",safe_with_context,low,buildings-interiors-containers,buildings-interiors-containers/interiors/material_entities.csv#n1230:material_item:omi02269,routed
data/normalized_source_tables/material_entities/material_entities.csv:OMI02270,Ремонтная куча снятых оковок и ремней,new,include,,sourced,category-level evidence (category_form_material_process_or_context): data/normalized_source_tables/material_entities/material_entities.csv#OMI02270,A,1180–1260,Великий Новгород и Новгородская земля; центр модели — около 1230 года,include_d39,passed,No denylist stem matched the archive name.,unique,Repair heap of removed fittings and straps is a mixed salvage deposit with its own identity.,A: category-level evidence (category_form_material_process_or_context). Repair heap of removed fittings and straps is a mixed salvage deposit with its own identity.,safe_with_context,low,crafts-tools-processes,,candidate
data/normalized_source_tables/material_entities/material_entities.csv:OMI02271,"Склад старых деталей, ещё пригодных к делу",variant,include,crafts-tools-processes/materials_registry/material_entities.csv#n1230:material_item:omi02270,logical_necessity,data/normalized_source_tables/material_entities/material_entities.csv#OMI02271,B,1180–1260,Великий Новгород и Новгородская земля; центр модели — около 1230 года,add_variant,passed,No denylist stem matched the archive name.,variant_target,"Запас пригодных старых деталей — состояние/disposition той же mixed salvage heap OMI02270, не самостоятельный material identity. Reuses existing crafts owner crafts-tools-processes/materials_registry/material_entities.csv#n1230:material_item:omi02270.","B: reconstruction/category/context evidence; basis logical_necessity, not direct item attestation. Запас пригодных старых деталей — состояние/disposition той же mixed salvage heap OMI02270, не самостоятельный material identity.",safe_with_explicit_context,medium,,,candidate
data/normalized_source_tables/material_entities/material_entities.csv:OMI02272,Смешанный производственный мусор усадьбы,variant,include,crafts-tools-processes/materials_registry/materials.csv#mt_wood_generic,sourced,category-level evidence (category_form_material_process_or_context): data/normalized_source_tables/material_entities/material_entities.csv#OMI02272,A,1180–1260,Великий Новгород и Новгородская земля; центр модели — около 1230 года,add_variant,passed,No denylist stem matched the archive name.,variant_target,"Mixed demolition/workshop spoil, dug soil, or sorted scrap is a contextual pile/form, not an asserted stable standalone material identity. Reuses existing crafts owner crafts-tools-processes/materials_registry/materials.csv#mt_wood_generic.",A: category-level evidence (category_form_material_process_or_context).,safe_with_context,low,,,candidate
data/normalized_source_tables/material_entities/material_entities.csv:OMI02273,Мусор после разборки старой постройки,new,routed,,sourced,category-level evidence (category_form_material_process_or_context): data/normalized_source_tables/material_entities/material_entities.csv#OMI02273,A,1180–1260,Великий Новгород и Новгородская земля; центр модели — около 1230 года,add_variant,passed,No denylist stem matched the archive name.,unique,"Мусор после разборки постройки — BIC deposit/lifecycle entity; crafts route указывает на эту BIC запись, не создаёт crafts duplicate.","A: category-level evidence (category_form_material_process_or_context). Мусор после разборки постройки — BIC deposit/lifecycle entity; crafts route указывает на эту BIC запись, не создаёт crafts duplicate.",safe_with_context,low,buildings-interiors-containers,buildings-interiors-containers/interiors/material_entities.csv#n1230:material_item:omi02273,routed
data/normalized_source_tables/material_entities/material_entities.csv:OMI02274,Куча вынутого грунта с мелкими находками,new,routed,,logical_necessity,data/normalized_source_tables/material_entities/material_entities.csv#OMI02274,B,1180–1260,Великий Новгород и Новгородская земля; центр модели — около 1230 года,add_variant,passed,No denylist stem matched the archive name.,unique,Вынутый грунт и мелкие находки — земляной контекст/слой; владелец nature; не дерево и не crafts material.,"B: reconstruction/category/context evidence; basis logical_necessity, not direct item attestation. Вынутый грунт и мелкие находки — земляной контекст/слой; владелец nature; не дерево и не crafts material.",safe_with_explicit_context,medium,nature-materials-weather,,routed
data/normalized_source_tables/material_entities/material_entities.csv:OMI02275,Сортированный лом в ожидании обмена или продажи,variant,include,crafts-tools-processes/materials_registry/material_entities.csv#n1230:material_item:omi02270,logical_necessity,data/normalized_source_tables/material_entities/material_entities.csv#OMI02275,B,1180–1260,Великий Новгород и Новгородская земля; центр модели — около 1230 года,add_variant,passed,No denylist stem matched the archive name.,variant_target,"Сортированный лом ожидает обмена/продажи; trade disposition меняется, mixed salvage identity OMI02270 остаётся. Reuses existing crafts owner crafts-tools-processes/materials_registry/material_entities.csv#n1230:material_item:omi02270.","B: reconstruction/category/context evidence; basis logical_necessity, not direct item attestation. Сортированный лом ожидает обмена/продажи; trade disposition меняется, mixed salvage identity OMI02270 остаётся.",safe_with_explicit_context,medium,,,candidate
data/normalized_source_tables/material_entities/material_entities.csv:OMI00178,Длинная стружка от скобеля,variant,include,crafts-tools-processes/materials_registry/material_entities.csv#n1230:material_item:omi00179,sourced,category-level evidence (category_form_material_process_or_context): data/normalized_source_tables/material_entities/material_entities.csv#OMI00178,A,1180–1260,Великий Новгород и Новгородская земля; центр модели — около 1230 года,add_variant,passed,No denylist stem matched the archive name.,variant_target,Drawknife shaving is tool-form variation within wood shaving waste. Reuses existing crafts owner crafts-tools-processes/materials_registry/material_entities.csv#n1230:material_item:omi00179.,A: category-level evidence (category_form_material_process_or_context). Drawknife shaving is tool-form variation within wood shaving waste.,safe_with_context,low,,,candidate
data/normalized_source_tables/material_entities/material_entities.csv:OMI00180,Спиральная токарная стружка,variant,include,crafts-tools-processes/materials_registry/material_entities.csv#n1230:material_item:omi00179,sourced,category-level evidence (category_form_material_process_or_context): data/normalized_source_tables/material_entities/material_entities.csv#OMI00180,A,1180–1260,Великий Новгород и Новгородская земля; центр модели — около 1230 года,add_variant,passed,No denylist stem matched the archive name.,variant_target,Turning shaving differs by tool/form Reuses existing crafts owner crafts-tools-processes/materials_registry/material_entities.csv#n1230:material_item:omi00179.,A: category-level evidence (category_form_material_process_or_context). Turning shaving differs by tool/form,safe_with_context,low,,,candidate
data/normalized_source_tables/material_entities/material_entities.csv:OMI00174,"Сажа, снятая с печи или сосуда",variant,include,crafts-tools-processes/materials_registry/materials.csv#mt_carbon_black,logical_necessity,data/normalized_source_tables/material_entities/material_entities.csv#OMI00174,B,1180–1260,Великий Новгород и Новгородская земля; центр модели — около 1230 года,add_variant,passed,No denylist stem matched the archive name.,variant_target,"Сажа, снятая с печи или сосуда, представляет собранный carbon-black residue; место снятия — способ получения, не отдельный material owner. Reuses existing crafts owner crafts-tools-processes/materials_registry/materials.csv#mt_carbon_black.","B: reconstruction/category/context evidence; basis logical_necessity, not direct item attestation.",safe_with_explicit_context,medium,,,candidate
data/normalized_source_tables/material_entities/material_entities.csv:OMI00175,Сажистый налёт на черепке,variant,include,crafts-tools-processes/materials_registry/materials.csv#mt_carbon_black,sourced,category-level evidence (category_form_material_process_or_context): data/normalized_source_tables/material_entities/material_entities.csv#OMI00175,A,1180–1260,Великий Новгород и Новгородская земля; центр модели — около 1230 года,add_variant,passed,No denylist stem matched the archive name.,variant_target,"Сажистый налёт на черепке — carbon-black residue, перенесённый на керамический носитель; глиняный черепок не делает его гончарным отходом. Reuses existing crafts owner crafts-tools-processes/materials_registry/materials.csv#mt_carbon_black.",A: category-level evidence (category_form_material_process_or_context).,safe_with_context,low,,,candidate
data/normalized_source_tables/material_entities/material_entities.csv:OMI02161,Мелкие тканевые и кожаные обрезки домашнего ремонта,variant,include,crafts-tools-processes/materials_registry/material_entities.csv#n1230:material_item:omi00340,sourced,category-level evidence (category_form_material_process_or_context): data/normalized_source_tables/material_entities/material_entities.csv#OMI02161,A,1180–1260,Великий Новгород и Новгородская земля; центр модели — около 1230 года,add_variant,passed,No denylist stem matched the archive name.,variant_target,"Домашняя ремонтная кучка включает кожаные обрезки вместе с textile/cordage trimmings; OMI00340 остаётся anchor для смешанной кучки текстильных отходов, а домашняя локализация не создаёт новый owner. Reuses existing crafts owner crafts-tools-processes/materials_registry/material_entities.csv#n1230:material_item:omi00340.","A: category-level evidence (category_form_material_process_or_context). Домашняя ремонтная кучка включает кожаные обрезки вместе с textile/cordage trimmings; OMI00340 остаётся anchor для смешанной кучки текстильных отходов, а домашняя локализация не создаёт новый owner.",safe_with_context,low,,,candidate
data/normalized_source_tables/material_entities/material_entities.csv:OMI02184,Мокрая верёвочная труха у причала,variant,include,crafts-tools-processes/materials_registry/materials.csv#mt_cordage,sourced,category-level evidence (category_form_material_process_or_context): data/normalized_source_tables/material_entities/material_entities.csv#OMI02184,A,1180–1260,Великий Новгород и Новгородская земля; центр модели — около 1230 года,add_variant,passed,No denylist stem matched the archive name.,variant_target,"Владелец текстильного материала, волокна или снасти — crafts; форму, состояние, длину, упаковку и назначение хранить как вариант. Reuses existing crafts owner crafts-tools-processes/materials_registry/materials.csv#mt_cordage.","A: category-level evidence (category_form_material_process_or_context). Владелец текстильного материала, волокна или снасти — crafts; форму, состояние, длину, упаковку и назначение хранить как вариант.",safe_with_context,low,,,candidate
data/normalized_source_tables/material_entities/material_entities.csv:OMI02185,Щепа от ремонта лодки на берегу,variant,include,crafts-tools-processes/materials_registry/material_entities.csv#n1230:material_item:omi00179,sourced,category-level evidence (category_form_material_process_or_context): data/normalized_source_tables/material_entities/material_entities.csv#OMI02185,A,1180–1260,Великий Новгород и Новгородская земля; центр модели — около 1230 года,add_variant,passed,No denylist stem matched the archive name.,variant_target,Boat-repair chips are tool/work-context variation of wood shavings. Reuses existing crafts owner crafts-tools-processes/materials_registry/material_entities.csv#n1230:material_item:omi00179.,A: category-level evidence (category_form_material_process_or_context). Boat-repair chips are tool/work-context variation of wood shavings.,safe_with_context,low,,,candidate
data/normalized_source_tables/material_entities/material_entities.csv:OMI02186,Смоляная капля на мостках,variant,include,crafts-tools-processes/materials_registry/materials.csv#mt_pine_pitch,sourced,category-level evidence (category_form_material_process_or_context): data/normalized_source_tables/material_entities/material_entities.csv#OMI02186,A,1180–1260,Великий Новгород и Новгородская земля; центр модели — около 1230 года,add_variant,passed,No denylist stem matched the archive name.,variant_target,A pitch drop is a quantity/location form of stable pine pitch. Reuses existing crafts owner crafts-tools-processes/materials_registry/materials.csv#mt_pine_pitch.,A: category-level evidence (category_form_material_process_or_context).,safe_with_context,low,,,candidate
data/normalized_source_tables/material_entities/material_entities.csv:OMI02253,Литейный мусор из глины и металлических капель,variant,include,crafts-tools-processes/materials_registry/material_entities.csv#n1230:material_item:omi00785,sourced,category-level evidence (category_form_material_process_or_context): data/normalized_source_tables/material_entities/material_entities.csv#OMI02253,A,1180–1260,Великий Новгород и Новгородская земля; центр модели — около 1230 года,add_variant,passed,No denylist stem matched the archive name.,variant_target,Литейные капли на глине и куча литейного мусора относятся к уже существующему mixed copper-alloy-on-clay waste OMI00785; не создавать вторую foundry-residue entity. Reuses existing crafts owner crafts-tools-processes/materials_registry/material_entities.csv#n1230:material_item:omi00785.,A: category-level evidence (category_form_material_process_or_context). Литейные капли на глине и куча литейного мусора относятся к уже существующему mixed copper-alloy-on-clay waste OMI00785; не создавать вторую foundry-residue entity.,safe_with_context,low,,,candidate
downloads/Novgorod1230_material_culture_dataset_v1/Novgorod1230_material_culture_dataset_v1/data/catalog_items.csv:WRT0015,Деревянное писало — осторожная форма,variant,include,crafts-tools-processes/craft_tools_gear/tools_gear.csv#tl_stylus,analogy,WRT0015,C,1180–1260,Великий Новгород и Новгородская земля,add_variant,passed,No denylist stem matched the archive name.,variant_target,Cautious wooden writing-stylus form resolves to the stable stylus tool identity. Reuses existing crafts owner crafts-tools-processes/craft_tools_gear/tools_gear.csv#tl_stylus.,Confidence C: analogue/hypothesis; basis analogy.,reference_required,высокий: нужен конкретный референс и явная маркировка реконструкции,,,candidate
downloads/Novgorod1230_material_culture_dataset_v1/Novgorod1230_material_culture_dataset_v1/data/catalog_items.csv:CON0017,Кельма/лопаточка каменщика — осторожно,new,routed,,analogy,CON0017,C,1180–1260,Великий Новгород и Новгородская земля,add_variant,passed,No denylist stem matched the archive name.,unique,"Кельма — переносной инструмент ремесла, не structural part; стабильной crafts цели в доступном срезе нет.","Confidence C: analogue/hypothesis; basis analogy. Кельма — переносной инструмент ремесла, не structural part; стабильной crafts цели в доступном срезе нет.",reference_required,высокий: нужен конкретный референс и явная маркировка реконструкции,crafts-tools-processes,,routed
downloads/Novgorod1230_material_culture_dataset_v1/Novgorod1230_material_culture_dataset_v1/data/catalog_items.csv:CON0018,Черепок/доска для раствора,new,routed,,analogy,CON0018,C,1180–1260,Великий Новгород и Новгородская земля,add_variant,passed,No denylist stem matched the archive name.,unique,Доска для раствора — рабочая оснастка; не материал mt_clay.,Confidence C: analogue/hypothesis; basis analogy. Доска для раствора — рабочая оснастка; не материал mt_clay.,reference_required,высокий: нужен конкретный референс и явная маркировка реконструкции,crafts-tools-processes,,routed
downloads/Novgorod1230_material_culture_dataset_v1/Novgorod1230_material_culture_dataset_v1/data/catalog_items.csv:CON0039,Камнетёсное зубило,new,routed,,logical_necessity,CON0039,B,1180–1260,Великий Новгород и Новгородская земля,add_variant,passed,No denylist stem matched the archive name.,unique,Камнетёсное зубило — переносной ремесленный инструмент.,"B: reconstruction/category/context evidence; basis logical_necessity, not direct item attestation. Камнетёсное зубило — переносной ремесленный инструмент.",safe_with_constraints,средне-высокий: без референса генератор часто подменяет форму позднесредневековой или этнографической,crafts-tools-processes,,routed
downloads/Novgorod1230_material_culture_dataset_v1/Novgorod1230_material_culture_dataset_v1/data/catalog_items.csv:CON0040,Камнетёсный молот,new,routed,,logical_necessity,CON0040,B,1180–1260,Великий Новгород и Новгородская земля,add_variant,passed,No denylist stem matched the archive name.,unique,Камнетёсный молот — переносной ремесленный инструмент.,"B: reconstruction/category/context evidence; basis logical_necessity, not direct item attestation. Камнетёсный молот — переносной ремесленный инструмент.",safe_with_constraints,средне-высокий: без референса генератор часто подменяет форму позднесредневековой или этнографической,crafts-tools-processes,,routed
downloads/Novgorod1230_material_culture_dataset_v1/Novgorod1230_material_culture_dataset_v1/data/catalog_items.csv:MSC0045,Глиняная лужа/яма для замеса,new,routed,,logical_necessity,MSC0045,B,1180–1260,Великий Новгород и Новгородская земля,add_variant,passed,No denylist stem matched the archive name.,unique,"Глиняная яма/лужа — место/рабочая площадка замеса, не глина и не переносной item.","B: reconstruction/category/context evidence; basis logical_necessity, not direct item attestation. Глиняная яма/лужа — место/рабочая площадка замеса, не глина и не переносной item.",safe_with_constraints,средне-высокий: без референса генератор часто подменяет форму позднесредневековой или этнографической,buildings-interiors-containers,n1230:material_item:msc0045,routed
data/normalized_source_tables/material_entities/state_variants.csv:STA0003,Сеть с налипшей травой и чешуёй,variant,include,crafts-tools-processes/craft_tools_gear/tools_gear.csv#tl_net_set,sourced,data/normalized_source_tables/material_entities/state_variants.csv#STA0003,A,1180–1260,Великий Новгород и Новгородская земля,add_variant,passed,No denylist stem matched the archive name.,variant_target,Dirty or hung-for-repair net is a state of the stable fishing-net tool. Reuses existing crafts owner crafts-tools-processes/craft_tools_gear/tools_gear.csv#tl_net_set.,A: direct evidence; linked sources may attest category/form/material/process rather than this exact specimen.,safe_with_context,,,,candidate
downloads/Novgorod1230_material_culture_dataset_v1/Novgorod1230_material_culture_dataset_v1/data/catalog_items.csv:MSC0038,"Сеть, развешенная для сушки и ремонта",variant,include,crafts-tools-processes/craft_tools_gear/tools_gear.csv#tl_net_set,sourced,MSC0038,A,1180–1260,Великий Новгород и Новгородская земля,add_variant,passed,No denylist stem matched the archive name.,variant_target,Dirty or hung-for-repair net is a state of the stable fishing-net tool. Reuses existing crafts owner crafts-tools-processes/craft_tools_gear/tools_gear.csv#tl_net_set.,A: direct evidence; linked sources may attest category/form/material/process rather than this exact specimen.,safe_with_record_specific_reference,"средний: опасность главным образом в позднем декоре, слишком новом состоянии и неверном масштабе",,,candidate
data/normalized_source_tables/material_entities/state_variants.csv:STA0036,Бобровая шкура необработанная,variant,include,crafts-tools-processes/materials_registry/materials.csv#mt_fur,sourced,data/normalized_source_tables/material_entities/state_variants.csv#STA0036,A,1180–1260,Великий Новгород и Новгородская земля,add_variant,passed,No denylist stem matched the archive name.,variant_target,Beaver pelt is a species property of raw fur stock; crafts owns raw fur and identity remains mt_fur. Reuses existing crafts owner crafts-tools-processes/materials_registry/materials.csv#mt_fur.,A: direct evidence; linked sources may attest category/form/material/process rather than this exact specimen.,safe_with_context,,,,candidate
downloads/Novgorod1230_material_culture_dataset_v1/Novgorod1230_material_culture_dataset_v1/data/catalog_items.csv:HNT0010,Бобровая шкура,variant,include,crafts-tools-processes/materials_registry/materials.csv#mt_fur,sourced,category-level evidence (category_form_material_process_or_context): HNT0010,A,1180–1260,Великий Новгород и Новгородская земля,add_variant,passed,No denylist stem matched the archive name.,variant_target,Beaver pelt is a species property of raw fur stock; crafts owns raw fur and identity remains mt_fur. Reuses existing crafts owner crafts-tools-processes/materials_registry/materials.csv#mt_fur.,A: category-level evidence (category_form_material_process_or_context).,safe_with_record_specific_reference,"средний: опасность главным образом в позднем декоре, слишком новом состоянии и неверном масштабе",,,candidate
data/normalized_source_tables/material_entities/state_variants.csv:STA0087,Керамический брак у мастерской,variant,include,crafts-tools-processes/materials_registry/material_entities.csv#n1230:material_item:crf0094,sourced,data/normalized_source_tables/material_entities/state_variants.csv#STA0087,A,1180–1260,Великий Новгород и Новгородская земля,add_variant,passed,No denylist stem matched the archive name.,variant_target,Скопление керамического брака у мастерской — количество/место CRF0094. Reuses existing crafts owner crafts-tools-processes/materials_registry/material_entities.csv#n1230:material_item:crf0094.,A: direct evidence; linked sources may attest category/form/material/process rather than this exact specimen. Скопление керамического брака у мастерской — количество/место CRF0094.,safe_with_context,,,,candidate
data/normalized_source_tables/material_entities/material_entities.csv:OMI00176,Крупная топорная щепа,variant,include,crafts-tools-processes/materials_registry/material_entities.csv#n1230:material_item:omi00179,sourced,category-level evidence (category_form_material_process_or_context): data/normalized_source_tables/material_entities/material_entities.csv#OMI00176,A,1180–1260,Великий Новгород и Новгородская земля; центр модели — около 1230 года,add_variant,passed,No denylist stem matched the archive name.,variant_target,"Крупная и мелкая топорная щепа различаются размером скола, но обе являются отходом резьбы/рубки, canonical owner которого — OMI00179; CRF0097 подтверждает тот же класс деревянной стружки/щепы. Reuses existing crafts owner crafts-tools-processes/materials_registry/material_entities.csv#n1230:material_item:omi00179.",A: category-level evidence (category_form_material_process_or_context).,safe_with_context,low,,,candidate
data/normalized_source_tables/material_entities/material_entities.csv:OMI00177,Мелкая топорная щепа,variant,include,crafts-tools-processes/materials_registry/material_entities.csv#n1230:material_item:omi00179,sourced,category-level evidence (category_form_material_process_or_context): data/normalized_source_tables/material_entities/material_entities.csv#OMI00177,A,1180–1260,Великий Новгород и Новгородская земля; центр модели — около 1230 года,add_variant,passed,No denylist stem matched the archive name.,variant_target,"Крупная и мелкая топорная щепа различаются размером скола, но обе являются отходом резьбы/рубки, canonical owner которого — OMI00179; CRF0097 подтверждает тот же класс деревянной стружки/щепы. Reuses existing crafts owner crafts-tools-processes/materials_registry/material_entities.csv#n1230:material_item:omi00179.",A: category-level evidence (category_form_material_process_or_context).,safe_with_context,low,,,candidate
data/normalized_source_tables/material_entities/material_entities.csv:OMI00853,Половина глиняной литейной формы,variant,include,crafts-tools-processes/craft_tools_gear/tools_gear.csv#tl_mould_clay,sourced,category-level evidence (category_form_material_process_or_context): data/normalized_source_tables/material_entities/material_entities.csv#OMI00853,A,1180–1260,Великий Новгород и Новгородская земля; центр модели — около 1230 года,add_variant,passed,No denylist stem matched the archive name.,variant_target,Half casting mould is a fragment/state of the stable clay-mould tool. Reuses existing crafts owner crafts-tools-processes/craft_tools_gear/tools_gear.csv#tl_mould_clay.,A: category-level evidence (category_form_material_process_or_context).,safe_with_context,low,,,candidate
data/normalized_source_tables/material_entities/material_entities.csv:OMI01133,Обломок ручного жёрнова,variant,include,crafts-tools-processes/craft_tools_gear/tools_gear.csv#tl_hand_quern,sourced,category-level evidence (category_form_material_process_or_context): data/normalized_source_tables/material_entities/material_entities.csv#OMI01133,A,1180–1260,Великий Новгород и Новгородская земля; центр модели — около 1230 года,add_variant,passed,No denylist stem matched the archive name.,variant_target,Broken hand-quern piece is a fragment/state of the existing hand quern. Reuses existing crafts owner crafts-tools-processes/craft_tools_gear/tools_gear.csv#tl_hand_quern.,A: category-level evidence (category_form_material_process_or_context).,safe_with_context,low,,,candidate
data/normalized_source_tables/material_entities/material_entities.csv:OMI01570,Кучка использованной соломенной упаковки,new,routed,,sourced,category-level evidence (category_form_material_process_or_context): data/normalized_source_tables/material_entities/material_entities.csv#OMI01570,A,1180–1260,Великий Новгород и Новгородская земля; центр модели — около 1230 года,add_variant,passed,No denylist stem matched the archive name.,unique,Kind owner routed to buildings-interiors-containers.,A: category-level evidence (category_form_material_process_or_context). Kind owner routed to buildings-interiors-containers.,safe_with_context,low,buildings-interiors-containers,buildings-interiors-containers/interiors/material_entities.csv#n1230:material_item:omi01570,routed
data/normalized_source_tables/material_entities/material_entities.csv:OMI02234,Спёкшаяся глина пожарища,new,routed,,sourced,category-level evidence (category_form_material_process_or_context): data/normalized_source_tables/material_entities/material_entities.csv#OMI02234,A,1180–1260,Великий Новгород и Новгородская земля; центр модели — около 1230 года,add_variant,passed,No denylist stem matched the archive name.,unique,Kind owner routed to buildings-interiors-containers.,A: category-level evidence (category_form_material_process_or_context). Kind owner routed to buildings-interiors-containers.,safe_with_context,low,buildings-interiors-containers,buildings-interiors-containers/interiors/material_entities.csv#n1230:material_item:omi02234,routed
data/normalized_source_tables/material_entities/material_entities.csv:OMI02235,Ком обмазки с отпечатками прутьев,new,routed,,sourced,category-level evidence (category_form_material_process_or_context): data/normalized_source_tables/material_entities/material_entities.csv#OMI02235,A,1180–1260,Великий Новгород и Новгородская земля; центр модели — около 1230 года,add_variant,passed,No denylist stem matched the archive name.,unique,Kind owner routed to buildings-interiors-containers.,A: category-level evidence (category_form_material_process_or_context). Kind owner routed to buildings-interiors-containers.,safe_with_context,low,buildings-interiors-containers,buildings-interiors-containers/interiors/material_entities.csv#n1230:material_item:omi02235,routed
data/normalized_source_tables/material_entities/material_entities.csv:OMI02236,Зольный слой пожарища,new,routed,,sourced,category-level evidence (category_form_material_process_or_context): data/normalized_source_tables/material_entities/material_entities.csv#OMI02236,A,1180–1260,Великий Новгород и Новгородская земля; центр модели — около 1230 года,add_variant,passed,No denylist stem matched the archive name.,unique,"Зольный слой пожарища — BIC spatial deposit; crafts route указывает на существующую BIC entity, без параллельного crafts material owner.","A: category-level evidence (category_form_material_process_or_context). Зольный слой пожарища — BIC spatial deposit; crafts route указывает на существующую BIC entity, без параллельного crafts material owner.",safe_with_context,low,buildings-interiors-containers,buildings-interiors-containers/interiors/material_entities.csv#n1230:material_item:omi02236,routed
data/normalized_source_tables/material_entities/material_entities.csv:OMI02237,Угольный слой из обрушившейся постройки,new,routed,,sourced,category-level evidence (category_form_material_process_or_context): data/normalized_source_tables/material_entities/material_entities.csv#OMI02237,A,1180–1260,Великий Новгород и Новгородская земля; центр модели — около 1230 года,add_variant,passed,No denylist stem matched the archive name.,unique,"Угольный слой обрушившейся постройки — BIC spatial deposit; crafts route указывает на existing BIC entity, не создаёт второй owner.","A: category-level evidence (category_form_material_process_or_context). Угольный слой обрушившейся постройки — BIC spatial deposit; crafts route указывает на existing BIC entity, не создаёт второй owner.",safe_with_context,low,buildings-interiors-containers,buildings-interiors-containers/interiors/material_entities.csv#n1230:material_item:omi02237,routed
downloads/Novgorod1230_material_culture_dataset_v1/Novgorod1230_material_culture_dataset_v1/data/catalog_items.csv:MUS0007,Дека гуслей с резонаторным отверстием,new,routed,,sourced,MUS0007,A,1180–1260,Великий Новгород и Новгородская земля,add_variant,passed,No denylist stem matched the archive name.,unique,Gusli soundboard belongs to existing recreation entity.,A: direct evidence; linked sources may attest category/form/material/process rather than this exact specimen. Gusli soundboard belongs to existing recreation entity.,safe_with_record_specific_reference,"средний: опасность главным образом в позднем декоре, слишком новом состоянии и неверном масштабе",transport-health-recreation,transport-health-recreation/recreation_culture/recreation_entities.csv#rec_032,routed
downloads/Novgorod1230_material_culture_dataset_v1/Novgorod1230_material_culture_dataset_v1/data/catalog_items.csv:MUS0011,Струна гуслей — реконструкция материала,new,routed,,analogy,MUS0011,C,1180–1260,Великий Новгород и Новгородская земля,add_variant,passed,No denylist stem matched the archive name.,unique,"Материал струны гуслей — осторожная реконструкция; owner THR entity rec_032, BIC/crafts не заводят parallel owner.","Confidence C: analogue/hypothesis; basis analogy. Материал струны гуслей — осторожная реконструкция; owner THR entity rec_032, BIC/crafts не заводят parallel owner.",reference_required,высокий: нужен конкретный референс и явная маркировка реконструкции,transport-health-recreation,transport-health-recreation/recreation_culture/recreation_entities.csv#rec_032,routed
data/normalized_source_tables/material_entities/material_entities.csv:OMI00643,Комок старого железного крепежа,variant,include,crafts-tools-processes/materials_registry/materials.csv#mt_iron,sourced,category-level evidence (category_form_material_process_or_context): data/normalized_source_tables/material_entities/material_entities.csv#OMI00643,A,1180–1260,Великий Новгород и Новгородская земля; центр модели — около 1230 года,add_variant,passed,No denylist stem matched the archive name.,variant_target,Комок старого железного крепежа — собранная форма железного лома; состав крепежа не меняет устойчивую идентичность iron stock. Reuses existing crafts owner crafts-tools-processes/materials_registry/materials.csv#mt_iron.,A: category-level evidence (category_form_material_process_or_context). Комок старого железного крепежа — собранная форма железного лома; состав крепежа не меняет устойчивую идентичность iron stock.,safe_with_context,low,,,candidate
data/normalized_source_tables/material_entities/material_entities.csv:OMI02164,Старые железные мелочи в коробе,variant,include,crafts-tools-processes/materials_registry/materials.csv#mt_iron,logical_necessity,data/normalized_source_tables/material_entities/material_entities.csv#OMI02164,B,1180–1260,Великий Новгород и Новгородская земля; центр модели — около 1230 года,add_variant,passed,No denylist stem matched the archive name.,variant_target,"Старые железные мелочи в коробе — collected iron stock; короб и неоднородная мелкая форма описывают хранение/состояние, не отдельный material identity. Reuses existing crafts owner crafts-tools-processes/materials_registry/materials.csv#mt_iron.","B: reconstruction/category/context evidence; basis logical_necessity, not direct item attestation. Старые железные мелочи в коробе — collected iron stock; короб и неоднородная мелкая форма описывают хранение/состояние, не отдельный material identity.",safe_with_explicit_context,medium,,,candidate
data/normalized_source_tables/material_entities/material_entities.csv:OMI01551,Товарная тканевая обёртка квадратная,variant,include,crafts-tools-processes/materials_registry/materials.csv#mt_textile_generic,logical_necessity,data/normalized_source_tables/material_entities/material_entities.csv#OMI01551,B,1180–1260,Великий Новгород и Новгородская земля; центр модели — около 1230 года,add_variant,passed,No denylist stem matched the archive name.,variant_target,Товарная тканевая обёртка — textile stock в упаковочном применении; квадратная форма и функция обёртки не создают отдельную household/container identity. Reuses existing crafts owner crafts-tools-processes/materials_registry/materials.csv#mt_textile_generic.,"B: reconstruction/category/context evidence; basis logical_necessity, not direct item attestation. Товарная тканевая обёртка — textile stock в упаковочном применении; квадратная форма и функция обёртки не создают отдельную household/container identity.",safe_with_explicit_context,medium,,,candidate
data/normalized_source_tables/material_entities/material_entities.csv:OMI01556,Берестяная обёртка небольшого товара,variant,include,crafts-tools-processes/materials_registry/materials.csv#mt_birch_bark,logical_necessity,data/normalized_source_tables/material_entities/material_entities.csv#OMI01556,B,1180–1260,Великий Новгород и Новгородская земля; центр модели — около 1230 года,add_variant,passed,No denylist stem matched the archive name.,variant_target,"Берестяная обёртка малого товара — листовой birch-bark stock в упаковочном применении; материал принадлежит crafts, BIC хранит размещение упаковки. Reuses existing crafts owner crafts-tools-processes/materials_registry/materials.csv#mt_birch_bark.","B: reconstruction/category/context evidence; basis logical_necessity, not direct item attestation. Берестяная обёртка малого товара — листовой birch-bark stock в упаковочном применении; материал принадлежит crafts, BIC хранит размещение упаковки.",safe_with_explicit_context,medium,,,candidate
data/normalized_source_tables/material_entities/material_entities.csv:OMI01557,"Берестяной пакет, связанный шнуром",variant,include,crafts-tools-processes/materials_registry/materials.csv#mt_birch_bark,logical_necessity,data/normalized_source_tables/material_entities/material_entities.csv#OMI01557,B,1180–1260,Великий Новгород и Новгородская земля; центр модели — около 1230 года,add_variant,passed,No denylist stem matched the archive name.,variant_target,Связанный берестяной пакет — форма и способ закрытия birch-bark stock; шнур и упаковочная функция не создают отдельного материала. Reuses existing crafts owner crafts-tools-processes/materials_registry/materials.csv#mt_birch_bark.,"B: reconstruction/category/context evidence; basis logical_necessity, not direct item attestation. Связанный берестяной пакет — форма и способ закрытия birch-bark stock; шнур и упаковочная функция не создают отдельного материала.",safe_with_explicit_context,medium,,,candidate
data/normalized_source_tables/material_entities/material_entities.csv:OMI01558,Лист бересты между слоями товара,variant,include,crafts-tools-processes/materials_registry/materials.csv#mt_birch_bark,logical_necessity,data/normalized_source_tables/material_entities/material_entities.csv#OMI01558,B,1180–1260,Великий Новгород и Новгородская земля; центр модели — около 1230 года,add_variant,passed,No denylist stem matched the archive name.,variant_target,Лист между слоями товара — separator/use-form из birch bark; межслойная раскладка не меняет crafts material identity. Reuses existing crafts owner crafts-tools-processes/materials_registry/materials.csv#mt_birch_bark.,"B: reconstruction/category/context evidence; basis logical_necessity, not direct item attestation. Лист между слоями товара — separator/use-form из birch bark; межслойная раскладка не меняет crafts material identity.",safe_with_explicit_context,medium,,,candidate
downloads/Novgorod1230_material_culture_dataset_v1/Novgorod1230_material_culture_dataset_v1/data/catalog_items.csv:MSC0003,Обрезки кожи,new,include,,sourced,category-level evidence (category_form_material_process_or_context): MSC0003,A,1180–1260,Великий Новгород и Новгородская земля,include_d39,passed,No denylist stem matched the archive name.,unique,Соскобы кожи — собираемый leather-working residue с самостоятельной материальной жизнью; BIC scene placement не меняет crafts ownership.,A: category-level evidence (category_form_material_process_or_context). Соскобы кожи — собираемый leather-working residue с самостоятельной материальной жизнью; BIC scene placement не меняет crafts ownership.,safe_with_record_specific_reference,"средний: опасность главным образом в позднем декоре, слишком новом состоянии и неверном масштабе",crafts-tools-processes,crafts-tools-processes/materials_registry/material_entities.csv#n1230:material_item:msc0003,candidate
downloads/Novgorod1230_material_culture_dataset_v1/Novgorod1230_material_culture_dataset_v1/data/catalog_items.csv:MIL0031,Походный топор и лопата группы,new,include,,logical_necessity,MIL0031,B,1180–1260,Великий Новгород и Новгородская земля,include_d39,passed,No denylist stem matched the archive name.,unique,"The source describes a practical traveling party of an axe and shovel, not a new tool kind; keep one kit entity and link its components to existing tl_axe_household and tl_spade.","B: reconstruction/category/context evidence; basis logical_necessity, not direct item attestation.",safe_with_constraints,средне-высокий: без референса генератор часто подменяет форму позднесредневековой или этнографической,crafts-tools-processes,crafts-tools-processes/materials_registry/material_entities.csv#n1230:material_item:mil0031,candidate
