archive_ref,archive_name,archive_action,match_type,game_base_ref,owner_group,target_group,target_ref,basis,evidence_basis,family_key,derivation,confidence,period,region,generation_policy,anachronism_risk,semantic_result,guard_result,dedup_result,reason
data/normalized_source_tables/material_entities/material_entities.csv:OMI00001,Свежеcрубленный ствол с корой,include_d39,variant,buildings-interiors-containers/buildings/materials_vocab.csv#mat_log_conifer,,buildings-interiors-containers,,sourced,"Прямые археологические, письменные или стратиграфически привязанные новгородские данные; запись допустима для обычной генерации в подходящем контексте.",timber_log,data/normalized_source_tables/material_entities/material_entities.csv#OMI00001,A,1180–1260,Великий Новгород и Новгородская земля; центр модели — около 1230 года,safe_with_context,low,variant,pass:variant,variant_not_new_entity,"Top-5 не дал первичных кандидатов; по D40 — новый кандидат D39. Основание: прямые данные уровень категории; точное присутствие отдельного экземпляра не утверждается. Семантическое решение: состояние, фрагмент или контекст уже представленного BIC типа; только variant, не новый тип."
data/normalized_source_tables/material_entities/material_entities.csv:OMI00003,Бревно с частично снятой корой,include_d39,variant,buildings-interiors-containers/buildings/materials_vocab.csv#mat_log_conifer,,buildings-interiors-containers,,sourced,"Прямые археологические, письменные или стратиграфически привязанные новгородские данные; запись допустима для обычной генерации в подходящем контексте.",timber_log,data/normalized_source_tables/material_entities/material_entities.csv#OMI00003,A,1180–1260,Великий Новгород и Новгородская земля; центр модели — около 1230 года,safe_with_context,low,variant,pass:variant,variant_not_new_entity,"Ближайший top-5 «Снятая кора» не подтверждает тождество: архив описывает отдельную форму/состояние. По D40 — новый кандидат D39. Основание: прямые данные уровень категории; точное присутствие отдельного экземпляра не утверждается. Семантическое решение: состояние, фрагмент или контекст уже представленного BIC типа; только variant, не новый тип."
data/normalized_source_tables/material_entities/material_entities.csv:OMI00004,Короткий отрубок бревна,needs_check,needs_check,buildings-interiors-containers/buildings/materials_vocab.csv#mat_log_conifer,buildings-interiors-containers,,,sourced,"Прямые археологические, письменные или стратиграфически привязанные новгородские данные; запись допустима для обычной генерации в подходящем контексте.",timber_short,data/normalized_source_tables/material_entities/material_entities.csv#OMI00004,A,1180–1260,Великий Новгород и Новгородская земля; центр модели — около 1230 года,safe_with_context,low,needs_check,needs_check,needs_check,Семантическое решение: Короткий отрубок — размер/состояние бревна; не отдельный тип. Основание: category-level evidence (category_form_material_process_or_context).
data/normalized_source_tables/material_entities/material_entities.csv:OMI00005,Толстый чурбан для раскалывания,add_variant,variant,buildings-interiors-containers/buildings/materials_vocab.csv#mat_log_conifer,buildings-interiors-containers,,,logical_necessity,Хорошо подтверждаемая реконструкция по нескольким источникам; конкретная форма или сочетание не всегда найдено в одном закрытом комплексе около 1230 года.,timber_block,data/normalized_source_tables/material_entities/material_entities.csv#OMI00005,B,1180–1260,Великий Новгород и Новгородская земля; центр модели — около 1230 года,safe_with_explicit_context,medium,variant,pass:variant,variant_not_new_entity,Семантическое решение: Чурбан — форма заготовленного бревна; самостоятельный тип не нужен.
data/normalized_source_tables/material_entities/material_entities.csv:OMI00006,Колода с естественной кривизной,add_variant,variant,buildings-interiors-containers/buildings/materials_vocab.csv#mat_log_conifer,buildings-interiors-containers,,,logical_necessity,Хорошо подтверждаемая реконструкция по нескольким источникам; конкретная форма или сочетание не всегда найдено в одном закрытом комплексе около 1230 года.,curved_timber,data/normalized_source_tables/material_entities/material_entities.csv#OMI00006,B,1180–1260,Великий Новгород и Новгородская земля; центр модели — около 1230 года,safe_with_explicit_context,medium,variant,pass:variant,variant_not_new_entity,Семантическое решение: Изогнутая колода — форменная разновидность бревна.
data/normalized_source_tables/material_entities/material_entities.csv:OMI00007,Развилка ствола или крупной ветви,add_variant,variant,buildings-interiors-containers/buildings/materials_vocab.csv#mat_log_conifer,buildings-interiors-containers,,,logical_necessity,Хорошо подтверждаемая реконструкция по нескольким источникам; конкретная форма или сочетание не всегда найдено в одном закрытом комплексе около 1230 года.,forked_wood,data/normalized_source_tables/material_entities/material_entities.csv#OMI00007,B,1180–1260,Великий Новгород и Новгородская земля; центр модели — около 1230 года,safe_with_explicit_context,medium,variant,pass:variant,variant_not_new_entity,Семантическое решение: Развилка — форма деревянной заготовки; устойчивый отдельный structural part не подтверждён.
data/normalized_source_tables/material_entities/material_entities.csv:OMI00009,Толстая жердь с корой,add_variant,variant,buildings-interiors-containers/buildings/materials_vocab.csv#mat_pole,buildings-interiors-containers,,,sourced,"Прямые археологические, письменные или стратиграфически привязанные новгородские данные; запись допустима для обычной генерации в подходящем контексте.",pole_stock,data/normalized_source_tables/material_entities/material_entities.csv#OMI00009,A,1180–1260,Великий Новгород и Новгородская земля; центр модели — около 1230 года,safe_with_context,low,variant,pass:variant,variant_not_new_entity,Семантическое решение: Кора — состояние жерди; текущая цель совпадает. Основание: category-level evidence (category_form_material_process_or_context).
data/normalized_source_tables/material_entities/material_entities.csv:OMI00010,Окорённая жердь,add_variant,variant,buildings-interiors-containers/buildings/materials_vocab.csv#mat_pole,buildings-interiors-containers,,,sourced,"Прямые археологические, письменные или стратиграфически привязанные новгородские данные; запись допустима для обычной генерации в подходящем контексте.",pole_stock,data/normalized_source_tables/material_entities/material_entities.csv#OMI00010,A,1180–1260,Великий Новгород и Новгородская земля; центр модели — около 1230 года,safe_with_context,low,variant,pass:variant,variant_not_new_entity,Семантическое решение: Окорённость — состояние той же жерди. Основание: category-level evidence (category_form_material_process_or_context).
data/normalized_source_tables/material_entities/material_entities.csv:OMI00011,Тонкая прямая жердь,add_variant,variant,buildings-interiors-containers/buildings/materials_vocab.csv#mat_pole,buildings-interiors-containers,,,sourced,"Прямые археологические, письменные или стратиграфически привязанные новгородские данные; запись допустима для обычной генерации в подходящем контексте.",thin_pole,data/normalized_source_tables/material_entities/material_entities.csv#OMI00011,A,1180–1260,Великий Новгород и Новгородская земля; центр модели — около 1230 года,safe_with_context,low,variant,pass:variant,variant_not_new_entity,Семантическое решение: Тонкая жердь — размерная разновидность. Основание: category-level evidence (category_form_material_process_or_context).
data/normalized_source_tables/material_entities/material_entities.csv:OMI00012,Короткая жердь-распорка,add_variant,variant,buildings-interiors-containers/buildings/materials_vocab.csv#mat_pole,buildings-interiors-containers,,,logical_necessity,Хорошо подтверждаемая реконструкция по нескольким источникам; конкретная форма или сочетание не всегда найдено в одном закрытом комплексе около 1230 года.,pole_brace,data/normalized_source_tables/material_entities/material_entities.csv#OMI00012,B,1180–1260,Великий Новгород и Новгородская земля; центр модели — около 1230 года,safe_with_explicit_context,medium,variant,pass:variant,variant_not_new_entity,Семантическое решение: Распорка — назначение и длина жерди.
data/normalized_source_tables/material_entities/material_entities.csv:OMI00015,Полубревно,add_variant,variant,buildings-interiors-containers/buildings/materials_vocab.csv#mat_log_conifer,buildings-interiors-containers,,,sourced,"Прямые археологические, письменные или стратиграфически привязанные новгородские данные; запись допустима для обычной генерации в подходящем контексте.",half_log,data/normalized_source_tables/material_entities/material_entities.csv#OMI00015,A,1180–1260,Великий Новгород и Новгородская земля; центр модели — около 1230 года,safe_with_context,low,variant,pass:variant,variant_not_new_entity,Семантическое решение: Полубревно — доля/форма бревна. Основание: category-level evidence (category_form_material_process_or_context).
data/normalized_source_tables/material_entities/material_entities.csv:OMI00016,Четвертина бревна,add_variant,variant,buildings-interiors-containers/buildings/materials_vocab.csv#mat_log_conifer,buildings-interiors-containers,,,logical_necessity,Хорошо подтверждаемая реконструкция по нескольким источникам; конкретная форма или сочетание не всегда найдено в одном закрытом комплексе около 1230 года.,quarter_log,data/normalized_source_tables/material_entities/material_entities.csv#OMI00016,B,1180–1260,Великий Новгород и Новгородская земля; центр модели — около 1230 года,safe_with_explicit_context,medium,variant,pass:variant,variant_not_new_entity,Семантическое решение: Четвертина — размер/форма бревна.
data/normalized_source_tables/material_entities/material_entities.csv:OMI00017,Тёсаный брус,include_d39,new,,buildings-interiors-containers,,,sourced,"Прямые археологические, письменные или стратиграфически привязанные новгородские данные; запись допустима для обычной генерации в подходящем контексте.",hewn_beam,data/normalized_source_tables/material_entities/material_entities.csv#OMI00017,A,1180–1260,Великий Новгород и Новгородская земля; центр модели — около 1230 года,safe_with_context,low,distinct,pass:included,unique_new_name,Семантическое решение: Тёсаный брус — самостоятельная строительная заготовка; стабильной тождественной BIC цели нет. Основание: category-level evidence (category_form_material_process_or_context).
data/normalized_source_tables/material_entities/material_entities.csv:OMI00018,Узкий тёсаный брусок,needs_check,needs_check,buildings-interiors-containers/interiors/material_entities.csv#n1230:material_item:omi00017,buildings-interiors-containers,,,sourced,"Прямые археологические, письменные или стратиграфически привязанные новгородские данные; запись допустима для обычной генерации в подходящем контексте.",wood_batten,data/normalized_source_tables/material_entities/material_entities.csv#OMI00018,A,1180–1260,Великий Новгород и Новгородская земля; центр модели — около 1230 года,safe_with_context,low,needs_check,needs_check,needs_check,Семантическое решение: Узкий брусок — размерная форма тёсаного бруса. Основание: category-level evidence (category_form_material_process_or_context).
data/normalized_source_tables/material_entities/material_entities.csv:OMI00020,Узкая доска,add_variant,variant,buildings-interiors-containers/buildings/materials_vocab.csv#mat_plank_hewn,buildings-interiors-containers,,,sourced,"Прямые археологические, письменные или стратиграфически привязанные новгородские данные; запись допустима для обычной генерации в подходящем контексте.",narrow_board,data/normalized_source_tables/material_entities/material_entities.csv#OMI00020,A,1180–1260,Великий Новгород и Новгородская земля; центр модели — около 1230 года,safe_with_context,low,variant,pass:variant,variant_not_new_entity,Семантическое решение: Узкая доска — размерная разновидность тёсаной доски. Основание: category-level evidence (category_form_material_process_or_context).
data/normalized_source_tables/material_entities/material_entities.csv:OMI00021,Короткий обрезок доски,add_variant,new,materials_registry/material_entities.csv#n1230:material_item:omi00021,crafts-tools-processes,crafts-tools-processes,materials_registry/material_entities.csv#n1230:material_item:omi00021,sourced,"Прямые археологические, письменные или стратиграфически привязанные новгородские данные; запись допустима для обычной генерации в подходящем контексте.",board_offcut,data/normalized_source_tables/material_entities/material_entities.csv#OMI00021,A,1180–1260,Великий Новгород и Новгородская земля; центр модели — около 1230 года,safe_with_context,low,routed,pass:routed,routed_to_owner,Семантическое решение: Короткий обрезок доски уже представлен crafts entity OMI00021; BIC передаёт владение этому стабильному определению. Основание: category-level evidence (category_form_material_process_or_context).
data/normalized_source_tables/material_entities/material_entities.csv:OMI00022,Доска с естественным обзолом,add_variant,variant,buildings-interiors-containers/buildings/materials_vocab.csv#mat_plank_hewn,buildings-interiors-containers,,,logical_necessity,Хорошо подтверждаемая реконструкция по нескольким источникам; конкретная форма или сочетание не всегда найдено в одном закрытом комплексе около 1230 года.,waney_board,data/normalized_source_tables/material_entities/material_entities.csv#OMI00022,B,1180–1260,Великий Новгород и Новгородская земля; центр модели — около 1230 года,safe_with_explicit_context,medium,variant,pass:variant,variant_not_new_entity,Семантическое решение: Обзол — форма/состояние доски; самостоятельный тип излишен.
data/normalized_source_tables/material_entities/material_entities.csv:OMI00023,Тонкая дощечка,add_variant,variant,buildings-interiors-containers/buildings/materials_vocab.csv#mat_plank_hewn,buildings-interiors-containers,,,sourced,"Прямые археологические, письменные или стратиграфически привязанные новгородские данные; запись допустима для обычной генерации в подходящем контексте.",thin_board,data/normalized_source_tables/material_entities/material_entities.csv#OMI00023,A,1180–1260,Великий Новгород и Новгородская земля; центр модели — около 1230 года,safe_with_context,low,variant,pass:variant,variant_not_new_entity,Семантическое решение: Тонкая дощечка — размерная разновидность доски; mat_iron_metal несовместим по материалу. Основание: category-level evidence (category_form_material_process_or_context).
data/normalized_source_tables/material_entities/material_entities.csv:OMI00024,Деревянная рейка,include_d39,new,,buildings-interiors-containers,,,logical_necessity,Хорошо подтверждаемая реконструкция по нескольким источникам; конкретная форма или сочетание не всегда найдено в одном закрытом комплексе около 1230 года.,wood_lath,data/normalized_source_tables/material_entities/material_entities.csv#OMI00024,B,1180–1260,Великий Новгород и Новгородская земля; центр модели — около 1230 года,safe_with_explicit_context,medium,distinct,pass:included,unique_new_name,"Ближайший top-5 «Деревянный светец» не подтверждает тождество: архив описывает отдельную форму/состояние. По D40 — новый кандидат D39. Семантическое решение: отдельный кандидат; family_key/name_ru не совпадают с другим включённым типом после проверки состояний, количества, тары и назначения."
data/normalized_source_tables/material_entities/material_entities.csv:OMI00026,Длинная дранка,add_variant,variant,buildings-interiors-containers/buildings/materials_vocab.csv#mat_shingle_conifer,buildings-interiors-containers,buildings-interiors-containers,,logical_necessity,Хорошо подтверждаемая реконструкция по нескольким источникам; конкретная форма или сочетание не всегда найдено в одном закрытом комплексе около 1230 года.,long_splint,data/normalized_source_tables/material_entities/material_entities.csv#OMI00026,B,1180–1260,Великий Новгород и Новгородская земля; центр модели — около 1230 года,safe_with_explicit_context,medium,variant,pass:variant,variant_not_new_entity,"Семантическое решение: Длинная дранка — вариант хвойной кровельной дранки `mat_shingle_conifer`; это размер существующего кровельного материала, не тесаная доска и не новая сущность."
data/normalized_source_tables/material_entities/material_entities.csv:OMI00027,Короткая дранка,add_variant,variant,buildings-interiors-containers/buildings/materials_vocab.csv#mat_shingle_conifer,buildings-interiors-containers,buildings-interiors-containers,,logical_necessity,Хорошо подтверждаемая реконструкция по нескольким источникам; конкретная форма или сочетание не всегда найдено в одном закрытом комплексе около 1230 года.,short_splint,data/normalized_source_tables/material_entities/material_entities.csv#OMI00027,B,1180–1260,Великий Новгород и Новгородская земля; центр модели — около 1230 года,safe_with_explicit_context,medium,variant,pass:variant,variant_not_new_entity,"Семантическое решение: Короткая дранка — вариант хвойной кровельной дранки `mat_shingle_conifer`; это размер существующего кровельного материала, не тесаная доска и не новая сущность."
data/normalized_source_tables/material_entities/material_entities.csv:OMI00030,Деревянный цилиндр-заготовка,needs_check,needs_check,,buildings-interiors-containers,,,logical_necessity,Хорошо подтверждаемая реконструкция по нескольким источникам; конкретная форма или сочетание не всегда найдено в одном закрытом комплексе около 1230 года.,wood_cylinder_blank,data/normalized_source_tables/material_entities/material_entities.csv#OMI00030,B,1180–1260,Великий Новгород и Новгородская земля; центр модели — около 1230 года,safe_with_explicit_context,medium,needs_check,needs_check,needs_check,"Ближайший top-5 «Деревянный светец» не подтверждает тождество: архив описывает отдельную форму/состояние. По D40 — новый кандидат D39. Семантическое решение: отдельный кандидат; family_key/name_ru не совпадают с другим включённым типом после проверки состояний, количества, тары и назначения."
data/normalized_source_tables/material_entities/material_entities.csv:OMI00031,Деревянный диск-заготовка,needs_check,needs_check,,buildings-interiors-containers,,,logical_necessity,Хорошо подтверждаемая реконструкция по нескольким источникам; конкретная форма или сочетание не всегда найдено в одном закрытом комплексе около 1230 года.,wood_disc_blank,data/normalized_source_tables/material_entities/material_entities.csv#OMI00031,B,1180–1260,Великий Новгород и Новгородская земля; центр модели — около 1230 года,safe_with_explicit_context,medium,needs_check,needs_check,needs_check,"Ближайший top-5 «Деревянный светец» не подтверждает тождество: архив описывает отдельную форму/состояние. По D40 — новый кандидат D39. Семантическое решение: отдельный кандидат; family_key/name_ru не совпадают с другим включённым типом после проверки состояний, количества, тары и назначения."
data/normalized_source_tables/material_entities/material_entities.csv:OMI00038,Короткие колья для плетня,include_d39,new,,buildings-interiors-containers,,,logical_necessity,Хорошо подтверждаемая реконструкция по нескольким источникам; конкретная форма или сочетание не всегда найдено в одном закрытом комплексе около 1230 года.,wattle_stakes,data/normalized_source_tables/material_entities/material_entities.csv#OMI00038,B,1180–1260,Великий Новгород и Новгородская земля; центр модели — около 1230 года,safe_with_explicit_context,medium,distinct,pass:included,unique_new_name,"Ближайший top-5 «Короткая переносная скамья» не подтверждает тождество: архив описывает отдельную форму/состояние. По D40 — новый кандидат D39. Семантическое решение: отдельный кандидат; family_key/name_ru не совпадают с другим включённым типом после проверки состояний, количества, тары и назначения."
data/normalized_source_tables/material_entities/material_entities.csv:OMI00042,Деревянный шплинт,include_d39,new,,buildings-interiors-containers,,,logical_necessity,Хорошо подтверждаемая реконструкция по нескольким источникам; конкретная форма или сочетание не всегда найдено в одном закрытом комплексе около 1230 года.,wooden_cotter,data/normalized_source_tables/material_entities/material_entities.csv#OMI00042,B,1180–1260,Великий Новгород и Новгородская земля; центр модели — около 1230 года,safe_with_explicit_context,medium,distinct,pass:included,unique_new_name,"Ближайший top-5 «Деревянный светец» не подтверждает тождество: архив описывает отдельную форму/состояние. По D40 — новый кандидат D39. Семантическое решение: отдельный кандидат; family_key/name_ru не совпадают с другим включённым типом после проверки состояний, количества, тары и назначения."
data/normalized_source_tables/material_entities/material_entities.csv:OMI00045,Деревянная вставка для ремонта трещины,include_d39,new,,buildings-interiors-containers,,,logical_necessity,Хорошо подтверждаемая реконструкция по нескольким источникам; конкретная форма или сочетание не всегда найдено в одном закрытом комплексе около 1230 года.,wood_patch_insert,data/normalized_source_tables/material_entities/material_entities.csv#OMI00045,B,1180–1260,Великий Новгород и Новгородская земля; центр модели — около 1230 года,safe_with_explicit_context,medium,distinct,pass:included,unique_new_name,"Ближайший top-5 «Ремонт деревянного укрепления» не подтверждает тождество: архив описывает отдельную форму/состояние. По D40 — новый кандидат D39. Семантическое решение: отдельный кандидат; family_key/name_ru не совпадают с другим включённым типом после проверки состояний, количества, тары и назначения."
data/normalized_source_tables/material_entities/material_entities.csv:OMI00046,Снятая пригодная доска,add_variant,variant,buildings-interiors-containers/buildings/materials_vocab.csv#mat_plank_hewn,buildings-interiors-containers,,,logical_necessity,Хорошо подтверждаемая реконструкция по нескольким источникам; конкретная форма или сочетание не всегда найдено в одном закрытом комплексе около 1230 года.,salvaged_board,data/normalized_source_tables/material_entities/material_entities.csv#OMI00046,B,1180–1260,Великий Новгород и Новгородская земля; центр модели — около 1230 года,safe_with_explicit_context,medium,variant,pass:variant,variant_not_new_entity,Семантическое решение: Снятая пригодная доска — состояние повторного использования доски.
data/normalized_source_tables/material_entities/material_entities.csv:OMI00047,Снятый пригодный брусок,needs_check,needs_check,buildings-interiors-containers/interiors/material_entities.csv#n1230:material_item:omi00017,buildings-interiors-containers,,,logical_necessity,Хорошо подтверждаемая реконструкция по нескольким источникам; конкретная форма или сочетание не всегда найдено в одном закрытом комплексе около 1230 года.,salvaged_timber,data/normalized_source_tables/material_entities/material_entities.csv#OMI00047,B,1180–1260,Великий Новгород и Новгородская земля; центр модели — около 1230 года,safe_with_explicit_context,medium,needs_check,needs_check,needs_check,Семантическое решение: Снятый пригодный брусок — состояние/размер тёсаного бруса; mat_plank_hewn неверно.
data/normalized_source_tables/material_entities/material_entities.csv:OMI00053,Заготовка рукояти топора,needs_check,needs_check,,,,,logical_necessity,Хорошо подтверждаемая реконструкция по нескольким источникам; конкретная форма или сочетание не всегда найдено в одном закрытом комплексе около 1230 года.,axe_handle,data/normalized_source_tables/material_entities/material_entities.csv#OMI00053,B,1180–1260,Великий Новгород и Новгородская земля; центр модели — около 1230 года,safe_with_explicit_context,medium,needs_check,needs_check,needs_check,"Top-5 не дал первичных кандидатов; по D40 — новый кандидат D39. Семантическое решение: состояние/стадия той же family_key; слито с архивной записью OMI00054, самостоятельный тип не включать."
data/normalized_source_tables/material_entities/material_entities.csv:OMI00054,Готовое топорище без железка,needs_check,needs_check,crafts-tools-processes/craft_tools_gear/tools_gear.csv#tl_axe_carpenter,crafts-tools-processes,crafts-tools-processes,crafts-tools-processes/craft_tools_gear/tools_gear.csv#tl_axe_carpenter,sourced,"Прямые археологические, письменные или стратиграфически привязанные новгородские данные; запись допустима для обычной генерации в подходящем контексте.",axe_handle,data/normalized_source_tables/material_entities/material_entities.csv#OMI00054,A,1180–1260,Великий Новгород и Новгородская земля; центр модели — около 1230 года,safe_with_context,low,needs_check,needs_check,needs_check,Готовое топорище — часть столярного топора/заготовка инструмента; kind-owner crafts-tools-processes. Ссылка на tl_axe_carpenter. Семантическое решение: routed. Основание: category-level evidence (category_form_material_process_or_context).
data/normalized_source_tables/material_entities/material_entities.csv:OMI00060,Деревянная ось малая,needs_check,needs_check,,transport-health-recreation,transport-health-recreation,,logical_necessity,Хорошо подтверждаемая реконструкция по нескольким источникам; конкретная форма или сочетание не всегда найдено в одном закрытом комплексе около 1230 года.,small_wood_axle,data/normalized_source_tables/material_entities/material_entities.csv#OMI00060,B,1180–1260,Великий Новгород и Новгородская земля; центр модели — около 1230 года,safe_with_explicit_context,medium,needs_check,needs_check,needs_check,Деревянная ось малая: Судно или его деталь/состояние; kind-owner transport-health-recreation. Семантическое решение: routed.
data/normalized_source_tables/material_entities/material_entities.csv:OMI00070,Заготовка уключины из развилки,include_d39,new,transport-health-recreation/transport_travel/transport_entities.csv#trv_020,transport-health-recreation,transport-health-recreation,transport-health-recreation/transport_travel/transport_entities.csv#trv_020,logical_necessity,Хорошо подтверждаемая реконструкция по нескольким источникам; конкретная форма или сочетание не всегда найдено в одном закрытом комплексе около 1230 года.,rowlock_blank,data/normalized_source_tables/material_entities/material_entities.csv#OMI00070,B,1180–1260,Великий Новгород и Новгородская земля; центр модели — около 1230 года,safe_with_explicit_context,medium,routed,pass:routed,routed_to_owner,Семантическое решение: Rowlock fork blank belongs to existing rowlock entity.
data/normalized_source_tables/material_entities/material_entities.csv:OMI00071,Судовой нагель,include_d39,new,transport-health-recreation/transport_travel/transport_entities.csv#trv_017,transport-health-recreation,transport-health-recreation,transport-health-recreation/transport_travel/transport_entities.csv#trv_017,sourced,"Прямые археологические, письменные или стратиграфически привязанные новгородские данные; запись допустима для обычной генерации в подходящем контексте.",boat_treenail,data/normalized_source_tables/material_entities/material_entities.csv#OMI00071,A,1180–1260,Великий Новгород и Новгородская земля; центр модели — около 1230 года,safe_with_context,low,routed,pass:routed,routed_to_owner,Семантическое решение: Судовой деревянный нагель принадлежит transport; конечная общая транспортная сущность trv_017 сохраняет идентичность нагеля и не дублируется в BIC. Основание: category-level evidence (category_form_material_process_or_context).
data/normalized_source_tables/material_entities/material_entities.csv:OMI00072,Клин для судовой доски,include_d39,new,transport-health-recreation/transport_travel/transport_entities.csv#trv_016,transport-health-recreation,transport-health-recreation,transport-health-recreation/transport_travel/transport_entities.csv#trv_016,logical_necessity,Хорошо подтверждаемая реконструкция по нескольким источникам; конкретная форма или сочетание не всегда найдено в одном закрытом комплексе около 1230 года.,boat_wedge,data/normalized_source_tables/material_entities/material_entities.csv#OMI00072,B,1180–1260,Великий Новгород и Новгородская земля; центр модели — около 1230 года,safe_with_explicit_context,medium,routed,pass:routed,routed_to_owner,Семантическое решение: Ship plank wedge is ship fastening component.
data/normalized_source_tables/material_entities/material_entities.csv:OMI00073,Планка для ремонта борта лодки,include_d39,new,transport-health-recreation/transport_travel/transport_entities.csv#trv_016,transport-health-recreation,transport-health-recreation,transport-health-recreation/transport_travel/transport_entities.csv#trv_016,logical_necessity,Хорошо подтверждаемая реконструкция по нескольким источникам; конкретная форма или сочетание не всегда найдено в одном закрытом комплексе около 1230 года.,hull_patch_plank,data/normalized_source_tables/material_entities/material_entities.csv#OMI00073,B,1180–1260,Великий Новгород и Новгородская земля; центр модели — около 1230 года,safe_with_explicit_context,medium,routed,pass:routed,routed_to_owner,Семантическое решение: Boat side repair strip is ship construction component.
data/normalized_source_tables/material_entities/material_entities.csv:OMI00074,Дощечка для крышки сосуда,reference_only,reference,items/household.csv#it_hh_vessel_lid_wood,,items-household-personal,items/household.csv#it_hh_vessel_lid_wood,logical_necessity,Хорошо подтверждаемая реконструкция по нескольким источникам; конкретная форма или сочетание не всегда найдено в одном закрытом комплексе около 1230 года.,lid_board_blank,data/normalized_source_tables/material_entities/material_entities.csv#OMI00074,B,1180–1260,Великий Новгород и Новгородская земля; центр модели — около 1230 года,safe_with_explicit_context,medium,routed,pass:routed,routed_to_owner,Семантическое решение: Lid board is a component or unfinished form of the household wooden vessel lid; do not create a second lid type.
data/normalized_source_tables/material_entities/material_entities.csv:OMI00075,Донце деревянного сосуда-заготовка,needs_check,needs_check,buildings-interiors-containers/interiors/material_entities.csv#n1230:material_item:omi00079,buildings-interiors-containers,,,sourced,"Прямые археологические, письменные или стратиграфически привязанные новгородские данные; запись допустима для обычной генерации в подходящем контексте.",vessel_bottom_blank,data/normalized_source_tables/material_entities/material_entities.csv#OMI00075,A,1180–1260,Великий Новгород и Новгородская земля; центр модели — около 1230 года,safe_with_context,low,needs_check,needs_check,needs_check,Семантическое решение: Заготовка донца; размер и степень сборки не создают второй тип. Основание: category-level evidence (category_form_material_process_or_context).
data/normalized_source_tables/material_entities/material_entities.csv:OMI00076,Клёпка бочки-заготовка,needs_check,needs_check,buildings-interiors-containers/interiors/material_entities.csv#n1230:material_item:omi00077,buildings-interiors-containers,,,sourced,"Прямые археологические, письменные или стратиграфически привязанные новгородские данные; запись допустима для обычной генерации в подходящем контексте.",stave_blank,data/normalized_source_tables/material_entities/material_entities.csv#OMI00076,A,1180–1260,Великий Новгород и Новгородская земля; центр модели — около 1230 года,safe_with_context,low,needs_check,needs_check,needs_check,Семантическое решение: Клёпка-заготовка; стадия детали тары. Основание: category-level evidence (category_form_material_process_or_context).
data/normalized_source_tables/material_entities/material_entities.csv:OMI00077,Готовая клёпка сосуда,include_d39,new,,buildings-interiors-containers,,,sourced,"Прямые археологические, письменные или стратиграфически привязанные новгородские данные; запись допустима для обычной генерации в подходящем контексте.",finished_stave,data/normalized_source_tables/material_entities/material_entities.csv#OMI00077,A,1180–1260,Великий Новгород и Новгородская земля; центр модели — около 1230 года,safe_with_context,low,distinct,pass:included,unique_new_name,Семантическое решение: Самостоятельная конструктивная деталь клёпаного сосуда. Основание: category-level evidence (category_form_material_process_or_context).
data/normalized_source_tables/material_entities/material_entities.csv:OMI00078,Уторная кромка клёпки,needs_check,needs_check,buildings-interiors-containers/interiors/material_entities.csv#n1230:material_item:omi00077,buildings-interiors-containers,,,logical_necessity,Хорошо подтверждаемая реконструкция по нескольким источникам; конкретная форма или сочетание не всегда найдено в одном закрытом комплексе около 1230 года.,stave_croze_edge,data/normalized_source_tables/material_entities/material_entities.csv#OMI00078,B,1180–1260,Великий Новгород и Новгородская земля; центр модели — около 1230 года,safe_with_explicit_context,medium,needs_check,needs_check,needs_check,Семантическое решение: Уторная кромка описывает форму клёпки а не отдельный owner.
data/normalized_source_tables/material_entities/material_entities.csv:OMI00079,Деревянное донце бочки,include_d39,new,,buildings-interiors-containers,,,sourced,"Прямые археологические, письменные или стратиграфически привязанные новгородские данные; запись допустима для обычной генерации в подходящем контексте.",barrel_head,data/normalized_source_tables/material_entities/material_entities.csv#OMI00079,A,1180–1260,Великий Новгород и Новгородская земля; центр модели — около 1230 года,safe_with_context,low,distinct,pass:included,unique_new_name,Семантическое решение: Донце бочки как самостоятельная деталь тары. Основание: category-level evidence (category_form_material_process_or_context).
data/normalized_source_tables/material_entities/material_entities.csv:OMI00080,Половина составного донца,needs_check,needs_check,buildings-interiors-containers/interiors/material_entities.csv#n1230:material_item:omi00079,buildings-interiors-containers,,,logical_necessity,Хорошо подтверждаемая реконструкция по нескольким источникам; конкретная форма или сочетание не всегда найдено в одном закрытом комплексе около 1230 года.,half_barrel_head,data/normalized_source_tables/material_entities/material_entities.csv#OMI00080,B,1180–1260,Великий Новгород и Новгородская земля; центр модели — около 1230 года,safe_with_explicit_context,medium,needs_check,needs_check,needs_check,Семантическое решение: Половина донца — фрагмент существующей детали.
data/normalized_source_tables/material_entities/material_entities.csv:OMI00081,Деревянная пробка-затычка,include_d39,new,,buildings-interiors-containers,,,sourced,"Прямые археологические, письменные или стратиграфически привязанные новгородские данные; запись допустима для обычной генерации в подходящем контексте.",wooden_bung,data/normalized_source_tables/material_entities/material_entities.csv#OMI00081,A,1180–1260,Великий Новгород и Новгородская земля; центр модели — около 1230 года,safe_with_context,low,distinct,pass:included,unique_new_name,Семантическое решение: Деревянная пробка — отдельный тип тары и укупорки. Основание: category-level evidence (category_form_material_process_or_context).
data/normalized_source_tables/material_entities/material_entities.csv:OMI00083,Малая деревянная крышечка,reference_only,reference,items/household.csv#it_hh_vessel_lid_wood,,items-household-personal,items/household.csv#it_hh_vessel_lid_wood,logical_necessity,Хорошо подтверждаемая реконструкция по нескольким источникам; конкретная форма или сочетание не всегда найдено в одном закрытом комплексе около 1230 года.,small_wood_lid,data/normalized_source_tables/material_entities/material_entities.csv#OMI00083,B,1180–1260,Великий Новгород и Новгородская земля; центр модели — около 1230 года,safe_with_explicit_context,medium,routed,pass:routed,routed_to_owner,Семантическое решение: Small wooden lid is a size variant of the existing household vessel lid.
data/normalized_source_tables/material_entities/material_entities.csv:OMI00084,Деревянная ручка крышки,include_d39,new,,buildings-interiors-containers,,,logical_necessity,Хорошо подтверждаемая реконструкция по нескольким источникам; конкретная форма или сочетание не всегда найдено в одном закрытом комплексе около 1230 года.,lid_knob,data/normalized_source_tables/material_entities/material_entities.csv#OMI00084,B,1180–1260,Великий Новгород и Новгородская земля; центр модели — около 1230 года,safe_with_explicit_context,medium,distinct,pass:included,unique_new_name,Семантическое решение: Ручка крышки — отдельная деталь устройства тары.
data/normalized_source_tables/material_entities/material_entities.csv:OMI00085,Деревянная дужка малой тары,include_d39,new,,buildings-interiors-containers,,,analogy,Функционально и технологически правдоподобная гипотеза; не использовать как автоматическое наполнение без явного контекста.,wooden_bail,data/normalized_source_tables/material_entities/material_entities.csv#OMI00085,C,1180–1260,Великий Новгород и Новгородская земля; центр модели — около 1230 года,explicit_context_only,high,distinct,pass:included,unique_new_name,Семантическое решение: Дужка малой тары — конструктивная деталь сосуда.
data/normalized_source_tables/material_entities/material_entities.csv:OMI00092,Заготовка короба из дощечек,needs_check,needs_check,buildings-interiors-containers/containers/container_forms.csv#ct_box_plank_crate,buildings-interiors-containers,,,logical_necessity,Хорошо подтверждаемая реконструкция по нескольким источникам; конкретная форма или сочетание не всегда найдено в одном закрытом комплексе около 1230 года.,wood_box_semifinished,data/normalized_source_tables/material_entities/material_entities.csv#OMI00092,B,1180–1260,Великий Новгород и Новгородская земля; центр модели — около 1230 года,safe_with_explicit_context,medium,needs_check,needs_check,needs_check,Семантическое решение: Заготовка дощатого короба — незавершённая форма ящика.
data/normalized_source_tables/material_entities/material_entities.csv:OMI00093,Дощечка стенки сундука,include_d39,new,,buildings-interiors-containers,,,logical_necessity,Хорошо подтверждаемая реконструкция по нескольким источникам; конкретная форма или сочетание не всегда найдено в одном закрытом комплексе около 1230 года.,chest_board,data/normalized_source_tables/material_entities/material_entities.csv#OMI00093,B,1180–1260,Великий Новгород и Новгородская земля; центр модели — около 1230 года,safe_with_explicit_context,medium,distinct,pass:included,unique_new_name,"Ближайший top-5 «Купеческий сундук» не подтверждает тождество: архив описывает отдельную форму/состояние. По D40 — новый кандидат D39. Семантическое решение: отдельный кандидат; family_key/name_ru не совпадают с другим включённым типом после проверки состояний, количества, тары и назначения."
data/normalized_source_tables/material_entities/material_entities.csv:OMI00094,Угловой деревянный шип сундука,include_d39,new,,buildings-interiors-containers,,,logical_necessity,Хорошо подтверждаемая реконструкция по нескольким источникам; конкретная форма или сочетание не всегда найдено в одном закрытом комплексе около 1230 года.,chest_tenon,data/normalized_source_tables/material_entities/material_entities.csv#OMI00094,B,1180–1260,Великий Новгород и Новгородская земля; центр модели — около 1230 года,safe_with_explicit_context,medium,distinct,pass:included,unique_new_name,"Ближайший top-5 «Угловая полка» не подтверждает тождество: архив описывает отдельную форму/состояние. По D40 — новый кандидат D39. Семантическое решение: отдельный кандидат; family_key/name_ru не совпадают с другим включённым типом после проверки состояний, количества, тары и назначения."
data/normalized_source_tables/material_entities/material_entities.csv:OMI00095,Деревянная петля или ушко крышки,include_d39,new,,buildings-interiors-containers,,,analogy,Функционально и технологически правдоподобная гипотеза; не использовать как автоматическое наполнение без явного контекста.,wooden_hinge_lug,data/normalized_source_tables/material_entities/material_entities.csv#OMI00095,C,1180–1260,Великий Новгород и Новгородская земля; центр модели — около 1230 года,explicit_context_only,high,distinct,pass:included,unique_new_name,"Ближайший top-5 «Деревянная крышка сосуда» не подтверждает тождество: архив описывает отдельную форму/состояние. По D40 — новый кандидат D39. Семантическое решение: отдельный кандидат; family_key/name_ru не совпадают с другим включённым типом после проверки состояний, количества, тары и назначения."
data/normalized_source_tables/material_entities/material_entities.csv:OMI00098,Деревянная направляющая засова,include_d39,new,,buildings-interiors-containers,,,logical_necessity,Хорошо подтверждаемая реконструкция по нескольким источникам; конкретная форма или сочетание не всегда найдено в одном закрытом комплексе около 1230 года.,bolt_guide,data/normalized_source_tables/material_entities/material_entities.csv#OMI00098,B,1180–1260,Великий Новгород и Новгородская земля; центр модели — около 1230 года,safe_with_explicit_context,medium,distinct,pass:included,unique_new_name,"Ближайший top-5 «Дверной деревянный засов» не подтверждает тождество: архив описывает отдельную форму/состояние. По D40 — новый кандидат D39. Семантическое решение: отдельный кандидат; family_key/name_ru не совпадают с другим включённым типом после проверки состояний, количества, тары и назначения."
data/normalized_source_tables/material_entities/material_entities.csv:OMI00102,Деревянный скребок бытовой,needs_check,needs_check,,items-household-personal,items-household-personal,,logical_necessity,Хорошо подтверждаемая реконструкция по нескольким источникам; конкретная форма или сочетание не всегда найдено в одном закрытом комплексе около 1230 года.,household_scraper_wood,data/normalized_source_tables/material_entities/material_entities.csv#OMI00102,B,1180–1260,Великий Новгород и Новгородская земля; центр модели — около 1230 года,safe_with_explicit_context,medium,needs_check,needs_check,needs_check,Ближайший top-5 «Деревянный светец» не подтверждает тождество: архив описывает отдельную форму/состояние. По D40 — новый кандидат D39. Семантическое решение: routed; бытовая вещь или след быта; BIC не владеет сущностью
data/normalized_source_tables/material_entities/material_entities.csv:OMI00103,Деревянная палочка для проталкивания,needs_check,needs_check,,items-household-personal,items-household-personal,,analogy,Функционально и технологически правдоподобная гипотеза; не использовать как автоматическое наполнение без явного контекста.,tamping_stick,data/normalized_source_tables/material_entities/material_entities.csv#OMI00103,C,1180–1260,Великий Новгород и Новгородская земля; центр модели — около 1230 года,explicit_context_only,high,needs_check,needs_check,needs_check,Ближайший top-5 «Деревянный светец» не подтверждает тождество: архив описывает отдельную форму/состояние. По D40 — новый кандидат D39. Семантическое решение: routed; бытовая вещь или след быта; BIC не владеет сущностью
data/normalized_source_tables/material_entities/material_entities.csv:OMI00118,Берестяная прокладка под крышку,reference_only,reference,materials_registry/materials.csv#mt_birch_bark,,crafts-tools-processes,materials_registry/materials.csv#mt_birch_bark,logical_necessity,Хорошо подтверждаемая реконструкция по нескольким источникам; конкретная форма или сочетание не всегда найдено в одном закрытом комплексе около 1230 года.,bark_gasket,data/normalized_source_tables/material_entities/material_entities.csv#OMI00118,B,1180–1260,Великий Новгород и Новгородская земля; центр модели — около 1230 года,safe_with_explicit_context,medium,routed,pass:routed,routed_to_owner,Семантическое решение: Берестяная прокладка — материал и форма уплотнителя тары; самостоятельная сущность прокладки не нужна.
data/normalized_source_tables/material_entities/material_entities.csv:OMI00120,Берестяная крышка малая,include_d39,new,,buildings-interiors-containers,,,sourced,"Прямые археологические, письменные или стратиграфически привязанные новгородские данные; запись допустима для обычной генерации в подходящем контексте.",bark_lid,data/normalized_source_tables/material_entities/material_entities.csv#OMI00120,A,1180–1260,Великий Новгород и Новгородская земля; центр модели — около 1230 года,safe_with_context,low,distinct,pass:included,unique_new_name,Семантическое решение: Опорная общая берестяная крышка; OMI01522 остаётся вариантом этой формы. Основание: category-level evidence (category_form_material_process_or_context).
data/normalized_source_tables/material_entities/material_entities.csv:OMI00121,Берестяное донце-заготовка,include_d39,new,,buildings-interiors-containers,,,sourced,"Прямые археологические, письменные или стратиграфически привязанные новгородские данные; запись допустима для обычной генерации в подходящем контексте.",bark_bottom_blank,data/normalized_source_tables/material_entities/material_entities.csv#OMI00121,A,1180–1260,Великий Новгород и Новгородская земля; центр модели — около 1230 года,safe_with_context,low,distinct,pass:included,unique_new_name,"Ближайший top-5 «Берестяной короб» не подтверждает тождество: архив описывает отдельную форму/состояние. По D40 — новый кандидат D39. Основание: прямые данные уровень категории; точное присутствие отдельного экземпляра не утверждается. Семантическое решение: отдельный кандидат; family_key/name_ru не совпадают с другим включённым типом после проверки состояний, количества, тары и назначения."
data/normalized_source_tables/material_entities/material_entities.csv:OMI00122,Стенка берестяного короба-заготовка,include_d39,new,,buildings-interiors-containers,,,sourced,"Прямые археологические, письменные или стратиграфически привязанные новгородские данные; запись допустима для обычной генерации в подходящем контексте.",bark_box_wall,data/normalized_source_tables/material_entities/material_entities.csv#OMI00122,A,1180–1260,Великий Новгород и Новгородская земля; центр модели — около 1230 года,safe_with_context,low,distinct,pass:included,unique_new_name,"Ближайший top-5 «Берестяной короб» не подтверждает тождество: архив описывает отдельную форму/состояние. По D40 — новый кандидат D39. Основание: прямые данные уровень категории; точное присутствие отдельного экземпляра не утверждается. Семантическое решение: отдельный кандидат; family_key/name_ru не совпадают с другим включённым типом после проверки состояний, количества, тары и назначения."
data/normalized_source_tables/material_entities/material_entities.csv:OMI00131,Изношенная берестяная стенка тары,reference_only,reference,materials_registry/materials.csv#mt_birch_bark,,crafts-tools-processes,materials_registry/materials.csv#mt_birch_bark,sourced,"Прямые археологические, письменные или стратиграфически привязанные новгородские данные; запись допустима для обычной генерации в подходящем контексте.",worn_bark_container_wall,data/normalized_source_tables/material_entities/material_entities.csv#OMI00131,A,1180–1260,Великий Новгород и Новгородская земля; центр модели — около 1230 года,safe_with_context,low,routed,pass:routed,routed_to_owner,"Семантическое решение: Изношенная стенка тары сохраняет материал исходного изделия; износ и фрагментация — состояние бересты, а не новая вещь. Основание: category-level evidence (category_form_material_process_or_context)."
data/normalized_source_tables/material_entities/material_entities.csv:OMI00133,Длинная лента лыка,include_d39,new,crafts-tools-processes/materials_registry/materials.csv#mt_bast_linden,crafts-tools-processes,crafts-tools-processes,crafts-tools-processes/materials_registry/materials.csv#mt_bast_linden,logical_necessity,Хорошо подтверждаемая реконструкция по нескольким источникам; конкретная форма или сочетание не всегда найдено в одном закрытом комплексе около 1230 года.,bast_strip,data/normalized_source_tables/material_entities/material_entities.csv#OMI00133,B,1180–1260,Великий Новгород и Новгородская земля; центр модели — около 1230 года,safe_with_explicit_context,medium,routed,pass:routed,routed_to_owner,"Семантическое решение: Владелец текстильного материала, волокна или снасти — crafts; форму, состояние, длину, упаковку и назначение хранить как вариант."
data/normalized_source_tables/material_entities/material_entities.csv:OMI00158,Комок варёной смолы,reference_only,reference,materials_registry/materials.csv#mt_pine_pitch,,crafts-tools-processes,materials_registry/materials.csv#mt_pine_pitch,logical_necessity,Хорошо подтверждаемая реконструкция по нескольким источникам; конкретная форма или сочетание не всегда найдено в одном закрытом комплексе около 1230 года.,boiled_resin,data/normalized_source_tables/material_entities/material_entities.csv#OMI00158,B,1180–1260,Великий Новгород и Новгородская земля; центр модели — около 1230 года,safe_with_explicit_context,medium,routed,pass:routed,routed_to_owner,Семантическое решение: Boiled resin is pitch; retain pitch material identity through processing.
data/normalized_source_tables/material_entities/material_entities.csv:OMI00161,Смола в ремонтном горшке,needs_check,needs_check,crafts-tools-processes/materials_registry/materials.csv#mt_pine_pitch,,crafts-tools-processes,crafts-tools-processes/materials_registry/materials.csv#mt_pine_pitch,sourced,"Прямые археологические, письменные или стратиграфически привязанные новгородские данные; запись допустима для обычной генерации в подходящем контексте.",pitch_pot_contents,data/normalized_source_tables/material_entities/material_entities.csv#OMI00161,A,1180–1260,Великий Новгород и Новгородская земля; центр модели — около 1230 года,safe_with_context,low,needs_check,needs_check,needs_check,Семантическое решение: Смолистое содержимое ремонтного горшка маршрутизируется crafts к terminal mt_pine_pitch; WTR0019 остаётся существующей формой горшка ct_tar_pot и не теряется как BIC container. Основание: category-level evidence (category_form_material_process_or_context).
data/normalized_source_tables/material_entities/material_entities.csv:OMI00174,"Сажа, снятая с печи или сосуда",needs_check,needs_check,crafts-tools-processes/materials_registry/materials.csv#mt_carbon_black,crafts-tools-processes,crafts-tools-processes,crafts-tools-processes/materials_registry/materials.csv#mt_carbon_black,logical_necessity,Хорошо подтверждаемая реконструкция по нескольким источникам; конкретная форма или сочетание не всегда найдено в одном закрытом комплексе около 1230 года.,soot_scrapings,data/normalized_source_tables/material_entities/material_entities.csv#OMI00174,B,1180–1260,Великий Новгород и Новгородская земля; центр модели — около 1230 года,safe_with_explicit_context,medium,needs_check,needs_check,needs_check,"Семантическое решение: Review round2-crafts.md §2: сажа, снятая с печи или сосуда, маршрутизируется в crafts к carbon black."
data/normalized_source_tables/material_entities/material_entities.csv:OMI00175,Сажистый налёт на черепке,needs_check,needs_check,crafts-tools-processes/materials_registry/materials.csv#mt_carbon_black,crafts-tools-processes,crafts-tools-processes,crafts-tools-processes/materials_registry/materials.csv#mt_carbon_black,sourced,"Прямые археологические, письменные или стратиграфически привязанные новгородские данные; запись допустима для обычной генерации в подходящем контексте.",soot_coating,data/normalized_source_tables/material_entities/material_entities.csv#OMI00175,A,1180–1260,Великий Новгород и Новгородская земля; центр модели — около 1230 года,safe_with_context,low,needs_check,needs_check,needs_check,Семантическое решение: Review round2-crafts.md §2: сажистый налёт на черепке маршрутизируется в crafts к carbon black. Основание: category-level evidence (category_form_material_process_or_context).
data/normalized_source_tables/material_entities/material_entities.csv:OMI00176,Крупная топорная щепа,needs_check,needs_check,crafts-tools-processes/materials_registry/material_entities.csv#n1230:material_item:omi00179,,crafts-tools-processes,crafts-tools-processes/materials_registry/material_entities.csv#n1230:material_item:omi00179,sourced,"Прямые археологические, письменные или стратиграфически привязанные новгородские данные; запись допустима для обычной генерации в подходящем контексте.",axe_chip_large,data/normalized_source_tables/material_entities/material_entities.csv#OMI00176,A,1180–1260,Великий Новгород и Новгородская земля; центр модели — около 1230 года,safe_with_context,low,needs_check,needs_check,needs_check,Семантическое решение: Крупная топорная щепа — отход столярной обработки; crafts уже представляет класс древесной стружки сущностью OMI00179. Основание: category-level evidence (category_form_material_process_or_context).
data/normalized_source_tables/material_entities/material_entities.csv:OMI00177,Мелкая топорная щепа,needs_check,needs_check,crafts-tools-processes/materials_registry/material_entities.csv#n1230:material_item:omi00179,,crafts-tools-processes,crafts-tools-processes/materials_registry/material_entities.csv#n1230:material_item:omi00179,sourced,"Прямые археологические, письменные или стратиграфически привязанные новгородские данные; запись допустима для обычной генерации в подходящем контексте.",axe_chip_small,data/normalized_source_tables/material_entities/material_entities.csv#OMI00177,A,1180–1260,Великий Новгород и Новгородская земля; центр модели — около 1230 года,safe_with_context,low,needs_check,needs_check,needs_check,"Семантическое решение: Мелкая топорная щепа — тот же отход обработки, что OMI00176; размер не меняет crafts-владельца OMI00179. Основание: category-level evidence (category_form_material_process_or_context)."
data/normalized_source_tables/material_entities/material_entities.csv:OMI00178,Длинная стружка от скобеля,needs_check,needs_check,materials_registry/material_entities.csv#n1230:material_item:omi00179,,crafts-tools-processes,materials_registry/material_entities.csv#n1230:material_item:omi00179,sourced,"Прямые археологические, письменные или стратиграфически привязанные новгородские данные; запись допустима для обычной генерации в подходящем контексте.",drawknife_shaving,data/normalized_source_tables/material_entities/material_entities.csv#OMI00178,A,1180–1260,Великий Новгород и Новгородская земля; центр модели — около 1230 года,safe_with_context,low,needs_check,needs_check,needs_check,Семантическое решение: Drawknife shaving is tool-form variation within wood shaving waste. Основание: category-level evidence (category_form_material_process_or_context).
data/normalized_source_tables/material_entities/material_entities.csv:OMI00180,Спиральная токарная стружка,needs_check,needs_check,materials_registry/material_entities.csv#n1230:material_item:omi00179,,crafts-tools-processes,materials_registry/material_entities.csv#n1230:material_item:omi00179,sourced,"Прямые археологические, письменные или стратиграфически привязанные новгородские данные; запись допустима для обычной генерации в подходящем контексте.",turning_shaving,data/normalized_source_tables/material_entities/material_entities.csv#OMI00180,A,1180–1260,Великий Новгород и Новгородская земля; центр модели — около 1230 года,safe_with_context,low,needs_check,needs_check,needs_check,Семантическое решение: Turning shaving differs by tool/form Основание: category-level evidence (category_form_material_process_or_context).
data/normalized_source_tables/material_entities/material_entities.csv:OMI00184,Обломанный сучок,add_variant,new,materials_registry/material_entities.csv#n1230:material_item:omi00184,crafts-tools-processes,crafts-tools-processes,materials_registry/material_entities.csv#n1230:material_item:omi00184,sourced,"Прямые археологические, письменные или стратиграфически привязанные новгородские данные; запись допустима для обычной генерации в подходящем контексте.",knot_offcut,data/normalized_source_tables/material_entities/material_entities.csv#OMI00184,A,1180–1260,Великий Новгород и Новгородская земля; центр модели — около 1230 года,safe_with_context,low,routed,pass:routed,routed_to_owner,Семантическое решение: Обломанный сучок уже представлен crafts entity OMI00184; BIC передаёт владение этому стабильному определению. Основание: category-level evidence (category_form_material_process_or_context).
data/normalized_source_tables/material_entities/material_entities.csv:OMI00185,Кусок коры после окорки,include_d39,new,natural_materials_soils/natural_materials.csv#nm_tree_bark,nature-materials-weather,nature-materials-weather,natural_materials_soils/natural_materials.csv#nm_tree_bark,sourced,"Прямые археологические, письменные или стратиграфически привязанные новгородские данные; запись допустима для обычной генерации в подходящем контексте.",bark_peeling,data/normalized_source_tables/material_entities/material_entities.csv#OMI00185,A,1180–1260,Великий Новгород и Новгородская земля; центр модели — около 1230 года,safe_with_context,low,routed,pass:routed,routed_to_owner,"Семантическое решение: Кора после окорки не определяет породу берёзы; общий естественный объект bark принадлежит nature, BIC не размечает его как берестяную кровлю. Основание: category-level evidence (category_form_material_process_or_context)."
data/normalized_source_tables/material_entities/material_entities.csv:OMI00193,Треснувшая клёпка бочки,needs_check,needs_check,buildings-interiors-containers/containers/container_forms.csv#ct_box_plank_crate,buildings-interiors-containers,buildings-interiors-containers,,sourced,"Прямые археологические, письменные или стратиграфически привязанные новгородские данные; запись допустима для обычной генерации в подходящем контексте.",split_stave,data/normalized_source_tables/material_entities/material_entities.csv#OMI00193,A,1180–1260,Великий Новгород и Новгородская земля; центр модели — около 1230 года,safe_with_context,low,needs_check,needs_check,needs_check,Треснувшая клёпка бочки: состояние/фрагмент/размер/количество/назначение существующего типа; не новая сущность. Семантическое решение: variant. Основание: category-level evidence (category_form_material_process_or_context).
data/normalized_source_tables/material_entities/material_entities.csv:OMI00194,Обломок донца деревянного сосуда,needs_check,needs_check,buildings-interiors-containers/containers/container_forms.csv#ct_box_plank_crate,buildings-interiors-containers,buildings-interiors-containers,,sourced,"Прямые археологические, письменные или стратиграфически привязанные новгородские данные; запись допустима для обычной генерации в подходящем контексте.",vessel_bottom_fragment,data/normalized_source_tables/material_entities/material_entities.csv#OMI00194,A,1180–1260,Великий Новгород и Новгородская земля; центр модели — около 1230 года,safe_with_context,low,needs_check,needs_check,needs_check,Обломок донца деревянного сосуда: состояние/фрагмент/размер/количество/назначение существующего типа; не новая сущность. Семантическое решение: variant. Основание: category-level evidence (category_form_material_process_or_context).
data/normalized_source_tables/material_entities/material_entities.csv:OMI00195,Обломок ручки деревянного сосуда,needs_check,needs_check,buildings-interiors-containers/containers/container_forms.csv#ct_box_plank_crate,buildings-interiors-containers,buildings-interiors-containers,,sourced,"Прямые археологические, письменные или стратиграфически привязанные новгородские данные; запись допустима для обычной генерации в подходящем контексте.",wooden_handle_fragment,data/normalized_source_tables/material_entities/material_entities.csv#OMI00195,A,1180–1260,Великий Новгород и Новгородская земля; центр модели — около 1230 года,safe_with_context,low,needs_check,needs_check,needs_check,Обломок ручки деревянного сосуда: состояние/фрагмент/размер/количество/назначение существующего типа; не новая сущность. Семантическое решение: variant. Основание: category-level evidence (category_form_material_process_or_context).
data/normalized_source_tables/material_entities/material_entities.csv:OMI00198,Обломок деревянной миски,reference_only,reference,items/household.csv#it_hh_turned_bowl,,items-household-personal,items/household.csv#it_hh_turned_bowl,sourced,"Прямые археологические, письменные или стратиграфически привязанные новгородские данные; запись допустима для обычной генерации в подходящем контексте.",wooden_bowl_fragment,data/normalized_source_tables/material_entities/material_entities.csv#OMI00198,A,1180–1260,Великий Новгород и Новгородская земля; центр модели — около 1230 года,safe_with_context,low,routed,pass:routed,routed_to_owner,Семантическое решение: Broken wooden bowl is a fragment/state of the existing wooden bowl; retain household bowl identity. Основание: category-level evidence (category_form_material_process_or_context).
data/normalized_source_tables/material_entities/material_entities.csv:OMI00200,Сгнивший обрезок доски,add_variant,variant,buildings-interiors-containers/buildings/materials_vocab.csv#mat_plank_hewn,buildings-interiors-containers,buildings-interiors-containers,,sourced,"Прямые археологические, письменные или стратиграфически привязанные новгородские данные; запись допустима для обычной генерации в подходящем контексте.",rotten_board_piece,data/normalized_source_tables/material_entities/material_entities.csv#OMI00200,A,1180–1260,Великий Новгород и Новгородская земля; центр модели — около 1230 года,safe_with_context,low,variant,pass:variant,variant_not_new_entity,Сгнивший обрезок доски: Стабильная BIC цель существует; отдельную вторую сущность не создавать. Семантическое решение: variant. Основание: category-level evidence (category_form_material_process_or_context).
data/normalized_source_tables/material_entities/material_entities.csv:OMI00204,Обломок доски с железным гвоздём,add_variant,variant,buildings-interiors-containers/buildings/materials_vocab.csv#mat_plank_hewn,buildings-interiors-containers,,,sourced,"Прямые археологические, письменные или стратиграфически привязанные новгородские данные; запись допустима для обычной генерации в подходящем контексте.",nailed_board_fragment,data/normalized_source_tables/material_entities/material_entities.csv#OMI00204,A,1180–1260,Великий Новгород и Новгородская земля; центр модели — около 1230 года,safe_with_context,low,variant,pass:variant,variant_not_new_entity,Семантическое решение: Обломок доски с гвоздём — повреждённая доска; железо не определяет тип. Основание: category-level evidence (category_form_material_process_or_context).
data/normalized_source_tables/material_entities/material_entities.csv:OMI00205,Доска со снятым железным крепежом,add_variant,variant,buildings-interiors-containers/buildings/materials_vocab.csv#mat_plank_hewn,buildings-interiors-containers,,,logical_necessity,Хорошо подтверждаемая реконструкция по нескольким источникам; конкретная форма или сочетание не всегда найдено в одном закрытом комплексе около 1230 года.,denailed_board,data/normalized_source_tables/material_entities/material_entities.csv#OMI00205,B,1180–1260,Великий Новгород и Новгородская земля; центр модели — около 1230 года,safe_with_explicit_context,medium,variant,pass:variant,variant_not_new_entity,Семантическое решение: Доска со снятым крепежом — salvage state доски.
data/normalized_source_tables/material_entities/material_entities.csv:OMI00210,Обломок весла,add_variant,new,trv_018,transport-health-recreation,transport-health-recreation,trv_018,sourced,"Прямые археологические, письменные или стратиграфически привязанные новгородские данные; запись допустима для обычной генерации в подходящем контексте.",oar_fragment,data/normalized_source_tables/material_entities/material_entities.csv#OMI00210,A,1180–1260,Великий Новгород и Новгородская земля; центр модели — около 1230 года,safe_with_context,low,routed,pass:routed,routed_to_owner,Семантическое решение: Обломок весла — часть судна; BIC ownership не подходит. Основание: category-level evidence (category_form_material_process_or_context).
data/normalized_source_tables/material_entities/material_entities.csv:OMI00211,Обломок судовой обшивки с отверстиями,add_variant,new,trv_016,transport-health-recreation,transport-health-recreation,trv_016,sourced,"Прямые археологические, письменные или стратиграфически привязанные новгородские данные; запись допустима для обычной генерации в подходящем контексте.",hull_plank_fragment,data/normalized_source_tables/material_entities/material_entities.csv#OMI00211,A,1180–1260,Великий Новгород и Новгородская земля; центр модели — около 1230 года,safe_with_context,low,routed,pass:routed,routed_to_owner,Семантическое решение: Обломок судовой обшивки — часть судна. Основание: category-level evidence (category_form_material_process_or_context).
data/normalized_source_tables/material_entities/material_entities.csv:OMI00212,Снятая клёпка тары,add_variant,variant,buildings-interiors-containers/containers/container_forms.csv#ct_barrel_oak,buildings-interiors-containers,,,logical_necessity,Хорошо подтверждаемая реконструкция по нескольким источникам; конкретная форма или сочетание не всегда найдено в одном закрытом комплексе около 1230 года.,salvaged_stave,data/normalized_source_tables/material_entities/material_entities.csv#OMI00212,B,1180–1260,Великий Новгород и Новгородская земля; центр модели — около 1230 года,safe_with_explicit_context,medium,variant,pass:variant,variant_not_new_entity,"Семантическое решение: Снятая деревянная клёпка — состояние детали дубовой бочки `ct_barrel_oak`; клёпка остаётся частью идентичности тары, не железным материалом."
data/normalized_source_tables/material_entities/material_entities.csv:OMI00213,Снятое донце малой тары,add_variant,variant,buildings-interiors-containers/containers/container_forms.csv#ct_box_wooden_small,buildings-interiors-containers,,,logical_necessity,Хорошо подтверждаемая реконструкция по нескольким источникам; конкретная форма или сочетание не всегда найдено в одном закрытом комплексе около 1230 года.,salvaged_vessel_bottom,data/normalized_source_tables/material_entities/material_entities.csv#OMI00213,B,1180–1260,Великий Новгород и Новгородская земля; центр модели — около 1230 года,safe_with_explicit_context,medium,variant,pass:variant,variant_not_new_entity,"Семантическое решение: Снятое деревянное донце — состояние/деталь малой деревянной тары `ct_box_wooden_small`, не железный материал."
data/normalized_source_tables/material_entities/material_entities.csv:OMI00323,Тканевая обёртка товара,reference_only,reference,materials_registry/materials.csv#mt_textile_generic,,crafts-tools-processes,materials_registry/materials.csv#mt_textile_generic,logical_necessity,Хорошо подтверждаемая реконструкция по нескольким источникам; конкретная форма или сочетание не всегда найдено в одном закрытом комплексе около 1230 года.,goods_wrapping_cloth,data/normalized_source_tables/material_entities/material_entities.csv#OMI00323,B,1180–1260,Великий Новгород и Новгородская земля; центр модели — около 1230 года,safe_with_explicit_context,medium,routed,pass:routed,routed_to_owner,"Семантическое решение: Владелец текстильного материала, волокна или снасти — crafts; форму, состояние, длину, упаковку и назначение хранить как вариант."
data/normalized_source_tables/material_entities/material_entities.csv:OMI00346,Толстая пеньковая верёвка,reference_only,reference,materials_registry/materials.csv#mt_cordage,,crafts-tools-processes,materials_registry/materials.csv#mt_cordage,logical_necessity,Хорошо подтверждаемая реконструкция по нескольким источникам; конкретная форма или сочетание не всегда найдено в одном закрытом комплексе около 1230 года.,hemp_rope_thick,data/normalized_source_tables/material_entities/material_entities.csv#OMI00346,B,1180–1260,Великий Новгород и Новгородская земля; центр модели — около 1230 года,safe_with_explicit_context,medium,routed,pass:routed,routed_to_owner,"Семантическое решение: Владелец текстильного материала, волокна или снасти — crafts; форму, состояние, длину, упаковку и назначение хранить как вариант."
data/normalized_source_tables/material_entities/material_entities.csv:OMI00347,Льняная верёвка лёгкая,reference_only,reference,materials_registry/materials.csv#mt_cordage,,crafts-tools-processes,materials_registry/materials.csv#mt_cordage,logical_necessity,Хорошо подтверждаемая реконструкция по нескольким источникам; конкретная форма или сочетание не всегда найдено в одном закрытом комплексе около 1230 года.,linen_rope_light,data/normalized_source_tables/material_entities/material_entities.csv#OMI00347,B,1180–1260,Великий Новгород и Новгородская земля; центр модели — около 1230 года,safe_with_explicit_context,medium,routed,pass:routed,routed_to_owner,"Семантическое решение: Владелец текстильного материала, волокна или снасти — crafts; форму, состояние, длину, упаковку и назначение хранить как вариант."
data/normalized_source_tables/material_entities/material_entities.csv:OMI00605,Заготовка малого гвоздя без сформированной головки,add_variant,variant,buildings-interiors-containers/buildings/materials_vocab.csv#mat_iron_nail,buildings-interiors-containers,buildings-interiors-containers,,sourced,"Прямые археологические, письменные или стратиграфически привязанные новгородские данные; запись допустима для обычной генерации в подходящем контексте.",small_nail_blank,data/normalized_source_tables/material_entities/material_entities.csv#OMI00605,A,1180–1260,Великий Новгород и Новгородская земля; центр модели — около 1230 года,safe_with_context,low,variant,pass:variant,variant_not_new_entity,"Заготовка малого гвоздя без сформированной головки: Стадия/состояние кованого гвоздя, не новый тип. Семантическое решение: variant. Основание: category-level evidence (category_form_material_process_or_context)."
data/normalized_source_tables/material_entities/material_entities.csv:OMI00606,Заготовка крупного гвоздя без головки,include_d39,variant,buildings-interiors-containers/buildings/materials_vocab.csv#mat_iron_nail,,buildings-interiors-containers,,sourced,"Прямые археологические, письменные или стратиграфически привязанные новгородские данные; запись допустима для обычной генерации в подходящем контексте.",large_nail_blank,data/normalized_source_tables/material_entities/material_entities.csv#OMI00606,A,1180–1260,Великий Новгород и Новгородская земля; центр модели — около 1230 года,safe_with_context,low,variant,pass:variant,variant_not_new_entity,"Top-5 не подтверждает тождество этой самостоятельной материальной формы; включить по D40. Основание: прямые данные уровень категории; точное присутствие отдельного экземпляра не утверждается. Семантическое решение: состояние, фрагмент или контекст уже представленного BIC типа; только variant, не новый тип."
data/normalized_source_tables/material_entities/material_entities.csv:OMI00607,Гвоздь с недокованной головкой,needs_check,needs_check,buildings-interiors-containers/buildings/materials_vocab.csv#mat_iron_nail,,buildings-interiors-containers,,sourced,"Прямые археологические, письменные или стратиграфически привязанные новгородские данные; запись допустима для обычной генерации в подходящем контексте.",nail_semifinished,data/normalized_source_tables/material_entities/material_entities.csv#OMI00607,A,1180–1260,Великий Новгород и Новгородская земля; центр модели — около 1230 года,safe_with_context,low,needs_check,needs_check,needs_check,"Top-5 не подтверждает тождество этой самостоятельной материальной формы; включить по D40. Основание: прямые данные уровень категории; точное присутствие отдельного экземпляра не утверждается. Семантическое решение: variant; стадия изготовления крепежа; форма/состояние базового типа, не отдельная сущность"
data/normalized_source_tables/material_entities/material_entities.csv:OMI00608,Гвоздь с косо откованной головкой,needs_check,needs_check,materials_registry/material_entities.csv#n1230:material_item:omi00608,crafts-tools-processes,crafts-tools-processes,materials_registry/material_entities.csv#n1230:material_item:omi00608,sourced,"Прямые археологические, письменные или стратиграфически привязанные новгородские данные; запись допустима для обычной генерации в подходящем контексте.",nail_misforged,data/normalized_source_tables/material_entities/material_entities.csv#OMI00608,A,1180–1260,Великий Новгород и Новгородская земля; центр модели — около 1230 года,safe_with_context,low,needs_check,needs_check,needs_check,Семантическое решение: Косо откованный гвоздь уже представлен crafts entity OMI00608; BIC передаёт владение этому стабильному определению. Основание: category-level evidence (category_form_material_process_or_context).
data/normalized_source_tables/material_entities/material_entities.csv:OMI00609,Согнутый малый гвоздь,add_variant,variant,buildings-interiors-containers/buildings/materials_vocab.csv#mat_iron_nail,buildings-interiors-containers,,,sourced,"Прямые археологические, письменные или стратиграфически привязанные новгородские данные; запись допустима для обычной генерации в подходящем контексте.",bent_small_nail,data/normalized_source_tables/material_entities/material_entities.csv#OMI00609,A,1180–1260,Великий Новгород и Новгородская земля; центр модели — около 1230 года,safe_with_context,low,variant,pass:variant,variant_not_new_entity,Семантическое решение: Bent small nail is a state and size variant of forged iron nail. Основание: category-level evidence (category_form_material_process_or_context).
data/normalized_source_tables/material_entities/material_entities.csv:OMI00610,Согнутый строительный гвоздь,add_variant,variant,buildings-interiors-containers/buildings/materials_vocab.csv#mat_iron_nail,buildings-interiors-containers,,,sourced,"Прямые археологические, письменные или стратиграфически привязанные новгородские данные; запись допустима для обычной генерации в подходящем контексте.",bent_large_nail,data/normalized_source_tables/material_entities/material_entities.csv#OMI00610,A,1180–1260,Великий Новгород и Новгородская земля; центр модели — около 1230 года,safe_with_context,low,variant,pass:variant,variant_not_new_entity,Семантическое решение: Bent building nail is a state and size variant of forged iron nail. Основание: category-level evidence (category_form_material_process_or_context).
data/normalized_source_tables/material_entities/material_entities.csv:OMI00611,Вытащенный гвоздь с расплющенной головкой,add_variant,variant,buildings-interiors-containers/buildings/materials_vocab.csv#mat_iron_nail,buildings-interiors-containers,,,sourced,"Прямые археологические, письменные или стратиграфически привязанные новгородские данные; запись допустима для обычной генерации в подходящем контексте.",extracted_nail,data/normalized_source_tables/material_entities/material_entities.csv#OMI00611,A,1180–1260,Великий Новгород и Новгородская земля; центр модели — около 1230 года,safe_with_context,low,variant,pass:variant,variant_not_new_entity,Семантическое решение: Pulled nail with flattened head is a repair/removal state of the nail type. Основание: category-level evidence (category_form_material_process_or_context).
data/normalized_source_tables/material_entities/material_entities.csv:OMI00612,Обломанный стержень гвоздя,add_variant,variant,buildings-interiors-containers/buildings/materials_vocab.csv#mat_iron_nail,buildings-interiors-containers,,,sourced,"Прямые археологические, письменные или стратиграфически привязанные новгородские данные; запись допустима для обычной генерации в подходящем контексте.",nail_shank_fragment,data/normalized_source_tables/material_entities/material_entities.csv#OMI00612,A,1180–1260,Великий Новгород и Новгородская земля; центр модели — около 1230 года,safe_with_context,low,variant,pass:variant,variant_not_new_entity,Семантическое решение: Broken nail shank is fragment state of iron nail. Основание: category-level evidence (category_form_material_process_or_context).
data/normalized_source_tables/material_entities/material_entities.csv:OMI00613,Отдельная головка сломанного гвоздя,add_variant,variant,buildings-interiors-containers/buildings/materials_vocab.csv#mat_iron_nail,buildings-interiors-containers,,,sourced,"Прямые археологические, письменные или стратиграфически привязанные новгородские данные; запись допустима для обычной генерации в подходящем контексте.",nail_head_fragment,data/normalized_source_tables/material_entities/material_entities.csv#OMI00613,A,1180–1260,Великий Новгород и Новгородская земля; центр модели — около 1230 года,safe_with_context,low,variant,pass:variant,variant_not_new_entity,Семантическое решение: Detached nail head is fragment state of iron nail. Основание: category-level evidence (category_form_material_process_or_context).
data/normalized_source_tables/material_entities/material_entities.csv:OMI00614,Загнутый конец гвоздя после расклёпывания,add_variant,variant,buildings-interiors-containers/buildings/materials_vocab.csv#mat_iron_nail,buildings-interiors-containers,,,sourced,"Прямые археологические, письменные или стратиграфически привязанные новгородские данные; запись допустима для обычной генерации в подходящем контексте.",clenched_nail_end,data/normalized_source_tables/material_entities/material_entities.csv#OMI00614,A,1180–1260,Великий Новгород и Новгородская земля; центр модели — около 1230 года,safe_with_context,low,variant,pass:variant,variant_not_new_entity,Семантическое решение: Clenched nail end is installed/removal state of iron nail. Основание: category-level evidence (category_form_material_process_or_context).
data/normalized_source_tables/material_entities/material_entities.csv:OMI00615,Связка новых малых гвоздей,add_variant,variant,buildings-interiors-containers/buildings/materials_vocab.csv#mat_iron_nail,buildings-interiors-containers,,,sourced,"Прямые археологические, письменные или стратиграфически привязанные новгородские данные; запись допустима для обычной генерации в подходящем контексте.",small_nail_bundle,data/normalized_source_tables/material_entities/material_entities.csv#OMI00615,A,1180–1260,Великий Новгород и Новгородская земля; центр модели — около 1230 года,safe_with_context,low,variant,pass:variant,variant_not_new_entity,Семантическое решение: Bundle count and small size are properties of iron nails. Основание: category-level evidence (category_form_material_process_or_context).
data/normalized_source_tables/material_entities/material_entities.csv:OMI00616,Горсть разнокалиберных старых гвоздей,add_variant,variant,buildings-interiors-containers/buildings/materials_vocab.csv#mat_iron_nail,buildings-interiors-containers,,,sourced,"Прямые археологические, письменные или стратиграфически привязанные новгородские данные; запись допустима для обычной генерации в подходящем контексте.",salvaged_nails,data/normalized_source_tables/material_entities/material_entities.csv#OMI00616,A,1180–1260,Великий Новгород и Новгородская земля; центр модели — около 1230 года,safe_with_context,low,variant,pass:variant,variant_not_new_entity,Семантическое решение: Mixed-size salvaged nails remain nail stock; salvage state and quantity are properties. Основание: category-level evidence (category_form_material_process_or_context).
data/normalized_source_tables/material_entities/material_entities.csv:OMI00617,Короткая железная заклёпка без шайбы,needs_check,needs_check,buildings-interiors-containers/buildings/materials_vocab.csv#mat_iron_metal,buildings-interiors-containers,,,sourced,"Прямые археологические, письменные или стратиграфически привязанные новгородские данные; запись допустима для обычной генерации в подходящем контексте.",short_rivet,data/normalized_source_tables/material_entities/material_entities.csv#OMI00617,A,1180–1260,Великий Новгород и Новгородская земля; центр модели — около 1230 года,safe_with_context,low,needs_check,needs_check,needs_check,"Семантическое решение: Short rivet is iron fitting; no dedicated rivet vocabulary target exists, so use stable iron-fitting type. Основание: category-level evidence (category_form_material_process_or_context)."
data/normalized_source_tables/material_entities/material_entities.csv:OMI00618,Длинная железная заклёпка без шайбы,needs_check,needs_check,buildings-interiors-containers/buildings/materials_vocab.csv#mat_iron_metal,buildings-interiors-containers,,,sourced,"Прямые археологические, письменные или стратиграфически привязанные новгородские данные; запись допустима для обычной генерации в подходящем контексте.",long_rivet,data/normalized_source_tables/material_entities/material_entities.csv#OMI00618,A,1180–1260,Великий Новгород и Новгородская земля; центр модели — около 1230 года,safe_with_context,low,needs_check,needs_check,needs_check,Семантическое решение: Long rivet differs by size from the same iron fitting class. Основание: category-level evidence (category_form_material_process_or_context).
data/normalized_source_tables/material_entities/material_entities.csv:OMI00619,Заготовка заклёпки без головки,needs_check,needs_check,buildings-interiors-containers/buildings/materials_vocab.csv#mat_iron_metal,buildings-interiors-containers,,,sourced,"Прямые археологические, письменные или стратиграфически привязанные новгородские данные; запись допустима для обычной генерации в подходящем контексте.",rivet_blank,data/normalized_source_tables/material_entities/material_entities.csv#OMI00619,A,1180–1260,Великий Новгород и Новгородская земля; центр модели — около 1230 года,safe_with_context,low,needs_check,needs_check,needs_check,Семантическое решение: Rivet blank is manufacturing stage of iron rivet fitting. Основание: category-level evidence (category_form_material_process_or_context).
data/normalized_source_tables/material_entities/material_entities.csv:OMI00620,Заклёпка с одной сформированной головкой,needs_check,needs_check,buildings-interiors-containers/buildings/materials_vocab.csv#mat_iron_metal,buildings-interiors-containers,,,sourced,"Прямые археологические, письменные или стратиграфически привязанные новгородские данные; запись допустима для обычной генерации в подходящем контексте.",headed_rivet,data/normalized_source_tables/material_entities/material_entities.csv#OMI00620,A,1180–1260,Великий Новгород и Новгородская земля; центр модели — около 1230 года,safe_with_context,low,needs_check,needs_check,needs_check,Семантическое решение: One-headed rivet is forming stage of iron rivet fitting. Основание: category-level evidence (category_form_material_process_or_context).
data/normalized_source_tables/material_entities/material_entities.csv:OMI00621,Заклёпка с расклёпанным хвостом,needs_check,needs_check,buildings-interiors-containers/buildings/materials_vocab.csv#mat_iron_metal,buildings-interiors-containers,,,sourced,"Прямые археологические, письменные или стратиграфически привязанные новгородские данные; запись допустима для обычной генерации в подходящем контексте.",peened_rivet,data/normalized_source_tables/material_entities/material_entities.csv#OMI00621,A,1180–1260,Великий Новгород и Новгородская земля; центр модели — около 1230 года,safe_with_context,low,needs_check,needs_check,needs_check,Семантическое решение: Peened rivet tail is installed/removal state of rivet fitting. Основание: category-level evidence (category_form_material_process_or_context).
data/normalized_source_tables/material_entities/material_entities.csv:OMI00622,Круглая железная шайба под заклёпку,include_d39,new,,buildings-interiors-containers,,,sourced,"Прямые археологические, письменные или стратиграфически привязанные новгородские данные; запись допустима для обычной генерации в подходящем контексте.",rivet_washer_round,data/normalized_source_tables/material_entities/material_entities.csv#OMI00622,A,1180–1260,Великий Новгород и Новгородская земля; центр модели — около 1230 года,safe_with_context,low,distinct,pass:included,unique_new_name,Семантическое решение: Round iron washer is a distinct fastening component with its own load-distribution function. Основание: category-level evidence (category_form_material_process_or_context).
data/normalized_source_tables/material_entities/material_entities.csv:OMI00623,Четырёхугольная шайба под заклёпку,needs_check,needs_check,buildings-interiors-containers/interiors/material_entities.csv#n1230:material_item:omi00622,buildings-interiors-containers,,,sourced,"Прямые археологические, письменные или стратиграфически привязанные новгородские данные; запись допустима для обычной генерации в подходящем контексте.",rivet_washer_square,data/normalized_source_tables/material_entities/material_entities.csv#OMI00623,A,1180–1260,Великий Новгород и Новгородская земля; центр модели — около 1230 года,safe_with_context,low,needs_check,needs_check,needs_check,Семантическое решение: Шайба — вариант крепёжной детали; стойкая цель OMI00622 указана review. Основание: category-level evidence (category_form_material_process_or_context).
data/normalized_source_tables/material_entities/material_entities.csv:OMI00624,Разорванная шайба заклёпки,needs_check,needs_check,buildings-interiors-containers/interiors/material_entities.csv#n1230:material_item:omi00622,buildings-interiors-containers,,,sourced,"Прямые археологические, письменные или стратиграфически привязанные новгородские данные; запись допустима для обычной генерации в подходящем контексте.",broken_rivet_washer,data/normalized_source_tables/material_entities/material_entities.csv#OMI00624,A,1180–1260,Великий Новгород и Новгородская земля; центр модели — около 1230 года,safe_with_context,low,needs_check,needs_check,needs_check,Семантическое решение: Разорванная шайба — повреждённое состояние шайбы. Основание: category-level evidence (category_form_material_process_or_context).
data/normalized_source_tables/material_entities/material_entities.csv:OMI00625,Малая П-образная скоба,add_variant,variant,buildings-interiors-containers/buildings/materials_vocab.csv#mat_iron_clamp,buildings-interiors-containers,buildings-interiors-containers,,sourced,"Прямые археологические, письменные или стратиграфически привязанные новгородские данные; запись допустима для обычной генерации в подходящем контексте.",small_u_staple,data/normalized_source_tables/material_entities/material_entities.csv#OMI00625,A,1180–1260,Великий Новгород и Новгородская земля; центр модели — около 1230 года,safe_with_context,low,variant,pass:variant,variant_not_new_entity,"Малая П-образная скоба: Размер/состояние железной скобы, не новый тип. Семантическое решение: variant. Основание: category-level evidence (category_form_material_process_or_context)."
data/normalized_source_tables/material_entities/material_entities.csv:OMI00626,Длинная П-образная скоба,add_variant,variant,buildings-interiors-containers/buildings/materials_vocab.csv#mat_iron_clamp,buildings-interiors-containers,buildings-interiors-containers,,sourced,"Прямые археологические, письменные или стратиграфически привязанные новгородские данные; запись допустима для обычной генерации в подходящем контексте.",long_u_staple,data/normalized_source_tables/material_entities/material_entities.csv#OMI00626,A,1180–1260,Великий Новгород и Новгородская земля; центр модели — около 1230 года,safe_with_context,low,variant,pass:variant,variant_not_new_entity,"Длинная П-образная скоба: Размер/состояние железной скобы, не новый тип. Семантическое решение: variant. Основание: category-level evidence (category_form_material_process_or_context)."
data/normalized_source_tables/material_entities/material_entities.csv:OMI00627,Скоба с расплющенными лапками,add_variant,variant,buildings-interiors-containers/buildings/materials_vocab.csv#mat_iron_clamp,buildings-interiors-containers,buildings-interiors-containers,,sourced,"Прямые археологические, письменные или стратиграфически привязанные новгородские данные; запись допустима для обычной генерации в подходящем контексте.",clenched_staple,data/normalized_source_tables/material_entities/material_entities.csv#OMI00627,A,1180–1260,Великий Новгород и Новгородская земля; центр модели — около 1230 года,safe_with_context,low,variant,pass:variant,variant_not_new_entity,"Скоба с расплющенными лапками: Размер/состояние железной скобы, не новый тип. Семантическое решение: variant. Основание: category-level evidence (category_form_material_process_or_context)."
data/normalized_source_tables/material_entities/material_entities.csv:OMI00628,Согнутая снятая скоба,add_variant,variant,buildings-interiors-containers/buildings/materials_vocab.csv#mat_iron_clamp,buildings-interiors-containers,,,sourced,"Прямые археологические, письменные или стратиграфически привязанные новгородские данные; запись допустима для обычной генерации в подходящем контексте.",bent_staple,data/normalized_source_tables/material_entities/material_entities.csv#OMI00628,A,1180–1260,Великий Новгород и Новгородская земля; центр модели — около 1230 года,safe_with_context,low,variant,pass:variant,variant_not_new_entity,Семантическое решение: Bent removed staple is state/size variant of iron clamp. Основание: category-level evidence (category_form_material_process_or_context).
data/normalized_source_tables/material_entities/material_entities.csv:OMI00629,Малая соединительная скобка,add_variant,variant,buildings-interiors-containers/buildings/materials_vocab.csv#mat_iron_clamp,buildings-interiors-containers,buildings-interiors-containers,,sourced,"Прямые археологические, письменные или стратиграфически привязанные новгородские данные; запись допустима для обычной генерации в подходящем контексте.",small_joining_clamp,data/normalized_source_tables/material_entities/material_entities.csv#OMI00629,A,1180–1260,Великий Новгород и Новгородская земля; центр модели — около 1230 года,safe_with_context,low,variant,pass:variant,variant_not_new_entity,"Малая соединительная скобка: Размер/состояние железной скобы, не новый тип. Семантическое решение: variant. Основание: category-level evidence (category_form_material_process_or_context)."
data/normalized_source_tables/material_entities/material_entities.csv:OMI00631,Узкая железная накладка с отверстиями,include_d39,new,,buildings-interiors-containers,,,sourced,"Прямые археологические, письменные или стратиграфически привязанные новгородские данные; запись допустима для обычной генерации в подходящем контексте.",narrow_strap_plate,data/normalized_source_tables/material_entities/material_entities.csv#OMI00631,A,1180–1260,Великий Новгород и Новгородская земля; центр модели — около 1230 года,safe_with_context,low,distinct,pass:included,unique_new_name,Семантическое решение: Узкая накладка — самостоятельная форма железной детали с отверстиями. Основание: category-level evidence (category_form_material_process_or_context).
data/normalized_source_tables/material_entities/material_entities.csv:OMI00632,Широкая железная накладка с отверстиями,include_d39,new,,buildings-interiors-containers,,,sourced,"Прямые археологические, письменные или стратиграфически привязанные новгородские данные; запись допустима для обычной генерации в подходящем контексте.",wide_strap_plate,data/normalized_source_tables/material_entities/material_entities.csv#OMI00632,A,1180–1260,Великий Новгород и Новгородская земля; центр модели — около 1230 года,safe_with_context,low,distinct,pass:included,unique_new_name,"Семантическое решение: широкая накладка имеет отличный от узкой накладки профиль и функцию; сохраняется как каноническая форма, к которой привязывается накладка на край доски. Основание: category-level evidence (category_form_material_process_or_context)."
data/normalized_source_tables/material_entities/material_entities.csv:OMI00633,Угловая железная накладка,needs_check,needs_check,buildings-interiors-containers/interiors/material_entities.csv#n1230:material_item:omi00631,buildings-interiors-containers,,,sourced,"Прямые археологические, письменные или стратиграфически привязанные новгородские данные; запись допустима для обычной генерации в подходящем контексте.",corner_strap,data/normalized_source_tables/material_entities/material_entities.csv#OMI00633,A,1180–1260,Великий Новгород и Новгородская земля; центр модели — около 1230 года,safe_with_context,low,needs_check,needs_check,needs_check,Семантическое решение: Угловая накладка — форменная разновидность накладки. Основание: category-level evidence (category_form_material_process_or_context).
data/normalized_source_tables/material_entities/material_entities.csv:OMI00634,Накладка на край доски,needs_check,needs_check,buildings-interiors-containers/interiors/material_entities.csv#n1230:material_item:omi00632,buildings-interiors-containers,,,logical_necessity,Хорошо подтверждаемая реконструкция по нескольким источникам; конкретная форма или сочетание не всегда найдено в одном закрытом комплексе около 1230 года.,edge_strap,data/normalized_source_tables/material_entities/material_entities.csv#OMI00634,B,1180–1260,Великий Новгород и Новгородская земля; центр модели — около 1230 года,safe_with_explicit_context,medium,needs_check,needs_check,needs_check,Семантическое решение: round2 review names OMI00634 with OMI00632; this board-edge fitting is a variant of the canonical broad iron plate.
data/normalized_source_tables/material_entities/material_entities.csv:OMI00635,Железный уголок простой,include_d39,new,,buildings-interiors-containers,,,logical_necessity,Хорошо подтверждаемая реконструкция по нескольким источникам; конкретная форма или сочетание не всегда найдено в одном закрытом комплексе около 1230 года.,simple_iron_angle,data/normalized_source_tables/material_entities/material_entities.csv#OMI00635,B,1180–1260,Великий Новгород и Новгородская земля; центр модели — около 1230 года,safe_with_explicit_context,medium,distinct,pass:included,unique_new_name,"Top-5 не подтверждает тождество этой самостоятельной материальной формы; включить по D40. Семантическое решение: отдельный кандидат; family_key/name_ru не совпадают с другим включённым типом после проверки состояний, количества, тары и назначения."
data/normalized_source_tables/material_entities/material_entities.csv:OMI00636,Полоса для стяжки треснувшего бруса,include_d39,new,,buildings-interiors-containers,,,logical_necessity,Хорошо подтверждаемая реконструкция по нескольким источникам; конкретная форма или сочетание не всегда найдено в одном закрытом комплексе около 1230 года.,timber_tie_strap,data/normalized_source_tables/material_entities/material_entities.csv#OMI00636,B,1180–1260,Великий Новгород и Новгородская земля; центр модели — около 1230 года,safe_with_explicit_context,medium,distinct,pass:included,unique_new_name,"Top-5 не подтверждает тождество этой самостоятельной материальной формы; включить по D40. Семантическое решение: отдельный кандидат; family_key/name_ru не совпадают с другим включённым типом после проверки состояний, количества, тары и назначения."
data/normalized_source_tables/material_entities/material_entities.csv:OMI00637,Малая железная стяжка с проушинами,include_d39,new,,buildings-interiors-containers,,,logical_necessity,Хорошо подтверждаемая реконструкция по нескольким источникам; конкретная форма или сочетание не всегда найдено в одном закрытом комплексе около 1230 года.,small_iron_tie,data/normalized_source_tables/material_entities/material_entities.csv#OMI00637,B,1180–1260,Великий Новгород и Новгородская земля; центр модели — около 1230 года,safe_with_explicit_context,medium,distinct,pass:included,unique_new_name,"Top-5 не подтверждает тождество этой самостоятельной материальной формы; включить по D40. Семантическое решение: отдельный кандидат; family_key/name_ru не совпадают с другим включённым типом после проверки состояний, количества, тары и назначения."
data/normalized_source_tables/material_entities/material_entities.csv:OMI00638,Скоба для подвешивания ведра или котла,include_d39,variant,buildings-interiors-containers/buildings/materials_vocab.csv#mat_iron_clamp,,buildings-interiors-containers,,logical_necessity,Хорошо подтверждаемая реконструкция по нескольким источникам; конкретная форма или сочетание не всегда найдено в одном закрытом комплексе около 1230 года.,vessel_hanging_staple,data/normalized_source_tables/material_entities/material_entities.csv#OMI00638,B,1180–1260,Великий Новгород и Новгородская земля; центр модели — около 1230 года,safe_with_explicit_context,medium,variant,pass:variant,variant_not_new_entity,"Top-5 не подтверждает тождество этой самостоятельной материальной формы; включить по D40. Семантическое решение: состояние, фрагмент или контекст уже представленного BIC типа; только variant, не новый тип."
data/normalized_source_tables/material_entities/material_entities.csv:OMI00639,Железная проушина с лапой,include_d39,new,,buildings-interiors-containers,,,sourced,"Прямые археологические, письменные или стратиграфически привязанные новгородские данные; запись допустима для обычной генерации в подходящем контексте.",strap_eye,data/normalized_source_tables/material_entities/material_entities.csv#OMI00639,A,1180–1260,Великий Новгород и Новгородская земля; центр модели — около 1230 года,safe_with_context,low,distinct,pass:included,unique_new_name,"Top-5 не подтверждает тождество этой самостоятельной материальной формы; включить по D40. Основание: прямые данные уровень категории; точное присутствие отдельного экземпляра не утверждается. Семантическое решение: отдельный кандидат; family_key/name_ru не совпадают с другим включённым типом после проверки состояний, количества, тары и назначения."
data/normalized_source_tables/material_entities/material_entities.csv:OMI00640,Железная петля-проушина на штыре,include_d39,new,,buildings-interiors-containers,,,sourced,"Прямые археологические, письменные или стратиграфически привязанные новгородские данные; запись допустима для обычной генерации в подходящем контексте.",eye_pin,data/normalized_source_tables/material_entities/material_entities.csv#OMI00640,A,1180–1260,Великий Новгород и Новгородская земля; центр модели — около 1230 года,safe_with_context,low,distinct,pass:included,unique_new_name,"Top-5 не подтверждает тождество этой самостоятельной материальной формы; включить по D40. Основание: прямые данные уровень категории; точное присутствие отдельного экземпляра не утверждается. Семантическое решение: отдельный кандидат; family_key/name_ru не совпадают с другим включённым типом после проверки состояний, количества, тары и назначения."
data/normalized_source_tables/material_entities/material_entities.csv:OMI00641,Малая серьга-кольцо для деревянной детали,include_d39,new,,buildings-interiors-containers,,,logical_necessity,Хорошо подтверждаемая реконструкция по нескольким источникам; конкретная форма или сочетание не всегда найдено в одном закрытом комплексе около 1230 года.,iron_ring_handle_small,data/normalized_source_tables/material_entities/material_entities.csv#OMI00641,B,1180–1260,Великий Новгород и Новгородская земля; центр модели — около 1230 года,safe_with_explicit_context,medium,distinct,pass:included,unique_new_name,"Top-5 не подтверждает тождество этой самостоятельной материальной формы; включить по D40. Семантическое решение: отдельный кандидат; family_key/name_ru не совпадают с другим включённым типом после проверки состояний, количества, тары и назначения."
data/normalized_source_tables/material_entities/material_entities.csv:OMI00642,Снятая оковка с остатком древесины,add_variant,variant,buildings-interiors-containers/buildings/materials_vocab.csv#mat_iron_metal,buildings-interiors-containers,,,sourced,"Прямые археологические, письменные или стратиграфически привязанные новгородские данные; запись допустима для обычной генерации в подходящем контексте.",iron_fitting_with_wood,data/normalized_source_tables/material_entities/material_entities.csv#OMI00642,A,1180–1260,Великий Новгород и Новгородская земля; центр модели — около 1230 года,safe_with_context,low,variant,pass:variant,variant_not_new_entity,Семантическое решение: Removed fitting with wood trace is an iron fitting state; attached wood is a trace/property. Основание: category-level evidence (category_form_material_process_or_context).
data/normalized_source_tables/material_entities/material_entities.csv:OMI00643,Комок старого железного крепежа,needs_check,needs_check,materials_registry/materials.csv#mt_iron,crafts-tools-processes,crafts-tools-processes,materials_registry/materials.csv#mt_iron,sourced,"Прямые археологические, письменные или стратиграфически привязанные новгородские данные; запись допустима для обычной генерации в подходящем контексте.",old_hardware_lump,data/normalized_source_tables/material_entities/material_entities.csv#OMI00643,A,1180–1260,Великий Новгород и Новгородская земля; центр модели — около 1230 года,safe_with_context,low,needs_check,needs_check,needs_check,"Семантическое решение: Старый железный крепёж относится к железному материалу crafts; OMI00747 — якорь/вариант, не сущность-владелец. Основание: category-level evidence (category_form_material_process_or_context)."
data/normalized_source_tables/material_entities/material_entities.csv:OMI00853,Половина глиняной литейной формы,needs_check,needs_check,,crafts-tools-processes,crafts-tools-processes,,sourced,"Прямые археологические, письменные или стратиграфически привязанные новгородские данные; запись допустима для обычной генерации в подходящем контексте.",clay_mould_half_fragment,data/normalized_source_tables/material_entities/material_entities.csv#OMI00853,A,1180–1260,Великий Новгород и Новгородская земля; центр модели — около 1230 года,safe_with_context,low,needs_check,needs_check,needs_check,"Половина глиняной литейной формы: Отход, сырьё, инструмент или состояние ремесла; kind-owner crafts-tools-processes. Семантическое решение: routed. Основание: category-level evidence (category_form_material_process_or_context)."
data/normalized_source_tables/material_entities/material_entities.csv:OMI01133,Обломок ручного жёрнова,needs_check,needs_check,,crafts-tools-processes,crafts-tools-processes,,sourced,"Прямые археологические, письменные или стратиграфически привязанные новгородские данные; запись допустима для обычной генерации в подходящем контексте.",hand_quern_fragment,data/normalized_source_tables/material_entities/material_entities.csv#OMI01133,A,1180–1260,Великий Новгород и Новгородская земля; центр модели — около 1230 года,safe_with_context,low,needs_check,needs_check,needs_check,"Обломок ручного жёрнова: Отход, сырьё, инструмент или состояние ремесла; kind-owner crafts-tools-processes. Семантическое решение: routed. Основание: category-level evidence (category_form_material_process_or_context)."
data/normalized_source_tables/material_entities/material_entities.csv:OMI01144,Кусок негашёной извести,include_d39,new,,buildings-interiors-containers,,,sourced,"Прямые археологические, письменные или стратиграфически привязанные новгородские данные; запись допустима для обычной генерации в подходящем контексте.",quicklime_lump,data/normalized_source_tables/material_entities/material_entities.csv#OMI01144,A,1180–1260,Великий Новгород и Новгородская земля; центр модели — около 1230 года,safe_with_context,low,distinct,pass:included,unique_new_name,Семантическое решение: Негашёная известь — отдельное сырьё а не готовый раствор. Основание: category-level evidence (category_form_material_process_or_context).
data/normalized_source_tables/material_entities/material_entities.csv:OMI01145,Мелкие комья негашёной извести,needs_check,needs_check,buildings-interiors-containers/interiors/material_entities.csv#n1230:material_item:omi01144,buildings-interiors-containers,,,sourced,"Прямые археологические, письменные или стратиграфически привязанные новгородские данные; запись допустима для обычной генерации в подходящем контексте.",quicklime_small_lumps,data/normalized_source_tables/material_entities/material_entities.csv#OMI01145,A,1180–1260,Великий Новгород и Новгородская земля; центр модели — около 1230 года,safe_with_context,low,needs_check,needs_check,needs_check,Семантическое решение: Мелкие комья отличаются фракцией/размером той же негашёной извести. Основание: category-level evidence (category_form_material_process_or_context).
data/normalized_source_tables/material_entities/material_entities.csv:OMI01146,Известковая пыль,needs_check,needs_check,buildings-interiors-containers/interiors/material_entities.csv#n1230:material_item:omi01144,buildings-interiors-containers,,,sourced,"Прямые археологические, письменные или стратиграфически привязанные новгородские данные; запись допустима для обычной генерации в подходящем контексте.",quicklime_dust,data/normalized_source_tables/material_entities/material_entities.csv#OMI01146,A,1180–1260,Великий Новгород и Новгородская земля; центр модели — около 1230 года,safe_with_context,low,needs_check,needs_check,needs_check,"Семантическое решение: Известковая пыль — порошковая фракция материала, не отдельное устройство или самостоятельная куча; вариант известкового материала OMI01144. Основание: category-level evidence (category_form_material_process_or_context)."
data/normalized_source_tables/material_entities/material_entities.csv:OMI01147,Гашёная известь густая,include_d39,new,,buildings-interiors-containers,,,sourced,"Прямые археологические, письменные или стратиграфически привязанные новгородские данные; запись допустима для обычной генерации в подходящем контексте.",slaked_lime_putty,data/normalized_source_tables/material_entities/material_entities.csv#OMI01147,A,1180–1260,Великий Новгород и Новгородская земля; центр модели — около 1230 года,safe_with_context,low,distinct,pass:included,unique_new_name,Семантическое решение: Гашёная известь — канонический подготовленный материал; основа для известкового теста. Основание: category-level evidence (category_form_material_process_or_context).
data/normalized_source_tables/material_entities/material_entities.csv:OMI01148,Жидкое известковое молоко,add_variant,variant,buildings-interiors-containers/buildings/materials_vocab.csv#mat_lime_plaster,buildings-interiors-containers,,,logical_necessity,Хорошо подтверждаемая реконструкция по нескольким источникам; конкретная форма или сочетание не всегда найдено в одном закрытом комплексе около 1230 года.,limewash,data/normalized_source_tables/material_entities/material_entities.csv#OMI01148,B,1180–1260,Великий Новгород и Новгородская земля; центр модели — около 1230 года,safe_with_explicit_context,medium,variant,pass:variant,variant_not_new_entity,Семантическое решение: Известковое молоко — жидкое/побелочное состояние известкового связующего.
data/normalized_source_tables/material_entities/material_entities.csv:OMI01149,Подсохший ком известкового теста,needs_check,needs_check,buildings-interiors-containers/interiors/material_entities.csv#n1230:material_item:omi01147,buildings-interiors-containers,,,logical_necessity,Хорошо подтверждаемая реконструкция по нескольким источникам; конкретная форма или сочетание не всегда найдено в одном закрытом комплексе около 1230 года.,dried_lime_putty,data/normalized_source_tables/material_entities/material_entities.csv#OMI01149,B,1180–1260,Великий Новгород и Новгородская земля; центр модели — около 1230 года,safe_with_explicit_context,medium,needs_check,needs_check,needs_check,Семантическое решение: Подсохшее известковое тесто — состояние гашёной извести.
data/normalized_source_tables/material_entities/material_entities.csv:OMI01150,Песок для известкового раствора,include_d39,new,nature-materials-weather/natural_materials_soils/natural_materials.csv#nm_sand,nature-materials-weather,nature-materials-weather,nature-materials-weather/natural_materials_soils/natural_materials.csv#nm_sand,sourced,"Прямые археологические, письменные или стратиграфически привязанные новгородские данные; запись допустима для обычной генерации в подходящем контексте.",mortar_sand,data/normalized_source_tables/material_entities/material_entities.csv#OMI01150,A,1180–1260,Великий Новгород и Новгородская земля; центр модели — около 1230 года,safe_with_context,low,routed,pass:routed,routed_to_owner,Семантическое решение: Песок для раствора — применение природного песка; placement/use не меняет kind-owner. Основание: category-level evidence (category_form_material_process_or_context).
data/normalized_source_tables/material_entities/material_entities.csv:OMI01151,Просеянный мелкий песок,add_variant,new,nature-materials-weather/natural_materials_soils/natural_materials.csv#nm_sand,nature-materials-weather,nature-materials-weather,nature-materials-weather/natural_materials_soils/natural_materials.csv#nm_sand,logical_necessity,Хорошо подтверждаемая реконструкция по нескольким источникам; конкретная форма или сочетание не всегда найдено в одном закрытом комплексе около 1230 года.,fine_plaster_sand,data/normalized_source_tables/material_entities/material_entities.csv#OMI01151,B,1180–1260,Великий Новгород и Новгородская земля; центр модели — около 1230 года,safe_with_explicit_context,medium,routed,pass:routed,routed_to_owner,Семантическое решение: Просеивание меняет фракцию/подготовку природного песка; не владельца сырья.
data/normalized_source_tables/material_entities/material_entities.csv:OMI01152,Крупный песок и мелкий щебень,add_variant,new,nature-materials-weather/natural_materials_soils/natural_materials.csv#nm_gravel_pebbles,nature-materials-weather,nature-materials-weather,nature-materials-weather/natural_materials_soils/natural_materials.csv#nm_gravel_pebbles,sourced,"Прямые археологические, письменные или стратиграфически привязанные новгородские данные; запись допустима для обычной генерации в подходящем контексте.",coarse_mortar_aggregate,data/normalized_source_tables/material_entities/material_entities.csv#OMI01152,A,1180–1260,Великий Новгород и Новгородская земля; центр модели — около 1230 года,safe_with_context,low,routed,pass:routed,routed_to_owner,Семантическое решение: Крупная фракция песка и мелкий щебень — природный грунт/минеральное сырьё. Основание: category-level evidence (category_form_material_process_or_context).
data/normalized_source_tables/material_entities/material_entities.csv:OMI01154,Загустевший раствор в корыте,add_variant,variant,buildings-interiors-containers/buildings/materials_vocab.csv#mat_lime_mortar,buildings-interiors-containers,,,sourced,"Прямые археологические, письменные или стратиграфически привязанные новгородские данные; запись допустима для обычной генерации в подходящем контексте.",setting_mortar,data/normalized_source_tables/material_entities/material_entities.csv#OMI01154,A,1180–1260,Великий Новгород и Новгородская земля; центр модели — около 1230 года,safe_with_context,low,variant,pass:variant,variant_not_new_entity,Семантическое решение: Загустевание раствора — стадия/состояние рабочей смеси. Основание: category-level evidence (category_form_material_process_or_context).
data/normalized_source_tables/material_entities/material_entities.csv:OMI01155,Засохший ком раствора,include_d39,new,,buildings-interiors-containers,,,sourced,"Прямые археологические, письменные или стратиграфически привязанные новгородские данные; запись допустима для обычной генерации в подходящем контексте.",hardened_mortar_lump,data/normalized_source_tables/material_entities/material_entities.csv#OMI01155,A,1180–1260,Великий Новгород и Новгородская земля; центр модели — около 1230 года,safe_with_context,low,distinct,pass:included,unique_new_name,Семантическое решение: Засохший ком раствора — самостоятельный твёрдый строительный отход с собственным обращением. Основание: category-level evidence (category_form_material_process_or_context).
data/normalized_source_tables/material_entities/material_entities.csv:OMI01156,Ком раствора с отпечатком дерева,add_variant,variant,buildings-interiors-containers/buildings/materials_vocab.csv#mat_lime_mortar,buildings-interiors-containers,,,logical_necessity,Хорошо подтверждаемая реконструкция по нескольким источникам; конкретная форма или сочетание не всегда найдено в одном закрытом комплексе около 1230 года.,mortar_with_wood_imprint,data/normalized_source_tables/material_entities/material_entities.csv#OMI01156,B,1180–1260,Великий Новгород и Новгородская земля; центр модели — около 1230 года,safe_with_explicit_context,medium,variant,pass:variant,variant_not_new_entity,Семантическое решение: Отпечаток дерева — след опалубки/контакта на том же растворе.
data/normalized_source_tables/material_entities/material_entities.csv:OMI01157,Ком раствора с отпечатком пальцев,add_variant,variant,buildings-interiors-containers/buildings/materials_vocab.csv#mat_lime_mortar,buildings-interiors-containers,,,logical_necessity,Хорошо подтверждаемая реконструкция по нескольким источникам; конкретная форма или сочетание не всегда найдено в одном закрытом комплексе около 1230 года.,mortar_with_fingerprints,data/normalized_source_tables/material_entities/material_entities.csv#OMI01157,B,1180–1260,Великий Новгород и Новгородская земля; центр модели — около 1230 года,safe_with_explicit_context,medium,variant,pass:variant,variant_not_new_entity,Семантическое решение: Отпечаток пальцев — след ручной укладки раствора.
data/normalized_source_tables/material_entities/material_entities.csv:OMI01158,Ком раствора с включённым черепком,add_variant,variant,buildings-interiors-containers/buildings/materials_vocab.csv#mat_lime_mortar,buildings-interiors-containers,,,logical_necessity,Хорошо подтверждаемая реконструкция по нескольким источникам; конкретная форма или сочетание не всегда найдено в одном закрытом комплексе около 1230 года.,mortar_with_sherd,data/normalized_source_tables/material_entities/material_entities.csv#OMI01158,B,1180–1260,Великий Новгород и Новгородская земля; центр модели — около 1230 года,safe_with_explicit_context,medium,variant,pass:variant,variant_not_new_entity,Семантическое решение: Черепок во включении — состав/примесь раствора; не новый тип.
data/normalized_source_tables/material_entities/material_entities.csv:OMI01159,Грубая штукатурка-обрызг,add_variant,variant,buildings-interiors-containers/buildings/materials_vocab.csv#mat_lime_plaster,buildings-interiors-containers,,,logical_necessity,Хорошо подтверждаемая реконструкция по нескольким источникам; конкретная форма или сочетание не всегда найдено в одном закрытом комплексе около 1230 года.,rough_plaster_mix,data/normalized_source_tables/material_entities/material_entities.csv#OMI01159,B,1180–1260,Великий Новгород и Новгородская земля; центр модели — около 1230 года,safe_with_explicit_context,medium,variant,pass:variant,variant_not_new_entity,Семантическое решение: Обрызг — слой/стадия известковой штукатурки.
data/normalized_source_tables/material_entities/material_entities.csv:OMI01161,Свежая штукатурная накрывка на доске,add_variant,variant,buildings-interiors-containers/buildings/materials_vocab.csv#mat_lime_plaster,buildings-interiors-containers,,,logical_necessity,Хорошо подтверждаемая реконструкция по нескольким источникам; конкретная форма или сочетание не всегда найдено в одном закрытом комплексе около 1230 года.,plaster_batch,data/normalized_source_tables/material_entities/material_entities.csv#OMI01161,B,1180–1260,Великий Новгород и Новгородская земля; центр модели — около 1230 года,safe_with_explicit_context,medium,variant,pass:variant,variant_not_new_entity,Семантическое решение: Накрывка на доске — порция/рабочая стадия штукатурки.
data/normalized_source_tables/material_entities/material_entities.csv:OMI01162,Отвалившийся кусок белой штукатурки,add_variant,variant,buildings-interiors-containers/buildings/materials_vocab.csv#mat_lime_plaster,buildings-interiors-containers,,,sourced,"Прямые археологические, письменные или стратиграфически привязанные новгородские данные; запись допустима для обычной генерации в подходящем контексте.",white_plaster_fragment,data/normalized_source_tables/material_entities/material_entities.csv#OMI01162,A,1180–1260,Великий Новгород и Новгородская земля; центр модели — около 1230 года,safe_with_context,low,variant,pass:variant,variant_not_new_entity,Семантическое решение: Отвалившийся белый фрагмент — размер и состояние штукатурки. Основание: category-level evidence (category_form_material_process_or_context).
data/normalized_source_tables/material_entities/material_entities.csv:OMI01163,Фрагмент штукатурки с красной краской,add_variant,variant,buildings-interiors-containers/buildings/materials_vocab.csv#mat_lime_plaster,buildings-interiors-containers,,,sourced,"Прямые археологические, письменные или стратиграфически привязанные новгородские данные; запись допустима для обычной генерации в подходящем контексте.",red_painted_plaster,data/normalized_source_tables/material_entities/material_entities.csv#OMI01163,A,1180–1260,Великий Новгород и Новгородская земля; центр модели — около 1230 года,safe_with_context,low,variant,pass:variant,variant_not_new_entity,Семантическое решение: Красный цвет — свойство фрагмента штукатурки. Основание: category-level evidence (category_form_material_process_or_context).
data/normalized_source_tables/material_entities/material_entities.csv:OMI01164,Фрагмент штукатурки с синей краской,add_variant,variant,buildings-interiors-containers/buildings/materials_vocab.csv#mat_lime_plaster,buildings-interiors-containers,,,sourced,"Прямые археологические, письменные или стратиграфически привязанные новгородские данные; запись допустима для обычной генерации в подходящем контексте.",blue_painted_plaster,data/normalized_source_tables/material_entities/material_entities.csv#OMI01164,A,1180–1260,Великий Новгород и Новгородская земля; центр модели — около 1230 года,safe_with_context,low,variant,pass:variant,variant_not_new_entity,Семантическое решение: Синий цвет — свойство фрагмента штукатурки. Основание: category-level evidence (category_form_material_process_or_context).
data/normalized_source_tables/material_entities/material_entities.csv:OMI01165,Фрагмент штукатурки с зелёной краской,add_variant,variant,buildings-interiors-containers/buildings/materials_vocab.csv#mat_lime_plaster,buildings-interiors-containers,,,sourced,"Прямые археологические, письменные или стратиграфически привязанные новгородские данные; запись допустима для обычной генерации в подходящем контексте.",green_painted_plaster,data/normalized_source_tables/material_entities/material_entities.csv#OMI01165,A,1180–1260,Великий Новгород и Новгородская земля; центр модели — около 1230 года,safe_with_context,low,variant,pass:variant,variant_not_new_entity,Семантическое решение: Зелёный цвет — свойство фрагмента штукатурки. Основание: category-level evidence (category_form_material_process_or_context).
data/normalized_source_tables/material_entities/material_entities.csv:OMI01166,Фрагмент штукатурки с чёрной линией,add_variant,variant,buildings-interiors-containers/buildings/materials_vocab.csv#mat_lime_plaster,buildings-interiors-containers,,,sourced,"Прямые археологические, письменные или стратиграфически привязанные новгородские данные; запись допустима для обычной генерации в подходящем контексте.",black_line_plaster,data/normalized_source_tables/material_entities/material_entities.csv#OMI01166,A,1180–1260,Великий Новгород и Новгородская земля; центр модели — около 1230 года,safe_with_context,low,variant,pass:variant,variant_not_new_entity,Семантическое решение: Чёрная линия — поверхностная роспись/след на штукатурке. Основание: category-level evidence (category_form_material_process_or_context).
data/normalized_source_tables/material_entities/material_entities.csv:OMI01167,Фрагмент штукатурки с золотистым слоем — осторожно,add_variant,variant,buildings-interiors-containers/buildings/materials_vocab.csv#mat_lime_plaster,buildings-interiors-containers,,,analogy,Функционально и технологически правдоподобная гипотеза; не использовать как автоматическое наполнение без явного контекста.,gilded_plaster_fragment,data/normalized_source_tables/material_entities/material_entities.csv#OMI01167,C,1180–1260,Великий Новгород и Новгородская земля; центр модели — около 1230 года,explicit_context_only,high,variant,pass:variant,variant_not_new_entity,Семантическое решение: Золотистый слой — декоративное свойство штукатурки с сохранением осторожной генерации.
data/normalized_source_tables/material_entities/material_entities.csv:OMI01168,Известковая корка на стене,add_variant,variant,buildings-interiors-containers/buildings/materials_vocab.csv#mat_lime_plaster,buildings-interiors-containers,,,logical_necessity,Хорошо подтверждаемая реконструкция по нескольким источникам; конкретная форма или сочетание не всегда найдено в одном закрытом комплексе около 1230 года.,wall_lime_crust,data/normalized_source_tables/material_entities/material_entities.csv#OMI01168,B,1180–1260,Великий Новгород и Новгородская земля; центр модели — около 1230 года,safe_with_explicit_context,medium,variant,pass:variant,variant_not_new_entity,Семантическое решение: Известковая корка — состояние поверхности побелки/штукатурки.
data/normalized_source_tables/material_entities/material_entities.csv:OMI01169,Осыпающаяся штукатурная пыль,add_variant,variant,buildings-interiors-containers/buildings/materials_vocab.csv#mat_lime_plaster,buildings-interiors-containers,,,sourced,"Прямые археологические, письменные или стратиграфически привязанные новгородские данные; запись допустима для обычной генерации в подходящем контексте.",plaster_dust,data/normalized_source_tables/material_entities/material_entities.csv#OMI01169,A,1180–1260,Великий Новгород и Новгородская земля; центр модели — около 1230 года,safe_with_context,low,variant,pass:variant,variant_not_new_entity,Семантическое решение: Пыль от осыпания — фракция/состояние штукатурки; не самостоятельная куча. Основание: category-level evidence (category_form_material_process_or_context).
data/normalized_source_tables/material_entities/material_entities.csv:OMI01170,Кучка сбитой старой штукатурки,include_d39,new,,buildings-interiors-containers,,,sourced,"Прямые археологические, письменные или стратиграфически привязанные новгородские данные; запись допустима для обычной генерации в подходящем контексте.",removed_plaster_heap,data/normalized_source_tables/material_entities/material_entities.csv#OMI01170,A,1180–1260,Великий Новгород и Новгородская земля; центр модели — около 1230 года,safe_with_context,low,distinct,pass:included,unique_new_name,Семантическое решение: Кучка сбитой штукатурки имеет собственную массу и жизненный цикл ремонтного демонтажа; мастер-архив классифицирует её как отход и указывает ремонтный строительный мусор. Основание: category-level evidence (category_form_material_process_or_context).
data/normalized_source_tables/material_entities/material_entities.csv:OMI01171,Обломок плинфы с раствором,add_variant,variant,buildings-interiors-containers/buildings/materials_vocab.csv#mat_plinfa,buildings-interiors-containers,,,sourced,"Прямые археологические, письменные или стратиграфически привязанные новгородские данные; запись допустима для обычной генерации в подходящем контексте.",plinth_with_mortar,data/normalized_source_tables/material_entities/material_entities.csv#OMI01171,A,1180–1260,Великий Новгород и Новгородская земля; центр модели — около 1230 года,safe_with_context,low,variant,pass:variant,variant_not_new_entity,Семантическое решение: Плинфа с раствором — фрагмент кладочного материала; не новая сущность. Основание: category-level evidence (category_form_material_process_or_context).
data/normalized_source_tables/material_entities/material_entities.csv:OMI01172,Половина плинфы,add_variant,variant,buildings-interiors-containers/buildings/materials_vocab.csv#mat_plinfa,buildings-interiors-containers,,,sourced,"Прямые археологические, письменные или стратиграфически привязанные новгородские данные; запись допустима для обычной генерации в подходящем контексте.",half_plinth,data/normalized_source_tables/material_entities/material_entities.csv#OMI01172,A,1180–1260,Великий Новгород и Новгородская земля; центр модели — около 1230 года,safe_with_context,low,variant,pass:variant,variant_not_new_entity,Семантическое решение: Половина плинфы — размер/повреждённое состояние кирпича. Основание: category-level evidence (category_form_material_process_or_context).
data/normalized_source_tables/material_entities/material_entities.csv:OMI01174,Красная плинфяная пыль,add_variant,variant,buildings-interiors-containers/buildings/materials_vocab.csv#mat_plinfa,buildings-interiors-containers,,,sourced,"Прямые археологические, письменные или стратиграфически привязанные новгородские данные; запись допустима для обычной генерации в подходящем контексте.",plinth_dust,data/normalized_source_tables/material_entities/material_entities.csv#OMI01174,A,1180–1260,Великий Новгород и Новгородская земля; центр модели — около 1230 года,safe_with_context,low,variant,pass:variant,variant_not_new_entity,Семантическое решение: Красная плинфяная пыль — фракция/отход того же кладочного материала. Основание: category-level evidence (category_form_material_process_or_context).
data/normalized_source_tables/material_entities/material_entities.csv:OMI01175,Каменная щебёнка для подсыпки,add_variant,variant,buildings-interiors-containers/buildings/materials_vocab.csv#mat_boulder,buildings-interiors-containers,,,sourced,"Прямые археологические, письменные или стратиграфически привязанные новгородские данные; запись допустима для обычной генерации в подходящем контексте.",construction_rubble,data/normalized_source_tables/material_entities/material_entities.csv#OMI01175,A,1180–1260,Великий Новгород и Новгородская земля; центр модели — около 1230 года,safe_with_context,low,variant,pass:variant,variant_not_new_entity,Семантическое решение: Каменная щебёнка — размер и подготовка строительного каменного сырья; железная цель была ошибочной. Основание: category-level evidence (category_form_material_process_or_context).
data/normalized_source_tables/material_entities/material_entities.csv:OMI01176,"Смешанный бой камня, плинфы и раствора",include_d39,new,,buildings-interiors-containers,,,sourced,"Прямые археологические, письменные или стратиграфически привязанные новгородские данные; запись допустима для обычной генерации в подходящем контексте.",masonry_demolition_deposit,data/normalized_source_tables/material_entities/material_entities.csv#OMI01176,A,1180–1260,Великий Новгород и Новгородская земля; центр модели — около 1230 года,safe_with_context,low,distinct,pass:included,unique_new_name,"Семантическое решение: Смешанный бой камня, плинфы и раствора после разборки кладки — отдельный строительный demolition deposit. Основание: category-level evidence (category_form_material_process_or_context)."
data/normalized_source_tables/material_entities/material_entities.csv:OMI01504,Деревянная пробка коническая,needs_check,needs_check,buildings-interiors-containers/interiors/material_entities.csv#n1230:material_item:omi00081,buildings-interiors-containers,,,logical_necessity,Хорошо подтверждаемая реконструкция по нескольким источникам; конкретная форма или сочетание не всегда найдено в одном закрытом комплексе около 1230 года.,wooden_stopper_conical,data/normalized_source_tables/material_entities/material_entities.csv#OMI01504,B,1180–1260,Великий Новгород и Новгородская земля; центр модели — около 1230 года,safe_with_explicit_context,medium,needs_check,needs_check,needs_check,Семантическое решение: Коническая деревянная пробка — форма базовой деревянной пробки.
data/normalized_source_tables/material_entities/material_entities.csv:OMI01505,Деревянная пробка цилиндрическая,needs_check,needs_check,buildings-interiors-containers/interiors/material_entities.csv#n1230:material_item:omi00081,buildings-interiors-containers,,,logical_necessity,Хорошо подтверждаемая реконструкция по нескольким источникам; конкретная форма или сочетание не всегда найдено в одном закрытом комплексе около 1230 года.,wooden_stopper_cylindrical,data/normalized_source_tables/material_entities/material_entities.csv#OMI01505,B,1180–1260,Великий Новгород и Новгородская земля; центр модели — около 1230 года,safe_with_explicit_context,medium,needs_check,needs_check,needs_check,Семантическое решение: Цилиндрическая деревянная пробка — форма базовой деревянной пробки.
data/normalized_source_tables/material_entities/material_entities.csv:OMI01506,Малая деревянная затычка,needs_check,needs_check,buildings-interiors-containers/interiors/material_entities.csv#n1230:material_item:omi00081,buildings-interiors-containers,,,logical_necessity,Хорошо подтверждаемая реконструкция по нескольким источникам; конкретная форма или сочетание не всегда найдено в одном закрытом комплексе около 1230 года.,wooden_plug_small,data/normalized_source_tables/material_entities/material_entities.csv#OMI01506,B,1180–1260,Великий Новгород и Новгородская земля; центр модели — около 1230 года,safe_with_explicit_context,medium,needs_check,needs_check,needs_check,Семантическое решение: Малая пробка — размерный вариант базовой пробки.
data/normalized_source_tables/material_entities/material_entities.csv:OMI01507,Крупная деревянная затычка,needs_check,needs_check,buildings-interiors-containers/interiors/material_entities.csv#n1230:material_item:omi00081,buildings-interiors-containers,,,logical_necessity,Хорошо подтверждаемая реконструкция по нескольким источникам; конкретная форма или сочетание не всегда найдено в одном закрытом комплексе около 1230 года.,wooden_plug_large,data/normalized_source_tables/material_entities/material_entities.csv#OMI01507,B,1180–1260,Великий Новгород и Новгородская земля; центр модели — около 1230 года,safe_with_explicit_context,medium,needs_check,needs_check,needs_check,Семантическое решение: Крупная пробка — размерный вариант базовой пробки.
data/normalized_source_tables/material_entities/material_entities.csv:OMI01508,Бочечная втулочная пробка,needs_check,needs_check,buildings-interiors-containers/interiors/material_entities.csv#n1230:material_item:omi00081,buildings-interiors-containers,,,logical_necessity,Хорошо подтверждаемая реконструкция по нескольким источникам; конкретная форма или сочетание не всегда найдено в одном закрытом комплексе около 1230 года.,barrel_bung,data/normalized_source_tables/material_entities/material_entities.csv#OMI01508,B,1180–1260,Великий Новгород и Новгородская земля; центр модели — около 1230 года,safe_with_explicit_context,medium,needs_check,needs_check,needs_check,Семантическое решение: Втулочная пробка — форма деревянной пробки.
data/normalized_source_tables/material_entities/material_entities.csv:OMI01509,Пробка с просверленным отверстием,needs_check,needs_check,buildings-interiors-containers/interiors/material_entities.csv#n1230:material_item:omi00081,buildings-interiors-containers,,,analogy,Функционально и технологически правдоподобная гипотеза; не использовать как автоматическое наполнение без явного контекста.,perforated_stopper,data/normalized_source_tables/material_entities/material_entities.csv#OMI01509,C,1180–1260,Великий Новгород и Новгородская земля; центр модели — около 1230 года,explicit_context_only,high,needs_check,needs_check,needs_check,Семантическое решение: Просверленное отверстие — конструктивный вариант пробки.
data/normalized_source_tables/material_entities/material_entities.csv:OMI01510,Деревянная пробка с верёвочной петлёй,needs_check,needs_check,buildings-interiors-containers/interiors/material_entities.csv#n1230:material_item:omi00081,buildings-interiors-containers,,,logical_necessity,Хорошо подтверждаемая реконструкция по нескольким источникам; конкретная форма или сочетание не всегда найдено в одном закрытом комплексе около 1230 года.,stopper_with_cord,data/normalized_source_tables/material_entities/material_entities.csv#OMI01510,B,1180–1260,Великий Новгород и Новгородская земля; центр модели — около 1230 года,safe_with_explicit_context,medium,needs_check,needs_check,needs_check,Семантическое решение: Верёвочная петля — комплектация пробки а не отдельный тип.
data/normalized_source_tables/material_entities/material_entities.csv:OMI01511,"Пробка, обмотанная тканью",needs_check,needs_check,buildings-interiors-containers/interiors/material_entities.csv#n1230:material_item:omi00081,buildings-interiors-containers,,,logical_necessity,Хорошо подтверждаемая реконструкция по нескольким источникам; конкретная форма или сочетание не всегда найдено в одном закрытом комплексе около 1230 года.,cloth_wrapped_stopper,data/normalized_source_tables/material_entities/material_entities.csv#OMI01511,B,1180–1260,Великий Новгород и Новгородская земля; центр модели — около 1230 года,safe_with_explicit_context,medium,needs_check,needs_check,needs_check,Семантическое решение: Тканевая обмотка — комплектация пробки.
data/normalized_source_tables/material_entities/material_entities.csv:OMI01512,"Пробка, обмотанная паклей",needs_check,needs_check,buildings-interiors-containers/interiors/material_entities.csv#n1230:material_item:omi00081,buildings-interiors-containers,,,logical_necessity,Хорошо подтверждаемая реконструкция по нескольким источникам; конкретная форма или сочетание не всегда найдено в одном закрытом комплексе около 1230 года.,tow_wrapped_stopper,data/normalized_source_tables/material_entities/material_entities.csv#OMI01512,B,1180–1260,Великий Новгород и Новгородская земля; центр модели — около 1230 года,safe_with_explicit_context,medium,needs_check,needs_check,needs_check,Семантическое решение: Пакля на пробке — sealing state of the same stopper.
data/normalized_source_tables/material_entities/material_entities.csv:OMI01513,"Пробка, обмазанная воском",needs_check,needs_check,buildings-interiors-containers/interiors/material_entities.csv#n1230:material_item:omi00081,buildings-interiors-containers,,,logical_necessity,Хорошо подтверждаемая реконструкция по нескольким источникам; конкретная форма или сочетание не всегда найдено в одном закрытом комплексе около 1230 года.,waxed_stopper,data/normalized_source_tables/material_entities/material_entities.csv#OMI01513,B,1180–1260,Великий Новгород и Новгородская земля; центр модели — около 1230 года,safe_with_explicit_context,medium,needs_check,needs_check,needs_check,Семантическое решение: Восковая обмазка — состояние деревянной пробки а не новый владелец.
data/normalized_source_tables/material_entities/material_entities.csv:OMI01514,"Пробка, обмазанная смолой",needs_check,needs_check,buildings-interiors-containers/interiors/material_entities.csv#n1230:material_item:omi00081,buildings-interiors-containers,,,logical_necessity,Хорошо подтверждаемая реконструкция по нескольким источникам; конкретная форма или сочетание не всегда найдено в одном закрытом комплексе около 1230 года.,resin_sealed_stopper,data/normalized_source_tables/material_entities/material_entities.csv#OMI01514,B,1180–1260,Великий Новгород и Новгородская земля; центр модели — около 1230 года,safe_with_explicit_context,medium,needs_check,needs_check,needs_check,Семантическое решение: Смоляная обмазка — состояние деревянной пробки а не новый владелец.
data/normalized_source_tables/material_entities/material_entities.csv:OMI01515,Берестяная свёртка-пробка,needs_check,needs_check,,buildings-interiors-containers,,,analogy,Функционально и технологически правдоподобная гипотеза; не использовать как автоматическое наполнение без явного контекста.,birch_bark_stopper,data/normalized_source_tables/material_entities/material_entities.csv#OMI01515,C,1180–1260,Великий Новгород и Новгородская земля; центр модели — около 1230 года,explicit_context_only,high,needs_check,needs_check,needs_check,REVIEW-imp-crafts-B-1 §1: пункт 3 round2 о пыли/остатках в таре не закрыт для OMI01571; проверка идентичности состояния содержимого и упаковки нужна до включения.
data/normalized_source_tables/material_entities/material_entities.csv:OMI01516,Тканевый тампон для горлышка,needs_check,needs_check,,buildings-interiors-containers,,,logical_necessity,Хорошо подтверждаемая реконструкция по нескольким источникам; конкретная форма или сочетание не всегда найдено в одном закрытом комплексе около 1230 года.,cloth_bottle_plug,data/normalized_source_tables/material_entities/material_entities.csv#OMI01516,B,1180–1260,Великий Новгород и Новгородская земля; центр модели — около 1230 года,safe_with_explicit_context,medium,needs_check,needs_check,needs_check,"Сопоставимой игровой сущности не найдено; исторический материальный тип включается по D40. Семантическое решение: отдельный кандидат; family_key/name_ru не совпадают с другим включённым типом после проверки состояний, количества, тары и назначения."
data/normalized_source_tables/material_entities/material_entities.csv:OMI01517,Пучок мха для уплотнения пробки,add_variant,new,nm_moss,nature-materials-weather,nature-materials-weather,nm_moss,logical_necessity,Хорошо подтверждаемая реконструкция по нескольким источникам; конкретная форма или сочетание не всегда найдено в одном закрытом комплексе около 1230 года.,moss_sealing_wad,data/normalized_source_tables/material_entities/material_entities.csv#OMI01517,B,1180–1260,Великий Новгород и Новгородская земля; центр модели — около 1230 года,safe_with_explicit_context,medium,routed,pass:routed,routed_to_owner,Семантическое решение: Мох для герметизации — природное сырьё с назначением; назначение не создаёт новый тип вещи.
data/normalized_source_tables/material_entities/material_entities.csv:OMI01518,Льняная пакля для уплотнения тары,needs_check,needs_check,crafts-tools-processes/materials_registry/materials.csv#mt_cordage,crafts-tools-processes,crafts-tools-processes,crafts-tools-processes/materials_registry/materials.csv#mt_cordage,logical_necessity,Хорошо подтверждаемая реконструкция по нескольким источникам; конкретная форма или сочетание не всегда найдено в одном закрытом комплексе около 1230 года.,container_tow_seal,data/normalized_source_tables/material_entities/material_entities.csv#OMI01518,B,1180–1260,Великий Новгород и Новгородская земля; центр модели — около 1230 года,safe_with_explicit_context,medium,needs_check,needs_check,needs_check,"Семантическое решение: Владелец текстильного материала, волокна или снасти — crafts; форму, состояние, длину, упаковку и назначение хранить как вариант."
data/normalized_source_tables/material_entities/material_entities.csv:OMI01521,Плоская дощатая крышка ящика,include_d39,new,,buildings-interiors-containers,,,sourced,"Прямые археологические, письменные или стратиграфически привязанные новгородские данные; запись допустима для обычной генерации в подходящем контексте.",box_board_lid,data/normalized_source_tables/material_entities/material_entities.csv#OMI01521,A,1180–1260,Великий Новгород и Новгородская земля; центр модели — около 1230 года,safe_with_context,low,distinct,pass:included,unique_new_name,"Сопоставимой игровой сущности не найдено; исторический материальный тип включается по D40. Основание: прямые данные уровень категории; точное присутствие отдельного экземпляра не утверждается. Семантическое решение: отдельный кандидат; family_key/name_ru не совпадают с другим включённым типом после проверки состояний, количества, тары и назначения."
data/normalized_source_tables/material_entities/material_entities.csv:OMI01522,Крышка берестяного короба,needs_check,needs_check,buildings-interiors-containers/interiors/material_entities.csv#n1230:material_item:omi00120,buildings-interiors-containers,,,sourced,"Прямые археологические, письменные или стратиграфически привязанные новгородские данные; запись допустима для обычной генерации в подходящем контексте.",birch_bark_box_lid,data/normalized_source_tables/material_entities/material_entities.csv#OMI01522,A,1180–1260,Великий Новгород и Новгородская земля; центр модели — около 1230 года,safe_with_context,low,needs_check,needs_check,needs_check,Семантическое решение: Точная копия крышки берестяного короба OMI00120. Основание: category-level evidence (category_form_material_process_or_context).
data/normalized_source_tables/material_entities/material_entities.csv:OMI01523,Крышка плетёной корзины,include_d39,new,,buildings-interiors-containers,,,logical_necessity,Хорошо подтверждаемая реконструкция по нескольким источникам; конкретная форма или сочетание не всегда найдено в одном закрытом комплексе около 1230 года.,basket_lid,data/normalized_source_tables/material_entities/material_entities.csv#OMI01523,B,1180–1260,Великий Новгород и Новгородская земля; центр модели — около 1230 года,safe_with_explicit_context,medium,distinct,pass:included,unique_new_name,"Сопоставимой игровой сущности не найдено; исторический материальный тип включается по D40. Семантическое решение: отдельный кандидат; family_key/name_ru не совпадают с другим включённым типом после проверки состояний, количества, тары и назначения."
data/normalized_source_tables/material_entities/material_entities.csv:OMI01524,Кожаная крышка мягкой тары,needs_check,needs_check,,buildings-interiors-containers,,,logical_necessity,Хорошо подтверждаемая реконструкция по нескольким источникам; конкретная форма или сочетание не всегда найдено в одном закрытом комплексе около 1230 года.,leather_container_lid,data/normalized_source_tables/material_entities/material_entities.csv#OMI01524,B,1180–1260,Великий Новгород и Новгородская земля; центр модели — около 1230 года,safe_with_explicit_context,medium,needs_check,needs_check,needs_check,"Сопоставимой игровой сущности не найдено; исторический материальный тип включается по D40. Семантическое решение: отдельный кандидат; family_key/name_ru не совпадают с другим включённым типом после проверки состояний, количества, тары и назначения."
data/normalized_source_tables/material_entities/material_entities.csv:OMI01525,Крышка с трещиной и ремонтной обвязкой,reference_only,reference,items/household.csv#it_hh_vessel_lid_wood,,items-household-personal,items/household.csv#it_hh_vessel_lid_wood,logical_necessity,Хорошо подтверждаемая реконструкция по нескольким источникам; конкретная форма или сочетание не всегда найдено в одном закрытом комплексе около 1230 года.,repaired_wooden_lid,data/normalized_source_tables/material_entities/material_entities.csv#OMI01525,B,1180–1260,Великий Новгород и Новгородская земля; центр модели — около 1230 года,safe_with_explicit_context,medium,routed,pass:routed,routed_to_owner,Семантическое решение: Cracked lid with repair binding is a damaged and repaired state of the existing wooden vessel lid.
data/normalized_source_tables/material_entities/material_entities.csv:OMI01527,Деревянный гнёт малый,needs_check,needs_check,buildings-interiors-containers/buildings/materials_vocab.csv#mat_log_conifer,buildings-interiors-containers,,,logical_necessity,Хорошо подтверждаемая реконструкция по нескольким источникам; конкретная форма или сочетание не всегда найдено в одном закрытом комплексе около 1230 года.,small_press_weight_wood,data/normalized_source_tables/material_entities/material_entities.csv#OMI01527,B,1180–1260,Великий Новгород и Новгородская земля; центр модели — около 1230 года,safe_with_explicit_context,medium,needs_check,needs_check,needs_check,"Семантическое решение: Review round2-bicw.md §2: малый деревянный гнёт — вариант деревянного материала, не самостоятельная entity."
data/normalized_source_tables/material_entities/material_entities.csv:OMI01528,Каменный гнёт для кадки,needs_check,needs_check,,buildings-interiors-containers,,,logical_necessity,Хорошо подтверждаемая реконструкция по нескольким источникам; конкретная форма или сочетание не всегда найдено в одном закрытом комплексе около 1230 года.,crock_weight_stone,data/normalized_source_tables/material_entities/material_entities.csv#OMI01528,B,1180–1260,Великий Новгород и Новгородская земля; центр модели — около 1230 года,safe_with_explicit_context,medium,needs_check,needs_check,needs_check,"Сопоставимой игровой сущности не найдено; исторический материальный тип включается по D40. Семантическое решение: отдельный кандидат; family_key/name_ru не совпадают с другим включённым типом после проверки состояний, количества, тары и назначения."
data/normalized_source_tables/material_entities/material_entities.csv:OMI01529,Деревянная крестовина под гнёт,include_d39,new,,buildings-interiors-containers,,,logical_necessity,Хорошо подтверждаемая реконструкция по нескольким источникам; конкретная форма или сочетание не всегда найдено в одном закрытом комплексе около 1230 года.,vat_press_crosspiece,data/normalized_source_tables/material_entities/material_entities.csv#OMI01529,B,1180–1260,Великий Новгород и Новгородская земля; центр модели — около 1230 года,safe_with_explicit_context,medium,distinct,pass:included,unique_new_name,"Сопоставимой игровой сущности не найдено; исторический материальный тип включается по D40. Семантическое решение: отдельный кандидат; family_key/name_ru не совпадают с другим включённым типом после проверки состояний, количества, тары и назначения."
data/normalized_source_tables/material_entities/material_entities.csv:OMI01530,Восковая печатная масса мягкая,reference_only,reference,items/personal.csv#it_ps_wax_lump,,items-household-personal,items/personal.csv#it_ps_wax_lump,logical_necessity,Хорошо подтверждаемая реконструкция по нескольким источникам; конкретная форма или сочетание не всегда найдено в одном закрытом комплексе около 1230 года.,sealing_wax_mass,data/normalized_source_tables/material_entities/material_entities.csv#OMI01530,B,1180–1260,Великий Новгород и Новгородская земля; центр модели — около 1230 года,safe_with_explicit_context,medium,routed,pass:routed,routed_to_owner,Семантическое решение: Soft wax for sealing is a softened form of the existing personal wax lump.
data/normalized_source_tables/material_entities/material_entities.csv:OMI01531,Комок воска со следом шнура без печати,reference_only,reference,items/personal.csv#it_ps_wax_lump,,items-household-personal,items/personal.csv#it_ps_wax_lump,logical_necessity,Хорошо подтверждаемая реконструкция по нескольким источникам; конкретная форма или сочетание не всегда найдено в одном закрытом комплексе около 1230 года.,wax_with_cord_mark,data/normalized_source_tables/material_entities/material_entities.csv#OMI01531,B,1180–1260,Великий Новгород и Новгородская земля; центр модели — около 1230 года,safe_with_explicit_context,medium,routed,pass:routed,routed_to_owner,Семантическое решение: Wax with cord impression but no seal is a use and surface state of the existing personal wax lump.
data/normalized_source_tables/material_entities/material_entities.csv:OMI01532,Обломок восковой печати без читаемого оттиска,add_variant,new,items/personal.csv#it_ps_wax_lump,items-household-personal,items-household-personal,items/personal.csv#it_ps_wax_lump,logical_necessity,Хорошо подтверждаемая реконструкция по нескольким источникам; конкретная форма или сочетание не всегда найдено в одном закрытом комплексе около 1230 года.,broken_wax_seal,data/normalized_source_tables/material_entities/material_entities.csv#OMI01532,B,1180–1260,Великий Новгород и Новгородская земля; центр модели — около 1230 года,safe_with_explicit_context,medium,routed,pass:routed,routed_to_owner,"Семантическое решение: восковой обломок с нечитаемым оттиском — состояние личной печатной массы, принадлежащей IHP; BIC entity не создаётся."
data/normalized_source_tables/material_entities/material_entities.csv:OMI01533,"Восковой оттиск, отделившийся от основы",add_variant,new,items/personal.csv#it_ps_wax_lump,items-household-personal,items-household-personal,items/personal.csv#it_ps_wax_lump,logical_necessity,Хорошо подтверждаемая реконструкция по нескольким источникам; конкретная форма или сочетание не всегда найдено в одном закрытом комплексе около 1230 года.,detached_wax_impression,data/normalized_source_tables/material_entities/material_entities.csv#OMI01533,B,1180–1260,Великий Новгород и Новгородская земля; центр модели — около 1230 года,safe_with_explicit_context,medium,routed,pass:routed,routed_to_owner,"Семантическое решение: отделившийся восковой оттиск — состояние личной печатной массы, принадлежащей IHP; BIC entity не создаётся."
data/normalized_source_tables/material_entities/material_entities.csv:OMI01534,Глиняная пломба без оттиска — осторожно,needs_check,needs_check,,buildings-interiors-containers,,,analogy,Функционально и технологически правдоподобная гипотеза; не использовать как автоматическое наполнение без явного контекста.,clay_seal_blank,data/normalized_source_tables/material_entities/material_entities.csv#OMI01534,C,1180–1260,Великий Новгород и Новгородская земля; центр модели — около 1230 года,explicit_context_only,high,needs_check,needs_check,needs_check,"Сопоставимой игровой сущности не найдено; исторический материальный тип включается по D40. Семантическое решение: отдельный кандидат; family_key/name_ru не совпадают с другим включённым типом после проверки состояний, количества, тары и назначения."
data/normalized_source_tables/material_entities/material_entities.csv:OMI01535,Глиняная пробка с отпечатком шнура,needs_check,needs_check,,buildings-interiors-containers,,,analogy,Функционально и технологически правдоподобная гипотеза; не использовать как автоматическое наполнение без явного контекста.,clay_seal_with_cord,data/normalized_source_tables/material_entities/material_entities.csv#OMI01535,C,1180–1260,Великий Новгород и Новгородская земля; центр модели — около 1230 года,explicit_context_only,high,needs_check,needs_check,needs_check,"Сопоставимой игровой сущности не найдено; исторический материальный тип включается по D40. Семантическое решение: отдельный кандидат; family_key/name_ru не совпадают с другим включённым типом после проверки состояний, количества, тары и назначения."
data/normalized_source_tables/material_entities/material_entities.csv:OMI01536,Смоляная замазка у пробки,needs_check,needs_check,buildings-interiors-containers/interiors/material_entities.csv#n1230:material_item:omi00081,buildings-interiors-containers,,,logical_necessity,Хорошо подтверждаемая реконструкция по нескольким источникам; конкретная форма или сочетание не всегда найдено в одном закрытом комплексе около 1230 года.,stopper_resin_residue,data/normalized_source_tables/material_entities/material_entities.csv#OMI01536,B,1180–1260,Великий Новгород и Новгородская земля; центр модели — около 1230 года,safe_with_explicit_context,medium,needs_check,needs_check,needs_check,Семантическое решение: Смоляная замазка у пробки описывает укупорку; смола остаётся crafts material.
data/normalized_source_tables/material_entities/material_entities.csv:OMI01537,Восковая замазка у пробки,needs_check,needs_check,buildings-interiors-containers/interiors/material_entities.csv#n1230:material_item:omi00081,buildings-interiors-containers,,,logical_necessity,Хорошо подтверждаемая реконструкция по нескольким источникам; конкретная форма или сочетание не всегда найдено в одном закрытом комплексе около 1230 года.,stopper_wax_residue,data/normalized_source_tables/material_entities/material_entities.csv#OMI01537,B,1180–1260,Великий Новгород и Новгородская земля; центр модели — около 1230 года,safe_with_explicit_context,medium,needs_check,needs_check,needs_check,Семантическое решение: Восковая замазка у пробки описывает укупорку; воск остаётся crafts material.
data/normalized_source_tables/material_entities/material_entities.csv:OMI01538,"Деревянная пробка, разбухшая от влаги",needs_check,needs_check,buildings-interiors-containers/interiors/material_entities.csv#n1230:material_item:omi00081,buildings-interiors-containers,,,logical_necessity,Хорошо подтверждаемая реконструкция по нескольким источникам; конкретная форма или сочетание не всегда найдено в одном закрытом комплексе около 1230 года.,swollen_wooden_stopper,data/normalized_source_tables/material_entities/material_entities.csv#OMI01538,B,1180–1260,Великий Новгород и Новгородская земля; центр модели — около 1230 года,safe_with_explicit_context,medium,needs_check,needs_check,needs_check,Семантическое решение: Разбухшая пробка — состояние деревянной пробки.
data/normalized_source_tables/material_entities/material_entities.csv:OMI01539,Сгнившая деревянная пробка,needs_check,needs_check,buildings-interiors-containers/interiors/material_entities.csv#n1230:material_item:omi00081,buildings-interiors-containers,,,logical_necessity,Хорошо подтверждаемая реконструкция по нескольким источникам; конкретная форма или сочетание не всегда найдено в одном закрытом комплексе около 1230 года.,rotten_wooden_stopper,data/normalized_source_tables/material_entities/material_entities.csv#OMI01539,B,1180–1260,Великий Новгород и Новгородская земля; центр модели — около 1230 года,safe_with_explicit_context,medium,needs_check,needs_check,needs_check,Семантическое решение: Сгнившая пробка — состояние деревянной пробки.
data/normalized_source_tables/material_entities/material_entities.csv:OMI01540,Сложенный пустой мешок,add_variant,variant,buildings-interiors-containers/containers/container_forms.csv#ct_sack_cloth,buildings-interiors-containers,,,sourced,"Прямые археологические, письменные или стратиграфически привязанные новгородские данные; запись допустима для обычной генерации в подходящем контексте.",folded_empty_sack,data/normalized_source_tables/material_entities/material_entities.csv#OMI01540,A,1180–1260,Великий Новгород и Новгородская земля; центр модели — около 1230 года,safe_with_context,low,variant,pass:variant,variant_not_new_entity,Семантическое решение: Сложенное состояние пустого мешка. Основание: category-level evidence (category_form_material_process_or_context).
data/normalized_source_tables/material_entities/material_entities.csv:OMI01541,Свёрнутый пустой мешок,add_variant,variant,buildings-interiors-containers/containers/container_forms.csv#ct_sack_cloth,buildings-interiors-containers,,,sourced,"Прямые археологические, письменные или стратиграфически привязанные новгородские данные; запись допустима для обычной генерации в подходящем контексте.",rolled_empty_sack,data/normalized_source_tables/material_entities/material_entities.csv#OMI01541,A,1180–1260,Великий Новгород и Новгородская земля; центр модели — около 1230 года,safe_with_context,low,variant,pass:variant,variant_not_new_entity,Семантическое решение: Свёрнутое состояние пустого мешка. Основание: category-level evidence (category_form_material_process_or_context).
data/normalized_source_tables/material_entities/material_entities.csv:OMI01542,Малый мешочек из грубой ткани,add_variant,variant,buildings-interiors-containers/containers/container_forms.csv#ct_sack_cloth,buildings-interiors-containers,,,sourced,"Прямые археологические, письменные или стратиграфически привязанные новгородские данные; запись допустима для обычной генерации в подходящем контексте.",small_coarse_sack,data/normalized_source_tables/material_entities/material_entities.csv#OMI01542,A,1180–1260,Великий Новгород и Новгородская земля; центр модели — около 1230 года,safe_with_context,low,variant,pass:variant,variant_not_new_entity,Семантическое решение: Размер мешочка — свойство мешка а не отдельная сущность. Основание: category-level evidence (category_form_material_process_or_context).
data/normalized_source_tables/material_entities/material_entities.csv:OMI01543,Узкий длинный мешок,add_variant,variant,buildings-interiors-containers/containers/container_forms.csv#ct_sack_cloth,buildings-interiors-containers,,,logical_necessity,Хорошо подтверждаемая реконструкция по нескольким источникам; конкретная форма или сочетание не всегда найдено в одном закрытом комплексе около 1230 года.,long_narrow_sack,data/normalized_source_tables/material_entities/material_entities.csv#OMI01543,B,1180–1260,Великий Новгород и Новгородская земля; центр модели — около 1230 года,safe_with_explicit_context,medium,variant,pass:variant,variant_not_new_entity,Семантическое решение: Узкий длинный мешок — размерная форма мешка.
data/normalized_source_tables/material_entities/material_entities.csv:OMI01544,Разорванный мешок,add_variant,variant,buildings-interiors-containers/containers/container_forms.csv#ct_sack_cloth,buildings-interiors-containers,,,sourced,"Прямые археологические, письменные или стратиграфически привязанные новгородские данные; запись допустима для обычной генерации в подходящем контексте.",torn_sack,data/normalized_source_tables/material_entities/material_entities.csv#OMI01544,A,1180–1260,Великий Новгород и Новгородская земля; центр модели — около 1230 года,safe_with_context,low,variant,pass:variant,variant_not_new_entity,Семантическое решение: Разорванный мешок — состояние тканевого мешка. Основание: category-level evidence (category_form_material_process_or_context).
data/normalized_source_tables/material_entities/material_entities.csv:OMI01545,Снятая заплата от мешка,include_d39,new,crafts-tools-processes/materials_registry/materials.csv#mt_textile_generic,crafts-tools-processes,crafts-tools-processes,crafts-tools-processes/materials_registry/materials.csv#mt_textile_generic,logical_necessity,Хорошо подтверждаемая реконструкция по нескольким источникам; конкретная форма или сочетание не всегда найдено в одном закрытом комплексе около 1230 года.,removed_sack_patch,data/normalized_source_tables/material_entities/material_entities.csv#OMI01545,B,1180–1260,Великий Новгород и Новгородская земля; центр модели — около 1230 года,safe_with_explicit_context,medium,routed,pass:routed,routed_to_owner,"Семантическое решение: Владелец текстильного материала, волокна или снасти — crafts; форму, состояние, длину, упаковку и назначение хранить как вариант."
data/normalized_source_tables/material_entities/material_entities.csv:OMI01546,Круглая донная заплата мешка,needs_check,needs_check,crafts-tools-processes/materials_registry/materials.csv#mt_textile_generic,crafts-tools-processes,crafts-tools-processes,crafts-tools-processes/materials_registry/materials.csv#mt_textile_generic,logical_necessity,Хорошо подтверждаемая реконструкция по нескольким источникам; конкретная форма или сочетание не всегда найдено в одном закрытом комплексе около 1230 года.,sack_bottom_patch,data/normalized_source_tables/material_entities/material_entities.csv#OMI01546,B,1180–1260,Великий Новгород и Новгородская земля; центр модели — около 1230 года,safe_with_explicit_context,medium,needs_check,needs_check,needs_check,"Семантическое решение: Владелец текстильного материала, волокна или снасти — crafts; форму, состояние, длину, упаковку и назначение хранить как вариант."
data/normalized_source_tables/material_entities/material_entities.csv:OMI01547,Завязка горловины мешка,needs_check,needs_check,crafts-tools-processes/materials_registry/material_entities.csv#n1230:material_item:omi00358,crafts-tools-processes,crafts-tools-processes,crafts-tools-processes/materials_registry/material_entities.csv#n1230:material_item:omi00358,sourced,"Прямые археологические, письменные или стратиграфически привязанные новгородские данные; запись допустима для обычной генерации в подходящем контексте.",sack_mouth_tie,data/normalized_source_tables/material_entities/material_entities.csv#OMI01547,A,1180–1260,Великий Новгород и Новгородская земля; центр модели — около 1230 года,safe_with_context,low,needs_check,needs_check,needs_check,"Семантическое решение: Владелец текстильного материала, волокна или снасти — crafts; форму, состояние, длину, упаковку и назначение хранить как вариант. Основание: category-level evidence (category_form_material_process_or_context)."
data/normalized_source_tables/material_entities/material_entities.csv:OMI01548,Продетый шнур горловины,needs_check,needs_check,crafts-tools-processes/materials_registry/material_entities.csv#n1230:material_item:omi00358,crafts-tools-processes,crafts-tools-processes,crafts-tools-processes/materials_registry/material_entities.csv#n1230:material_item:omi00358,sourced,"Прямые археологические, письменные или стратиграфически привязанные новгородские данные; запись допустима для обычной генерации в подходящем контексте.",sack_drawcord,data/normalized_source_tables/material_entities/material_entities.csv#OMI01548,A,1180–1260,Великий Новгород и Новгородская земля; центр модели — около 1230 года,safe_with_context,low,needs_check,needs_check,needs_check,"Семантическое решение: Владелец текстильного материала, волокна или снасти — crafts; форму, состояние, длину, упаковку и назначение хранить как вариант. Основание: category-level evidence (category_form_material_process_or_context)."
data/normalized_source_tables/material_entities/material_entities.csv:OMI01549,Перекрученный конец мешка под обвязкой,add_variant,variant,buildings-interiors-containers/containers/container_forms.csv#ct_sack_cloth,buildings-interiors-containers,,,logical_necessity,Хорошо подтверждаемая реконструкция по нескольким источникам; конкретная форма или сочетание не всегда найдено в одном закрытом комплексе около 1230 года.,twisted_sack_mouth,data/normalized_source_tables/material_entities/material_entities.csv#OMI01549,B,1180–1260,Великий Новгород и Новгородская земля; центр модели — около 1230 года,safe_with_explicit_context,medium,variant,pass:variant,variant_not_new_entity,Семантическое решение: Перекрученная горловина — закрытое состояние тканевого мешка.
data/normalized_source_tables/material_entities/material_entities.csv:OMI01550,Тканевый тюк без содержимого,add_variant,variant,buildings-interiors-containers/containers/container_forms.csv#ct_bale_wrapped,buildings-interiors-containers,,,logical_necessity,Хорошо подтверждаемая реконструкция по нескольким источникам; конкретная форма или сочетание не всегда найдено в одном закрытом комплексе около 1230 года.,empty_bale_wrapper,data/normalized_source_tables/material_entities/material_entities.csv#OMI01550,B,1180–1260,Великий Новгород и Новгородская земля; центр модели — около 1230 года,safe_with_explicit_context,medium,variant,pass:variant,variant_not_new_entity,Семантическое решение: Тканевый тюк как форма упакованной тары.
data/normalized_source_tables/material_entities/material_entities.csv:OMI01551,Товарная тканевая обёртка квадратная,include_d39,new,materials.csv#mt_textile_generic,crafts-tools-processes,crafts-tools-processes,materials.csv#mt_textile_generic,logical_necessity,Хорошо подтверждаемая реконструкция по нескольким источникам; конкретная форма или сочетание не всегда найдено в одном закрытом комплексе около 1230 года.,square_cloth_wrapper,data/normalized_source_tables/material_entities/material_entities.csv#OMI01551,B,1180–1260,Великий Новгород и Новгородская земля; центр модели — около 1230 года,safe_with_explicit_context,medium,routed,pass:routed,routed_to_owner,Семантическое решение: Товарная тканевая обёртка остаётся текстильным материалом; kind-owner textiles/crafts. Причина выбора фиксирует расхождение старого IHP crosswalk с видом вещи.
data/normalized_source_tables/material_entities/material_entities.csv:OMI01552,Грубая льняная обёртка груза,include_d39,new,crafts-tools-processes/materials_registry/materials.csv#mt_textile_generic,crafts-tools-processes,crafts-tools-processes,crafts-tools-processes/materials_registry/materials.csv#mt_textile_generic,sourced,"Прямые археологические, письменные или стратиграфически привязанные новгородские данные; запись допустима для обычной генерации в подходящем контексте.",coarse_linen_wrapping,data/normalized_source_tables/material_entities/material_entities.csv#OMI01552,A,1180–1260,Великий Новгород и Новгородская земля; центр модели — около 1230 года,safe_with_context,low,routed,pass:routed,routed_to_owner,"Семантическое решение: Владелец текстильного материала, волокна или снасти — crafts; форму, состояние, длину, упаковку и назначение хранить как вариант. Основание: category-level evidence (category_form_material_process_or_context)."
data/normalized_source_tables/material_entities/material_entities.csv:OMI01553,"Старая ткань, использованная как упаковка",add_variant,new,crafts-tools-processes/materials_registry/materials.csv#mt_textile_generic,crafts-tools-processes,crafts-tools-processes,crafts-tools-processes/materials_registry/materials.csv#mt_textile_generic,sourced,"Прямые археологические, письменные или стратиграфически привязанные новгородские данные; запись допустима для обычной генерации в подходящем контексте.",reused_cloth_wrapping,data/normalized_source_tables/material_entities/material_entities.csv#OMI01553,A,1180–1260,Великий Новгород и Новгородская земля; центр модели — около 1230 года,safe_with_context,low,routed,pass:routed,routed_to_owner,"Семантическое решение: Старая ткань как упаковка — вторичное применение ткани; round2 связывает упаковочный кластер с OMI01552, конечная crafts-цель — mt_textile_generic. Основание: category-level evidence (category_form_material_process_or_context)."
data/normalized_source_tables/material_entities/material_entities.csv:OMI01554,Вощёная тканевая обёртка,needs_check,needs_check,crafts-tools-processes/materials_registry/materials.csv#mt_textile_generic,crafts-tools-processes,crafts-tools-processes,crafts-tools-processes/materials_registry/materials.csv#mt_textile_generic,analogy,Функционально и технологически правдоподобная гипотеза; не использовать как автоматическое наполнение без явного контекста.,waxed_cloth_wrapping,data/normalized_source_tables/material_entities/material_entities.csv#OMI01554,C,1180–1260,Великий Новгород и Новгородская земля; центр модели — около 1230 года,explicit_context_only,high,needs_check,needs_check,needs_check,"Семантическое решение: round2 maps OMI01554 to OMI01552; crafts has OMI01552 as a variant, so BIC routes this waxed textile wrapping to its terminal stable owner target mt_textile_generic rather than adding a duplicate entity."
data/normalized_source_tables/material_entities/material_entities.csv:OMI01555,Кожаная обёртка ценного инструмента,needs_check,needs_check,materials.csv#mt_hide_raw,crafts-tools-processes,crafts-tools-processes,materials.csv#mt_hide_raw,logical_necessity,Хорошо подтверждаемая реконструкция по нескольким источникам; конкретная форма или сочетание не всегда найдено в одном закрытом комплексе около 1230 года.,leather_tool_wrap,data/normalized_source_tables/material_entities/material_entities.csv#OMI01555,B,1180–1260,Великий Новгород и Новгородская земля; центр модели — около 1230 года,safe_with_explicit_context,medium,needs_check,needs_check,needs_check,Семантическое решение: Кожаная обёртка принадлежит crafts по виду материала.
data/normalized_source_tables/material_entities/material_entities.csv:OMI01556,Берестяная обёртка небольшого товара,needs_check,needs_check,materials.csv#mt_birch_bark,crafts-tools-processes,crafts-tools-processes,materials.csv#mt_birch_bark,logical_necessity,Хорошо подтверждаемая реконструкция по нескольким источникам; конкретная форма или сочетание не всегда найдено в одном закрытом комплексе около 1230 года.,birch_bark_wrapping,data/normalized_source_tables/material_entities/material_entities.csv#OMI01556,B,1180–1260,Великий Новгород и Новгородская земля; центр модели — около 1230 года,safe_with_explicit_context,medium,needs_check,needs_check,needs_check,"Семантическое решение: Берестяная обёртка — материал/упаковочная заготовка; kind-owner crafts, не BIC entity."
data/normalized_source_tables/material_entities/material_entities.csv:OMI01557,"Берестяной пакет, связанный шнуром",needs_check,needs_check,materials.csv#mt_birch_bark,crafts-tools-processes,crafts-tools-processes,materials.csv#mt_birch_bark,logical_necessity,Хорошо подтверждаемая реконструкция по нескольким источникам; конкретная форма или сочетание не всегда найдено в одном закрытом комплексе около 1230 года.,birch_bark_packet,data/normalized_source_tables/material_entities/material_entities.csv#OMI01557,B,1180–1260,Великий Новгород и Новгородская земля; центр модели — около 1230 года,safe_with_explicit_context,medium,needs_check,needs_check,needs_check,Семантическое решение: Берестяной пакет как материал и форма упаковки относится к crafts; не BIC entity.
data/normalized_source_tables/material_entities/material_entities.csv:OMI01558,Лист бересты между слоями товара,needs_check,needs_check,materials.csv#mt_birch_bark,crafts-tools-processes,crafts-tools-processes,materials.csv#mt_birch_bark,logical_necessity,Хорошо подтверждаемая реконструкция по нескольким источникам; конкретная форма или сочетание не всегда найдено в одном закрытом комплексе около 1230 года.,birch_bark_separator,data/normalized_source_tables/material_entities/material_entities.csv#OMI01558,B,1180–1260,Великий Новгород и Новгородская земля; центр модели — около 1230 года,safe_with_explicit_context,medium,needs_check,needs_check,needs_check,Семантическое решение: Берестяная прокладка между товарами — материал; упаковочное применение не переносит определение вещи в BIC.
data/normalized_source_tables/material_entities/material_entities.csv:OMI01559,Соломенная прокладка тюка,add_variant,new,crafts-tools-processes/materials_registry/materials.csv#mt_straw,crafts-tools-processes,crafts-tools-processes,crafts-tools-processes/materials_registry/materials.csv#mt_straw,sourced,"Прямые археологические, письменные или стратиграфически привязанные новгородские данные; запись допустима для обычной генерации в подходящем контексте.",straw_packing,data/normalized_source_tables/material_entities/material_entities.csv#OMI01559,A,1180–1260,Великий Новгород и Новгородская земля; центр модели — около 1230 года,safe_with_context,low,routed,pass:routed,routed_to_owner,"Семантическое решение: Соломенная прокладка амортизирует тюк; материал принадлежит crafts mt_straw, не деревянной таре. Основание: category-level evidence (category_form_material_process_or_context)."
data/normalized_source_tables/material_entities/material_entities.csv:OMI01560,Сенная прокладка хрупкого груза,add_variant,new,materials.csv#mt_hay,crafts-tools-processes,crafts-tools-processes,materials.csv#mt_hay,sourced,"Прямые археологические, письменные или стратиграфически привязанные новгородские данные; запись допустима для обычной генерации в подходящем контексте.",hay_packing,data/normalized_source_tables/material_entities/material_entities.csv#OMI01560,A,1180–1260,Великий Новгород и Новгородская земля; центр модели — около 1230 года,safe_with_context,low,routed,pass:routed,routed_to_owner,Семантическое решение: Сенная прокладка — материал crafts; тара только контекст использования. Основание: category-level evidence (category_form_material_process_or_context).
data/normalized_source_tables/material_entities/material_entities.csv:OMI01561,Моховая прокладка тары,add_variant,new,materials.csv#mt_moss,crafts-tools-processes,crafts-tools-processes,materials.csv#mt_moss,sourced,"Прямые археологические, письменные или стратиграфически привязанные новгородские данные; запись допустима для обычной генерации в подходящем контексте.",moss_packing,data/normalized_source_tables/material_entities/material_entities.csv#OMI01561,A,1180–1260,Великий Новгород и Новгородская земля; центр модели — около 1230 года,safe_with_context,low,routed,pass:routed,routed_to_owner,Семантическое решение: Моховая прокладка — материал crafts; тара только контекст использования. Основание: category-level evidence (category_form_material_process_or_context).
data/normalized_source_tables/material_entities/material_entities.csv:OMI01562,Древесная стружка как упаковка,needs_check,needs_check,crafts-tools-processes/materials_registry/materials.csv#mt_wood_generic,crafts-tools-processes,crafts-tools-processes,crafts-tools-processes/materials_registry/materials.csv#mt_wood_generic,logical_necessity,Хорошо подтверждаемая реконструкция по нескольким источникам; конкретная форма или сочетание не всегда найдено в одном закрытом комплексе около 1230 года.,wood_shaving_packing,data/normalized_source_tables/material_entities/material_entities.csv#OMI01562,B,1180–1260,Великий Новгород и Новгородская земля; центр модели — около 1230 года,safe_with_explicit_context,medium,needs_check,needs_check,needs_check,"Семантическое решение: Древесная стружка защищает малые вещи; это упаковочный остаток древесины, terminal crafts target — mt_wood_generic."
data/normalized_source_tables/material_entities/material_entities.csv:OMI01563,Тканевая прокладка между сосудами,add_variant,new,crafts-tools-processes/materials_registry/materials.csv#mt_textile_generic,crafts-tools-processes,crafts-tools-processes,crafts-tools-processes/materials_registry/materials.csv#mt_textile_generic,logical_necessity,Хорошо подтверждаемая реконструкция по нескольким источникам; конкретная форма или сочетание не всегда найдено в одном закрытом комплексе около 1230 года.,cloth_separator,data/normalized_source_tables/material_entities/material_entities.csv#OMI01563,B,1180–1260,Великий Новгород и Новгородская земля; центр модели — около 1230 года,safe_with_explicit_context,medium,routed,pass:routed,routed_to_owner,Семантическое решение: Тканевая прокладка защищает сосуды; по упаковочному кластеру round2 её конечная crafts-цель — ткань OMI01552/mt_textile_generic.
data/normalized_source_tables/material_entities/material_entities.csv:OMI01564,Верёвочная крестовая обвязка тюка,needs_check,needs_check,crafts-tools-processes/materials_registry/material_entities.csv#n1230:material_item:omi00357,crafts-tools-processes,crafts-tools-processes,crafts-tools-processes/materials_registry/material_entities.csv#n1230:material_item:omi00357,sourced,"Прямые археологические, письменные или стратиграфически привязанные новгородские данные; запись допустима для обычной генерации в подходящем контексте.",cross_bale_lashing,data/normalized_source_tables/material_entities/material_entities.csv#OMI01564,A,1180–1260,Великий Новгород и Новгородская земля; центр модели — около 1230 года,safe_with_context,low,needs_check,needs_check,needs_check,"Семантическое решение: Владелец текстильного материала, волокна или снасти — crafts; форму, состояние, длину, упаковку и назначение хранить как вариант. Основание: category-level evidence (category_form_material_process_or_context)."
data/normalized_source_tables/material_entities/material_entities.csv:OMI01565,Двойная обвязка бочки,include_d39,new,crafts-tools-processes/materials_registry/material_entities.csv#n1230:material_item:omi00357,crafts-tools-processes,crafts-tools-processes,crafts-tools-processes/materials_registry/material_entities.csv#n1230:material_item:omi00357,logical_necessity,Хорошо подтверждаемая реконструкция по нескольким источникам; конкретная форма или сочетание не всегда найдено в одном закрытом комплексе около 1230 года.,barrel_rope_lashing,data/normalized_source_tables/material_entities/material_entities.csv#OMI01565,B,1180–1260,Великий Новгород и Новгородская земля; центр модели — около 1230 года,safe_with_explicit_context,medium,routed,pass:routed,routed_to_owner,"Семантическое решение: Владелец текстильного материала, волокна или снасти — crafts; форму, состояние, длину, упаковку и назначение хранить как вариант."
data/normalized_source_tables/material_entities/material_entities.csv:OMI01566,Петля для переноски тюка,include_d39,new,crafts-tools-processes/materials_registry/material_entities.csv#n1230:material_item:omi00357,crafts-tools-processes,crafts-tools-processes,crafts-tools-processes/materials_registry/material_entities.csv#n1230:material_item:omi00357,logical_necessity,Хорошо подтверждаемая реконструкция по нескольким источникам; конкретная форма или сочетание не всегда найдено в одном закрытом комплексе около 1230 года.,bale_carry_loop,data/normalized_source_tables/material_entities/material_entities.csv#OMI01566,B,1180–1260,Великий Новгород и Новгородская земля; центр модели — около 1230 года,safe_with_explicit_context,medium,routed,pass:routed,routed_to_owner,"Семантическое решение: Владелец текстильного материала, волокна или снасти — crafts; форму, состояние, длину, упаковку и назначение хранить как вариант."
data/normalized_source_tables/material_entities/material_entities.csv:OMI01567,Деревянная палочка под узлом обвязки,needs_check,needs_check,,buildings-interiors-containers,,,logical_necessity,Хорошо подтверждаемая реконструкция по нескольким источникам; конкретная форма или сочетание не всегда найдено в одном закрытом комплексе около 1230 года.,lashing_toggle,data/normalized_source_tables/material_entities/material_entities.csv#OMI01567,B,1180–1260,Великий Новгород и Новгородская земля; центр модели — около 1230 года,safe_with_explicit_context,medium,needs_check,needs_check,needs_check,Семантическое решение: Деревянная палочка под узлом — конструктивная деталь упаковки.
data/normalized_source_tables/material_entities/material_entities.csv:OMI01568,Сломанная обвязка тюка,needs_check,needs_check,crafts-tools-processes/materials_registry/materials.csv#mt_cordage,crafts-tools-processes,crafts-tools-processes,crafts-tools-processes/materials_registry/materials.csv#mt_cordage,sourced,"Прямые археологические, письменные или стратиграфически привязанные новгородские данные; запись допустима для обычной генерации в подходящем контексте.",broken_bale_lashing,data/normalized_source_tables/material_entities/material_entities.csv#OMI01568,A,1180–1260,Великий Новгород и Новгородская земля; центр модели — около 1230 года,safe_with_context,low,needs_check,needs_check,needs_check,"Семантическое решение: Сломанная обвязка — состояние cordage при упаковке тюка; crafts владеет материалом mt_cordage, BIC не создаёт второй тип обвязки. Основание: category-level evidence (category_form_material_process_or_context)."
data/normalized_source_tables/material_entities/material_entities.csv:OMI01569,Обрезки упаковочной ткани,needs_check,needs_check,crafts-tools-processes/materials_registry/materials.csv#mt_textile_generic,crafts-tools-processes,crafts-tools-processes,crafts-tools-processes/materials_registry/materials.csv#mt_textile_generic,sourced,"Прямые археологические, письменные или стратиграфически привязанные новгородские данные; запись допустима для обычной генерации в подходящем контексте.",packing_cloth_scraps,data/normalized_source_tables/material_entities/material_entities.csv#OMI01569,A,1180–1260,Великий Новгород и Новгородская земля; центр модели — около 1230 года,safe_with_context,low,needs_check,needs_check,needs_check,"Семантическое решение: Владелец текстильного материала, волокна или снасти — crafts; форму, состояние, длину, упаковку и назначение хранить как вариант. Основание: category-level evidence (category_form_material_process_or_context)."
data/normalized_source_tables/material_entities/material_entities.csv:OMI01570,Кучка использованной соломенной упаковки,needs_check,needs_check,,buildings-interiors-containers,,,sourced,"Прямые археологические, письменные или стратиграфически привязанные новгородские данные; запись допустима для обычной генерации в подходящем контексте.",used_straw_packing,data/normalized_source_tables/material_entities/material_entities.csv#OMI01570,A,1180–1260,Великий Новгород и Новгородская земля; центр модели — около 1230 года,safe_with_context,low,needs_check,needs_check,needs_check,"Кучка использованной соломенной упаковки — след хранения/тары с собственной жизнью; kind-owner BIC, не textile raw stock. Основание: category-level evidence (category_form_material_process_or_context). Семантическое решение: новая BIC material entity."
data/normalized_source_tables/material_entities/material_entities.csv:OMI01571,Пыль и крошки товара в складках обёртки,needs_check,needs_check,,buildings-interiors-containers,,,logical_necessity,Хорошо подтверждаемая реконструкция по нескольким источникам; конкретная форма или сочетание не всегда найдено в одном закрытом комплексе около 1230 года.,wrapper_goods_residue,data/normalized_source_tables/material_entities/material_entities.csv#OMI01571,B,1180–1260,Великий Новгород и Новгородская земля; центр модели — около 1230 года,safe_with_explicit_context,medium,needs_check,needs_check,needs_check,"Сопоставимой игровой сущности не найдено; исторический материальный тип включается по D40. Семантическое решение: отдельный кандидат; family_key/name_ru не совпадают с другим включённым типом после проверки состояний, количества, тары и назначения."
data/normalized_source_tables/material_entities/material_entities.csv:OMI01572,Плетёное донце корзины,include_d39,new,,buildings-interiors-containers,,,sourced,"Прямые археологические, письменные или стратиграфически привязанные новгородские данные; запись допустима для обычной генерации в подходящем контексте.",basket_base,data/normalized_source_tables/material_entities/material_entities.csv#OMI01572,A,1180–1260,Великий Новгород и Новгородская земля; центр модели — около 1230 года,safe_with_context,low,distinct,pass:included,unique_new_name,"Сопоставимой игровой сущности не найдено; исторический материальный тип включается по D40. Основание: прямые данные уровень категории; точное присутствие отдельного экземпляра не утверждается. Семантическое решение: отдельный кандидат; family_key/name_ru не совпадают с другим включённым типом после проверки состояний, количества, тары и назначения."
data/normalized_source_tables/material_entities/material_entities.csv:OMI01573,Плетёная боковина корзины,include_d39,new,,buildings-interiors-containers,,,sourced,"Прямые археологические, письменные или стратиграфически привязанные новгородские данные; запись допустима для обычной генерации в подходящем контексте.",basket_side,data/normalized_source_tables/material_entities/material_entities.csv#OMI01573,A,1180–1260,Великий Новгород и Новгородская земля; центр модели — около 1230 года,safe_with_context,low,distinct,pass:included,unique_new_name,"Сопоставимой игровой сущности не найдено; исторический материальный тип включается по D40. Основание: прямые данные уровень категории; точное присутствие отдельного экземпляра не утверждается. Семантическое решение: отдельный кандидат; family_key/name_ru не совпадают с другим включённым типом после проверки состояний, количества, тары и назначения."
data/normalized_source_tables/material_entities/material_entities.csv:OMI01574,Дужка корзины из прута,include_d39,new,,buildings-interiors-containers,,,sourced,"Прямые археологические, письменные или стратиграфически привязанные новгородские данные; запись допустима для обычной генерации в подходящем контексте.",basket_handle,data/normalized_source_tables/material_entities/material_entities.csv#OMI01574,A,1180–1260,Великий Новгород и Новгородская земля; центр модели — около 1230 года,safe_with_context,low,distinct,pass:included,unique_new_name,"Сопоставимой игровой сущности не найдено; исторический материальный тип включается по D40. Основание: прямые данные уровень категории; точное присутствие отдельного экземпляра не утверждается. Семантическое решение: отдельный кандидат; family_key/name_ru не совпадают с другим включённым типом после проверки состояний, количества, тары и назначения."
data/normalized_source_tables/material_entities/material_entities.csv:OMI01575,Обмотка крепления дужки корзины,include_d39,new,,buildings-interiors-containers,,,sourced,"Прямые археологические, письменные или стратиграфически привязанные новгородские данные; запись допустима для обычной генерации в подходящем контексте.",basket_handle_binding,data/normalized_source_tables/material_entities/material_entities.csv#OMI01575,A,1180–1260,Великий Новгород и Новгородская земля; центр модели — около 1230 года,safe_with_context,low,distinct,pass:included,unique_new_name,"Сопоставимой игровой сущности не найдено; исторический материальный тип включается по D40. Основание: прямые данные уровень категории; точное присутствие отдельного экземпляра не утверждается. Семантическое решение: отдельный кандидат; family_key/name_ru не совпадают с другим включённым типом после проверки состояний, количества, тары и назначения."
data/normalized_source_tables/material_entities/material_entities.csv:OMI01576,Запасной прут для починки корзины,add_variant,variant,buildings-interiors-containers/containers/container_forms.csv#ct_basket_woven,buildings-interiors-containers,,,sourced,"Прямые археологические, письменные или стратиграфически привязанные новгородские данные; запись допустима для обычной генерации в подходящем контексте.",basket_repair_rod,data/normalized_source_tables/material_entities/material_entities.csv#OMI01576,A,1180–1260,Великий Новгород и Новгородская земля; центр модели — около 1230 года,safe_with_context,low,variant,pass:variant,variant_not_new_entity,Семантическое решение: Запасной прут для ремонта — запас/назначение детали корзины а не новый тип. Основание: category-level evidence (category_form_material_process_or_context).
data/normalized_source_tables/material_entities/material_entities.csv:OMI01577,Плетёная заплата корзины,include_d39,new,,buildings-interiors-containers,,,logical_necessity,Хорошо подтверждаемая реконструкция по нескольким источникам; конкретная форма или сочетание не всегда найдено в одном закрытом комплексе около 1230 года.,basket_patch,data/normalized_source_tables/material_entities/material_entities.csv#OMI01577,B,1180–1260,Великий Новгород и Новгородская земля; центр модели — около 1230 года,safe_with_explicit_context,medium,distinct,pass:included,unique_new_name,"Сопоставимой игровой сущности не найдено; исторический материальный тип включается по D40. Семантическое решение: отдельный кандидат; family_key/name_ru не совпадают с другим включённым типом после проверки состояний, количества, тары и назначения."
data/normalized_source_tables/material_entities/material_entities.csv:OMI01578,Сломанные прутья корзины,add_variant,variant,buildings-interiors-containers/containers/container_forms.csv#ct_basket_woven,buildings-interiors-containers,,,sourced,"Прямые археологические, письменные или стратиграфически привязанные новгородские данные; запись допустима для обычной генерации в подходящем контексте.",broken_basket_splints,data/normalized_source_tables/material_entities/material_entities.csv#OMI01578,A,1180–1260,Великий Новгород и Новгородская земля; центр модели — около 1230 года,safe_with_context,low,variant,pass:variant,variant_not_new_entity,Семантическое решение: Сломанные прутья — состояние корзины и её деталей. Основание: category-level evidence (category_form_material_process_or_context).
data/normalized_source_tables/material_entities/material_entities.csv:OMI01579,Снятая тканевая выстилка корзины,needs_check,needs_check,,buildings-interiors-containers,,,logical_necessity,Хорошо подтверждаемая реконструкция по нескольким источникам; конкретная форма или сочетание не всегда найдено в одном закрытом комплексе около 1230 года.,removed_basket_lining,data/normalized_source_tables/material_entities/material_entities.csv#OMI01579,B,1180–1260,Великий Новгород и Новгородская земля; центр модели — около 1230 года,safe_with_explicit_context,medium,needs_check,needs_check,needs_check,"Сопоставимой игровой сущности не найдено; исторический материальный тип включается по D40. Семантическое решение: отдельный кандидат; family_key/name_ru не совпадают с другим включённым типом после проверки состояний, количества, тары и назначения."
data/normalized_source_tables/material_entities/material_entities.csv:OMI01580,Дощечка боковины ящика,include_d39,new,,buildings-interiors-containers,,,sourced,"Прямые археологические, письменные или стратиграфически привязанные новгородские данные; запись допустима для обычной генерации в подходящем контексте.",box_side_board,data/normalized_source_tables/material_entities/material_entities.csv#OMI01580,A,1180–1260,Великий Новгород и Новгородская земля; центр модели — около 1230 года,safe_with_context,low,distinct,pass:included,unique_new_name,"Сопоставимой игровой сущности не найдено; исторический материальный тип включается по D40. Основание: прямые данные уровень категории; точное присутствие отдельного экземпляра не утверждается. Семантическое решение: отдельный кандидат; family_key/name_ru не совпадают с другим включённым типом после проверки состояний, количества, тары и назначения."
data/normalized_source_tables/material_entities/material_entities.csv:OMI01581,Дощечка донца ящика,include_d39,new,,buildings-interiors-containers,,,sourced,"Прямые археологические, письменные или стратиграфически привязанные новгородские данные; запись допустима для обычной генерации в подходящем контексте.",box_bottom_board,data/normalized_source_tables/material_entities/material_entities.csv#OMI01581,A,1180–1260,Великий Новгород и Новгородская земля; центр модели — около 1230 года,safe_with_context,low,distinct,pass:included,unique_new_name,"Сопоставимой игровой сущности не найдено; исторический материальный тип включается по D40. Основание: прямые данные уровень категории; точное присутствие отдельного экземпляра не утверждается. Семантическое решение: отдельный кандидат; family_key/name_ru не совпадают с другим включённым типом после проверки состояний, количества, тары и назначения."
data/normalized_source_tables/material_entities/material_entities.csv:OMI01582,Угловой деревянный брусок ящика,include_d39,new,,buildings-interiors-containers,,,logical_necessity,Хорошо подтверждаемая реконструкция по нескольким источникам; конкретная форма или сочетание не всегда найдено в одном закрытом комплексе около 1230 года.,box_corner_cleat,data/normalized_source_tables/material_entities/material_entities.csv#OMI01582,B,1180–1260,Великий Новгород и Новгородская земля; центр модели — около 1230 года,safe_with_explicit_context,medium,distinct,pass:included,unique_new_name,"Сопоставимой игровой сущности не найдено; исторический материальный тип включается по D40. Семантическое решение: отдельный кандидат; family_key/name_ru не совпадают с другим включённым типом после проверки состояний, количества, тары и назначения."
data/normalized_source_tables/material_entities/material_entities.csv:OMI01583,Деревянный шип или нагель ящика,add_variant,variant,buildings-interiors-containers/containers/container_forms.csv#ct_box_plank_crate,buildings-interiors-containers,buildings-interiors-containers,,logical_necessity,Хорошо подтверждаемая реконструкция по нескольким источникам; конкретная форма или сочетание не всегда найдено в одном закрытом комплексе около 1230 года.,box_wooden_pin,data/normalized_source_tables/material_entities/material_entities.csv#OMI01583,B,1180–1260,Великий Новгород и Новгородская земля; центр модели — около 1230 года,safe_with_explicit_context,medium,variant,pass:variant,variant_not_new_entity,Деревянный шип или нагель ящика: Стабильная BIC цель существует; отдельную вторую сущность не создавать. Семантическое решение: variant.
data/normalized_source_tables/material_entities/material_entities.csv:OMI01584,Кожаная петля крышки ящика,needs_check,needs_check,,buildings-interiors-containers,,,logical_necessity,Хорошо подтверждаемая реконструкция по нескольким источникам; конкретная форма или сочетание не всегда найдено в одном закрытом комплексе около 1230 года.,box_leather_hinge,data/normalized_source_tables/material_entities/material_entities.csv#OMI01584,B,1180–1260,Великий Новгород и Новгородская земля; центр модели — около 1230 года,safe_with_explicit_context,medium,needs_check,needs_check,needs_check,"Сопоставимой игровой сущности не найдено; исторический материальный тип включается по D40. Семантическое решение: отдельный кандидат; family_key/name_ru не совпадают с другим включённым типом после проверки состояний, количества, тары и назначения."
data/normalized_source_tables/material_entities/material_entities.csv:OMI01585,Верёвочная ручка ящика,needs_check,needs_check,crafts-tools-processes/materials_registry/material_entities.csv#n1230:material_item:omi00359,crafts-tools-processes,crafts-tools-processes,crafts-tools-processes/materials_registry/material_entities.csv#n1230:material_item:omi00359,logical_necessity,Хорошо подтверждаемая реконструкция по нескольким источникам; конкретная форма или сочетание не всегда найдено в одном закрытом комплексе около 1230 года.,box_rope_handle,data/normalized_source_tables/material_entities/material_entities.csv#OMI01585,B,1180–1260,Великий Новгород и Новгородская земля; центр модели — около 1230 года,safe_with_explicit_context,medium,needs_check,needs_check,needs_check,"Семантическое решение: Владелец текстильного материала, волокна или снасти — crafts; форму, состояние, длину, упаковку и назначение хранить как вариант."
data/normalized_source_tables/material_entities/material_entities.csv:OMI01586,Сломанный угол ящика,add_variant,variant,buildings-interiors-containers/containers/container_forms.csv#ct_box_plank_crate,buildings-interiors-containers,,,sourced,"Прямые археологические, письменные или стратиграфически привязанные новгородские данные; запись допустима для обычной генерации в подходящем контексте.",broken_box_corner,data/normalized_source_tables/material_entities/material_entities.csv#OMI01586,A,1180–1260,Великий Новгород и Новгородская земля; центр модели — около 1230 года,safe_with_context,low,variant,pass:variant,variant_not_new_entity,Семантическое решение: Сломанный угол — повреждённое состояние дощатого ящика. Основание: category-level evidence (category_form_material_process_or_context).
data/normalized_source_tables/material_entities/material_entities.csv:OMI01587,Бочарная клёпка запасная,needs_check,needs_check,buildings-interiors-containers/interiors/material_entities.csv#n1230:material_item:omi00077,buildings-interiors-containers,,,sourced,"Прямые археологические, письменные или стратиграфически привязанные новгородские данные; запись допустима для обычной генерации в подходящем контексте.",spare_barrel_stave,data/normalized_source_tables/material_entities/material_entities.csv#OMI01587,A,1180–1260,Великий Новгород и Новгородская земля; центр модели — около 1230 года,safe_with_context,low,needs_check,needs_check,needs_check,Семантическое решение: Запасная клёпка — стадия/запас конструктивной детали. Основание: category-level evidence (category_form_material_process_or_context).
data/normalized_source_tables/material_entities/material_entities.csv:OMI01588,Короткая клёпка малого бочонка,needs_check,needs_check,buildings-interiors-containers/interiors/material_entities.csv#n1230:material_item:omi00077,buildings-interiors-containers,,,sourced,"Прямые археологические, письменные или стратиграфически привязанные новгородские данные; запись допустима для обычной генерации в подходящем контексте.",small_cask_stave,data/normalized_source_tables/material_entities/material_entities.csv#OMI01588,A,1180–1260,Великий Новгород и Новгородская земля; центр модели — около 1230 года,safe_with_context,low,needs_check,needs_check,needs_check,Семантическое решение: Короткая клёпка — размерный вариант детали сосуда. Основание: category-level evidence (category_form_material_process_or_context).
data/normalized_source_tables/material_entities/material_entities.csv:OMI01589,Дощечка донца бочки,include_d39,new,,buildings-interiors-containers,,,sourced,"Прямые археологические, письменные или стратиграфически привязанные новгородские данные; запись допустима для обычной генерации в подходящем контексте.",barrel_head_board,data/normalized_source_tables/material_entities/material_entities.csv#OMI01589,A,1180–1260,Великий Новгород и Новгородская земля; центр модели — около 1230 года,safe_with_context,low,distinct,pass:included,unique_new_name,Семантическое решение: Дощечка донца — отдельная деталь клёпаной тары. Основание: category-level evidence (category_form_material_process_or_context).
data/normalized_source_tables/material_entities/material_entities.csv:OMI01590,Собранное деревянное донце бочки,needs_check,needs_check,buildings-interiors-containers/interiors/material_entities.csv#n1230:material_item:omi00079,buildings-interiors-containers,,,sourced,"Прямые археологические, письменные или стратиграфически привязанные новгородские данные; запись допустима для обычной генерации в подходящем контексте.",barrel_head,data/normalized_source_tables/material_entities/material_entities.csv#OMI01590,A,1180–1260,Великий Новгород и Новгородская земля; центр модели — около 1230 года,safe_with_context,low,needs_check,needs_check,needs_check,Семантическое решение: Собранное донце — стадия деревянного донца бочки а не отдельный owner. Основание: category-level evidence (category_form_material_process_or_context).
data/normalized_source_tables/material_entities/material_entities.csv:OMI01591,Круглая крышка кадки,reference_only,reference,items/household.csv#it_hh_vessel_lid_wood,,items-household-personal,items/household.csv#it_hh_vessel_lid_wood,sourced,"Прямые археологические, письменные или стратиграфически привязанные новгородские данные; запись допустима для обычной генерации в подходящем контексте.",tub_lid,data/normalized_source_tables/material_entities/material_entities.csv#OMI01591,A,1180–1260,Великий Новгород и Новгородская земля; центр модели — около 1230 года,safe_with_context,low,routed,pass:routed,routed_to_owner,Семантическое решение: Крышка кадки относится к бытовой крышке IHP; тип ёмкости остаётся контекстом. Основание: category-level evidence (category_form_material_process_or_context).
data/normalized_source_tables/material_entities/material_entities.csv:OMI01592,Деревянный пазовый обруч бочки — заготовка,include_d39,new,,buildings-interiors-containers,,,logical_necessity,Хорошо подтверждаемая реконструкция по нескольким источникам; конкретная форма или сочетание не всегда найдено в одном закрытом комплексе около 1230 года.,wooden_barrel_hoop,data/normalized_source_tables/material_entities/material_entities.csv#OMI01592,B,1180–1260,Великий Новгород и Новгородская земля; центр модели — около 1230 года,safe_with_explicit_context,medium,distinct,pass:included,unique_new_name,Семантическое решение: Пазовый обруч — отдельная конструктивная деталь тары.
data/normalized_source_tables/material_entities/material_entities.csv:OMI01593,Ивовый прутяной обруч тары,needs_check,needs_check,buildings-interiors-containers/interiors/material_entities.csv#n1230:material_item:omi01592,buildings-interiors-containers,,,logical_necessity,Хорошо подтверждаемая реконструкция по нескольким источникам; конкретная форма или сочетание не всегда найдено в одном закрытом комплексе около 1230 года.,withe_hoop,data/normalized_source_tables/material_entities/material_entities.csv#OMI01593,B,1180–1260,Великий Новгород и Новгородская земля; центр модели — около 1230 года,safe_with_explicit_context,medium,needs_check,needs_check,needs_check,Семантическое решение: Ивовый обруч — материальный вариант того же обруча тары.
data/normalized_source_tables/material_entities/material_entities.csv:OMI01594,Запасной обруч тары,needs_check,needs_check,buildings-interiors-containers/interiors/material_entities.csv#n1230:material_item:omi01592,buildings-interiors-containers,,,sourced,"Прямые археологические, письменные или стратиграфически привязанные новгородские данные; запись допустима для обычной генерации в подходящем контексте.",spare_container_hoop,data/normalized_source_tables/material_entities/material_entities.csv#OMI01594,A,1180–1260,Великий Новгород и Новгородская земля; центр модели — около 1230 года,safe_with_context,low,needs_check,needs_check,needs_check,Семантическое решение: Запасной обруч — количество/назначение не образуют новый тип. Основание: category-level evidence (category_form_material_process_or_context).
data/normalized_source_tables/material_entities/material_entities.csv:OMI01595,Расколотая клёпка с остатками содержимого,needs_check,needs_check,buildings-interiors-containers/interiors/material_entities.csv#n1230:material_item:omi00077,buildings-interiors-containers,,,sourced,"Прямые археологические, письменные или стратиграфически привязанные новгородские данные; запись допустима для обычной генерации в подходящем контексте.",stave_with_residue,data/normalized_source_tables/material_entities/material_entities.csv#OMI01595,A,1180–1260,Великий Новгород и Новгородская земля; центр модели — около 1230 года,safe_with_context,low,needs_check,needs_check,needs_check,Семантическое решение: Расколотая клёпка с остатками — состояние клёпки существующей тары. Основание: category-level evidence (category_form_material_process_or_context).
data/normalized_source_tables/material_entities/material_entities.csv:OMI01596,Снятый обруч с вдавленным следом клёпок,needs_check,needs_check,buildings-interiors-containers/interiors/material_entities.csv#n1230:material_item:omi01592,buildings-interiors-containers,,,sourced,"Прямые археологические, письменные или стратиграфически привязанные новгородские данные; запись допустима для обычной генерации в подходящем контексте.",removed_hoop_impressed,data/normalized_source_tables/material_entities/material_entities.csv#OMI01596,A,1180–1260,Великий Новгород и Новгородская земля; центр модели — около 1230 года,safe_with_context,low,needs_check,needs_check,needs_check,Семантическое решение: Снятый обруч — состояние существующего обруча тары. Основание: category-level evidence (category_form_material_process_or_context).
data/normalized_source_tables/material_entities/material_entities.csv:OMI01597,"Деревянная пробка, привязанная к бочке",needs_check,needs_check,buildings-interiors-containers/interiors/material_entities.csv#n1230:material_item:omi00081,buildings-interiors-containers,,,logical_necessity,Хорошо подтверждаемая реконструкция по нескольким источникам; конкретная форма или сочетание не всегда найдено в одном закрытом комплексе около 1230 года.,tethered_barrel_bung,data/normalized_source_tables/material_entities/material_entities.csv#OMI01597,B,1180–1260,Великий Новгород и Новгородская земля; центр модели — около 1230 года,safe_with_explicit_context,medium,needs_check,needs_check,needs_check,Семантическое решение: Привязанная к бочке пробка — форма/комплектация базовой пробки.
data/normalized_source_tables/material_entities/material_entities.csv:OMI01598,Соломенная подкладка под бочкой,add_variant,new,crafts-tools-processes/materials_registry/materials.csv#mt_straw,crafts-tools-processes,crafts-tools-processes,crafts-tools-processes/materials_registry/materials.csv#mt_straw,logical_necessity,Хорошо подтверждаемая реконструкция по нескольким источникам; конкретная форма или сочетание не всегда найдено в одном закрытом комплексе около 1230 года.,barrel_straw_bedding,data/normalized_source_tables/material_entities/material_entities.csv#OMI01598,B,1180–1260,Великий Новгород и Новгородская земля; центр модели — около 1230 года,safe_with_explicit_context,medium,routed,pass:routed,routed_to_owner,"Семантическое решение: Соломенная подкладка выравнивает и защищает бочку; straw принадлежит crafts mt_straw, бочка лишь контекст применения."
data/normalized_source_tables/material_entities/material_entities.csv:OMI01600,След зерна на дне ларя,reference_only,reference,food/material_entities.csv#n1230:material_item:omi01288,,food-drink,food/material_entities.csv#n1230:material_item:omi01288,sourced,"Прямые археологические, письменные или стратиграфически привязанные новгородские данные; запись допустима для обычной генерации в подходящем контексте.",grain_bin_residue,data/normalized_source_tables/material_entities/material_entities.csv#OMI01600,A,1180–1260,Великий Новгород и Новгородская земля; центр модели — около 1230 года,safe_with_context,low,routed,pass:routed,routed_to_owner,Семантическое решение: Grain residue on storage bin is food material residue; container context does not change owner. Основание: category-level evidence (category_form_material_process_or_context).
data/normalized_source_tables/material_entities/material_entities.csv:OMI01601,Соляная крошка на дне бочки,needs_check,needs_check,materials_registry/material_entities.csv#n1230:material_item:omi01196,crafts-tools-processes,crafts-tools-processes,materials_registry/material_entities.csv#n1230:material_item:omi01196,sourced,"Прямые археологические, письменные или стратиграфически привязанные новгородские данные; запись допустима для обычной генерации в подходящем контексте.",barrel_salt_residue,data/normalized_source_tables/material_entities/material_entities.csv#OMI01601,A,1180–1260,Великий Новгород и Новгородская земля; центр модели — около 1230 года,safe_with_context,low,needs_check,needs_check,needs_check,"Семантическое решение: Соляная крошка на дне бочки соответствует crafts entity OMI01196; BIC передаёт владельцу соль, не дублируя содержимое бочки. Основание: category-level evidence (category_form_material_process_or_context)."
data/normalized_source_tables/material_entities/material_entities.csv:OMI01602,Рыбный жир и чешуя на клёпке,needs_check,needs_check,buildings-interiors-containers/interiors/material_entities.csv#n1230:material_item:omi00077,buildings-interiors-containers,,,sourced,"Прямые археологические, письменные или стратиграфически привязанные новгородские данные; запись допустима для обычной генерации в подходящем контексте.",fish_barrel_stave_residue,data/normalized_source_tables/material_entities/material_entities.csv#OMI01602,A,1180–1260,Великий Новгород и Новгородская земля; центр модели — около 1230 года,safe_with_context,low,needs_check,needs_check,needs_check,"Семантическое решение: round2 groups container residues 01602–01605 as item states; fish residue on a stave is retained as state/variant of the BIC vessel OMI00077, not a new residue entity. Основание: category-level evidence (category_form_material_process_or_context)."
data/normalized_source_tables/material_entities/material_entities.csv:OMI01603,Медовый воск на клёпке,needs_check,needs_check,buildings-interiors-containers/interiors/material_entities.csv#n1230:material_item:omi00077,buildings-interiors-containers,,,logical_necessity,Хорошо подтверждаемая реконструкция по нескольким источникам; конкретная форма или сочетание не всегда найдено в одном закрытом комплексе около 1230 года.,honey_barrel_residue,data/normalized_source_tables/material_entities/material_entities.csv#OMI01603,B,1180–1260,Великий Новгород и Новгородская земля; центр модели — около 1230 года,safe_with_explicit_context,medium,needs_check,needs_check,needs_check,"Семантическое решение: round2 groups container residues 01602–01605 as item states; honey wax on a stave is retained as state/variant of the BIC vessel OMI00077, not a new residue entity."
data/normalized_source_tables/material_entities/material_entities.csv:OMI01604,Смоляной налёт внутри тары,add_variant,variant,buildings-interiors-containers/containers/container_forms.csv#ct_barrel_oak,buildings-interiors-containers,,,logical_necessity,Хорошо подтверждаемая реконструкция по нескольким источникам; конкретная форма или сочетание не всегда найдено в одном закрытом комплексе около 1230 года.,resin_container_coating,data/normalized_source_tables/material_entities/material_entities.csv#OMI01604,B,1180–1260,Великий Новгород и Новгородская земля; центр модели — около 1230 года,safe_with_explicit_context,medium,variant,pass:variant,variant_not_new_entity,"Семантическое решение: round2 groups container residues 01602–01605 as item states, like OMI01606; this nonspecific residue is retained as state of the closest canonical container form, ct_barrel_oak."
data/normalized_source_tables/material_entities/material_entities.csv:OMI01605,Неопределимый органический осадок тары,add_variant,variant,buildings-interiors-containers/containers/container_forms.csv#ct_box_wooden_small,buildings-interiors-containers,,,logical_necessity,Хорошо подтверждаемая реконструкция по нескольким источникам; конкретная форма или сочетание не всегда найдено в одном закрытом комплексе около 1230 года.,container_organic_residue,data/normalized_source_tables/material_entities/material_entities.csv#OMI01605,B,1180–1260,Великий Новгород и Новгородская земля; центр модели — около 1230 года,safe_with_explicit_context,medium,variant,pass:variant,variant_not_new_entity,"Семантическое решение: Неопределимый органический осадок — состояние/содержимое деревянной тары, а не самостоятельный тип вещи; вариант небольшой деревянной коробочки."
data/normalized_source_tables/material_entities/material_entities.csv:OMI01606,Плесень на внутренней поверхности тары,add_variant,variant,buildings-interiors-containers/containers/container_forms.csv#ct_barrel_oak,buildings-interiors-containers,,,logical_necessity,Хорошо подтверждаемая реконструкция по нескольким источникам; конкретная форма или сочетание не всегда найдено в одном закрытом комплексе около 1230 года.,container_mould,data/normalized_source_tables/material_entities/material_entities.csv#OMI01606,B,1180–1260,Великий Новгород и Новгородская земля; центр модели — около 1230 года,safe_with_explicit_context,medium,variant,pass:variant,variant_not_new_entity,Семантическое решение: Плесень на внутренней поверхности — состояние тары а не железная сущность.
data/normalized_source_tables/material_entities/material_entities.csv:OMI01761,Масло или жир для лампады — без точного вида,include_d39,new,,buildings-interiors-containers,,,analogy,Функционально и технологически правдоподобная гипотеза; не использовать как автоматическое наполнение без явного контекста.,lamp_fuel,data/normalized_source_tables/material_entities/material_entities.csv#OMI01761,C,1180–1260,Великий Новгород и Новгородская земля; центр модели — около 1230 года,explicit_context_only,high,distinct,pass:included,unique_new_name,"Сущность не найдена в каталоге группы; архивный тип допустим по D40. Семантическое решение: отдельный кандидат; family_key/name_ru не совпадают с другим включённым типом после проверки состояний, количества, тары и назначения."
data/normalized_source_tables/material_entities/material_entities.csv:OMI01762,Масляный налёт лампады,reference_only,reference,items/household.csv#it_hh_ceramic_lamp,,items-household-personal,items/household.csv#it_hh_ceramic_lamp,logical_necessity,Хорошо подтверждаемая реконструкция по нескольким источникам; конкретная форма или сочетание не всегда найдено в одном закрытом комплексе около 1230 года.,lamp_oil_residue,data/normalized_source_tables/material_entities/material_entities.csv#OMI01762,B,1180–1260,Великий Новгород и Новгородская земля; центр модели — около 1230 года,safe_with_explicit_context,medium,routed,pass:routed,routed_to_owner,Семантическое решение: Масляный остаток — след на бытовом светильнике; ссылка на бытовую керамическую лампу IHP.
data/normalized_source_tables/material_entities/material_entities.csv:OMI01763,Копоть от лампады,reference_only,reference,items/household.csv#it_hh_ceramic_lamp,,items-household-personal,items/household.csv#it_hh_ceramic_lamp,logical_necessity,Хорошо подтверждаемая реконструкция по нескольким источникам; конкретная форма или сочетание не всегда найдено в одном закрытом комплексе около 1230 года.,lamp_soot,data/normalized_source_tables/material_entities/material_entities.csv#OMI01763,B,1180–1260,Великий Новгород и Новгородская земля; центр модели — около 1230 года,safe_with_explicit_context,medium,routed,pass:routed,routed_to_owner,"Семантическое решение: Копоть — состояние бытового светильника, не самостоятельное BIC определение; ссылка на керамическую лампу IHP."
data/normalized_source_tables/material_entities/material_entities.csv:OMI01764,Восковые потёки на подсвечнике,reference_only,reference,items/household.csv#it_hh_candlestick_iron,,items-household-personal,items/household.csv#it_hh_candlestick_iron,sourced,"Прямые археологические, письменные или стратиграфически привязанные новгородские данные; запись допустима для обычной генерации в подходящем контексте.",candlestick_wax_runs,data/normalized_source_tables/material_entities/material_entities.csv#OMI01764,A,1180–1260,Великий Новгород и Новгородская земля; центр модели — около 1230 года,safe_with_context,low,routed,pass:routed,routed_to_owner,Семантическое решение: Восковые потёки — след на бытовом подсвечнике; ссылка на железный подсвечник IHP. Основание: category-level evidence (category_form_material_process_or_context).
data/normalized_source_tables/material_entities/material_entities.csv:OMI01765,Огарки церковных свечей,reference_only,reference,items/household.csv#it_hh_wax_candle,,items-household-personal,items/household.csv#it_hh_wax_candle,logical_necessity,Хорошо подтверждаемая реконструкция по нескольким источникам; конкретная форма или сочетание не всегда найдено в одном закрытом комплексе около 1230 года.,church_candle_stubs,data/normalized_source_tables/material_entities/material_entities.csv#OMI01765,B,1180–1260,Великий Новгород и Новгородская земля; центр модели — около 1230 года,safe_with_explicit_context,medium,routed,pass:routed,routed_to_owner,Семантическое решение: Burnt-down candle stub is a consumption state of the existing household wax candle.
data/normalized_source_tables/material_entities/material_entities.csv:OMI01766,Свечной фитиль в мотке,needs_check,needs_check,materials_registry/material_entities.csv#n1230:material_item:omi01499,,crafts-tools-processes,materials_registry/material_entities.csv#n1230:material_item:omi01499,logical_necessity,Хорошо подтверждаемая реконструкция по нескольким источникам; конкретная форма или сочетание не всегда найдено в одном закрытом комплексе около 1230 года.,candle_wick_stock,data/normalized_source_tables/material_entities/material_entities.csv#OMI01766,B,1180–1260,Великий Новгород и Новгородская земля; центр модели — около 1230 года,safe_with_explicit_context,medium,needs_check,needs_check,needs_check,"Семантическое решение: Coiled candle wick is packaging/quantity form of candle-wick stock, not flax fiber stock."
data/normalized_source_tables/material_entities/material_entities.csv:OMI01767,Восковая крошка со стола свечника,needs_check,needs_check,,crafts-tools-processes,crafts-tools-processes,,logical_necessity,Хорошо подтверждаемая реконструкция по нескольким источникам; конкретная форма или сочетание не всегда найдено в одном закрытом комплексе около 1230 года.,candle_making_wax_crumbs,data/normalized_source_tables/material_entities/material_entities.csv#OMI01767,B,1180–1260,Великий Новгород и Новгородская земля; центр модели — около 1230 года,safe_with_explicit_context,medium,needs_check,needs_check,needs_check,"Восковая крошка со стола свечника: Отход, сырьё, инструмент или состояние ремесла; kind-owner crafts-tools-processes. Семантическое решение: routed."
data/normalized_source_tables/material_entities/material_entities.csv:OMI02142,Смешанный домашний смёт,needs_check,needs_check,,items-household-personal,items-household-personal,,sourced,"Прямые археологические, письменные или стратиграфически привязанные новгородские данные; запись допустима для обычной генерации в подходящем контексте.",household_mixed_sweepings,data/normalized_source_tables/material_entities/material_entities.csv#OMI02142,A,1180–1260,Великий Новгород и Новгородская земля; центр модели — около 1230 года,safe_with_context,low,needs_check,needs_check,needs_check,Сущность не найдена в каталоге группы; архивный тип допустим по D40. Основание: прямые данные уровень категории; точное присутствие отдельного экземпляра не утверждается. Семантическое решение: routed; бытовая вещь или след быта; BIC не владеет сущностью
data/normalized_source_tables/material_entities/material_entities.csv:OMI02143,Кухонный мусор из костей и черепков,needs_check,needs_check,,items-household-personal,items-household-personal,,sourced,"Прямые археологические, письменные или стратиграфически привязанные новгородские данные; запись допустима для обычной генерации в подходящем контексте.",kitchen_refuse_mix,data/normalized_source_tables/material_entities/material_entities.csv#OMI02143,A,1180–1260,Великий Новгород и Новгородская земля; центр модели — около 1230 года,safe_with_context,low,needs_check,needs_check,needs_check,Сущность не найдена в каталоге группы; архивный тип допустим по D40. Основание: прямые данные уровень категории; точное присутствие отдельного экземпляра не утверждается. Семантическое решение: routed; бытовая вещь или след быта; BIC не владеет сущностью
data/normalized_source_tables/material_entities/material_entities.csv:OMI02144,Зола с обгоревшими костями,needs_check,needs_check,,items-household-personal,items-household-personal,,sourced,"Прямые археологические, письменные или стратиграфически привязанные новгородские данные; запись допустима для обычной генерации в подходящем контексте.",ash_charred_bones_mix,data/normalized_source_tables/material_entities/material_entities.csv#OMI02144,A,1180–1260,Великий Новгород и Новгородская земля; центр модели — около 1230 года,safe_with_context,low,needs_check,needs_check,needs_check,Сущность не найдена в каталоге группы; архивный тип допустим по D40. Основание: прямые данные уровень категории; точное присутствие отдельного экземпляра не утверждается. Семантическое решение: routed; бытовая вещь или след быта; BIC не владеет сущностью
data/normalized_source_tables/material_entities/material_entities.csv:OMI02145,Зола с зерном и шелухой,needs_check,needs_check,,items-household-personal,items-household-personal,,sourced,"Прямые археологические, письменные или стратиграфически привязанные новгородские данные; запись допустима для обычной генерации в подходящем контексте.",ash_grain_husk_mix,data/normalized_source_tables/material_entities/material_entities.csv#OMI02145,A,1180–1260,Великий Новгород и Новгородская земля; центр модели — около 1230 года,safe_with_context,low,needs_check,needs_check,needs_check,Сущность не найдена в каталоге группы; архивный тип допустим по D40. Основание: прямые данные уровень категории; точное присутствие отдельного экземпляра не утверждается. Семантическое решение: routed; бытовая вещь или след быта; BIC не владеет сущностью
data/normalized_source_tables/material_entities/material_entities.csv:OMI02146,"Солома, волосы и шерсть с пола",needs_check,needs_check,,items-household-personal,items-household-personal,,sourced,"Прямые археологические, письменные или стратиграфически привязанные новгородские данные; запись допустима для обычной генерации в подходящем контексте.",floor_straw_hair_mix,data/normalized_source_tables/material_entities/material_entities.csv#OMI02146,A,1180–1260,Великий Новгород и Новгородская земля; центр модели — около 1230 года,safe_with_context,low,needs_check,needs_check,needs_check,Сущность не найдена в каталоге группы; архивный тип допустим по D40. Основание: прямые данные уровень категории; точное присутствие отдельного экземпляра не утверждается. Семантическое решение: routed; бытовая вещь или след быта; BIC не владеет сущностью
data/normalized_source_tables/material_entities/material_entities.csv:OMI02147,Грязная напольная подстилка,needs_check,needs_check,,items-household-personal,items-household-personal,,sourced,"Прямые археологические, письменные или стратиграфически привязанные новгородские данные; запись допустима для обычной генерации в подходящем контексте.",soiled_floor_bedding,data/normalized_source_tables/material_entities/material_entities.csv#OMI02147,A,1180–1260,Великий Новгород и Новгородская земля; центр модели — около 1230 года,safe_with_context,low,needs_check,needs_check,needs_check,Сущность не найдена в каталоге группы; архивный тип допустим по D40. Основание: прямые данные уровень категории; точное присутствие отдельного экземпляра не утверждается. Семантическое решение: routed; бытовая вещь или след быта; BIC не владеет сущностью
data/normalized_source_tables/material_entities/material_entities.csv:OMI02149,Старая тростниковая или травяная подстилка,needs_check,needs_check,,items-household-personal,items-household-personal,,logical_necessity,Хорошо подтверждаемая реконструкция по нескольким источникам; конкретная форма или сочетание не всегда найдено в одном закрытом комплексе около 1230 года.,removed_rush_flooring,data/normalized_source_tables/material_entities/material_entities.csv#OMI02149,B,1180–1260,Великий Новгород и Новгородская земля; центр модели — около 1230 года,safe_with_explicit_context,medium,needs_check,needs_check,needs_check,Сущность не найдена в каталоге группы; архивный тип допустим по D40. Семантическое решение: routed; бытовая вещь или след быта; BIC не владеет сущностью
data/normalized_source_tables/material_entities/material_entities.csv:OMI02150,Крошки пищи в щели пола,needs_check,needs_check,,food-drink,food-drink,,sourced,"Прямые археологические, письменные или стратиграфически привязанные новгородские данные; запись допустима для обычной генерации в подходящем контексте.",food_crumbs_floor_crack,data/normalized_source_tables/material_entities/material_entities.csv#OMI02150,A,1180–1260,Великий Новгород и Новгородская земля; центр модели — около 1230 года,safe_with_context,low,needs_check,needs_check,needs_check,Семантическое решение: Food crumbs are food residue by kind; floor crack is context Основание: category-level evidence (category_form_material_process_or_context).
data/normalized_source_tables/material_entities/material_entities.csv:OMI02151,Мелкие бусины и иглы в щели пола — совокупность,needs_check,needs_check,,items-household-personal,items-household-personal,,logical_necessity,Хорошо подтверждаемая реконструкция по нескольким источникам; конкретная форма или сочетание не всегда найдено в одном закрытом комплексе около 1230 года.,floor_crack_small_finds,data/normalized_source_tables/material_entities/material_entities.csv#OMI02151,B,1180–1260,Великий Новгород и Новгородская земля; центр модели — около 1230 года,safe_with_explicit_context,medium,needs_check,needs_check,needs_check,Сущность не найдена в каталоге группы; архивный тип допустим по D40. Семантическое решение: routed; бытовая вещь или след быта; BIC не владеет сущностью
data/normalized_source_tables/material_entities/material_entities.csv:OMI02152,Рыбья чешуя в щели пола,reference_only,reference,food/material_entities.csv#n1230:material_item:omi01426,,food-drink,food/material_entities.csv#n1230:material_item:omi01426,sourced,"Прямые археологические, письменные или стратиграфически привязанные новгородские данные; запись допустима для обычной генерации в подходящем контексте.",floor_fish_scales,data/normalized_source_tables/material_entities/material_entities.csv#OMI02152,A,1180–1260,Великий Новгород и Новгородская земля; центр модели — около 1230 года,safe_with_context,low,routed,pass:routed,routed_to_owner,Семантическое решение: Fish-scale identity belongs to food; floor-crack location is a property/context. Основание: category-level evidence (category_form_material_process_or_context).
data/normalized_source_tables/material_entities/material_entities.csv:OMI02153,Зерно и солома под ларем,reference_only,reference,food/material_entities.csv#n1230:material_item:omi01277,,food-drink,food/material_entities.csv#n1230:material_item:omi01277,sourced,"Прямые археологические, письменные или стратиграфически привязанные новгородские данные; запись допустима для обычной генерации в подходящем контексте.",under_bin_grain_straw,data/normalized_source_tables/material_entities/material_entities.csv#OMI02153,A,1180–1260,Великий Новгород и Новгородская земля; центр модели — около 1230 года,safe_with_context,low,routed,pass:routed,routed_to_owner,Семантическое решение: Grain/straw spill under a bin is food material residue; domestic storage is context. Основание: category-level evidence (category_form_material_process_or_context).
data/normalized_source_tables/material_entities/material_entities.csv:OMI02154,Мучная пыль на полке,needs_check,needs_check,,items-household-personal,items-household-personal,,sourced,"Прямые археологические, письменные или стратиграфически привязанные новгородские данные; запись допустима для обычной генерации в подходящем контексте.",shelf_flour_dust,data/normalized_source_tables/material_entities/material_entities.csv#OMI02154,A,1180–1260,Великий Новгород и Новгородская земля; центр модели — около 1230 года,safe_with_context,low,needs_check,needs_check,needs_check,Сущность не найдена в каталоге группы; архивный тип допустим по D40. Основание: прямые данные уровень категории; точное присутствие отдельного экземпляра не утверждается. Семантическое решение: routed; бытовая вещь или след быта; BIC не владеет сущностью
data/normalized_source_tables/material_entities/material_entities.csv:OMI02155,Копоть и паутина в верхней части дома,needs_check,needs_check,,items-household-personal,items-household-personal,,logical_necessity,Хорошо подтверждаемая реконструкция по нескольким источникам; конкретная форма или сочетание не всегда найдено в одном закрытом комплексе около 1230 года.,soot_cobweb_layer,data/normalized_source_tables/material_entities/material_entities.csv#OMI02155,B,1180–1260,Великий Новгород и Новгородская земля; центр модели — около 1230 года,safe_with_explicit_context,medium,needs_check,needs_check,needs_check,Сущность не найдена в каталоге группы; архивный тип допустим по D40. Семантическое решение: routed; бытовая вещь или след быта; BIC не владеет сущностью
data/normalized_source_tables/material_entities/material_entities.csv:OMI02156,Жирная пыль у очага,needs_check,needs_check,,items-household-personal,items-household-personal,,sourced,"Прямые археологические, письменные или стратиграфически привязанные новгородские данные; запись допустима для обычной генерации в подходящем контексте.",greasy_hearth_dust,data/normalized_source_tables/material_entities/material_entities.csv#OMI02156,A,1180–1260,Великий Новгород и Новгородская земля; центр модели — около 1230 года,safe_with_context,low,needs_check,needs_check,needs_check,Сущность не найдена в каталоге группы; архивный тип допустим по D40. Основание: прямые данные уровень категории; точное присутствие отдельного экземпляра не утверждается. Семантическое решение: routed; бытовая вещь или след быта; BIC не владеет сущностью
data/normalized_source_tables/material_entities/material_entities.csv:OMI02157,Засохшие капли пищи у котла,needs_check,needs_check,,food-drink,food-drink,,sourced,"Прямые археологические, письменные или стратиграфически привязанные новгородские данные; запись допустима для обычной генерации в подходящем контексте.",dried_food_spills,data/normalized_source_tables/material_entities/material_entities.csv#OMI02157,A,1180–1260,Великий Новгород и Новгородская земля; центр модели — около 1230 года,safe_with_context,low,needs_check,needs_check,needs_check,Семантическое решение: Dried food drops remain food residue; pot location does not make a BIC entity. Основание: category-level evidence (category_form_material_process_or_context).
data/normalized_source_tables/material_entities/material_entities.csv:OMI02158,"Пролитая каша, смешанная с золой",needs_check,needs_check,,food-drink,food-drink,,logical_necessity,Хорошо подтверждаемая реконструкция по нескольким источникам; конкретная форма или сочетание не всегда найдено в одном закрытом комплексе около 1230 года.,spilled_porridge_ash,data/normalized_source_tables/material_entities/material_entities.csv#OMI02158,B,1180–1260,Великий Новгород и Новгородская земля; центр модели — около 1230 года,safe_with_explicit_context,medium,needs_check,needs_check,needs_check,Семантическое решение: Spilled porridge is food waste; ash admixture is composition/state.
data/normalized_source_tables/material_entities/material_entities.csv:OMI02159,Молочный пролив на деревянном полу,needs_check,needs_check,,food-drink,food-drink,,logical_necessity,Хорошо подтверждаемая реконструкция по нескольким источникам; конкретная форма или сочетание не всегда найдено в одном закрытом комплексе около 1230 года.,spilled_milk_floor,data/normalized_source_tables/material_entities/material_entities.csv#OMI02159,B,1180–1260,Великий Новгород и Новгородская земля; центр модели — около 1230 года,safe_with_explicit_context,medium,needs_check,needs_check,needs_check,Семантическое решение: Spilled milk is dairy residue; floor location is context.
data/normalized_source_tables/material_entities/material_entities.csv:OMI02160,Солевой пролив на полу,needs_check,needs_check,,items-household-personal,items-household-personal,,sourced,"Прямые археологические, письменные или стратиграфически привязанные новгородские данные; запись допустима для обычной генерации в подходящем контексте.",spilled_salt_floor,data/normalized_source_tables/material_entities/material_entities.csv#OMI02160,A,1180–1260,Великий Новгород и Новгородская земля; центр модели — около 1230 года,safe_with_context,low,needs_check,needs_check,needs_check,Сущность не найдена в каталоге группы; архивный тип допустим по D40. Основание: прямые данные уровень категории; точное присутствие отдельного экземпляра не утверждается. Семантическое решение: routed; бытовая вещь или след быта; BIC не владеет сущностью
data/normalized_source_tables/material_entities/material_entities.csv:OMI02161,Мелкие тканевые и кожаные обрезки домашнего ремонта,needs_check,needs_check,materials_registry/material_entities.csv#n1230:material_item:omi00340,crafts-tools-processes,crafts-tools-processes,materials_registry/material_entities.csv#n1230:material_item:omi00340,sourced,"Прямые археологические, письменные или стратиграфически привязанные новгородские данные; запись допустима для обычной генерации в подходящем контексте.",household_mending_scraps,data/normalized_source_tables/material_entities/material_entities.csv#OMI02161,A,1180–1260,Великий Новгород и Новгородская земля; центр модели — около 1230 года,safe_with_context,low,needs_check,needs_check,needs_check,Семантическое решение: Домашние тканевые/кожаные обрезки относятся к существующему владельцу текстильных обрезков; BIC не определяет сырьё. Основание: category-level evidence (category_form_material_process_or_context).
data/normalized_source_tables/material_entities/material_entities.csv:OMI02162,Сломанные деревянные мелочи в корзине на растопку,add_variant,new,materials.csv#mt_wood_generic,crafts-tools-processes,crafts-tools-processes,materials.csv#mt_wood_generic,logical_necessity,Хорошо подтверждаемая реконструкция по нескольким источникам; конкретная форма или сочетание не всегда найдено в одном закрытом комплексе около 1230 года.,broken_smallwood_kindling,data/normalized_source_tables/material_entities/material_entities.csv#OMI02162,B,1180–1260,Великий Новгород и Новгородская земля; центр модели — около 1230 года,safe_with_explicit_context,medium,routed,pass:routed,routed_to_owner,Семантическое решение: Деревянная растопка в корзине — содержимое/партия дерева; корзина только тара.
data/normalized_source_tables/material_entities/material_entities.csv:OMI02163,"Обломки посуды, отложенные для повторного использования",needs_check,needs_check,materials_registry/materials.csv#mt_clay,crafts-tools-processes,crafts-tools-processes,materials_registry/materials.csv#mt_clay,logical_necessity,Хорошо подтверждаемая реконструкция по нескольким источникам; конкретная форма или сочетание не всегда найдено в одном закрытом комплексе около 1230 года.,saved_pottery_sherds,data/normalized_source_tables/material_entities/material_entities.csv#OMI02163,B,1180–1260,Великий Новгород и Новгородская земля; центр модели — около 1230 года,safe_with_explicit_context,medium,needs_check,needs_check,needs_check,"Семантическое решение: Обломки керамической посуды, отложенные для повторного использования, передаются материальному владельцу clay; BIC не считает их железной деталью."
data/normalized_source_tables/material_entities/material_entities.csv:OMI02164,Старые железные мелочи в коробе,needs_check,needs_check,materials_registry/materials.csv#mt_iron,crafts-tools-processes,crafts-tools-processes,materials_registry/materials.csv#mt_iron,logical_necessity,Хорошо подтверждаемая реконструкция по нескольким источникам; конкретная форма или сочетание не всегда найдено в одном закрытом комплексе около 1230 года.,household_iron_scrap_box,data/normalized_source_tables/material_entities/material_entities.csv#OMI02164,B,1180–1260,Великий Новгород и Новгородская земля; центр модели — около 1230 года,safe_with_explicit_context,medium,needs_check,needs_check,needs_check,"Семантическое решение: Старые железные мелочи относятся к железному материалу crafts; OMI00747 — якорь/вариант, не сущность-владелец."
data/normalized_source_tables/material_entities/material_entities.csv:OMI02165,Сгнившие органические остатки в углу,needs_check,needs_check,,items-household-personal,items-household-personal,,logical_necessity,Хорошо подтверждаемая реконструкция по нескольким источникам; конкретная форма или сочетание не всегда найдено в одном закрытом комплексе около 1230 года.,decomposed_corner_refuse,data/normalized_source_tables/material_entities/material_entities.csv#OMI02165,B,1180–1260,Великий Новгород и Новгородская земля; центр модели — около 1230 года,safe_with_explicit_context,medium,needs_check,needs_check,needs_check,Сущность не найдена в каталоге группы; архивный тип допустим по D40. Семантическое решение: routed; бытовая вещь или след быта; BIC не владеет сущностью
data/normalized_source_tables/material_entities/material_entities.csv:OMI02166,"Смешанный слой пола из щепы, соломы и навоза",needs_check,needs_check,,items-household-personal,items-household-personal,,sourced,"Прямые археологические, письменные или стратиграфически привязанные новгородские данные; запись допустима для обычной генерации в подходящем контексте.",trampled_organic_floor,data/normalized_source_tables/material_entities/material_entities.csv#OMI02166,A,1180–1260,Великий Новгород и Новгородская земля; центр модели — около 1230 года,safe_with_context,low,needs_check,needs_check,needs_check,Сущность не найдена в каталоге группы; архивный тип допустим по D40. Основание: прямые данные уровень категории; точное присутствие отдельного экземпляра не утверждается. Семантическое решение: routed; бытовая вещь или след быта; BIC не владеет сущностью
data/normalized_source_tables/material_entities/material_entities.csv:OMI02167,Органический слой выгребной ямы,needs_check,needs_check,,items-household-personal,items-household-personal,,logical_necessity,Хорошо подтверждаемая реконструкция по нескольким источникам; конкретная форма или сочетание не всегда найдено в одном закрытом комплексе около 1230 года.,cesspit_organic_layer,data/normalized_source_tables/material_entities/material_entities.csv#OMI02167,B,1180–1260,Великий Новгород и Новгородская земля; центр модели — около 1230 года,safe_with_explicit_context,medium,needs_check,needs_check,needs_check,Сущность не найдена в каталоге группы; архивный тип допустим по D40. Семантическое решение: routed; бытовая вещь или след быта; BIC не владеет сущностью
data/normalized_source_tables/material_entities/material_entities.csv:OMI02168,Зольная прослойка выгребного заполнения,needs_check,needs_check,,items-household-personal,items-household-personal,,sourced,"Прямые археологические, письменные или стратиграфически привязанные новгородские данные; запись допустима для обычной генерации в подходящем контексте.",cesspit_ash_layer,data/normalized_source_tables/material_entities/material_entities.csv#OMI02168,A,1180–1260,Великий Новгород и Новгородская земля; центр модели — около 1230 года,safe_with_context,low,needs_check,needs_check,needs_check,Сущность не найдена в каталоге группы; архивный тип допустим по D40. Основание: прямые данные уровень категории; точное присутствие отдельного экземпляра не утверждается. Семантическое решение: routed; бытовая вещь или след быта; BIC не владеет сущностью
data/normalized_source_tables/material_entities/material_entities.csv:OMI02169,Черепки и кости в мусорной яме,needs_check,needs_check,,items-household-personal,items-household-personal,,sourced,"Прямые археологические, письменные или стратиграфически привязанные новгородские данные; запись допустима для обычной генерации в подходящем контексте.",refuse_pit_sherds_bones,data/normalized_source_tables/material_entities/material_entities.csv#OMI02169,A,1180–1260,Великий Новгород и Новгородская земля; центр модели — около 1230 года,safe_with_context,low,needs_check,needs_check,needs_check,"Черепки и кости в мусорной яме: точный семантический дубль BIC OMI02143; ссылка на его стабильную сущность, второй owner не создаётся. Семантическое решение: routed; содержимое мусорной ямы — след быта, owner items-household-personal. Основание: category-level evidence (category_form_material_process_or_context)."
data/normalized_source_tables/material_entities/material_entities.csv:OMI02170,Кожаные обрезки в мусорной яме,needs_check,needs_check,materials_registry/material_entities.csv#n1230:material_item:crf0025,crafts-tools-processes,crafts-tools-processes,materials_registry/material_entities.csv#n1230:material_item:crf0025,sourced,"Прямые археологические, письменные или стратиграфически привязанные новгородские данные; запись допустима для обычной генерации в подходящем контексте.",refuse_pit_leather_scraps,data/normalized_source_tables/material_entities/material_entities.csv#OMI02170,A,1180–1260,Великий Новгород и Новгородская земля; центр модели — около 1230 года,safe_with_context,low,needs_check,needs_check,needs_check,Семантическое решение: Кожаные обрезки в яме сохраняют владельца кожаного ремесленного отхода; яма — контекст размещения. Основание: category-level evidence (category_form_material_process_or_context).
data/normalized_source_tables/material_entities/material_entities.csv:OMI02171,Берестяные обрывки в мусоре,needs_check,needs_check,,items-household-personal,items-household-personal,,sourced,"Прямые археологические, письменные или стратиграфически привязанные новгородские данные; запись допустима для обычной генерации в подходящем контексте.",refuse_pit_bark_fragments,data/normalized_source_tables/material_entities/material_entities.csv#OMI02171,A,1180–1260,Великий Новгород и Новгородская земля; центр модели — около 1230 года,safe_with_context,low,needs_check,needs_check,needs_check,Сущность не найдена в каталоге группы; архивный тип допустим по D40. Основание: прямые данные уровень категории; точное присутствие отдельного экземпляра не утверждается. Семантическое решение: routed; бытовая вещь или след быта; BIC не владеет сущностью
data/normalized_source_tables/material_entities/material_entities.csv:OMI02172,Вода и органический ил в яме,needs_check,needs_check,,items-household-personal,items-household-personal,,sourced,"Прямые археологические, письменные или стратиграфически привязанные новгородские данные; запись допустима для обычной генерации в подходящем контексте.",waterlogged_refuse_sludge,data/normalized_source_tables/material_entities/material_entities.csv#OMI02172,A,1180–1260,Великий Новгород и Новгородская земля; центр модели — около 1230 года,safe_with_context,low,needs_check,needs_check,needs_check,Сущность не найдена в каталоге группы; архивный тип допустим по D40. Основание: прямые данные уровень категории; точное присутствие отдельного экземпляра не утверждается. Семантическое решение: routed; бытовая вещь или след быта; BIC не владеет сущностью
data/normalized_source_tables/material_entities/material_entities.csv:OMI02173,Уличная грязь с древесной щепой,needs_check,needs_check,,nature-materials-weather,nature-materials-weather,,sourced,"Прямые археологические, письменные или стратиграфически привязанные новгородские данные; запись допустима для обычной генерации в подходящем контексте.",street_mud_woodchips,data/normalized_source_tables/material_entities/material_entities.csv#OMI02173,A,1180–1260,Великий Новгород и Новгородская земля; центр модели — около 1230 года,safe_with_context,low,needs_check,needs_check,needs_check,Уличная грязь с древесной щепой: природная уличная грязь; kind-owner nature-materials-weather. Семантическое решение: routed. Основание: category-level evidence (category_form_material_process_or_context).
data/normalized_source_tables/material_entities/material_entities.csv:OMI02174,Уличная грязь с навозом,needs_check,needs_check,,nature-materials-weather,nature-materials-weather,,sourced,"Прямые археологические, письменные или стратиграфически привязанные новгородские данные; запись допустима для обычной генерации в подходящем контексте.",street_mud_manure,data/normalized_source_tables/material_entities/material_entities.csv#OMI02174,A,1180–1260,Великий Новгород и Новгородская земля; центр модели — около 1230 года,safe_with_context,low,needs_check,needs_check,needs_check,Уличная грязь с навозом: природная уличная грязь; kind-owner nature-materials-weather. Семантическое решение: routed. Основание: category-level evidence (category_form_material_process_or_context).
data/normalized_source_tables/material_entities/material_entities.csv:OMI02175,Уличная грязь с соломой,needs_check,needs_check,,nature-materials-weather,nature-materials-weather,,sourced,"Прямые археологические, письменные или стратиграфически привязанные новгородские данные; запись допустима для обычной генерации в подходящем контексте.",street_mud_straw,data/normalized_source_tables/material_entities/material_entities.csv#OMI02175,A,1180–1260,Великий Новгород и Новгородская земля; центр модели — около 1230 года,safe_with_context,low,needs_check,needs_check,needs_check,Уличная грязь с соломой: природная уличная грязь; kind-owner nature-materials-weather. Семантическое решение: routed. Основание: category-level evidence (category_form_material_process_or_context).
data/normalized_source_tables/material_entities/material_entities.csv:OMI02176,Уличная грязь с керамической крошкой,needs_check,needs_check,,nature-materials-weather,nature-materials-weather,,sourced,"Прямые археологические, письменные или стратиграфически привязанные новгородские данные; запись допустима для обычной генерации в подходящем контексте.",street_mud_ceramic_grit,data/normalized_source_tables/material_entities/material_entities.csv#OMI02176,A,1180–1260,Великий Новгород и Новгородская земля; центр модели — около 1230 года,safe_with_context,low,needs_check,needs_check,needs_check,Уличная грязь с керамической крошкой: природная уличная грязь; kind-owner nature-materials-weather. Семантическое решение: routed. Основание: category-level evidence (category_form_material_process_or_context).
data/normalized_source_tables/material_entities/material_entities.csv:OMI02177,Уличная грязь с кожаными обрезками,needs_check,needs_check,,nature-materials-weather,nature-materials-weather,,sourced,"Прямые археологические, письменные или стратиграфически привязанные новгородские данные; запись допустима для обычной генерации в подходящем контексте.",street_mud_leather_scraps,data/normalized_source_tables/material_entities/material_entities.csv#OMI02177,A,1180–1260,Великий Новгород и Новгородская земля; центр модели — около 1230 года,safe_with_context,low,needs_check,needs_check,needs_check,Уличная грязь с кожаными обрезками: природная уличная грязь; kind-owner nature-materials-weather. Семантическое решение: routed. Основание: category-level evidence (category_form_material_process_or_context).
data/normalized_source_tables/material_entities/material_entities.csv:OMI02178,Навозный ком на мостовой,add_variant,new,fauna-fish-invertebrates-livestock/fauna/livestock_products.csv#lp_manure,fauna-fish-invertebrates-livestock,fauna-fish-invertebrates-livestock,fauna-fish-invertebrates-livestock/fauna/livestock_products.csv#lp_manure,sourced,"Прямые археологические, письменные или стратиграфически привязанные новгородские данные; запись допустима для обычной генерации в подходящем контексте.",manure_on_pavement,data/normalized_source_tables/material_entities/material_entities.csv#OMI02178,A,1180–1260,Великий Новгород и Новгородская земля; центр модели — около 1230 года,safe_with_context,low,routed,pass:routed,routed_to_owner,"Семантическое решение: Навозный след маршрутизируется владельцу fauna; review target MSC0040 существует только в matcult snapshot, не как canonical BIC entity. Основание: category-level evidence (category_form_material_process_or_context)."
data/normalized_source_tables/material_entities/material_entities.csv:OMI02179,Размазанный навоз в колее,add_variant,new,fauna-fish-invertebrates-livestock/fauna/livestock_products.csv#lp_manure,fauna-fish-invertebrates-livestock,fauna-fish-invertebrates-livestock,fauna-fish-invertebrates-livestock/fauna/livestock_products.csv#lp_manure,sourced,"Прямые археологические, письменные или стратиграфически привязанные новгородские данные; запись допустима для обычной генерации в подходящем контексте.",manure_in_rut,data/normalized_source_tables/material_entities/material_entities.csv#OMI02179,A,1180–1260,Великий Новгород и Новгородская земля; центр модели — около 1230 года,safe_with_context,low,routed,pass:routed,routed_to_owner,"Семантическое решение: Размазанный навоз маршрутизируется владельцу fauna; review target MSC0040 существует только в matcult snapshot, не как canonical BIC entity. Основание: category-level evidence (category_form_material_process_or_context)."
data/normalized_source_tables/material_entities/material_entities.csv:OMI02180,Соломенная труха в колее,add_variant,new,crafts-tools-processes/materials_registry/materials.csv#mt_straw,crafts-tools-processes,crafts-tools-processes,crafts-tools-processes/materials_registry/materials.csv#mt_straw,sourced,"Прямые археологические, письменные или стратиграфически привязанные новгородские данные; запись допустима для обычной генерации в подходящем контексте.",straw_in_rut,data/normalized_source_tables/material_entities/material_entities.csv#OMI02180,A,1180–1260,Великий Новгород и Новгородская земля; центр модели — около 1230 года,safe_with_context,low,routed,pass:routed,routed_to_owner,"Семантическое решение: источник прямо называет соломенную труху и связывает её с перевозкой корма/подстилки; это материал crafts mt_straw, а не mud MSC0047 (материал mud не объясняет соломенную фракцию). Основание: category-level evidence (category_form_material_process_or_context)."
data/normalized_source_tables/material_entities/material_entities.csv:OMI02181,Рассыпанное зерно у склада,reference_only,reference,food/material_entities.csv#n1230:material_item:omi01277,,food-drink,food/material_entities.csv#n1230:material_item:omi01277,sourced,"Прямые археологические, письменные или стратиграфически привязанные новгородские данные; запись допустима для обычной генерации в подходящем контексте.",grain_spill_storehouse,data/normalized_source_tables/material_entities/material_entities.csv#OMI02181,A,1180–1260,Великий Новгород и Новгородская земля; центр модели — около 1230 года,safe_with_context,low,routed,pass:routed,routed_to_owner,Семантическое решение: Grain scatter by storehouse is food spill; location is context Основание: category-level evidence (category_form_material_process_or_context).
data/normalized_source_tables/material_entities/material_entities.csv:OMI02182,Соляная крошка у торговой тары,needs_check,needs_check,,crafts-tools-processes,crafts-tools-processes,,sourced,"Прямые археологические, письменные или стратиграфически привязанные новгородские данные; запись допустима для обычной генерации в подходящем контексте.",salt_spill_market,data/normalized_source_tables/material_entities/material_entities.csv#OMI02182,A,1180–1260,Великий Новгород и Новгородская земля; центр модели — около 1230 года,safe_with_context,low,needs_check,needs_check,needs_check,"Соляная крошка у торговой тары: Отход, сырьё, инструмент или состояние ремесла; kind-owner crafts-tools-processes. Семантическое решение: routed. Основание: category-level evidence (category_form_material_process_or_context)."
data/normalized_source_tables/material_entities/material_entities.csv:OMI02183,Рыбья чешуя у причала,reference_only,reference,food/material_entities.csv#n1230:material_item:omi01426,,food-drink,food/material_entities.csv#n1230:material_item:omi01426,sourced,"Прямые археологические, письменные или стратиграфически привязанные новгородские данные; запись допустима для обычной генерации в подходящем контексте.",pier_fish_scales,data/normalized_source_tables/material_entities/material_entities.csv#OMI02183,A,1180–1260,Великий Новгород и Новгородская земля; центр модели — около 1230 года,safe_with_context,low,routed,pass:routed,routed_to_owner,Семантическое решение: Pier fish scales are fish-processing residue; pier context does not alter owner. Основание: category-level evidence (category_form_material_process_or_context).
data/normalized_source_tables/material_entities/material_entities.csv:OMI02184,Мокрая верёвочная труха у причала,reference_only,reference,materials_registry/materials.csv#mt_cordage,,crafts-tools-processes,materials_registry/materials.csv#mt_cordage,sourced,"Прямые археологические, письменные или стратиграфически привязанные новгородские данные; запись допустима для обычной генерации в подходящем контексте.",pier_rope_fibres,data/normalized_source_tables/material_entities/material_entities.csv#OMI02184,A,1180–1260,Великий Новгород и Новгородская земля; центр модели — около 1230 года,safe_with_context,low,routed,pass:routed,routed_to_owner,"Семантическое решение: Владелец текстильного материала, волокна или снасти — crafts; форму, состояние, длину, упаковку и назначение хранить как вариант. Основание: category-level evidence (category_form_material_process_or_context)."
data/normalized_source_tables/material_entities/material_entities.csv:OMI02185,Щепа от ремонта лодки на берегу,needs_check,needs_check,materials_registry/material_entities.csv#n1230:material_item:omi00179,,crafts-tools-processes,materials_registry/material_entities.csv#n1230:material_item:omi00179,sourced,"Прямые археологические, письменные или стратиграфически привязанные новгородские данные; запись допустима для обычной генерации в подходящем контексте.",shore_boat_chips,data/normalized_source_tables/material_entities/material_entities.csv#OMI02185,A,1180–1260,Великий Новгород и Новгородская земля; центр модели — около 1230 года,safe_with_context,low,needs_check,needs_check,needs_check,Семантическое решение: Boat-repair chips are tool/work-context variation of wood shavings. Основание: category-level evidence (category_form_material_process_or_context).
data/normalized_source_tables/material_entities/material_entities.csv:OMI02186,Смоляная капля на мостках,needs_check,needs_check,,crafts-tools-processes,crafts-tools-processes,,sourced,"Прямые археологические, письменные или стратиграфически привязанные новгородские данные; запись допустима для обычной генерации в подходящем контексте.",pier_resin_drop,data/normalized_source_tables/material_entities/material_entities.csv#OMI02186,A,1180–1260,Великий Новгород и Новгородская земля; центр модели — около 1230 года,safe_with_context,low,needs_check,needs_check,needs_check,Сущность не найдена в каталоге группы; архивный тип допустим по D40. Основание: прямые данные уровень категории; точное присутствие отдельного экземпляра не утверждается. Семантическое решение: routed; ремесленное сырьё/отход/след производственной работы; kind-owner crafts-tools-processes
data/normalized_source_tables/material_entities/material_entities.csv:OMI02187,Железная окалина в грязи у кузницы,needs_check,needs_check,,crafts-tools-processes,crafts-tools-processes,,sourced,"Прямые археологические, письменные или стратиграфически привязанные новгородские данные; запись допустима для обычной генерации в подходящем контексте.",street_forge_scale,data/normalized_source_tables/material_entities/material_entities.csv#OMI02187,A,1180–1260,Великий Новгород и Новгородская земля; центр модели — около 1230 года,safe_with_context,low,needs_check,needs_check,needs_check,"Железная окалина в грязи у кузницы: Отход, сырьё, инструмент или состояние ремесла; kind-owner crafts-tools-processes. Семантическое решение: routed. Основание: category-level evidence (category_form_material_process_or_context)."
data/normalized_source_tables/material_entities/material_entities.csv:OMI02188,Угольная пыль у кузницы,needs_check,needs_check,,crafts-tools-processes,crafts-tools-processes,,sourced,"Прямые археологические, письменные или стратиграфически привязанные новгородские данные; запись допустима для обычной генерации в подходящем контексте.",street_charcoal_dust,data/normalized_source_tables/material_entities/material_entities.csv#OMI02188,A,1180–1260,Великий Новгород и Новгородская земля; центр модели — около 1230 года,safe_with_context,low,needs_check,needs_check,needs_check,"Угольная пыль у кузницы: Отход, сырьё, инструмент или состояние ремесла; kind-owner crafts-tools-processes. Семантическое решение: routed. Основание: category-level evidence (category_form_material_process_or_context)."
data/normalized_source_tables/material_entities/material_entities.csv:OMI02189,Глиняная жижа у гончарной мастерской,needs_check,needs_check,materials_registry/material_entities.csv#n1230:material_item:omi01041,,crafts-tools-processes,materials_registry/material_entities.csv#n1230:material_item:omi01041,sourced,"Прямые археологические, письменные или стратиграфически привязанные новгородские данные; запись допустима для обычной генерации в подходящем контексте.",street_pottery_slurry,data/normalized_source_tables/material_entities/material_entities.csv#OMI02189,A,1180–1260,Великий Новгород и Новгородская земля; центр модели — около 1230 года,safe_with_context,low,needs_check,needs_check,needs_check,Семантическое решение: Глиняная жижа у гончарной мастерской — место/состояние того же осадка. Основание: category-level evidence (category_form_material_process_or_context).
data/normalized_source_tables/material_entities/material_entities.csv:OMI02191,Кожевенная грязь с волосом,needs_check,needs_check,materials_registry/material_entities.csv#n1230:material_item:omi00442,,crafts-tools-processes,materials_registry/material_entities.csv#n1230:material_item:omi00442,sourced,"Прямые археологические, письменные или стратиграфически привязанные новгородские данные; запись допустима для обычной генерации в подходящем контексте.",leatherwork_hair_mud,data/normalized_source_tables/material_entities/material_entities.csv#OMI02191,A,1180–1260,Великий Новгород и Новгородская земля; центр модели — около 1230 года,safe_with_context,low,needs_check,needs_check,needs_check,"Семантическое решение: Hair and leather mud is tannery-pit residue, not generic leather offcuts. Основание: category-level evidence (category_form_material_process_or_context)."
data/normalized_source_tables/material_entities/material_entities.csv:OMI02192,Косторезные опилки в уличной грязи,needs_check,needs_check,materials_registry/material_entities.csv#n1230:material_item:omi00982,,crafts-tools-processes,materials_registry/material_entities.csv#n1230:material_item:omi00982,sourced,"Прямые археологические, письменные или стратиграфически привязанные новгородские данные; запись допустима для обычной генерации в подходящем контексте.",bone_sawdust_street,data/normalized_source_tables/material_entities/material_entities.csv#OMI02192,A,1180–1260,Великий Новгород и Новгородская земля; центр модели — около 1230 года,safe_with_context,low,needs_check,needs_check,needs_check,Семантическое решение: Street mud with dispersed bone sawdust is a context variant of the specific bone-sawdust waste entity. Основание: category-level evidence (category_form_material_process_or_context).
data/normalized_source_tables/material_entities/material_entities.csv:OMI02193,Потерянный одиночный гвоздь в грязи,add_variant,variant,buildings-interiors-containers/buildings/materials_vocab.csv#mat_iron_nail,buildings-interiors-containers,,,sourced,"Прямые археологические, письменные или стратиграфически привязанные новгородские данные; запись допустима для обычной генерации в подходящем контексте.",lost_nail_context,data/normalized_source_tables/material_entities/material_entities.csv#OMI02193,A,1180–1260,Великий Новгород и Новгородская земля; центр модели — около 1230 года,safe_with_context,low,variant,pass:variant,variant_not_new_entity,"Семантическое решение: round1 review maps the lost single nail to CON0010; BIC canonical material vocabulary resolves that target to mat_iron_nail, while mud describes only its location/state. Основание: category-level evidence (category_form_material_process_or_context)."
data/normalized_source_tables/material_entities/material_entities.csv:OMI02194,Потерянная заклёпка в грязи,needs_check,needs_check,materials_registry/materials.csv#mt_iron,crafts-tools-processes,crafts-tools-processes,materials_registry/materials.csv#mt_iron,sourced,"Прямые археологические, письменные или стратиграфически привязанные новгородские данные; запись допустима для обычной генерации в подходящем контексте.",lost_rivet,data/normalized_source_tables/material_entities/material_entities.csv#OMI02194,A,1180–1260,Великий Новгород и Новгородская земля; центр модели — около 1230 года,safe_with_context,low,needs_check,needs_check,needs_check,Семантическое решение: Потерянная заклёпка — железный крепёж/материал crafts; грязь — контекст находки. Основание: category-level evidence (category_form_material_process_or_context).
data/normalized_source_tables/material_entities/material_entities.csv:OMI02195,Потерянная костяная игла в грязи,reference_only,reference,items/household.csv#it_hh_bone_needle,,items-household-personal,items/household.csv#it_hh_bone_needle,sourced,"Прямые археологические, письменные или стратиграфически привязанные новгородские данные; запись допустима для обычной генерации в подходящем контексте.",lost_bone_needle_context,data/normalized_source_tables/material_entities/material_entities.csv#OMI02195,A,1180–1260,Великий Новгород и Новгородская земля; центр модели — около 1230 года,safe_with_context,low,routed,pass:routed,routed_to_owner,Семантическое решение: Lost bone needle is the existing household bone needle in a lost and dirty state. Основание: category-level evidence (category_form_material_process_or_context).
data/normalized_source_tables/material_entities/material_entities.csv:OMI02196,Обломок ключа в уличной грязи,reference_only,reference,items/household.csv#it_hh_key,,items-household-personal,items/household.csv#it_hh_key,sourced,"Прямые археологические, письменные или стратиграфически привязанные новгородские данные; запись допустима для обычной генерации в подходящем контексте.",key_fragment_street,data/normalized_source_tables/material_entities/material_entities.csv#OMI02196,A,1180–1260,Великий Новгород и Новгородская земля; центр модели — около 1230 года,safe_with_context,low,routed,pass:routed,routed_to_owner,Семантическое решение: Broken key fragment is a damaged state of the existing household iron key. Основание: category-level evidence (category_form_material_process_or_context).
data/normalized_source_tables/material_entities/material_entities.csv:OMI02197,Свинцовая пломба в грязи у Торга,needs_check,needs_check,,items-household-personal,items-household-personal,,sourced,"Прямые археологические, письменные или стратиграфически привязанные новгородские данные; запись допустима для обычной генерации в подходящем контексте.",market_lost_lead_seal,data/normalized_source_tables/material_entities/material_entities.csv#OMI02197,A,1180–1260,Великий Новгород и Новгородская земля; центр модели — около 1230 года,safe_with_context,low,needs_check,needs_check,needs_check,Свинцовая пломба в грязи у Торга: бытовой предмет или след быта; kind-owner IHP. Семантическое решение: routed. Основание: category-level evidence (category_form_material_process_or_context).
data/normalized_source_tables/material_entities/material_entities.csv:OMI02198,Стеклянная бусина в мостовой грязи,add_variant,new,clothing-appearance/adornment_appearance/adornment.csv#ad_ac020,clothing-appearance,clothing-appearance,clothing-appearance/adornment_appearance/adornment.csv#ad_ac020,sourced,"Прямые археологические, письменные или стратиграфически привязанные новгородские данные; запись допустима для обычной генерации в подходящем контексте.",street_lost_glass_bead,data/normalized_source_tables/material_entities/material_entities.csv#OMI02198,A,1180–1260,Великий Новгород и Новгородская земля; центр модели — около 1230 года,safe_with_context,low,routed,pass:routed,routed_to_owner,Семантическое решение: Street-lost glass bead is an ornament instance with environmental dirt state; BIC does not own bead identity. Основание: category-level evidence (category_form_material_process_or_context).
data/normalized_source_tables/material_entities/material_entities.csv:OMI02199,Янтарная крошка у мастерской,needs_check,needs_check,materials_registry/material_entities.csv#n1230:material_item:omi01257,,crafts-tools-processes,materials_registry/material_entities.csv#n1230:material_item:omi01257,sourced,"Прямые археологические, письменные или стратиграфически привязанные новгородские данные; запись допустима для обычной генерации в подходящем контексте.",street_amber_chip,data/normalized_source_tables/material_entities/material_entities.csv#OMI02199,A,1180–1260,Великий Новгород и Новгородская земля; центр модели — около 1230 года,safe_with_context,low,needs_check,needs_check,needs_check,Семантическое решение: Workshop amber crumbs duplicate existing amber-bearing workshop dust deposit. Основание: category-level evidence (category_form_material_process_or_context).
data/normalized_source_tables/material_entities/material_entities.csv:OMI02200,Обрывок берестяной грамоты в грязи,needs_check,needs_check,buildings-interiors-containers/buildings/materials_vocab.csv#mat_birch_bark,buildings-interiors-containers,buildings-interiors-containers,,sourced,"Прямые археологические, письменные или стратиграфически привязанные новгородские данные; запись допустима для обычной генерации в подходящем контексте.",street_bark_letter_fragment,data/normalized_source_tables/material_entities/material_entities.csv#OMI02200,A,1180–1260,Великий Новгород и Новгородская земля; центр модели — около 1230 года,safe_with_context,low,needs_check,needs_check,needs_check,REVIEW-imp-crafts-B-1 §1: обрывок берестяной грамоты в грязи не является строительным материалом; отправлен на проверку контекста и владельца. Основание: category-level evidence (category_form_material_process_or_context).
data/normalized_source_tables/material_entities/material_entities.csv:OMI02201,Лужа с плавающей щепой,include_d39,new,nature-materials-weather/natural_materials_soils/natural_materials.csv#nm_river_silt,nature-materials-weather,nature-materials-weather,nature-materials-weather/natural_materials_soils/natural_materials.csv#nm_river_silt,sourced,"Прямые археологические, письменные или стратиграфически привязанные новгородские данные; запись допустима для обычной генерации в подходящем контексте.",puddle_woodchips,data/normalized_source_tables/material_entities/material_entities.csv#OMI02201,A,1180–1260,Великий Новгород и Новгородская земля; центр модели — около 1230 года,safe_with_context,low,routed,pass:routed,routed_to_owner,"Лужа с плавающей щепой: природная уличная грязь/вода, не BIC вещь; kind-owner nature-materials-weather. Семантическое решение: routed. Основание: category-level evidence (category_form_material_process_or_context)."
data/normalized_source_tables/material_entities/material_entities.csv:OMI02202,Лужа с навозной плёнкой,include_d39,new,nature-materials-weather/natural_materials_soils/natural_materials.csv#nm_river_silt,nature-materials-weather,nature-materials-weather,nature-materials-weather/natural_materials_soils/natural_materials.csv#nm_river_silt,sourced,"Прямые археологические, письменные или стратиграфически привязанные новгородские данные; запись допустима для обычной генерации в подходящем контексте.",puddle_manure_film,data/normalized_source_tables/material_entities/material_entities.csv#OMI02202,A,1180–1260,Великий Новгород и Новгородская земля; центр модели — около 1230 года,safe_with_context,low,routed,pass:routed,routed_to_owner,"Лужа с навозной плёнкой: природная уличная грязь/вода, не BIC вещь; kind-owner nature-materials-weather. Семантическое решение: routed. Основание: category-level evidence (category_form_material_process_or_context)."
data/normalized_source_tables/material_entities/material_entities.csv:OMI02203,Ледяная корка с вмёрзшей соломой,include_d39,new,nature-materials-weather/natural_materials_soils/natural_materials.csv#nm_ice,nature-materials-weather,nature-materials-weather,nature-materials-weather/natural_materials_soils/natural_materials.csv#nm_ice,sourced,"Прямые археологические, письменные или стратиграфически привязанные новгородские данные; запись допустима для обычной генерации в подходящем контексте.",ice_straw_inclusion,data/normalized_source_tables/material_entities/material_entities.csv#OMI02203,A,1180–1260,Великий Новгород и Новгородская земля; центр модели — около 1230 года,safe_with_context,low,routed,pass:routed,routed_to_owner,Семантическое решение: Ледяная корка — сезонное состояние природного льда; не BIC material item. Основание: category-level evidence (category_form_material_process_or_context).
data/normalized_source_tables/material_entities/material_entities.csv:OMI02204,Снежная каша с грязью,include_d39,new,nature-materials-weather/natural_materials_soils/natural_materials.csv#nm_snow,nature-materials-weather,nature-materials-weather,nature-materials-weather/natural_materials_soils/natural_materials.csv#nm_snow,sourced,"Прямые археологические, письменные или стратиграфически привязанные новгородские данные; запись допустима для обычной генерации в подходящем контексте.",dirty_slush,data/normalized_source_tables/material_entities/material_entities.csv#OMI02204,A,1180–1260,Великий Новгород и Новгородская земля; центр модели — около 1230 года,safe_with_context,low,routed,pass:routed,routed_to_owner,Семантическое решение: Снежная каша — сезонное состояние снега/воды и грязи. Основание: category-level evidence (category_form_material_process_or_context).
data/normalized_source_tables/material_entities/material_entities.csv:OMI02205,Песок и ил между плахами мостовой,include_d39,new,nature-materials-weather/natural_materials_soils/natural_materials.csv#nm_sand,nature-materials-weather,nature-materials-weather,nature-materials-weather/natural_materials_soils/natural_materials.csv#nm_sand,sourced,"Прямые археологические, письменные или стратиграфически привязанные новгородские данные; запись допустима для обычной генерации в подходящем контексте.",pavement_sand_silt,data/normalized_source_tables/material_entities/material_entities.csv#OMI02205,A,1180–1260,Великий Новгород и Новгородская земля; центр модели — около 1230 года,safe_with_context,low,routed,pass:routed,routed_to_owner,Семантическое решение: Песок и ил в мостовой — природный нанос/грунтовый слой; владелец nature. Основание: category-level evidence (category_form_material_process_or_context).
data/normalized_source_tables/material_entities/material_entities.csv:OMI02206,Сгнившая щепа между настилами,needs_check,needs_check,,crafts-tools-processes,crafts-tools-processes,,sourced,"Прямые археологические, письменные или стратиграфически привязанные новгородские данные; запись допустима для обычной генерации в подходящем контексте.",decayed_pavement_chips,data/normalized_source_tables/material_entities/material_entities.csv#OMI02206,A,1180–1260,Великий Новгород и Новгородская земля; центр модели — около 1230 года,safe_with_context,low,needs_check,needs_check,needs_check,"Сгнившая щепа между настилами: Отход, сырьё, инструмент или состояние ремесла; kind-owner crafts-tools-processes. Семантическое решение: routed. Основание: category-level evidence (category_form_material_process_or_context)."
data/normalized_source_tables/material_entities/material_entities.csv:OMI02207,Обломок доски мостовой с истёртой поверхностью,add_variant,variant,buildings-interiors-containers/buildings/materials_vocab.csv#mat_plank_hewn,buildings-interiors-containers,buildings-interiors-containers,,sourced,"Прямые археологические, письменные или стратиграфически привязанные новгородские данные; запись допустима для обычной генерации в подходящем контексте.",worn_pavement_board_fragment,data/normalized_source_tables/material_entities/material_entities.csv#OMI02207,A,1180–1260,Великий Новгород и Новгородская земля; центр модели — около 1230 года,safe_with_context,low,variant,pass:variant,variant_not_new_entity,Обломок доски мостовой с истёртой поверхностью: состояние/фрагмент/размер/количество/назначение существующего типа; не новая сущность. Семантическое решение: variant. Основание: category-level evidence (category_form_material_process_or_context).
data/normalized_source_tables/material_entities/material_entities.csv:OMI02209,Пучок мха из шва настила,add_variant,new,natural_materials_soils/natural_materials.csv#nm_moss,nature-materials-weather,nature-materials-weather,natural_materials_soils/natural_materials.csv#nm_moss,logical_necessity,Хорошо подтверждаемая реконструкция по нескольким источникам; конкретная форма или сочетание не всегда найдено в одном закрытом комплексе около 1230 года.,pavement_moss_pack,data/normalized_source_tables/material_entities/material_entities.csv#OMI02209,B,1180–1260,Великий Новгород и Новгородская земля; центр модели — около 1230 года,safe_with_explicit_context,medium,routed,pass:routed,routed_to_owner,Семантическое решение: мох из шва настила — природное сырьё nm_moss; BIC не маркирует его как железо.
data/normalized_source_tables/material_entities/material_entities.csv:OMI02210,Водонасыщенный деревянный обломок,add_variant,variant,buildings-interiors-containers/buildings/materials_vocab.csv#mat_log_conifer,buildings-interiors-containers,buildings-interiors-containers,,sourced,"Прямые археологические, письменные или стратиграфически привязанные новгородские данные; запись допустима для обычной генерации в подходящем контексте.",waterlogged_wood_fragment,data/normalized_source_tables/material_entities/material_entities.csv#OMI02210,A,1180–1260,Великий Новгород и Новгородская земля; центр модели — около 1230 года,safe_with_context,low,variant,pass:variant,variant_not_new_entity,Водонасыщенный деревянный обломок: состояние/фрагмент/размер/количество/назначение существующего типа; не новая сущность. Семантическое решение: variant. Основание: category-level evidence (category_form_material_process_or_context).
data/normalized_source_tables/material_entities/material_entities.csv:OMI02211,Почерневшая водонасыщенная доска,add_variant,variant,buildings-interiors-containers/buildings/materials_vocab.csv#mat_plank_hewn,buildings-interiors-containers,buildings-interiors-containers,,sourced,"Прямые археологические, письменные или стратиграфически привязанные новгородские данные; запись допустима для обычной генерации в подходящем контексте.",waterlogged_board,data/normalized_source_tables/material_entities/material_entities.csv#OMI02211,A,1180–1260,Великий Новгород и Новгородская земля; центр модели — около 1230 года,safe_with_context,low,variant,pass:variant,variant_not_new_entity,Почерневшая водонасыщенная доска: состояние/фрагмент/размер/количество/назначение существующего типа; не новая сущность. Семантическое решение: variant. Основание: category-level evidence (category_form_material_process_or_context).
data/normalized_source_tables/material_entities/material_entities.csv:OMI02212,Водонасыщенная деревянная стружка,needs_check,needs_check,materials_registry/material_entities.csv#n1230:material_item:omi00179,,crafts-tools-processes,materials_registry/material_entities.csv#n1230:material_item:omi00179,sourced,"Прямые археологические, письменные или стратиграфически привязанные новгородские данные; запись допустима для обычной генерации в подходящем контексте.",waterlogged_wood_shavings,data/normalized_source_tables/material_entities/material_entities.csv#OMI02212,A,1180–1260,Великий Новгород и Новгородская земля; центр модели — около 1230 года,safe_with_context,low,needs_check,needs_check,needs_check,Семантическое решение: Waterlogged shaving differs by condition only. Основание: category-level evidence (category_form_material_process_or_context).
data/normalized_source_tables/material_entities/material_entities.csv:OMI02213,Водонасыщенный кожаный обрезок,needs_check,needs_check,,crafts-tools-processes,crafts-tools-processes,,sourced,"Прямые археологические, письменные или стратиграфически привязанные новгородские данные; запись допустима для обычной генерации в подходящем контексте.",waterlogged_leather_scrap,data/normalized_source_tables/material_entities/material_entities.csv#OMI02213,A,1180–1260,Великий Новгород и Новгородская земля; центр модели — около 1230 года,safe_with_context,low,needs_check,needs_check,needs_check,"Водонасыщенный кожаный обрезок: Отход, сырьё, инструмент или состояние ремесла; kind-owner crafts-tools-processes. Семантическое решение: routed. Основание: category-level evidence (category_form_material_process_or_context)."
data/normalized_source_tables/material_entities/material_entities.csv:OMI02214,Водонасыщенный фрагмент обувной кожи,add_variant,new,materials_registry/materials.csv#mt_leather_veg,crafts-tools-processes,crafts-tools-processes,materials_registry/materials.csv#mt_leather_veg,sourced,"Прямые археологические, письменные или стратиграфически привязанные новгородские данные; запись допустима для обычной генерации в подходящем контексте.",waterlogged_shoe_leather,data/normalized_source_tables/material_entities/material_entities.csv#OMI02214,A,1180–1260,Великий Новгород и Новгородская земля; центр модели — около 1230 года,safe_with_context,low,routed,pass:routed,routed_to_owner,Семантическое решение: Фрагмент обувной кожи передаётся владельцу материала кожи crafts; BIC не выдаёт железную материальную идентичность. Основание: category-level evidence (category_form_material_process_or_context).
data/normalized_source_tables/material_entities/material_entities.csv:OMI02215,Водонасыщенный текстильный обрывок,add_variant,new,crafts-tools-processes/materials_registry/materials.csv#mt_textile_generic,crafts-tools-processes,crafts-tools-processes,crafts-tools-processes/materials_registry/materials.csv#mt_textile_generic,sourced,"Прямые археологические, письменные или стратиграфически привязанные новгородские данные; запись допустима для обычной генерации в подходящем контексте.",waterlogged_textile,data/normalized_source_tables/material_entities/material_entities.csv#OMI02215,A,1180–1260,Великий Новгород и Новгородская земля; центр модели — около 1230 года,safe_with_context,low,routed,pass:routed,routed_to_owner,"Семантическое решение: Владелец текстильного материала, волокна или снасти — crafts; форму, состояние, длину, упаковку и назначение хранить как вариант. Основание: category-level evidence (category_form_material_process_or_context)."
data/normalized_source_tables/material_entities/material_entities.csv:OMI02216,Водонасыщенная верёвка,include_d39,new,items/household.csv#it_hh_rope,items-household-personal,items-household-personal,items/household.csv#it_hh_rope,sourced,"Прямые археологические, письменные или стратиграфически привязанные новгородские данные; запись допустима для обычной генерации в подходящем контексте.",waterlogged_rope,data/normalized_source_tables/material_entities/material_entities.csv#OMI02216,A,1180–1260,Великий Новгород и Новгородская земля; центр модели — около 1230 года,safe_with_context,low,routed,pass:routed,routed_to_owner,Семантическое решение: Review round2-bicw.md §17: OMI02216 относится к существующей вещи HOU0018 / it_hh_rope; BIC не создаёт rope entity. Основание: category-level evidence (category_form_material_process_or_context).
data/normalized_source_tables/material_entities/material_entities.csv:OMI02217,Водонасыщенная береста,add_variant,variant,buildings-interiors-containers/buildings/materials_vocab.csv#mat_birch_bark,buildings-interiors-containers,buildings-interiors-containers,,sourced,"Прямые археологические, письменные или стратиграфически привязанные новгородские данные; запись допустима для обычной генерации в подходящем контексте.",waterlogged_birch_bark,data/normalized_source_tables/material_entities/material_entities.csv#OMI02217,A,1180–1260,Великий Новгород и Новгородская земля; центр модели — около 1230 года,safe_with_context,low,variant,pass:variant,variant_not_new_entity,"Семантическое решение: водонасыщенность — состояние бересты, поэтому это вариант существующего BIC материала mat_birch_bark, а не отдельная сущность. Основание: category-level evidence (category_form_material_process_or_context)."
data/normalized_source_tables/material_entities/material_entities.csv:OMI02218,Водонасыщенная кость,add_variant,new,materials_registry/materials.csv#mt_bone,crafts-tools-processes,crafts-tools-processes,materials_registry/materials.csv#mt_bone,sourced,"Прямые археологические, письменные или стратиграфически привязанные новгородские данные; запись допустима для обычной генерации в подходящем контексте.",waterlogged_bone,data/normalized_source_tables/material_entities/material_entities.csv#OMI02218,A,1180–1260,Великий Новгород и Новгородская земля; центр модели — около 1230 года,safe_with_context,low,routed,pass:routed,routed_to_owner,"Семантическое решение: Водонасыщенная кость остаётся костью; crafts владеет материалом, вода — состояние. Основание: category-level evidence (category_form_material_process_or_context)."
data/normalized_source_tables/material_entities/material_entities.csv:OMI02219,Чёрный органический ил культурного слоя,include_d39,new,nature-materials-weather/natural_materials_soils/natural_materials.csv#nm_river_silt,nature-materials-weather,nature-materials-weather,nature-materials-weather/natural_materials_soils/natural_materials.csv#nm_river_silt,sourced,"Прямые археологические, письменные или стратиграфически привязанные новгородские данные; запись допустима для обычной генерации в подходящем контексте.",black_cultural_silt,data/normalized_source_tables/material_entities/material_entities.csv#OMI02219,A,1180–1260,Великий Новгород и Новгородская земля; центр модели — около 1230 года,safe_with_context,low,routed,pass:routed,routed_to_owner,Семантическое решение: Органический ил культурного слоя — грунтовый слой/условие места; владелец nature. Основание: category-level evidence (category_form_material_process_or_context).
data/normalized_source_tables/material_entities/material_entities.csv:OMI02220,Светлый песчаный прослой в культурном слое,include_d39,new,nature-materials-weather/natural_materials_soils/natural_materials.csv#nm_sand,nature-materials-weather,nature-materials-weather,nature-materials-weather/natural_materials_soils/natural_materials.csv#nm_sand,sourced,"Прямые археологические, письменные или стратиграфически привязанные новгородские данные; запись допустима для обычной генерации в подходящем контексте.",cultural_sand_layer,data/normalized_source_tables/material_entities/material_entities.csv#OMI02220,A,1180–1260,Великий Новгород и Новгородская земля; центр модели — около 1230 года,safe_with_context,low,routed,pass:routed,routed_to_owner,Семантическое решение: Песчаный прослой — размер/место природного песка; владелец nature. Основание: category-level evidence (category_form_material_process_or_context).
data/normalized_source_tables/material_entities/material_entities.csv:OMI02221,Торфянистый растительный слой,include_d39,new,nature-materials-weather/natural_materials_soils/natural_materials.csv#nm_peat,nature-materials-weather,nature-materials-weather,nature-materials-weather/natural_materials_soils/natural_materials.csv#nm_peat,logical_necessity,Хорошо подтверждаемая реконструкция по нескольким источникам; конкретная форма или сочетание не всегда найдено в одном закрытом комплексе около 1230 года.,peaty_plant_layer,data/normalized_source_tables/material_entities/material_entities.csv#OMI02221,B,1180–1260,Великий Новгород и Новгородская земля; центр модели — около 1230 года,safe_with_explicit_context,medium,routed,pass:routed,routed_to_owner,Семантическое решение: Торфянистый растительный слой — природный грунт/органический слой.
data/normalized_source_tables/material_entities/material_entities.csv:OMI02222,Речной ил на затопленном дворе,include_d39,new,nature-materials-weather/natural_materials_soils/natural_materials.csv#nm_river_silt,nature-materials-weather,nature-materials-weather,nature-materials-weather/natural_materials_soils/natural_materials.csv#nm_river_silt,logical_necessity,Хорошо подтверждаемая реконструкция по нескольким источникам; конкретная форма или сочетание не всегда найдено в одном закрытом комплексе около 1230 года.,flood_silt_yard,data/normalized_source_tables/material_entities/material_entities.csv#OMI02222,B,1180–1260,Великий Новгород и Новгородская земля; центр модели — около 1230 года,safe_with_explicit_context,medium,routed,pass:routed,routed_to_owner,Семантическое решение: Речной ил — природный нанос; не место или household trace.
data/normalized_source_tables/material_entities/material_entities.csv:OMI02223,Песчаный нанос после воды,include_d39,new,nature-materials-weather/natural_materials_soils/natural_materials.csv#nm_sand,nature-materials-weather,nature-materials-weather,nature-materials-weather/natural_materials_soils/natural_materials.csv#nm_sand,logical_necessity,Хорошо подтверждаемая реконструкция по нескольким источникам; конкретная форма или сочетание не всегда найдено в одном закрытом комплексе около 1230 года.,flood_sand_deposit,data/normalized_source_tables/material_entities/material_entities.csv#OMI02223,B,1180–1260,Великий Новгород и Новгородская земля; центр модели — около 1230 года,safe_with_explicit_context,medium,routed,pass:routed,routed_to_owner,Семантическое решение: Песчаный нанос — природный грунт после разлива.
data/normalized_source_tables/material_entities/material_entities.csv:OMI02224,Плавающая щепа после разлива,include_d39,new,nature-materials-weather/natural_materials_soils/natural_materials.csv#nm_driftwood,nature-materials-weather,nature-materials-weather,nature-materials-weather/natural_materials_soils/natural_materials.csv#nm_driftwood,logical_necessity,Хорошо подтверждаемая реконструкция по нескольким источникам; конкретная форма или сочетание не всегда найдено в одном закрытом комплексе около 1230 года.,flood_wood_debris,data/normalized_source_tables/material_entities/material_entities.csv#OMI02224,B,1180–1260,Великий Новгород и Новгородская земля; центр модели — около 1230 года,safe_with_explicit_context,medium,routed,pass:routed,routed_to_owner,Семантическое решение: Плавающая щепа — переносимый водой природный debris; не BIC building material.
data/normalized_source_tables/material_entities/material_entities.csv:OMI02225,"Намокшая мука, схватившаяся комом",needs_check,needs_check,,food-drink,food-drink,,logical_necessity,Хорошо подтверждаемая реконструкция по нескольким источникам; конкретная форма или сочетание не всегда найдено в одном закрытом комплексе около 1230 года.,water_damaged_flour,data/normalized_source_tables/material_entities/material_entities.csv#OMI02225,B,1180–1260,Великий Новгород и Новгородская земля; центр модели — около 1230 года,safe_with_explicit_context,medium,needs_check,needs_check,needs_check,Семантическое решение: Water-damaged flour is spoiled food stock; no matching food entity exists currently.
data/normalized_source_tables/material_entities/material_entities.csv:OMI02226,Намокшее зерно с ростками,needs_check,needs_check,,food-drink,food-drink,,logical_necessity,Хорошо подтверждаемая реконструкция по нескольким источникам; конкретная форма или сочетание не всегда найдено в одном закрытом комплексе около 1230 года.,sprouted_wet_grain,data/normalized_source_tables/material_entities/material_entities.csv#OMI02226,B,1180–1260,Великий Новгород и Новгородская земля; центр модели — около 1230 года,safe_with_explicit_context,medium,needs_check,needs_check,needs_check,Семантическое решение: Sprouted wet grain is spoiled food stock; no matching food entity exists currently.
data/normalized_source_tables/material_entities/material_entities.csv:OMI02227,Разбухшая деревянная крышка,reference_only,reference,items/household.csv#it_hh_vessel_lid_wood,,items-household-personal,items/household.csv#it_hh_vessel_lid_wood,logical_necessity,Хорошо подтверждаемая реконструкция по нескольким источникам; конкретная форма или сочетание не всегда найдено в одном закрытом комплексе около 1230 года.,swollen_wood_lid,data/normalized_source_tables/material_entities/material_entities.csv#OMI02227,B,1180–1260,Великий Новгород и Новгородская земля; центр модели — около 1230 года,safe_with_explicit_context,medium,routed,pass:routed,routed_to_owner,Семантическое решение: Swollen wooden lid is a moisture state of the existing household vessel lid.
data/normalized_source_tables/material_entities/material_entities.csv:OMI02228,Сгнившая верёвочная обвязка,needs_check,needs_check,crafts-tools-processes/materials_registry/material_entities.csv#n1230:material_item:omi00357,crafts-tools-processes,crafts-tools-processes,crafts-tools-processes/materials_registry/material_entities.csv#n1230:material_item:omi00357,sourced,"Прямые археологические, письменные или стратиграфически привязанные новгородские данные; запись допустима для обычной генерации в подходящем контексте.",decayed_lashing,data/normalized_source_tables/material_entities/material_entities.csv#OMI02228,A,1180–1260,Великий Новгород и Новгородская земля; центр модели — около 1230 года,safe_with_context,low,needs_check,needs_check,needs_check,"Семантическое решение: Владелец текстильного материала, волокна или снасти — crafts; форму, состояние, длину, упаковку и назначение хранить как вариант. Основание: category-level evidence (category_form_material_process_or_context)."
data/normalized_source_tables/material_entities/material_entities.csv:OMI02229,Обугленное бревно,add_variant,variant,buildings-interiors-containers/buildings/materials_vocab.csv#mat_log_conifer,buildings-interiors-containers,buildings-interiors-containers,,sourced,"Прямые археологические, письменные или стратиграфически привязанные новгородские данные; запись допустима для обычной генерации в подходящем контексте.",charred_log,data/normalized_source_tables/material_entities/material_entities.csv#OMI02229,A,1180–1260,Великий Новгород и Новгородская земля; центр модели — около 1230 года,safe_with_context,low,variant,pass:variant,variant_not_new_entity,Обугленное бревно: состояние/фрагмент/размер/количество/назначение существующего типа; не новая сущность. Семантическое решение: variant. Основание: category-level evidence (category_form_material_process_or_context).
data/normalized_source_tables/material_entities/material_entities.csv:OMI02230,Обугленная доска,add_variant,variant,buildings-interiors-containers/buildings/materials_vocab.csv#mat_plank_hewn,buildings-interiors-containers,buildings-interiors-containers,,sourced,"Прямые археологические, письменные или стратиграфически привязанные новгородские данные; запись допустима для обычной генерации в подходящем контексте.",charred_board,data/normalized_source_tables/material_entities/material_entities.csv#OMI02230,A,1180–1260,Великий Новгород и Новгородская земля; центр модели — около 1230 года,safe_with_context,low,variant,pass:variant,variant_not_new_entity,Обугленная доска: состояние/фрагмент/размер/количество/назначение существующего типа; не новая сущность. Семантическое решение: variant. Основание: category-level evidence (category_form_material_process_or_context).
data/normalized_source_tables/material_entities/material_entities.csv:OMI02231,Обугленная береста,add_variant,variant,buildings-interiors-containers/buildings/materials_vocab.csv#mat_birch_bark,buildings-interiors-containers,buildings-interiors-containers,,sourced,"Прямые археологические, письменные или стратиграфически привязанные новгородские данные; запись допустима для обычной генерации в подходящем контексте.",charred_birch_bark,data/normalized_source_tables/material_entities/material_entities.csv#OMI02231,A,1180–1260,Великий Новгород и Новгородская земля; центр модели — около 1230 года,safe_with_context,low,variant,pass:variant,variant_not_new_entity,"Семантическое решение: обугленность — состояние бересты, поэтому это вариант существующего BIC материала mat_birch_bark, а не отдельная сущность. Основание: category-level evidence (category_form_material_process_or_context)."
data/normalized_source_tables/material_entities/material_entities.csv:OMI02232,Обугленный тканевый обрывок,add_variant,new,crafts-tools-processes/materials_registry/materials.csv#mt_textile_generic,crafts-tools-processes,crafts-tools-processes,crafts-tools-processes/materials_registry/materials.csv#mt_textile_generic,sourced,"Прямые археологические, письменные или стратиграфически привязанные новгородские данные; запись допустима для обычной генерации в подходящем контексте.",charred_textile_fragment,data/normalized_source_tables/material_entities/material_entities.csv#OMI02232,A,1180–1260,Великий Новгород и Новгородская земля; центр модели — около 1230 года,safe_with_context,low,routed,pass:routed,routed_to_owner,"Семантическое решение: Владелец текстильного материала, волокна или снасти — crafts; форму, состояние, длину, упаковку и назначение хранить как вариант. Основание: category-level evidence (category_form_material_process_or_context)."
data/normalized_source_tables/material_entities/material_entities.csv:OMI02233,Обугленный кожаный обрезок,needs_check,needs_check,materials_registry/material_entities.csv#n1230:material_item:crf0025,crafts-tools-processes,crafts-tools-processes,materials_registry/material_entities.csv#n1230:material_item:crf0025,sourced,"Прямые археологические, письменные или стратиграфически привязанные новгородские данные; запись допустима для обычной генерации в подходящем контексте.",charred_leather_fragment,data/normalized_source_tables/material_entities/material_entities.csv#OMI02233,A,1180–1260,Великий Новгород и Новгородская земля; центр модели — около 1230 года,safe_with_context,low,needs_check,needs_check,needs_check,Семантическое решение: Обугленный кожаный обрезок — состояние кожаного отхода; crafts остаётся единственным владельцем материала. Основание: category-level evidence (category_form_material_process_or_context).
data/normalized_source_tables/material_entities/material_entities.csv:OMI02234,Спёкшаяся глина пожарища,include_d39,new,,buildings-interiors-containers,,,sourced,"Прямые археологические, письменные или стратиграфически привязанные новгородские данные; запись допустима для обычной генерации в подходящем контексте.",fire_hardened_daub,data/normalized_source_tables/material_entities/material_entities.csv#OMI02234,A,1180–1260,Великий Новгород и Новгородская земля; центр модели — около 1230 года,safe_with_context,low,distinct,pass:included,unique_new_name,"Спёкшаяся глина пожарища — строительный фрагмент разрушения постройки; kind-owner BIC. Это контекст разрушения, не природный грунт. Основание: category-level evidence (category_form_material_process_or_context). Семантическое решение: новая BIC material entity."
data/normalized_source_tables/material_entities/material_entities.csv:OMI02235,Ком обмазки с отпечатками прутьев,include_d39,new,,buildings-interiors-containers,,,sourced,"Прямые археологические, письменные или стратиграфически привязанные новгородские данные; запись допустима для обычной генерации в подходящем контексте.",daub_wattle_imprint,data/normalized_source_tables/material_entities/material_entities.csv#OMI02235,A,1180–1260,Великий Новгород и Новгородская земля; центр модели — около 1230 года,safe_with_context,low,distinct,pass:included,unique_new_name,Ком обмазки с отпечатками прутьев — строительный фрагмент стены/обмазки; kind-owner BIC. Основание: category-level evidence (category_form_material_process_or_context). Семантическое решение: новая BIC material entity.
data/normalized_source_tables/material_entities/material_entities.csv:OMI02236,Зольный слой пожарища,include_d39,new,,buildings-interiors-containers,,,sourced,"Прямые археологические, письменные или стратиграфически привязанные новгородские данные; запись допустима для обычной генерации в подходящем контексте.",fire_destruction_ash,data/normalized_source_tables/material_entities/material_entities.csv#OMI02236,A,1180–1260,Великий Новгород и Новгородская земля; центр модели — около 1230 года,safe_with_context,low,distinct,pass:included,unique_new_name,Семантическое решение: Fire destruction ash layer is an independent spatial deposit/lifecycle object. Основание: category-level evidence (category_form_material_process_or_context).
data/normalized_source_tables/material_entities/material_entities.csv:OMI02237,Угольный слой из обрушившейся постройки,include_d39,new,,buildings-interiors-containers,,,sourced,"Прямые археологические, письменные или стратиграфически привязанные новгородские данные; запись допустима для обычной генерации в подходящем контексте.",fire_charcoal_layer,data/normalized_source_tables/material_entities/material_entities.csv#OMI02237,A,1180–1260,Великий Новгород и Новгородская земля; центр модели — около 1230 года,safe_with_context,low,distinct,pass:included,unique_new_name,Семантическое решение: Collapsed-building charcoal layer is an independent spatial deposit/lifecycle object. Основание: category-level evidence (category_form_material_process_or_context).
data/normalized_source_tables/material_entities/material_entities.csv:OMI02238,Оплавленная стеклянная капля пожарища,needs_check,needs_check,materials_registry/material_entities.csv#n1230:material_item:omi01214,,crafts-tools-processes,materials_registry/material_entities.csv#n1230:material_item:omi01214,logical_necessity,Хорошо подтверждаемая реконструкция по нескольким источникам; конкретная форма или сочетание не всегда найдено в одном закрытом комплексе около 1230 года.,fire_melted_glass_drop,data/normalized_source_tables/material_entities/material_entities.csv#OMI02238,B,1180–1260,Великий Новгород и Новгородская земля; центр модели — около 1230 года,safe_with_explicit_context,medium,needs_check,needs_check,needs_check,Семантическое решение: Melted fire-site glass drop is a condition of the existing melted-glass residue.
data/normalized_source_tables/material_entities/material_entities.csv:OMI02239,Деформированная медная фурнитура после пожара,add_variant,new,materials_registry/materials.csv#mt_copper,crafts-tools-processes,crafts-tools-processes,materials_registry/materials.csv#mt_copper,logical_necessity,Хорошо подтверждаемая реконструкция по нескольким источникам; конкретная форма или сочетание не всегда найдено в одном закрытом комплексе около 1230 года.,fire_deformed_copper_fitting,data/normalized_source_tables/material_entities/material_entities.csv#OMI02239,B,1180–1260,Великий Новгород и Новгородская земля; центр модели — около 1230 года,safe_with_explicit_context,medium,routed,pass:routed,routed_to_owner,"Семантическое решение: Деформированная медная фурнитура остаётся copper, не iron; материал принадлежит crafts."
data/normalized_source_tables/material_entities/material_entities.csv:OMI02240,Керамика с вторичным сильным обжигом,reference_only,reference,craft_processes/process_products.csv#pr:ceramic_pot,,crafts-tools-processes,craft_processes/process_products.csv#pr:ceramic_pot,sourced,"Прямые археологические, письменные или стратиграфически привязанные новгородские данные; запись допустима для обычной генерации в подходящем контексте.",refired_pottery_sherd,data/normalized_source_tables/material_entities/material_entities.csv#OMI02240,A,1180–1260,Великий Новгород и Новгородская земля; центр модели — около 1230 года,safe_with_context,low,routed,pass:routed,routed_to_owner,Семантическое решение: Вторичный обжиг меняет состояние керамики а не материал на глину/раствор. Основание: category-level evidence (category_form_material_process_or_context).
data/normalized_source_tables/material_entities/material_entities.csv:OMI02241,"Известковая штукатурка, прокалённая огнём",add_variant,variant,buildings-interiors-containers/buildings/materials_vocab.csv#mat_lime_plaster,buildings-interiors-containers,buildings-interiors-containers,,sourced,"Прямые археологические, письменные или стратиграфически привязанные новгородские данные; запись допустима для обычной генерации в подходящем контексте.",heat_affected_plaster,data/normalized_source_tables/material_entities/material_entities.csv#OMI02241,A,1180–1260,Великий Новгород и Новгородская земля; центр модели — около 1230 года,safe_with_context,low,variant,pass:variant,variant_not_new_entity,"Известковая штукатурка, прокалённая огнём: состояние/фрагмент/размер/количество/назначение существующего типа; не новая сущность. Семантическое решение: variant. Основание: category-level evidence (category_form_material_process_or_context)."
data/normalized_source_tables/material_entities/material_entities.csv:OMI02242,Морозная трещина в деревянной детали — фрагмент,add_variant,variant,buildings-interiors-containers/buildings/materials_vocab.csv#mat_log_conifer,buildings-interiors-containers,buildings-interiors-containers,,logical_necessity,Хорошо подтверждаемая реконструкция по нескольким источникам; конкретная форма или сочетание не всегда найдено в одном закрытом комплексе около 1230 года.,frost_split_wood,data/normalized_source_tables/material_entities/material_entities.csv#OMI02242,B,1180–1260,Великий Новгород и Новгородская земля; центр модели — около 1230 года,safe_with_explicit_context,medium,variant,pass:variant,variant_not_new_entity,Морозная трещина в деревянной детали — фрагмент: состояние/фрагмент/размер/количество/назначение существующего типа; не новая сущность. Семантическое решение: variant.
data/normalized_source_tables/material_entities/material_entities.csv:OMI02243,Слой инея на металлической детали,include_d39,new,nature-materials-weather/natural_materials_soils/natural_materials.csv#nm_ice,nature-materials-weather,nature-materials-weather,nature-materials-weather/natural_materials_soils/natural_materials.csv#nm_ice,logical_necessity,Хорошо подтверждаемая реконструкция по нескольким источникам; конкретная форма или сочетание не всегда найдено в одном закрытом комплексе около 1230 года.,metal_frost,data/normalized_source_tables/material_entities/material_entities.csv#OMI02243,B,1180–1260,Великий Новгород и Новгородская земля; центр модели — около 1230 года,safe_with_explicit_context,medium,routed,pass:routed,routed_to_owner,Семантическое решение: Иней — временное природное состояние поверхности.
data/normalized_source_tables/material_entities/material_entities.csv:OMI02244,Ледяной ком на верёвке,include_d39,new,nature-materials-weather/natural_materials_soils/natural_materials.csv#nm_ice,nature-materials-weather,nature-materials-weather,nature-materials-weather/natural_materials_soils/natural_materials.csv#nm_ice,logical_necessity,Хорошо подтверждаемая реконструкция по нескольким источникам; конкретная форма или сочетание не всегда найдено в одном закрытом комплексе около 1230 года.,rope_ice_clump,data/normalized_source_tables/material_entities/material_entities.csv#OMI02244,B,1180–1260,Великий Новгород и Новгородская земля; центр модели — около 1230 года,safe_with_explicit_context,medium,routed,pass:routed,routed_to_owner,Семантическое решение: Лёд на верёвке — состояние природного льда/снасти.
data/normalized_source_tables/material_entities/material_entities.csv:OMI02245,Солевой выцвет на кирпиче или камне,needs_check,needs_check,,,,,logical_necessity,Хорошо подтверждаемая реконструкция по нескольким источникам; конкретная форма или сочетание не всегда найдено в одном закрытом комплексе около 1230 года.,masonry_salt_efflorescence,data/normalized_source_tables/material_entities/material_entities.csv#OMI02245,B,1180–1260,Великий Новгород и Новгородская земля; центр модели — около 1230 года,safe_with_explicit_context,medium,needs_check,needs_check,needs_check,Семантическое решение: Солевой выцвет — свойство поверхности кирпича/камня; не самостоятельный архивный тип.
data/normalized_source_tables/material_entities/material_entities.csv:OMI02246,Выветренная древесная поверхность серого цвета,add_variant,variant,buildings-interiors-containers/buildings/materials_vocab.csv#mat_log_conifer,buildings-interiors-containers,,,logical_necessity,Хорошо подтверждаемая реконструкция по нескольким источникам; конкретная форма или сочетание не всегда найдено в одном закрытом комплексе около 1230 года.,weathered_wood_surface,data/normalized_source_tables/material_entities/material_entities.csv#OMI02246,B,1180–1260,Великий Новгород и Новгородская земля; центр модели — около 1230 года,safe_with_explicit_context,medium,variant,pass:variant,variant_not_new_entity,Семантическое решение: Weathered grey wood is state/appearance variation of timber
data/normalized_source_tables/material_entities/material_entities.csv:OMI02247,Куча столярной стружки разных размеров,needs_check,needs_check,materials_registry/material_entities.csv#n1230:material_item:omi00182,,crafts-tools-processes,materials_registry/material_entities.csv#n1230:material_item:omi00182,sourced,"Прямые археологические, письменные или стратиграфически привязанные новгородские данные; запись допустима для обычной генерации в подходящем контексте.",woodworking_shavings_heap,data/normalized_source_tables/material_entities/material_entities.csv#OMI02247,A,1180–1260,Великий Новгород и Новгородская земля; центр модели — около 1230 года,safe_with_context,low,needs_check,needs_check,needs_check,Семантическое решение: Accumulated shaving heap varies by size/composition within workshop sweepings. Основание: category-level evidence (category_form_material_process_or_context).
data/normalized_source_tables/material_entities/material_entities.csv:OMI02248,Куча тесовой щепы и коры,needs_check,needs_check,materials_registry/material_entities.csv#n1230:material_item:omi00215,,crafts-tools-processes,materials_registry/material_entities.csv#n1230:material_item:omi00215,sourced,"Прямые археологические, письменные или стратиграфически привязанные новгородские данные; запись допустима для обычной генерации в подходящем контексте.",hewing_waste_heap,data/normalized_source_tables/material_entities/material_entities.csv#OMI02248,A,1180–1260,Великий Новгород и Новгородская земля; центр модели — около 1230 года,safe_with_context,low,needs_check,needs_check,needs_check,Семантическое решение: primary подтверждает тесовую щепу и кору; crafts владеет этой кучей отходов под OMI00215. Основание: category-level evidence (category_form_material_process_or_context).
data/normalized_source_tables/material_entities/material_entities.csv:OMI02249,Отсортированные деревянные обрезки на растопку,needs_check,needs_check,crafts-tools-processes/materials_registry/material_entities.csv#n1230:material_item:omi00214,crafts-tools-processes,crafts-tools-processes,crafts-tools-processes/materials_registry/material_entities.csv#n1230:material_item:omi00214,sourced,"Прямые археологические, письменные или стратиграфически привязанные новгородские данные; запись допустима для обычной генерации в подходящем контексте.",sorted_wood_scrap_fuel,data/normalized_source_tables/material_entities/material_entities.csv#OMI02249,A,1180–1260,Великий Новгород и Новгородская земля; центр модели — около 1230 года,safe_with_context,low,needs_check,needs_check,needs_check,Семантическое решение: Review round2-crafts.md §2: отсортированные деревянные обрезки — crafts variant OMI00214. Основание: category-level evidence (category_form_material_process_or_context).
data/normalized_source_tables/material_entities/material_entities.csv:OMI02250,Кучка неудачных деревянных заготовок,add_variant,new,materials_registry/material_entities.csv#n1230:material_item:omi02250,crafts-tools-processes,crafts-tools-processes,materials_registry/material_entities.csv#n1230:material_item:omi02250,sourced,"Прямые археологические, письменные или стратиграфически привязанные новгородские данные; запись допустима для обычной генерации в подходящем контексте.",rejected_wood_blanks,data/normalized_source_tables/material_entities/material_entities.csv#OMI02250,A,1180–1260,Великий Новгород и Новгородская земля; центр модели — около 1230 года,safe_with_context,low,routed,pass:routed,routed_to_owner,Семантическое решение: Кучка неудачных деревянных заготовок уже представлена crafts entity OMI02250; BIC передаёт владение этому стабильному определению. Основание: category-level evidence (category_form_material_process_or_context).
data/normalized_source_tables/material_entities/material_entities.csv:OMI02251,Кузнечная куча шлака и окалины,needs_check,needs_check,,crafts-tools-processes,crafts-tools-processes,,sourced,"Прямые археологические, письменные или стратиграфически привязанные новгородские данные; запись допустима для обычной генерации в подходящем контексте.",smithy_slag_scale_heap,data/normalized_source_tables/material_entities/material_entities.csv#OMI02251,A,1180–1260,Великий Новгород и Новгородская земля; центр модели — около 1230 года,safe_with_context,low,needs_check,needs_check,needs_check,"Кузнечная куча шлака и окалины: Отход, сырьё, инструмент или состояние ремесла; kind-owner crafts-tools-processes. Семантическое решение: routed. Основание: category-level evidence (category_form_material_process_or_context)."
data/normalized_source_tables/material_entities/material_entities.csv:OMI02252,"Смесь угля, окалины и железных отсечек",needs_check,needs_check,crafts-tools-processes/materials_registry/material_entities.csv#n1230:material_item:omi00732,crafts-tools-processes,crafts-tools-processes,crafts-tools-processes/materials_registry/material_entities.csv#n1230:material_item:omi00732,sourced,"Прямые археологические, письменные или стратиграфически привязанные новгородские данные; запись допустима для обычной генерации в подходящем контексте.",smithy_floor_mix,data/normalized_source_tables/material_entities/material_entities.csv#OMI02252,A,1180–1260,Великий Новгород и Новгородская земля; центр модели — около 1230 года,safe_with_context,low,needs_check,needs_check,needs_check,"Семантическое решение: Review crafts.md §12: смесь угля, окалины и железных отсечек — crafts variant OMI00732. Основание: category-level evidence (category_form_material_process_or_context)."
data/normalized_source_tables/material_entities/material_entities.csv:OMI02253,Литейный мусор из глины и металлических капель,needs_check,needs_check,crafts-tools-processes/materials_registry/material_entities.csv#n1230:material_item:omi02253,crafts-tools-processes,crafts-tools-processes,crafts-tools-processes/materials_registry/material_entities.csv#n1230:material_item:omi02253,sourced,"Прямые археологические, письменные или стратиграфически привязанные новгородские данные; запись допустима для обычной генерации в подходящем контексте.",casting_waste_mix,data/normalized_source_tables/material_entities/material_entities.csv#OMI02253,A,1180–1260,Великий Новгород и Новгородская земля; центр модели — около 1230 года,safe_with_context,low,needs_check,needs_check,needs_check,"Семантическое решение: литейный мусор — отдельная crafts entity; BIC фиксирует handoff на OMI02253, не материал mt_clay. Основание: category-level evidence (category_form_material_process_or_context)."
data/normalized_source_tables/material_entities/material_entities.csv:OMI02254,Кучка медных и свинцовых обрезков,needs_check,needs_check,crafts-tools-processes/materials_registry/material_entities.csv#n1230:material_item:omi00787,crafts-tools-processes,crafts-tools-processes,crafts-tools-processes/materials_registry/material_entities.csv#n1230:material_item:omi00787,sourced,"Прямые археологические, письменные или стратиграфически привязанные новгородские данные; запись допустима для обычной генерации в подходящем контексте.",nonferrous_scrap_heap,data/normalized_source_tables/material_entities/material_entities.csv#OMI02254,A,1180–1260,Великий Новгород и Новгородская земля; центр модели — около 1230 года,safe_with_context,low,needs_check,needs_check,needs_check,Семантическое решение: Review round2-crafts.md §2: кучка медных и свинцовых обрезков — crafts; target OMI00787. Основание: category-level evidence (category_form_material_process_or_context).
data/normalized_source_tables/material_entities/material_entities.csv:OMI02255,"Пыль ювелирной мастерской, собранная для промывки — осторожно",needs_check,needs_check,crafts-tools-processes/materials_registry/material_entities.csv#n1230:material_item:omi00842,crafts-tools-processes,crafts-tools-processes,crafts-tools-processes/materials_registry/material_entities.csv#n1230:material_item:omi00842,analogy,Функционально и технологически правдоподобная гипотеза; не использовать как автоматическое наполнение без явного контекста.,goldsmith_sweepings_collected,data/normalized_source_tables/material_entities/material_entities.csv#OMI02255,C,1180–1260,Великий Новгород и Новгородская земля; центр модели — около 1230 года,explicit_context_only,high,needs_check,needs_check,needs_check,Семантическое решение: Review round2-crafts.md §2: собранная пыль ювелирной мастерской — crafts variant OMI00842.
data/normalized_source_tables/material_entities/material_entities.csv:OMI02257,Сортированные длинные кожаные обрезки,needs_check,needs_check,,crafts-tools-processes,crafts-tools-processes,,sourced,"Прямые археологические, письменные или стратиграфически привязанные новгородские данные; запись допустима для обычной генерации в подходящем контексте.",sorted_long_leather_scraps,data/normalized_source_tables/material_entities/material_entities.csv#OMI02257,A,1180–1260,Великий Новгород и Новгородская земля; центр модели — около 1230 года,safe_with_context,low,needs_check,needs_check,needs_check,"Сортированные длинные кожаные обрезки: Отход, сырьё, инструмент или состояние ремесла; kind-owner crafts-tools-processes. Семантическое решение: routed. Основание: category-level evidence (category_form_material_process_or_context)."
data/normalized_source_tables/material_entities/material_entities.csv:OMI02258,Мелкая кожаная крошка и нити,needs_check,needs_check,crafts-tools-processes/materials_registry/material_entities.csv#n1230:material_item:omi00564,crafts-tools-processes,crafts-tools-processes,crafts-tools-processes/materials_registry/material_entities.csv#n1230:material_item:omi00564,sourced,"Прямые археологические, письменные или стратиграфически привязанные новгородские данные; запись допустима для обычной генерации в подходящем контексте.",leatherwork_floor_debris,data/normalized_source_tables/material_entities/material_entities.csv#OMI02258,A,1180–1260,Великий Новгород и Новгородская земля; центр модели — около 1230 года,safe_with_context,low,needs_check,needs_check,needs_check,Семантическое решение: Review round2-crafts.md §2: мелкая кожаная крошка — crafts variant OMI00564. Основание: category-level evidence (category_form_material_process_or_context).
data/normalized_source_tables/material_entities/material_entities.csv:OMI02259,"Волос, мездра и известковая грязь кожевенной зоны",needs_check,needs_check,materials_registry/material_entities.csv#n1230:material_item:omi00442,,crafts-tools-processes,materials_registry/material_entities.csv#n1230:material_item:omi00442,sourced,"Прямые археологические, письменные или стратиграфически привязанные новгородские данные; запись допустима для обычной генерации в подходящем контексте.",tannery_mixed_waste,data/normalized_source_tables/material_entities/material_entities.csv#OMI02259,A,1180–1260,Великий Новгород и Новгородская земля; центр модели — около 1230 года,safe_with_context,low,needs_check,needs_check,needs_check,"Семантическое решение: Mixed hair, fleshings and lime slurry match tannery-pit residue OMI00442. Основание: category-level evidence (category_form_material_process_or_context)."
data/normalized_source_tables/material_entities/material_entities.csv:OMI02260,Куча косторезных обрезков,needs_check,needs_check,materials_registry/material_entities.csv#n1230:material_item:crf0026,,crafts-tools-processes,materials_registry/material_entities.csv#n1230:material_item:crf0026,sourced,"Прямые археологические, письменные или стратиграфически привязанные новгородские данные; запись допустима для обычной генерации в подходящем контексте.",boneworking_offcuts_heap,data/normalized_source_tables/material_entities/material_entities.csv#OMI02260,A,1180–1260,Великий Новгород и Новгородская земля; центр модели — около 1230 года,safe_with_context,low,needs_check,needs_check,needs_check,Семантическое решение: Boneworking offcut heap is accumulated state/quantity of the existing boneworking waste entity. Основание: category-level evidence (category_form_material_process_or_context).
data/normalized_source_tables/material_entities/material_entities.csv:OMI02261,Сортированные роговые отростки и пластины,needs_check,needs_check,,crafts-tools-processes,crafts-tools-processes,,sourced,"Прямые археологические, письменные или стратиграфически привязанные новгородские данные; запись допустима для обычной генерации в подходящем контексте.",sorted_antler_stock,data/normalized_source_tables/material_entities/material_entities.csv#OMI02261,A,1180–1260,Великий Новгород и Новгородская земля; центр модели — около 1230 года,safe_with_context,low,needs_check,needs_check,needs_check,"Сортированные роговые отростки и пластины: Отход, сырьё, инструмент или состояние ремесла; kind-owner crafts-tools-processes. Семантическое решение: routed. Основание: category-level evidence (category_form_material_process_or_context)."
data/normalized_source_tables/material_entities/material_entities.csv:OMI02262,"Костяная пыль, смешанная с песком пола",needs_check,needs_check,materials_registry/material_entities.csv#n1230:material_item:omi00983,,crafts-tools-processes,materials_registry/material_entities.csv#n1230:material_item:omi00983,sourced,"Прямые археологические, письменные или стратиграфически привязанные новгородские данные; запись допустима для обычной генерации в подходящем контексте.",bone_dust_floor_mix,data/normalized_source_tables/material_entities/material_entities.csv#OMI02262,A,1180–1260,Великий Новгород и Новгородская земля; центр модели — около 1230 года,safe_with_context,low,needs_check,needs_check,needs_check,Семантическое решение: Bone polishing dust mixed with floor sand is context/mixture variant of the existing polishing-dust waste entity. Основание: category-level evidence (category_form_material_process_or_context).
data/normalized_source_tables/material_entities/material_entities.csv:OMI02264,"Толчёный черепок, отложенный для добавки",needs_check,needs_check,,crafts-tools-processes,crafts-tools-processes,,logical_necessity,Хорошо подтверждаемая реконструкция по нескольким источникам; конкретная форма или сочетание не всегда найдено в одном закрытом комплексе около 1230 года.,saved_grog_heap,data/normalized_source_tables/material_entities/material_entities.csv#OMI02264,B,1180–1260,Великий Новгород и Новгородская земля; центр модели — около 1230 года,safe_with_explicit_context,medium,needs_check,needs_check,needs_check,"Толчёный черепок, отложенный для добавки: Отход, сырьё, инструмент или состояние ремесла; kind-owner crafts-tools-processes. Семантическое решение: routed."
data/normalized_source_tables/material_entities/material_entities.csv:OMI02265,Глиняная пыль и черепки у печи,needs_check,needs_check,materials_registry/material_entities.csv#n1230:material_item:crf0094,,crafts-tools-processes,materials_registry/material_entities.csv#n1230:material_item:crf0094,sourced,"Прямые археологические, письменные или стратиграфически привязанные новгородские данные; запись допустима для обычной генерации в подходящем контексте.",pottery_kiln_floor_debris,data/normalized_source_tables/material_entities/material_entities.csv#OMI02265,A,1180–1260,Великий Новгород и Новгородская земля; центр модели — около 1230 года,safe_with_context,low,needs_check,needs_check,needs_check,Семантическое решение: Глиняная пыль и черепки у печи — скопление ceramic reject. Основание: category-level evidence (category_form_material_process_or_context).
data/normalized_source_tables/material_entities/material_entities.csv:OMI02266,Кучка нитей и тканевых обрезков,needs_check,needs_check,crafts-tools-processes/materials_registry/material_entities.csv#n1230:material_item:omi00340,crafts-tools-processes,crafts-tools-processes,crafts-tools-processes/materials_registry/material_entities.csv#n1230:material_item:omi00340,sourced,"Прямые археологические, письменные или стратиграфически привязанные новгородские данные; запись допустима для обычной генерации в подходящем контексте.",textile_workshop_scraps,data/normalized_source_tables/material_entities/material_entities.csv#OMI02266,A,1180–1260,Великий Новгород и Новгородская земля; центр модели — около 1230 года,safe_with_context,low,needs_check,needs_check,needs_check,"Семантическое решение: кучка нитей и тканевых обрезков — состояние и состав накопления текстильных отходов, не отдельный тип BIC; Crafts round2-crafts.md §19 задаёт вариант к OMI00340. Основание: category-level evidence (category_form_material_process_or_context)."
data/normalized_source_tables/material_entities/material_entities.csv:OMI02267,Шерстяные очёски и пыль у гребней,include_d39,new,crafts-tools-processes/materials_registry/materials.csv#mt_wool,crafts-tools-processes,crafts-tools-processes,crafts-tools-processes/materials_registry/materials.csv#mt_wool,sourced,"Прямые археологические, письменные или стратиграфически привязанные новгородские данные; запись допустима для обычной генерации в подходящем контексте.",wool_combing_floor_waste,data/normalized_source_tables/material_entities/material_entities.csv#OMI02267,A,1180–1260,Великий Новгород и Новгородская земля; центр модели — около 1230 года,safe_with_context,low,routed,pass:routed,routed_to_owner,"Семантическое решение: очёски и пыль у гребней — состояние и место накопления отходов кардочесания, не отдельный тип BIC; OMI00251 у Crafts сам является вариантом шерсти, поэтому конечная стабильная цель — mt_wool. Основание: category-level evidence (category_form_material_process_or_context)."
data/normalized_source_tables/material_entities/material_entities.csv:OMI02268,Льняная костра и волокна у мялки,reference_only,reference,materials_registry/materials.csv#mt_flax,,crafts-tools-processes,materials_registry/materials.csv#mt_flax,sourced,"Прямые археологические, письменные или стратиграфически привязанные новгородские данные; запись допустима для обычной генерации в подходящем контексте.",flax_processing_floor_waste,data/normalized_source_tables/material_entities/material_entities.csv#OMI02268,A,1180–1260,Великий Новгород и Новгородская земля; центр модели — около 1230 года,safe_with_context,low,routed,pass:routed,routed_to_owner,"Семантическое решение: Владелец текстильного материала, волокна или снасти — crafts; форму, состояние, длину, упаковку и назначение хранить как вариант. Основание: category-level evidence (category_form_material_process_or_context)."
data/normalized_source_tables/material_entities/material_entities.csv:OMI02269,"Сетные обрезки, нить и старые грузила",needs_check,needs_check,,buildings-interiors-containers,,,sourced,"Прямые археологические, письменные или стратиграфически привязанные новгородские данные; запись допустима для обычной генерации в подходящем контексте.",net_repair_mixed_waste,data/normalized_source_tables/material_entities/material_entities.csv#OMI02269,A,1180–1260,Великий Новгород и Новгородская земля; центр модели — около 1230 года,safe_with_context,low,needs_check,needs_check,needs_check,Семантическое решение: Independent accumulated textile-craft waste; selected as a crafts entity per review. Основание: category-level evidence (category_form_material_process_or_context).
data/normalized_source_tables/material_entities/material_entities.csv:OMI02270,Ремонтная куча снятых оковок и ремней,needs_check,needs_check,materials_registry/material_entities.csv#n1230:material_item:omi02270,crafts-tools-processes,crafts-tools-processes,materials_registry/material_entities.csv#n1230:material_item:omi02270,sourced,"Прямые археологические, письменные или стратиграфически привязанные новгородские данные; запись допустима для обычной генерации в подходящем контексте.",mixed_repair_salvage_heap,data/normalized_source_tables/material_entities/material_entities.csv#OMI02270,A,1180–1260,Великий Новгород и Новгородская земля; центр модели — около 1230 года,safe_with_context,low,needs_check,needs_check,needs_check,"Семантическое решение: склад ремонтного лома и деталей относится к владельцу crafts; сущность OMI02270 создаётся там, BIC не дублирует её. Основание: category-level evidence (category_form_material_process_or_context)."
data/normalized_source_tables/material_entities/material_entities.csv:OMI02271,"Склад старых деталей, ещё пригодных к делу",needs_check,needs_check,materials_registry/material_entities.csv#n1230:material_item:omi02270,crafts-tools-processes,crafts-tools-processes,materials_registry/material_entities.csv#n1230:material_item:omi02270,logical_necessity,Хорошо подтверждаемая реконструкция по нескольким источникам; конкретная форма или сочетание не всегда найдено в одном закрытом комплексе около 1230 года.,reusable_parts_cache,data/normalized_source_tables/material_entities/material_entities.csv#OMI02271,B,1180–1260,Великий Новгород и Новгородская земля; центр модели — около 1230 года,safe_with_explicit_context,medium,needs_check,needs_check,needs_check,"Семантическое решение: Железный лом в таре — вариант/партия crafts, целевая сущность свалки OMI02270."
data/normalized_source_tables/material_entities/material_entities.csv:OMI02272,Смешанный производственный мусор усадьбы,needs_check,needs_check,,crafts-tools-processes,crafts-tools-processes,,sourced,"Прямые археологические, письменные или стратиграфически привязанные новгородские данные; запись допустима для обычной генерации в подходящем контексте.",estate_craft_refuse_mix,data/normalized_source_tables/material_entities/material_entities.csv#OMI02272,A,1180–1260,Великий Новгород и Новгородская земля; центр модели — около 1230 года,safe_with_context,low,needs_check,needs_check,needs_check,"Смешанный производственный мусор усадьбы: Отход, сырьё, инструмент или состояние ремесла; kind-owner crafts-tools-processes. Семантическое решение: routed. Основание: category-level evidence (category_form_material_process_or_context)."
data/normalized_source_tables/material_entities/material_entities.csv:OMI02273,Мусор после разборки старой постройки,include_d39,new,,buildings-interiors-containers,,,sourced,"Прямые археологические, письменные или стратиграфически привязанные новгородские данные; запись допустима для обычной генерации в подходящем контексте.",building_dismantling_refuse,data/normalized_source_tables/material_entities/material_entities.csv#OMI02273,A,1180–1260,Великий Новгород и Новгородская земля; центр модели — около 1230 года,safe_with_context,low,distinct,pass:included,unique_new_name,"Семантическое решение: Мастер-архив описывает смешанное скопление дерева, глины, крепежа и органики после разборки здания; отдельный состав/жизненный цикл относительно каменного боя OMI01176 подтверждает отдельную BIC сущность. Основание: category-level evidence (category_form_material_process_or_context)."
data/normalized_source_tables/material_entities/material_entities.csv:OMI02274,Куча вынутого грунта с мелкими находками,needs_check,needs_check,,nature-materials-weather,nature-materials-weather,,logical_necessity,Хорошо подтверждаемая реконструкция по нескольким источникам; конкретная форма или сочетание не всегда найдено в одном закрытом комплексе около 1230 года.,excavated_soil_with_finds,data/normalized_source_tables/material_entities/material_entities.csv#OMI02274,B,1180–1260,Великий Новгород и Новгородская земля; центр модели — около 1230 года,safe_with_explicit_context,medium,needs_check,needs_check,needs_check,Семантическое решение: Вынутый грунт и мелкие находки — земляной контекст/слой; владелец nature; не дерево и не crafts material.
data/normalized_source_tables/material_entities/material_entities.csv:OMI02275,Сортированный лом в ожидании обмена или продажи,needs_check,needs_check,crafts-tools-processes/materials_registry/material_entities.csv#n1230:material_item:omi02270,crafts-tools-processes,crafts-tools-processes,crafts-tools-processes/materials_registry/material_entities.csv#n1230:material_item:omi02270,logical_necessity,Хорошо подтверждаемая реконструкция по нескольким источникам; конкретная форма или сочетание не всегда найдено в одном закрытом комплексе около 1230 года.,sorted_salvage_for_trade,data/normalized_source_tables/material_entities/material_entities.csv#OMI02275,B,1180–1260,Великий Новгород и Новгородская земля; центр модели — около 1230 года,safe_with_explicit_context,medium,needs_check,needs_check,needs_check,Семантическое решение: Review round2-bicw.md §4 и coordinator: сортированный железный лом — crafts owner OMI02270; BIC сохраняет handoff без entity.
data/normalized_source_tables/material_entities/state_variants.csv:STA0001,Мешок древесного угля,add_variant,variant,buildings-interiors-containers/containers/container_forms.csv#ct_sack_cloth,buildings-interiors-containers,buildings-interiors-containers,,logical_necessity,Хорошо подтверждаемая реконструкция по нескольким источникам; конкретная форма или сочетание не всегда найдено в одном закрытом комплексе около 1230 года.,,data/normalized_source_tables/material_entities/state_variants.csv#STA0001,B,1180–1260,Великий Новгород и Новгородская земля,safe_with_explicit_context,,variant,pass:variant,variant_not_new_entity,Мешок древесного угля: Состояние существующей тканевой тары. Семантическое решение: variant.
data/normalized_source_tables/material_entities/state_variants.csv:STA0002,Корзина древесного угля,add_variant,variant,buildings-interiors-containers/containers/container_forms.csv#ct_basket_woven,buildings-interiors-containers,buildings-interiors-containers,,logical_necessity,Хорошо подтверждаемая реконструкция по нескольким источникам; конкретная форма или сочетание не всегда найдено в одном закрытом комплексе около 1230 года.,,data/normalized_source_tables/material_entities/state_variants.csv#STA0002,B,1180–1260,Великий Новгород и Новгородская земля,safe_with_explicit_context,,variant,pass:variant,variant_not_new_entity,Корзина древесного угля: Состояние существующей плетёной тары. Семантическое решение: variant.
data/normalized_source_tables/material_entities/state_variants.csv:STA0003,Сеть с налипшей травой и чешуёй,needs_check,needs_check,,crafts-tools-processes,crafts-tools-processes,,analogy,"Прямые археологические, письменные или стратиграфически привязанные новгородские данные; запись допустима для обычной генерации в подходящем контексте.",,data/normalized_source_tables/material_entities/state_variants.csv#STA0003,A,1180–1260,Великий Новгород и Новгородская земля,safe_with_context,,needs_check,needs_check,needs_check,"Сеть с налипшей травой и чешуёй: Отход, сырьё, инструмент или состояние ремесла; kind-owner crafts-tools-processes. Семантическое решение: routed."
data/normalized_source_tables/material_entities/state_variants.csv:STA0004,Мешок с подшитым донцем,add_variant,variant,buildings-interiors-containers/containers/container_forms.csv#ct_sack_cloth,buildings-interiors-containers,buildings-interiors-containers,,logical_necessity,Хорошо подтверждаемая реконструкция по нескольким источникам; конкретная форма или сочетание не всегда найдено в одном закрытом комплексе около 1230 года.,,data/normalized_source_tables/material_entities/state_variants.csv#STA0004,B,1180–1260,Великий Новгород и Новгородская земля,safe_with_explicit_context,,variant,pass:variant,variant_not_new_entity,Мешок с подшитым донцем: Состояние существующей тканевой тары. Семантическое решение: variant.
data/normalized_source_tables/material_entities/state_variants.csv:STA0005,Мешок с большой заплатой,add_variant,variant,buildings-interiors-containers/containers/container_forms.csv#ct_sack_cloth,buildings-interiors-containers,buildings-interiors-containers,,sourced,"Прямые археологические, письменные или стратиграфически привязанные новгородские данные; запись допустима для обычной генерации в подходящем контексте.",,data/normalized_source_tables/material_entities/state_variants.csv#STA0005,A,1180–1260,Великий Новгород и Новгородская земля,safe_with_context,,variant,pass:variant,variant_not_new_entity,Мешок с большой заплатой: Состояние существующей тканевой тары. Семантическое решение: variant. Основание: category-level evidence (category_form_material_process_or_context).
data/normalized_source_tables/material_entities/state_variants.csv:STA0006,Мешок с зашитой прорехой,add_variant,variant,buildings-interiors-containers/containers/container_forms.csv#ct_sack_cloth,buildings-interiors-containers,buildings-interiors-containers,,sourced,"Прямые археологические, письменные или стратиграфически привязанные новгородские данные; запись допустима для обычной генерации в подходящем контексте.",,data/normalized_source_tables/material_entities/state_variants.csv#STA0006,A,1180–1260,Великий Новгород и Новгородская земля,safe_with_context,,variant,pass:variant,variant_not_new_entity,Мешок с зашитой прорехой: Состояние существующей тканевой тары. Семантическое решение: variant. Основание: category-level evidence (category_form_material_process_or_context).
data/normalized_source_tables/material_entities/state_variants.csv:STA0007,Мешок с пришитой берестяной биркой,add_variant,variant,buildings-interiors-containers/containers/container_forms.csv#ct_sack_cloth,buildings-interiors-containers,buildings-interiors-containers,,logical_necessity,Хорошо подтверждаемая реконструкция по нескольким источникам; конкретная форма или сочетание не всегда найдено в одном закрытом комплексе около 1230 года.,,data/normalized_source_tables/material_entities/state_variants.csv#STA0007,B,1180–1260,Великий Новгород и Новгородская земля,safe_with_explicit_context,,variant,pass:variant,variant_not_new_entity,Мешок с пришитой берестяной биркой: Состояние существующей тканевой тары. Семантическое решение: variant.
data/normalized_source_tables/material_entities/state_variants.csv:STA0008,Корзина с выстилкой из ткани — состояние,add_variant,variant,buildings-interiors-containers/containers/container_forms.csv#ct_basket_woven,buildings-interiors-containers,buildings-interiors-containers,,logical_necessity,Хорошо подтверждаемая реконструкция по нескольким источникам; конкретная форма или сочетание не всегда найдено в одном закрытом комплексе около 1230 года.,,data/normalized_source_tables/material_entities/state_variants.csv#STA0008,B,1180–1260,Великий Новгород и Новгородская земля,safe_with_explicit_context,,variant,pass:variant,variant_not_new_entity,Корзина с выстилкой из ткани — состояние: Состояние существующей плетёной тары. Семантическое решение: variant.
data/normalized_source_tables/material_entities/state_variants.csv:STA0009,Корзина с выстилкой из листьев — состояние,add_variant,variant,buildings-interiors-containers/containers/container_forms.csv#ct_basket_woven,buildings-interiors-containers,buildings-interiors-containers,,logical_necessity,Хорошо подтверждаемая реконструкция по нескольким источникам; конкретная форма или сочетание не всегда найдено в одном закрытом комплексе около 1230 года.,,data/normalized_source_tables/material_entities/state_variants.csv#STA0009,B,1180–1260,Великий Новгород и Новгородская земля,safe_with_explicit_context,,variant,pass:variant,variant_not_new_entity,Корзина с выстилкой из листьев — состояние: Состояние существующей плетёной тары. Семантическое решение: variant.
data/normalized_source_tables/material_entities/state_variants.csv:STA0010,Ящик с внутренней берестяной прокладкой — состояние,add_variant,variant,buildings-interiors-containers/containers/container_forms.csv#ct_box_plank_crate,buildings-interiors-containers,buildings-interiors-containers,,logical_necessity,Хорошо подтверждаемая реконструкция по нескольким источникам; конкретная форма или сочетание не всегда найдено в одном закрытом комплексе около 1230 года.,,data/normalized_source_tables/material_entities/state_variants.csv#STA0010,B,1180–1260,Великий Новгород и Новгородская земля,safe_with_explicit_context,,variant,pass:variant,variant_not_new_entity,Ящик с внутренней берестяной прокладкой — состояние: Состояние существующей дощатой тары. Семантическое решение: variant.
data/normalized_source_tables/material_entities/state_variants.csv:STA0015,Лучина с обугленным концом,add_variant,variant,buildings-interiors-containers/interiors/furniture_fixtures_light.csv#INT0035,buildings-interiors-containers,buildings-interiors-containers,,sourced,"Прямые археологические, письменные или стратиграфически привязанные новгородские данные; запись допустима для обычной генерации в подходящем контексте.",,data/normalized_source_tables/material_entities/state_variants.csv#STA0015,A,1180–1260,Великий Новгород и Новгородская земля,safe_with_context,,variant,pass:variant,variant_not_new_entity,Лучина с обугленным концом: Обугленный конец существующей лучины. Семантическое решение: variant. Основание: category-level evidence (category_form_material_process_or_context).
data/normalized_source_tables/material_entities/state_variants.csv:STA0019,Костяная игольница с пробкой — состояние,reference_only,reference,items/household.csv#it_hh_needle_case,,items-household-personal,items/household.csv#it_hh_needle_case,logical_necessity,Хорошо подтверждаемая реконструкция по нескольким источникам; конкретная форма или сочетание не всегда найдено в одном закрытом комплексе около 1230 года.,,data/normalized_source_tables/material_entities/state_variants.csv#STA0019,B,1180–1260,Великий Новгород и Новгородская земля,safe_with_explicit_context,,routed,pass:routed,routed_to_owner,Семантическое решение: Corked bone needle case is a condition variant of the existing household needle case.
data/normalized_source_tables/material_entities/state_variants.csv:STA0021,Намокший тюк ткани — состояние,needs_check,needs_check,,crafts-tools-processes,crafts-tools-processes,,logical_necessity,Хорошо подтверждаемая реконструкция по нескольким источникам; конкретная форма или сочетание не всегда найдено в одном закрытом комплексе около 1230 года.,,data/normalized_source_tables/material_entities/state_variants.csv#STA0021,B,1180–1260,Великий Новгород и Новгородская земля,safe_with_explicit_context,,needs_check,needs_check,needs_check,"Намокший тюк ткани — состояние: Отход, сырьё, инструмент или состояние ремесла; kind-owner crafts-tools-processes. Семантическое решение: routed."
data/normalized_source_tables/material_entities/state_variants.csv:STA0022,Корзина старого железа для перековки,reference_only,reference,items/household.csv#it_hh_basket,,items-household-personal,items/household.csv#it_hh_basket,sourced,"Прямые археологические, письменные или стратиграфически привязанные новгородские данные; запись допустима для обычной генерации в подходящем контексте.",,data/normalized_source_tables/material_entities/state_variants.csv#STA0022,A,1180–1260,Великий Новгород и Новгородская земля,safe_with_context,,routed,pass:routed,routed_to_owner,Семантическое решение: Old iron in basket is a composition/state variant of existing woven basket; basket identity stays IHP-owned. Основание: category-level evidence (category_form_material_process_or_context).
data/normalized_source_tables/material_entities/state_variants.csv:STA0023,Широкая тёсаная доска,add_variant,variant,buildings-interiors-containers/buildings/materials_vocab.csv#mat_plank_hewn,buildings-interiors-containers,buildings-interiors-containers,,sourced,"Прямые археологические, письменные или стратиграфически привязанные новгородские данные; запись допустима для обычной генерации в подходящем контексте.",,data/normalized_source_tables/material_entities/state_variants.csv#STA0023,A,1180–1260,Великий Новгород и Новгородская земля,safe_with_context,,variant,pass:variant,variant_not_new_entity,"Широкая тёсаная доска: Ширина доски — свойство, не новый тип. Семантическое решение: variant. Основание: category-level evidence (category_form_material_process_or_context)."
data/normalized_source_tables/material_entities/state_variants.csv:STA0026,Деревянный засов малый,add_variant,variant,buildings-interiors-containers/buildings/building_parts.csv#bp_door_bar,buildings-interiors-containers,,,logical_necessity,Хорошо подтверждаемая реконструкция по нескольким источникам; конкретная форма или сочетание не всегда найдено в одном закрытом комплексе около 1230 года.,,data/normalized_source_tables/material_entities/state_variants.csv#STA0026,B,1180–1260,Великий Новгород и Новгородская земля,safe_with_explicit_context,,variant,pass:variant,variant_not_new_entity,Семантическое решение: Малый деревянный засов — размерный вариант дверного засова.
data/normalized_source_tables/material_entities/state_variants.csv:STA0029,Сломанный деревянный нагель,add_variant,variant,buildings-interiors-containers/buildings/materials_vocab.csv#mat_wood_peg,buildings-interiors-containers,buildings-interiors-containers,,sourced,"Прямые археологические, письменные или стратиграфически привязанные новгородские данные; запись допустима для обычной генерации в подходящем контексте.",,data/normalized_source_tables/material_entities/state_variants.csv#STA0029,A,1180–1260,Великий Новгород и Новгородская земля,safe_with_context,,variant,pass:variant,variant_not_new_entity,Сломанный деревянный нагель: Повреждение/назначение нагеля — вариант детали. Семантическое решение: variant. Основание: category-level evidence (category_form_material_process_or_context).
data/normalized_source_tables/material_entities/state_variants.csv:STA0033,Малый товарный тюк ткани,needs_check,needs_check,,crafts-tools-processes,crafts-tools-processes,,logical_necessity,Хорошо подтверждаемая реконструкция по нескольким источникам; конкретная форма или сочетание не всегда найдено в одном закрытом комплексе около 1230 года.,,data/normalized_source_tables/material_entities/state_variants.csv#STA0033,B,1180–1260,Великий Новгород и Новгородская земля,safe_with_explicit_context,,needs_check,needs_check,needs_check,"Малый товарный тюк ткани: Отход, сырьё, инструмент или состояние ремесла; kind-owner crafts-tools-processes. Семантическое решение: routed."
data/normalized_source_tables/material_entities/state_variants.csv:STA0036,Бобровая шкура необработанная,needs_check,needs_check,,crafts-tools-processes,crafts-tools-processes,,analogy,"Прямые археологические, письменные или стратиграфически привязанные новгородские данные; запись допустима для обычной генерации в подходящем контексте.",,data/normalized_source_tables/material_entities/state_variants.csv#STA0036,A,1180–1260,Великий Новгород и Новгородская земля,safe_with_context,,needs_check,needs_check,needs_check,"Бобровая шкура необработанная: Отход, сырьё, инструмент или состояние ремесла; kind-owner crafts-tools-processes. Семантическое решение: routed."
data/normalized_source_tables/material_entities/state_variants.csv:STA0037,Железная чека малая,include_analogy,new,transport-health-recreation/transport_travel/transport_entities.csv#trv_033,transport-health-recreation,transport-health-recreation,transport-health-recreation/transport_travel/transport_entities.csv#trv_033,analogy,Хорошо подтверждаемая реконструкция по нескольким источникам; конкретная форма или сочетание не всегда найдено в одном закрытом комплексе около 1230 года.,,data/normalized_source_tables/material_entities/state_variants.csv#STA0037,B,1180–1260,Великий Новгород и Новгородская земля,safe_with_explicit_context,,routed,pass:routed,routed_to_owner,Семантическое решение: Cart axle cotter duplicates LTR0004.
data/normalized_source_tables/material_entities/state_variants.csv:STA0043,Свежий известково-песчаный раствор,add_variant,variant,buildings-interiors-containers/buildings/materials_vocab.csv#mat_lime_mortar,,,,sourced,"Прямые археологические, письменные или стратиграфически привязанные новгородские данные; запись допустима для обычной генерации в подходящем контексте.",,data/normalized_source_tables/material_entities/state_variants.csv#STA0043,A,1180–1260,Великий Новгород и Новгородская земля,safe_with_context,,variant,pass:variant,variant_not_new_entity,Состояние/состав варианта базовой вещи; кандидат GB уверенно соответствует существующей вещи. Основание: прямые данные уровень категории; точное присутствие отдельного экземпляра не утверждается. Семантическое решение: вариант существующей сущности; новой сущности не создаёт.
data/normalized_source_tables/material_entities/state_variants.csv:STA0044,Тонкая фресковая штукатурка,add_variant,variant,buildings-interiors-containers/buildings/materials_vocab.csv#mat_lime_plaster,,,,sourced,"Прямые археологические, письменные или стратиграфически привязанные новгородские данные; запись допустима для обычной генерации в подходящем контексте.",,data/normalized_source_tables/material_entities/state_variants.csv#STA0044,A,1180–1260,Великий Новгород и Новгородская земля,safe_with_context,,variant,pass:variant,variant_not_new_entity,Состояние/состав варианта базовой вещи; кандидат GB уверенно соответствует существующей вещи. Основание: прямые данные уровень категории; точное присутствие отдельного экземпляра не утверждается. Семантическое решение: вариант существующей сущности; новой сущности не создаёт.
data/normalized_source_tables/material_entities/state_variants.csv:STA0045,Мелкий плинфяной бой,add_variant,variant,buildings-interiors-containers/interiors/material_entities.csv#n1230:material_item:con0019,buildings-interiors-containers,buildings-interiors-containers,,sourced,"Прямые археологические, письменные или стратиграфически привязанные новгородские данные; запись допустима для обычной генерации в подходящем контексте.",,data/normalized_source_tables/material_entities/state_variants.csv#STA0045,A,1180–1260,Великий Новгород и Новгородская земля,safe_with_context,,variant,pass:variant,variant_not_new_entity,"Мелкий плинфяной бой: мелкий размер и фрагментация — состояние канонического BIC строительного отхода CON0019, нового типа не создаёт. Семантическое решение: variant. Основание: category-level evidence (category_form_material_process_or_context)."
data/normalized_source_tables/material_entities/state_variants.csv:STA0047,Сноп ржи,needs_check,needs_check,food/material_entities.csv#n1230:material_item:omi01262,,food-drink,food/material_entities.csv#n1230:material_item:omi01262,sourced,"Прямые археологические, письменные или стратиграфически привязанные новгородские данные; запись допустима для обычной генерации в подходящем контексте.",,data/normalized_source_tables/material_entities/state_variants.csv#STA0047,A,1180–1260,Великий Новгород и Новгородская земля,safe_with_context,,needs_check,needs_check,needs_check,Семантическое решение: Rye sheaf is a cereal/content variant of grain sheaf; not a separate BIC fixture. Основание: category-level evidence (category_form_material_process_or_context).
data/normalized_source_tables/material_entities/state_variants.csv:STA0048,Сноп овса,needs_check,needs_check,food/material_entities.csv#n1230:material_item:omi01262,,food-drink,food/material_entities.csv#n1230:material_item:omi01262,sourced,"Прямые археологические, письменные или стратиграфически привязанные новгородские данные; запись допустима для обычной генерации в подходящем контексте.",,data/normalized_source_tables/material_entities/state_variants.csv#STA0048,A,1180–1260,Великий Новгород и Новгородская земля,safe_with_context,,needs_check,needs_check,needs_check,Семантическое решение: Oat sheaf differs by cereal species; retain as variant of sheaf/grain owner. Основание: category-level evidence (category_form_material_process_or_context).
data/normalized_source_tables/material_entities/state_variants.csv:STA0049,Сноп ячменя,needs_check,needs_check,food/material_entities.csv#n1230:material_item:omi01262,,food-drink,food/material_entities.csv#n1230:material_item:omi01262,sourced,"Прямые археологические, письменные или стратиграфически привязанные новгородские данные; запись допустима для обычной генерации в подходящем контексте.",,data/normalized_source_tables/material_entities/state_variants.csv#STA0049,A,1180–1260,Великий Новгород и Новгородская земля,safe_with_context,,needs_check,needs_check,needs_check,Семантическое решение: Barley sheaf differs by cereal species; retain as variant of sheaf/grain owner. Основание: category-level evidence (category_form_material_process_or_context).
data/normalized_source_tables/material_entities/state_variants.csv:STA0050,Сноп пшеницы,needs_check,needs_check,food/material_entities.csv#n1230:material_item:omi01262,,food-drink,food/material_entities.csv#n1230:material_item:omi01262,sourced,"Прямые археологические, письменные или стратиграфически привязанные новгородские данные; запись допустима для обычной генерации в подходящем контексте.",,data/normalized_source_tables/material_entities/state_variants.csv#STA0050,A,1180–1260,Великий Новгород и Новгородская земля,safe_with_context,,needs_check,needs_check,needs_check,Семантическое решение: Wheat sheaf differs by cereal species; retain as variant of sheaf/grain owner. Основание: category-level evidence (category_form_material_process_or_context).
data/normalized_source_tables/material_entities/state_variants.csv:STA0052,Обрезки кожи и щетины после ошпаривания,needs_check,needs_check,,crafts-tools-processes,crafts-tools-processes,,analogy,Хорошо подтверждаемая реконструкция по нескольким источникам; конкретная форма или сочетание не всегда найдено в одном закрытом комплексе около 1230 года.,,data/normalized_source_tables/material_entities/state_variants.csv#STA0052,B,1180–1260,Великий Новгород и Новгородская земля,safe_with_explicit_context,,needs_check,needs_check,needs_check,"Обрезки кожи и щетины после ошпаривания: Отход, сырьё, инструмент или состояние ремесла; kind-owner crafts-tools-processes. Семантическое решение: routed."
data/normalized_source_tables/material_entities/state_variants.csv:STA0063,Деревянный нагель лодочной обшивки,add_variant,new,transport-health-recreation/transport_travel/transport_entities.csv#trv_017,transport-health-recreation,transport-health-recreation,transport-health-recreation/transport_travel/transport_entities.csv#trv_017,sourced,"Прямые археологические, письменные или стратиграфически привязанные новгородские данные; запись допустима для обычной генерации в подходящем контексте.",,data/normalized_source_tables/material_entities/state_variants.csv#STA0063,A,1180–1260,Великий Новгород и Новгородская земля,safe_with_context,,routed,pass:routed,routed_to_owner,"Семантическое решение: Судовой нагель маршрутизируется в transport к той же стабильной сущности trv_017, что OMI00071; это не вариант BIC. WTR0007 остаётся контекстной связью с тарной формой, а BIC не создаёт дубликат предмета. Основание: category-level evidence (category_form_material_process_or_context)."
data/normalized_source_tables/material_entities/state_variants.csv:STA0068,Запасной деревянный нагель повозки,add_variant,variant,buildings-interiors-containers/buildings/materials_vocab.csv#mat_wood_peg,buildings-interiors-containers,buildings-interiors-containers,,sourced,"Прямые археологические, письменные или стратиграфически привязанные новгородские данные; запись допустима для обычной генерации в подходящем контексте.",,data/normalized_source_tables/material_entities/state_variants.csv#STA0068,A,1180–1260,Великий Новгород и Новгородская земля,safe_with_context,,variant,pass:variant,variant_not_new_entity,Запасной деревянный нагель повозки: Повреждение/назначение нагеля — вариант детали. Семантическое решение: variant. Основание: category-level evidence (category_form_material_process_or_context).
data/normalized_source_tables/material_entities/state_variants.csv:STA0087,Керамический брак у мастерской,reference_only,reference,materials_registry/material_entities.csv#n1230:material_item:crf0094,,crafts-tools-processes,materials_registry/material_entities.csv#n1230:material_item:crf0094,sourced,"Прямые археологические, письменные или стратиграфически привязанные новгородские данные; запись допустима для обычной генерации в подходящем контексте.",,data/normalized_source_tables/material_entities/state_variants.csv#STA0087,A,1180–1260,Великий Новгород и Новгородская земля,safe_with_context,,routed,pass:routed,routed_to_owner,Семантическое решение: Скопление керамического брака у мастерской — количество/место CRF0094. Основание: category-level evidence (category_form_material_process_or_context).
data/normalized_source_tables/material_entities/state_variants.csv:STA0089,Куча кожаных обрезков сапожной мастерской,needs_check,needs_check,,crafts-tools-processes,crafts-tools-processes,,analogy,"Прямые археологические, письменные или стратиграфически привязанные новгородские данные; запись допустима для обычной генерации в подходящем контексте.",,data/normalized_source_tables/material_entities/state_variants.csv#STA0089,A,1180–1260,Великий Новгород и Новгородская земля,safe_with_context,,needs_check,needs_check,needs_check,"Куча кожаных обрезков сапожной мастерской: Отход, сырьё, инструмент или состояние ремесла; kind-owner crafts-tools-processes. Семантическое решение: routed."
data/normalized_source_tables/material_entities/state_variants.csv:STA0090,Куча гончарного брака,reference_only,reference,materials_registry/material_entities.csv#n1230:material_item:crf0094,,crafts-tools-processes,materials_registry/material_entities.csv#n1230:material_item:crf0094,sourced,"Прямые археологические, письменные или стратиграфически привязанные новгородские данные; запись допустима для обычной генерации в подходящем контексте.",,data/normalized_source_tables/material_entities/state_variants.csv#STA0090,A,1180–1260,Великий Новгород и Новгородская земля,safe_with_context,,routed,pass:routed,routed_to_owner,Семантическое решение: Куча гончарного брака — объём и размещение CRF0094. Основание: category-level evidence (category_form_material_process_or_context).
downloads/Novgorod1230_material_culture_dataset_v1/Novgorod1230_material_culture_dataset_v1/data/catalog_items.csv:AGR0004,Плетень сельскохозяйственный,reference_only,reference,buildings/building_types.csv#bt_wattle_fence,,buildings-interiors-containers,buildings/building_types.csv#bt_wattle_fence,logical_necessity,Хорошая реконструкция по новгородским данным и нескольким близким древнерусским аналогиям XII–XIII вв.,,AGR0004,B,1180–1260,Великий Новгород и Новгородская земля,safe_with_constraints,средне-высокий: без референса генератор часто подменяет форму позднесредневековой или этнографической,reference,pass:included,referenced_existing,Семантическое решение: Плетень уже представлен типом ограды bt_wattle_fence; запись — receiving reference без новой сущности.
downloads/Novgorod1230_material_culture_dataset_v1/Novgorod1230_material_culture_dataset_v1/data/catalog_items.csv:AGR0005,Огородная грядка,needs_check,needs_check,places-binding/places/place_families.csv#pf_orchard_garden,,places-binding,places-binding/places/place_families.csv#pf_orchard_garden,logical_necessity,Хорошая реконструкция по новгородским данным и нескольким близким древнерусским аналогиям XII–XIII вв.,,AGR0005,B,1180–1260,Великий Новгород и Новгородская земля,safe_with_constraints,средне-высокий: без референса генератор часто подменяет форму позднесредневековой или этнографической,needs_check,needs_check,needs_check,"Семантическое решение: Land/scene feature, no standalone BIC entity; ссылка ведёт к существующему place family pf_orchard_garden."
downloads/Novgorod1230_material_culture_dataset_v1/Novgorod1230_material_culture_dataset_v1/data/catalog_items.csv:CON0006,Плотницкая метка на бревне,add_variant,variant,buildings-interiors-containers/buildings/materials_vocab.csv#mat_log_conifer,buildings-interiors-containers,,,logical_necessity,Хорошая реконструкция по новгородским данным и нескольким близким древнерусским аналогиям XII–XIII вв.,,CON0006,B,1180–1260,Великий Новгород и Новгородская земля,safe_with_constraints,средне-высокий: без референса генератор часто подменяет форму позднесредневековой или этнографической,variant,pass:variant,variant_not_new_entity,Семантическое решение: Плотницкая метка — свойство/отметка бревна.
downloads/Novgorod1230_material_culture_dataset_v1/Novgorod1230_material_culture_dataset_v1/data/catalog_items.csv:CON0009,Деревянный нагель,add_variant,reference,buildings/materials_vocab.csv#mat_wood_peg,buildings-interiors-containers,buildings-interiors-containers,buildings/materials_vocab.csv#mat_wood_peg,sourced,"Прямое новгородское археологическое, архитектурное или письменное подтверждение в подходящем диапазоне; форму всё равно сверять с конкретным опубликованным экземпляром.",,CON0009,A,1180–1260,Великий Новгород и Новгородская земля,safe_with_record_specific_reference,"средний: опасность главным образом в позднем декоре, слишком новом состоянии и неверном масштабе",reference,pass:included,referenced_existing,Семантическое решение: деревянный строительный нагель уже представлен локальным BIC material mat_wood_peg; отдельной записи не создаём. Основание: category-level evidence (category_form_material_process_or_context).
downloads/Novgorod1230_material_culture_dataset_v1/Novgorod1230_material_culture_dataset_v1/data/catalog_items.csv:CON0014,Козёл/ворот подъёмный,needs_check,needs_check,buildings-interiors-containers/buildings/building_parts.csv#bp_well_bucket_rope,buildings-interiors-containers,,,analogy,"Осторожная реконструкция: функция или наличие вероятны, но конкретная форма/конструкция для Новгорода около 1230 не закреплена полностью.",,CON0014,C,1180–1260,Великий Новгород и Новгородская земля,reference_required,высокий: нужен конкретный референс и явная маркировка реконструкции,needs_check,needs_check,needs_check,"Семантическое решение: Козёл/ворот поднимает ведро; round2 target — существующий BIC узел ведра и подъёмной верёвки bp_well_bucket_rope, не блок подъёмника."
downloads/Novgorod1230_material_culture_dataset_v1/Novgorod1230_material_culture_dataset_v1/data/catalog_items.csv:CON0017,Кельма/лопаточка каменщика — осторожно,needs_check,needs_check,,crafts-tools-processes,crafts-tools-processes,,analogy,"Осторожная реконструкция: функция или наличие вероятны, но конкретная форма/конструкция для Новгорода около 1230 не закреплена полностью.",,CON0017,C,1180–1260,Великий Новгород и Новгородская земля,reference_required,высокий: нужен конкретный референс и явная маркировка реконструкции,needs_check,needs_check,needs_check,"Семантическое решение: Кельма — переносной инструмент ремесла, не structural part; стабильной crafts цели в доступном срезе нет."
downloads/Novgorod1230_material_culture_dataset_v1/Novgorod1230_material_culture_dataset_v1/data/catalog_items.csv:CON0018,Черепок/доска для раствора,needs_check,needs_check,,crafts-tools-processes,crafts-tools-processes,,analogy,"Осторожная реконструкция: функция или наличие вероятны, но конкретная форма/конструкция для Новгорода около 1230 не закреплена полностью.",,CON0018,C,1180–1260,Великий Новгород и Новгородская земля,reference_required,высокий: нужен конкретный референс и явная маркировка реконструкции,needs_check,needs_check,needs_check,Семантическое решение: Доска для раствора — рабочая оснастка; не материал mt_clay.
downloads/Novgorod1230_material_culture_dataset_v1/Novgorod1230_material_culture_dataset_v1/data/catalog_items.csv:CON0019,Плинфяной бой,include_d39,new,,buildings-interiors-containers,,,sourced,"Прямое новгородское археологическое, архитектурное или письменное подтверждение в подходящем диапазоне; форму всё равно сверять с конкретным опубликованным экземпляром.",,CON0019,A,1180–1260,Великий Новгород и Новгородская земля,safe_with_record_specific_reference,"средний: опасность главным образом в позднем декоре, слишком новом состоянии и неверном масштабе",distinct,pass:included,unique_new_name,Семантическое решение: Плинфяной бой — самостоятельная куча/фракция строительного отхода и заполнителя; каноническая BIC сущность служит основой для state-варианта STA0045. Основание: category-level evidence (category_form_material_process_or_context).
downloads/Novgorod1230_material_culture_dataset_v1/Novgorod1230_material_culture_dataset_v1/data/catalog_items.csv:CON0021,Известковое тесто,add_variant,variant,buildings-interiors-containers/interiors/material_entities.csv#n1230:material_item:omi01147,buildings-interiors-containers,,,logical_necessity,Хорошая реконструкция по новгородским данным и нескольким близким древнерусским аналогиям XII–XIII вв.,,CON0021,B,1180–1260,Великий Новгород и Новгородская земля,safe_with_constraints,средне-высокий: без референса генератор часто подменяет форму позднесредневековой или этнографической,variant,pass:variant,variant_not_new_entity,Семантическое решение: Известковое тесто соответствует известковой массе OMI01147; mat_lime_mortar теряет состояние/идентичность.
downloads/Novgorod1230_material_culture_dataset_v1/Novgorod1230_material_culture_dataset_v1/data/catalog_items.csv:CON0039,Камнетёсное зубило,needs_check,needs_check,,crafts-tools-processes,crafts-tools-processes,,logical_necessity,Хорошая реконструкция по новгородским данным и нескольким близким древнерусским аналогиям XII–XIII вв.,,CON0039,B,1180–1260,Великий Новгород и Новгородская земля,safe_with_constraints,средне-высокий: без референса генератор часто подменяет форму позднесредневековой или этнографической,needs_check,needs_check,needs_check,Семантическое решение: Камнетёсное зубило — переносной ремесленный инструмент.
downloads/Novgorod1230_material_culture_dataset_v1/Novgorod1230_material_culture_dataset_v1/data/catalog_items.csv:CON0040,Камнетёсный молот,needs_check,needs_check,,crafts-tools-processes,crafts-tools-processes,,logical_necessity,Хорошая реконструкция по новгородским данным и нескольким близким древнерусским аналогиям XII–XIII вв.,,CON0040,B,1180–1260,Великий Новгород и Новгородская земля,safe_with_constraints,средне-высокий: без референса генератор часто подменяет форму позднесредневековой или этнографической,needs_check,needs_check,needs_check,Семантическое решение: Камнетёсный молот — переносной ремесленный инструмент.
downloads/Novgorod1230_material_culture_dataset_v1/Novgorod1230_material_culture_dataset_v1/data/catalog_items.csv:CON0045,Ручной ворот/лебёдка — осторожная реконструкция,needs_check,needs_check,buildings-interiors-containers/buildings/building_parts.csv#bp_well_bucket_rope,buildings-interiors-containers,,,analogy,"Осторожная реконструкция: функция или наличие вероятны, но конкретная форма/конструкция для Новгорода около 1230 не закреплена полностью.",,CON0045,C,1180–1260,Великий Новгород и Новгородская земля,reference_required,высокий: нужен конкретный референс и явная маркировка реконструкции,needs_check,needs_check,needs_check,Семантическое решение: Ручной ворот/лебёдка служит подъёму ведра; round2 target — существующий BIC узел ведра и подъёмной верёвки bp_well_bucket_rope.
downloads/Novgorod1230_material_culture_dataset_v1/Novgorod1230_material_culture_dataset_v1/data/catalog_items.csv:CRF0057,Мельничное колесо водяное,needs_check,needs_check,,,,,analogy,Спорно. Хранится только как исследовательская гипотеза и не должно автоматически попадать в генерацию.,,CRF0057,D,1180–1260,Великий Новгород и Новгородская земля,research_only,критический: не использовать автоматически,needs_check,needs_check,needs_check,"Водяное мельничное колесо: спорна региональная датировка формы. Запросить датированный археологический или исторический источник по Новгородской земле; basis=analogy, confidence D. D/research_only не доказывает анахронизм."
downloads/Novgorod1230_material_culture_dataset_v1/Novgorod1230_material_culture_dataset_v1/data/catalog_items.csv:FRN0003,Серебряная гривна/слиток международного расчёта,needs_check,needs_check,economy-trade-measures/currencies_measures/currency_units.csv#cu_grivna_serebra,economy-trade-measures,economy-trade-measures,economy-trade-measures/currencies_measures/currency_units.csv#cu_grivna_serebra,sourced,"Прямое новгородское археологическое, архитектурное или письменное подтверждение в подходящем диапазоне; форму всё равно сверять с конкретным опубликованным экземпляром.",,FRN0003,A,1180–1260,Великий Новгород и Новгородская земля,safe_with_record_specific_reference,"средний: опасность главным образом в позднем декоре, слишком новом состоянии и неверном масштабе",needs_check,needs_check,needs_check,Семантическое решение: Silver hryvnia ingot belongs to currency/economy owner; matching currency unit exists. Основание: category-level evidence (category_form_material_process_or_context).
downloads/Novgorod1230_material_culture_dataset_v1/Novgorod1230_material_culture_dataset_v1/data/catalog_items.csv:FRN0018,Импортное вино в бочке — осторожно,needs_check,needs_check,,food-drink,food-drink,,analogy,"Осторожная реконструкция: функция или наличие вероятны, но конкретная форма/конструкция для Новгорода около 1230 не закреплена полностью.",,FRN0018,C,1180–1260,Великий Новгород и Новгородская земля,reference_required,высокий: нужен конкретный референс и явная маркировка реконструкции,needs_check,needs_check,needs_check,"Семантическое решение: Review round2-bicw.md §2: вино в бочке — содержимое, food-drink owner; бочка только контекст хранения."
downloads/Novgorod1230_material_culture_dataset_v1/Novgorod1230_material_culture_dataset_v1/data/catalog_items.csv:FRN0034,Балтийская спиральная бронзовая деталь/подвес — контактный предмет,needs_check,needs_check,materials_registry/materials.csv#mt_bronze,crafts-tools-processes,crafts-tools-processes,materials_registry/materials.csv#mt_bronze,analogy,"Осторожная реконструкция: функция или наличие вероятны, но конкретная форма/конструкция для Новгорода около 1230 не закреплена полностью.",,FRN0034,C,1180–1260,Великий Новгород и Новгородская земля,reference_required,высокий: нужен конкретный референс и явная маркировка реконструкции,needs_check,needs_check,needs_check,"Семантическое решение: Балтийская спиральная деталь явно бронзовая; материал принадлежит crafts, BIC не подменяет его железом."
downloads/Novgorod1230_material_culture_dataset_v1/Novgorod1230_material_culture_dataset_v1/data/catalog_items.csv:HNT0010,Бобровая шкура,needs_check,needs_check,,crafts-tools-processes,crafts-tools-processes,,sourced,"Прямое новгородское археологическое, архитектурное или письменное подтверждение в подходящем диапазоне; форму всё равно сверять с конкретным опубликованным экземпляром.",,HNT0010,A,1180–1260,Великий Новгород и Новгородская земля,safe_with_record_specific_reference,"средний: опасность главным образом в позднем декоре, слишком новом состоянии и неверном масштабе",needs_check,needs_check,needs_check,"Бобровая шкура: Отход, сырьё, инструмент или состояние ремесла; kind-owner crafts-tools-processes. Семантическое решение: routed. Основание: category-level evidence (category_form_material_process_or_context)."
downloads/Novgorod1230_material_culture_dataset_v1/Novgorod1230_material_culture_dataset_v1/data/catalog_items.csv:LTR0025,Оглобля телеги,needs_check,needs_check,,transport-health-recreation,transport-health-recreation,,logical_necessity,Хорошая реконструкция по новгородским данным и нескольким близким древнерусским аналогиям XII–XIII вв.,,LTR0025,B,1180–1260,Великий Новгород и Новгородская земля,safe_with_constraints,средне-высокий: без референса генератор часто подменяет форму позднесредневековой или этнографической,needs_check,needs_check,needs_check,Оглобля телеги: Судно или его деталь/состояние; kind-owner transport-health-recreation. Семантическое решение: routed.
downloads/Novgorod1230_material_culture_dataset_v1/Novgorod1230_material_culture_dataset_v1/data/catalog_items.csv:MIL0006,Костровое место лагеря,add_variant,variant,buildings-interiors-containers/buildings/building_parts.csv#bp_hearth_open,buildings-interiors-containers,,,logical_necessity,Хорошая реконструкция по новгородским данным и нескольким близким древнерусским аналогиям XII–XIII вв.,,MIL0006,B,1180–1260,Великий Новгород и Новгородская земля,safe_with_constraints,средне-высокий: без референса генератор часто подменяет форму позднесредневековой или этнографической,variant,pass:variant,variant_not_new_entity,Семантическое решение: очищенное костровое место с возможным неровным каменным кругом — лагерное применение существующего открытого очага bp_hearth_open; сцена SCN045 остаётся только контекстом размещения.
downloads/Novgorod1230_material_culture_dataset_v1/Novgorod1230_material_culture_dataset_v1/data/catalog_items.csv:MIL0014,Палатка статусного военного лагеря,needs_check,needs_check,,buildings-interiors-containers,,,analogy,"Осторожная реконструкция: функция или наличие вероятны, но конкретная форма/конструкция для Новгорода около 1230 не закреплена полностью.",,MIL0014,C,1180–1260,Великий Новгород и Новгородская земля,reference_required,высокий: нужен конкретный референс и явная маркировка реконструкции,needs_check,needs_check,needs_check,"Семантическое решение: Палатка статусного лагеря — отдельная переносная BIC сущность; модель палатки ограничена C, reference_required и близкой иконографией, без позднего павильонного типа."
downloads/Novgorod1230_material_culture_dataset_v1/Novgorod1230_material_culture_dataset_v1/data/catalog_items.csv:MIL0015,Деревянная миска походная,needs_check,needs_check,items/household.csv#it_hh_turned_bowl,,items-household-personal,items/household.csv#it_hh_turned_bowl,sourced,"Прямое новгородское археологическое, архитектурное или письменное подтверждение в подходящем диапазоне; форму всё равно сверять с конкретным опубликованным экземпляром.",,MIL0015,A,1180–1260,Великий Новгород и Новгородская земля,safe_with_record_specific_reference,"средний: опасность главным образом в позднем декоре, слишком новом состоянии и неверном масштабе",needs_check,needs_check,needs_check,Семантическое решение: Travel wooden bowl is a context variant of the existing household wooden bowl. Основание: category-level evidence (category_form_material_process_or_context).
downloads/Novgorod1230_material_culture_dataset_v1/Novgorod1230_material_culture_dataset_v1/data/catalog_items.csv:MIL0028,Костровой треножник или подвес котла — осторожная реконструкция,needs_check,needs_check,,buildings-interiors-containers,,,analogy,"Осторожная реконструкция: функция или наличие вероятны, но конкретная форма/конструкция для Новгорода около 1230 не закреплена полностью.",,MIL0028,C,1180–1260,Великий Новгород и Новгородская земля,reference_required,высокий: нужен конкретный референс и явная маркировка реконструкции,needs_check,needs_check,needs_check,"Семантическое решение: Связанные жерди или простая цепь с крюком — отдельная camp-equipment сущность для подвеса котла; осторожная форма остаётся C/reference_required, без позднего складного штатива."
downloads/Novgorod1230_material_culture_dataset_v1/Novgorod1230_material_culture_dataset_v1/data/catalog_items.csv:MIL0032,Простой походный навес,add_variant,variant,buildings-interiors-containers/buildings/building_parts.csv#bp_awning,buildings-interiors-containers,,,analogy,"Осторожная реконструкция: функция или наличие вероятны, но конкретная форма/конструкция для Новгорода около 1230 не закреплена полностью.",,MIL0032,C,1180–1260,Великий Новгород и Новгородская земля,reference_required,высокий: нужен конкретный референс и явная маркировка реконструкции,variant,pass:variant,variant_not_new_entity,"Семантическое решение: Простой походный полог на жердях и верёвках — вариант существующего BIC навеса bp_awning; SCN045 задаёт только лагерный контекст, не сущность."
downloads/Novgorod1230_material_culture_dataset_v1/Novgorod1230_material_culture_dataset_v1/data/catalog_items.csv:MSC0006,Камень-валун во дворе,include_d39,new,nature-materials-weather/natural_materials_soils/natural_materials.csv#nm_boulders_fieldstone,nature-materials-weather,nature-materials-weather,nature-materials-weather/natural_materials_soils/natural_materials.csv#nm_boulders_fieldstone,sourced,"Прямое новгородское археологическое, архитектурное или письменное подтверждение в подходящем диапазоне; форму всё равно сверять с конкретным опубликованным экземпляром.",,MSC0006,A,1180–1260,Великий Новгород и Новгородская земля,safe_with_record_specific_reference,"средний: опасность главным образом в позднем декоре, слишком новом состоянии и неверном масштабе",routed,pass:routed,routed_to_owner,"Семантическое решение: Камень-валун — природный материал, не BIC объект; nature canonical entity nm_boulders_fieldstone владеет материалом, двор только контекст. Основание: category-level evidence (category_form_material_process_or_context)."
downloads/Novgorod1230_material_culture_dataset_v1/Novgorod1230_material_culture_dataset_v1/data/catalog_items.csv:MSC0009,Пакля/льняное волокно для швов,needs_check,needs_check,,crafts-tools-processes,crafts-tools-processes,,logical_necessity,Хорошая реконструкция по новгородским данным и нескольким близким древнерусским аналогиям XII–XIII вв.,,MSC0009,B,1180–1260,Великий Новгород и Новгородская земля,safe_with_constraints,средне-высокий: без референса генератор часто подменяет форму позднесредневековой или этнографической,needs_check,needs_check,needs_check,Семантическое решение: Пакля/льняное волокно — владелец crafts; текущий BIC вариант не подходит.
downloads/Novgorod1230_material_culture_dataset_v1/Novgorod1230_material_culture_dataset_v1/data/catalog_items.csv:MSC0012,Ремонтная заплата на деревянной стене,add_variant,variant,buildings-interiors-containers/buildings/building_parts.csv#bp_wall_crowns,buildings-interiors-containers,,,logical_necessity,Хорошая реконструкция по новгородским данным и нескольким близким древнерусским аналогиям XII–XIII вв.,,MSC0012,B,1180–1260,Великий Новгород и Новгородская земля,safe_with_constraints,средне-высокий: без референса генератор часто подменяет форму позднесредневековой или этнографической,variant,pass:variant,variant_not_new_entity,Семантическое решение: Ремонтная заплата — состояние/ремонт стены; текущая bp_masonry_wall не тождественна.
downloads/Novgorod1230_material_culture_dataset_v1/Novgorod1230_material_culture_dataset_v1/data/catalog_items.csv:MSC0033,Лёд на Волхове/пристани,include_d39,new,nature-materials-weather/natural_materials_soils/natural_materials.csv#nm_ice,nature-materials-weather,nature-materials-weather,nature-materials-weather/natural_materials_soils/natural_materials.csv#nm_ice,logical_necessity,Хорошая реконструкция по новгородским данным и нескольким близким древнерусским аналогиям XII–XIII вв.,,MSC0033,B,1180–1260,Великий Новгород и Новгородская земля,safe_with_constraints,средне-высокий: без референса генератор часто подменяет форму позднесредневековой или этнографической,routed,pass:routed,routed_to_owner,Семантическое решение: Лёд на Волхове/пристани — природное сезонное состояние.
downloads/Novgorod1230_material_culture_dataset_v1/Novgorod1230_material_culture_dataset_v1/data/catalog_items.csv:MSC0038,"Сеть, развешенная для сушки и ремонта",needs_check,needs_check,,crafts-tools-processes,crafts-tools-processes,,sourced,"Прямое новгородское археологическое, архитектурное или письменное подтверждение в подходящем диапазоне; форму всё равно сверять с конкретным опубликованным экземпляром.",,MSC0038,A,1180–1260,Великий Новгород и Новгородская земля,safe_with_record_specific_reference,"средний: опасность главным образом в позднем декоре, слишком новом состоянии и неверном масштабе",needs_check,needs_check,needs_check,"Сеть, развешенная для сушки и ремонта: Отход, сырьё, инструмент или состояние ремесла; kind-owner crafts-tools-processes. Семантическое решение: routed. Основание: category-level evidence (category_form_material_process_or_context)."
downloads/Novgorod1230_material_culture_dataset_v1/Novgorod1230_material_culture_dataset_v1/data/catalog_items.csv:MSC0045,Глиняная лужа/яма для замеса,needs_check,needs_check,interiors/scenes.csv#sc_scn053,,buildings-interiors-containers,interiors/scenes.csv#sc_scn053,logical_necessity,Хорошая реконструкция по новгородским данным и нескольким близким древнерусским аналогиям XII–XIII вв.,,MSC0045,B,1180–1260,Великий Новгород и Новгородская земля,safe_with_constraints,средне-высокий: без референса генератор часто подменяет форму позднесредневековой или этнографической,needs_check,needs_check,needs_check,"Семантическое решение: Глиняная яма/лужа — рабочая площадка замеса; контекст строительства каменного храма SCN053, не clay material entity."
downloads/Novgorod1230_material_culture_dataset_v1/Novgorod1230_material_culture_dataset_v1/data/catalog_items.csv:MUS0007,Дека гуслей с резонаторным отверстием,include_d39,new,transport-health-recreation/recreation_culture/recreation_entities.csv#rec_032,transport-health-recreation,transport-health-recreation,transport-health-recreation/recreation_culture/recreation_entities.csv#rec_032,sourced,"Прямое новгородское археологическое, архитектурное или письменное подтверждение в подходящем диапазоне; форму всё равно сверять с конкретным опубликованным экземпляром.",,MUS0007,A,1180–1260,Великий Новгород и Новгородская земля,safe_with_record_specific_reference,"средний: опасность главным образом в позднем декоре, слишком новом состоянии и неверном масштабе",routed,pass:routed,routed_to_owner,Семантическое решение: Gusli soundboard belongs to existing recreation entity. Основание: category-level evidence (category_form_material_process_or_context).
downloads/Novgorod1230_material_culture_dataset_v1/Novgorod1230_material_culture_dataset_v1/data/catalog_items.csv:MUS0011,Струна гуслей — реконструкция материала,include_d39,new,transport-health-recreation/recreation_culture/recreation_entities.csv#rec_032,transport-health-recreation,transport-health-recreation,transport-health-recreation/recreation_culture/recreation_entities.csv#rec_032,analogy,"Осторожная реконструкция: функция или наличие вероятны, но конкретная форма/конструкция для Новгорода около 1230 не закреплена полностью.",,MUS0011,C,1180–1260,Великий Новгород и Новгородская земля,reference_required,высокий: нужен конкретный референс и явная маркировка реконструкции,routed,pass:routed,routed_to_owner,Семантическое решение: Струна гуслей маршрутизируется к recreation entity rec_032 по решению владельца; BIC не создаёт параллельную rec_035.
downloads/Novgorod1230_material_culture_dataset_v1/Novgorod1230_material_culture_dataset_v1/data/catalog_items.csv:REL0005,Дискос,needs_check,needs_check,,items-household-personal,items-household-personal,,logical_necessity,Хорошая реконструкция по новгородским данным и нескольким близким древнерусским аналогиям XII–XIII вв.,,REL0005,B,1180–1260,Великий Новгород и Новгородская земля,safe_with_constraints,средне-высокий: без референса генератор часто подменяет форму позднесредневековой или этнографической,needs_check,needs_check,needs_check,"Дискос: Литургический предмет/вещь, а не постройка, интерьерное устройство или тара; размещение в сцене не делает BIC владельцем предмета. Семантическое решение: routed."
downloads/Novgorod1230_material_culture_dataset_v1/Novgorod1230_material_culture_dataset_v1/data/catalog_items.csv:REL0006,Лжица литургическая,needs_check,needs_check,,items-household-personal,items-household-personal,,logical_necessity,Хорошая реконструкция по новгородским данным и нескольким близким древнерусским аналогиям XII–XIII вв.,,REL0006,B,1180–1260,Великий Новгород и Новгородская земля,safe_with_constraints,средне-высокий: без референса генератор часто подменяет форму позднесредневековой или этнографической,needs_check,needs_check,needs_check,"Лжица литургическая: Литургический предмет/вещь, а не постройка, интерьерное устройство или тара; размещение в сцене не делает BIC владельцем предмета. Семантическое решение: routed."
downloads/Novgorod1230_material_culture_dataset_v1/Novgorod1230_material_culture_dataset_v1/data/catalog_items.csv:REL0007,Потир,needs_check,needs_check,,items-household-personal,items-household-personal,,logical_necessity,Хорошая реконструкция по новгородским данным и нескольким близким древнерусским аналогиям XII–XIII вв.,,REL0007,B,1180–1260,Великий Новгород и Новгородская земля,safe_with_constraints,средне-высокий: без референса генератор часто подменяет форму позднесредневековой или этнографической,needs_check,needs_check,needs_check,"Потир: Литургический предмет/вещь, а не постройка, интерьерное устройство или тара; размещение в сцене не делает BIC владельцем предмета. Семантическое решение: routed."
downloads/Novgorod1230_material_culture_dataset_v1/Novgorod1230_material_culture_dataset_v1/data/catalog_items.csv:REL0010,Каменный/деревянный престол,needs_check,needs_check,interiors/scenes.csv#sc_scn045,buildings-interiors-containers,buildings-interiors-containers,interiors/scenes.csv#sc_scn045,logical_necessity,Хорошая реконструкция по новгородским данным и нескольким близким древнерусским аналогиям XII–XIII вв.,,REL0010,B,1180–1260,Великий Новгород и Новгородская земля,safe_with_constraints,средне-высокий: без референса генератор часто подменяет форму позднесредневековой или этнографической,needs_check,needs_check,needs_check,"Семантическое решение: престол отражается как часть церковной сцены SCN045, отдельный предметный entity здесь не создаётся."
downloads/Novgorod1230_material_culture_dataset_v1/Novgorod1230_material_culture_dataset_v1/data/catalog_items.csv:REL0011,Аналой,needs_check,needs_check,interiors/scenes.csv#sc_scn045,buildings-interiors-containers,buildings-interiors-containers,interiors/scenes.csv#sc_scn045,analogy,"Осторожная реконструкция: функция или наличие вероятны, но конкретная форма/конструкция для Новгорода около 1230 не закреплена полностью.",,REL0011,C,1180–1260,Великий Новгород и Новгородская земля,reference_required,высокий: нужен конкретный референс и явная маркировка реконструкции,needs_check,needs_check,needs_check,Семантическое решение: аналой относится к интерьерной сцене SCN045; отдельная сущность по реконструктивному source не создаётся.
downloads/Novgorod1230_material_culture_dataset_v1/Novgorod1230_material_culture_dataset_v1/data/catalog_items.csv:REL0012,Деревянный процессионный крест,needs_check,needs_check,,items-household-personal,items-household-personal,,sourced,"Прямое новгородское археологическое, архитектурное или письменное подтверждение в подходящем диапазоне; форму всё равно сверять с конкретным опубликованным экземпляром.",,REL0012,A,1180–1260,Великий Новгород и Новгородская земля,safe_with_record_specific_reference,"средний: опасность главным образом в позднем декоре, слишком новом состоянии и неверном масштабе",needs_check,needs_check,needs_check,"Деревянный процессионный крест: Литургический предмет/вещь, а не постройка, интерьерное устройство или тара; размещение в сцене не делает BIC владельцем предмета. Семантическое решение: routed. Основание: category-level evidence (category_form_material_process_or_context)."
downloads/Novgorod1230_material_culture_dataset_v1/Novgorod1230_material_culture_dataset_v1/data/catalog_items.csv:REL0014,Настольный/алтарный крест,needs_check,needs_check,,items-household-personal,items-household-personal,,logical_necessity,Хорошая реконструкция по новгородским данным и нескольким близким древнерусским аналогиям XII–XIII вв.,,REL0014,B,1180–1260,Великий Новгород и Новгородская земля,safe_with_constraints,средне-высокий: без референса генератор часто подменяет форму позднесредневековой или этнографической,needs_check,needs_check,needs_check,"Настольный/алтарный крест: Литургический предмет/вещь, а не постройка, интерьерное устройство или тара; размещение в сцене не делает BIC владельцем предмета. Семантическое решение: routed."
downloads/Novgorod1230_material_culture_dataset_v1/Novgorod1230_material_culture_dataset_v1/data/catalog_items.csv:REL0016,Реликварий — редкий статусный предмет,needs_check,needs_check,,items-household-personal,items-household-personal,,analogy,"Осторожная реконструкция: функция или наличие вероятны, но конкретная форма/конструкция для Новгорода около 1230 не закреплена полностью.",,REL0016,C,1180–1260,Великий Новгород и Новгородская земля,reference_required,высокий: нужен конкретный референс и явная маркировка реконструкции,needs_check,needs_check,needs_check,"Реликварий — редкий статусный предмет: Литургический предмет/вещь, а не постройка, интерьерное устройство или тара; размещение в сцене не делает BIC владельцем предмета. Семантическое решение: routed."
downloads/Novgorod1230_material_culture_dataset_v1/Novgorod1230_material_culture_dataset_v1/data/catalog_items.csv:REL0017,Керамический храмовый светильник,add_variant,variant,buildings-interiors-containers/interiors/furniture_fixtures_light.csv#INT0031,buildings-interiors-containers,,,logical_necessity,Хорошая реконструкция по новгородским данным и нескольким близким древнерусским аналогиям XII–XIII вв.,,REL0017,B,1180–1260,Великий Новгород и Новгородская земля,safe_with_constraints,средне-высокий: без референса генератор часто подменяет форму позднесредневековой или этнографической,variant,pass:variant,variant_not_new_entity,Семантическое решение: Керамический храмовый светильник тождественен классу керамического масляного светильника; INT0005 — молельная зона.
downloads/Novgorod1230_material_culture_dataset_v1/Novgorod1230_material_culture_dataset_v1/data/catalog_items.csv:TRD0018,Торговая лавка-скамья,add_variant,variant,buildings-interiors-containers/buildings/building_parts.csv#bp_stall_counter,buildings-interiors-containers,buildings-interiors-containers,,logical_necessity,Хорошая реконструкция по новгородским данным и нескольким близким древнерусским аналогиям XII–XIII вв.,,TRD0018,B,1180–1260,Великий Новгород и Новгородская земля,safe_with_constraints,средне-высокий: без референса генератор часто подменяет форму позднесредневековой или этнографической,variant,pass:variant,variant_not_new_entity,Торговая лавка-скамья: Торговая лавка-скамья соответствует опорной детали bp_stall_counter. Семантическое решение: variant.
downloads/Novgorod1230_material_culture_dataset_v1/Novgorod1230_material_culture_dataset_v1/data/catalog_items.csv:WRT0009,Граффити на штукатурке храма,needs_check,needs_check,,items-household-personal,items-household-personal,,sourced,"Прямое новгородское археологическое, архитектурное или письменное подтверждение в подходящем диапазоне; форму всё равно сверять с конкретным опубликованным экземпляром.",,WRT0009,A,1180–1260,Великий Новгород и Новгородская земля,safe_with_record_specific_reference,"средний: опасность главным образом в позднем декоре, слишком новом состоянии и неверном масштабе",needs_check,needs_check,needs_check,"Граффити на штукатурке храма: Надпись — след религиозного/общественного быта на поверхности, не отдельный BIC предмет. Семантическое решение: routed. Основание: category-level evidence (category_form_material_process_or_context)."
downloads/Novgorod1230_material_culture_dataset_v1/Novgorod1230_material_culture_dataset_v1/data/catalog_items.csv:WRT0015,Деревянное писало — осторожная форма,needs_check,needs_check,,crafts-tools-processes,crafts-tools-processes,,analogy,"Осторожная реконструкция: функция или наличие вероятны, но конкретная форма/конструкция для Новгорода около 1230 не закреплена полностью.",,WRT0015,C,1180–1260,Великий Новгород и Новгородская земля,reference_required,высокий: нужен конкретный референс и явная маркировка реконструкции,needs_check,needs_check,needs_check,"Деревянное писало — осторожная форма: Отход, сырьё, инструмент или состояние ремесла; kind-owner crafts-tools-processes. Семантическое решение: routed."
downloads/Novgorod1230_material_culture_dataset_v1/Novgorod1230_material_culture_dataset_v1/data/catalog_items.csv:WTR0005,Плоскодонная перевозочная лодка,needs_check,needs_check,,transport-health-recreation,transport-health-recreation,,analogy,"Осторожная реконструкция: функция или наличие вероятны, но конкретная форма/конструкция для Новгорода около 1230 не закреплена полностью.",,WTR0005,C,1180–1260,Великий Новгород и Новгородская земля,reference_required,высокий: нужен конкретный референс и явная маркировка реконструкции,needs_check,needs_check,needs_check,Плоскодонная перевозочная лодка: Судно или его деталь/состояние; kind-owner transport-health-recreation. Семантическое решение: routed.
downloads/Novgorod1230_material_culture_dataset_v1/Novgorod1230_material_culture_dataset_v1/data/catalog_items.csv:WTR0007,Деревянный нагель судовой,needs_check,needs_check,,transport-health-recreation,transport-health-recreation,,sourced,"Прямое новгородское археологическое, архитектурное или письменное подтверждение в подходящем диапазоне; форму всё равно сверять с конкретным опубликованным экземпляром.",,WTR0007,A,1180–1260,Великий Новгород и Новгородская земля,safe_with_record_specific_reference,"средний: опасность главным образом в позднем декоре, слишком новом состоянии и неверном масштабе",needs_check,needs_check,needs_check,Деревянный нагель судовой: Судно или его деталь/состояние; kind-owner transport-health-recreation. Семантическое решение: routed. Основание: category-level evidence (category_form_material_process_or_context).
downloads/Novgorod1230_material_culture_dataset_v1/Novgorod1230_material_culture_dataset_v1/data/catalog_items.csv:WTR0019,Горшок со смолой/дёгтем для ремонта лодки,reference_only,new,crafts-tools-processes/materials_registry/materials.csv#mt_pine_pitch,crafts-tools-processes,crafts-tools-processes,crafts-tools-processes/materials_registry/materials.csv#mt_pine_pitch,sourced,"Прямое новгородское археологическое, архитектурное или письменное подтверждение в подходящем диапазоне; форму всё равно сверять с конкретным опубликованным экземпляром.",,WTR0019,A,1180–1260,Великий Новгород и Новгородская земля,safe_with_record_specific_reference,"средний: опасность главным образом в позднем декоре, слишком новом состоянии и неверном масштабе",routed,pass:routed,routed_to_owner,"Семантическое решение: По D3 WTR0019 связано с OMI00161 по смолистому содержимому; материал маршрутизируется в crafts к mt_pine_pitch, существующий BIC горшок ct_tar_pot и его crosswalk/profile сохраняются без потери. Основание: category-level evidence (category_form_material_process_or_context)."
