domain,entity_ru,entity_latin,fact_type,value,book_id,authors,title,year,section_path,para_no,quote,confidence,period,note,book_type,flags
weapons_armour,оружие (свод находок IX–XIII вв.),,quantity,"Учтено >7000 предметов вооружения IX–1-й пол. XIII в.: 183 меча, 150 сабель, 750 наконечников копий, ~50 сулиц, 570 боевых топоров",622242,Рыбаков Борис Александрович; Даркевич Владислав Петрович; Янин Валентин Лаврентьевич; Раппопорт Павел Александрович; Кирпичников Анатолий Николаевич; Медведев Александр Филиппович; Куза Андрей Васильевич; Колчин Борис Александрович; Чернецов Алексей Владимирович; Борисевич Г. В.; Кирьянова Наталья Алексеевна,"Древняя Русь. Город, замок, село",1985,"Глава седьмая Вооружение А.Н. Кирпичников, А.Ф. Медведев",1954,"183 меча, 10 скрамасаксов, 5 кинжалов, 150 сабель, 750 наконечников копий, почти 50 наконечников сулиц, 570 боевых топоров",B,c1230,,scholarly,
weapons_armour,защитное вооружение (свод находок),,quantity,"Найдено 37 шлемов, 112 кольчуг, части 26 пластинчатых/чешуйчатых доспехов, наручи, наколенники, 23 фрагмента щитов",622242,Рыбаков Борис Александрович; Даркевич Владислав Петрович; Янин Валентин Лаврентьевич; Раппопорт Павел Александрович; Кирпичников Анатолий Николаевич; Медведев Александр Филиппович; Куза Андрей Васильевич; Колчин Борис Александрович; Чернецов Алексей Владимирович; Борисевич Г. В.; Кирьянова Наталья Алексеевна,"Древняя Русь. Город, замок, село",1985,"Глава седьмая Вооружение А.Н. Кирпичников, А.Ф. Медведев",1954,"Среди защитного вооружения 37 шлемов, 112 кольчуг, части 26 пластинчатых и чешуйчатых доспехов (270 деталей), несколько таких принадлежностей, как наручи и наколенники, 23 фрагмента щита.",B,c1230,,scholarly,
weapons_armour,снаряжение всадника (свод находок),,quantity,"Снаряжение всадника: 570 удил, 31 седло, 430 стремян, ~590 шпор, боевая конская маска",622242,Рыбаков Борис Александрович; Даркевич Владислав Петрович; Янин Валентин Лаврентьевич; Раппопорт Павел Александрович; Кирпичников Анатолий Николаевич; Медведев Александр Филиппович; Куза Андрей Васильевич; Колчин Борис Александрович; Чернецов Алексей Владимирович; Борисевич Г. В.; Кирьянова Наталья Алексеевна,"Древняя Русь. Город, замок, село",1985,"Глава седьмая Вооружение А.Н. Кирпичников, А.Ф. Медведев",1955,"Снаряжение всадника представлено 570 удилами, частями 32 оголовий (700 деталей), боевой конской маской, остатками 31 седла (130 деталей), 430 стременами, почти 590 шпорами",B,c1230,,scholarly,
weapons_armour,клинковое и защитное вооружение,,social_rule,Клинки и доспех — в значительной мере привилегия господствующего слоя,622242,Рыбаков Борис Александрович; Даркевич Владислав Петрович; Янин Валентин Лаврентьевич; Раппопорт Павел Александрович; Кирпичников Анатолий Николаевич; Медведев Александр Филиппович; Куза Андрей Васильевич; Колчин Борис Александрович; Чернецов Алексей Владимирович; Борисевич Г. В.; Кирьянова Наталья Алексеевна,"Древняя Русь. Город, замок, село",1985,"Глава седьмая Вооружение А.Н. Кирпичников, А.Ф. Медведев",1958,Клинковое и защитное вооружение в значительной мере было привилегией господствующего класса.,B,c1230,,scholarly,
weapons_armour,вооружение ополченца,,social_rule,"Городские и сельские ополченцы обходились минимумом, в основном наступательного оружия",622242,Рыбаков Борис Александрович; Даркевич Владислав Петрович; Янин Валентин Лаврентьевич; Раппопорт Павел Александрович; Кирпичников Анатолий Николаевич; Медведев Александр Филиппович; Куза Андрей Васильевич; Колчин Борис Александрович; Чернецов Алексей Владимирович; Борисевич Г. В.; Кирьянова Наталья Алексеевна,"Древняя Русь. Город, замок, село",1985,"Глава седьмая Вооружение А.Н. Кирпичников, А.Ф. Медведев",1958,Городские и сельские ополченцы нередко довольствовались известным минимумом преимущественно наступательного оружия.,B,c1230,,scholarly,
weapons_armour,вооружение ополченца,,social_rule,"Граница нестрогая: пехотинец из «черных людей» мог иметь шлем и меч, младший дружинник — лук и стрелы",622242,Рыбаков Борис Александрович; Даркевич Владислав Петрович; Янин Валентин Лаврентьевич; Раппопорт Павел Александрович; Кирпичников Анатолий Николаевич; Медведев Александр Филиппович; Куза Андрей Васильевич; Колчин Борис Александрович; Чернецов Алексей Владимирович; Борисевич Г. В.; Кирьянова Наталья Алексеевна,"Древняя Русь. Город, замок, село",1985,"Глава седьмая Вооружение А.Н. Кирпичников, А.Ф. Медведев",1958,"пехотинец из «черных людей» подчас пользовался шлемом и мечом, а конник — младший дружинник — луком и стрелами",B,c1230,,scholarly,
weapons_armour,вооружение горожанина (1237–1240),,description,"По оружию защитников городов 1237–1240: пеший — копьё, топор, лук; конный — колющее, рубящее и защитное оружие",622242,Рыбаков Борис Александрович; Даркевич Владислав Петрович; Янин Валентин Лаврентьевич; Раппопорт Павел Александрович; Кирпичников Анатолий Николаевич; Медведев Александр Филиппович; Куза Андрей Васильевич; Колчин Борис Александрович; Чернецов Алексей Владимирович; Борисевич Г. В.; Кирьянова Наталья Алексеевна,"Древняя Русь. Город, замок, село",1985,"Глава седьмая Вооружение А.Н. Кирпичников, А.Ф. Медведев",1965,"Оно позволяет представить пешего ратника с копьем, топором, луком и стрелами и конного воина с колющим, рубящим и защитным оружием.",B,c1230,,scholarly,
weapons_armour,вооружение водских ополченцев,,presence_in_region,"Погребения XII–XIII вв. дают снаряжение пограничного населения, в т.ч. водских ополченцев (Ленинградская обл.)",622242,Рыбаков Борис Александрович; Даркевич Владислав Петрович; Янин Валентин Лаврентьевич; Раппопорт Павел Александрович; Кирпичников Анатолий Николаевич; Медведев Александр Филиппович; Куза Андрей Васильевич; Колчин Борис Александрович; Чернецов Алексей Владимирович; Борисевич Г. В.; Кирьянова Наталья Алексеевна,"Древняя Русь. Город, замок, село",1985,"Глава седьмая Вооружение А.Н. Кирпичников, А.Ф. Медведев",1965,"Погребения XII–XIII вв. (их учтено 144) характеризуют боевое снаряжение населения, проживавшего в некоторых пограничных районах Руси",B,c1230,,scholarly,
weapons_armour,находки оружия после 1250,,dating,После 1250 г. находки оружия становятся редкими; источник — арсеналы и изображения,622242,Рыбаков Борис Александрович; Даркевич Владислав Петрович; Янин Валентин Лаврентьевич; Раппопорт Павел Александрович; Кирпичников Анатолий Николаевич; Медведев Александр Филиппович; Куза Андрей Васильевич; Колчин Борис Александрович; Чернецов Алексей Владимирович; Борисевич Г. В.; Кирьянова Наталья Алексеевна,"Древняя Русь. Город, замок, село",1985,"Глава седьмая Вооружение А.Н. Кирпичников, А.Ф. Медведев",1966,После 1250 г. находки оружия становятся все более редкими,B,c1230,,scholarly,
military_security,род войск по оружию,,social_rule,Войско XI–XIII вв. делилось на тяжеловооружённых копейщиков (конных и пеших) и легковооружённых лучников,622242,Рыбаков Борис Александрович; Даркевич Владислав Петрович; Янин Валентин Лаврентьевич; Раппопорт Павел Александрович; Кирпичников Анатолий Николаевич; Медведев Александр Филиппович; Куза Андрей Васильевич; Колчин Борис Александрович; Чернецов Алексей Владимирович; Борисевич Г. В.; Кирьянова Наталья Алексеевна,"Древняя Русь. Город, замок, село",1985,"Глава седьмая Вооружение А.Н. Кирпичников, А.Ф. Медведев",1967,тяжеловооруженных всадников и пехотинцев — копейщиков и легковооруженных всадников и пехотинцев — лучников,B,c1230,,scholarly,
weapons_armour,меч,,social_rule,"Меч — привилегированное, но широко распространённое оружие",622242,Рыбаков Борис Александрович; Даркевич Владислав Петрович; Янин Валентин Лаврентьевич; Раппопорт Павел Александрович; Кирпичников Анатолий Николаевич; Медведев Александр Филиппович; Куза Андрей Васильевич; Колчин Борис Александрович; Чернецов Алексей Владимирович; Борисевич Г. В.; Кирьянова Наталья Алексеевна,"Древняя Русь. Город, замок, село",1985,"Глава седьмая Вооружение А.Н. Кирпичников, А.Ф. Медведев",1970,"К привилегированному, но широко распространенному оружию принадлежали мечи.",B,c1230,,scholarly,
weapons_armour,меч,,taboo_or_custom,"Меч как ценное оружие передавали от отца к сыну, поэтому редко клали в погребения",622242,Рыбаков Борис Александрович; Даркевич Владислав Петрович; Янин Валентин Лаврентьевич; Раппопорт Павел Александрович; Кирпичников Анатолий Николаевич; Медведев Александр Филиппович; Куза Андрей Васильевич; Колчин Борис Александрович; Чернецов Алексей Владимирович; Борисевич Г. В.; Кирьянова Наталья Алексеевна,"Древняя Русь. Город, замок, село",1985,"Глава седьмая Вооружение А.Н. Кирпичников, А.Ф. Медведев",1970,Меч как особо почитаемое и ценное оружие в период раннего феодализма передавали от отца к сыну,B,medieval_general,о раннем периоде; как обычай наследования применимо и позже,scholarly,
weapons_armour,меч,,social_rule,"Позднее мечи часто выдавались рядовым дружинникам из княжеских арсеналов, вероятно в пожизненное владение",622242,Рыбаков Борис Александрович; Даркевич Владислав Петрович; Янин Валентин Лаврентьевич; Раппопорт Павел Александрович; Кирпичников Анатолий Николаевич; Медведев Александр Филиппович; Куза Андрей Васильевич; Колчин Борис Александрович; Чернецов Алексей Владимирович; Борисевич Г. В.; Кирьянова Наталья Алексеевна,"Древняя Русь. Город, замок, село",1985,"Глава седьмая Вооружение А.Н. Кирпичников, А.Ф. Медведев",1970,"В более поздний период мечи нередко выдавались рядовым дружинникам из государственных арсеналов, вероятно, только в пожизненное владение.",B,c1230,,scholarly,
weapons_armour,меч романский,,quantity,"Романских мечей 2-й пол. XI–XIV вв. найдено 75, в основном в городах, погибших в 1237–1240, на путях войны",622242,Рыбаков Борис Александрович; Даркевич Владислав Петрович; Янин Валентин Лаврентьевич; Раппопорт Павел Александрович; Кирпичников Анатолий Николаевич; Медведев Александр Филиппович; Куза Андрей Васильевич; Колчин Борис Александрович; Чернецов Алексей Владимирович; Борисевич Г. В.; Кирьянова Наталья Алексеевна,"Древняя Русь. Город, замок, село",1985,"Глава седьмая Вооружение А.Н. Кирпичников, А.Ф. Медведев",1978,В отечественных находках их насчитывается 75.,B,c1230,,scholarly,
weapons_armour,меч,,dimensions,"Мечи 2-й пол. XI–XII в.: ~1 кг, иногда до 86 см, на 0,5–1,5 см уже мечей X в.",622242,Рыбаков Борис Александрович; Даркевич Владислав Петрович; Янин Валентин Лаврентьевич; Раппопорт Павел Александрович; Кирпичников Анатолий Николаевич; Медведев Александр Филиппович; Куза Андрей Васильевич; Колчин Борис Александрович; Чернецов Алексей Владимирович; Борисевич Г. В.; Кирьянова Наталья Алексеевна,"Древняя Русь. Город, замок, село",1985,"Глава седьмая Вооружение А.Н. Кирпичников, А.Ф. Медведев",1979,"Мечи второй половины XI–XII в. легче (около 1 кг), иногда короче (доходят до 86 см) и на 0,5–1,5 см уже клинков X в.",B,c1230,,scholarly,
weapons_armour,меч харалужный,,technique,С XII в. клинки делают цельностальными; такие мечи называли харалужными,622242,Рыбаков Борис Александрович; Даркевич Владислав Петрович; Янин Валентин Лаврентьевич; Раппопорт Павел Александрович; Кирпичников Анатолий Николаевич; Медведев Александр Филиппович; Куза Андрей Васильевич; Колчин Борис Александрович; Чернецов Алексей Владимирович; Борисевич Г. В.; Кирьянова Наталья Алексеевна,"Древняя Русь. Город, замок, село",1985,"Глава седьмая Вооружение А.Н. Кирпичников, А.Ф. Медведев",1979,"В XII в. технология производства клинков упрощается, их делают цельностальными; такие мечи назывались харалужными.",B,c1230,,scholarly,
weapons_armour,меч,,dimensions,Во 2-й пол. XII–XIII в. мечи утяжеляются: до 120 см и ~2 кг,622242,Рыбаков Борис Александрович; Даркевич Владислав Петрович; Янин Валентин Лаврентьевич; Раппопорт Павел Александрович; Кирпичников Анатолий Николаевич; Медведев Александр Филиппович; Куза Андрей Васильевич; Колчин Борис Александрович; Чернецов Алексей Владимирович; Борисевич Г. В.; Кирьянова Наталья Алексеевна,"Древняя Русь. Город, замок, село",1985,"Глава седьмая Вооружение А.Н. Кирпичников, А.Ф. Медведев",1980,"Появляются довольно длинные (до 120 см) и тяжелые (около 2 кг) мечи, которые по этим своим показателям даже превосходят образцы IX–X вв.",B,c1230,,scholarly,
weapons_armour,меч,,dimensions,Перекрестье мечей XII–XIII вв. 18–20 см (раньше 9–12 см),622242,Рыбаков Борис Александрович; Даркевич Владислав Петрович; Янин Валентин Лаврентьевич; Раппопорт Павел Александрович; Кирпичников Анатолий Николаевич; Медведев Александр Филиппович; Куза Андрей Васильевич; Колчин Борис Александрович; Чернецов Алексей Владимирович; Борисевич Г. В.; Кирьянова Наталья Алексеевна,"Древняя Русь. Город, замок, село",1985,"Глава седьмая Вооружение А.Н. Кирпичников, А.Ф. Медведев",1980,Перекрестье мечей XII–XIII вв. вытягивается в длину и достигает 18–20 см (обычная длина перекрестья предшествующего времени 9-12 см).,B,c1230,,scholarly,
weapons_armour,меч,,use,"В середине XIII в. бытовали и тяжёлые рыцарские мечи, и лёгкие с полыми деталями рукояти (для лёгкой конницы)",622242,Рыбаков Борис Александрович; Даркевич Владислав Петрович; Янин Валентин Лаврентьевич; Раппопорт Павел Александрович; Кирпичников Анатолий Николаевич; Медведев Александр Филиппович; Куза Андрей Васильевич; Колчин Борис Александрович; Чернецов Алексей Владимирович; Борисевич Г. В.; Кирьянова Наталья Алексеевна,"Древняя Русь. Город, замок, село",1985,"Глава седьмая Вооружение А.Н. Кирпичников, А.Ф. Медведев",1980,"Отметим, что на Руси еще в середине XIII в. использовались как тяжелые рыцарские мечи, так и более легкие с полыми деталями рукоятей.",B,c1230,,scholarly,
weapons_armour,меч колющий,,dating,Колющий клинок появляется примерно в середине–2-й пол. XIII в. (меч Довмонта); для 1230 г. — ещё нет,622242,Рыбаков Борис Александрович; Даркевич Владислав Петрович; Янин Валентин Лаврентьевич; Раппопорт Павел Александрович; Кирпичников Анатолий Николаевич; Медведев Александр Филиппович; Куза Андрей Васильевич; Колчин Борис Александрович; Чернецов Алексей Владимирович; Борисевич Г. В.; Кирьянова Наталья Алексеевна,"Древняя Русь. Город, замок, село",1985,"Глава седьмая Вооружение А.Н. Кирпичников, А.Ф. Медведев",1981,"Поиски оружия, поражающего сквозь самые плотные доспехи, приводят к созданию примерно в середине и второй половине XIII в. колющего клинка.",B,c1230,denylist для c1230: колющий меч — после ~1250,scholarly,
weapons_armour,меч с дисковидным навершием,,description,В XII–XIII вв. на Руси преобладали мечи с дисковидным навершием (тип VI),622242,Рыбаков Борис Александрович; Даркевич Владислав Петрович; Янин Валентин Лаврентьевич; Раппопорт Павел Александрович; Кирпичников Анатолий Николаевич; Медведев Александр Филиппович; Куза Андрей Васильевич; Колчин Борис Александрович; Чернецов Алексей Владимирович; Борисевич Г. В.; Кирьянова Наталья Алексеевна,"Древняя Русь. Город, замок, село",1985,"Глава седьмая Вооружение А.Н. Кирпичников, А.Ф. Медведев",1984,"преобладание, как и на западе, получили мечи с дисковидным навершием (тип VI)",B,c1230,,scholarly,
weapons_armour,меч с дисковидным навершием,,dating,"Навершие-диск: XII в. — колесообразное, XIII в. — с радиальным двусторонним срезом",622242,Рыбаков Борис Александрович; Даркевич Владислав Петрович; Янин Валентин Лаврентьевич; Раппопорт Павел Александрович; Кирпичников Анатолий Николаевич; Медведев Александр Филиппович; Куза Андрей Васильевич; Колчин Борис Александрович; Чернецов Алексей Владимирович; Борисевич Г. В.; Кирьянова Наталья Алексеевна,"Древняя Русь. Город, замок, село",1985,"Глава седьмая Вооружение А.Н. Кирпичников, А.Ф. Медведев",1984,"В XII в. она колесообразная, в XIII в. головки получают радиальный двусторонний срез",B,c1230,,scholarly,
weapons_armour,клеймо на мече,,other,С середины XII в. вместо имён мастеров на клинках религиозные надписи и знаки цветными металлами,622242,Рыбаков Борис Александрович; Даркевич Владислав Петрович; Янин Валентин Лаврентьевич; Раппопорт Павел Александрович; Кирпичников Анатолий Николаевич; Медведев Александр Филиппович; Куза Андрей Васильевич; Колчин Борис Александрович; Чернецов Алексей Владимирович; Борисевич Г. В.; Кирьянова Наталья Алексеевна,"Древняя Русь. Город, замок, село",1985,"Глава седьмая Вооружение А.Н. Кирпичников, А.Ф. Медведев",2020,"Около середины XII в. имена мастеров на клинках начинают исчезать и появляются религиозные надписи и изображения, наведенные не железом, а цветными и благородными металлами.",B,c1230,fact_type other: приметы/маркировка (mark_slots),scholarly,
weapons_armour,меч,,presence_in_region,В XII–XIII вв. в Восточной Европе преобладали привозные романские мечи,622242,Рыбаков Борис Александрович; Даркевич Владислав Петрович; Янин Валентин Лаврентьевич; Раппопорт Павел Александрович; Кирпичников Анатолий Николаевич; Медведев Александр Филиппович; Куза Андрей Васильевич; Колчин Борис Александрович; Чернецов Алексей Владимирович; Борисевич Г. В.; Кирьянова Наталья Алексеевна,"Древняя Русь. Город, замок, село",1985,"Глава седьмая Вооружение А.Н. Кирпичников, А.Ф. Медведев",1991,"в X и в XII–XIII вв. в Восточной Европе преобладали привозные каролингские, а затем романские мечи",B,c1230,,scholarly,
weapons_armour,сабля,,presence_in_region,До 1-й пол. XIII в. сабля в основном южнорусская; в Псков и Новгород её зона сдвигается лишь в XIV в.,622242,Рыбаков Борис Александрович; Даркевич Владислав Петрович; Янин Валентин Лаврентьевич; Раппопорт Павел Александрович; Кирпичников Анатолий Николаевич; Медведев Александр Филиппович; Куза Андрей Васильевич; Колчин Борис Александрович; Чернецов Алексей Владимирович; Борисевич Г. В.; Кирьянова Наталья Алексеевна,"Древняя Русь. Город, замок, село",1985,"Глава седьмая Вооружение А.Н. Кирпичников, А.Ф. Медведев",2021,"то в XIV в. под военным давлением Золотой Орды зона ее применения отодвинулась значительно севернее, включив Псков и Новгород",B,c1230,для Новгорода 1230 г. сабля — редкость,scholarly,
weapons_armour,сабля,,presence_in_region,Со 2-й пол. XI в. кривые клинки встречаются и в Новгороде,622242,Рыбаков Борис Александрович; Даркевич Владислав Петрович; Янин Валентин Лаврентьевич; Раппопорт Павел Александрович; Кирпичников Анатолий Николаевич; Медведев Александр Филиппович; Куза Андрей Васильевич; Колчин Борис Александрович; Чернецов Алексей Владимирович; Борисевич Г. В.; Кирьянова Наталья Алексеевна,"Древняя Русь. Город, замок, село",1985,"Глава седьмая Вооружение А.Н. Кирпичников, А.Ф. Медведев",2022,"Начиная со второй половины XI в. искривленные клинки встречаются не только на юге страны, но и в Минске, Новгороде, Суздальском ополье.",B,c1230,,scholarly,
weapons_armour,сабля,,dimensions,Клинок сабли XII–XIII вв. удлиняется на 10–17 см против ~1 м в X в.,622242,Рыбаков Борис Александрович; Даркевич Владислав Петрович; Янин Валентин Лаврентьевич; Раппопорт Павел Александрович; Кирпичников Анатолий Николаевич; Медведев Александр Филиппович; Куза Андрей Васильевич; Колчин Борис Александрович; Чернецов Алексей Владимирович; Борисевич Г. В.; Кирьянова Наталья Алексеевна,"Древняя Русь. Город, замок, село",1985,"Глава седьмая Вооружение А.Н. Кирпичников, А.Ф. Медведев",2023,"Клинок X — первой половины XI в., достигающий 1 м, к XII–XIII вв. удлиняется на 10–17 см.",B,c1230,,scholarly,
weapons_armour,сабля,,dimensions,"Ширина сабельного клинка XII–XIII вв. до 4,4 см (в среднем 3,5–3,8)",622242,Рыбаков Борис Александрович; Даркевич Владислав Петрович; Янин Валентин Лаврентьевич; Раппопорт Павел Александрович; Кирпичников Анатолий Николаевич; Медведев Александр Филиппович; Куза Андрей Васильевич; Колчин Борис Александрович; Чернецов Алексей Владимирович; Борисевич Г. В.; Кирьянова Наталья Алексеевна,"Древняя Русь. Город, замок, село",1985,"Глава седьмая Вооружение А.Н. Кирпичников, А.Ф. Медведев",2023,"Ширина клинка, первоначально равная 3–3,7 см, достигает в XII–XIII вв. 4,4 см (в среднем 3,5–3,8 см).",B,c1230,,scholarly,
weapons_armour,сабля,,dimensions,"Кривизна сабли 2-й пол. XI–XIII в. 4,5–5,5, до 7 см",622242,Рыбаков Борис Александрович; Даркевич Владислав Петрович; Янин Валентин Лаврентьевич; Раппопорт Павел Александрович; Кирпичников Анатолий Николаевич; Медведев Александр Филиппович; Куза Андрей Васильевич; Колчин Борис Александрович; Чернецов Алексей Владимирович; Борисевич Г. В.; Кирьянова Наталья Алексеевна,"Древняя Русь. Город, замок, село",1985,"Глава седьмая Вооружение А.Н. Кирпичников, А.Ф. Медведев",2023,"до 4,5–5,5 см и даже 7 см (вторая половина XI–XIII в.)",B,c1230,,scholarly,
weapons_armour,сабля,,description,Сабли редко украшались,622242,Рыбаков Борис Александрович; Даркевич Владислав Петрович; Янин Валентин Лаврентьевич; Раппопорт Павел Александрович; Кирпичников Анатолий Николаевич; Медведев Александр Филиппович; Куза Андрей Васильевич; Колчин Борис Александрович; Чернецов Алексей Владимирович; Борисевич Г. В.; Кирьянова Наталья Алексеевна,"Древняя Русь. Город, замок, село",1985,"Глава седьмая Вооружение А.Н. Кирпичников, А.Ф. Медведев",2026,"В отличие от мечей сабли редко украшались, что затрудняет определение их этнической принадлежности.",B,c1230,,scholarly,
weapons_armour,копьё,,dimensions,"Древко копья ~в рост человека, кавалерийское до 3 м",622242,Рыбаков Борис Александрович; Даркевич Владислав Петрович; Янин Валентин Лаврентьевич; Раппопорт Павел Александрович; Кирпичников Анатолий Николаевич; Медведев Александр Филиппович; Куза Андрей Васильевич; Колчин Борис Александрович; Чернецов Алексей Владимирович; Борисевич Г. В.; Кирьянова Наталья Алексеевна,"Древняя Русь. Город, замок, село",1985,"Глава седьмая Вооружение А.Н. Кирпичников, А.Ф. Медведев",2027,"Длина древка копья приближалась к росту человека, но кавалерийские могли достигать 3 м.",B,c1230,,scholarly,
weapons_armour,копьё,,social_rule,"Копья и боевые топоры — гораздо более массовое оружие, чем мечи и сабли",622242,Рыбаков Борис Александрович; Даркевич Владислав Петрович; Янин Валентин Лаврентьевич; Раппопорт Павел Александрович; Кирпичников Анатолий Николаевич; Медведев Александр Филиппович; Куза Андрей Васильевич; Колчин Борис Александрович; Чернецов Алексей Владимирович; Борисевич Г. В.; Кирьянова Наталья Алексеевна,"Древняя Русь. Город, замок, село",1985,"Глава седьмая Вооружение А.Н. Кирпичников, А.Ф. Медведев",2027,В отличие от мечей и сабель копья (равно как к боевые топоры) принадлежали к несравненно более распространенному оружию.,B,c1230,,scholarly,
weapons_armour,наконечник копья удлинённо-треугольный (тип III),,dimensions,"Тип III (IX–XIV вв.): длина 20–40 см, ширина 3–5, втулка ~3 см; боевое и охотничье",622242,Рыбаков Борис Александрович; Даркевич Владислав Петрович; Янин Валентин Лаврентьевич; Раппопорт Павел Александрович; Кирпичников Анатолий Николаевич; Медведев Александр Филиппович; Куза Андрей Васильевич; Колчин Борис Александрович; Чернецов Алексей Владимирович; Борисевич Г. В.; Кирьянова Наталья Алексеевна,"Древняя Русь. Город, замок, село",1985,"Глава седьмая Вооружение А.Н. Кирпичников, А.Ф. Медведев",2030,"Обычная длина 20–40 см, ширина 3–5 см, диаметр втулки около 3 см.",B,c1230,,scholarly,
weapons_armour,наконечник копья яйцевидный (тип IV),,presence_in_region,Тип IV XI–XII вв. в Новгородской земле связан с прибалтийскими образцами,622242,Рыбаков Борис Александрович; Даркевич Владислав Петрович; Янин Валентин Лаврентьевич; Раппопорт Павел Александрович; Кирпичников Анатолий Николаевич; Медведев Александр Филиппович; Куза Андрей Васильевич; Колчин Борис Александрович; Чернецов Алексей Владимирович; Борисевич Г. В.; Кирьянова Наталья Алексеевна,"Древняя Русь. Город, замок, село",1985,"Глава седьмая Вооружение А.Н. Кирпичников, А.Ф. Медведев",2031,"Появление подобных наконечников в Новгородской земле, по-видимому, как-то связано с влиянием эстонских, латвийских и других прибалтийских образцов.",B,medieval_general,в основном XI в.,scholarly,
weapons_armour,рогатина,,dimensions,"Рогатина (тип IVА, XII–XIII вв.) весит 700–1000 г против 200–240 г у обычного копья",622242,Рыбаков Борис Александрович; Даркевич Владислав Петрович; Янин Валентин Лаврентьевич; Раппопорт Павел Александрович; Кирпичников Анатолий Николаевич; Медведев Александр Филиппович; Куза Андрей Васильевич; Колчин Борис Александрович; Чернецов Алексей Владимирович; Борисевич Г. В.; Кирьянова Наталья Алексеевна,"Древняя Русь. Город, замок, село",1985,"Глава седьмая Вооружение А.Н. Кирпичников, А.Ф. Медведев",2031,"нет более тяжелых (вес около 700-1000 г, вес обычного копья 200–240 г.) мощных и широких наконечников, чем рогатины",B,c1230,,scholarly,
weapons_armour,рогатина,,use,"Рогатина — преимущественно пехотное, иногда охотничье оружие",622242,Рыбаков Борис Александрович; Даркевич Владислав Петрович; Янин Валентин Лаврентьевич; Раппопорт Павел Александрович; Кирпичников Анатолий Николаевич; Медведев Александр Филиппович; Куза Андрей Васильевич; Колчин Борис Александрович; Чернецов Алексей Владимирович; Борисевич Г. В.; Кирьянова Наталья Алексеевна,"Древняя Русь. Город, замок, село",1985,"Глава седьмая Вооружение А.Н. Кирпичников, А.Ф. Медведев",2031,"определить ее как преимущественно пехотное, а иногда и охотничье оружие",B,c1230,,scholarly,
weapons_armour,"пика (копьё с гранёным пером, тип V)",,quantity,"В XII–XIII вв. пики — преобладающий тип, половина всех находок копий",622242,Рыбаков Борис Александрович; Даркевич Владислав Петрович; Янин Валентин Лаврентьевич; Раппопорт Павел Александрович; Кирпичников Анатолий Николаевич; Медведев Александр Филиппович; Куза Андрей Васильевич; Колчин Борис Александрович; Чернецов Алексей Владимирович; Борисевич Г. В.; Кирьянова Наталья Алексеевна,"Древняя Русь. Город, замок, село",1985,"Глава седьмая Вооружение А.Н. Кирпичников, А.Ф. Медведев",2032,"В XII–XIII вв. уже ни одни тип копья не имел столь явного преобладания, какое получили пики.",B,c1230,,scholarly,
weapons_armour,"пика (копьё с гранёным пером, тип V)",,dimensions,"Пика: длина 15–30 см, ширина пера 1,5 см, втулка 3 см; бронебойная кавалерийская",622242,Рыбаков Борис Александрович; Даркевич Владислав Петрович; Янин Валентин Лаврентьевич; Раппопорт Павел Александрович; Кирпичников Анатолий Николаевич; Медведев Александр Филиппович; Куза Андрей Васильевич; Колчин Борис Александрович; Чернецов Алексей Владимирович; Борисевич Г. В.; Кирьянова Наталья Алексеевна,"Древняя Русь. Город, замок, село",1985,"Глава седьмая Вооружение А.Н. Кирпичников, А.Ф. Медведев",2032,"Типичные размеры: длина 15–30 см, ширина пера 1,5 см, диаметр втулки 3 см.",B,c1230,,scholarly,
weapons_armour,копьё,,dimensions,"Древко утолщается с 2,5 см (X в.) до 3,5 см (XII–XIII вв.)",622242,Рыбаков Борис Александрович; Даркевич Владислав Петрович; Янин Валентин Лаврентьевич; Раппопорт Павел Александрович; Кирпичников Анатолий Николаевич; Медведев Александр Филиппович; Куза Андрей Васильевич; Колчин Борис Александрович; Чернецов Алексей Владимирович; Борисевич Г. В.; Кирьянова Наталья Алексеевна,"Древняя Русь. Город, замок, село",1985,"Глава седьмая Вооружение А.Н. Кирпичников, А.Ф. Медведев",2034,"Типичным для X в. являлось древко толщиной 2,5 см, в XII–XIII вв. оно утолстилось до 3,5 см.",B,c1230,,scholarly,
weapons_armour,копьё,,technique,С XII в. удар копьём — таран движением всадника,622242,Рыбаков Борис Александрович; Даркевич Владислав Петрович; Янин Валентин Лаврентьевич; Раппопорт Павел Александрович; Кирпичников Анатолий Николаевич; Медведев Александр Филиппович; Куза Андрей Васильевич; Колчин Борис Александрович; Чернецов Алексей Владимирович; Борисевич Г. В.; Кирьянова Наталья Алексеевна,"Древняя Русь. Город, замок, село",1985,"Глава седьмая Вооружение А.Н. Кирпичников, А.Ф. Медведев",2034,Удар таким наконечником достигался самим движением всадника — он стремился таранить своего противника.,B,c1230,,scholarly,
military_security,«копье» как единица счёта,,social_rule,По копьям вёлся счёт войску,622242,Рыбаков Борис Александрович; Даркевич Владислав Петрович; Янин Валентин Лаврентьевич; Раппопорт Павел Александрович; Кирпичников Анатолий Николаевич; Медведев Александр Филиппович; Куза Андрей Васильевич; Колчин Борис Александрович; Чернецов Алексей Владимирович; Борисевич Г. В.; Кирьянова Наталья Алексеевна,"Древняя Русь. Город, замок, село",1985,"Глава седьмая Вооружение А.Н. Кирпичников, А.Ф. Медведев",2036,По копьям велся счет войску.,B,c1230,,scholarly,
weapons_armour,сулица,,dimensions,"Наконечник сулицы 15–20 см, с древком 1,2–1,5 м",622242,Рыбаков Борис Александрович; Даркевич Владислав Петрович; Янин Валентин Лаврентьевич; Раппопорт Павел Александрович; Кирпичников Анатолий Николаевич; Медведев Александр Филиппович; Куза Андрей Васильевич; Колчин Борис Александрович; Чернецов Алексей Владимирович; Борисевич Г. В.; Кирьянова Наталья Алексеевна,"Древняя Русь. Город, замок, село",1985,"Глава седьмая Вооружение А.Н. Кирпичников, А.Ф. Медведев",2037,"Длина их составляла 15–20 см, а вместе с древком 1,2–1,5 м.",B,c1230,,scholarly,
weapons_armour,сулица,,dating,В зрелом средневековье популярность сулиц возросла,622242,Рыбаков Борис Александрович; Даркевич Владислав Петрович; Янин Валентин Лаврентьевич; Раппопорт Павел Александрович; Кирпичников Анатолий Николаевич; Медведев Александр Филиппович; Куза Андрей Васильевич; Колчин Борис Александрович; Чернецов Алексей Владимирович; Борисевич Г. В.; Кирьянова Наталья Алексеевна,"Древняя Русь. Город, замок, село",1985,"Глава седьмая Вооружение А.Н. Кирпичников, А.Ф. Медведев",2037,В зрелом средневековье популярность сулиц возросла,B,c1230,,scholarly,
weapons_armour,боевой топор,,social_rule,Большинство боевых топоров — оружие пешего ратника,622242,Рыбаков Борис Александрович; Даркевич Владислав Петрович; Янин Валентин Лаврентьевич; Раппопорт Павел Александрович; Кирпичников Анатолий Николаевич; Медведев Александр Филиппович; Куза Андрей Васильевич; Колчин Борис Александрович; Чернецов Алексей Владимирович; Борисевич Г. В.; Кирьянова Наталья Алексеевна,"Древняя Русь. Город, замок, село",1985,"Глава седьмая Вооружение А.Н. Кирпичников, А.Ф. Медведев",2038,"Большинство известных боевых топоров следует, по-видимому, причислить к оружию пешего ратника.",B,c1230,,scholarly,
weapons_armour,боевой топор,,quantity,На Руси найдено ~1600 топоров,622242,Рыбаков Борис Александрович; Даркевич Владислав Петрович; Янин Валентин Лаврентьевич; Раппопорт Павел Александрович; Кирпичников Анатолий Николаевич; Медведев Александр Филиппович; Куза Андрей Васильевич; Колчин Борис Александрович; Чернецов Алексей Владимирович; Борисевич Г. В.; Кирьянова Наталья Алексеевна,"Древняя Русь. Город, замок, село",1985,"Глава седьмая Вооружение А.Н. Кирпичников, А.Ф. Медведев",2039,На территории Древней Руси найдено около 1600 топоров.,B,c1230,,scholarly,
weapons_armour,боевой топор,,dimensions,"Боевые топоры: лезвие 9–15 см, ширина до 10–12, вес до 450 г; чеканы 200–350 г",622242,Рыбаков Борис Александрович; Даркевич Владислав Петрович; Янин Валентин Лаврентьевич; Раппопорт Павел Александрович; Кирпичников Анатолий Николаевич; Медведев Александр Филиппович; Куза Андрей Васильевич; Колчин Борис Александрович; Чернецов Алексей Владимирович; Борисевич Г. В.; Кирьянова Наталья Алексеевна,"Древняя Русь. Город, замок, село",1985,"Глава седьмая Вооружение А.Н. Кирпичников, А.Ф. Медведев",2039,"Обычные размеры топоров первых двух групп: длина лезвия 9-15 см, ширина до 10–12 см, диаметр обушного отверстия 2–3 см, вес до 450 г (чеканы весят 200–350 г).",B,c1230,,scholarly,
weapons_armour,рабочий топор,,dimensions,"Рабочий топор: 15–22 см, вес 600–800 г",622242,Рыбаков Борис Александрович; Даркевич Владислав Петрович; Янин Валентин Лаврентьевич; Раппопорт Павел Александрович; Кирпичников Анатолий Николаевич; Медведев Александр Филиппович; Куза Андрей Васильевич; Колчин Борис Александрович; Чернецов Алексей Владимирович; Борисевич Г. В.; Кирьянова Наталья Алексеевна,"Древняя Русь. Город, замок, село",1985,"Глава седьмая Вооружение А.Н. Кирпичников, А.Ф. Медведев",2039,"Для сравнения укажем размеры рабочих топоров: длина 15–22 см (чаще 17–18 см), ширина лезвия 9-14 см, диаметр втулки 3–4,5 см обычный вес 600–800 г.",B,c1230,,scholarly,
weapons_armour,чекан; бородовидная секира,,dating,В XII–XIII вв. типичны чеканы и бородовидные секиры,622242,Рыбаков Борис Александрович; Даркевич Владислав Петрович; Янин Валентин Лаврентьевич; Раппопорт Павел Александрович; Кирпичников Анатолий Николаевич; Медведев Александр Филиппович; Куза Андрей Васильевич; Колчин Борис Александрович; Чернецов Алексей Владимирович; Борисевич Г. В.; Кирьянова Наталья Алексеевна,"Древняя Русь. Город, замок, село",1985,"Глава седьмая Вооружение А.Н. Кирпичников, А.Ф. Медведев",2046,в XII–XIII вв. типичными становятся чеканы и бородовидные секиры,B,c1230,,scholarly,
weapons_armour,боевой топор,,use,В XI–XIII вв. топор остаётся массовым пехотным оружием,622242,Рыбаков Борис Александрович; Даркевич Владислав Петрович; Янин Валентин Лаврентьевич; Раппопорт Павел Александрович; Кирпичников Анатолий Николаевич; Медведев Александр Филиппович; Куза Андрей Васильевич; Колчин Борис Александрович; Чернецов Алексей Владимирович; Борисевич Г. В.; Кирьянова Наталья Алексеевна,"Древняя Русь. Город, замок, село",1985,"Глава седьмая Вооружение А.Н. Кирпичников, А.Ф. Медведев",2047,"В XI–XIII вв. в связи с возрастающей ролью конницы военное применение топора снижается, хотя он по-прежнему остается массовым пехотным оружием.",B,c1230,,scholarly,
weapons_armour,секира с опущенным лезвием (тип V),,presence_in_region,"Тип V (X–1-я пол. XIII в.) сосредоточен на севере Руси, в Приладожье",622242,Рыбаков Борис Александрович; Даркевич Владислав Петрович; Янин Валентин Лаврентьевич; Раппопорт Павел Александрович; Кирпичников Анатолий Николаевич; Медведев Александр Филиппович; Куза Андрей Васильевич; Колчин Борис Александрович; Чернецов Алексей Владимирович; Борисевич Г. В.; Кирьянова Наталья Алексеевна,"Древняя Русь. Город, замок, село",1985,"Глава седьмая Вооружение А.Н. Кирпичников, А.Ф. Медведев",2044,"Наибольшее скопление этих изделии отмечается на севере Руси, особенно в курганах юго-восточного Приладожья.",B,c1230,,scholarly,
weapons_armour,секира широколезвийная (тип VII),,presence_in_region,Широкие симметричные секиры (X–XIII вв.) типичны для северных районов Руси,622242,Рыбаков Борис Александрович; Даркевич Владислав Петрович; Янин Валентин Лаврентьевич; Раппопорт Павел Александрович; Кирпичников Анатолий Николаевич; Медведев Александр Филиппович; Куза Андрей Васильевич; Колчин Борис Александрович; Чернецов Алексей Владимирович; Борисевич Г. В.; Кирьянова Наталья Алексеевна,"Древняя Русь. Город, замок, село",1985,"Глава седьмая Вооружение А.Н. Кирпичников, А.Ф. Медведев",2045,"На Руси эти топоры в основном типичны для северных районов, при этом некоторые найдены в крестьянских курганах.",B,c1230,,scholarly,
weapons_armour,булава,,name_form,Древнерусское собирательное название булавы — кий,622242,Рыбаков Борис Александрович; Даркевич Владислав Петрович; Янин Валентин Лаврентьевич; Раппопорт Павел Александрович; Кирпичников Анатолий Николаевич; Медведев Александр Филиппович; Куза Андрей Васильевич; Колчин Борис Александрович; Чернецов Алексей Владимирович; Борисевич Г. В.; Кирьянова Наталья Алексеевна,"Древняя Русь. Город, замок, село",1985,"Глава седьмая Вооружение А.Н. Кирпичников, А.Ф. Медведев",2049,Их собирательное древнерусское наименование — кий.,B,c1230,,scholarly,
weapons_armour,булава,,social_rule,Железные кубические булавы — дешёвое оружие рядовых горожан и крестьян,622242,Рыбаков Борис Александрович; Даркевич Владислав Петрович; Янин Валентин Лаврентьевич; Раппопорт Павел Александрович; Кирпичников Анатолий Николаевич; Медведев Александр Филиппович; Куза Андрей Васильевич; Колчин Борис Александрович; Чернецов Алексей Владимирович; Борисевич Г. В.; Кирьянова Наталья Алексеевна,"Древняя Русь. Город, замок, село",1985,"Глава седьмая Вооружение А.Н. Кирпичников, А.Ф. Медведев",2049,"Булавы с такими навершиями, составляющие почти половину всех находок — весьма дешевое и, вероятно, широко доступное оружие рядовых воинов: горожан и крестьян.",B,c1230,,scholarly,
weapons_armour,булава,,dimensions,"Навершие булавы 200–300 г, рукоять 50–60 см",622242,Рыбаков Борис Александрович; Даркевич Владислав Петрович; Янин Валентин Лаврентьевич; Раппопорт Павел Александрович; Кирпичников Анатолий Николаевич; Медведев Александр Филиппович; Куза Андрей Васильевич; Колчин Борис Александрович; Чернецов Алексей Владимирович; Борисевич Г. В.; Кирьянова Наталья Алексеевна,"Древняя Русь. Город, замок, село",1985,"Глава седьмая Вооружение А.Н. Кирпичников, А.Ф. Медведев",2050,"Вес навершия 200–300 г, длина их рукоятей 50–60 см.",B,c1230,,scholarly,
weapons_armour,булава бронзовая,,presence_in_region,Бронзовые булавы делали в Киеве и на юге (~90% находок) — на севере редки,622242,Рыбаков Борис Александрович; Даркевич Владислав Петрович; Янин Валентин Лаврентьевич; Раппопорт Павел Александрович; Кирпичников Анатолий Николаевич; Медведев Александр Филиппович; Куза Андрей Васильевич; Колчин Борис Александрович; Чернецов Алексей Владимирович; Борисевич Г. В.; Кирьянова Наталья Алексеевна,"Древняя Русь. Город, замок, село",1985,"Глава седьмая Вооружение А.Н. Кирпичников, А.Ф. Медведев",2050,Бронзовые булавы изготовлялись в первую очередь в Киеве и южнорусских городах (в этих местах сконцентрировано почти 90 % всех находок),B,c1230,,scholarly,
weapons_armour,шестопер; клевец,,dating,Шестопёры и булавы-клевцы появляются в 1-й пол. XIII в.,622242,Рыбаков Борис Александрович; Даркевич Владислав Петрович; Янин Валентин Лаврентьевич; Раппопорт Павел Александрович; Кирпичников Анатолий Николаевич; Медведев Александр Филиппович; Куза Андрей Васильевич; Колчин Борис Александрович; Чернецов Алексей Владимирович; Борисевич Г. В.; Кирьянова Наталья Алексеевна,"Древняя Русь. Город, замок, село",1985,"Глава седьмая Вооружение А.Н. Кирпичников, А.Ф. Медведев",2051,"Необходимость локального дробления брони вызвала в первой половине XIII в. такие нововведения, как булавы с односторонним клювовидным выступом — клевцом, и шестоперы (типа IIА, VI).",B,c1230,,scholarly,
weapons_armour,кистень,,dimensions,"Кистень лёгкий (гирька 200–250 г), для внезапного удара в тесной схватке",622242,Рыбаков Борис Александрович; Даркевич Владислав Петрович; Янин Валентин Лаврентьевич; Раппопорт Павел Александрович; Кирпичников Анатолий Николаевич; Медведев Александр Филиппович; Куза Андрей Васильевич; Колчин Борис Александрович; Чернецов Алексей Владимирович; Борисевич Г. В.; Кирьянова Наталья Алексеевна,"Древняя Русь. Город, замок, село",1985,"Глава седьмая Вооружение А.Н. Кирпичников, А.Ф. Медведев",2052,"относительной легкостью (около 200–250 г) и подвижностью самого оружия, предназначенного для нанесения ловкого и внезапного удара в самой тесной схватке",B,c1230,,scholarly,
weapons_armour,кистень,,social_rule,"Кистень — воинское, а не разбойничье оружие",622242,Рыбаков Борис Александрович; Даркевич Владислав Петрович; Янин Валентин Лаврентьевич; Раппопорт Павел Александрович; Кирпичников Анатолий Николаевич; Медведев Александр Филиппович; Куза Андрей Васильевич; Колчин Борис Александрович; Чернецов Алексей Владимирович; Борисевич Г. В.; Кирьянова Наталья Алексеевна,"Древняя Русь. Город, замок, село",1985,"Глава седьмая Вооружение А.Н. Кирпичников, А.Ф. Медведев",2052,"именно воинское, а не разбойничье оружие",B,c1230,,scholarly,
weapons_armour,кистень костяной,,material,"Костяные гирьки кистеня из лосиного рога, со стержнем с петлёй; до XIII в. включительно",622242,Рыбаков Борис Александрович; Даркевич Владислав Петрович; Янин Валентин Лаврентьевич; Раппопорт Павел Александрович; Кирпичников Анатолий Николаевич; Медведев Александр Филиппович; Куза Андрей Васильевич; Колчин Борис Александрович; Чернецов Алексей Владимирович; Борисевич Г. В.; Кирьянова Наталья Алексеевна,"Древняя Русь. Город, замок, село",1985,"Глава седьмая Вооружение А.Н. Кирпичников, А.Ф. Медведев",2053,"Они изготовлены из рога лося, снабжены отверстием для пропуска металлического стержня с петлей на одном конце.",B,c1230,,scholarly,
weapons_armour,кистень бронзовый грушевидный,,other,Серия бронзовых кистеней 1200–1240 гг. с крестом и древом жизни,622242,Рыбаков Борис Александрович; Даркевич Владислав Петрович; Янин Валентин Лаврентьевич; Раппопорт Павел Александрович; Кирпичников Анатолий Николаевич; Медведев Александр Филиппович; Куза Андрей Васильевич; Колчин Борис Александрович; Чернецов Алексей Владимирович; Борисевич Г. В.; Кирьянова Наталья Алексеевна,"Древняя Русь. Город, замок, село",1985,"Глава седьмая Вооружение А.Н. Кирпичников, А.Ф. Медведев",2054,"На целой серии таких образцов, отлитых в 1200–1240 гг., по-видимому, в Киеве, изображены процветший крест и древо жизни",B,c1230,fact_type other: приметы/декор (mark_slots),scholarly,
weapons_armour,лук и стрелы,,use,Значительные битвы начинались с перестрелки лучников,622242,Рыбаков Борис Александрович; Даркевич Владислав Петрович; Янин Валентин Лаврентьевич; Раппопорт Павел Александрович; Кирпичников Анатолий Николаевич; Медведев Александр Филиппович; Куза Андрей Васильевич; Колчин Борис Александрович; Чернецов Алексей Владимирович; Борисевич Г. В.; Кирьянова Наталья Алексеевна,"Древняя Русь. Город, замок, село",1985,"Глава седьмая Вооружение А.Н. Кирпичников, А.Ф. Медведев",2056,Почти все более или менее значительные битвы не обходились без лучников и начинались с перестрелки.,B,c1230,,scholarly,
weapons_armour,лук и стрелы,,use,Генрих Латвийский отмечал мастерство русских лучников против крестоносцев 1-й пол. XIII в.,622242,Рыбаков Борис Александрович; Даркевич Владислав Петрович; Янин Валентин Лаврентьевич; Раппопорт Павел Александрович; Кирпичников Анатолий Николаевич; Медведев Александр Филиппович; Куза Андрей Васильевич; Колчин Борис Александрович; Чернецов Алексей Владимирович; Борисевич Г. В.; Кирьянова Наталья Алексеевна,"Древняя Русь. Город, замок, село",1985,"Глава седьмая Вооружение А.Н. Кирпичников, А.Ф. Медведев",2056,Генрих Латвийский отмечал высокое искусство русских лучников в борьбе с немецкими рыцарями-крестоносцами и постоянно противопоставлял их немецким арбалетчикам первой половины XIII в.,B,c1230,,scholarly,
weapons_armour,лук детский,,presence_in_region,"В Новгороде и Старой Руссе много простых деревянных детских луков до 1–1,3 м",622242,Рыбаков Борис Александрович; Даркевич Владислав Петрович; Янин Валентин Лаврентьевич; Раппопорт Павел Александрович; Кирпичников Анатолий Николаевич; Медведев Александр Филиппович; Куза Андрей Васильевич; Колчин Борис Александрович; Чернецов Алексей Владимирович; Борисевич Г. В.; Кирьянова Наталья Алексеевна,"Древняя Русь. Город, замок, село",1985,"Глава седьмая Вооружение А.Н. Кирпичников, А.Ф. Медведев",2060,"При археологических раскопках в Новгороде, Старой Руссе и других городах найдено много деревянных простых луков до метра, а иногда до 130 см длиной.",B,c1230,,scholarly,
weapons_armour,сложный лук,,presence_in_region,В Новгороде найден обломок сложного лука в слое 2-й пол. XII в.,622242,Рыбаков Борис Александрович; Даркевич Владислав Петрович; Янин Валентин Лаврентьевич; Раппопорт Павел Александрович; Кирпичников Анатолий Николаевич; Медведев Александр Филиппович; Куза Андрей Васильевич; Колчин Борис Александрович; Чернецов Алексей Владимирович; Борисевич Г. В.; Кирьянова Наталья Алексеевна,"Древняя Русь. Город, замок, село",1985,"Глава седьмая Вооружение А.Н. Кирпичников, А.Ф. Медведев",2062,В Новгороде в 1953 г. в слое второй половины XII в. впервые был найден большой обломок древнерусского сложного лука,B,c1230,,scholarly,
weapons_armour,сложный лук,,material,"Новгородский лук склеен из можжевеловой и берёзовой планок, оклеен берестой",622242,Рыбаков Борис Александрович; Даркевич Владислав Петрович; Янин Валентин Лаврентьевич; Раппопорт Павел Александрович; Кирпичников Анатолий Николаевич; Медведев Александр Филиппович; Куза Андрей Васильевич; Колчин Борис Александрович; Чернецов Алексей Владимирович; Борисевич Г. В.; Кирьянова Наталья Алексеевна,"Древняя Русь. Город, замок, село",1985,"Глава седьмая Вооружение А.Н. Кирпичников, А.Ф. Медведев",2062,Лук был склеен из двух прекрасно оструганных длинных планок различных пород дерева (можжевельника и березы) и винтообразно оклеен тонкими полосками бересты для предохранения от сырости.,B,c1230,,scholarly,
weapons_armour,сложный лук,,dimensions,"Сохранившееся плечо лука 79,5 см, ширина 3,4–2,7, толщина 1,8 см",622242,Рыбаков Борис Александрович; Даркевич Владислав Петрович; Янин Валентин Лаврентьевич; Раппопорт Павел Александрович; Кирпичников Анатолий Николаевич; Медведев Александр Филиппович; Куза Андрей Васильевич; Колчин Борис Александрович; Чернецов Алексей Владимирович; Борисевич Г. В.; Кирьянова Наталья Алексеевна,"Древняя Русь. Город, замок, село",1985,"Глава седьмая Вооружение А.Н. Кирпичников, А.Ф. Медведев",2062,"Длина сохранившейся части лука 79,5 см, ширина рога в середине 3,4 см, а у конца 2,7 см, толщина 1,8 см.",B,c1230,,scholarly,
weapons_armour,сложный лук,,technique,Спинку лука усиливали наклеенными сухожилиями,622242,Рыбаков Борис Александрович; Даркевич Владислав Петрович; Янин Валентин Лаврентьевич; Раппопорт Павел Александрович; Кирпичников Анатолий Николаевич; Медведев Александр Филиппович; Куза Андрей Васильевич; Колчин Борис Александрович; Чернецов Алексей Владимирович; Борисевич Г. В.; Кирьянова Наталья Алексеевна,"Древняя Русь. Город, замок, село",1985,"Глава седьмая Вооружение А.Н. Кирпичников, А.Ф. Медведев",2064,"На самом деле этот лук был усилен сухожилиями, которые наклеивались на спинку лука.",B,c1230,,scholarly,
weapons_armour,сложный лук,,presence_in_region,В Новгороде найдены костяные накладки рукояти сложного лука конца XII в.,622242,Рыбаков Борис Александрович; Даркевич Владислав Петрович; Янин Валентин Лаврентьевич; Раппопорт Павел Александрович; Кирпичников Анатолий Николаевич; Медведев Александр Филиппович; Куза Андрей Васильевич; Колчин Борис Александрович; Чернецов Алексей Владимирович; Борисевич Г. В.; Кирьянова Наталья Алексеевна,"Древняя Русь. Город, замок, село",1985,"Глава седьмая Вооружение А.Н. Кирпичников, А.Ф. Медведев",2067,Об этом свидетельствуют и находки комплектов костяных накладок от рукояти сложного лука конца XII в. в Новгороде,B,c1230,,scholarly,
weapons_armour,лучник (мастер); тульник,,social_rule,Мастера-лучники и тульники упоминаются в летописи XIII в.,622242,Рыбаков Борис Александрович; Даркевич Владислав Петрович; Янин Валентин Лаврентьевич; Раппопорт Павел Александрович; Кирпичников Анатолий Николаевич; Медведев Александр Филиппович; Куза Андрей Васильевич; Колчин Борис Александрович; Чернецов Алексей Владимирович; Борисевич Г. В.; Кирьянова Наталья Алексеевна,"Древняя Русь. Город, замок, село",1985,"Глава седьмая Вооружение А.Н. Кирпичников, А.Ф. Медведев",2068,"На Руси были специальные мастера лучники и тульники, которые упоминаются в летописи в XIII в.",B,c1230,,scholarly,
weapons_armour,тетива,,material,"Тетиву вили из растительных волокон, шёлка или сыромятной кожи",622242,Рыбаков Борис Александрович; Даркевич Владислав Петрович; Янин Валентин Лаврентьевич; Раппопорт Павел Александрович; Кирпичников Анатолий Николаевич; Медведев Александр Филиппович; Куза Андрей Васильевич; Колчин Борис Александрович; Чернецов Алексей Владимирович; Борисевич Г. В.; Кирьянова Наталья Алексеевна,"Древняя Русь. Город, замок, село",1985,"Глава седьмая Вооружение А.Н. Кирпичников, А.Ф. Медведев",2070,"Тетива для луков свивалась из волокнистых растений, шелковых нитей и из сыромятной кожи животных.",B,c1230,,scholarly,
weapons_armour,сложный лук,,dimensions,Оптимальная сила лука 20–40 кг,622242,Рыбаков Борис Александрович; Даркевич Владислав Петрович; Янин Валентин Лаврентьевич; Раппопорт Павел Александрович; Кирпичников Анатолий Николаевич; Медведев Александр Филиппович; Куза Андрей Васильевич; Колчин Борис Александрович; Чернецов Алексей Владимирович; Борисевич Г. В.; Кирьянова Наталья Алексеевна,"Древняя Русь. Город, замок, село",1985,"Глава седьмая Вооружение А.Н. Кирпичников, А.Ф. Медведев",2072,Оптимальным считался лук силой от 20 до 40 кг.,B,c1230,,scholarly,
weapons_armour,колчан (тул),,name_form,"Колчан назывался «тул», мастера — «тульники»",622242,Рыбаков Борис Александрович; Даркевич Владислав Петрович; Янин Валентин Лаврентьевич; Раппопорт Павел Александрович; Кирпичников Анатолий Николаевич; Медведев Александр Филиппович; Куза Андрей Васильевич; Колчин Борис Александрович; Чернецов Алексей Владимирович; Борисевич Г. В.; Кирьянова Наталья Алексеевна,"Древняя Русь. Город, замок, село",1985,"Глава седьмая Вооружение А.Н. Кирпичников, А.Ф. Медведев",2075,"На Руси колчан имел название «тул», а мастера, изготовлявшие колчаны, назывались «тульники».",B,c1230,,scholarly,
weapons_armour,колчан (тул),,dimensions,"Колчан длиной 60–80 см, по росту стрелка",622242,Рыбаков Борис Александрович; Даркевич Владислав Петрович; Янин Валентин Лаврентьевич; Раппопорт Павел Александрович; Кирпичников Анатолий Николаевич; Медведев Александр Филиппович; Куза Андрей Васильевич; Колчин Борис Александрович; Чернецов Алексей Владимирович; Борисевич Г. В.; Кирьянова Наталья Алексеевна,"Древняя Русь. Город, замок, село",1985,"Глава седьмая Вооружение А.Н. Кирпичников, А.Ф. Медведев",2075,Его длина зависела от роста стрелка из лука и колебалась от 60 до 80 см.,B,c1230,,scholarly,
weapons_armour,колчан (тул),,description,Крючок на колчане — признак конного лучника,622242,Рыбаков Борис Александрович; Даркевич Владислав Петрович; Янин Валентин Лаврентьевич; Раппопорт Павел Александрович; Кирпичников Анатолий Николаевич; Медведев Александр Филиппович; Куза Андрей Васильевич; Колчин Борис Александрович; Чернецов Алексей Владимирович; Борисевич Г. В.; Кирьянова Наталья Алексеевна,"Древняя Русь. Город, замок, село",1985,"Глава седьмая Вооружение А.Н. Кирпичников, А.Ф. Медведев",2075,Этот крючок — верный признак конного лучника.,B,c1230,,scholarly,
weapons_armour,колчан (тул),,quantity,Колчан вмещал обычно не более 20 стрел,622242,Рыбаков Борис Александрович; Даркевич Владислав Петрович; Янин Валентин Лаврентьевич; Раппопорт Павел Александрович; Кирпичников Анатолий Николаевич; Медведев Александр Филиппович; Куза Андрей Васильевич; Колчин Борис Александрович; Чернецов Алексей Владимирович; Борисевич Г. В.; Кирьянова Наталья Алексеевна,"Древняя Русь. Город, замок, село",1985,"Глава седьмая Вооружение А.Н. Кирпичников, А.Ф. Медведев",2077,Вместимость древнерусских колчанов IX–XIV вв. редко превышала 20 стрел.,B,c1230,,scholarly,
weapons_armour,стрела,,taboo_or_custom,Древки стрел разного назначения красили в разные цвета у ушка и оперения,622242,Рыбаков Борис Александрович; Даркевич Владислав Петрович; Янин Валентин Лаврентьевич; Раппопорт Павел Александрович; Кирпичников Анатолий Николаевич; Медведев Александр Филиппович; Куза Андрей Васильевич; Колчин Борис Александрович; Чернецов Алексей Владимирович; Борисевич Г. В.; Кирьянова Наталья Алексеевна,"Древняя Русь. Город, замок, село",1985,"Глава седьмая Вооружение А.Н. Кирпичников, А.Ф. Медведев",2079,"древки стрел у ушка и оперения красились в разные цвета, чтобы можно было быстро вынуть нужную стрелу",B,c1230,,scholarly,
weapons_armour,стрела,,material,"Древки стрел из сосны, ели, берёзы",622242,Рыбаков Борис Александрович; Даркевич Владислав Петрович; Янин Валентин Лаврентьевич; Раппопорт Павел Александрович; Кирпичников Анатолий Николаевич; Медведев Александр Филиппович; Куза Андрей Васильевич; Колчин Борис Александрович; Чернецов Алексей Владимирович; Борисевич Г. В.; Кирьянова Наталья Алексеевна,"Древняя Русь. Город, замок, село",1985,"Глава седьмая Вооружение А.Н. Кирпичников, А.Ф. Медведев",2081,"На Руси стрелы делались из сосны, ели, березы, реже из других пород.",B,c1230,,scholarly,
weapons_armour,стрела,,dimensions,"Стрела 75–90 см, толщина 7–10 мм",622242,Рыбаков Борис Александрович; Даркевич Владислав Петрович; Янин Валентин Лаврентьевич; Раппопорт Павел Александрович; Кирпичников Анатолий Николаевич; Медведев Александр Филиппович; Куза Андрей Васильевич; Колчин Борис Александрович; Чернецов Алексей Владимирович; Борисевич Г. В.; Кирьянова Наталья Алексеевна,"Древняя Русь. Город, замок, село",1985,"Глава седьмая Вооружение А.Н. Кирпичников, А.Ф. Медведев",2082,"Длина древнерусских стрел колебалась от 75 до 90 см (редко больше), толщина от 7 до 10 мм.",B,c1230,,scholarly,
weapons_armour,стрела,,dimensions,"Ушки древков из Новгорода и Старой Руссы: глубина 5–8 мм, ширина 4–6",622242,Рыбаков Борис Александрович; Даркевич Владислав Петрович; Янин Валентин Лаврентьевич; Раппопорт Павел Александрович; Кирпичников Анатолий Николаевич; Медведев Александр Филиппович; Куза Андрей Васильевич; Колчин Борис Александрович; Чернецов Алексей Владимирович; Борисевич Г. В.; Кирьянова Наталья Алексеевна,"Древняя Русь. Город, замок, село",1985,"Глава седьмая Вооружение А.Н. Кирпичников, А.Ф. Медведев",2084,Древнерусские древки стрел X–XV вв. из раскопок в Новгороде и Старой Руссе имели ушки глубиной 5–8 мм (очень редко до 12 мм) и шириной 4–6 мм.,B,c1230,,scholarly,
weapons_armour,стрела,,dimensions,Оперение чаще 12–15 см,622242,Рыбаков Борис Александрович; Даркевич Владислав Петрович; Янин Валентин Лаврентьевич; Раппопорт Павел Александрович; Кирпичников Анатолий Николаевич; Медведев Александр Филиппович; Куза Андрей Васильевич; Колчин Борис Александрович; Чернецов Алексей Владимирович; Борисевич Г. В.; Кирьянова Наталья Алексеевна,"Древняя Русь. Город, замок, село",1985,"Глава седьмая Вооружение А.Н. Кирпичников, А.Ф. Медведев",2086,Длина оперения чаще всего применялась 12–15 см.,B,c1230,,scholarly,
weapons_armour,наконечник стрелы,,dimensions,Наконечник стрелы обычно 8–10 г (3–20 г),622242,Рыбаков Борис Александрович; Даркевич Владислав Петрович; Янин Валентин Лаврентьевич; Раппопорт Павел Александрович; Кирпичников Анатолий Николаевич; Медведев Александр Филиппович; Куза Андрей Васильевич; Колчин Борис Александрович; Чернецов Алексей Владимирович; Борисевич Г. В.; Кирьянова Наталья Алексеевна,"Древняя Русь. Город, замок, село",1985,"Глава седьмая Вооружение А.Н. Кирпичников, А.Ф. Медведев",2087,"Вес большинства наконечников древнерусских стрел 8-10 г, но встречаются наконечники весом от 3 до 20 г.",B,c1230,,scholarly,
weapons_armour,срезень,,name_form,Стрелы с широким режущим наконечником назывались срезнями,622242,Рыбаков Борис Александрович; Даркевич Владислав Петрович; Янин Валентин Лаврентьевич; Раппопорт Павел Александрович; Кирпичников Анатолий Николаевич; Медведев Александр Филиппович; Куза Андрей Васильевич; Колчин Борис Александрович; Чернецов Алексей Владимирович; Борисевич Г. В.; Кирьянова Наталья Алексеевна,"Древняя Русь. Город, замок, село",1985,"Глава седьмая Вооружение А.Н. Кирпичников, А.Ф. Медведев",2091,В Древней Руси стрелы с широкими режущими наконечниками назывались срезнями.,B,c1230,,scholarly,
weapons_armour,наконечник стрелы бронебойный,,use,Против кольчуг — узкие шиловидные массивные наконечники,622242,Рыбаков Борис Александрович; Даркевич Владислав Петрович; Янин Валентин Лаврентьевич; Раппопорт Павел Александрович; Кирпичников Анатолий Николаевич; Медведев Александр Филиппович; Куза Андрей Васильевич; Колчин Борис Александрович; Чернецов Алексей Владимирович; Борисевич Г. В.; Кирьянова Наталья Алексеевна,"Древняя Русь. Город, замок, село",1985,"Глава седьмая Вооружение А.Н. Кирпичников, А.Ф. Медведев",2092,"Для пробивания кольчуг — наконечники с узкой, шиловидной, массивной головкой.",B,c1230,,scholarly,
weapons_armour,наконечник стрелы втульчатый,,quantity,"Втульчатые наконечники на Руси ~1%, остальные черешковые",622242,Рыбаков Борис Александрович; Даркевич Владислав Петрович; Янин Валентин Лаврентьевич; Раппопорт Павел Александрович; Кирпичников Анатолий Николаевич; Медведев Александр Филиппович; Куза Андрей Васильевич; Колчин Борис Александрович; Чернецов Алексей Владимирович; Борисевич Г. В.; Кирьянова Наталья Алексеевна,"Древняя Русь. Город, замок, село",1985,"Глава седьмая Вооружение А.Н. Кирпичников, А.Ф. Медведев",2096,На Руси они составляют около одного процента от всех стрел.,B,c1230,,scholarly,
weapons_armour,стрела зажигательная,,description,"Зажигательные стрелы редки, с двушипным наконечником",622242,Рыбаков Борис Александрович; Даркевич Владислав Петрович; Янин Валентин Лаврентьевич; Раппопорт Павел Александрович; Кирпичников Анатолий Николаевич; Медведев Александр Филиппович; Куза Андрей Васильевич; Колчин Борис Александрович; Чернецов Алексей Владимирович; Борисевич Г. В.; Кирьянова Наталья Алексеевна,"Древняя Русь. Город, замок, село",1985,"Глава седьмая Вооружение А.Н. Кирпичников, А.Ф. Медведев",2088,"Они имели всегда двушипный наконечник, чтобы зацепляться за кровлю и вызывать пожар.",B,c1230,,scholarly,
weapons_armour,шлем сфероконический,,description,У русских преобладали сфероконические шлемы,622242,Рыбаков Борис Александрович; Даркевич Владислав Петрович; Янин Валентин Лаврентьевич; Раппопорт Павел Александрович; Кирпичников Анатолий Николаевич; Медведев Александр Филиппович; Куза Андрей Васильевич; Колчин Борис Александрович; Чернецов Алексей Владимирович; Борисевич Г. В.; Кирьянова Наталья Алексеевна,"Древняя Русь. Город, замок, село",1985,"Глава седьмая Вооружение А.Н. Кирпичников, А.Ф. Медведев",2101,"У русских, однако, преобладание получили боевые наголовья иного облика, а именно сфероконические.",B,c1230,,scholarly,
weapons_armour,шлем (шелом),,name_form,Шлем назывался «шелом»/«шолом»,622242,Рыбаков Борис Александрович; Даркевич Владислав Петрович; Янин Валентин Лаврентьевич; Раппопорт Павел Александрович; Кирпичников Анатолий Николаевич; Медведев Александр Филиппович; Куза Андрей Васильевич; Колчин Борис Александрович; Чернецов Алексей Владимирович; Борисевич Г. В.; Кирьянова Наталья Алексеевна,"Древняя Русь. Город, замок, село",1985,"Глава седьмая Вооружение А.Н. Кирпичников, А.Ф. Медведев",2101,использовались до середины XVI в. под названием «шелом» или «шолом»,B,c1230,,scholarly,
weapons_armour,шлем Ярослава Всеволодовича,,event,"Шлем, приписываемый кн. Ярославу Всеволодовичу, брошен при бегстве с Липицы (1216); с его находки 1808 г. началось изучение русского оружия",622242,Рыбаков Борис Александрович; Даркевич Владислав Петрович; Янин Валентин Лаврентьевич; Раппопорт Павел Александрович; Кирпичников Анатолий Николаевич; Медведев Александр Филиппович; Куза Андрей Васильевич; Колчин Борис Александрович; Чернецов Алексей Владимирович; Борисевич Г. В.; Кирьянова Наталья Алексеевна,"Древняя Русь. Город, замок, село",1985,"Глава седьмая Вооружение А.Н. Кирпичников, А.Ф. Медведев",2104,"К этому типу относится знаменитый шлем, приписываемый князю Ярославу Всеволодовичу, с находки которого, как упоминалось выше, началось изучение русского средневекового оружия.",B,c1230,Ярослав Всеволодович — князь новгородский в 1230-е,scholarly,
weapons_armour,шлем Ярослава Всеволодовича,,other,На начельнике — архангел Михаил и надпись с именем владельца Феодор,622242,Рыбаков Борис Александрович; Даркевич Владислав Петрович; Янин Валентин Лаврентьевич; Раппопорт Павел Александрович; Кирпичников Анатолий Николаевич; Медведев Александр Филиппович; Куза Андрей Васильевич; Колчин Борис Александрович; Чернецов Алексей Владимирович; Борисевич Г. В.; Кирьянова Наталья Алексеевна,"Древняя Русь. Город, замок, село",1985,"Глава седьмая Вооружение А.Н. Кирпичников, А.Ф. Медведев",2104,Начельная с изображением архангела Михаила снабжена по краю посвятительной надписью,B,c1230,fact_type other: приметы/надпись (mark_slots),scholarly,
weapons_armour,шлем с полумаской,,dating,Около 1200 г. к шлему-реликвии добавили навершие и полумаску,622242,Рыбаков Борис Александрович; Даркевич Владислав Петрович; Янин Валентин Лаврентьевич; Раппопорт Павел Александрович; Кирпичников Анатолий Николаевич; Медведев Александр Филиппович; Куза Андрей Васильевич; Колчин Борис Александрович; Чернецов Алексей Владимирович; Борисевич Г. В.; Кирьянова Наталья Алексеевна,"Древняя Русь. Город, замок, село",1985,"Глава седьмая Вооружение А.Н. Кирпичников, А.Ф. Медведев",2104,"Позже всего (примерно около 1200 г.) к шлему, ставшему уже, вероятно, потомственной реликвией, прикрепили шпилевидное навершие и полумаску.",B,c1230,,scholarly,
weapons_armour,шлем,,social_rule,Шлемы были у командиров и у многих рядовых воинов,622242,Рыбаков Борис Александрович; Даркевич Владислав Петрович; Янин Валентин Лаврентьевич; Раппопорт Павел Александрович; Кирпичников Анатолий Николаевич; Медведев Александр Филиппович; Куза Андрей Васильевич; Колчин Борис Александрович; Чернецов Алексей Владимирович; Борисевич Г. В.; Кирьянова Наталья Алексеевна,"Древняя Русь. Город, замок, село",1985,"Глава седьмая Вооружение А.Н. Кирпичников, А.Ф. Медведев",2105,"Что касается распространенности шлемов, то они составляли необходимую принадлежность не только командиров, но и многих рядовых воинов.",B,c1230,,scholarly,
weapons_armour,шишак,,dating,Термин «шишак» для куполовидного шлема появляется с XIV в.; в 1230 г. отсутствует,622242,Рыбаков Борис Александрович; Даркевич Владислав Петрович; Янин Валентин Лаврентьевич; Раппопорт Павел Александрович; Кирпичников Анатолий Николаевич; Медведев Александр Филиппович; Куза Андрей Васильевич; Колчин Борис Александрович; Чернецов Алексей Владимирович; Борисевич Г. В.; Кирьянова Наталья Алексеевна,"Древняя Русь. Город, замок, село",1985,"Глава седьмая Вооружение А.Н. Кирпичников, А.Ф. Медведев",2105,"Шлемы куполовидной формы (но без полумаски), начиная с XIV в. назывались шишаками.",B,medieval_general,термин не использовать для c1230,scholarly,
weapons_armour,кольчуга,,technique,На кольчугу ~600 м проволоки и ≥20000 сваренных и клёпаных колец,622242,Рыбаков Борис Александрович; Даркевич Владислав Петрович; Янин Валентин Лаврентьевич; Раппопорт Павел Александрович; Кирпичников Анатолий Николаевич; Медведев Александр Филиппович; Куза Андрей Васильевич; Колчин Борис Александрович; Чернецов Алексей Владимирович; Борисевич Г. В.; Кирьянова Наталья Алексеевна,"Древняя Русь. Город, замок, село",1985,"Глава седьмая Вооружение А.Н. Кирпичников, А.Ф. Медведев",2106,на изготовление одной кольчуги шло в среднем 600 м железной проволоки и не менее 20000 попеременно сваренных и склепанных колец,B,c1230,,scholarly,
weapons_armour,кольчуга,,dimensions,"Кольца 7–9 и 10–14 мм в диаметре, толщина 0,8–2 мм",622242,Рыбаков Борис Александрович; Даркевич Владислав Петрович; Янин Валентин Лаврентьевич; Раппопорт Павел Александрович; Кирпичников Анатолий Николаевич; Медведев Александр Филиппович; Куза Андрей Васильевич; Колчин Борис Александрович; Чернецов Алексей Владимирович; Борисевич Г. В.; Кирьянова Наталья Алексеевна,"Древняя Русь. Город, замок, село",1985,"Глава седьмая Вооружение А.Н. Кирпичников, А.Ф. Медведев",2106,"Кольца достигали в поперечнике 7–9 и 10–14 мм, а по толщине не превышали 0,8–2 мм",B,c1230,,scholarly,
weapons_armour,кольчуга,,dimensions,Средний вес кольчуги ~7 кг,622242,Рыбаков Борис Александрович; Даркевич Владислав Петрович; Янин Валентин Лаврентьевич; Раппопорт Павел Александрович; Кирпичников Анатолий Николаевич; Медведев Александр Филиппович; Куза Андрей Васильевич; Колчин Борис Александрович; Чернецов Алексей Владимирович; Борисевич Г. В.; Кирьянова Наталья Алексеевна,"Древняя Русь. Город, замок, село",1985,"Глава седьмая Вооружение А.Н. Кирпичников, А.Ф. Медведев",2106,Средний вес кольчужной рубашки достигал 7 кг.,B,c1230,,scholarly,
weapons_armour,броня,,name_form,Словом «броня» (германского происхождения) называли кольчатый доспех — вплоть до XV столетия,622242,Рыбаков Борис Александрович; Даркевич Владислав Петрович; Янин Валентин Лаврентьевич; Раппопорт Павел Александрович; Кирпичников Анатолий Николаевич; Медведев Александр Филиппович; Куза Андрей Васильевич; Колчин Борис Александрович; Чернецов Алексей Владимирович; Борисевич Г. В.; Кирьянова Наталья Алексеевна,"Древняя Русь. Город, замок, село",1985,"Глава седьмая Вооружение А.Н. Кирпичников, А.Ф. Медведев",2106,Вплоть до XV в. этим словом германского происхождения называли кольчатый доспех.,B,c1230,для 1230 применимо: «броня» = кольчуга,scholarly,
weapons_armour,кольчуга,,dating,"В XIII в. подол до колен, длинные рукава, кольчужные чулки",622242,Рыбаков Борис Александрович; Даркевич Владислав Петрович; Янин Валентин Лаврентьевич; Раппопорт Павел Александрович; Кирпичников Анатолий Николаевич; Медведев Александр Филиппович; Куза Андрей Васильевич; Колчин Борис Александрович; Чернецов Алексей Владимирович; Борисевич Г. В.; Кирьянова Наталья Алексеевна,"Древняя Русь. Город, замок, село",1985,"Глава седьмая Вооружение А.Н. Кирпичников, А.Ф. Медведев",2107,"В то же время подол кольчуги удлинился до колен, и появились длинные рукава и кольчужные чулки.",B,c1230,,scholarly,
weapons_armour,пластинчатый доспех,,dating,С XII в. ускоренно развивается наборная пластинчатая броня,622242,Рыбаков Борис Александрович; Даркевич Владислав Петрович; Янин Валентин Лаврентьевич; Раппопорт Павел Александрович; Кирпичников Анатолий Николаевич; Медведев Александр Филиппович; Куза Андрей Васильевич; Колчин Борис Александрович; Чернецов Алексей Владимирович; Борисевич Г. В.; Кирьянова Наталья Алексеевна,"Древняя Русь. Город, замок, село",1985,"Глава седьмая Вооружение А.Н. Кирпичников, А.Ф. Медведев",2108,"Однако в течение XII в. на Руси и в Западной Европе создаются условия для ускоренного развития наборной пластинчатой брони, которая раньше в снаряжении войск играла второстепенную роль.",B,c1230,,scholarly,
weapons_armour,пластинчатый доспех ременного скрепления,,dimensions,"Пластины 8–10 × 1,5–3,5 см с отверстиями для ремешков",622242,Рыбаков Борис Александрович; Даркевич Владислав Петрович; Янин Валентин Лаврентьевич; Раппопорт Павел Александрович; Кирпичников Анатолий Николаевич; Медведев Александр Филиппович; Куза Андрей Васильевич; Колчин Борис Александрович; Чернецов Алексей Владимирович; Борисевич Г. В.; Кирьянова Наталья Алексеевна,"Древняя Русь. Город, замок, село",1985,"Глава седьмая Вооружение А.Н. Кирпичников, А.Ф. Медведев",2109,"Обычные размеры пластин: длина 8-10 см, ширина 1,5–3,5 см, по краям располагались одиночные или парные отверстия для пропуска ремешков",B,c1230,,scholarly,
weapons_armour,чешуйчатый доспех,,dating,"В домонгольской Руси чешуя известна лишь по изображениям, предполагается с XII в.",622242,Рыбаков Борис Александрович; Даркевич Владислав Петрович; Янин Валентин Лаврентьевич; Раппопорт Павел Александрович; Кирпичников Анатолий Николаевич; Медведев Александр Филиппович; Куза Андрей Васильевич; Колчин Борис Александрович; Чернецов Алексей Владимирович; Борисевич Г. В.; Кирьянова Наталья Алексеевна,"Древняя Русь. Город, замок, село",1985,"Глава седьмая Вооружение А.Н. Кирпичников, А.Ф. Медведев",2109,"В домонгольской Руси одежда из чешуи известна лишь по изображениям, однако ее реальное существование можно прогнозировать с XII в.",B,c1230,для 1230 чешуйчатый доспех — редкость; предпочтительна в 1250–1450 гг.,scholarly,
weapons_armour,наручи,,presence_in_region,В Новгороде в слоях 1200–1250 гг. найдены части наручей или перчаток,622242,Рыбаков Борис Александрович; Даркевич Владислав Петрович; Янин Валентин Лаврентьевич; Раппопорт Павел Александрович; Кирпичников Анатолий Николаевич; Медведев Александр Филиппович; Куза Андрей Васильевич; Колчин Борис Александрович; Чернецов Алексей Владимирович; Борисевич Г. В.; Кирьянова Наталья Алексеевна,"Древняя Русь. Город, замок, село",1985,"Глава седьмая Вооружение А.Н. Кирпичников, А.Ф. Медведев",2110,Общеевропейскими новинками выглядят найденные в Новгороде в слоях 1200–1250 гг. несколько частей от наручей или перчаток,B,c1230,,scholarly,
weapons_armour,бригандина,,dating,"Предполагается появление в XIII в., прежде всего в Новгороде, одежды с пластинами изнутри ткани",622242,Рыбаков Борис Александрович; Даркевич Владислав Петрович; Янин Валентин Лаврентьевич; Раппопорт Павел Александрович; Кирпичников Анатолий Николаевич; Медведев Александр Филиппович; Куза Андрей Васильевич; Колчин Борис Александрович; Чернецов Алексей Владимирович; Борисевич Г. В.; Кирьянова Наталья Алексеевна,"Древняя Русь. Город, замок, село",1985,"Глава седьмая Вооружение А.Н. Кирпичников, А.Ф. Медведев",2110,"Имеющиеся данные позволяют предположить появление в XIII в., в первую очередь в Новгороде, бригандины",B,c1230,гипотеза автора,scholarly,
weapons_armour,поножи; наколенники; зерцальные бляхи,,dating,"В XIII в. распространяются поножи, наколенники, нагрудные бляхи",622242,Рыбаков Борис Александрович; Даркевич Владислав Петрович; Янин Валентин Лаврентьевич; Раппопорт Павел Александрович; Кирпичников Анатолий Николаевич; Медведев Александр Филиппович; Куза Андрей Васильевич; Колчин Борис Александрович; Чернецов Алексей Владимирович; Борисевич Г. В.; Кирьянова Наталья Алексеевна,"Древняя Русь. Город, замок, село",1985,"Глава седьмая Вооружение А.Н. Кирпичников, А.Ф. Медведев",2110,"Таковы констатируемые по находкам и изображениям поножи, наколенники, нагрудные зерцальные бляхи.",B,c1230,,scholarly,
weapons_armour,доспех,,taboo_or_custom,"Доспех носили открытым, сверкающим (покрывать тканью начали лишь в XV–XVI вв.)",622242,Рыбаков Борис Александрович; Даркевич Владислав Петрович; Янин Валентин Лаврентьевич; Раппопорт Павел Александрович; Кирпичников Анатолий Николаевич; Медведев Александр Филиппович; Куза Андрей Васильевич; Колчин Борис Александрович; Чернецов Алексей Владимирович; Борисевич Г. В.; Кирьянова Наталья Алексеевна,"Древняя Русь. Город, замок, село",1985,"Глава седьмая Вооружение А.Н. Кирпичников, А.Ф. Медведев",2112,В течение всего рассматриваемого периода ратники в бою стремились демонстрировать свой сверкающий доспех,B,c1230,,scholarly,
weapons_armour,щит миндалевидный,,dating,"К концу XII–нач. XIII в. миндалевидный щит уменьшается, теряет оковки и умбон, приближается к треугольному",622242,Рыбаков Борис Александрович; Даркевич Владислав Петрович; Янин Валентин Лаврентьевич; Раппопорт Павел Александрович; Кирпичников Анатолий Николаевич; Медведев Александр Филиппович; Куза Андрей Васильевич; Колчин Борис Александрович; Чернецов Алексей Владимирович; Борисевич Г. В.; Кирьянова Наталья Алексеевна,"Древняя Русь. Город, замок, село",1985,"Глава седьмая Вооружение А.Н. Кирпичников, А.Ф. Медведев",2113,"В конце XII — начале XIII в. миндалевидные прикрытия становятся меньше, утрачивают свои металлические детали (оковки, умбоны, заклепки), а по очертаниям приближаются к треугольным.",B,c1230,,scholarly,
weapons_armour,щит круглый,,dating,В XII–XIII вв. круглые щиты почти забыты,622242,Рыбаков Борис Александрович; Даркевич Владислав Петрович; Янин Валентин Лаврентьевич; Раппопорт Павел Александрович; Кирпичников Анатолий Николаевич; Медведев Александр Филиппович; Куза Андрей Васильевич; Колчин Борис Александрович; Чернецов Алексей Владимирович; Борисевич Г. В.; Кирьянова Наталья Алексеевна,"Древняя Русь. Город, замок, село",1985,"Глава седьмая Вооружение А.Н. Кирпичников, А.Ф. Медведев",2113,"Почти забытые в XII–XIII вв., круглые щиты вновь используются в коннице в XIV — начале XVI в.",B,c1230,"для 1230 круглый щит — архаичен (кроме пешцев, ср. 229356/91)",scholarly,
weapons_armour,щит,,other,"В XII–XIII вв. поле щита несёт эмблемы, щит — знак ранга",622242,Рыбаков Борис Александрович; Даркевич Владислав Петрович; Янин Валентин Лаврентьевич; Раппопорт Павел Александрович; Кирпичников Анатолий Николаевич; Медведев Александр Филиппович; Куза Андрей Васильевич; Колчин Борис Александрович; Чернецов Алексей Владимирович; Борисевич Г. В.; Кирьянова Наталья Алексеевна,"Древняя Русь. Город, замок, село",1985,"Глава седьмая Вооружение А.Н. Кирпичников, А.Ф. Медведев",2114,В XII–XIII вв. поле щита украсилось эмблемами и стало служить геральдическим целям.,B,c1230,fact_type other: приметы (mark_slots),scholarly,
weapons_armour,щитник,,social_rule,В Новгороде по летописи известны щитники Гаврила и Микифор,622242,Рыбаков Борис Александрович; Даркевич Владислав Петрович; Янин Валентин Лаврентьевич; Раппопорт Павел Александрович; Кирпичников Анатолий Николаевич; Медведев Александр Филиппович; Куза Андрей Васильевич; Колчин Борис Александрович; Чернецов Алексей Владимирович; Борисевич Г. В.; Кирьянова Наталья Алексеевна,"Древняя Русь. Город, замок, село",1985,"Глава седьмая Вооружение А.Н. Кирпичников, А.Ф. Медведев",2116,"О производстве щитов, в частности в Новгороде, можно судить лишь по именам Гаврилы и Микифора, названных щитниками",B,c1230,,scholarly,
weapons_armour,Щитная улица,,presence_in_region,"В Новгороде была Щитная улица; щит — работа столяра, кожевника, кузнеца и художника",622242,Рыбаков Борис Александрович; Даркевич Владислав Петрович; Янин Валентин Лаврентьевич; Раппопорт Павел Александрович; Кирпичников Анатолий Николаевич; Медведев Александр Филиппович; Куза Андрей Васильевич; Колчин Борис Александрович; Чернецов Алексей Владимирович; Борисевич Г. В.; Кирьянова Наталья Алексеевна,"Древняя Русь. Город, замок, село",1985,"Глава седьмая Вооружение А.Н. Кирпичников, А.Ф. Медведев",2116,"Существовала в Новгороде и Щитная улица, что указывает на развитую специализацию данной отрасли военного ремесла, сочетавшего труд столяра, кожевника, кузнеца и художника.",B,c1230,,scholarly,
weapons_armour,удила,,quantity,В XII–XIII вв. двухзвенные удила — ~95% находок,622242,Рыбаков Борис Александрович; Даркевич Владислав Петрович; Янин Валентин Лаврентьевич; Раппопорт Павел Александрович; Кирпичников Анатолий Николаевич; Медведев Александр Филиппович; Куза Андрей Васильевич; Колчин Борис Александрович; Чернецов Алексей Владимирович; Борисевич Г. В.; Кирьянова Наталья Алексеевна,"Древняя Русь. Город, замок, село",1985,"Глава седьмая Вооружение А.Н. Кирпичников, А.Ф. Медведев",2118,В XII–XIII вв. двухзвенные удила составляют почти 95 % находок,B,c1230,,scholarly,
weapons_armour,стремя,,use,Стремена с прямой подножкой — у тяжеловооружённых всадников (1150–1250),622242,Рыбаков Борис Александрович; Даркевич Владислав Петрович; Янин Валентин Лаврентьевич; Раппопорт Павел Александрович; Кирпичников Анатолий Николаевич; Медведев Александр Филиппович; Куза Андрей Васильевич; Колчин Борис Александрович; Чернецов Алексей Владимирович; Борисевич Г. В.; Кирьянова Наталья Алексеевна,"Древняя Русь. Город, замок, село",1985,"Глава седьмая Вооружение А.Н. Кирпичников, А.Ф. Медведев",2121,"Численный перевес получают стремена с прямой или слабоизогнутой подножкой, присущие тяжеловооруженным всадникам, составлявшим ядро войска.",B,c1230,,scholarly,
weapons_armour,стремя парадное,,social_rule,Золочёное парадное стремя выделяло господина среди вассалов,622242,Рыбаков Борис Александрович; Даркевич Владислав Петрович; Янин Валентин Лаврентьевич; Раппопорт Павел Александрович; Кирпичников Анатолий Николаевич; Медведев Александр Филиппович; Куза Андрей Васильевич; Колчин Борис Александрович; Чернецов Алексей Владимирович; Борисевич Г. В.; Кирьянова Наталья Алексеевна,"Древняя Русь. Город, замок, село",1985,"Глава седьмая Вооружение А.Н. Кирпичников, А.Ф. Медведев",2121,Парадное стремя выделяло феодального властителя среди окружавших его вассалов.,B,c1230,,scholarly,
weapons_armour,шпоры,,name_form,Шпоры в средневековье назывались «остроги»; массово с XI в.,622242,Рыбаков Борис Александрович; Даркевич Владислав Петрович; Янин Валентин Лаврентьевич; Раппопорт Павел Александрович; Кирпичников Анатолий Николаевич; Медведев Александр Филиппович; Куза Андрей Васильевич; Колчин Борис Александрович; Чернецов Алексей Владимирович; Борисевич Г. В.; Кирьянова Наталья Алексеевна,"Древняя Русь. Город, замок, село",1985,"Глава седьмая Вооружение А.Н. Кирпичников, А.Ф. Медведев",2124,"С XI в. по мере выделения конницы как главного рода войск происходит массовое внедрение шпор, или, как их называли в средневековое время, острог.",B,c1230,,scholarly,
weapons_armour,шпоры,,social_rule,"Шпоры — принадлежность конного воина, состоятельного человека, слуги, дворцового стражника",622242,Рыбаков Борис Александрович; Даркевич Владислав Петрович; Янин Валентин Лаврентьевич; Раппопорт Павел Александрович; Кирпичников Анатолий Николаевич; Медведев Александр Филиппович; Куза Андрей Васильевич; Колчин Борис Александрович; Чернецов Алексей Владимирович; Борисевич Г. В.; Кирьянова Наталья Алексеевна,"Древняя Русь. Город, замок, село",1985,"Глава седьмая Вооружение А.Н. Кирпичников, А.Ф. Медведев",2126,"Как и в Западной Европе, на Руси шпоры были неотъемлемой принадлежностью конного воина, состоятельного человека, феодального слуги или дворцового стражника.",B,c1230,,scholarly,
weapons_armour,шпоры,,dating,В XII в. на Руси господствовали изогнутые шпоры с шипом,622242,Рыбаков Борис Александрович; Даркевич Владислав Петрович; Янин Валентин Лаврентьевич; Раппопорт Павел Александрович; Кирпичников Анатолий Николаевич; Медведев Александр Филиппович; Куза Андрей Васильевич; Колчин Борис Александрович; Чернецов Алексей Владимирович; Борисевич Г. В.; Кирьянова Наталья Алексеевна,"Древняя Русь. Город, замок, село",1985,"Глава седьмая Вооружение А.Н. Кирпичников, А.Ф. Медведев",2127,"В XII в. изогнутые шпоры, снабженные шипами, господствовали на Руси.",B,c1230,,scholarly,
weapons_armour,шпора с колёсиком,,dating,36 колёсиковых шпор из 13 поселений датированы 1220–1230 гг. — древнейшие в Европе,622242,Рыбаков Борис Александрович; Даркевич Владислав Петрович; Янин Валентин Лаврентьевич; Раппопорт Павел Александрович; Кирпичников Анатолий Николаевич; Медведев Александр Филиппович; Куза Андрей Васильевич; Колчин Борис Александрович; Чернецов Алексей Владимирович; Борисевич Г. В.; Кирьянова Наталья Алексеевна,"Древняя Русь. Город, замок, село",1985,"Глава седьмая Вооружение А.Н. Кирпичников, А.Ф. Медведев",2129,"Зарегистрированные в 13 русских поселениях 36 шпор с подвижным звездчатым колесиком (табл. 147, тип V), относящихся к 1220–1230 гг., оказались древнейшими среди известных в Европе",B,c1230,,scholarly,
weapons_armour,шпоры,,dimensions,Держатели шипов/звёздочек в XII–XIII вв. — не более нескольких см,622242,Рыбаков Борис Александрович; Даркевич Владислав Петрович; Янин Валентин Лаврентьевич; Раппопорт Павел Александрович; Кирпичников Анатолий Николаевич; Медведев Александр Филиппович; Куза Андрей Васильевич; Колчин Борис Александрович; Чернецов Алексей Владимирович; Борисевич Г. В.; Кирьянова Наталья Алексеевна,"Древняя Русь. Город, замок, село",1985,"Глава седьмая Вооружение А.Н. Кирпичников, А.Ф. Медведев",2131,соответственно держатели шипов и звездочек (в XII–XIII вв.) не превышали нескольких сантиметров,B,c1230,,scholarly,
weapons_armour,конская маска,,dating,Древнейшая в Европе боевая конская маска — 2-я четверть XIII в.,622242,Рыбаков Борис Александрович; Даркевич Владислав Петрович; Янин Валентин Лаврентьевич; Раппопорт Павел Александрович; Кирпичников Анатолий Николаевич; Медведев Александр Филиппович; Куза Андрей Васильевич; Колчин Борис Александрович; Чернецов Алексей Владимирович; Борисевич Г. В.; Кирьянова Наталья Алексеевна,"Древняя Русь. Город, замок, село",1985,"Глава седьмая Вооружение А.Н. Кирпичников, А.Ф. Медведев",2130,археологически известного у нас по древнейшей в Европе боевой конской маске второй четверти XIII в.,B,c1230,,scholarly,
weapons_armour,подкова,,use,В XII–XIII вв. подковы — обычный обиходный предмет; для боевых коней — лишь спорадически у тяжеловооружённых,622242,Рыбаков Борис Александрович; Даркевич Владислав Петрович; Янин Валентин Лаврентьевич; Раппопорт Павел Александрович; Кирпичников Анатолий Николаевич; Медведев Александр Филиппович; Куза Андрей Васильевич; Колчин Борис Александрович; Чернецов Алексей Владимирович; Борисевич Г. В.; Кирьянова Наталья Алексеевна,"Древняя Русь. Город, замок, село",1985,"Глава седьмая Вооружение А.Н. Кирпичников, А.Ф. Медведев",2136,"В XII–XIII вв. подковы становятся обычным обиходным предметом, но для боевых коней это не подтверждено.",B,c1230,подковы на боевом коне 1230 г. — под вопросом,scholarly,
weapons_armour,ледоходные шипы,,use,"Ледоходные шипы для человека и коня — с IX в., для зимних дорог",622242,Рыбаков Борис Александрович; Даркевич Владислав Петрович; Янин Валентин Лаврентьевич; Раппопорт Павел Александрович; Кирпичников Анатолий Николаевич; Медведев Александр Филиппович; Куза Андрей Васильевич; Колчин Борис Александрович; Чернецов Алексей Владимирович; Борисевич Г. В.; Кирьянова Наталья Алексеевна,"Древняя Русь. Город, замок, село",1985,"Глава седьмая Вооружение А.Н. Кирпичников, А.Ф. Медведев",2136,"Предшественниками подков явились ледоходные шипы для человека и коня, появившиеся на Руси примерно в IX в.",B,c1230,,scholarly,
weapons_armour,плеть,,use,Для невоенной верховой езды плеть популярна весь период,622242,Рыбаков Борис Александрович; Даркевич Владислав Петрович; Янин Валентин Лаврентьевич; Раппопорт Павел Александрович; Кирпичников Анатолий Николаевич; Медведев Александр Филиппович; Куза Андрей Васильевич; Колчин Борис Александрович; Чернецов Алексей Владимирович; Борисевич Г. В.; Кирьянова Наталья Алексеевна,"Древняя Русь. Город, замок, село",1985,"Глава седьмая Вооружение А.Н. Кирпичников, А.Ф. Медведев",2133,"Что касалось вообще всякого рода невоенной верховой езды, то здесь популярность плетей в течение всего средневековья не уменьшилась.",B,c1230,,scholarly,
weapons_armour,оружейные мастерские,,social_rule,"В городах XII–XIII вв. — специализированные мастерские мечей, кольчуг, шлемов, щитов, седел, луков, стрел",622242,Рыбаков Борис Александрович; Даркевич Владислав Петрович; Янин Валентин Лаврентьевич; Раппопорт Павел Александрович; Кирпичников Анатолий Николаевич; Медведев Александр Филиппович; Куза Андрей Васильевич; Колчин Борис Александрович; Чернецов Алексей Владимирович; Борисевич Г. В.; Кирьянова Наталья Алексеевна,"Древняя Русь. Город, замок, село",1985,"Глава седьмая Вооружение А.Н. Кирпичников, А.Ф. Медведев",2157,"В городах существовали, очевидно, специализированные мастерские по выработке мечей, кольчуг, шлемов, щитов, седел, колчанов, луков, стрел и т. д.",B,c1230,,scholarly,
weapons_armour,оружие массовое,,social_rule,Серийное производство стирает различие «аристократического» и «плебейского» оружия,622242,Рыбаков Борис Александрович; Даркевич Владислав Петрович; Янин Валентин Лаврентьевич; Раппопорт Павел Александрович; Кирпичников Анатолий Николаевич; Медведев Александр Филиппович; Куза Андрей Васильевич; Колчин Борис Александрович; Чернецов Алексей Владимирович; Борисевич Г. В.; Кирьянова Наталья Алексеевна,"Древняя Русь. Город, замок, село",1985,"Глава седьмая Вооружение А.Н. Кирпичников, А.Ф. Медведев",2157,"Под напором массовой продукции все больше стираются различия в изготовлении «аристократического» и «плебейского», народного и рыцарского оружия",B,c1230,,scholarly,
weapons_armour,тяжеловооружённый всадник,,description,"Комплект всадника-копейщика XII–XIII вв.: копьё, меч, сабля, кольчуга, шлем, щит, булава, кистень, стремена, шпоры",622242,Рыбаков Борис Александрович; Даркевич Владислав Петрович; Янин Валентин Лаврентьевич; Раппопорт Павел Александрович; Кирпичников Анатолий Николаевич; Медведев Александр Филиппович; Куза Андрей Васильевич; Колчин Борис Александрович; Чернецов Алексей Владимирович; Борисевич Г. В.; Кирьянова Наталья Алексеевна,"Древняя Русь. Город, замок, село",1985,"Глава седьмая Вооружение А.Н. Кирпичников, А.Ф. Медведев",2159,"Хозяином положения на полях сражений является тяжеловооруженный всадник-копейщик, снабженный копьем, мечом, саблей, кольчугой, шлемом, щитом, булавой, кистенем, стременами, шпорами",B,c1230,,scholarly,
military_security,пехота городовая,,event,В 1-й пол. XIII в. пехота усилилась до самостоятельных операций,622242,Рыбаков Борис Александрович; Даркевич Владислав Петрович; Янин Валентин Лаврентьевич; Раппопорт Павел Александрович; Кирпичников Анатолий Николаевич; Медведев Александр Филиппович; Куза Андрей Васильевич; Колчин Борис Александрович; Чернецов Алексей Владимирович; Борисевич Г. В.; Кирьянова Наталья Алексеевна,"Древняя Русь. Город, замок, село",1985,"Глава седьмая Вооружение А.Н. Кирпичников, А.Ф. Медведев",2159,"В первой половине XIII в. пехота усилилась настолько, что производит самостоятельные операции и начинает влиять на результат сражения.",B,c1230,,scholarly,
military_security,новгородско-псковская рать,,description,Новгородско-псковская «кованая» рать вооружена тяжелее низовских полков,622242,Рыбаков Борис Александрович; Даркевич Владислав Петрович; Янин Валентин Лаврентьевич; Раппопорт Павел Александрович; Кирпичников Анатолий Николаевич; Медведев Александр Филиппович; Куза Андрей Васильевич; Колчин Борис Александрович; Чернецов Алексей Владимирович; Борисевич Г. В.; Кирьянова Наталья Алексеевна,"Древняя Русь. Город, замок, село",1985,"Глава седьмая Вооружение А.Н. Кирпичников, А.Ф. Медведев",2172,"Это проявилось в вооружении новгородско-псковской «кованой» рати, более тяжелом, чем у низовских полков.",B,c1230,,scholarly,
military_security,пехота северорусских городов,,description,Многочисленная пехота северорусских городов была наиболее самостоятельной,622242,Рыбаков Борис Александрович; Даркевич Владислав Петрович; Янин Валентин Лаврентьевич; Раппопорт Павел Александрович; Кирпичников Анатолий Николаевич; Медведев Александр Филиппович; Куза Андрей Васильевич; Колчин Борис Александрович; Чернецов Алексей Владимирович; Борисевич Г. В.; Кирьянова Наталья Алексеевна,"Древняя Русь. Город, замок, село",1985,"Глава седьмая Вооружение А.Н. Кирпичников, А.Ф. Медведев",2150,Более самостоятельной была всегда многочисленная пехота северорусских городов.,B,c1230,,scholarly,
weapons_armour,боевой топор,,use,У пехоты особенно популярен топор — универсален для похода и боя,622242,Рыбаков Борис Александрович; Даркевич Владислав Петрович; Янин Валентин Лаврентьевич; Раппопорт Павел Александрович; Кирпичников Анатолий Николаевич; Медведев Александр Филиппович; Куза Андрей Васильевич; Колчин Борис Александрович; Чернецов Алексей Владимирович; Борисевич Г. В.; Кирьянова Наталья Алексеевна,"Древняя Русь. Город, замок, село",1985,"Глава седьмая Вооружение А.Н. Кирпичников, А.Ф. Медведев",2150,"В оснащении пехотинцев, также часто подразделявшихся на лучников и копейщиков, особенно популярным был топор, отвечавший универсальным требованиям похода и сражения.",B,c1230,,scholarly,
military_security,лучники («молодь»),,social_rule,"В лучники шли младшие дружинники, дворовая челядь, незнатные воины",622242,Рыбаков Борис Александрович; Даркевич Владислав Петрович; Янин Валентин Лаврентьевич; Раппопорт Павел Александрович; Кирпичников Анатолий Николаевич; Медведев Александр Филиппович; Куза Андрей Васильевич; Колчин Борис Александрович; Чернецов Алексей Владимирович; Борисевич Г. В.; Кирьянова Наталья Алексеевна,"Древняя Русь. Город, замок, село",1985,"Глава седьмая Вооружение А.Н. Кирпичников, А.Ф. Медведев",2149,"В состав лучников входила «молодь», т. е. младшие по положению члены дружины, дворовая челядь, незнатные рядовые воины.",B,c1230,,scholarly,
military_security,городской полк,,social_rule,Городские концы организуют военизированную милицию — городской полк,622242,Рыбаков Борис Александрович; Даркевич Владислав Петрович; Янин Валентин Лаврентьевич; Раппопорт Павел Александрович; Кирпичников Анатолий Николаевич; Медведев Александр Филиппович; Куза Андрей Васильевич; Колчин Борис Александрович; Чернецов Алексей Владимирович; Борисевич Г. В.; Кирьянова Наталья Алексеевна,"Древняя Русь. Город, замок, село",1985,"Глава седьмая Вооружение А.Н. Кирпичников, А.Ф. Медведев",2155,"Городские концы организуют свою военизированную милицию, составлявшую городской полк",B,c1230,,scholarly,
military_security,"федераты (водь, корела, ижора)",,social_rule,"Водь, корела, ижора выступают как самостоятельные союзные отряды",622242,Рыбаков Борис Александрович; Даркевич Владислав Петрович; Янин Валентин Лаврентьевич; Раппопорт Павел Александрович; Кирпичников Анатолий Николаевич; Медведев Александр Филиппович; Куза Андрей Васильевич; Колчин Борис Александрович; Чернецов Алексей Владимирович; Борисевич Г. В.; Кирьянова Наталья Алексеевна,"Древняя Русь. Город, замок, село",1985,"Глава седьмая Вооружение А.Н. Кирпичников, А.Ф. Медведев",2155,"В качестве самостоятельных соединений в военных действиях участвуют иноплеменники федераты — черные клобуки, водь, корела, ижора.",B,c1230,,scholarly,
military_security,черные люди в войске,,social_rule,В отрядах Новгорода и Пскова постоянно участвовали ремесленники и мелкие торговцы,622242,Рыбаков Борис Александрович; Даркевич Владислав Петрович; Янин Валентин Лаврентьевич; Раппопорт Павел Александрович; Кирпичников Анатолий Николаевич; Медведев Александр Филиппович; Куза Андрей Васильевич; Колчин Борис Александрович; Чернецов Алексей Владимирович; Борисевич Г. В.; Кирьянова Наталья Алексеевна,"Древняя Русь. Город, замок, село",1985,"Глава седьмая Вооружение А.Н. Кирпичников, А.Ф. Медведев",2177,"В военных, как пехотных, так и конных отрядах, особенно Новгорода и Пскова, постоянно участвовали ремесленники и мелкие торговцы — черные люди.",B,medieval_general,о 2-й пол. XIII–XIV в.; применимо к 1230,scholarly,
weapons_armour,топор; копьё,,presence_in_region,"Региональная разница: топор популярнее на севере, копьё на юге",622242,Рыбаков Борис Александрович; Даркевич Владислав Петрович; Янин Валентин Лаврентьевич; Раппопорт Павел Александрович; Кирпичников Анатолий Николаевич; Медведев Александр Филиппович; Куза Андрей Васильевич; Колчин Борис Александрович; Чернецов Алексей Владимирович; Борисевич Г. В.; Кирьянова Наталья Алексеевна,"Древняя Русь. Город, замок, село",1985,"Глава седьмая Вооружение А.Н. Кирпичников, А.Ф. Медведев",2147,например топора на севере и копья на юге,B,c1230,,scholarly,
weapons_armour,самострел,,dating,Части самострелов — среди находок эпохи раздробленности,622242,Рыбаков Борис Александрович; Даркевич Владислав Петрович; Янин Валентин Лаврентьевич; Раппопорт Павел Александрович; Кирпичников Анатолий Николаевич; Медведев Александр Филиппович; Куза Андрей Васильевич; Колчин Борис Александрович; Чернецов Алексей Владимирович; Борисевич Г. В.; Кирьянова Наталья Алексеевна,"Древняя Русь. Город, замок, село",1985,"Глава седьмая Вооружение А.Н. Кирпичников, А.Ф. Медведев",2156,"Находки (шпоры с колесиками, детали доспеха, части самострелов) показывают, что в русских землях происходят технические и военные преобразования",B,c1230,,scholarly,
weapons_armour,самострел; камнемет,,dating,Появление самострелов и камнеметов — активизация осадной техники (XII–1-я пол. XIII в.),622242,Рыбаков Борис Александрович; Даркевич Владислав Петрович; Янин Валентин Лаврентьевич; Раппопорт Павел Александрович; Кирпичников Анатолий Николаевич; Медведев Александр Филиппович; Куза Андрей Васильевич; Колчин Борис Александрович; Чернецов Алексей Владимирович; Борисевич Г. В.; Кирьянова Наталья Алексеевна,"Древняя Русь. Город, замок, село",1985,"Глава седьмая Вооружение А.Н. Кирпичников, А.Ф. Медведев",2156,однако появление самострелов и камнеметов свидетельствует о времени резкой активизации осадной и метательной техники,B,c1230,,scholarly,
weapons_armour,оружие Руси и Запада,,description,"В XII–XIII вв. у Руси и Запада одинаковы пики, шпоры, кольчуги, щиты, самострелы",622242,Рыбаков Борис Александрович; Даркевич Владислав Петрович; Янин Валентин Лаврентьевич; Раппопорт Павел Александрович; Кирпичников Анатолий Николаевич; Медведев Александр Филиппович; Куза Андрей Васильевич; Колчин Борис Александрович; Чернецов Алексей Владимирович; Борисевич Г. В.; Кирьянова Наталья Алексеевна,"Древняя Русь. Город, замок, село",1985,"Глава седьмая Вооружение А.Н. Кирпичников, А.Ф. Медведев",2163,"Одинаковыми и в XII–XIII вв. были пики, шпоры, кольчатые доспехи, некоторые предохранительные детали воинского убора, щиты, самострелы",B,c1230,,scholarly,
weapons_armour,снаряжение лучника,,description,"Лучник: лук и стрелы плюс топор, кистень, булава, щит или доспех",229356,nd,Оружие и доспехи Руси X – XVI век,2011,Оружие и доспехи Руси X–XVI век,8,"Главное оружие лучника — лук и стрелы — дополнялись топором, кистенем, булавой, щитом или металлическим доспехом",B,c1230,,scholarly,
weapons_armour,кольчуга,,technique,Каждое разомкнутое кольцо соединялось с четырьмя сваренными и склёпывалось,229356,nd,Оружие и доспехи Руси X – XVI век,2011,Оружие и доспехи Руси X–XVI век,11,Каждое разомкнутое кольцо соединялось с четырьмя целыми (сваренными) кольцами и склепывалось.,B,c1230,,scholarly,
weapons_armour,кольчуга,,other,Для нарядности в кольчугу вплетали ряд медных колец,229356,nd,Оружие и доспехи Руси X – XVI век,2011,Оружие и доспехи Руси X–XVI век,11,Иногда в кольчугу вплетали ряд-другой медных колец.,B,c1230,fact_type other: приметы (mark_slots),scholarly,
weapons_armour,кольчуга,,dimensions,"Вес кольчуги ~6,5 кг",229356,nd,Оружие и доспехи Руси X – XVI век,2011,Оружие и доспехи Руси X–XVI век,11,"Вес одной кольчуги равнялся примерно 6,5 кг.",B,c1230,,scholarly,
weapons_armour,кольчуга,,technique,Готовую кольчугу чистили и шлифовали до блеска,229356,nd,Оружие и доспехи Руси X – XVI век,2011,Оружие и доспехи Руси X–XVI век,12,После сборки кольчугу чистили и шлифовали до блеска.,B,c1230,,scholarly,
weapons_armour,бармица,,description,"Бармица — кольчужное «ожерелье» для шеи, крепилась к обручу шлема",229356,nd,Оружие и доспехи Руси X – XVI век,2011,Оружие и доспехи Руси X–XVI век,14,"На нем проделывались отверстия для бармицы, то есть кольчужного ""ожерелья"" для защиты шеи.",B,c1230,,scholarly,
weapons_armour,шлем с наносником,,dating,"С XII в. шлемы снабжаются наносником, полумаской или маской",229356,nd,Оружие и доспехи Руси X – XVI век,2011,Оружие и доспехи Руси X–XVI век,14,"С XII века шлемы стали снабжаться наносником, вырезами для глаз — полумаской или маской.",B,c1230,,scholarly,
weapons_armour,шлем с личиной,,dating,Конец XII–XIII в.: шлемы с маской-личиной,229356,nd,Оружие и доспехи Руси X – XVI век,2011,Оружие и доспехи Руси X–XVI век,18,"В конце XII–XIII веках в с вязи с общеевропейской тенденцией к утяжелению оборонительного доспеха на Руси появляются шлемы, снабженные маской-личиной",B,c1230,,scholarly,
weapons_armour,рогатина,,dimensions,"Рогатина: перо 5–6,5 см шириной, наконечник до 60 см",229356,nd,Оружие и доспехи Руси X – XVI век,2011,Оружие и доспехи Руси X–XVI век,22,"Рогатины имели ширину пера от 5 до 6,5 см и длину лавро-волистного наконечника до 60 см.",B,c1230,,scholarly,
weapons_armour,совня,,description,Совня — однолезвийное кривое лезвие на длинном древке; упоминается в НПЛ,229356,nd,Оружие и доспехи Руси X – XVI век,2011,Оружие и доспехи Руси X–XVI век,23,"Разновидностью рогатины являлась совня (совна), имевшая кривую полосу с одним лезвием, слегка изогнутым на конце, которое насаживалось на длинное древко.",B,c1230,,scholarly,
weapons_armour,сулица,,description,"Сулица — метательное копьё с лёгким древком до 1,5 м",229356,nd,Оружие и доспехи Руси X – XVI век,2011,Оружие и доспехи Руси X–XVI век,24,"Сулицей называлось метательное копье с легким и тонким древком длиной до 1,5 м.",B,c1230,,scholarly,
weapons_armour,щит треугольный,,dating,Во 2-й четверти XIII в. появляется треугольный щит с перегибом,229356,nd,Оружие и доспехи Руси X – XVI век,2011,Оружие и доспехи Руси X–XVI век,28,"Во второй четверти XIII века появляется треугольный щит с перегибом, то есть двускатный щит, плотно прижимавшийся к телу.",B,c1230,,scholarly,
weapons_armour,щит,,material,Наиболее распространены деревянные щиты,229356,nd,Оружие и доспехи Руси X – XVI век,2011,Оружие и доспехи Руси X–XVI век,29,Наиболее распространены были щиты деревянные.,B,c1230,,scholarly,
weapons_armour,щит,,other,Предпочтительный цвет щита — красный,229356,nd,Оружие и доспехи Руси X – XVI век,2011,Оружие и доспехи Руси X–XVI век,29,"Окраска щита могла быть самой различной, но красному цвету на протяжении всего бытования русских доспехов отдавалось явное предпочтение.",B,c1230,fact_type other: приметы (mark_slots),scholarly,
weapons_armour,щит,,name_form,"Край щита — венец, пространство до навершия — кайма",229356,nd,Оружие и доспехи Руси X – XVI век,2011,Оружие и доспехи Руси X–XVI век,29,"Край щита назывался венцом, а промежуток между венцом и навершием — каймой.",B,c1230,,scholarly,
weapons_armour,кольчуга XIII в.,,quantity,На кольчугу XIII в. уходило ~25 тыс. колец,229356,nd,Оружие и доспехи Руси X – XVI век,2011,Оружие и доспехи Руси X–XVI век,35,Всего на кольчугу уходило около 25 тысяч колец.,B,c1230,,scholarly,
weapons_armour,кольчуга XIII в.,,description,"Ворот кольчуги XIII в. квадратный, разрезной",229356,nd,Оружие и доспехи Руси X – XVI век,2011,Оружие и доспехи Руси X–XVI век,35,"Ворот был квадратным, разрезным, с неглубоким вырезом.",B,c1230,,scholarly,
weapons_armour,чешуйчатый доспех,,presence_in_region,Большинство чешуйчатых броней из Новгорода и Смоленска — XIII–XIV вв.,229356,nd,Оружие и доспехи Руси X – XVI век,2011,Оружие и доспехи Руси X–XVI век,38,"Большая часть чешуйчатых броней, найденных археологами в Новгороде, Смоленске и других местах, относятся к XIII–XIV векам.",B,c1230,для 1230 чешуя — редкость; основная масса находок позднее (ср. 622242/2109),scholarly,
weapons_armour,броня дощатая,,name_form,Пластинчатые брони называли «дощатыми»,229356,nd,Оружие и доспехи Руси X – XVI век,2011,Оружие и доспехи Руси X–XVI век,39,"Брони, сделанные из пластин, в отличие от ""кольчужных"" (то есть сделанных из металлических колец), назывались ""дощатыми"", поскольку пластинки их напоминали выпуклые дощечки.",B,c1230,,scholarly,
weapons_armour,панцирь (термин),,dating,Термин «панцирь» появляется лишь в XV в.; в 1230 г. отсутствует,229356,nd,Оружие и доспехи Руси X – XVI век,2011,Оружие и доспехи Руси X–XVI век,39,"В XV веке появляется новый термин для обозначения сделанной из пластинок брони — ""панцирь"", заимствованный из греческого языка.",B,medieval_general,термин не использовать для c1230,scholarly,
weapons_armour,яловец,,name_form,Флажок на втулке шлема — «яловец»,229356,nd,Оружие и доспехи Руси X – XVI век,2011,Оружие и доспехи Руси X–XVI век,42,"Наверху шлемы часто оканчивались втулкой, которая иногда снабжалась флажком — ""яловцом""",B,medieval_general,"абзац не датирует термин; «яловец» — термин поздних (XVI–XVII вв.) источников; флажок на шлеме допустим, но слово в речи 1230 г. не использовать",scholarly,
weapons_armour,шлем,,social_rule,Шлемы богатых отделывались серебром и золотом,229356,nd,Оружие и доспехи Руси X – XVI век,2011,Оружие и доспехи Руси X–XVI век,43,"У богатых воинов шлемы отделывались серебром и золотом, а иногда были целиком позолоченные.",B,c1230,,scholarly,
weapons_armour,чешуйчатый доспех,,dimensions,Чешуйчатый доспех длиной до бёдер,229356,nd,Оружие и доспехи Руси X – XVI век,2011,Оружие и доспехи Руси X–XVI век,47,Такие панцири были длиной до бедер.,B,medieval_general,"абзац не датирует; в домонгольской Руси чешуя известна лишь по изображениям, распространена в 1250–1450 гг. (622242/2109); для 1230 — редкость",scholarly,
weapons_armour,пластинчатый доспех,,dimensions,"Пластины толщиной 0,5–2 мм, разной формы",229356,nd,Оружие и доспехи Руси X – XVI век,2011,Оружие и доспехи Руси X–XVI век,69,"Пластины такой брони могли быть весьма разнообразными: квадратными, полукруглыми, широкими прямоугольными, узкими продолговатыми, толщиной от 0,5 до 2 мм.",B,c1230,,scholarly,
weapons_armour,пластинчатый доспех,,use,Древний пластинчатый доспех без основы надевали на стёганку или кольчугу,229356,nd,Оружие и доспехи Руси X – XVI век,2011,Оружие и доспехи Руси X–XVI век,69,"На более древних панцирях основы не было, пластины связывались только друг с другом, и панцирь надевался на толстую стеганую куртку или кольчугу.",B,c1230,,scholarly,
weapons_armour,лук,,material,"Луки из дерева (можжевельник, берёза) и рога",229356,nd,Оружие и доспехи Руси X – XVI век,2011,Оружие и доспехи Руси X–XVI век,77,"Луки делались из дерева (можжевельника, березы и др.) и рога.",B,c1230,,scholarly,
weapons_armour,налучь,,name_form,Чехол лука — налучь/налучье,229356,nd,Оружие и доспехи Руси X – XVI век,2011,Оружие и доспехи Руси X–XVI век,78,"На лук надевался чехол, который именовался налучь",B,c1230,,scholarly,
weapons_armour,налучь; колчан,,taboo_or_custom,"Налучь носили слева, колчан справа",229356,nd,Оружие и доспехи Руси X – XVI век,2011,Оружие и доспехи Руси X–XVI век,78,Налучь с луком носили слева; колчан со стрелами — справа.,B,c1230,,scholarly,
weapons_armour,самострел,,use,"Самострел медленнее лука, но сильнее и кучнее",229356,nd,Оружие и доспехи Руси X – XVI век,2011,Оружие и доспехи Руси X–XVI век,79,"Самострел уступал луку по скорострельности, заго превосходил его по силе удара стрелы и кучности боя.",B,c1230,,scholarly,
weapons_armour,вооружение пешца XII в.,,description,"Пешец XII в.: топор, тяжёлое копьё, сулица, дубина, рогатина",229356,nd,Оружие и доспехи Руси X – XVI век,2011,Оружие и доспехи Руси X–XVI век,91,"Оружием пещца были походный топор, тяжелое копье и сулица, дубина и рогатина.",B,c1230,,scholarly,
weapons_armour,вооружение пешца XII в.,,social_rule,"Пешец носил чаще кольчугу, а то и никакого доспеха",229356,nd,Оружие и доспехи Руси X – XVI век,2011,Оружие и доспехи Руси X–XVI век,91,"Доспех на пешце был чаще кольчужный, а то и вовсе никакого.",B,c1230,,scholarly,
weapons_armour,вооружение пешца XII в.,,social_rule,Снаряжение пешцев проще и дешевле дружинного,229356,nd,Оружие и доспехи Руси X – XVI век,2011,Оружие и доспехи Руси X–XVI век,91,"Их одежда и вооружение в целом были более простыми и дешевыми, чем у дружинников",B,c1230,,scholarly,
weapons_armour,топорок,,use,"Пешие — большие топоры, конные — короткие «топорки»",229356,nd,Оружие и доспехи Руси X – XVI век,2011,Оружие и доспехи Руси X–XVI век,93,"пешие чаще пользовались большими топорами, конные же — ""топорка-ми"", то есть короткими топорами",B,c1230,,scholarly,
weapons_armour,чекан,,social_rule,Чекан — отличительная принадлежность воинского начальства,229356,nd,Оружие и доспехи Руси X – XVI век,2011,Оружие и доспехи Руси X–XVI век,96,Чекан служил не только оружием: он был отличительной принадлежностью воинского начальства.,B,medieval_general,датировка обычая не указана,scholarly,
weapons_armour,меч,,name_form,"Части меча: клинок (голомени, лезвия), крыж рукояти: яблоко, черен, огниво",229356,nd,Оружие и доспехи Руси X – XVI век,2011,Оружие и доспехи Руси X–XVI век,102,"Меч состоял из широкой, острой с двух сторон полосы, то есть клинка, и из крыжа рукояти, части которой именовались: яблоко, черен и огниво.",B,c1230,,scholarly,
weapons_armour,меч,,use,Меч подвешивали к поясу на двух кольцах у устья ножен,229356,nd,Оружие и доспехи Руси X – XVI век,2011,Оружие и доспехи Руси X–XVI век,102,"Меч привешивался к поясу при помощи двух колец, расположенных у устья ножен.",B,c1230,,scholarly,
weapons_armour,нож засапожный,,name_form,Кривой нож за голенищем правого сапога — «засапожный»,229356,nd,Оружие и доспехи Руси X – XVI век,2011,Оружие и доспехи Руси X–XVI век,103,"Ножи с кривым клинком, который назывался ""шппком"", носившиеся за голенищем правого сапога, так и именовались — ""засапожные""",B,c1230,,scholarly,
weapons_armour,нож поясной,,name_form,Короткие обоюдоострые ножи на крючке у пояса — «поясные»,229356,nd,Оружие и доспехи Руси X – XVI век,2011,Оружие и доспехи Руси X–XVI век,103,"Короткие ножи с двумя лезвиями, зацепленные крючком за пояс. назывались ""поясными""",B,c1230,,scholarly,
weapons_armour,сабля,,dating,В Новгородской земле сабля вошла в обиход примерно с XIII в.,229356,nd,Оружие и доспехи Руси X – XVI век,2011,Оружие и доспехи Руси X–XVI век,104,В Новгородской земле сабля вошла в обиход позже — примерно с XIII века.,B,c1230,расходится с 622242/2021 (Новгород — XIV в.); для 1230 редкость,scholarly,
weapons_armour,железная шапка,,social_rule,У небогатого вместо шлема — простая железная шапка,229356,nd,Оружие и доспехи Руси X – XVI век,2011,Оружие и доспехи Руси X–XVI век,60,"Голову воина прикрывал шлем, а у небогатого — простая железная шапка, сделанная из листового или кованого железа.",B,c1230,,scholarly,
military_security,стяг,,other,На стяге вывешивалась эмблема князя,229356,nd,Оружие и доспехи Руси X – XVI век,2011,Оружие и доспехи Руси X–XVI век,31,На стяге первоначально вывешивалась эмблема князя,B,c1230,fact_type other: знак/символ отряда,scholarly,
military_security,пешцы (стража стен и ворот),,use,"Пешцев использовали для защиты стен и ворот, прикрытия тыла, работ и вылазок",229356,nd,Оружие и доспехи Руси X – XVI век,2011,Оружие и доспехи Руси X–XVI век,90,"Пехотинцев — ""пешцев"" — использовали при защите городских стен и ворот, прикрытии тылов конницы, для проведения необходимых транспортных и инженерных работ, для разведывательных и карательных вылазок.",B,c1230,,scholarly,
weapons_armour,меч (право/закон),,social_rule,Удар необнажённым мечом или рукоятью — 12 гривен продажи,641351,Коллектив авторов,"Том 4 (XII век, литература эпохи «Слова о полку Игореве»)",2004,РУССКАЯ ПРАВДА (ПРОСТРАННАЯ РЕДАКЦИЯ) > ОРИГИНАЛ,2649,"Аже кто ударить мечемь, не вынезъ его, или рукоятию, то 12 гривенъ продажи за обиду.",A,c1230,"Пространная Правда, действовала в Новгороде",primary_source,
weapons_armour,копьё; щит (закон),,social_rule,Кто сломает чужое копьё или щит — возмещает стоимость,641351,Коллектив авторов,"Том 4 (XII век, литература эпохи «Слова о полку Игореве»)",2004,РУССКАЯ ПРАВДА (КРАТКАЯ РЕДАКЦИЯ) > ОРИГИНАЛ,2542,"А иже изломить копье, любо щитъ, любо портъ, а начнеть хотети его деръжати у себе, то приати скота у него",A,c1230,Краткая Правда,primary_source,
weapons_armour,оружие (закон),,social_rule,"Пропавшее оружие, объявленное на торгу и опознанное, возвращается + 3 гривны",641351,Коллектив авторов,"Том 4 (XII век, литература эпохи «Слова о полку Игореве»)",2004,РУССКАЯ ПРАВДА (ПРОСТРАННАЯ РЕДАКЦИЯ) > ПЕРЕВОД,2785,"Если у кого пропадет конь, оружие или одежда и он объявит о том на торгу, а после опознает пропажу в своем городе, то взять ему свое наличием, а за ущерб платить ему 3 гривны.",A,c1230,,primary_source,
weapons_armour,оружие (закон),,social_rule,Удар тыльной стороной оружия — 12 гривен,641351,Коллектив авторов,"Том 4 (XII век, литература эпохи «Слова о полку Игореве»)",2004,РУССКАЯ ПРАВДА (ПРОСТРАННАЯ РЕДАКЦИЯ) > ПЕРЕВОД,2776,"Если кто кого ударит батогом, или чашей, или рогом, или тыльной стороной оружия, то 12 гривен.",A,c1230,,primary_source,
weapons_armour,меч,,presence_in_region,При многолетних раскопках Новгорода настоящий боевой меч не найден ни разу,709382,Засурцев Петр Иванович,"Новгород, открытый археологами",,Дружинники на Холопьей,487,"Нужно сказать, что при многолетних раскопках в Новгороде настоящий боевой меч не был найден ни разу.",B,c1230,на момент книги (1960-е),scholarly,
weapons_armour,меч,,social_rule,"Меч — дорогое оружие зажиточных, из которых набиралась княжеская дружина",709382,Засурцев Петр Иванович,"Новгород, открытый археологами",,Дружинники на Холопьей,487,"Это было слишком дорогое оружие, доступное лишь наиболее зажиточным слоям населения, из которых вербовалась княжеская дружина (конное рыцарство).",B,c1230,,scholarly,
weapons_armour,боевой топор; копьё (усадебные находки),,presence_in_region,На боярской усадьбе Неревского раскопа найдены боевой топор и наконечник копья,709382,Засурцев Петр Иванович,"Новгород, открытый археологами",,Дружинники на Холопьей,486,"То, что владелец данной усадьбы принадлежал к феодальному сословию, подтверждают и находки оружия: боевой топор и наконечник копья.",B,medieval_general,слои X–XI вв.,scholarly,
weapons_armour,меч игрушечный,,presence_in_region,"В Новгороде >30 деревянных игрушечных мечей X–1-й пол. XI в., позже реже",624953,Янин Валентин Лаврентьевич; Вагнер Георгий Карлович; Рыбина Елена Александровна; Макарова Татьяна Ивановна; Хорошев Александр Степанович; Розенфельдт Ростислав Леонидович; Щапова Юлия Леонидовна; Седова Мария Владимировна; Мурашова Вероника Владиславовна; Сабурова Мария Андреевна; Медынцева Альбина Александровна; Голубева Леонилла Анатольевна; Николаева Татьяна Васильевна; Недошивина Наталья Германовна; Поветкин Владимир Иванович; Воробьева Елена Владимировна; Чернецов Алексей Владимирович; Полубояринова Марина Дмитриевна; Беленькая Доротея Алексеевна,Древняя Русь. Быт и культура,1997,Глава 5 Игры взрослых и детей > Игры детей Р.Л. Розенфельдт,1151,Более трех десятков игрушечных деревянных мечей было найдено при раскопках в Новгороде в слоях X — первой половины XI в.,B,medieval_general,,scholarly,
weapons_armour,лук игрушечный,,presence_in_region,Игрушечные луки в Новгороде в слоях X и XIII вв.,624953,Янин Валентин Лаврентьевич; Вагнер Георгий Карлович; Рыбина Елена Александровна; Макарова Татьяна Ивановна; Хорошев Александр Степанович; Розенфельдт Ростислав Леонидович; Щапова Юлия Леонидовна; Седова Мария Владимировна; Мурашова Вероника Владиславовна; Сабурова Мария Андреевна; Медынцева Альбина Александровна; Голубева Леонилла Анатольевна; Николаева Татьяна Васильевна; Недошивина Наталья Германовна; Поветкин Владимир Иванович; Воробьева Елена Владимировна; Чернецов Алексей Владимирович; Полубояринова Марина Дмитриевна; Беленькая Доротея Алексеевна,Древняя Русь. Быт и культура,1997,Глава 5 Игры взрослых и детей > Игры детей Р.Л. Розенфельдт,1155,Луки в Новгороде были найдены в слоях X и XIII вв.; обломок детского деревянного лука — в слое IX в. в Старой Ладоге.,B,c1230,,scholarly,
weapons_armour,щитник Никифор,,event,После восстания 1228 г. помощником владыки стал щитник Никифор,755331,Рыбаков Борис Александрович,Ремесло древней Руси,1948,Часть первая С древнейших времен до середины XIII в. > Глава пятая Ремесленники IX–XIII вв. > 3. Городские мастера,2773,"Победа народа увенчалась тем, что ближайшим помощником владыки становится поставленный во время восстания ремесленник Никифор, мастер по выделке щитов.",B,c1230,,scholarly,
military_security,щитник Таврило,,event,"Среди новгородцев, павших в бою 1234 г., — Таврило щитник",755331,Рыбаков Борис Александрович,Ремесло древней Руси,1948,Часть первая С древнейших времен до середины XIII в. > Глава пятая Ремесленники IX–XIII вв. > 3. Городские мастера,2785,1234 — Таврило щитник,B,c1230,"контекст п.2781: ремесленники, погибшие в боях за Новгород",scholarly,
weapons_armour,оружейные ремёсла,,social_rule,"Специальности: оружейники, бронники, щитники, мастера шлемов и стрел",755331,Рыбаков Борис Александрович,Ремесло древней Руси,1948,Часть первая С древнейших времен до середины XIII в. > Глава пятая Ремесленники IX–XIII вв. > 3. Городские мастера,2732,"I — Кузнецы по железу, домники, оружейники, бронники, щитники, мастера по изготовлению шлемов (?), мастера по изготовлению стрел (?), замочники, гвоздочники.",B,c1230,,scholarly,
weapons_armour,Щитная улица,,presence_in_region,На Щитной улице Новгорода жили щитники,755331,Рыбаков Борис Александрович,Ремесло древней Руси,1948,Часть вторая С середины XIII в. до второй половины XV в. > Глава десятая Организация городских ремесленников в XIV–XV вв.,4024,"В Новгороде на Щитной улице, где, очевидно, жили щитники",B,medieval_general,упоминание XIV–XV вв.,scholarly,
military_security,вече и выборные должности,,social_rule,"Вече призывало князя, выбирало посадника и тысяцкого, с сер. XII в. владыку",520663,Разин Евгений Андреевич,Войны Древней Руси. От походов Святослава до сражения Александра Невского,2018,Военная организация Новгорода,383,"Вече призывало или отстраняло князя, выбирало посадника и тысяцкого, а с середины XII в. и владыку (епископа).",B,c1230,,scholarly,
military_security,гриди,,social_rule,"Гриди подчинены посаднику, несут гарнизонную службу за жалованье",520663,Разин Евгений Андреевич,Войны Древней Руси. От походов Святослава до сражения Александра Невского,2018,Военная организация Новгорода,383,В подчинении у посадника были «гриди».,B,c1230,"интерпретация военного историка Е.А. Разина (обобщение), спорно",scholarly,
military_security,засада (гарнизон пригорода),,use,"Гридей посылали «засадой» в пригороды (до 30: Псков, Ладога, Изборск, Корела)",520663,Разин Евгений Андреевич,Войны Древней Руси. От походов Святослава до сражения Александра Невского,2018,Военная организация Новгорода,383,"«Гриди» посылались в качестве «засады» (гарнизона) в пригороды (Новгород имел до 30 пригородов: Псков, Ладога, Изборск, Корела и др.).",B,c1230,Разин: «до 30 пригородов» — обобщение за весь период республики; Корела как город-крепость — конец XIII–XIV в.; Псков к 1230 фактически самостоятелен,scholarly,
military_security,новгородское войско (состав),,description,"Войско: дружина князя, дружина владыки, гриди, кончанские полки, ополчения посадов",520663,Разин Евгений Андреевич,Войны Древней Руси. От походов Святослава до сражения Александра Невского,2018,Военная организация Новгорода,384,"Таким образом, в состав новгородского войска входили дружина князя, дружина владыки, «гриди», кончанские полки и ополчения посадов.",B,c1230,,scholarly,
military_security,повольники,,social_rule,Дружины повольников — частные отряды богатых бояр и купцов,520663,Разин Евгений Андреевич,Войны Древней Руси. От походов Святослава до сражения Александра Невского,2018,Военная организация Новгорода,384,"Кроме того, имелись дружины «повольников» (из вольных людей), являвшиеся частными организациями богатых бояр и купцов.",B,c1230,,scholarly,
military_security,ладейная рать,,use,Пешая рать часто шла по рекам на ладьях,520663,Разин Евгений Андреевич,Войны Древней Руси. От походов Святослава до сражения Александра Невского,2018,Военная организация Новгорода,386,"Пешая рать часто передвигалась по рекам на ладьях, и тогда она являлась ладейной ратью.",B,c1230,,scholarly,
military_security,тактика против рыцарей,,technique,Против рыцарей — копья с крючками и ножи-засапожники,520663,Разин Евгений Андреевич,Войны Древней Руси. От походов Святослава до сражения Александра Невского,2018,Военная организация Новгорода,387,"В бою с закованными в латы рыцарями они пускали в ход копья с крючками, чтобы стаскивать рыцарей с коней, а также ножи – «засапожники», которыми распарывали животы лошадям.",B,c1230,популяризированное изложение; источник не указан,scholarly,
military_security,сбор войска,,social_rule,Войско снаряжалось по решению веча на один поход,520663,Разин Евгений Андреевич,Войны Древней Руси. От походов Святослава до сражения Александра Невского,2018,Военная организация Новгорода,388,Новгородское войско по решению веча снаряжалось только на один определенный поход.,B,c1230,,scholarly,
military_security,соха (раскладка),,social_rule,Несколько сох выставляли одного конного воина (сошный набор; по данным XV в.),520663,Разин Евгений Андреевич,Войны Древней Руси. От походов Святослава до сражения Александра Невского,2018,Военная организация Новгорода,388,Несколько «сох» выставляли полностью снаряженного конного воина.,B,medieval_general,сошный набор документирован по данным XV в. (Псков); для 1230 не подтверждён,scholarly,
military_security,покрута,,social_rule,Двое жителей снаряжали третьего в пешую рать,520663,Разин Евгений Андреевич,Войны Древней Руси. От походов Святослава до сражения Александра Невского,2018,Военная организация Новгорода,389,"При этом двое жителей «покручали», т. е. снаряжали, третьего, который отправлялся в поход.",B,medieval_general,покрута — поздние нормы; для 1230 лишь аналогия,scholarly,
military_security,освобождение от похода,,social_rule,От похода освобождалось только духовенство,520663,Разин Евгений Андреевич,Войны Древней Руси. От походов Святослава до сражения Александра Невского,2018,Военная организация Новгорода,389,От участия в походе освобождалось только духовенство.,B,c1230,,scholarly,
military_security,кончанский полк; сотня,,social_rule,"Полк от конца делился на две сотни, сотню давали несколько улиц",520663,Разин Евгений Андреевич,Войны Древней Руси. От походов Святослава до сражения Александра Невского,2018,Военная организация Новгорода,390,"Каждый полк делился на две сотни, сотню комплектовали несколько улиц.",B,c1230,"реконструкция автора, спорно",scholarly,
military_security,зажитники,,use,Отряды «в зажитье» — фуражировка,520663,Разин Евгений Андреевич,Войны Древней Руси. От походов Святослава до сражения Александра Невского,2018,Военная организация Новгорода,394,"Когда запасы кончались, из войска выделялись специальные отряды и посылались в «зажитье», т. е. на фуражировку.",B,c1230,,scholarly,
military_security,боевой порядок,,description,"Полки: сторожевой, чело, крылья",520663,Разин Евгений Андреевич,Войны Древней Руси. От походов Святослава до сражения Александра Невского,2018,Военная организация Новгорода,395,"По тактическому назначению полки делились на сторожевой полк, «чело» и «крылья» (правое и левое).",B,c1230,,scholarly,
military_security,стяг,,quantity,"На Липице 1216 г. у новгородцев 13 стягов, у суздальцев 17",520663,Разин Евгений Андреевич,Войны Древней Руси. От походов Святослава до сражения Александра Невского,2018,Военная организация Новгорода,397,"В липецком бою в 1216 г. у суздальского князя было 17 стягов, у новгородцев – 13 стягов.",B,c1230,,scholarly,
military_security,стяг,,taboo_or_custom,Стяги в мирное время хранились в храмах,520663,Разин Евгений Андреевич,Войны Древней Руси. От походов Святослава до сражения Александра Невского,2018,Военная организация Новгорода,397,"Стяги в мирное время хранились в храмах, а на войне тщательно охранялись.",B,c1230,,scholarly,
military_security,трубы и бубны,,quantity,На Липице у новгородцев 60 труб и бубнов,520663,Разин Евгений Андреевич,Войны Древней Руси. От походов Святослава до сражения Александра Невского,2018,Военная организация Новгорода,398,"В липецком бою у новгородцев было 60 труб и бубнов, у суздальцев и владимировцев – 80 труб и бубнов.",B,c1230,,scholarly,
military_security,поход 1234 на Юрьев,,event,"1234: Ярослав с новгородцами и псковичами разбил немцев под Юрьевом, мир «на всей правде своей»",520663,Разин Евгений Андреевич,Войны Древней Руси. От походов Святослава до сражения Александра Невского,2018,Военная организация Новгорода,432,разбил немцев под Юрьевом и заставил их заключить мир «на всей правде своей»,B,c1230,,scholarly,
military_security,ополчение новгородское,,social_rule,"Особого профессионального войска не было, каждый новгородец — воин",185868,Костомаров Николай Иванович,"Русская республика (Севернорусские народоправства во времена удельно-вечевого уклада. История Новгорода, Пскова и Вятки).",1994,ГЛАВА СЕДЬМАЯ. Общественная жизнь и нравы Великого Новгорода и Пскова > V. Военная сила,682,"Войска, исключительно занятого поенным ремеслом, сколько известно, не было.",B,c1230,"Костомаров (XIX в.), обобщение по XII–XV вв.; пример Изяслава Мстиславича — XII в.",scholarly,
military_security,сбор войска,,social_rule,Набор войска определялся вечем и производился в волостях по сохам (сошный набор),185868,Костомаров Николай Иванович,"Русская республика (Севернорусские народоправства во времена удельно-вечевого уклада. История Новгорода, Пскова и Вятки).",1994,ГЛАВА СЕДЬМАЯ. Общественная жизнь и нравы Великого Новгорода и Пскова > V. Военная сила,682,"Набор войска определялся вечем, и производился в волостях по сохам.",B,medieval_general,"Костомаров (XIX в.), обобщение по XII–XV вв.; сошный набор — по данным XV в., для 1230 не подтверждён; вечевое решение о походе — применимо",scholarly,
military_security,инородцы в ополчении,,social_rule,"В ополчение набирали чудь, корелу, ижору",185868,Костомаров Николай Иванович,"Русская республика (Севернорусские народоправства во времена удельно-вечевого уклада. История Новгорода, Пскова и Вятки).",1994,ГЛАВА СЕДЬМАЯ. Общественная жизнь и нравы Великого Новгорода и Пскова > V. Военная сила,682,"Кроме подвластных Новгороду русских жителей, набирались в ополчение также и инородцы, напр., Чудь, Корела, Ижора.",B,c1230,"Костомаров (XIX в.), обобщение по XII–XV вв.; примеры 1240–1241 гг.",scholarly,
military_security,уклонение от похода,,social_rule,1200: не желавших идти в поход били и брали с них куны,185868,Костомаров Николай Иванович,"Русская республика (Севернорусские народоправства во времена удельно-вечевого уклада. История Новгорода, Пскова и Вятки).",1994,ГЛАВА СЕДЬМАЯ. Общественная жизнь и нравы Великого Новгорода и Пскова > V. Военная сила,682,"Так в 1200 году новгородцы принуждали идти в поход ополчение, собранное на латышей, а когда ратники не хотели, то их били и брали с них куны.",B,c1230,"Костомаров (XIX в.), обобщение по XII–XV вв.; пример 1200 г.",scholarly,
military_security,рубленые люди,,name_form,"Войско по сохам — «рубленое», по разрубке",185868,Костомаров Николай Иванович,"Русская республика (Севернорусские народоправства во времена удельно-вечевого уклада. История Новгорода, Пскова и Вятки).",1994,ГЛАВА СЕДЬМАЯ. Общественная жизнь и нравы Великого Новгорода и Пскова > V. Военная сила,682,"потому что собирались по разрубке, т.е. по расчислению",B,medieval_general,"Костомаров (XIX в.), обобщение по XII–XV вв.; «рубленые люди» (сошный набор) — по данным XV в., для 1230 не подтверждено",scholarly,
military_security,владычный полк,,social_rule,С владычных имений собирался владычный полк,185868,Костомаров Николай Иванович,"Русская республика (Севернорусские народоправства во времена удельно-вечевого уклада. История Новгорода, Пскова и Вятки).",1994,ГЛАВА СЕДЬМАЯ. Общественная жизнь и нравы Великого Новгорода и Пскова > V. Военная сила,682,"Из имений, принадлежавших владыке, собиралась рать, составлявшая особое владычное ополчение — владычный полк.",B,medieval_general,"Костомаров (XIX в.), обобщение по XII–XV вв.; владычный полк как рать с владычных имений известен по источникам XV в. (Шелонь 1471), для 1230 не подтверждён; ср. «дружина владыки» у Разина",scholarly,
military_security,дружина vs полк,,name_form,"Княжеская рать — дружина, остальное войско — полк",185868,Костомаров Николай Иванович,"Русская республика (Севернорусские народоправства во времена удельно-вечевого уклада. История Новгорода, Пскова и Вятки).",1994,ГЛАВА СЕДЬМАЯ. Общественная жизнь и нравы Великого Новгорода и Пскова > V. Военная сила,682,"Княжеская дружина составляла также особый отдел, и называлась дружиною, в отличие от всей остальной рати, которая называлась полк.",B,c1230,"Костомаров (XIX в.), обобщение по XII–XV вв.",scholarly,
military_security,пешцы и коневницы,,name_form,"Пехота — пешцы, конница — коневницы; стояли часто раздельно",185868,Костомаров Николай Иванович,"Русская республика (Севернорусские народоправства во времена удельно-вечевого уклада. История Новгорода, Пскова и Вятки).",1994,ГЛАВА СЕДЬМАЯ. Общественная жизнь и нравы Великого Новгорода и Пскова > V. Военная сила,683,"Войско состояло из пехоты (пешцы) и конницы (коневницы); и та, и другая составляли часто отдельные ополчения",B,c1230,"Костомаров (XIX в.), обобщение по XII–XV вв.; пример 1270 г.",scholarly,
military_security,командование войском,,social_rule,"Главой войска был князь; без князя — посадник, тысяцкий или боярин",185868,Костомаров Николай Иванович,"Русская республика (Севернорусские народоправства во времена удельно-вечевого уклада. История Новгорода, Пскова и Вятки).",1994,ГЛАВА СЕДЬМАЯ. Общественная жизнь и нравы Великого Новгорода и Пскова > V. Военная сила,683,"По принятому и усвоенному вековыми привычками понятию, он был нормальный начальник войска, хотя случалось, когда не было князя, то начальствовал старый посадник, или тысячский, или вообще боярин.",B,c1230,"Костомаров (XIX в.), обобщение по XII–XV вв.",scholarly,
military_security,кмети; удальцы,,name_form,"Зачинщики боя — «кмети», «добрые удальцы»",185868,Костомаров Николай Иванович,"Русская республика (Севернорусские народоправства во времена удельно-вечевого уклада. История Новгорода, Пскова и Вятки).",1994,ГЛАВА СЕДЬМАЯ. Общественная жизнь и нравы Великого Новгорода и Пскова > V. Военная сила,683,"В войске всегда были удалые, отважные молодцы — открывали бой, задирали неприятеля; они назывались ""кмети"" и ""добрые удальцы""",B,c1230,"Костомаров (XIX в.), обобщение по XII–XV вв.",scholarly,
weapons_armour,новгородская броня,,description,"Новгородцы: остроконечные шлемы, кожаные щиты, тяжёлые брони",185868,Костомаров Николай Иванович,"Русская республика (Севернорусские народоправства во времена удельно-вечевого уклада. История Новгорода, Пскова и Вятки).",1994,ГЛАВА СЕДЬМАЯ. Общественная жизнь и нравы Великого Новгорода и Пскова > V. Военная сила,683,"Вооружение у них было: остроконечные шлемы на головах, кожаные щиты и брони; новгородские брони так были тяжелы, что нередко мешали быстроте движения.",B,medieval_general,"Костомаров (XIX в.), обобщение по XII–XV вв.; примеры 1343 и 1471 (Шелонь) — не для c1230",scholarly,
military_security,сторожа в стане,,use,На стоянке ставили сменяющуюся днём и ночью стражу,185868,Костомаров Николай Иванович,"Русская республика (Севернорусские народоправства во времена удельно-вечевого уклада. История Новгорода, Пскова и Вятки).",1994,ГЛАВА СЕДЬМАЯ. Общественная жизнь и нравы Великого Новгорода и Пскова > V. Военная сила,684,"Становясь на стоянку, расставляли стражей, переменяя их в день и в ночь.",B,c1230,"Костомаров (XIX в.), обобщение по XII–XV вв.",scholarly,
military_security,товары (обоз),,name_form,Обоз войска назывался «товары»,185868,Костомаров Николай Иванович,"Русская республика (Севернорусские народоправства во времена удельно-вечевого уклада. История Новгорода, Пскова и Вятки).",1994,ГЛАВА СЕДЬМАЯ. Общественная жизнь и нравы Великого Новгорода и Пскова > V. Военная сила,684,"Во время похода за войском шел обоз, называемый товары",B,c1230,"Костомаров (XIX в.), обобщение по XII–XV вв.",scholarly,
military_security,караулы на стенах,,use,При опасности на стенах и башнях ставились караулы,185868,Костомаров Николай Иванович,"Русская республика (Севернорусские народоправства во времена удельно-вечевого уклада. История Новгорода, Пскова и Вятки).",1994,ГЛАВА СЕДЬМАЯ. Общественная жизнь и нравы Великого Новгорода и Пскова > V. Военная сила,685,Во время опасности ставились по стенам и башням караулы.,B,c1230,"Костомаров (XIX в.), обобщение по XII–XV вв.",scholarly,
military_security,оборона пригорода,,event,Литва напала на Русу; рушане отбивались своими силами,185868,Костомаров Николай Иванович,"Русская республика (Севернорусские народоправства во времена удельно-вечевого уклада. История Новгорода, Пскова и Вятки).",1994,ГЛАВА СЕДЬМАЯ. Общественная жизнь и нравы Великого Новгорода и Пскова > V. Военная сила,685,"Так в 1231 году, когда Литва напала на Русу, рушане должны были отражать нападение своими силами",B,c1230,"Костомаров (XIX в.), обобщение по XII–XV вв.; в других источниках набег датируется 1234 г.",scholarly,
military_security,пригородное вооружение,,social_rule,Пригороды имели постоянное вооружение для отпора,185868,Костомаров Николай Иванович,"Русская республика (Севернорусские народоправства во времена удельно-вечевого уклада. История Новгорода, Пскова и Вятки).",1994,ГЛАВА СЕДЬМАЯ. Общественная жизнь и нравы Великого Новгорода и Пскова > V. Военная сила,685,"Пригороды имели постоянное вооружение, готовое в случае нужды отбивать неприятеля.",B,c1230,"Костомаров (XIX в.), обобщение по XII–XV вв.; пример 1231 г.",scholarly,
weapons_armour,доспех (новгородские находки),,presence_in_region,При раскопках Новгорода часто встречаются куски пластинчатых и кольчужных доспехов,555183,(Тулупов) Отец Вячеслав,Русь Новгородская,2009,ВОЕННОЕ ДЕЛО > ВОЙСКО,538,"Особо надо отметить, что при новгородских раскопках часто встречаются куски доспехов пластинчатых и кольчужных.",B,c1230,цитата Арциховского,scholarly,
military_security,мобилизация,,social_rule,"Мобилизация по концам, улицам и сотням",555183,(Тулупов) Отец Вячеслав,Русь Новгородская,2009,ВОЕННОЕ ДЕЛО > ВОЙСКО,539,"В случае войны мобилизация производилась на базе концов, улиц и сотен.",B,c1230,,scholarly,
military_security,тысяча (войско),,name_form,Общее войско Новгорода — «тысяча»,555183,(Тулупов) Отец Вячеслав,Русь Новгородская,2009,ВОЕННОЕ ДЕЛО > ВОЙСКО,539,Общее войско Новгорода называлось тысячей.,B,c1230,,scholarly,
military_security,тысяцкий,,social_rule,"Командовал вооружёнными силами тысяцкий, иногда посадник",555183,(Тулупов) Отец Вячеслав,Русь Новгородская,2009,ВОЕННОЕ ДЕЛО > ВОЙСКО,539,Командовал всеми вооруженными силами тысяцкий.,B,c1230,,scholarly,
military_security,посадник как воевода,,social_rule,"По Арциховскому, новгородским войском командовали посадники",555183,(Тулупов) Отец Вячеслав,Русь Новгородская,2009,ВОЕННОЕ ДЕЛО > РОЛЬ КНЯЗЕЙ,541,"новгородским войском командовали не князья, а посадники",B,c1230,,scholarly,
military_security,княжеская дружина,,use,Дружина — отряд быстрого реагирования до подхода ополчения,555183,(Тулупов) Отец Вячеслав,Русь Новгородская,2009,ВОЕННОЕ ДЕЛО > РОЛЬ КНЯЗЕЙ,544,Главная задача дружины состояла в отражении внезапного нападения противника и сдерживании врага до подхода основных сил.,B,c1230,,scholarly,
military_security,сотские,,quantity,В Новгороде по Уставу Всеволода было десять сотских,323826,Толочко Пётр Петрович,Власть в Древней Руси. X–XIII века,2011,Глава 5 Тысяцкий,392,"В Новгороде, судя по Уставу Всеволода, действительно насчитывалось десять сотских.",B,c1230,,scholarly,
military_security,сотни,,description,Сотни не образовывали районов; дворы сотен чересполосно с боярскими,323826,Толочко Пётр Петрович,Власть в Древней Руси. X–XIII века,2011,Глава 5 Тысяцкий,393,Сотни не образовывали особых районов в Новгороде; усадьбы сотского населения располагались чересполосно с боярскими патронимиями.,B,c1230,мнение В.Л. Янина,scholarly,
military_security,сотни,,social_rule,Княжеская юрисдикция над сотнями сохранялась до нашествия,323826,Толочко Пётр Петрович,Власть в Древней Руси. X–XIII века,2011,Глава 5 Тысяцкий,394,Княжеская юрисдикция над сотнями оставалась вплоть до времени монголо-татарского нашествия.,B,c1230,спорно; ср. Фроянов,scholarly,
military_security,тысяцкий,,social_rule,«Тысяча» — не численность ополчения,323826,Толочко Пётр Петрович,Власть в Древней Руси. X–XIII века,2011,Глава 5 Тысяцкий,391,"Совершенно ясно, что под тысячей нельзя понимать численность населения или народного ополчения, которым тысяцкий якобы руководил во время военных действий.",B,c1230,,scholarly,
military_security,смена власти 1230,,event,"1230: посадником стал Степан Твердиславич, тысяцким Микита Петрилович; имущество противников поделили по сотням",468845,Фроянов Игорь Яковлевич; Дворниченко Андрей Юрьевич,Города-государства Древней Руси,1988,ГЛАВА V ГОРОДА-ГОСУДАРСТВА В СЕВЕРО-ЗАПАДНОЙ РУСИ XI — начала XIII вв. > 1. Город-государство в Новгородской земле,436,"даша посадничьство Степану Твердиславичю, а тысячьское Миките Петриловицю, а добыток Семенов и Водовиков по стом розделиша",B,c1230,,scholarly,
military_security,тысяцкий,,social_rule,Тысяцкий — должностное лицо всего Новгорода,468845,Фроянов Игорь Яковлевич; Дворниченко Андрей Юрьевич,Города-государства Древней Руси,1988,ГЛАВА V ГОРОДА-ГОСУДАРСТВА В СЕВЕРО-ЗАПАДНОЙ РУСИ XI — начала XIII вв. > 1. Город-государство в Новгородской земле,436,"Добавим только, что на летописных страницах тысяцкий вырисовывается как должное лицо всего Новгорода, но не части его населения",B,c1230,,scholarly,
military_security,сотский,,social_rule,Сотский мог представлять весь Новгород в посольстве,468845,Фроянов Игорь Яковлевич; Дворниченко Андрей Юрьевич,Города-государства Древней Руси,1988,ГЛАВА V ГОРОДА-ГОСУДАРСТВА В СЕВЕРО-ЗАПАДНОЙ РУСИ XI — начала XIII вв. > 1. Город-государство в Новгородской земле,434,"Как видим, сотский Никифор представительствует от всего Новгорода.",B,c1230,,scholarly,
military_security,"посадник, тысяцкий, сотские",,social_rule,"Посадник, тысяцкий и сотские — органы всей общины",468845,Фроянов Игорь Яковлевич; Дворниченко Андрей Юрьевич,Города-государства Древней Руси,1988,ГЛАВА V ГОРОДА-ГОСУДАРСТВА В СЕВЕРО-ЗАПАДНОЙ РУСИ XI — начала XIII вв. > 1. Город-государство в Новгородской земле,437,"и посадник, и тысяцкий, и сотские были органами власти всей городской общины",B,c1230,,scholarly,
military_security,сотский,,event,Сотский Ларион — парламентёр новгородцев на Липице 1216,751267,Плетнёва Светлана Александровна; Седов Валентин Васильевич; Алексеев Леонид Васильевич; Толочко Пётр Петрович; Куза Андрей Васильевич; Зайцев Алексей Константинович; Кучера Михаил Петрович,Древнерусские княжества X–XIII вв.,1975,А.В. Куза. Новгородская земля,606,А сотский Ларион выступает в роли парламентера новгородцев в знаменитой Липицкой битве 1216 г.,B,c1230,,scholarly,
military_security,сотские,,social_rule,"Десять сотских участвуют в совещании у князя с боярами, владыкой, старостами",751267,Плетнёва Светлана Александровна; Седов Валентин Васильевич; Алексеев Леонид Васильевич; Толочко Пётр Петрович; Куза Андрей Васильевич; Зайцев Алексей Константинович; Кучера Михаил Петрович,Древнерусские княжества X–XIII вв.,1975,А.В. Куза. Новгородская земля,607,"Они участвуют наряду с боярами, владыкой и старостами в совещании у князя.",B,c1230,,scholarly,
military_security,концы и сотни,,social_rule,"Боярские усадьбы — в концах под посадником, прочие — в сотнях под сотскими и тысяцким",622242,Рыбаков Борис Александрович; Даркевич Владислав Петрович; Янин Валентин Лаврентьевич; Раппопорт Павел Александрович; Кирпичников Анатолий Николаевич; Медведев Александр Филиппович; Куза Андрей Васильевич; Колчин Борис Александрович; Чернецов Алексей Владимирович; Борисевич Г. В.; Кирьянова Наталья Алексеевна,"Древняя Русь. Город, замок, село",1985,Глава третья Древнерусские поселения > Древнерусские города А.В. Куза,512,"Первые объединялись в концы во главе с посадником (посадниками), а вторые — в сотни во главе с сотскими и тысяцким (тысяцкими).",B,c1230,концепция Янина,scholarly,
military_security,Невская битва 1240,,quantity,"Оценка: дружина 300 всадников, 500 городских конников, 500 пеших ополченцев",741964,Лихачев Дмитрий Сергеевич; Лебедев Глеб Сергеевич; Фроянов Игорь Яковлевич; Шишов Алексей Васильевич; Дубов Игорь Васильевич; Янин Валентин Лаврентьевич; Соколов Юрий Федорович; Джаксон Татьяна Николаевна; Кирпичников Анатолий Николаевич; Зиборов Виктор Кузьмич; Бегунов Юрий Константинович; Рябинин Евгений Александрович; Моисеева Галина Николаевна; Шаскольский Игорь Павлович; Андреев Василий Федорович; Белецкий Сергей Васильевич; Бланков Жан; Братчикова Елена Константиновна; Иоаннисян Олег Михайлович; Линд Джон Говард; Матхаузерова Светла; Сакса Александр Иванович; Сатырева Диана Николаевна; Томсинский Сергей Владимирович; Хёш Эдгар; Цернак Клаус,Князь Александр Невский и его эпоха,1995,Невская битва и защита Русской земли > А.В. Шишов Полководческое искусство князя Александра Ярославича в Невской битве,122,"княжескую дружину в 300 всадников, 500 отборных городских конников и 500 пеших ополченцев",B,c1230,оценка А.В. Шишова для Невской битвы 1240 г.; близко к эпохе игры,scholarly,
military_security,Невская битва 1240,,quantity,"Участников — сотни, а не тысячи",741964,Лихачев Дмитрий Сергеевич; Лебедев Глеб Сергеевич; Фроянов Игорь Яковлевич; Шишов Алексей Васильевич; Дубов Игорь Васильевич; Янин Валентин Лаврентьевич; Соколов Юрий Федорович; Джаксон Татьяна Николаевна; Кирпичников Анатолий Николаевич; Зиборов Виктор Кузьмич; Бегунов Юрий Константинович; Рябинин Евгений Александрович; Моисеева Галина Николаевна; Шаскольский Игорь Павлович; Андреев Василий Федорович; Белецкий Сергей Васильевич; Бланков Жан; Братчикова Елена Константиновна; Иоаннисян Олег Михайлович; Линд Джон Говард; Матхаузерова Светла; Сакса Александр Иванович; Сатырева Диана Николаевна; Томсинский Сергей Владимирович; Хёш Эдгар; Цернак Клаус,Князь Александр Невский и его эпоха,1995,Невская битва и защита Русской земли > А.Я. Кирпичников Невская битва 1240 года и ее тактические особенности,100,"Судя по умеренным жертвам, численность участников Невской битвы была относительно небольшой и измерялась не тысячами, а сотнями человек.",B,c1230,,scholarly,
military_security,боярская дружина,,social_rule,"Новгородцы Гаврила Олексич, Сбыслав, Миша вели свои дружины; ≥5 отрядов",741964,Лихачев Дмитрий Сергеевич; Лебедев Глеб Сергеевич; Фроянов Игорь Яковлевич; Шишов Алексей Васильевич; Дубов Игорь Васильевич; Янин Валентин Лаврентьевич; Соколов Юрий Федорович; Джаксон Татьяна Николаевна; Кирпичников Анатолий Николаевич; Зиборов Виктор Кузьмич; Бегунов Юрий Константинович; Рябинин Евгений Александрович; Моисеева Галина Николаевна; Шаскольский Игорь Павлович; Андреев Василий Федорович; Белецкий Сергей Васильевич; Бланков Жан; Братчикова Елена Константиновна; Иоаннисян Олег Михайлович; Линд Джон Говард; Матхаузерова Светла; Сакса Александр Иванович; Сатырева Диана Николаевна; Томсинский Сергей Владимирович; Хёш Эдгар; Цернак Клаус,Князь Александр Невский и его эпоха,1995,Невская битва и защита Русской земли > А.Я. Кирпичников Невская битва 1240 года и ее тактические особенности,104,"Таким образом, русское войско насчитывало не менее 5 отрядов.",B,c1230,,scholarly,
military_security,тактика,,technique,Бой начинался атакой конных копейщиков,741964,Лихачев Дмитрий Сергеевич; Лебедев Глеб Сергеевич; Фроянов Игорь Яковлевич; Шишов Алексей Васильевич; Дубов Игорь Васильевич; Янин Валентин Лаврентьевич; Соколов Юрий Федорович; Джаксон Татьяна Николаевна; Кирпичников Анатолий Николаевич; Зиборов Виктор Кузьмич; Бегунов Юрий Константинович; Рябинин Евгений Александрович; Моисеева Галина Николаевна; Шаскольский Игорь Павлович; Андреев Василий Федорович; Белецкий Сергей Васильевич; Бланков Жан; Братчикова Елена Константиновна; Иоаннисян Олег Михайлович; Линд Джон Говард; Матхаузерова Светла; Сакса Александр Иванович; Сатырева Диана Николаевна; Томсинский Сергей Владимирович; Хёш Эдгар; Цернак Клаус,Князь Александр Невский и его эпоха,1995,Невская битва и защита Русской земли > А.Я. Кирпичников Невская битва 1240 года и ее тактические особенности,105,"Битва, как обычно было принято в то время, началась с атаки конных копейщиков.",B,c1230,,scholarly,
military_security,марш,,quantity,"Новгород — Нева по суше ~150 км, форсированным маршем за 2 дня",741964,Лихачев Дмитрий Сергеевич; Лебедев Глеб Сергеевич; Фроянов Игорь Яковлевич; Шишов Алексей Васильевич; Дубов Игорь Васильевич; Янин Валентин Лаврентьевич; Соколов Юрий Федорович; Джаксон Татьяна Николаевна; Кирпичников Анатолий Николаевич; Зиборов Виктор Кузьмич; Бегунов Юрий Константинович; Рябинин Евгений Александрович; Моисеева Галина Николаевна; Шаскольский Игорь Павлович; Андреев Василий Федорович; Белецкий Сергей Васильевич; Бланков Жан; Братчикова Елена Константиновна; Иоаннисян Олег Михайлович; Линд Джон Говард; Матхаузерова Светла; Сакса Александр Иванович; Сатырева Диана Николаевна; Томсинский Сергей Владимирович; Хёш Эдгар; Цернак Клаус,Князь Александр Невский и его эпоха,1995,Невская битва и защита Русской земли > А.Я. Кирпичников Невская битва 1240 года и ее тактические особенности,98,Форсированным маршем рать могла преодолеть такое расстояние за 2 дня,B,c1230,,scholarly,
weapons_armour,боевой топор,,use,"В рукопашной бились и топором, подрубили столп шатра",741964,Лихачев Дмитрий Сергеевич; Лебедев Глеб Сергеевич; Фроянов Игорь Яковлевич; Шишов Алексей Васильевич; Дубов Игорь Васильевич; Янин Валентин Лаврентьевич; Соколов Юрий Федорович; Джаксон Татьяна Николаевна; Кирпичников Анатолий Николаевич; Зиборов Виктор Кузьмич; Бегунов Юрий Константинович; Рябинин Евгений Александрович; Моисеева Галина Николаевна; Шаскольский Игорь Павлович; Андреев Василий Федорович; Белецкий Сергей Васильевич; Бланков Жан; Братчикова Елена Константиновна; Иоаннисян Олег Михайлович; Линд Джон Говард; Матхаузерова Светла; Сакса Александр Иванович; Сатырева Диана Николаевна; Томсинский Сергей Владимирович; Хёш Эдгар; Цернак Клаус,Князь Александр Невский и его эпоха,1995,Невская битва и защита Русской земли > А.Я. Кирпичников Невская битва 1240 года и ее тактические особенности,106,"в рукопашной использовали не меч, а топор, подсекли столп златоверхого шатра",B,c1230,,scholarly,
military_security,сторожи,,use,Войско шло с проводниками-ижорянами и ближними «сторожами»,741964,Лихачев Дмитрий Сергеевич; Лебедев Глеб Сергеевич; Фроянов Игорь Яковлевич; Шишов Алексей Васильевич; Дубов Игорь Васильевич; Янин Валентин Лаврентьевич; Соколов Юрий Федорович; Джаксон Татьяна Николаевна; Кирпичников Анатолий Николаевич; Зиборов Виктор Кузьмич; Бегунов Юрий Константинович; Рябинин Евгений Александрович; Моисеева Галина Николаевна; Шаскольский Игорь Павлович; Андреев Василий Федорович; Белецкий Сергей Васильевич; Бланков Жан; Братчикова Елена Константиновна; Иоаннисян Олег Михайлович; Линд Джон Говард; Матхаузерова Светла; Сакса Александр Иванович; Сатырева Диана Николаевна; Томсинский Сергей Владимирович; Хёш Эдгар; Цернак Клаус,Князь Александр Невский и его эпоха,1995,Невская битва и защита Русской земли > А.В. Шишов Полководческое искусство князя Александра Ярославича в Невской битве,136,имея впереди проводников-ижорян и ближние «сторожи»,B,c1230,,scholarly,
military_security,дружина боярина,,social_rule,Новгородец Миша пеший с дружиною своею потопил 3 корабля,741964,Лихачев Дмитрий Сергеевич; Лебедев Глеб Сергеевич; Фроянов Игорь Яковлевич; Шишов Алексей Васильевич; Дубов Игорь Васильевич; Янин Валентин Лаврентьевич; Соколов Юрий Федорович; Джаксон Татьяна Николаевна; Кирпичников Анатолий Николаевич; Зиборов Виктор Кузьмич; Бегунов Юрий Константинович; Рябинин Евгений Александрович; Моисеева Галина Николаевна; Шаскольский Игорь Павлович; Андреев Василий Федорович; Белецкий Сергей Васильевич; Бланков Жан; Братчикова Елена Константиновна; Иоаннисян Олег Михайлович; Линд Джон Говард; Матхаузерова Светла; Сакса Александр Иванович; Сатырева Диана Николаевна; Томсинский Сергей Владимирович; Хёш Эдгар; Цернак Клаус,Князь Александр Невский и его эпоха,1995,Источники и биография Составитель — Ю.К. Бегунов > Житие Александра Невского Первая редакция. 1280-е годы,710,Этот пеший с дружиною своею напал на корабли и потопил три корабля латинян.,B,c1230,,scholarly,
weapons_armour,комплект знатного воина XIII в.,,description,"Набор XIII в.: золочёный шлем, меч, кольчуга, шпоры, стремена знатного воина",741964,Лихачев Дмитрий Сергеевич; Лебедев Глеб Сергеевич; Фроянов Игорь Яковлевич; Шишов Алексей Васильевич; Дубов Игорь Васильевич; Янин Валентин Лаврентьевич; Соколов Юрий Федорович; Джаксон Татьяна Николаевна; Кирпичников Анатолий Николаевич; Зиборов Виктор Кузьмич; Бегунов Юрий Константинович; Рябинин Евгений Александрович; Моисеева Галина Николаевна; Шаскольский Игорь Павлович; Андреев Василий Федорович; Белецкий Сергей Васильевич; Бланков Жан; Братчикова Елена Константиновна; Иоаннисян Олег Михайлович; Линд Джон Говард; Матхаузерова Светла; Сакса Александр Иванович; Сатырева Диана Николаевна; Томсинский Сергей Владимирович; Хёш Эдгар; Цернак Клаус,Князь Александр Невский и его эпоха,1995,"Литература и культура Руси > О.М. Иоаннисян, С.В. Томсинский Сообщение о выставке ""Александр Невский в памятниках русской культуры"" в Государственном",625,"XIII веком датируется набор вооружения — золоченый шлем, меч, кольчуга, шпоры и стремена, принадлежавшие знатному воину.",B,c1230,,scholarly,
military_security,гриди,,name_form,В новгородских летописях «гриди» — верхушка дружины,458146,Волков Владимир Алексеевич,Войны и дружины древней Руси,2016,"Часть вторая. Войско, войны и военное дело у восточных славян и на Руси с конца IX до конца XV столетия > Глава 1. Русская рать > Дружина",986,"Вместе с тем в летописях, преимущественно новгородских, сохраняется и термин «гриди», но уже в основном для обозначения верхушки дружины.",B,c1230,,scholarly,
military_security,"отроки, детские, кмети",,name_form,"Младшие дружинники — отроки, детские, кмети, пасынки",458146,Волков Владимир Алексеевич,Войны и дружины древней Руси,2016,"Часть вторая. Войско, войны и военное дело у восточных славян и на Руси с конца IX до конца XV столетия > Глава 1. Русская рать > Дружина",986,"Источники более позднего времени уже различают старших дружинников – гридей и младших дружинных воинов – отроков, детских, кметей, пасынков.",B,c1230,,scholarly,
military_security,княжеская дружина,,quantity,Дружины — от нескольких десятков до 3 тыс. человек,458146,Волков Владимир Алексеевич,Войны и дружины древней Руси,2016,"Часть вторая. Войско, войны и военное дело у восточных славян и на Руси с конца IX до конца XV столетия > Глава 1. Русская рать > Дружина",988,Насчитывали они от нескольких десятков до 3 тысяч человек.,B,c1230,,scholarly,
military_security,двор княжеский,,dating,В конце XII в. дружина преобразуется в двор,458146,Волков Владимир Алексеевич,Войны и дружины древней Руси,2016,"Часть вторая. Войско, войны и военное дело у восточных славян и на Руси с конца IX до конца XV столетия > Глава 1. Русская рать > Дружина",995,"В конце XII века дружина преобразуется в двор, более сложное социально-политическое образование.",B,c1230,,scholarly,
military_security,ополчение,,social_rule,"Ополченцы не получали жалованья, лишь долю добычи",458146,Волков Владимир Алексеевич,Войны и дружины древней Руси,2016,"Часть вторая. Войско, войны и военное дело у восточных славян и на Руси с конца IX до конца XV столетия > Глава 1. Русская рать > Ополчение",1005,Никакого жалованья ополченцы не получали и могли лишь претендовать на часть военной добычи.,B,c1230,,scholarly,
military_security,ополчение,,social_rule,"Князь при необходимости снабжал ополченцев оружием, конями, судами",458146,Волков Владимир Алексеевич,Войны и дружины древней Руси,2016,"Часть вторая. Войско, войны и военное дело у восточных славян и на Руси с конца IX до конца XV столетия > Глава 1. Русская рать > Ополчение",1005,"В случае необходимости князь должен был обеспечить их оружием, конями, судами.",B,c1230,,scholarly,
military_security,ополчение,,description,"Большинство ополченцев — пешцы, в дальних походах шли на судах",458146,Волков Владимир Алексеевич,Войны и дружины древней Руси,2016,"Часть вторая. Войско, войны и военное дело у восточных славян и на Руси с конца IX до конца XV столетия > Глава 1. Русская рать > Ополчение",1004,"но большинство ополченцев были «пешцами», в дальних походах сопровождавшими конную рать на судах",B,c1230,,scholarly,
military_security,обучение княжича,,use,"Александра учили мечу, копью, луку, метанию сулиц",458146,Волков Владимир Алексеевич,Войны и дружины древней Руси,2016,"Часть вторая. Войско, войны и военное дело у восточных славян и на Руси с конца IX до конца XV столетия > Глава 1. Русская рать > Обучение витязей и ратников",1021,"Александра учили владению оружием: прежде всего мечом и копьем, стрельбе из лука и метанию сулиц (дротиков).",B,c1230,,scholarly,
military_security,постриг; посажение на коня,,taboo_or_custom,Обучение воина начиналось с пострига/посажения на коня,458146,Волков Владимир Алексеевич,Войны и дружины древней Руси,2016,"Часть вторая. Войско, войны и военное дело у восточных славян и на Руси с конца IX до конца XV столетия > Глава 1. Русская рать > Обучение витязей и ратников",1017,"Обучение профессионального воина начиналось в раннем детстве, со дня «пострига» или «посажения на коня».",B,c1230,,scholarly,
military_security,обучение дружинных детей,,use,Сыновья дружинников учились коллективно под надзором гридей,458146,Волков Владимир Алексеевич,Войны и дружины древней Руси,2016,"Часть вторая. Войско, войны и военное дело у восточных славян и на Руси с конца IX до конца XV столетия > Глава 1. Русская рать > Обучение витязей и ратников",1023,"Сыновья дружинников проходили воинское обучение коллективно, под постоянным и строгим надзором гридей, старших дружинников.",B,c1230,,scholarly,
military_security,игрушки (воинские игры),,taboo_or_custom,"На «игрушках» бились боевым оружием, но не в полную силу",458146,Волков Владимир Алексеевич,Войны и дружины древней Руси,2016,"Часть вторая. Войско, войны и военное дело у восточных славян и на Руси с конца IX до конца XV столетия > Глава 1. Русская рать > Обучение витязей и ратников",1024,"Участвовавшие в «игрушках» воины использовали боевое оружие, однако старались действовать им не в полную силу.",B,c1230,,scholarly,
military_security,оборона Русы 1234,,event,"1234: Литва дошла до торга Русы; отбили засада, огнищане, гридьба, купцы и гости",301539,Погодин Михаил Петрович,Древняя русская история до монгольского ига. Том 2,1999,ПРОДОЛЖЕНИЕ МЕЖДОУСОБИЙ,4375,"Рушане поднялись — засада, огнищане, гридьба, купцы и гости, выгнали их из посада и сразились на поле.",B,c1230,,scholarly,
military_security,оборона Русы 1234,,event,В 1234 г. в Русе от Литвы отбивались купцы,301539,Погодин Михаил Петрович,Древняя русская история до монгольского ига. Том 2,1999,"ТОРГОВЛЯ, КУНЫ (ДЕНЬГИ)",890,"Литва нападала на Русу, в которой отбивались купцы.",B,c1230,,scholarly,
weapons_armour,сулица,,event,1231: окровавленные сулицы Василька Романовича (летопись),301539,Погодин Михаил Петрович,Древняя русская история до монгольского ига. Том 2,1999,ВОЕННОЕ ДЕЛО,2034,Сулици его кроваве сущи,B,c1230,Галицко-Волынская летопись; не Новгород,scholarly,
military_security,поход 1234 на Юрьев,,event,Март 1234: большая русская армия вторглась в Уганди,566839,Хрусталёв Денис Григорьевич,Северные крестоносцы. Русь в борьбе за сферы влияния в Восточной Прибалтике XII–XIII вв. Том 1,2009,"Глава II Русь и Ливония > § 1. Противостояние в 20-30-е гг. XIII в > § 1.4. Поход Ярослава Всеволодовича на Дерпт, 1234 г.",710,В марте 1234 г. огромная русская армия вторглась в Уганди.,B,c1230,,scholarly,
military_security,зажитье,,use,Князь стал станом у Юрьева и пустил людей в зажитье,566839,Хрусталёв Денис Григорьевич,Северные крестоносцы. Русь в борьбе за сферы влияния в Восточной Прибалтике XII–XIII вв. Том 1,2009,"Глава II Русь и Ливония > § 1. Противостояние в 20-30-е гг. XIII в > § 1.4. Поход Ярослава Всеволодовича на Дерпт, 1234 г.",713,и пусти люди своя въ зажитие воевать,B,c1230,,scholarly,
military_security,битва на Омовже 1234,,event,Под тяжеловооружёнными немцами проломился весенний лёд,566839,Хрусталёв Денис Григорьевич,Северные крестоносцы. Русь в борьбе за сферы влияния в Восточной Прибалтике XII–XIII вв. Том 1,2009,"Глава II Русь и Ливония > § 1. Противостояние в 20-30-е гг. XIII в > § 1.4. Поход Ярослава Всеволодовича на Дерпт, 1234 г.",720,внезапно под тяжеловооруженными воинами весенний лед подломился — многие начали тонуть,B,c1230,,scholarly,
military_security,мир с Ливонией,,social_rule,Мир заключался обычно на 3 года,566839,Хрусталёв Денис Григорьевич,Северные крестоносцы. Русь в борьбе за сферы влияния в Восточной Прибалтике XII–XIII вв. Том 1,2009,"Глава II Русь и Ливония > § 1. Противостояние в 20-30-е гг. XIII в > § 1.4. Поход Ярослава Всеволодовича на Дерпт, 1234 г.",726,На несколько лет — мир тогда заключался обычно на 3 года — на западных рубежах Руси установилось затишье.,B,c1230,,scholarly,
weapons_armour,эмбарго на оружие 1229,,event,"Папа (1229) требовал не поставлять на Русь оружие, железо, медь, свинец, лошадей",566839,Хрусталёв Денис Григорьевич,Северные крестоносцы. Русь в борьбе за сферы влияния в Восточной Прибалтике XII–XIII вв. Том 1,2009,"Глава II Русь и Ливония > § 1. Противостояние в 20-30-е гг. XIII в > § 1.4. Поход Ярослава Всеволодовича на Дерпт, 1234 г.",743,"Рекомендовалось воспретить поставлять на Русь оружие, железо, медь, свинец, лошадей и продовольствие.",B,c1230,,scholarly,
military_security,метательная артиллерия городов,,presence_in_region,Городская метательная артиллерия в XIII–XIV вв. была и в Новгороде,570382,Кирпичников Анатолий Николаевич; Воронин Николай Николаевич; Косточкин Владимир Владимирович; Хлопин Игорь Николаевич,Метательная артиллерия и оборонительные сооружения Древней Руси,1958,Кирпичников А. Н Метательная артиллерия древней Руси (Из истории средневекового оружия VI–XV вв.) > III. Тактическое применение камнемётов,99,"Городская метательная артиллерия существовала в XIII–XIV вв. уже во многих русских городах, например в Чернигове, Холме, Новгороде, Пскове, Москве",A,c1230,,archaeology_report,
military_security,камнемет (порок),,dating,Проломы от метательных орудий летопись отмечает в 1-й пол. XIII в.,570382,Кирпичников Анатолий Николаевич; Воронин Николай Николаевич; Косточкин Владимир Владимирович; Хлопин Игорь Николаевич,Метательная артиллерия и оборонительные сооружения Древней Руси,1958,Кирпичников А. Н Метательная артиллерия древней Руси (Из истории средневекового оружия VI–XV вв.) > III. Тактическое применение камнемётов,96,Проломы в стенах от действий метательных орудий летопись отмечает в первой половине XIII в.,B,c1230,исследование (не отчёт раскопок) — B,archaeology_report,
weapons_armour,кольчуга,,quantity,В мастерской новгородского ремесленника — 1–2 готовые кольчуги или ни одной,828627,Гурьев Владислав Игоревич,Загадки сражений Александра Невского,2020,Приложения > Существование ополчения,2473,"Таким образом, в мастерской новгородского ремесленника могла находиться одна, максимум две кольчуги, а вполне возможно, что ни одной (готовой).",B,c1230,оценка автора,scholarly,
weapons_armour,доспех,,technique,Доспех обычно делали по телосложению владельца,828627,Гурьев Владислав Игоревич,Загадки сражений Александра Невского,2020,Приложения > Существование ополчения,2472,"Добавим к этому, что доспехи обычно изготавливались с учетом телосложения конкретного человека.",B,c1230,,scholarly,
weapons_armour,пластинчатый доспех,,quantity,В Новгороде XIV–XV вв. на 9 остатков пластинчатого доспеха 1 обрывок кольчуги,617929,Семенова Мария Васильевна,Мы – славяне!,2009,Доспех > Панцирь,1730,В том же Новгороде в слоях ХIV – ХV веков на каждые девять остатков пластинчатого доспеха приходится всего один обрывок кольчуги…,C,medieval_general,"post-1230 (XIV–XV вв.): для 1230 не применять, кольчуга ещё преобладает; популярная книга (Семенова)",popular,
