domain,entity_ru,entity_latin,fact_type,value,book_id,authors,title,year,section_path,para_no,quote,confidence,period,note,book_type,flags
law_justice_governance,кровная месть,krovnaya mest,social_rule,Месть за убийство мстили ближайшие родичи; при отказе от мести — денежная вира,641351,Коллектив авторов,"Том 4 (XII век, литература эпохи «Слова о полку Игореве»)",2004,РУССКАЯ ПРАВДА (ПРОСТРАННАЯ РЕДАКЦИЯ) > ПЕРЕВОД,2752,"то мстить брату за брата, или отцу, или сыну, или двоюродному брату, или сыну брата",A,c1230,"Пространная Правда — общерусский свод 1113–1132 гг.; действующее светское право, применима к Новгороду ~1230",primary_source,
social_strata_legal_status,княжий муж,knyazhiy muzh,social_rule,Вира за убийство княжего мужа или княжеского тиуна — 80 гривен,641351,Коллектив авторов,"Том 4 (XII век, литература эпохи «Слова о полку Игореве»)",2004,РУССКАЯ ПРАВДА (ПРОСТРАННАЯ РЕДАКЦИЯ) > ПЕРЕВОД,2752,"назначить 80 гривен за убитого, если он княжий муж или княжеский тиун",A,c1230,"Пространная Правда — общерусский свод 1113–1132 гг.; действующее светское право, применима к Новгороду ~1230",primary_source,
social_strata_legal_status,купец,kupets,social_rule,"Вира за купца, как и за русина, гридина, мечника, изгоя, словенина — 40 гривен",641351,Коллектив авторов,"Том 4 (XII век, литература эпохи «Слова о полку Игореве»)",2004,РУССКАЯ ПРАВДА (ПРОСТРАННАЯ РЕДАКЦИЯ) > ПЕРЕВОД,2752,"если он будет русин, или гридин, или купец, или боярский тиун, или мечник, или изгой, или Словении, то назначить за него 40 гривен",A,c1230,"Пространная Правда — общерусский свод 1113–1132 гг.; действующее светское право, применима к Новгороду ~1230",primary_source,
law_justice_governance,отмена кровной мести,otmena krovnoy mesti,event,"Сыновья Ярослава отменили месть, заменив её денежным выкупом",641351,Коллектив авторов,"Том 4 (XII век, литература эпохи «Слова о полку Игореве»)",2004,РУССКАЯ ПРАВДА (ПРОСТРАННАЯ РЕДАКЦИЯ) > ПЕРЕВОД,2753,"отменили месть за убитого, заменив ее выкупом деньгами",A,c1230,"Пространная Правда — общерусский свод 1113–1132 гг.; действующее светское право, применима к Новгороду ~1230",primary_source,
law_justice_governance,дикая вира,dikaya vira,social_rule,"Если убийцу не ищут, виру платит вервь, на земле которой лежит убитый",641351,Коллектив авторов,"Том 4 (XII век, литература эпохи «Слова о полку Игореве»)",2004,РУССКАЯ ПРАВДА (ПРОСТРАННАЯ РЕДАКЦИЯ) > ПЕРЕВОД,2754,"Если кто убьет княжего мужа в разбое, а убийцу не ищут, то виру в 80 гривен платить верви, где лежит убитый, если же простой свободный человек, то 40 гривен",A,c1230,"Пространная Правда — общерусский свод 1113–1132 гг.; действующее светское право, применима к Новгороду ~1230",primary_source,
law_justice_governance,вервь,verv,social_rule,"Вервь выплачивает дикую виру в рассрочку, т.к. платит без преступника",641351,Коллектив авторов,"Том 4 (XII век, литература эпохи «Слова о полку Игореве»)",2004,РУССКАЯ ПРАВДА (ПРОСТРАННАЯ РЕДАКЦИЯ) > ПЕРЕВОД,2755,"Если которая-либо вервь будет платить дикую виру, пусть выплачивает ту виру столько времени, сколько будет платить, потому что они платят без преступника",A,c1230,"Пространная Правда — общерусский свод 1113–1132 гг.; действующее светское право, применима к Новгороду ~1230",primary_source,
law_justice_governance,убийство в ссоре или на пиру,ubiystvo v ssore,social_rule,Убивший открыто в ссоре или на пиру платит виру вместе с вервью,641351,Коллектив авторов,"Том 4 (XII век, литература эпохи «Слова о полку Игореве»)",2004,РУССКАЯ ПРАВДА (ПРОСТРАННАЯ РЕДАКЦИЯ) > ПЕРЕВОД,2757,"Но если <кто> убил открыто, во время ссоры или на пиру, то теперь ему так платить вместе с вервью, поскольку и он вкладывается в виру",A,c1230,"Пространная Правда — общерусский свод 1113–1132 гг.; действующее светское право, применима к Новгороду ~1230",primary_source,
law_justice_governance,поток и разграбление,potok i razgrablenie,social_rule,"Убийцу «без причины» (разбойника) община не выкупает, а выдаёт с женой и детьми на изгнание и разграбление",641351,Коллектив авторов,"Том 4 (XII век, литература эпохи «Слова о полку Игореве»)",2004,РУССКАЯ ПРАВДА (ПРОСТРАННАЯ РЕДАКЦИЯ) > ПЕРЕВОД,2758,"свершил убийство без всякой ссоры, то люди за убийцу не платят, но пусть выдадут его самого с женою и детьми на изгнание и на разграбление",A,c1230,"Пространная Правда — общерусский свод 1113–1132 гг.; действующее светское право, применима к Новгороду ~1230",primary_source,
law_justice_governance,вервь,verv,social_rule,"Кто не вкладывается в дикую виру, тому община не помогает — платит сам",641351,Коллектив авторов,"Том 4 (XII век, литература эпохи «Слова о полку Игореве»)",2004,РУССКАЯ ПРАВДА (ПРОСТРАННАЯ РЕДАКЦИЯ) > ПЕРЕВОД,2759,"Если кто не вкладывается в дикую виру, тому люди не помогают, но он платит сам.",A,c1230,"Пространная Правда — общерусский свод 1113–1132 гг.; действующее светское право, применима к Новгороду ~1230",primary_source,
social_strata_legal_status,вирник,virnik,social_rule,"Вирник со своим отроком кормится за счёт населения: солод, баран или полтуши говядины, хлеб, пшено, соль, овёс на 4 коней",641351,Коллектив авторов,"Том 4 (XII век, литература эпохи «Слова о полку Игореве»)",2004,РУССКАЯ ПРАВДА (ПРОСТРАННАЯ РЕДАКЦИЯ) > ПЕРЕВОД,2760,"вирнику взять 7 ведер солода на неделю, а также барана или полтуши говядины, или 2 ногаты",A,c1230,"Пространная Правда — общерусский свод 1113–1132 гг.; действующее светское право, применима к Новгороду ~1230",primary_source,
social_strata_legal_status,вирник,virnik,price,С виры в 80 гривен вирнику положено 16 гривен 10 кун 12 векш,641351,Коллектив авторов,"Том 4 (XII век, литература эпохи «Слова о полку Игореве»)",2004,РУССКАЯ ПРАВДА (ПРОСТРАННАЯ РЕДАКЦИЯ) > ПЕРЕВОД,2761,"Если вира 80 гривен, то вирнику 16 гривен и 10 кун и 12 векш",A,c1230,"Пространная Правда — общерусский свод 1113–1132 гг.; действующее светское право, применима к Новгороду ~1230",primary_source,
social_strata_legal_status,"княжеский отрок, конюх, повар",knyazheskiy otrok,social_rule,"Вира за княжеского отрока, конюха или повара — 40 гривен",641351,Коллектив авторов,"Том 4 (XII век, литература эпохи «Слова о полку Игореве»)",2004,РУССКАЯ ПРАВДА (ПРОСТРАННАЯ РЕДАКЦИЯ) > ПЕРЕВОД,2762,"Если за княжеского отрока, или за конюха, или за повара, то <вира> 40 гривен",A,c1230,"Пространная Правда — общерусский свод 1113–1132 гг.; действующее светское право, применима к Новгороду ~1230",primary_source,
social_strata_legal_status,"тиун огнищный, конюший",tiun ognishchny,social_rule,Вира за огнищного тиуна и конюшего — 80 гривен,641351,Коллектив авторов,"Том 4 (XII век, литература эпохи «Слова о полку Игореве»)",2004,РУССКАЯ ПРАВДА (ПРОСТРАННАЯ РЕДАКЦИЯ) > ПЕРЕВОД,2763,А за тиуна огнищного и за конюшего — 80 гривен.,A,c1230,"Пространная Правда — общерусский свод 1113–1132 гг.; действующее светское право, применима к Новгороду ~1230",primary_source,
social_strata_legal_status,сельский тиун,selskiy tiun,social_rule,Вира за княжеского сельского или ратайного тиуна — 12 гривен,641351,Коллектив авторов,"Том 4 (XII век, литература эпохи «Слова о полку Игореве»)",2004,РУССКАЯ ПРАВДА (ПРОСТРАННАЯ РЕДАКЦИЯ) > ПЕРЕВОД,2764,А за тиуна княжеского сельского или руководящего пахотными работами — 12 гривен,A,c1230,"Пространная Правда — общерусский свод 1113–1132 гг.; действующее светское право, применима к Новгороду ~1230",primary_source,
social_strata_legal_status,рядович,ryadovich,social_rule,За рядовича (княжеского или боярского) — 5 гривен,641351,Коллектив авторов,"Том 4 (XII век, литература эпохи «Слова о полку Игореве»)",2004,РУССКАЯ ПРАВДА (ПРОСТРАННАЯ РЕДАКЦИЯ) > ПЕРЕВОД,2765,А за рядовича — 5 гривен,A,c1230,"Пространная Правда — общерусский свод 1113–1132 гг.; действующее светское право, применима к Новгороду ~1230",primary_source,
social_strata_legal_status,ремесленник,remeslennik,social_rule,За ремесленника и ремесленницу — 12 гривен,641351,Коллектив авторов,"Том 4 (XII век, литература эпохи «Слова о полку Игореве»)",2004,РУССКАЯ ПРАВДА (ПРОСТРАННАЯ РЕДАКЦИЯ) > ПЕРЕВОД,2766,А за ремесленника и за ремесленницу — 12 гривен.,A,c1230,"Пространная Правда — общерусский свод 1113–1132 гг.; действующее светское право, применима к Новгороду ~1230",primary_source,
social_strata_legal_status,смерд,smerd,social_rule,"За смерда и холопа — 5 гривен, за робу — 6 гривен",641351,Коллектив авторов,"Том 4 (XII век, литература эпохи «Слова о полку Игореве»)",2004,РУССКАЯ ПРАВДА (ПРОСТРАННАЯ РЕДАКЦИЯ) > ПЕРЕВОД,2767,"А за смерда и холопа 5 гривен, а за робу — 6 гривен.",A,c1230,"Пространная Правда — общерусский свод 1113–1132 гг.; действующее светское право, применима к Новгороду ~1230",primary_source,
social_strata_legal_status,"кормилец, кормилица",kormilets,social_rule,"За кормильца и кормилицу — 12 гривен, даже если это холоп или роба",641351,Коллектив авторов,"Том 4 (XII век, литература эпохи «Слова о полку Игореве»)",2004,РУССКАЯ ПРАВДА (ПРОСТРАННАЯ РЕДАКЦИЯ) > ПЕРЕВОД,2768,"А за кормильца 12 гривен, столько же и за кормилицу, хотя это будет холоп или роба",A,c1230,"Пространная Правда — общерусский свод 1113–1132 гг.; действующее светское право, применима к Новгороду ~1230",primary_source,
law_justice_governance,свидетели при обвинении в убийстве,svideteli,social_rule,Против недоказанного обвинения в убийстве выставляют 7 свидетелей; для варяга/иноземца — двух,641351,Коллектив авторов,"Том 4 (XII век, литература эпохи «Слова о полку Игореве»)",2004,РУССКАЯ ПРАВДА (ПРОСТРАННАЯ РЕДАКЦИЯ) > ПЕРЕВОД,2769,"то выставить 7 свидетелей, чтобы они отвели обвинение; если же <обвиняемый> варяг или какой иной <иноземец>, то выставить двух свидетелей",A,c1230,"Пространная Правда — общерусский свод 1113–1132 гг.; действующее светское право, применима к Новгороду ~1230",primary_source,
law_justice_governance,неизвестный мертвец,neizvestny mertvets,social_rule,За неопознанного мертвеца вервь виру не платит,641351,Коллектив авторов,"Том 4 (XII век, литература эпохи «Слова о полку Игореве»)",2004,РУССКАЯ ПРАВДА (ПРОСТРАННАЯ РЕДАКЦИЯ) > ПЕРЕВОД,2770,"А за останки и за мертвеца, если не ведомо его имя и он неизвестен, то вервь не платит",A,c1230,"Пространная Правда — общерусский свод 1113–1132 гг.; действующее светское право, применима к Новгороду ~1230",primary_source,
law_justice_governance,испытание железом,ispytanie zhelezom,social_rule,"Если свидетеля не найдут, а истец обвиняет в убийстве, стороны судят испытанием железом",641351,Коллектив авторов,"Том 4 (XII век, литература эпохи «Слова о полку Игореве»)",2004,РУССКАЯ ПРАВДА (ПРОСТРАННАЯ РЕДАКЦИЯ) > ПЕРЕВОД,2772,"Если ищут свидетеля и не найдут, а истец обвиняет в убийстве, то рассудить их испытанием железом",A,c1230,"Пространная Правда — общерусский свод 1113–1132 гг.; действующее светское право, применима к Новгороду ~1230",primary_source,
law_justice_governance,ордалия,ordaliya,social_rule,"Без поличного: иск от полугривны золота — железо, меньше — вода, до двух гривен — судебная клятва",641351,Коллектив авторов,"Том 4 (XII век, литература эпохи «Слова о полку Игореве»)",2004,РУССКАЯ ПРАВДА (ПРОСТРАННАЯ РЕДАКЦИЯ) > ПЕРЕВОД,2773,"если же менее значительный иск, то к испытанию водой; если до двух гривен или менее, то идти ему на судебную клятву в отношение своих кун",A,c1230,"Пространная Правда — общерусский свод 1113–1132 гг.; действующее светское право, применима к Новгороду ~1230",primary_source,
law_justice_governance,удар мечом в ножнах,udar mechom,social_rule,Удар необнажённым мечом или рукоятью — 12 гривен штрафа князю за обиду,641351,Коллектив авторов,"Том 4 (XII век, литература эпохи «Слова о полку Игореве»)",2004,РУССКАЯ ПРАВДА (ПРОСТРАННАЯ РЕДАКЦИЯ) > ПЕРЕВОД,2774,"ударит мечом, не обнажив его, или рукоятью, то 12 гривен штрафа в пользу князя за обиду",A,c1230,"Пространная Правда — общерусский свод 1113–1132 гг.; действующее светское право, применима к Новгороду ~1230",primary_source,
law_justice_governance,обнажение меча,obnazhenie mecha,social_rule,"Вынул меч, но не ударил — гривна кун",641351,Коллектив авторов,"Том 4 (XII век, литература эпохи «Слова о полку Игореве»)",2004,РУССКАЯ ПРАВДА (ПРОСТРАННАЯ РЕДАКЦИЯ) > ПЕРЕВОД,2775,"Если же, вынув меч, не ударит, то гривна кун.",A,c1230,"Пространная Правда — общерусский свод 1113–1132 гг.; действующее светское право, применима к Новгороду ~1230",primary_source,
law_justice_governance,"удар батогом, чашей, рогом",udar batogom,social_rule,"Удар батогом, чашей, рогом или тыльной стороной оружия — 12 гривен",641351,Коллектив авторов,"Том 4 (XII век, литература эпохи «Слова о полку Игореве»)",2004,РУССКАЯ ПРАВДА (ПРОСТРАННАЯ РЕДАКЦИЯ) > ПЕРЕВОД,2776,"Если кто кого ударит батогом, или чашей, или рогом, или тыльной стороной оружия, то 12 гривен",A,c1230,"Пространная Правда — общерусский свод 1113–1132 гг.; действующее светское право, применима к Новгороду ~1230",primary_source,
law_justice_governance,самооборона,samooborona,social_rule,Кто не стерпел и ударил мечом обидчика — невиновен,641351,Коллектив авторов,"Том 4 (XII век, литература эпохи «Слова о полку Игореве»)",2004,РУССКАЯ ПРАВДА (ПРОСТРАННАЯ РЕДАКЦИЯ) > ПЕРЕВОД,2777,"Если кто, не утерпев, ударит мечом того, кто нанес удар, то вины ему в этом нет.",A,c1230,"Пространная Правда — общерусский свод 1113–1132 гг.; действующее светское право, применима к Новгороду ~1230",primary_source,
law_justice_governance,увечье,uvechye,social_rule,"Отсечённая/усохшая рука, нога, повреждённый глаз или нос — полувирье 20 гривен и 10 гривен потерпевшему",641351,Коллектив авторов,"Том 4 (XII век, литература эпохи «Слова о полку Игореве»)",2004,РУССКАЯ ПРАВДА (ПРОСТРАННАЯ РЕДАКЦИЯ) > ПЕРЕВОД,2778,"Если посечет руку, и отпадет рука или усохнет, или нога, или глаз или нос повредит, то полувиры 20 гривен, а пострадавшему за увечье 10 гривен",A,c1230,"Пространная Правда — общерусский свод 1113–1132 гг.; действующее светское право, применима к Новгороду ~1230",primary_source,
law_justice_governance,палец,palets,social_rule,Повреждение пальца — 3 гривны князю и гривна кун пострадавшему,641351,Коллектив авторов,"Том 4 (XII век, литература эпохи «Слова о полку Игореве»)",2004,РУССКАЯ ПРАВДА (ПРОСТРАННАЯ РЕДАКЦИЯ) > ПЕРЕВОД,2779,"Если повредит какой-либо палец — 3 гривны штрафа князю, а пострадавшему гривна кун",A,c1230,"Пространная Правда — общерусский свод 1113–1132 гг.; действующее светское право, применима к Новгороду ~1230",primary_source,
law_justice_governance,побои,poboi,social_rule,Окровавленному/избитому до синяков не нужны свидетели; зачинщик драки платит 60 кун,641351,Коллектив авторов,"Том 4 (XII век, литература эпохи «Слова о полку Игореве»)",2004,РУССКАЯ ПРАВДА (ПРОСТРАННАЯ РЕДАКЦИЯ) > ПЕРЕВОД,2780,"Если придет на <княжеский> двор человек окровавленный или избитый до синяков, то не искать ему свидетелей, а платить ему <виновному> штраф князю 3 гривны",A,c1230,"Пространная Правда — общерусский свод 1113–1132 гг.; действующее светское право, применима к Новгороду ~1230",primary_source,
law_justice_governance,рана,rana,social_rule,Ранение мечом без смерти — 3 гривны князю и гривна пострадавшему на лечение,641351,Коллектив авторов,"Том 4 (XII век, литература эпохи «Слова о полку Игореве»)",2004,РУССКАЯ ПРАВДА (ПРОСТРАННАЯ РЕДАКЦИЯ) > ПЕРЕВОД,2781,"Если <кто> ударит мечом, но не зарубит насмерть, то 3 гривны, а самому <пострадавшему> гривна за рану на лечение, если зарубит насмерть, то платить виру",A,c1230,"Пространная Правда — общерусский свод 1113–1132 гг.; действующее светское право, применима к Новгороду ~1230",primary_source,
law_justice_governance,"толчок, удар по лицу",tolchok,social_rule,"Толчок, удар по лицу или жердью при двух свидетелях — 3 гривны князю; варяг/колбяг идут на клятву",641351,Коллектив авторов,"Том 4 (XII век, литература эпохи «Слова о полку Игореве»)",2004,РУССКАЯ ПРАВДА (ПРОСТРАННАЯ РЕДАКЦИЯ) > ПЕРЕВОД,2782,"Если человек толкнет человека к себе или от себя, или по лицу ударит, или жердью ударит, и представят двух свидетелей, то 3 гривны штрафа князю",A,c1230,"Пространная Правда — общерусский свод 1113–1132 гг.; действующее светское право, применима к Новгороду ~1230",primary_source,
law_justice_governance,укрывательство челядина,ukryvatelstvo,social_rule,"Беглого челядина объявляют на торгу; укрыватель, не вернувший за 3 дня, платит 3 гривны",641351,Коллектив авторов,"Том 4 (XII век, литература эпохи «Слова о полку Игореве»)",2004,РУССКАЯ ПРАВДА (ПРОСТРАННАЯ РЕДАКЦИЯ) > ПЕРЕВОД,2783,"Если челядин скроется, и объявят о нем на торгу, а в течение 3 дней его не вернут",A,c1230,"Пространная Правда — общерусский свод 1113–1132 гг.; действующее светское право, применима к Новгороду ~1230",primary_source,
law_justice_governance,чужой конь,chuzhoy kon,social_rule,Сел на чужого коня без спроса — 3 гривны,641351,Коллектив авторов,"Том 4 (XII век, литература эпохи «Слова о полку Игореве»)",2004,РУССКАЯ ПРАВДА (ПРОСТРАННАЯ РЕДАКЦИЯ) > ПЕРЕВОД,2784,"Если кто сядет на чужого коня без спросу, то 3 гривны.",A,c1230,"Пространная Правда — общерусский свод 1113–1132 гг.; действующее светское право, применима к Новгороду ~1230",primary_source,
law_justice_governance,заклич на торгу,zaklich na torgu,social_rule,"Пропажу (коня, оружие, одежду) объявляют на торгу; опознав её в своём городе, хозяин берёт своё и 3 гривны",641351,Коллектив авторов,"Том 4 (XII век, литература эпохи «Слова о полку Игореве»)",2004,РУССКАЯ ПРАВДА (ПРОСТРАННАЯ РЕДАКЦИЯ) > ПЕРЕВОД,2785,"Если у кого пропадет конь, оружие или одежда и он объявит о том на торгу, а после опознает пропажу в своем городе, то взять ему свое наличием, а за ущерб платить ему 3 гривны",A,c1230,"Пространная Правда — общерусский свод 1113–1132 гг.; действующее светское право, применима к Новгороду ~1230",primary_source,
law_justice_governance,свод,svod,social_rule,"Опознавший свою вещь не забирает её сам, а идёт на свод — цепочку продавцов до вора",641351,Коллектив авторов,"Том 4 (XII век, литература эпохи «Слова о полку Игореве»)",2004,РУССКАЯ ПРАВДА (ПРОСТРАННАЯ РЕДАКЦИЯ) > ПЕРЕВОД,2786,"не говори тому <у кого пропажа обнаружена>: «Это мое», но пойди на свод, где он взял, пусть сойдутся <участники сделки и выяснят>, кто виноват",A,c1230,"Пространная Правда — общерусский свод 1113–1132 гг.; действующее светское право, применима к Новгороду ~1230",primary_source,
law_justice_governance,конокрад,konokrad,social_rule,Конокрада выдают князю на изгнание; вор из клети платит 3 гривны,641351,Коллектив авторов,"Том 4 (XII век, литература эпохи «Слова о полку Игореве»)",2004,РУССКАЯ ПРАВДА (ПРОСТРАННАЯ РЕДАКЦИЯ) > ПЕРЕВОД,2786,"если будет конокрад, то выдать его князю на изгнание; если вор, обокравший клеть, то ему платить 3 гривны",A,c1230,"Пространная Правда — общерусский свод 1113–1132 гг.; действующее светское право, применима к Новгороду ~1230",primary_source,
law_justice_governance,свод,svod,social_rule,"В одном городе свод идёт до конца, по разным землям — до третьего свода",641351,Коллектив авторов,"Том 4 (XII век, литература эпохи «Слова о полку Игореве»)",2004,РУССКАЯ ПРАВДА (ПРОСТРАННАЯ РЕДАКЦИЯ) > ПЕРЕВОД,2787,"Если будет <свод> в одном городе, то идти истцу до конца этого свода; если будет свод по <разным> землям, то идти ему до третьего свода",A,c1230,"Пространная Правда — общерусский свод 1113–1132 гг.; действующее светское право, применима к Новгороду ~1230",primary_source,
law_justice_governance,покупка краденого на торгу,pokupka kradenogo,social_rule,Купивший краденое на торгу выводит двух свободных свидетелей или мытника,641351,Коллектив авторов,"Том 4 (XII век, литература эпохи «Слова о полку Игореве»)",2004,РУССКАЯ ПРАВДА (ПРОСТРАННАЯ РЕДАКЦИЯ) > ПЕРЕВОД,2788,"Если <кто> купил что-либо ворованное на торгу, или коня, или одежду, или скотину, то пусть он выведет свидетелями двух свободных человек или сборщика торговых пошлин",A,c1230,"Пространная Правда — общерусский свод 1113–1132 гг.; действующее светское право, применима к Новгороду ~1230",primary_source,
social_strata_legal_status,челядин,chelyadin,social_rule,"Кража челядина — 12 гривен штрафа князю; челядин «не скот», по его показаниям идут до конца свода",641351,Коллектив авторов,"Том 4 (XII век, литература эпохи «Слова о полку Игореве»)",2004,РУССКАЯ ПРАВДА (ПРОСТРАННАЯ РЕДАКЦИЯ) > ПЕРЕВОД,2789,"потому что он не скот, нельзя ему говорить: «Не знаю, у кого я куплен»",A,c1230,"Пространная Правда — общерусский свод 1113–1132 гг.; действующее светское право, применима к Новгороду ~1230",primary_source,
law_justice_governance,вор у клети,vor u kleti,social_rule,Вора можно убить на месте «как собаку»; если продержали до рассвета — вести на княжий двор; убийство связанного — 12 гривен,641351,Коллектив авторов,"Том 4 (XII век, литература эпохи «Слова о полку Игореве»)",2004,РУССКАЯ ПРАВДА (ПРОСТРАННАЯ РЕДАКЦИЯ) > ПЕРЕВОД,2791,"если же убьют его, а люди видели его уже связанным, то платить за него 12 гривен",A,c1230,"Пространная Правда — общерусский свод 1113–1132 гг.; действующее светское право, применима к Новгороду ~1230",primary_source,
law_justice_governance,кража скота из хлева,krazha skota,social_rule,Кража скота из хлева или клети — 3 гривны 30 кун с каждого вора,641351,Коллектив авторов,"Том 4 (XII век, литература эпохи «Слова о полку Игореве»)",2004,РУССКАЯ ПРАВДА (ПРОСТРАННАЯ РЕДАКЦИЯ) > ПЕРЕВОД,2792,"Если кто крадет скот в хлеве или клеть, то если один <крал>, то платить ему 3 гривны и 30 кун; если же их много <крало>, то всем платить по 3 гривны и по 30 кун",A,c1230,"Пространная Правда — общерусский свод 1113–1132 гг.; действующее светское право, применима к Новгороду ~1230",primary_source,
law_justice_governance,кража скота в поле,krazha v pole,social_rule,"Кража скота в поле (овец, коз, свиней) — 60 кун с каждого",641351,Коллектив авторов,"Том 4 (XII век, литература эпохи «Слова о полку Игореве»)",2004,РУССКАЯ ПРАВДА (ПРОСТРАННАЯ РЕДАКЦИЯ) > ПЕРЕВОД,2793,"Если крадет скот в поле, или овец, или коз, или свиней, то 60 кун; если воров будет много, то всем по 60 кун",A,c1230,"Пространная Правда — общерусский свод 1113–1132 гг.; действующее светское право, применима к Новгороду ~1230",primary_source,
law_justice_governance,кража на гумне,krazha na gumne,social_rule,Кража на гумне или зерна из ямы — по 3 гривны 30 кун,641351,Коллектив авторов,"Том 4 (XII век, литература эпохи «Слова о полку Игореве»)",2004,РУССКАЯ ПРАВДА (ПРОСТРАННАЯ РЕДАКЦИЯ) > ПЕРЕВОД,2794,"Если крадет на гумне или зерно в яме, то сколько их крало, всем по 3 гривны и по 30 кун",A,c1230,"Пространная Правда — общерусский свод 1113–1132 гг.; действующее светское право, применима к Новгороду ~1230",primary_source,
law_justice_governance,урок за скот,urok za skot,price,"Урок (возмещение) за скот: кобыла 60 кун, вол гривна, корова 40 кун, свинья 5 кун, овца 5 кун",641351,Коллектив авторов,"Том 4 (XII век, литература эпохи «Слова о полку Игореве»)",2004,РУССКАЯ ПРАВДА (ПРОСТРАННАЯ РЕДАКЦИЯ) > ПЕРЕВОД,2797,"За кобылу — 60 кун, а за вола — гривна, а за корову — 40 кун, а за трехлетку — 30 кун, за годовалого — полгривны, за теленка — 5 кун, за свинью — 5 кун, а за поросенка — ногата, за овцу — 5 кун",A,c1230,"Пространная Правда — общерусский свод 1113–1132 гг.; действующее светское право, применима к Новгороду ~1230",primary_source,
social_strata_legal_status,холоп,kholop,social_rule,"Холопов-воров князь продажей не наказывает, «потому что они несвободны»; господин платит истцу вдвое",641351,Коллектив авторов,"Том 4 (XII век, литература эпохи «Слова о полку Игореве»)",2004,РУССКАЯ ПРАВДА (ПРОСТРАННАЯ РЕДАКЦИЯ) > ПЕРЕВОД,2798,"то их князь штрафом не наказывает, потому что они несвободны, но пусть вдвойне платит <их господин > истцу за ущерб",A,c1230,"Пространная Правда — общерусский свод 1113–1132 гг.; действующее светское право, применима к Новгороду ~1230",primary_source,
law_justice_governance,долг,dolg,social_rule,Долг взыскивают при свидетелях на судебной клятве; за многолетнюю задержку — 3 гривны,641351,Коллектив авторов,"Том 4 (XII век, литература эпохи «Слова о полку Игореве»)",2004,РУССКАЯ ПРАВДА (ПРОСТРАННАЯ РЕДАКЦИЯ) > ПЕРЕВОД,2799,"а поскольку <ответчик> не отдавал ему деньги в течение многих лет, то заплатить ему за ущерб 3 гривны",A,c1230,"Пространная Правда — общерусский свод 1113–1132 гг.; действующее светское право, применима к Новгороду ~1230",primary_source,
social_strata_legal_status,купец,kupets,social_rule,"Купцу, давшему деньги купцу на торговлю, свидетели не нужны — достаточно его клятвы",641351,Коллектив авторов,"Том 4 (XII век, литература эпохи «Слова о полку Игореве»)",2004,РУССКАЯ ПРАВДА (ПРОСТРАННАЯ РЕДАКЦИЯ) > ПЕРЕВОД,2800,"то купцу не нужно предъявлять деньги перед свидетелями, свидетели ему <на суде> не нужны, но идти ему самому на судебную клятву, если <ответчик> станет запираться",A,c1230,"Пространная Правда — общерусский свод 1113–1132 гг.; действующее светское право, применима к Новгороду ~1230",primary_source,
law_justice_governance,поклажа,poklazha,social_rule,Для поклажи (товара на хранении) свидетель не нужен; при споре клянётся хранитель,641351,Коллектив авторов,"Том 4 (XII век, литература эпохи «Слова о полку Игореве»)",2004,РУССКАЯ ПРАВДА (ПРОСТРАННАЯ РЕДАКЦИЯ) > ПЕРЕВОД,2801,"Если кто кладет товар на хранение у кого-либо, то здесь свидетель не нужен",A,c1230,"Пространная Правда — общерусский свод 1113–1132 гг.; действующее светское право, применима к Новгороду ~1230",primary_source,
law_justice_governance,рез (проценты),rez,social_rule,"Заём под проценты (деньги, мёд, зерно) требует свидетелей",641351,Коллектив авторов,"Том 4 (XII век, литература эпохи «Слова о полку Игореве»)",2004,РУССКАЯ ПРАВДА (ПРОСТРАННАЯ РЕДАКЦИЯ) > ПЕРЕВОД,2802,"Если кто дает деньги под проценты, или мед с возвратом в увеличенном количестве, или зерно с возвратом с надбавкой, то следует ему представить свидетелей: как договаривались, так ему и получить",A,c1230,"Пространная Правда — общерусский свод 1113–1132 гг.; действующее светское право, применима к Новгороду ~1230",primary_source,
law_justice_governance,долг без свидетелей,dolg bez svideteley,social_rule,"Без свидетелей иск до 3 гривен — клятва; больше — «сам виноват, что давал без свидетелей»",641351,Коллектив авторов,"Том 4 (XII век, литература эпохи «Слова о полку Игореве»)",2004,РУССКАЯ ПРАВДА (ПРОСТРАННАЯ РЕДАКЦИЯ) > ПЕРЕВОД,2804,"если же <долг составил > большую сумму, то сказать ему так: «Сам виноват, что давал в долг без свидетелей",A,c1230,"Пространная Правда — общерусский свод 1113–1132 гг.; действующее светское право, применима к Новгороду ~1230",primary_source,
law_justice_governance,устав о резах,ustav o rezakh,social_rule,Устав Мономаха: при займе «в треть» после двукратной уплаты процентов взыскивается и долг; после трёхкратной — самого долга не брать,641351,Коллектив авторов,"Том 4 (XII век, литература эпохи «Слова о полку Игореве»)",2004,РУССКАЯ ПРАВДА (ПРОСТРАННАЯ РЕДАКЦИЯ) > ПЕРЕВОД,2805,"если он возьмет проценты трижды, то <самого> долга ему не брать",A,c1230,"Пространная Правда — общерусский свод 1113–1132 гг.; действующее светское право, применима к Новгороду ~1230",primary_source,
law_justice_governance,устав о резах,ustav o rezakh,social_rule,Устав Мономаха: рост 10 кун на гривну в год не запрещён,641351,Коллектив авторов,"Том 4 (XII век, литература эпохи «Слова о полку Игореве»)",2004,РУССКАЯ ПРАВДА (ПРОСТРАННАЯ РЕДАКЦИЯ) > ПЕРЕВОД,2806,"Если кто взимает по 10 кун на гривну за год, то этого не запрещать.",A,c1230,"Пространная Правда — общерусский свод 1113–1132 гг.; действующее светское право, применима к Новгороду ~1230",primary_source,
social_strata_legal_status,купец-должник,kupets dolzhnik,social_rule,"Купца, потерпевшего кораблекрушение, нападение или пожар, не продают — платит по годам; пропившегося могут продать",641351,Коллектив авторов,"Том 4 (XII век, литература эпохи «Слова о полку Игореве»)",2004,РУССКАЯ ПРАВДА (ПРОСТРАННАЯ РЕДАКЦИЯ) > ПЕРЕВОД,2807,"то не творить над ним насилия, не продавать его; но если он станет погодно выплачивать долг, то пусть так и платит, ибо эта погуба от Бога, а он не виноват",A,c1230,"Пространная Правда — общерусский свод 1113–1132 гг.; действующее светское право, применима к Новгороду ~1230",primary_source,
social_strata_legal_status,гость,gost,social_rule,"При несостоятельности должника его продают с имуществом, и первым получает деньги иногородний/иноземный купец",641351,Коллектив авторов,"Том 4 (XII век, литература эпохи «Слова о полку Игореве»)",2004,РУССКАЯ ПРАВДА (ПРОСТРАННАЯ РЕДАКЦИЯ) > ПЕРЕВОД,2808,"вести его на торг, продать <его> вместе с имуществом, и в первую очередь отдать деньги чужому купцу",A,c1230,"Пространная Правда — общерусский свод 1113–1132 гг.; действующее светское право, применима к Новгороду ~1230",primary_source,
social_strata_legal_status,закуп,zakup,social_rule,Бежавший закуп становится полным холопом; ушедший открыто или к князю с жалобой на господина — нет,641351,Коллектив авторов,"Том 4 (XII век, литература эпохи «Слова о полку Игореве»)",2004,РУССКАЯ ПРАВДА (ПРОСТРАННАЯ РЕДАКЦИЯ) > ПЕРЕВОД,2809,"Если закуп бежит от господина, то становится полным <холопом >",A,c1230,"Пространная Правда — общерусский свод 1113–1132 гг.; действующее светское право, применима к Новгороду ~1230",primary_source,
social_strata_legal_status,ролейный закуп,roleyny zakup,social_rule,"Пашенный закуп отвечает за погубленные господские плуг и борону, но не за своего коня",641351,Коллектив авторов,"Том 4 (XII век, литература эпохи «Слова о полку Игореве»)",2004,РУССКАЯ ПРАВДА (ПРОСТРАННАЯ РЕДАКЦИЯ) > ПЕРЕВОД,2810,"Если у господина пашенный закуп, а он погубит своего коня, то <господину> не надо платить ему, но если господин дал ему плуг и борону и от него же взимает купу, то, погубив их, он платит",A,c1230,"Пространная Правда — общерусский свод 1113–1132 гг.; действующее светское право, применима к Новгороду ~1230",primary_source,
social_strata_legal_status,закуп,zakup,social_rule,"Господин, обидевший закупа или взявший лишнее, возмещает ущерб и платит 60 кун",641351,Коллектив авторов,"Том 4 (XII век, литература эпохи «Слова о полку Игореве»)",2004,РУССКАЯ ПРАВДА (ПРОСТРАННАЯ РЕДАКЦИЯ) > ПЕРЕВОД,2812,"Если господин нанесет ущерб закупу, причинит вред его купе или личной собственности, то это все ему возместить, а за ущерб ему платить 60 кун",A,c1230,"Пространная Правда — общерусский свод 1113–1132 гг.; действующее светское право, применима к Новгороду ~1230",primary_source,
social_strata_legal_status,закуп,zakup,social_rule,Продажа закупа в полные холопы освобождает его от долга; господину 12 гривен штрафа,641351,Коллектив авторов,"Том 4 (XII век, литература эпохи «Слова о полку Игореве»)",2004,РУССКАЯ ПРАВДА (ПРОСТРАННАЯ РЕДАКЦИЯ) > ПЕРЕВОД,2814,"Если господин продаст закупа в полные холопы, то должнику под проценты свобода во всех <взятых в долг> деньгах, а господину за обиду платить 12 гривен штрафа князю",A,c1230,"Пространная Правда — общерусский свод 1113–1132 гг.; действующее светское право, применима к Новгороду ~1230",primary_source,
social_strata_legal_status,закуп,zakup,social_rule,Господин вправе бить закупа «за дело»; бил пьяным и без вины — платит как за свободного,641351,Коллектив авторов,"Том 4 (XII век, литература эпохи «Слова о полку Игореве»)",2004,РУССКАЯ ПРАВДА (ПРОСТРАННАЯ РЕДАКЦИЯ) > ПЕРЕВОД,2815,"Если господин бьет закупа за дело, то он не виновен; если он бьет не соображая, пьяным и без вины, то следует платить <штраф князю> как и за свободного, так и за закупа",A,c1230,"Пространная Правда — общерусский свод 1113–1132 гг.; действующее светское право, применима к Новгороду ~1230",primary_source,
social_strata_legal_status,закуп,zakup,social_rule,"Закупа, уличённого в краже, господин может сделать полным холопом, заплатив за украденное",641351,Коллектив авторов,"Том 4 (XII век, литература эпохи «Слова о полку Игореве»)",2004,РУССКАЯ ПРАВДА (ПРОСТРАННАЯ РЕДАКЦИЯ) > ПЕРЕВОД,2817,"Если закуп украдет что-либо, то господин <волен> в нем; но если где-нибудь его найдут, то господин должен прежде всего заплатить за его коня или иное, что он взял, а его <закупа> делает полным холопом",A,c1230,"Пространная Правда — общерусский свод 1113–1132 гг.; действующее светское право, применима к Новгороду ~1230",primary_source,
social_strata_legal_status,холоп,kholop,social_rule,"Холоп, ударивший свободного, по постановлению сыновей Ярослава: бить его или взять гривну кун за оскорбление",641351,Коллектив авторов,"Том 4 (XII век, литература эпохи «Слова о полку Игореве»)",2004,РУССКАЯ ПРАВДА (ПРОСТРАННАЯ РЕДАКЦИЯ) > ПЕРЕВОД,2818,"но сыновья после смерти отца постановили выкуп деньгами, либо бить его, развязав, либо взять гривну кун за оскорбление",A,c1230,"Пространная Правда — общерусский свод 1113–1132 гг.; действующее светское право, применима к Новгороду ~1230",primary_source,
social_strata_legal_status,холоп,kholop,social_rule,Свидетельство на холопа не возлагают; при нужде — на боярского тиуна,641351,Коллектив авторов,"Том 4 (XII век, литература эпохи «Слова о полку Игореве»)",2004,РУССКАЯ ПРАВДА (ПРОСТРАННАЯ РЕДАКЦИЯ) > ПЕРЕВОД,2819,"А свидетельства на холопа не возлагают; но если не будет свободного, то по необходимости возложить на боярского тиуна, а на других холопов не возлагать",A,c1230,"Пространная Правда — общерусский свод 1113–1132 гг.; действующее светское право, применима к Новгороду ~1230",primary_source,
social_strata_legal_status,закуп,zakup,social_rule,В малом иске свидетельство по необходимости допускают от закупа,641351,Коллектив авторов,"Том 4 (XII век, литература эпохи «Слова о полку Игореве»)",2004,РУССКАЯ ПРАВДА (ПРОСТРАННАЯ РЕДАКЦИЯ) > ПЕРЕВОД,2820,А в малом иске по необходимости возложить свидетельство на закупа.,A,c1230,"Пространная Правда — общерусский свод 1113–1132 гг.; действующее светское право, применима к Новгороду ~1230",primary_source,
law_justice_governance,борода,boroda,social_rule,Повреждение бороды при следах и свидетелях — 12 гривен князю,641351,Коллектив авторов,"Том 4 (XII век, литература эпохи «Слова о полку Игореве»)",2004,РУССКАЯ ПРАВДА (ПРОСТРАННАЯ РЕДАКЦИЯ) > ПЕРЕВОД,2821,"А кто повредит бороду и останутся следы этого и будут свидетели, то 12 гривен штрафа князю",A,c1230,"Пространная Правда — общерусский свод 1113–1132 гг.; действующее светское право, применима к Новгороду ~1230",primary_source,
law_justice_governance,выбитый зуб,vybity zub,social_rule,"Выбитый зуб (кровь во рту, свидетели) — 12 гривен князю и гривна пострадавшему",641351,Коллектив авторов,"Том 4 (XII век, литература эпохи «Слова о полку Игореве»)",2004,РУССКАЯ ПРАВДА (ПРОСТРАННАЯ РЕДАКЦИЯ) > ПЕРЕВОД,2822,"Если выбьют зуб и кровь видят у него <пострадавшего> во рту, и будут свидетели, то 12 гривен штрафа князю, а за зуб гривна",A,c1230,"Пространная Правда — общерусский свод 1113–1132 гг.; действующее светское право, применима к Новгороду ~1230",primary_source,
law_justice_governance,бобровый гон,bobr,social_rule,Кража бобра — 12 гривен; при следах лова вервь ищет вора или платит продажу,641351,Коллектив авторов,"Том 4 (XII век, литература эпохи «Слова о полку Игореве»)",2004,РУССКАЯ ПРАВДА (ПРОСТРАННАЯ РЕДАКЦИЯ) > ПЕРЕВОД,2823,"Если кто украдет бобра, то 12 гривен.",A,c1230,"Пространная Правда — общерусский свод 1113–1132 гг.; действующее светское право, применима к Новгороду ~1230",primary_source,
law_justice_governance,межа,mezha,social_rule,"Порубка бортной межи, перепашка межи, перегородка дворовой межи — 12 гривен князю",641351,Коллектив авторов,"Том 4 (XII век, литература эпохи «Слова о полку Игореве»)",2004,РУССКАЯ ПРАВДА (ПРОСТРАННАЯ РЕДАКЦИЯ) > ПЕРЕВОД,2826,"Если межу порубит бортную или пашенную распашет или забором перегородит дворовую межу, то 12 гривен штрафа князю",A,c1230,"Пространная Правда — общерусский свод 1113–1132 гг.; действующее светское право, применима к Новгороду ~1230",primary_source,
law_justice_governance,след,sled,social_rule,"Вора ищут по следу; село, не отведшее от себя след, платит украденное и продажу",641351,Коллектив авторов,"Том 4 (XII век, литература эпохи «Слова о полку Игореве»)",2004,РУССКАЯ ПРАВДА (ПРОСТРАННАЯ РЕДАКЦИЯ) > ПЕРЕВОД,2831,"если след будет к селу или к торговому стану, а люди не отведут от себя следа, не поедут вести расследование или силой откажутся, то им платить украденное и штраф князю",A,c1230,"Пространная Правда — общерусский свод 1113–1132 гг.; действующее светское право, применима к Новгороду ~1230",primary_source,
social_strata_legal_status,смерд,smerd,social_rule,Мука смерда без княжого повеления — 3 гривны; мука огнищанина — 12 гривен,641351,Коллектив авторов,"Том 4 (XII век, литература эпохи «Слова о полку Игореве»)",2004,РУССКАЯ ПРАВДА (ПРОСТРАННАЯ РЕДАКЦИЯ) > ПЕРЕВОД,2832,"Если смерд мучает смерда без княжеского повеления, то 3 гривны штрафа князю, а за муку <пострадавшему> гривна",A,c1230,"Пространная Правда — общерусский свод 1113–1132 гг.; действующее светское право, применима к Новгороду ~1230",primary_source,
law_justice_governance,кража ладьи,krazha ladi,price,"Кража ладьи — 60 кун князю; морская ладья 3 гривны, набойная 2, челн 20 кун, струг гривна",641351,Коллектив авторов,"Том 4 (XII век, литература эпохи «Слова о полку Игореве»)",2004,РУССКАЯ ПРАВДА (ПРОСТРАННАЯ РЕДАКЦИЯ) > ПЕРЕВОД,2833,"Если кто украдет ладью, то 60 кун штрафа князю, а саму эту ладью вернуть; а за морскую ладью — 3 гривны, а за набойную ладью — 2 гривны, за челн — 20 кун, а за струг — гривна",A,c1230,"Пространная Правда — общерусский свод 1113–1132 гг.; действующее светское право, применима к Новгороду ~1230",primary_source,
law_justice_governance,поджог,podzhog,social_rule,Поджигателя гумна или двора — на поток и разграбление после возмещения; имущество конфискует князь,641351,Коллектив авторов,"Том 4 (XII век, литература эпохи «Слова о полку Игореве»)",2004,РУССКАЯ ПРАВДА (ПРОСТРАННАЯ РЕДАКЦИЯ) > ПЕРЕВОД,2837,"Если кто подожжет гумно, то на изгнание и разграбление весь его дом, но сначала он должен выплатить за погубленное, а остальное его хозяйство князь конфискует",A,c1230,"Пространная Правда — общерусский свод 1113–1132 гг.; действующее светское право, применима к Новгороду ~1230",primary_source,
law_justice_governance,послушество холопа,slovo kholopa,social_rule,"Тяжбы судят при свободных свидетелях; холоп на суд не является, но по его словам можно звать к железу",641351,Коллектив авторов,"Том 4 (XII век, литература эпохи «Слова о полку Игореве»)",2004,РУССКАЯ ПРАВДА (ПРОСТРАННАЯ РЕДАКЦИЯ) > ПЕРЕВОД,2839,"Эти все тяжбы судят при свободных свидетелях; если будет свидетель холопом, то холопу на суд не являться",A,c1230,"Пространная Правда — общерусский свод 1113–1132 гг.; действующее светское право, применима к Новгороду ~1230",primary_source,
social_strata_legal_status,мечник,mechnik,price,"Пошлины при испытании железом: 40 кун, мечнику 5 кун, детскому полгривны",641351,Коллектив авторов,"Том 4 (XII век, литература эпохи «Слова о полку Игореве»)",2004,РУССКАЯ ПРАВДА (ПРОСТРАННАЯ РЕДАКЦИЯ) > ПЕРЕВОД,2840,"А при испытании железом платить <в суд> 40 кун, а мечнику 5 кун, а детскому полгривны",A,c1230,"Пространная Правда — общерусский свод 1113–1132 гг.; действующее светское право, применима к Новгороду ~1230",primary_source,
social_strata_legal_status,женщина,zhenshchina,social_rule,Убийство женщины судят как убийство мужчины; если убитая виновна — полвиры 20 гривен,641351,Коллектив авторов,"Том 4 (XII век, литература эпохи «Слова о полку Игореве»)",2004,РУССКАЯ ПРАВДА (ПРОСТРАННАЯ РЕДАКЦИЯ) > ПЕРЕВОД,2842,"Если кто убьет женщину, то судить, таким же судом, что и за убийство мужчины; если же <убитый>будет виноват, то платить полвиры 20 гривен",A,c1230,"Пространная Правда — общерусский свод 1113–1132 гг.; действующее светское право, применима к Новгороду ~1230; толкование «полвиры» спорно",primary_source,
social_strata_legal_status,холоп,kholop,social_rule,За убийство холопа или робы виры нет; за убитого без вины — урок господину и 12 гривен князю,641351,Коллектив авторов,"Том 4 (XII век, литература эпохи «Слова о полку Игореве»)",2004,РУССКАЯ ПРАВДА (ПРОСТРАННАЯ РЕДАКЦИЯ) > ПЕРЕВОД,2843,"А за убийство холопа или робы виру не платят; но если кто-нибудь из них будет убит без вины, то за холопа или за робу платят назначенные судом деньги, а князю 12 гривен штрафа",A,c1230,"Пространная Правда — общерусский свод 1113–1132 гг.; действующее светское право, применима к Новгороду ~1230",primary_source,
social_strata_legal_status,смерд,smerd,social_rule,Наследство смерда без сыновей идёт князю; незамужним дочерям выделяют часть,641351,Коллектив авторов,"Том 4 (XII век, литература эпохи «Слова о полку Игореве»)",2004,РУССКАЯ ПРАВДА (ПРОСТРАННАЯ РЕДАКЦИЯ) > ПЕРЕВОД,2844,"Если смерд умрет, то наследство князю; если будут у него дома дочери, то выделить им часть <наследства>; если они будут замужем, то части им не давать",A,c1230,"Пространная Правда — общерусский свод 1113–1132 гг.; действующее светское право, применима к Новгороду ~1230; в Новгороде власть над смердами у города (Вернадский)",primary_source,
social_strata_legal_status,"боярин, дружинник",boyarin,social_rule,Наследство боярина и дружинника князю не отходит; без сыновей наследуют дочери,641351,Коллектив авторов,"Том 4 (XII век, литература эпохи «Слова о полку Игореве»)",2004,РУССКАЯ ПРАВДА (ПРОСТРАННАЯ РЕДАКЦИЯ) > ПЕРЕВОД,2845,"Если умрет боярин или дружинник, то наследство князю не отходит; а если не будет сыновей, то возьмут дочери",A,c1230,"Пространная Правда — общерусский свод 1113–1132 гг.; действующее светское право, применима к Новгороду ~1230",primary_source,
social_strata_legal_status,вдова,vdova,social_rule,"Вдова — госпожа того, что завещал муж, но наследницей мужа не является",641351,Коллектив авторов,"Том 4 (XII век, литература эпохи «Слова о полку Игореве»)",2004,РУССКАЯ ПРАВДА (ПРОСТРАННАЯ РЕДАКЦИЯ) > ПЕРЕВОД,2847,"а что ей завещал муж, тому она госпожа, а наследство мужа ей не следует",A,c1230,"Пространная Правда — общерусский свод 1113–1132 гг.; действующее светское право, применима к Новгороду ~1230",primary_source,
social_strata_legal_status,сестра,sestra,social_rule,Сестра при братьях отцовского наследства не берёт; братья выдают её замуж,641351,Коллектив авторов,"Том 4 (XII век, литература эпохи «Слова о полку Игореве»)",2004,РУССКАЯ ПРАВДА (ПРОСТРАННАЯ РЕДАКЦИЯ) > ПЕРЕВОД,2849,"Если в доме будет сестра, то ей <отцовского> наследства не брать, но братьям следует отдать ее замуж, как они смогут",A,c1230,"Пространная Правда — общерусский свод 1113–1132 гг.; действующее светское право, применима к Новгороду ~1230",primary_source,
social_strata_legal_status,дети от робы,deti ot roby,social_rule,"Дети от робы не наследуют, но получают свободу вместе с матерью",641351,Коллектив авторов,"Том 4 (XII век, литература эпохи «Слова о полку Игореве»)",2004,РУССКАЯ ПРАВДА (ПРОСТРАННАЯ РЕДАКЦИЯ) > ПЕРЕВОД,2852,"Если были у человека дети от робы, то наследства им не иметь, но предоставить свободу им с матерью",A,c1230,"Пространная Правда — общерусский свод 1113–1132 гг.; действующее светское право, применима к Новгороду ~1230",primary_source,
social_strata_legal_status,младший сын,mladshiy syn,social_rule,Отчий двор без раздела всегда достаётся младшему сыну,641351,Коллектив авторов,"Том 4 (XII век, литература эпохи «Слова о полку Игореве»)",2004,РУССКАЯ ПРАВДА (ПРОСТРАННАЯ РЕДАКЦИЯ) > ПЕРЕВОД,2854,А отчий двор без раздела всегда младшему сыну.,A,c1230,"Пространная Правда — общерусский свод 1113–1132 гг.; действующее светское право, применима к Новгороду ~1230",primary_source,
social_strata_legal_status,мать-вдова,mat vdova,social_rule,"Мать может отдать своё имущество доброму к ней сыну, а если все плохи — дочери, которая её кормит",641351,Коллектив авторов,"Том 4 (XII век, литература эпохи «Слова о полку Игореве»)",2004,РУССКАЯ ПРАВДА (ПРОСТРАННАЯ РЕДАКЦИЯ) > ПЕРЕВОД,2860,"если же все сыновья будут к ней плохи, то она может отдать <имущество> дочери, которая ее кормит",A,c1230,"Пространная Правда — общерусский свод 1113–1132 гг.; действующее светское право, применима к Новгороду ~1230",primary_source,
law_justice_governance,судебные пошлины,sudebnye poshliny,price,"Пошлины: от виры 9 кун, метельнику 9 векш, от бортной тяжбы 30 кун, от прочих по 4 куны",641351,Коллектив авторов,"Том 4 (XII век, литература эпохи «Слова о полку Игореве»)",2004,РУССКАЯ ПРАВДА (ПРОСТРАННАЯ РЕДАКЦИЯ) > ПЕРЕВОД,2861,"от виры — 9 кун, а метельнику — 9 векш, а от <тяжбы> о бортном участке — 30 кун, а от всех иных тяжб, кому помогут <судебные исполнители> — по 4 куны, а метельнику — 6 векш",A,c1230,"Пространная Правда — общерусский свод 1113–1132 гг.; действующее светское право, применима к Новгороду ~1230",primary_source,
social_strata_legal_status,детский,detskiy,price,"Детскому, делящему наследство братьев перед князем, — гривна кун",641351,Коллектив авторов,"Том 4 (XII век, литература эпохи «Слова о полку Игореве»)",2004,РУССКАЯ ПРАВДА (ПРОСТРАННАЯ РЕДАКЦИЯ) > ПЕРЕВОД,2862,"то детскому, который идет их делить, взять гривну кун",A,c1230,"Пространная Правда — общерусский свод 1113–1132 гг.; действующее светское право, применима к Новгороду ~1230",primary_source,
social_strata_legal_status,обельный холоп,obelny kholop,social_rule,"Три вида полного холопства: самопродажа при свидетелях, женитьба на робе без ряда, служба тиуном/ключником без ряда",641351,Коллектив авторов,"Том 4 (XII век, литература эпохи «Слова о полку Игореве»)",2004,РУССКАЯ ПРАВДА (ПРОСТРАННАЯ РЕДАКЦИЯ) > ПЕРЕВОД,2864,"Полное холопство трех видов: если кто купит хотя бы до полугривны, представит свидетелей и ногату даст перед самим холопом",A,c1230,"Пространная Правда — общерусский свод 1113–1132 гг.; действующее светское право, применима к Новгороду ~1230",primary_source,
social_strata_legal_status,вдач,vdach,social_rule,"За дачу, хлеб или придаток в холопы не обращают; не отработавший срок возвращает полученное",641351,Коллектив авторов,"Том 4 (XII век, литература эпохи «Слова о полку Игореве»)",2004,РУССКАЯ ПРАВДА (ПРОСТРАННАЯ РЕДАКЦИЯ) > ПЕРЕВОД,2865,"А за дачу не холоп, ни за хлеб не превращают в холопы",A,c1230,"Пространная Правда — общерусский свод 1113–1132 гг.; действующее светское право, применима к Новгороду ~1230",primary_source,
social_strata_legal_status,беглый холоп,begly kholop,social_rule,"Давший хлеба или указавший путь беглому холопу платит за холопа 5 гривен, за робу 6",641351,Коллектив авторов,"Том 4 (XII век, литература эпохи «Слова о полку Игореве»)",2004,РУССКАЯ ПРАВДА (ПРОСТРАННАЯ РЕДАКЦИЯ) > ПЕРЕВОД,2866,"Если холоп бежит, а господин объявит об этом, если кто, услышав об этом или зная о том, что он холоп, даст ему хлеба или укажет ему путь, то платить ему за холопа 5 гривен, а за робу 6 гривен",A,c1230,"Пространная Правда — общерусский свод 1113–1132 гг.; действующее светское право, применима к Новгороду ~1230",primary_source,
social_strata_legal_status,беглый холоп,begly kholop,price,Поймавшему чужого холопа — гривна за поимку; упустил — платит 4 гривны,641351,Коллектив авторов,"Том 4 (XII век, литература эпохи «Слова о полку Игореве»)",2004,РУССКАЯ ПРАВДА (ПРОСТРАННАЯ РЕДАКЦИЯ) > ПЕРЕВОД,2867,"Если кто поймает чужого холопа и даст знать его господину, то получить ему за поимку гривну; если не устережет его, то платить ему 4 гривны",A,c1230,"Пространная Правда — общерусский свод 1113–1132 гг.; действующее светское право, применима к Новгороду ~1230",primary_source,
social_strata_legal_status,посадник,posadnik,social_rule,"Господин, нашедший своего холопа в чужом городе, берёт у посадника отрока и платит вязебное 10 кун",641351,Коллектив авторов,"Том 4 (XII век, литература эпохи «Слова о полку Игореве»)",2004,РУССКАЯ ПРАВДА (ПРОСТРАННАЯ РЕДАКЦИЯ) > ПЕРЕВОД,2868,"следует взять у посадника отрока, пойти и связать этого холопа и дать отроку вязебную пошлину в 10 кун",A,c1230,"Пространная Правда — общерусский свод 1113–1132 гг.; действующее светское право, применима к Новгороду ~1230",primary_source,
social_strata_legal_status,холоп-торговец,kholop torgovets,social_rule,"Господин, пустивший холопа в торговлю, выкупает его долги и не лишается его",641351,Коллектив авторов,"Том 4 (XII век, литература эпохи «Слова о полку Игореве»)",2004,РУССКАЯ ПРАВДА (ПРОСТРАННАЯ РЕДАКЦИЯ) > ПЕРЕВОД,2871,"Если кто пустит своего холопа в торговые дела, а тот одолжает, то господину следует выкупить его и не лишаться его",A,c1230,"Пространная Правда — общерусский свод 1113–1132 гг.; действующее светское право, применима к Новгороду ~1230",primary_source,
social_strata_legal_status,холоп,kholop,social_rule,"Холоп-вор: господин выкупает или выдаёт его; жена и дети не отвечают, если не участвовали",641351,Коллектив авторов,"Том 4 (XII век, литература эпохи «Слова о полку Игореве»)",2004,РУССКАЯ ПРАВДА (ПРОСТРАННАЯ РЕДАКЦИЯ) > ПЕРЕВОД,2875,"Если холоп обкрадет кого-либо, то господину его выкупать или выдать с тем, с кем он крал, а жене и детям <отвечать> не надо",A,c1230,"Пространная Правда — общерусский свод 1113–1132 гг.; действующее светское право, применима к Новгороду ~1230",primary_source,
law_justice_governance,Пространная Правда,prostrannaya pravda,dating,"ПП издана, вероятно, при Мономахе или Мстиславе (1113–1132) и долго служила источником светского права",641351,Коллектив авторов,"Том 4 (XII век, литература эпохи «Слова о полку Игореве»)",2004,РУССКАЯ ПРАВДА (ПРОСТРАННАЯ РЕДАКЦИЯ) > КОММЕНТАРИЙ,2877,"Выполнен был этот свод так удачно, что до конца XV в. он использовался в качестве источника светского права",B,c1230,комментарий издателя (Свердлов),primary_source,
law_justice_governance,Краткая Правда,kratkaya pravda,social_rule,В Правде Ярослава в перечне лиц с вирой 40 гривен есть ябетник и словенин,641351,Коллектив авторов,"Том 4 (XII век, литература эпохи «Слова о полку Игореве»)",2004,РУССКАЯ ПРАВДА (КРАТКАЯ РЕДАКЦИЯ) > ПЕРЕВОД,2570,"если это будет русин, или гридин, или купец, или ябетник, или мечник, или изгой, или словении, то назначить за него 40 гривен",A,medieval_general,Краткая Правда XI в. (сохранилась в Новгородской I летописи); в XIII в. действует переработанная Пространная,primary_source,
law_justice_governance,ус и борода,us i boroda,social_rule,За ус и за бороду — по 12 гривен,641351,Коллектив авторов,"Том 4 (XII век, литература эпохи «Слова о полку Игореве»)",2004,РУССКАЯ ПРАВДА (КРАТКАЯ РЕДАКЦИЯ) > ПЕРЕВОД,2577,А за ус 12 гривен и за бороду 12 гривен.,A,medieval_general,Краткая Правда XI в. (сохранилась в Новгородской I летописи); в XIII в. действует переработанная Пространная,primary_source,
law_justice_governance,извод,izvod,social_rule,Отказ платить долг разбирают изводом перед 12 людьми; неправый платит 3 гривны за обиду,641351,Коллектив авторов,"Том 4 (XII век, литература эпохи «Слова о полку Игореве»)",2004,РУССКАЯ ПРАВДА (КРАТКАЯ РЕДАКЦИЯ) > ПЕРЕВОД,2584,"то идти ему на извод перед 12 человеками; и если окажется, что он несправедливо не отдал ему, то истец должен получить свои деньги, а за обиду 3 гривны штрафа",A,medieval_general,Краткая Правда XI в. (сохранилась в Новгородской I летописи); в XIII в. действует переработанная Пространная,primary_source,
social_strata_legal_status,огнищанин,ognishchanin,social_rule,"За убитого «за обиду» огнищанина убийца платит 80 гривен, люди не платят",641351,Коллектив авторов,"Том 4 (XII век, литература эпохи «Слова о полку Игореве»)",2004,РУССКАЯ ПРАВДА (КРАТКАЯ РЕДАКЦИЯ) > ПЕРЕВОД,2589,"Если убьют огнищанина за обиду, то убийца платит за него 80 гривен, а людям не надо",A,medieval_general,Краткая Правда XI в. (сохранилась в Новгородской I летописи); в XIII в. действует переработанная Пространная,primary_source,
social_strata_legal_status,княжеский подъездной,podyezdnoy,social_rule,За княжеского подъездного — 80 гривен,641351,Коллектив авторов,"Том 4 (XII век, литература эпохи «Слова о полку Игореве»)",2004,РУССКАЯ ПРАВДА (КРАТКАЯ РЕДАКЦИЯ) > ПЕРЕВОД,2589,и за княжеского подъездного 80 гривен,A,medieval_general,Краткая Правда XI в. (сохранилась в Новгородской I летописи); в XIII в. действует переработанная Пространная,primary_source,
social_strata_legal_status,сельский староста,selskiy starosta,social_rule,За княжеского сельского и ратайного старосту — 12 гривен,641351,Коллектив авторов,"Том 4 (XII век, литература эпохи «Слова о полку Игореве»)",2004,РУССКАЯ ПРАВДА (КРАТКАЯ РЕДАКЦИЯ) > ПЕРЕВОД,2594,"А за княжеского сельского старосту и за старосту, который руководит пахотными работами, 12 гривен",A,medieval_general,Краткая Правда XI в. (сохранилась в Новгородской I летописи); в XIII в. действует переработанная Пространная,primary_source,
law_justice_governance,истязание,istyazanie,social_rule,"Истязание смерда без княжого слова — 3 гривны; огнищанина, тиуна или мечника — 12 гривен",641351,Коллектив авторов,"Том 4 (XII век, литература эпохи «Слова о полку Игореве»)",2004,РУССКАЯ ПРАВДА (КРАТКАЯ РЕДАКЦИЯ) > ПЕРЕВОД,2603,"Если смерда будут истязать, но без княжеского повеления, то 3 гривны за обиду; а за истязание огнищанина, тиуна или мечника 12 гривен",A,medieval_general,Краткая Правда XI в. (сохранилась в Новгородской I летописи); в XIII в. действует переработанная Пространная,primary_source,
law_justice_governance,вор на дворе,vor na dvore,social_rule,"Убить вора на своём дворе, у клети или хлева — «так тому и быть»",641351,Коллектив авторов,"Том 4 (XII век, литература эпохи «Слова о полку Игореве»)",2004,РУССКАЯ ПРАВДА (КРАТКАЯ РЕДАКЦИЯ) > ПЕРЕВОД,2608,"Если убьют вора на своем дворе, или у клети, или у хлева, то так тому и быть",A,medieval_general,Краткая Правда XI в. (сохранилась в Новгородской I летописи); в XIII в. действует переработанная Пространная,primary_source,
social_strata_legal_status,мечник,mechnik,price,"Из гривны продажи мечнику куна, в десятину 15 кун, князю 3 гривны",641351,Коллектив авторов,"Том 4 (XII век, литература эпохи «Слова о полку Игореве»)",2004,РУССКАЯ ПРАВДА (КРАТКАЯ РЕДАКЦИЯ) > ПЕРЕВОД,2611,"А из гривны мечнику куна, а в десятину 15 кун, а князю 3 гривны",A,medieval_general,Краткая Правда XI в. (сохранилась в Новгородской I летописи); в XIII в. действует переработанная Пространная,primary_source,
social_strata_legal_status,мостник,mostnik,price,"Урок мостникам: за настил моста ногата, за городню ногата",641351,Коллектив авторов,"Том 4 (XII век, литература эпохи «Слова о полку Игореве»)",2004,РУССКАЯ ПРАВДА (КРАТКАЯ РЕДАКЦИЯ) > ПЕРЕВОД,2613,"если настелят мост, то взять за работу ногату, а за городню ногата",A,medieval_general,Краткая Правда XI в. (сохранилась в Новгородской I летописи); в XIII в. действует переработанная Пространная,primary_source,
law_justice_governance,Правда Ярослава,pravda yaroslava,event,Поводом записи Правды Ярослава был конфликт новгородцев с варягами 1015–1016 гг.,641351,Коллектив авторов,"Том 4 (XII век, литература эпохи «Слова о полку Игореве»)",2004,РУССКАЯ ПРАВДА (КРАТКАЯ РЕДАКЦИЯ) > КОММЕНТАРИЙ,2617,конфликт между новгородцами и варягами и правовое урегулирование их отношений Ярославом Святославичем в 1015—1016 гг,B,medieval_general,комментарий издателя,primary_source,
law_justice_governance,рубеж (конфискация за соотечественника),rubezh,social_rule,Кредитор грозит конфисковать товар у знатнейшего новгородца за долг земляка,641351,Коллектив авторов,"Том 4 (XII век, литература эпохи «Слова о полку Игореве»)",2004,БЕРЕСТЯНЫЕ ГРАМОТЫ > ПЕРЕВОД,2921,то я собираюсь за твою вину конфисковать товар у знатнейшего новгородца,A,c1230,"берестяная грамота № 246, XI в.",primary_source,
law_justice_governance,рубеж (конфискация за соотечественника),rubezh,social_rule,Наказание за вину соотечественника (рубеж) нередко практиковалось на Руси,641351,Коллектив авторов,"Том 4 (XII век, литература эпохи «Слова о полку Игореве»)",2004,БЕРЕСТЯНЫЕ ГРАМОТЫ > КОММЕНТАРИЙ,3005,Такого рода наказание за вину соотечественника (так наз. рубеж) нередко практиковалось в древней Руси (как и в других странах средневековой Европы,B,c1230,комментарий к грамоте № 246,primary_source,
social_strata_legal_status,смерд,smerd,social_rule,С новгородского смерда причитается сумма епископу; ложного обвинителя требуют наказать,641351,Коллектив авторов,"Том 4 (XII век, литература эпохи «Слова о полку Игореве»)",2004,БЕРЕСТЯНЫЕ ГРАМОТЫ > ПЕРЕВОД,2923,Так что накажи штрафом того обвинителя,A,c1230,"грамота № 247, XI в.; фрагмент",primary_source,
law_justice_governance,испытание водой,ispytanie vodoy,social_rule,Новгородец в споре о долге грозит пойти в город на испытание водой,641351,Коллектив авторов,"Том 4 (XII век, литература эпохи «Слова о полку Игореве»)",2004,БЕРЕСТЯНЫЕ ГРАМОТЫ > ПЕРЕВОД,2931,Пойди же в город — могу вызваться с тобой на испытание водой,A,c1230,"грамота № 238, XI–XII вв.",primary_source,
law_justice_governance,испытание водой,ispytanie vodoy,technique,"Испытание водой: достать кольцо из кипятка, или бросить связанного в воду (тонущий невиновен)",641351,Коллектив авторов,"Том 4 (XII век, литература эпохи «Слова о полку Игореве»)",2004,БЕРЕСТЯНЫЕ ГРАМОТЫ > КОММЕНТАРИЙ,3012,"испытуемого, связанного веревкой, бросали в воду (в последнем случае испытуемый признавался невиновным, если шел ко дну, и виновным, если оставался на поверхности)",B,medieval_general,комментарий А. А. Зализняка/издателей,primary_source,
law_justice_governance,поручительство дружины,poruchitelstvo,social_rule,"Купившего краденую рабыню схватила княгиня, но за него поручилась дружина; предстоят очные ставки",641351,Коллектив авторов,"Том 4 (XII век, литература эпохи «Слова о полку Игореве»)",2004,БЕРЕСТЯНЫЕ ГРАМОТЫ > ПЕРЕВОД,2933,Но за меня поручилась дружина,A,c1230,"грамота № 109, XI–XII вв.",primary_source,
law_justice_governance,выкуп из беды (полувирье),polvirye,social_rule,Отец заплатил 20 гривен за сына и грозит послать за ним судебного исполнителя,641351,Коллектив авторов,"Том 4 (XII век, литература эпохи «Слова о полку Игореве»)",2004,БЕРЕСТЯНЫЕ ГРАМОТЫ > ПЕРЕВОД,2943,"Я заплатил 20 гривен, и ты свободен",A,c1230,грамота № 421; ср. полувирье 20 гривен ПП,primary_source,
social_strata_legal_status,отрок князя,otrok,social_rule,Для взыскания 60 кун вдова грозит взять у князя отрока (исполнителя),641351,Коллектив авторов,"Том 4 (XII век, литература эпохи «Слова о полку Игореве»)",2004,БЕРЕСТЯНЫЕ ГРАМОТЫ > ПЕРЕВОД,2949,то я возьму у князя отрока и приеду,A,medieval_general,"грамота из Звенигорода Галицкого, XII в.; аналогия",primary_source,
law_justice_governance,конфискация за долг брата,konfiskatsiya,social_rule,"Исполнители ограбили человека за долг брата, хотя он не поручитель",641351,Коллектив авторов,"Том 4 (XII век, литература эпохи «Слова о полку Игореве»)",2004,БЕРЕСТЯНЫЕ ГРАМОТЫ > ПЕРЕВОД,2958,"Вот Жадко послал двух судебных исполнителей, и они ограбили меня за братний долг",A,c1230,"грамота № 235, XII в.",primary_source,
social_strata_legal_status,староста,starosta,social_rule,Злостного должника ведут к старосте,641351,Коллектив авторов,"Том 4 (XII век, литература эпохи «Слова о полку Игореве»)",2004,БЕРЕСТЯНЫЕ ГРАМОТЫ > ПЕРЕВОД,2960,"Если же не отдаст, то веди его к старосте Якуну.",A,c1230,"грамота № 676, XII в.",primary_source,
social_strata_legal_status,смерд,smerd,event,Убит новгородский смерд; наследство в руках убийц,641351,Коллектив авторов,"Том 4 (XII век, литература эпохи «Слова о полку Игореве»)",2004,БЕРЕСТЯНЫЕ ГРАМОТЫ > ПЕРЕВОД,2929,"Жизнобуд, новгородский смерд, убит Сычевичами.",A,c1230,"грамота № 607/562, административное донесение",primary_source,
law_justice_governance,посул князю,posul knyazyu,price,"Проигравший тяжбу: жена заплатила 20 гривен, посуленные князю Давыду",641351,Коллектив авторов,"Том 4 (XII век, литература эпохи «Слова о полку Игореве»)",2004,БЕРЕСТЯНЫЕ ГРАМОТЫ > ПЕРЕВОД,2976,"Теперь жена моя заплатила 20 гривен, которые вы посулили князю Давыду",A,c1230,"грамота № 603, кон. XII в.",primary_source,
law_justice_governance,смесный суд,smesny sud,social_rule,Грамота № 502 — записка одного члена смесного суда другому о допросе полочанина,641351,Коллектив авторов,"Том 4 (XII век, литература эпохи «Слова о полку Игореве»)",2004,БЕРЕСТЯНЫЕ ГРАМОТЫ > КОММЕНТАРИЙ,3036,грамота представляет собой записку от одного члена смесного суда другому,B,c1230,комментарий по Янину,primary_source,
law_justice_governance,оскорбление женщины,oskorblenie zhenshchiny,social_rule,"Анна просит брата заявить при свидетелях о неправоте обидчика, назвавшего её сестру и дочь бранными словами",641351,Коллектив авторов,"Том 4 (XII век, литература эпохи «Слова о полку Игореве»)",2004,БЕРЕСТЯНЫЕ ГРАМОТЫ > ПЕРЕВОД,2984,Заяви ему теперь при свидетелях о его неправоте,A,c1230,"грамота № 531, рубеж XII–XIII вв.",primary_source,
social_strata_legal_status,архиепископ,arkhiepiskop,social_rule,Избитый и закованный просит донести свою обиду архиепископу,641351,Коллектив авторов,"Том 4 (XII век, литература эпохи «Слова о полку Игореве»)",2004,БЕРЕСТЯНЫЕ ГРАМОТЫ > ПЕРЕВОД,2986,"скажите архиепископу о моей обиде — о том, как я был бит и закован в кандалы",A,c1230,"грамота № 725, рубеж XII–XIII вв.",primary_source,
social_strata_legal_status,женщина,zhenshchina,social_rule,Женщина в берестяной грамоте требует долг и допускает присылку к ней судебного исполнителя,641351,Коллектив авторов,"Том 4 (XII век, литература эпохи «Слова о полку Игореве»)",2004,БЕРЕСТЯНЫЕ ГРАМОТЫ > ПЕРЕВОД,2939,"Если я что-нибудь должна, то посылай судебного исполнителя",A,c1230,"грамота № 644, XII в.",primary_source,
social_strata_legal_status,жена изгнанная,zhena,social_rule,"Муж, женившись вновь, прогнал первую жену и не отдаёт её приданое",641351,Коллектив авторов,"Том 4 (XII век, литература эпохи «Слова о полку Игореве»)",2004,БЕРЕСТЯНЫЕ ГРАМОТЫ > ПЕРЕВОД,2974,"Что мне дал отец и родичи дали впридачу, то за ним",A,c1230,"грамота № 9, XII в.",primary_source,
social_strata_legal_status,посадник,posadnik,description,Мирослав грамот № 603/502 отождествлён с посадником Мирошкой Нездиничем (1187–1203),641351,Коллектив авторов,"Том 4 (XII век, литература эпохи «Слова о полку Игореве»)",2004,БЕРЕСТЯНЫЕ ГРАМОТЫ > КОММЕНТАРИЙ,3033,с новгородским посадником Мирошкой Нездиничем (посадничал с 1187 г. до своей смерти в 1203 г.),B,c1230,комментарий,primary_source,
social_strata_legal_status,огнищанин,ognishchanin,description,Огнищанин — управляющий хозяйством княжеского двора,641351,Коллектив авторов,"Том 4 (XII век, литература эпохи «Слова о полку Игореве»)",2004,[notes] > 1098,6167,Огнищанин — управляющий хозяйством княжеского двора.,B,medieval_general,примечание издателя,primary_source,
social_strata_legal_status,ябетник,yabetnik,description,Ябетник — княжеский слуга на государственной (не военной) должности,641351,Коллектив авторов,"Том 4 (XII век, литература эпохи «Слова о полку Игореве»)",2004,[notes] > 1072,6141,"Ябетник — человек, находящийся на княжеской службе",B,medieval_general,примечание издателя,primary_source,
social_strata_legal_status,мечник,mechnik,description,Мечник — член княжеского административно-судебного аппарата,641351,Коллектив авторов,"Том 4 (XII век, литература эпохи «Слова о полку Игореве»)",2004,[notes] > 1073,6142,Мечник — член княжеского административно-судебного аппарата.,B,medieval_general,примечание издателя,primary_source,
social_strata_legal_status,вирник,virnik,description,Вирник — сборщик виры,641351,Коллектив авторов,"Том 4 (XII век, литература эпохи «Слова о полку Игореве»)",2004,[notes] > 1113,6182,Вирник — сборщик виры.,B,medieval_general,примечание издателя,primary_source,
social_strata_legal_status,"огнищанин, конюший, тиун, подъездной",starshaya druzhina,description,"Высшие княжие слуги XI в.: огнищанин, конюший, тиун, подъездной — потом в госадминистрации",73687,Вернадский Георгий Владимирович; Карпович Михаил Михайлович,Киевская Русь,1948,Глава VI. Социальная организация > 3. Высшие классы,547,"Среди высших приближенных в одиннадцатом веке упоминаются судебный пристав (огнищанин), занимающийся конюшней (конющий), дворецкий (тиун) и адъютант (подъездной)231.",B,medieval_general,«подъездной» переведён Вернадским как «адъютант»,scholarly,
social_strata_legal_status,тиун,tiun,description,"Тиун (сканд. «слуга») — сперва дворецкий, позднее в значении «судья»",73687,Вернадский Георгий Владимирович; Карпович Михаил Михайлович,Киевская Русь,1948,Глава VI. Социальная организация > 3. Высшие классы,547,"В России он означал сначала дворецкого, но позднее начал в основном использоваться в значении «судья».",B,medieval_general,,scholarly,
social_strata_legal_status,"гридь, отрок, детский",grid,description,"Младшая дружина — гридь; её член в источниках отрок, детский или пасынок",73687,Вернадский Георгий Владимирович; Карпович Михаил Михайлович,Киевская Русь,1948,Глава VI. Социальная организация > 3. Высшие классы,548,"Член гриди иногда называется в источниках отроком, детским или пасынком",B,medieval_general,,scholarly,
social_strata_legal_status,дворянин,dvoryanin,description,Термин дворянин («придворный») для младших вассалов появился в Суздале в конце XII в.,73687,Вернадский Георгий Владимирович; Карпович Михаил Михайлович,Киевская Русь,1948,Глава VI. Социальная организация > 3. Высшие классы,548,"В Суздале в конце двенадцатого века появился новый термин для обозначения младших вассалов – дворянин, дословно «придворный»",B,c1230,к 1264 г. «дворяне» князя упоминаются и в новгородских договорах,scholarly,
social_strata_legal_status,княжеская дружина в Новгороде,druzhina,social_rule,В Новгороде вассалам князя препятствовали постоянно селиться на Новгородской земле,73687,Вернадский Георгий Владимирович; Карпович Михаил Михайлович,Киевская Русь,1948,Глава VI. Социальная организация > 3. Высшие классы,551,его вассалам открыто чинились препятствия для постоянного поселения на Новгородской земле,B,c1230,,scholarly,
social_strata_legal_status,боярин,boyarin,social_rule,Новгородские бояре — жители города и участники вече; боярство не было юридически замкнутым сословием,73687,Вернадский Георгий Владимирович; Карпович Михаил Михайлович,Киевская Русь,1948,Глава VI. Социальная организация > 3. Высшие классы,555,"Все новгородские бояре не только были жителями Новгорода, но также принимали участие в собраниях городского органа управления",B,c1230,,scholarly,
social_strata_legal_status,боярин,boyarin,social_rule,Боярство не имело правовых привилегий как класс; землю мог купить человек любой группы,73687,Вернадский Георгий Владимирович; Карпович Михаил Михайлович,Киевская Русь,1948,Глава VI. Социальная организация > 3. Высшие классы,555,"Во-вторых, она не имела каких-либо правовых привилегий как класс",B,medieval_general,для Новгорода XIII в. Янин отмечает кастовость боярства,scholarly,
social_strata_legal_status,житьи люди,zhityi lyudi,social_rule,"Житьи — «состоятельные люди», значительная часть новгородского среднего класса; не купцы",73687,Вернадский Георгий Владимирович; Карпович Михаил Михайлович,Киевская Русь,1948,Глава VI. Социальная организация > 4. Средние классы,564,Житьи люди составляли значительную часть новгородского среднего класса,B,medieval_general,"термин засвидетельствован позднее, с XIV в.",scholarly,
social_strata_legal_status,"боярин, житьи, молодшие",nsg shtrafy,social_rule,"По Новгородской судной грамоте штраф за неуважение суда: боярин 50 руб., житий 25, молодший 10",73687,Вернадский Георгий Владимирович; Карпович Михаил Михайлович,Киевская Русь,1948,Глава VI. Социальная организация > 4. Средние классы,564,"Согласно этому перечню, боярин должен заплатить 50 рублей",B,medieval_general,Новгородская судная грамота — поздний памятник XV в.; для 1230 только как ретроспекция с оговоркой,scholarly,
social_strata_legal_status,купец,kupets,social_rule,"Купцы в новгородских источниках — группа, отличная от житьих, но на том же уровне",73687,Вернадский Георгий Владимирович; Карпович Михаил Михайлович,Киевская Русь,1948,Глава VI. Социальная организация > 4. Средние классы,564,"Купцы упоминаются в новгородских источниках как группа, отличная от житьи, но находящаяся на том же социальном уровне",B,c1230,,scholarly,
social_strata_legal_status,молодшие (чёрные) люди,chernye lyudi,description,"Молодшие люди — рабочие и ремесленники: плотники, каменщики, кузнецы, кожевники, горшечники",73687,Вернадский Георгий Владимирович; Карпович Михаил Михайлович,Киевская Русь,1948,Глава VI. Социальная организация > 5. Низшие классы,566,"Они были в основном рабочими и ремесленниками различного рода: плотниками, каменщиками, кузнецами, сукновалами, кожевниками, горшечниками и т. д.",B,c1230,,scholarly,
social_strata_legal_status,наймит,naymit,description,"Наёмные работники: ремесленники без своих мастерских, на больших стройках — артелями",73687,Вернадский Георгий Владимирович; Карпович Михаил Михайлович,Киевская Русь,1948,Глава VI. Социальная организация > 5. Низшие классы,568,К низшим классам киевского общества принадлежали также наемные рабочие или работники,B,medieval_general,,scholarly,
social_strata_legal_status,смерд,smerd,social_rule,"Смерды лично свободны, но подчинены особой юрисдикции князя",73687,Вернадский Георгий Владимирович; Карпович Михаил Михайлович,Киевская Русь,1948,Глава VI. Социальная организация > 5. Низшие классы,571,"Смерды лично были свободны, но их правовой статус ограничивался, поскольку они подчинялись специальной юрисдикции князя",B,medieval_general,,scholarly,
social_strata_legal_status,смерд,smerd,social_rule,"В Новгороде и Пскове высшая власть над смердами принадлежала городу, а не князю",73687,Вернадский Георгий Владимирович; Карпович Михаил Михайлович,Киевская Русь,1948,Глава VI. Социальная организация > 5. Низшие классы,573,"в городах-государствах Северной Руси – Новгороде и Пскове – высшая власть над смердами принадлежала не князю, а городу",B,c1230,,scholarly,
social_strata_legal_status,смерд,smerd,social_rule,В 1136 г. вече обвинило князя Всеволода в угнетении смердов,73687,Вернадский Георгий Владимирович; Карпович Михаил Михайлович,Киевская Русь,1948,Глава VI. Социальная организация > 5. Низшие классы,573,в 1136 г. новгородский князь Всеволод подвергся критике веча за угнетение смердов,B,c1230,,scholarly,
social_strata_legal_status,смерд,smerd,social_rule,В Новгороде смерды сидели на государственных землях,73687,Вернадский Георгий Владимирович; Карпович Михаил Михайлович,Киевская Русь,1948,Глава VI. Социальная организация > 5. Низшие классы,575,"Оказывается, что в Новгороде, по крайней мере, смерды занимали государственные земли",B,c1230,,scholarly,
social_strata_legal_status,смерд,smerd,social_rule,Смерды платили дань и регистрировались на погосте; обязаны давать коней для ополчения,73687,Вернадский Георгий Владимирович; Карпович Михаил Михайлович,Киевская Русь,1948,Глава VI. Социальная организация > 5. Низшие классы,577,В Новгороде каждая их группа регистрировалась на ближайшем погосте,B,c1230,,scholarly,
social_strata_legal_status,смерд,smerd,name_form,В начале XIII в. «смерд» обозначал сельское население вообще,73687,Вернадский Георгий Владимирович; Карпович Михаил Михайлович,Киевская Русь,1948,Глава VI. Социальная организация > 5. Низшие классы,581,В начале тринадцатого века термин смерд был в употреблении для обозначения сельского населения в целом,B,c1230,,scholarly,
social_strata_legal_status,закуп,zakup,social_rule,"Закуп — должник, отрабатывающий заём с процентом; после уплаты вновь свободен",73687,Вернадский Георгий Владимирович; Карпович Михаил Михайлович,Киевская Русь,1948,Глава VI. Социальная организация > 6. Полусвободные,585,"Как только долг выплачивался с процентом, должник вновь становился полностью свободным",B,medieval_general,,scholarly,
social_strata_legal_status,вдач,vdach,description,"Вдачи — люди, «отдавшиеся» на службу за подарок в голод или после войны; работали не меньше года",73687,Вернадский Георгий Владимирович; Карпович Михаил Михайлович,Киевская Русь,1948,Глава VI. Социальная организация > 6. Полусвободные,590,Однако они должны были работать для этого по крайней мере год,B,medieval_general,,scholarly,
social_strata_legal_status,челядь,chelyad,name_form,Древнейший русский термин для раба — челядин (мн. челядь); встречается в старославянских текстах и договорах X в.,73687,Вернадский Георгий Владимирович; Карпович Михаил Михайлович,Киевская Русь,1948,Глава VI. Социальная организация > 7. Рабы,592,"Древнейшее русское понятие для обозначения раба, как мы видели, – челядин во множественном числе – челядь",B,medieval_general,,scholarly,
social_strata_legal_status,роба,chelyad,name_form,"Другой древний термин — роб (раб), женский род — роба (позднее раба)",73687,Вернадский Георгий Владимирович; Карпович Михаил Михайлович,Киевская Русь,1948,Глава VI. Социальная организация > 7. Рабы,593,"Другой древний термин – роб (иначе – раб; в женском роде – роба, позднее – раба)",B,medieval_general,,scholarly,
social_strata_legal_status,холоп,kholop,name_form,"Термин холоп — с середины XI в., мужчина-раб; рабыня — раба",73687,Вернадский Георгий Владимирович; Карпович Михаил Михайлович,Киевская Русь,1948,Глава VI. Социальная организация > 7. Рабы,594,По-русски термин холоп обозначал мужчину-раба,B,medieval_general,,scholarly,
social_strata_legal_status,пленник,plennik,social_rule,Основной источник временного рабства — пленение на войне; пленник освобождался за выкуп,73687,Вернадский Георгий Владимирович; Карпович Михаил Михайлович,Киевская Русь,1948,Глава VI. Социальная организация > 7. Рабы,595,Основным источником временного рабства было пленение на войне,B,medieval_general,,scholarly,
social_strata_legal_status,пленник,plennik,price,После победы 1169 г. новгородцы продавали пленных суздальцев по 2 ногаты,73687,Вернадский Георгий Владимирович; Карпович Михаил Михайлович,Киевская Русь,1948,Глава VI. Социальная организация > 7. Рабы,599,После победы новгородцев над суздальцами в 1169 г. пленные суздальцы были проданы по две ногаты за каждого,B,c1230,,scholarly,
social_strata_legal_status,холоп,kholop,social_rule,"Раб не мог обвинять в суде, не был полноценным свидетелем, не мог заключать договоров",73687,Вернадский Георгий Владимирович; Карпович Михаил Михайлович,Киевская Русь,1948,Глава VI. Социальная организация > 7. Рабы,602,Раб не мог выдвигать обвинений в суде и не принимался как полноценный свидетель в тяжбе,B,medieval_general,,scholarly,
social_strata_legal_status,вольноотпущенник,volnootpushchennik,social_rule,Полное рабство кончалось выкупом или отпуском; церковь побуждала отпускать по завещанию,73687,Вернадский Георгий Владимирович; Карпович Михаил Михайлович,Киевская Русь,1948,Глава VI. Социальная организация > 7. Рабы,604,освобождая рабов посмертно в специальном разделе завещания,B,medieval_general,,scholarly,
social_strata_legal_status,церковные люди,tserkovnye lyudi,social_rule,"Под церковной юрисдикцией — духовенство с семьями и люди, служившие церкви или нуждавшиеся в её защите",73687,Вернадский Георгий Владимирович; Карпович Михаил Михайлович,Киевская Русь,1948,Глава VI. Социальная организация > 8. Церковные люди,606,В Древней Руси под церковную юрисдикцию подпадали не только духовенство,B,medieval_general,,scholarly,
social_strata_legal_status,"просвирня, свечегас",prosvirnya,description,"Церковные люди: певцы, свечегас, просвирня (пекущая просфоры)",73687,Вернадский Георгий Владимирович; Карпович Михаил Михайлович,Киевская Русь,1948,Глава VI. Социальная организация > 8. Церковные люди,609,"таковы церковные певцы, человек, ответственный за тушение свечей после службы (свечегас),а также женщина, выпекающая просвиры (просвирница или просвирня, от слова просвира).",B,medieval_general,,scholarly,
social_strata_legal_status,лечец,lechets,description,"Церковные люди: лечец и персонал больниц, богаделен, странноприимных домов",73687,Вернадский Георгий Владимирович; Карпович Михаил Михайлович,Киевская Русь,1948,Глава VI. Социальная организация > 8. Церковные люди,610,"подобных врачу (лечец)и другому персоналу лечебниц, домов для престарелых, гостиниц для паломников",B,medieval_general,,scholarly,
social_strata_legal_status,изгой,izgoy,social_rule,"«Уложение церковных дворов» Всеволода (1125–1136): три изгоя — необразованный попович, выкупившийся раб, обанкротившийся купец; 4-й (осиротевший князь) — приписка позднего копииста",73687,Вернадский Георгий Владимирович; Карпович Михаил Михайлович,Киевская Русь,1948,Глава VI. Социальная организация > 8. Церковные люди,612,"«Есть три типа изгоев: сын священника, оставшийся необразованным; раб, который выкупил себя из рабства; обанкротившийся торговец».",B,medieval_general,"Устав Всеволода, поздняя редакция; для 1230 г. — вероятная, но не прямая норма",scholarly,
social_strata_legal_status,изгой,izgoy,social_rule,В Новгороде группа изгоев находилась под юрисдикцией епископа,73687,Вернадский Георгий Владимирович; Карпович Михаил Михайлович,Киевская Русь,1948,Глава VI. Социальная организация > 8. Церковные люди,614,Таким образом мы обнаруживаем группу изгоев в Новгороде под юрисдикцией городского епископа,B,c1230,,scholarly,
social_strata_legal_status,огнищанин,ognishchanin,name_form,В новгородских источниках огнищане — особая группа горожан без связи с княжим двором,73687,Вернадский Георгий Владимирович; Карпович Михаил Михайлович,Киевская Русь,1948,Глава VI. Социальная организация > 8. Церковные люди,611,но в новгородских источниках он применяется к особой группе новгородских граждан,B,c1230,,scholarly,
social_strata_legal_status,женщина,zhenshchina,social_rule,"Женщина, даже замужняя, могла владеть собственностью на своё имя (приданое, вено)",73687,Вернадский Георгий Владимирович; Карпович Михаил Михайлович,Киевская Русь,1948,Глава VI. Социальная организация > 9. Женщина,622,"Женщина, даже замужняя, имела право обладать собственностью на свое имя",B,medieval_general,,scholarly,
social_strata_legal_status,вдова,vdova,social_rule,Вдова при детях признавалась главой семьи и управляла имением мужа,73687,Вернадский Георгий Владимирович; Карпович Михаил Михайлович,Киевская Русь,1948,Глава VI. Социальная организация > 9. Женщина,622,"вдова признавалась главой семьи, если были дети, и ей доверялось управление имением ее покойного мужа",B,medieval_general,,scholarly,
social_strata_legal_status,дочь,doch,social_rule,"Если родители силой выдали дочь и она покончила с собой, они считались ответственными",73687,Вернадский Георгий Владимирович; Карпович Михаил Михайлович,Киевская Русь,1948,Глава VI. Социальная организация > 9. Женщина,623,"Если родители принуждали свою дочь к браку против ее воли и она совершала самоубийство, они считались ответственными за ее смерть",B,medieval_general,по Церковному уставу Ярослава,scholarly,
law_justice_governance,боярская дума,boyarskaya duma,social_rule,Князь не принимал важных решений без совета с боярами,73687,Вернадский Георгий Владимирович; Карпович Михаил Михайлович,Киевская Русь,1948,Глава VII. Правительство и управление > 3. Три составные части правительства > Б. АРИСТОКРАТИЧЕСКОЕ НАЧАЛО: БОЯРСКИЙ СОВЕТ,739,Ни одно важное решение не могло быть принято князем,B,medieval_general,,scholarly,
social_strata_legal_status,боярин,boyarin,social_rule,Боярин не был обязан служить князю и мог перейти к другому; пожалованная земля — личная собственность,73687,Вернадский Георгий Владимирович; Карпович Михаил Михайлович,Киевская Русь,1948,Глава VII. Правительство и управление > 3. Три составные части правительства > Б. АРИСТОКРАТИЧЕСКОЕ НАЧАЛО: БОЯРСКИЙ СОВЕТ,747,"У боярина не было обязанности служить князю, и он в любое время мог свободно оставить одного князя и перейти на службу к другому",B,medieval_general,,scholarly,
law_justice_governance,вече,veche,social_rule,Все свободные горожане имели право участвовать в вече; созывали звоном колокола или глашатаи,73687,Вернадский Георгий Владимирович; Карпович Михаил Михайлович,Киевская Русь,1948,Глава VII. Правительство и управление > 3. Три составные части правительства > В. ДЕМОКРАТИЧЕСКОЕ НАЧАЛО: ВЕЧЕ,751,Все свободные горожане имели право принимать участие в собраниях веча,B,c1230,,scholarly,
law_justice_governance,вече,veche,social_rule,Голосовали только мужчины — главы семей; неженатые сыновья при отце не считались,73687,Вернадский Георгий Владимирович; Карпович Михаил Михайлович,Киевская Русь,1948,Глава VII. Правительство и управление > 3. Три составные части правительства > В. ДЕМОКРАТИЧЕСКОЕ НАЧАЛО: ВЕЧЕ,752,"Право голосовать имели одни мужчины, и только главы семей",B,c1230,,scholarly,
law_justice_governance,вече,veche,social_rule,Требовалось единогласие; без ясного большинства спорили часами и часто дрались,73687,Вернадский Георгий Владимирович; Карпович Михаил Михайлович,Киевская Русь,1948,Глава VII. Правительство и управление > 3. Три составные части правительства > В. ДЕМОКРАТИЧЕСКОЕ НАЧАЛО: ВЕЧЕ,753,"Когда не было четкого большинства, две разошедшиеся во взглядах партии спорили часами и часто развязывали драки",B,c1230,,scholarly,
social_strata_legal_status,тысяцкий,tysyatsky,social_rule,Тысяцкий в столицах княжеств назначался князем — кроме Новгорода,73687,Вернадский Георгий Владимирович; Карпович Михаил Михайлович,Киевская Русь,1948,Глава VII. Правительство и управление > 4. Княжеская администрация,765,"со временем князь взял на себя прерогативу выдвижения на нее кандидата, за исключением Новгорода",B,c1230,,scholarly,
social_strata_legal_status,сотский,sotsky,social_rule,Городские сотские подчинены тысяцкому; сельские сотские всегда выборные,73687,Вернадский Георгий Владимирович; Карпович Михаил Михайлович,Киевская Русь,1948,Глава VII. Правительство и управление > 4. Княжеская администрация,767,"Этих городских сотских, находившихся в подчинении тысяцкому, не следует путать с сотскими в сельской местности, которые всегда избирались",B,medieval_general,,scholarly,
social_strata_legal_status,посадник княжеский,posadnik,description,Княжой посадник-наместник кормился долей дани и сбором с населения,73687,Вернадский Георгий Владимирович; Карпович Михаил Михайлович,Киевская Русь,1948,Глава VII. Правительство и управление > 4. Княжеская администрация,769,"Они имели право на долю с той дани, которую собирали для князя",B,medieval_general,в Новгороде посадник — выборный городской глава,scholarly,
law_justice_governance,охрана порядка,okhrana poryadka,social_rule,"Регулярной полиции не было; в городах порядок — тысяцкий и его люди, в сёлах — сами жители",73687,Вернадский Георгий Владимирович; Карпович Михаил Михайлович,Киевская Русь,1948,Глава VII. Правительство и управление > 5. Отрасли управления > В. ОХРАНА ПРАВОПОРЯДКА,789,"В Киевской Руси не было регулярных войск, охраняющих правопорядок",B,medieval_general,,scholarly,
social_strata_legal_status,князь новгородский,knyaz,social_rule,С 1136 г. князь и его свита лишены права владеть землёй в Новгородском государстве,73687,Вернадский Георгий Владимирович; Карпович Михаил Михайлович,Киевская Русь,1948,Глава VII. Правительство и управление > 6. Город-государство,802,"и князь, и его новгородская свита были лишены права владеть земельными наделами",B,c1230,,scholarly,
social_strata_legal_status,князь новгородский,knyaz,social_rule,В 1196 г. собор князей признал право новгородцев выбирать князя (только из Рюриковичей),73687,Вернадский Георгий Владимирович; Карпович Михаил Михайлович,Киевская Русь,1948,Глава VII. Правительство и управление > 6. Город-государство,803,"в 1196 г. привилегия новгородцев избирать себе князя по собственной воле была признана Собором русских князей на том условии, что кандидаты будут отбираться только из числа членов дома Рюрика",B,c1230,,scholarly,
law_justice_governance,ряд с князем,ryad s knyazem,social_rule,Каждый избранный князь заключал договор с Новгородом; древнейший текст — 1265 г.,73687,Вернадский Георгий Владимирович; Карпович Михаил Михайлович,Киевская Русь,1948,Глава VII. Правительство и управление > 6. Город-государство,805,"Каждый новый избранник, вступающий на княжеский престол, должен был подписывать особый договор с городом Новгородом",B,c1230,,scholarly,
social_strata_legal_status,посадник,posadnik,event,1218 г.: князь не смог сместить посадника Твердислава без вины — вече оставило его,73687,Вернадский Георгий Владимирович; Карпович Михаил Михайлович,Киевская Русь,1948,Глава VII. Правительство и управление > 6. Город-государство,805,"Тогда вече вынесло решение, что если на главе нет никакой вины, то его нельзя сместить",B,c1230,,scholarly,
law_justice_governance,вечевой колокол,vechevoy kolokol,description,"Вече созывали звоном колокола, ставшего символом новгородских свобод",73687,Вернадский Георгий Владимирович; Карпович Михаил Михайлович,Киевская Русь,1948,Глава VII. Правительство и управление > 6. Город-государство,807,На вече созывали звоном городского колокола,B,c1230,,scholarly,
law_justice_governance,Господа (совет господ),gospoda,social_rule,Совет «Господа» под председательством архиепископа готовил дела для веча,73687,Вернадский Георгий Владимирович; Карпович Михаил Михайлович,Киевская Русь,1948,Глава VII. Правительство и управление > 6. Город-государство,809,Этот совет собирался под председательством архиепископа,B,medieval_general,"300 членов — оценка Вернадского; по Янину, совет господ в полном виде — XIV–XV вв.",scholarly,
social_strata_legal_status,"смерд, холоп",smerd,social_rule,Смерды и рабы были лишены голоса на вече,73687,Вернадский Георгий Владимирович; Карпович Михаил Михайлович,Киевская Русь,1948,Глава VII. Правительство и управление > 6. Город-государство,810,"отдельные категории населения, такие как смерды и, конечно, рабы, были полностью лишены избирательных прав",B,c1230,,scholarly,
social_strata_legal_status,посадник,posadnik,social_rule,Посадник и тысяцкий избирались вечем на короткий срок и могли переизбираться,73687,Вернадский Георгий Владимирович; Карпович Михаил Михайлович,Киевская Русь,1948,Глава VII. Правительство и управление > 6. Город-государство,811,Оба они избирались на вече на короткий срок,B,c1230,,scholarly,
social_strata_legal_status,посадник,posadnik,event,Пять поколений одной семьи (Журята–Мирослав–Якун–Дмитр–Иванко) держали посадничество до 1220-х,73687,Вернадский Георгий Владимирович; Карпович Михаил Михайлович,Киевская Русь,1948,Глава VII. Правительство и управление > 6. Город-государство,811,с начала двенадцатого до середины тринадцатого века пять поколений одной и той же семьи,B,c1230,,scholarly,
social_strata_legal_status,посадник,posadnik,social_rule,Посадник — глава городской администрации и главный судья по земельным тяжбам,73687,Вернадский Георгий Владимирович; Карпович Михаил Михайлович,Киевская Русь,1948,Глава VII. Правительство и управление > 6. Город-государство,812,Он также был главным судьей в тяжбах по поводу земли,B,c1230,,scholarly,
social_strata_legal_status,тысяцкий,tysyatsky,social_rule,Тысяцкий — командир городского ополчения и главный судья в торговых тяжбах,73687,Вернадский Георгий Владимирович; Карпович Михаил Михайлович,Киевская Русь,1948,Глава VII. Правительство и управление > 6. Город-государство,812,то он являлся командиром городского народного ополчения и главным судьей в коммерческих тяжбах,B,c1230,,scholarly,
social_strata_legal_status,кончанский староста,konchansky starosta,social_rule,"Новгород — пять концов (Словенский, Плотницкий, Загородский, Гончарский, Неревский) со своими старостами",73687,Вернадский Георгий Владимирович; Карпович Михаил Михайлович,Киевская Русь,1948,Глава VII. Правительство и управление > 6. Город-государство,813,"Община каждого «конца» выбирала своего собственного главу, известного как староста",B,c1230,,scholarly,
social_strata_legal_status,уличанский староста,ulichansky starosta,social_rule,Каждая уличная община выбирала своего старосту,73687,Вернадский Георгий Владимирович; Карпович Михаил Михайлович,Киевская Русь,1948,Глава VII. Правительство и управление > 7. Местная община,821,Каждая новгородская уличная община выбирала своего старосту,B,c1230,,scholarly,
law_justice_governance,пятины,pyatiny,social_rule,Население каждой волости-пятины чинило мостовые в своём конце,73687,Вернадский Георгий Владимирович; Карпович Михаил Михайлович,Киевская Русь,1948,Глава VII. Правительство и управление > 6. Город-государство,817,Среди обязанностей населения каждой пятины был ремонт уличных мостовых,B,medieval_general,термин «пятины» поздний (XV в.),scholarly,
law_justice_governance,колонии (Заволочье),zavoloche,social_rule,Заволочье управлялось всем Новгородом через наместников по согласованию князя с посадником,73687,Вернадский Георгий Владимирович; Карпович Михаил Михайлович,Киевская Русь,1948,Глава VII. Правительство и управление > 6. Город-государство,818,"Эта колониальная часть новгородской державы управлялась не концами, а всем городом Новгородом",B,c1230,,scholarly,
law_justice_governance,иммунитет,immunitet,social_rule,"Мстислав дал Юрьеву монастырю Буйцы «с данью, вирой и штрафами» (1130 г.)",73687,Вернадский Георгий Владимирович; Карпович Михаил Михайлович,Киевская Русь,1948,Глава VII. Правительство и управление > 8. Поместье,828,"Собственность была дарована «с данью, вирой и штрафами»",B,c1230,,scholarly,
law_justice_governance,вотчинный суд,votchinny sud,social_rule,Юридическая власть боярина над жителями владения распространялась только на его рабов,73687,Вернадский Георгий Владимирович; Карпович Михаил Михайлович,Киевская Русь,1948,Глава VII. Правительство и управление > 8. Поместье,830,Юридически она распространялась только на его рабов,B,medieval_general,Вернадский; у других авторов шире,scholarly,
social_strata_legal_status,владыка,vladyka,social_rule,С 1165 г. новгородский епископ — архиепископ; при вакансии кафедры спрашивали вече,73687,Вернадский Георгий Владимирович; Карпович Михаил Михайлович,Киевская Русь,1948,Глава VII. Правительство и управление > 9. Церковь,838,С 1165 г. епископ Новгорода носил титул архиепископа,B,c1230,,scholarly,
social_strata_legal_status,приходской священник,prikhodskoy svyashchennik,social_rule,"Приходского священника часто выбирали прихожане, епископ утверждал",73687,Вернадский Георгий Владимирович; Карпович Михаил Михайлович,Киевская Русь,1948,Глава VII. Правительство и управление > 9. Церковь,838,Однако приходской священник часто назначался прихожанами,B,medieval_general,,scholarly,
law_justice_governance,церковный суд,tserkovny sud,social_rule,Тяжбы церковных людей с мирянами разбирал смесный суд епископа и князя,73687,Вернадский Георгий Владимирович; Карпович Михаил Михайлович,Киевская Русь,1948,Глава VII. Правительство и управление > 9. Церковь,841,Тяжбы между представителями Церкви и мирянами рассматривал смешанный суд епископа и князя,B,medieval_general,,scholarly,
law_justice_governance,церковный суд,tserkovny sud,social_rule,"Церковному суду подлежали мирские дела: семейные ссоры, избиение родителей, измена, изнасилование, оскорбление",73687,Вернадский Георгий Владимирович; Карпович Михаил Михайлович,Киевская Русь,1948,Глава VII. Правительство и управление > 9. Церковь,842,ссора между мужем и женой по поводу собственности; избиение родителей детьми (но не наоборот),B,medieval_general,по церковным уставам (поздние списки),scholarly,
law_justice_governance,заклич и свод,zaklich,social_rule,Потерю объявляли на торгу; найденная у кого-то через 3 дня вещь делала его ответчиком,73687,Вернадский Георгий Владимирович; Карпович Михаил Михайлович,Киевская Русь,1948,Глава VII. Правительство и управление > 10. Право,847,"Если пропавшее не обнаруживалось на протяжении трех дней, то любой, у кого обнаруживалось пропавшее по истечении этого срока, считался в таком случае ответчиком",B,c1230,,scholarly,
law_justice_governance,доказательства,dokazatelstva,social_rule,"Три вида доказательств: свидетели, Божий суд, документы",73687,Вернадский Георгий Владимирович; Карпович Михаил Михайлович,Киевская Русь,1948,Глава VII. Правительство и управление > 10. Право,848,Стороны на суде имели в своем распоряжении три способа доказательства,B,medieval_general,,scholarly,
law_justice_governance,видок и послух,vidok i poslukh,social_rule,Правда знает два рода свидетелей: видок (очевидец) и послух,73687,Вернадский Георгий Владимирович; Карпович Михаил Михайлович,Киевская Русь,1948,Глава VII. Правительство и управление > 10. Право,849,"было два рода свидетелей: «видок» и свидетель, объявляющий, что все знает о настоящем деле – «послух»",B,medieval_general,,scholarly,
law_justice_governance,поле (судебный поединок),pole,dating,Судебный поединок впервые упомянут на Руси в договоре Смоленска с немцами 1229 г.,73687,Вернадский Георгий Владимирович; Карпович Михаил Михайлович,Киевская Русь,1948,Глава VII. Правительство и управление > 10. Право,850,"На русской почве оно впервые упоминается в договоре, заключенном между Смоленском и немецкими городами в 1229 г.",B,c1230,для Новгорода ~1230 поле ещё не норма Правды,scholarly,
law_justice_governance,наказания,nakazaniya,social_rule,Правда не знает смертной казни; телесное наказание — только для рабов,73687,Вернадский Георгий Владимирович; Карпович Михаил Михайлович,Киевская Русь,1948,Глава VII. Правительство и управление > 10. Право,852,"Примечательно, что «Правда» не приговаривает к смертной казни",B,c1230,,scholarly,
law_justice_governance,вече,veche,social_rule,Вече — сходка полноправных граждан главного города; пригородные участвовали редко,877660,Вернадский Георгий Владимирович,Звенья русской культуры. Древняя Русь (до половины XV века),2016,Глава III. Власть и управление > § 4. Вече,465,Вечем называлось общее собрание или сходка всех полноправных граждан,B,c1230,,scholarly,
law_justice_governance,вече,veche,description,"На месте веча иногда ставили скамьи, иногда дела обсуждали стоя",877660,Вернадский Георгий Владимирович,Звенья русской культуры. Древняя Русь (до половины XV века),2016,Глава III. Власть и управление > § 4. Вече,466,"На месте собраний иногда расставлялись скамьи, в других случаях дела обсуждались стоя",B,medieval_general,,scholarly,
law_justice_governance,ряд с князем,ryad s knyazem,social_rule,"По ряду князь: не судит без посадника, не раздаёт волостей без него, не приобретает земель в Новгороде",877660,Вернадский Георгий Владимирович,Звенья русской культуры. Древняя Русь (до половины XV века),2016,Глава III. Власть и управление > § 4. Вече,470,По условиям новгородского «ряда» князь обязывался,B,c1230,,scholarly,
law_justice_governance,суд веча над князем,sud vecha,social_rule,В Новгороде князь подвергался формальному суду веча за нарушение договора,877660,Вернадский Георгий Владимирович,Звенья русской культуры. Древняя Русь (до половины XV века),2016,Глава III. Власть и управление > § 4. Вече,471,В Новгороде князь подвергался формальному суду веча за неисполнение условий договора,B,c1230,,scholarly,
social_strata_legal_status,тысяцкий,tysyatsky,social_rule,В Новгороде тысяцкий оставался выборным до падения независимости,877660,Вернадский Георгий Владимирович,Звенья русской культуры. Древняя Русь (до половины XV века),2016,Глава III. Власть и управление > § 7. Строй управления,495,"Впрочем, в Новгороде должность тысяцкого оставалась выборной",B,c1230,,scholarly,
social_strata_legal_status,посадник,posadnik,social_rule,"В Новгороде посадник — высшее должностное лицо, власть его полнее княжеской",877660,Вернадский Георгий Владимирович,Звенья русской культуры. Древняя Русь (до половины XV века),2016,Глава III. Власть и управление > § 7. Строй управления,498,В Новгороде посадник был высшим должностным лицом,B,c1230,,scholarly,
social_strata_legal_status,"ключник, мечник, даньщик, мытник",knyazhie chiny,description,"Мелкие княжие чиновники: ключники, мечники (пристава), даньщики, мытники",877660,Вернадский Георгий Владимирович,Звенья русской культуры. Древняя Русь (до половины XV века),2016,Глава III. Власть и управление > § 7. Строй управления,500,"Более мелкими чиновниками были ключники, мечники (пристава), даньщики, мытники",B,medieval_general,,scholarly,
social_strata_legal_status,холоп,kholop,social_rule,"Холоп в праве — вещь, объект, а не субъект; закупы полусвободны; смерды ограниченно правоспособны",877660,Вернадский Георгий Владимирович,Звенья русской культуры. Древняя Русь (до половины XV века),2016,Глава IV. Право и суд > § 3. Смешение права публичного и частного. Лицо в древнерусском праве,606,"Холоп был не лицом, а вещью, не субъектом, а объектом права",B,medieval_general,,scholarly,
law_justice_governance,княжий двор (суд),knyazh dvor,social_rule,"Место суда — княжий двор, даже если князь не судит лично",877660,Вернадский Георгий Владимирович,Звенья русской культуры. Древняя Русь (до половины XV века),2016,Глава IV. Право и суд > § 8. Суд,665,Место суда — судебное присутствие — есть «княж двор»,B,medieval_general,,scholarly,
social_strata_legal_status,"паломник, задушный человек, слепец",tserkovnye lyudi,social_rule,"Церковному суду подсудны клир и лица под покровительством церкви: паломник, лечец, прощенник, задушный человек, слепец, хромец",877660,Вернадский Георгий Владимирович,Звенья русской культуры. Древняя Русь (до половины XV века),2016,Глава IV. Право и суд > § 8. Суд,666,"затем также лица, находившиеся под особым покровительством церкви",B,medieval_general,по Уставу Владимира,scholarly,
law_justice_governance,разделение подсудности,podsudnost,social_rule,"Посадник ведал земельными тяжбами, тысяцкий — торговыми",877660,Вернадский Георгий Владимирович,Звенья русской культуры. Древняя Русь (до половины XV века),2016,Глава IV. Право и суд > § 8. Суд,668,Посадник ведал в Новгороде преимущественно дела по тяжбам о земельной собственности,B,c1230,,scholarly,
law_justice_governance,послух,poslukh,social_rule,"Послух — пособник стороны, подтверждающий её слова «слово противу слова»",877660,Вернадский Георгий Владимирович,Звенья русской культуры. Древняя Русь (до половины XV века),2016,Глава IV. Право и суд > § 8. Суд,671,"Послухи должны были подтвердить все, что говорила выставившая их сторона",B,medieval_general,,scholarly,
law_justice_governance,рота,rota,social_rule,Рота (присяга) — форма Божьего суда; ошибка в формуле означала вину,877660,Вернадский Георгий Владимирович,Звенья русской культуры. Древняя Русь (до половины XV века),2016,Глава IV. Право и суд > § 8. Суд,671,"Предполагалось, что виновному не дано будет божеством произнести сложную форму присяги без ошибки",B,medieval_general,,scholarly,
law_justice_governance,пытка,pytka,social_rule,Пытка древнерусским правом не применялась; в договоре 1229 г. русские освобождены от «дыбы»,877660,Вернадский Георгий Владимирович,Звенья русской культуры. Древняя Русь (до половины XV века),2016,Глава IV. Право и суд > § 8. Суд,673,Пытка также древнерусским законодательством не применялась,B,c1230,,scholarly,
law_justice_governance,вира и головничество,vira,social_rule,Вира — штраф князю за убийство; головничество — возмещение родичам убитого,877660,Вернадский Георгий Владимирович,Звенья русской культуры. Древняя Русь (до половины XV века),2016,Глава IV. Право и суд > § 9. Уголовное право,676,Штраф в пользу князя или общества («людей») назывался вирой,B,c1230,,scholarly,
law_justice_governance,продажа и урок,prodazha i urok,social_rule,Уголовный штраф за обиду — продажа; вознаграждение потерпевшему — урок,877660,Вернадский Георгий Владимирович,Звенья русской культуры. Древняя Русь (до половины XV века),2016,Глава IV. Право и суд > § 9. Уголовное право,680,"Уголовный штраф назывался «продажею», а вознаграждение потерпевшему — «уроком»",B,c1230,,scholarly,
law_justice_governance,татьба,tatba,social_rule,"Татьба делилась на разряды: 12 гривен (увод холопа), 3 гривны (скот, пчёлы, птицы), 60 кун",877660,Вернадский Георгий Владимирович,Звенья русской культуры. Древняя Русь (до половины XV века),2016,Глава IV. Право и суд > § 9. Уголовное право,681,"Главное из них, по «Русской Правде», есть воровство («татьба»)",B,c1230,,scholarly,
law_justice_governance,смертная казнь,smertnaya kazn,dating,"Казнь вводится в Северной Руси лишь в монгольский период (Двинская 1397, Псковская грамоты)",877660,Вернадский Георгий Владимирович,Звенья русской культуры. Древняя Русь (до половины XV века),2016,Глава IV. Право и суд > § 9. Уголовное право,683,В монгольский период в систему наказаний в Северной Руси вводится смертная казнь,B,medieval_general,для 1230 — анахронизм как норма закона,scholarly,
law_justice_governance,смесный суд,smesny sud,social_rule,"Смесному суду были подведомственны все конфликтные дела — гражданские, уголовные, торговые, поземельные",220871,Янин Валентин Лаврентьевич,Очерки истории средневекового Новгорода,2008,Успехи боярства в борьбе за власть в конце XI – начале XII вв.,122,"Известно, что сместному суду были подведомственны все конфликтные дела",B,c1230,,scholarly,
social_strata_legal_status,бирич,birich,social_rule,Князя в смесном суде заменял бирич — полномочный представитель из знатных новгородцев,220871,Янин Валентин Лаврентьевич,Очерки истории средневекового Новгорода,2008,Успехи боярства в борьбе за власть в конце XI – начале XII вв.,122,Его заменял «бирич» – полномочный представитель из числа знатных новгородцев,B,c1230,,scholarly,
law_justice_governance,смесный суд,smesny sud,social_rule,Князь по договору не имел права «кончать суд без посадника»,220871,Янин Валентин Лаврентьевич,Очерки истории средневекового Новгорода,2008,Успехи боярства в борьбе за власть в конце XI – начале XII вв.,122,"князь, согласно непреложной формуле договора с Новгородом, не имел права «кончать суд без посадника»",B,c1230,,scholarly,
social_strata_legal_status,князь новгородский,knyaz,social_rule,Формальный приоритет в смесном суде у князя: скреплял акты печатью и брал печатную пошлину,220871,Янин Валентин Лаврентьевич,Очерки истории средневекового Новгорода,2008,Успехи боярства в борьбе за власть в конце XI – начале XII вв.,123,"формально приоритет в сместном суде принадлежал князю, который скреплял судебные акты своей печатью и получал за это печатную пошлину",B,c1230,,scholarly,
social_strata_legal_status,тысяцкий,tysyatsky,dating,С 1189–1191 гг. тысяцкие избираются на вече из новгородцев (первый — Милонег),220871,Янин Валентин Лаврентьевич,Очерки истории средневекового Новгорода,2008,Мирошка Несдинич и Олисей-Гречин,251,Отныне тысяцкие избирались на вече из числа новгородцев и были носителями вечевой воли,B,c1230,,scholarly,
social_strata_legal_status,сотни,sotni,social_rule,С начала XI в. население городских сотен было в юрисдикции князя и его тысяцкого,220871,Янин Валентин Лаврентьевич,Очерки истории средневекового Новгорода,2008,Мирошка Несдинич и Олисей-Гречин,251,с начала XI в. население городских сотен находилось в юрисдикции князя,B,c1230,,scholarly,
social_strata_legal_status,старейшие и меньшие,stareyshie i menshie,social_rule,Докончания XIII в. делят новгородцев на «старейших» и «меньших»,220871,Янин Валентин Лаврентьевич,Очерки истории средневекового Новгорода,2008,Новгород во времена Александра Невского,405,Это разделение присутствует в начальных формулах большинства докончаний XIII и XIV вв.,B,c1230,,scholarly,
social_strata_legal_status,тысяцкий,tysyatsky,social_rule,"Посадник возглавлял боярское управление, тысяцкий представлял житьих и чёрных людей",220871,Янин Валентин Лаврентьевич,Очерки истории средневекового Новгорода,2008,Новгород во времена Александра Невского,406,тысяцкий был представителем житьих и черных людей,B,c1230,,scholarly,
social_strata_legal_status,боярин,boyarin,social_rule,"Боярство XIII в. кастово: посадники связаны родством, тысяцкие вне этих связей",220871,Янин Валентин Лаврентьевич,Очерки истории средневекового Новгорода,2008,Новгород во времена Александра Невского,407,Следует обратить особое внимание на несомненное существование кастовости новгородского боярства в XIII в.,B,c1230,,scholarly,
social_strata_legal_status,житьи люди,zhityi lyudi,description,"Житьи — зажиточные новгородцы не боярского происхождения, в числе «меньших»",220871,Янин Валентин Лаврентьевич,Очерки истории средневекового Новгорода,2008,Новгород во времена Александра Невского,408,Принадлежность житьих (зажиточных новгородцев не боярского происхождения) к «меншим»,B,c1230,,scholarly,
social_strata_legal_status,князь новгородский,knyaz,social_rule,"Договоры XIII в.: князь не собирает доходы, не владеет землёй, не судит без санкции посадника",220871,Янин Валентин Лаврентьевич,Очерки истории средневекового Новгорода,2008,Вместо заключения. История Новгорода в самом сжатом очерке,1128,он также не имел права выносить судебных решений без санкции посадника,B,c1230,,scholarly,
social_strata_legal_status,князь новгородский,knyaz,social_rule,Основная функция призванного князя — судебная; в призвании и изгнании новгородцы «вольны»,220870,Янин Валентин Лаврентьевич,Новгород – раскрытая книга русского средневековья,2000,"Пресловутый ""варяжский вопрос""",21,В дальнейшем эта судебная власть была основной функцией князя,B,c1230,,scholarly,
law_justice_governance,смесный суд,smesny sud,description,На усадьбе XII в. найден административный комплекс с помостом и >100 грамот о судебных конфликтах,220870,Янин Валентин Лаврентьевич,Новгород – раскрытая книга русского средневековья,2000,"Пресловутый ""варяжский вопрос""",22,Здесь был открыт мощный административный комплекс,B,c1230,раскопки 1998 г. (Троицкий раскоп),scholarly,
law_justice_governance,смесный суд,smesny sud,dating,Смесный суд князя и посадника конституирован после восстания 1136 г.,220832,Янин Валентин Лаврентьевич,Новгородская феодальная вотчина,,,1699,Поскольку смесной суд конституирован в результате восстания 1136 г.,B,c1230,,scholarly,
law_justice_governance,смесный суд,smesny sud,dating,С 1410-х гг. по НСГ приоритет в смесном суде у посадника; ранее — у князя,220832,Янин Валентин Лаврентьевич,Новгородская феодальная вотчина,,,1719,тогда как до указанной даты свидетельствами докончаний Новгорода с князьями приоритет утверждается в пользу князя,B,medieval_general,Новгородская судная грамота — поздний памятник XV в.; для 1230 только как ретроспекция с оговоркой,scholarly,
law_justice_governance,иммунитет,immunitet,social_rule,Буйцы даны Юрьеву монастырю «с вирами и продажами» — судебный иммунитет,220832,Янин Валентин Лаврентьевич,Новгородская феодальная вотчина,,,2001,эта волость была дана князьями Мстиславом Владимировичем,B,c1230,,scholarly,
social_strata_legal_status,уличанский староста,ulichansky starosta,social_rule,Уличане выбирали старост и раскладывали на усадьбы повинности по мощению и чистоте улиц,254935,Янин Валентин Лаврентьевич,Берестяная почта столетий,1979,Усадьба и город,217,Кроме городского веча и кончанских вечевых собраний в Новгороде существовали собрания уличан,B,c1230,,scholarly,
social_strata_legal_status,князь новгородский,knyaz,event,"1136: Всеволоду вменили «неблюдение смердов», нарушение ряда, бегство с поля битвы",260041,Фроянов Игорь Яковлевич,"Мятежный Новгород. Очерки истории государственности, социальной и политической борьбы конца IX — начала XIII столетия",1992,Очерк пятый СОЦИАЛЬНО-ПОЛИТИЧЕСКАЯ БОРЬБА В НОВГОРОДЕ И СОБЫТИЯ 1136 г.,355,"Итак, Всеволоду были предъявлены следующие обвинения",B,c1230,,scholarly,
social_strata_legal_status,князь новгородский,knyaz,social_rule,"Князь лишился торгового суда (отдан купечеству), вече избирало и изгоняло князей",260041,Фроянов Игорь Яковлевич,"Мятежный Новгород. Очерки истории государственности, социальной и политической борьбы конца IX — начала XIII столетия",1992,Очерк шестой СОЦИАЛЬНО-ПОЛИТИЧЕСКАЯ БОРЬБА В НОВГОРОДЕ ПОСЛЕ СОБЫТИЙ 1136 г.,381,"князь лишился права торгового суда, отданного в руки купечества",B,c1230,,scholarly,
law_justice_governance,смена правителей 1230 г.,smena 1230,event,"1230 г., голод: грабёж дворов посадника Водовика, избраны посадник Степан Твердиславич и тысяцкий Микита",260041,Фроянов Игорь Яковлевич,"Мятежный Новгород. Очерки истории государственности, социальной и политической борьбы конца IX — начала XIII столетия",1992,Очерк восьмой НАРОДНЫЕ ВОЛНЕНИЯ 1227–1230 гг. В НОВГОРОДЕ,504,"Новгородцы избрали посадником Степана Твердиславича, а тысяцким — Микиту Петриловича",B,c1230,,scholarly,
law_justice_governance,разграбление,razgrablenie,social_rule,1230 г.: имущество свергнутых правителей поделили «по сотням»,260041,Фроянов Игорь Яковлевич,"Мятежный Новгород. Очерки истории государственности, социальной и политической борьбы конца IX — начала XIII столетия",1992,Очерк восьмой НАРОДНЫЕ ВОЛНЕНИЯ 1227–1230 гг. В НОВГОРОДЕ,504,При этом «добыток Семенов и Водовиков по стом розделиша».,B,c1230,,scholarly,
law_justice_governance,голод 1230,golod 1230,price,"1230: хлеб по 8 кун, кадь ржи 20 гривен, пшеницы 40 гривен",260041,Фроянов Игорь Яковлевич,"Мятежный Новгород. Очерки истории государственности, социальной и политической борьбы конца IX — начала XIII столетия",1992,Очерк восьмой НАРОДНЫЕ ВОЛНЕНИЯ 1227–1230 гг. В НОВГОРОДЕ,504,"почахом купити хлеб по 8 кун, а ржи кадь по 20 гривен, а в дворех по пол-30, а пшенице по 40 гривен",B,c1230,цитата НПЛ,scholarly,
social_strata_legal_status,архиепископ,arkhiepiskop,event,В 1228 г. архиепископа Арсения новгородцы выгнали «акы злодея»,378072,Лаушкин Алексей Владимирович; Галкина Елена Сергеевна; Перевезенцев Сергей Вячеславович; Колыванова Мария Олеговна; Королев Александр Сергеевич; Куксина Елена Ипполитовна; Петрова Наталья Георгиевна; Волков Владимир Алексеевич; Смолин Михаил Борисович; Ганичева Марина Валерьевна; Кошелева Вера Леонидовна; Аксенова Галина Владимировна; Воронин Всеволод Евгеньевич; Карев Владислав Михайлович; Колиненко Юлия Владиславовна; Конюхов Кирилл Рудольфович; Карев Дмитрий Владимирович; Щенникова Людмила Александровна,Русь и монголы. XIII в.,2010,Домонгольская Русь > Основные политические центры,160,"В 1228 г. архиепископа Арсения новгородцы «акы злодея пхающе за ворот, выгнаша».",B,c1230,,scholarly,
social_strata_legal_status,владыка,vladyka,social_rule,"Владыку избирало вече, утверждал митрополит; хранил казну и эталоны мер, посредничал между князем и вечем",378072,Лаушкин Алексей Владимирович; Галкина Елена Сергеевна; Перевезенцев Сергей Вячеславович; Колыванова Мария Олеговна; Королев Александр Сергеевич; Куксина Елена Ипполитовна; Петрова Наталья Георгиевна; Волков Владимир Алексеевич; Смолин Михаил Борисович; Ганичева Марина Валерьевна; Кошелева Вера Леонидовна; Аксенова Галина Владимировна; Воронин Всеволод Евгеньевич; Карев Владислав Михайлович; Колиненко Юлия Владиславовна; Конюхов Кирилл Рудольфович; Карев Дмитрий Владимирович; Щенникова Людмила Александровна,Русь и монголы. XIII в.,2010,Домонгольская Русь > Основные политические центры,160,Владыку избирало вече и утверждал митрополит.,B,c1230,,scholarly,
social_strata_legal_status,архимандрит,arkhimandrit,social_rule,"С конца XII в. вече особо избирало архимандрита Юрьева монастыря, главу монахов",378072,Лаушкин Алексей Владимирович; Галкина Елена Сергеевна; Перевезенцев Сергей Вячеславович; Колыванова Мария Олеговна; Королев Александр Сергеевич; Куксина Елена Ипполитовна; Петрова Наталья Георгиевна; Волков Владимир Алексеевич; Смолин Михаил Борисович; Ганичева Марина Валерьевна; Кошелева Вера Леонидовна; Аксенова Галина Владимировна; Воронин Всеволод Евгеньевич; Карев Владислав Михайлович; Колиненко Юлия Владиславовна; Конюхов Кирилл Рудольфович; Карев Дмитрий Владимирович; Щенникова Людмила Александровна,Русь и монголы. XIII в.,2010,Домонгольская Русь > Основные политические центры,160,"С кон. 12 в. на вече особо избирался архимандрит, пребывавший в Юрьевом монастыре.",B,c1230,,scholarly,
law_justice_governance,крестоцелование князя,krestotselovanie,event,В 1228–1230 гг. князья целовали крест «на всех грамотах Ярославлих»,572528,Валеров Алексей Валентинович,Новгород и Псков: Очерки политической истории Северо-Западной Руси XI–XIV веков,2004,Глава II Новгородско-псковские взаимоотношения в XI — первой половине XIII в. > 2. Новгород и Псков в рамках военно-политического союза (вторая половина XII — начало XIII в.),406,"в 1228, 1229 и 1230 гг., когда князья Ярослав Всеволодович и Михаил Черниговский в качестве присяги новгородцам должны были крестоцеловать «на вьсехъ грамотахъ Ярославлихъ»",B,c1230,,scholarly,
social_strata_legal_status,"посадник, тысяцкий",posadnik,event,Конец 1228 — начало 1229: посадник Иванка и тысяцкий Вячеслав проиграли политическую борьбу,572528,Валеров Алексей Валентинович,Новгород и Псков: Очерки политической истории Северо-Западной Руси XI–XIV веков,2004,Глава II Новгородско-псковские взаимоотношения в XI — первой половине XIII в. > 2. Новгород и Псков в рамках военно-политического союза (вторая половина XII — начало XIII в.),466,"Итак, в конце 1228 — начале 1229 года посадник Иванка, тысяцкий Вячеслав и их сторонники потерпели поражение",B,c1230,,scholarly,
social_strata_legal_status,сотский,sotsky,social_rule,Сотские в посольствах к князьям 1195–1196 гг.; сотский Ларион — парламентёр при Липице 1216,751267,Плетнёва Светлана Александровна; Седов Валентин Васильевич; Алексеев Леонид Васильевич; Толочко Пётр Петрович; Куза Андрей Васильевич; Зайцев Алексей Константинович; Кучера Михаил Петрович,Древнерусские княжества X–XIII вв.,1975,А.В. Куза. Новгородская земля,606,А сотский Ларион выступает в роли парламентера новгородцев в знаменитой Липицкой битве 1216 г.,B,c1230,,scholarly,
social_strata_legal_status,сотский,sotsky,social_rule,По Уставу Всеволода 10 сотских заседают у князя; им и Новгороду — треть имущества нарушителя мерил,751267,Плетнёва Светлана Александровна; Седов Валентин Васильевич; Алексеев Леонид Васильевич; Толочко Пётр Петрович; Куза Андрей Васильевич; Зайцев Алексей Константинович; Кучера Михаил Петрович,Древнерусские княжества X–XIII вв.,1975,А.В. Куза. Новгородская земля,607,все десять новгородских сотских действуют вместе,B,c1230,Устав Всеволода; Янин относит становление текста к концу первой четверти XIII в. — поэтому c1230 оставлен,scholarly,
social_strata_legal_status,сотский,sotsky,social_rule,В 1197 г. для приглашения князя новгородцы послали одних сотских,468845,Фроянов Игорь Яковлевич; Дворниченко Андрей Юрьевич,Города-государства Древней Руси,1988,ГЛАВА V ГОРОДА-ГОСУДАРСТВА В СЕВЕРО-ЗАПАДНОЙ РУСИ XI — начала XIII вв. > 1. Город-государство в Новгородской земле,434,Идоша из Новагорода передний мужи сътьскии,B,c1230,,scholarly,
social_strata_legal_status,сотни,sotni,social_rule,Сотни не были районами: сотенные усадьбы чередовались с боярскими,323826,Толочко Пётр Петрович,Власть в Древней Руси. X–XIII века,2011,Глава 5 Тысяцкий,393,Сотни не образовывали особых районов в Новгороде,B,c1230,по Янину,scholarly,
social_strata_legal_status,пошлый купец (Иванское сто),ivanskoe sto,price,Вступление в Иванское сто — взнос 50 гривен; членство наследственное,180605,Долгов Вадим Викторович,Быт и нравы Древней Руси,2007,Глава 2 Человек в панораме города-государства: власть и общество,653,необходимо было сделать взнос в размере 50 гривен,B,medieval_general,"по Рукописанию Всеволода (редакция поздняя, не ранее XIII–XIV в.); формуляр, возможно, восходит к концу XII в.; для 1230 г. — ретроспекция",scholarly,
law_justice_governance,торговый суд Иванского ста,torgovy sud,social_rule,Старосты Иванского ста судят торговые дела; посадник и бояре не вмешиваются,180605,Долгов Вадим Викторович,Быт и нравы Древней Руси,2007,Глава 2 Человек в панораме города-государства: власть и общество,653,"причем ни посадник, ни бояре не имели права вмешиваться",B,medieval_general,"по Рукописанию Всеволода (редакция поздняя, не ранее XIII–XIV в.); формуляр, возможно, восходит к концу XII в.; для 1230 г. — ретроспекция",scholarly,
law_justice_governance,эталоны мер,etalony mer,social_rule,"Нарушившего торговые эталоны лишали имущества, треть — святой Софии",260263,Фроянов Игорь Яковлевич,Загадка крещения Руси,2007,Глава 3 ЦЕРКОВЬ В СОЦИАЛЬНОЙ СИСТЕМЕ ДРЕВНЕЙ РУСИ XI–XII ВЕКОВ,380,то его «живот» (имущество) конфискуется и делится на три части,B,c1230,,scholarly,
social_strata_legal_status,купцы-вощанники,kuptsy voshchanniki,description,Иванское сто при церкви Иоанна на Опоках объединяло купцов-вощанников; там разбирались торговые тяжбы,700476,Охотникова Валентина Ильинична,Жития Всеволода-Гавриила и Слово на обретение мощей,1992,Заключение и комментарии,104,"Здесь разбирались тяжбы, возникшие при свершении сделок",B,medieval_general,"по Рукописанию Всеволода (редакция поздняя, не ранее XIII–XIV в.); формуляр, возможно, восходит к концу XII в.; для 1230 г. — ретроспекция; комментарий издателя",primary_source,
social_strata_legal_status,кончанский староста,konchansky starosta,social_rule,"На Софийской стороне к XIII в. три конца — Людин, Неревский, Загородский",378073,Лаушкин Алексей Владимирович; Галкина Елена Сергеевна; Перевезенцев Сергей Вячеславович; Колыванова Мария Олеговна; Королев Александр Сергеевич; Куксина Елена Ипполитовна; Петрова Наталья Георгиевна; Волков Владимир Алексеевич; Кошелева Вера Леонидовна; Аксенова Галина Владимировна; Воронин Всеволод Евгеньевич; Карев Владислав Михайлович; Колиненко Юлия Владиславовна; Конюхов Кирилл Рудольфович; Щенникова Людмила Александровна,Древняя Русь. IV–XII вв.,2010,Возникновение городов и княжеств > От Киева до Тмутаракани,240,На Софийской стороне к 13 в. было три конца,B,c1230,,scholarly,
law_justice_governance,кончанское вече,konchanskoe veche,social_rule,"В концах собиралось своё вече, избиравшее кончанских старост",564470,Глушкова Вера Георгиевна,Новгородская земля. Природа. Люди. История. Хозяйство,2015,"Глава 2. Великий Новгород: город-феномен, страницы и уроки его истории > 2.3. Страницы истории Великого Новгорода",206,"В концах собиралось свое вече, избиравшее кончанских старост.",B,c1230,,scholarly,
law_justice_governance,ряд с князем,ryad s knyazem,social_rule,"Князь держит Новгород «по пошлине», как держал отец",566840,Хрусталёв Денис Григорьевич,Северные крестоносцы. Русь в борьбе за сферы влияния в Восточной Прибалтике XII–XIII вв. Том 2,2009,"Приложения > № 9. Договорная грамота Новгорода с князем Ярославом Ярославичем, январь 1264 г. (№ 1)[852]",1286,"Держати ти Новъ[гор]одъ по пошлине, како держалъ отець твои.",B,medieval_general,"договор Новгорода с князем 1264/1270 гг.; формуляр, возможно, восходит к концу XII в. (Черепнин, Янин); для 1230 г. — ретроспекция, не прямое свидетельство",scholarly,
law_justice_governance,ряд с князем,ryad s knyazem,social_rule,Князь не лишает мужа волости без вины и без посадника не раздаёт волостей и грамот,566840,Хрусталёв Денис Григорьевич,Северные крестоносцы. Русь в борьбе за сферы влияния в Восточной Прибалтике XII–XIII вв. Том 2,2009,"Приложения > № 9. Договорная грамота Новгорода с князем Ярославом Ярославичем, январь 1264 г. (№ 1)[852]",1287,А мужа ти без вины волости не лишати.,B,medieval_general,"договор Новгорода с князем 1264/1270 гг.; формуляр, возможно, восходит к концу XII в. (Черепнин, Янин); для 1230 г. — ретроспекция, не прямое свидетельство",scholarly,
law_justice_governance,ряд с князем,ryad s knyazem,social_rule,"Волости держат новгородские мужи, князю идёт «дар» с них",566840,Хрусталёв Денис Григорьевич,Северные крестоносцы. Русь в борьбе за сферы влияния в Восточной Прибалтике XII–XIII вв. Том 2,2009,"Приложения > № 9. Договорная грамота Новгорода с князем Ярославом Ярославичем, январь 1264 г. (№ 1)[852]",1287,"А волостии ти, княже, новгородьскыхъ своими мужи не держати",B,medieval_general,"договор Новгорода с князем 1264/1270 гг.; формуляр, возможно, восходит к концу XII в. (Черепнин, Янин); для 1230 г. — ретроспекция, не прямое свидетельство",scholarly,
social_strata_legal_status,закладник,zakladnik,social_rule,"Князю, княгине, боярам запрещено принимать закладников и держать сёла в Новгородской волости",566840,Хрусталёв Денис Григорьевич,Северные крестоносцы. Русь в борьбе за сферы влияния в Восточной Прибалтике XII–XIII вв. Том 2,2009,"Приложения > № 9. Договорная грамота Новгорода с князем Ярославом Ярославичем, январь 1264 г. (№ 1)[852]",1290,"А закладниковъ ти, княже, не приимати",B,medieval_general,"договор Новгорода с князем 1264/1270 гг.; формуляр, возможно, восходит к концу XII в. (Черепнин, Янин); для 1230 г. — ретроспекция, не прямое свидетельство",scholarly,
social_strata_legal_status,княжой судья,knyazhoy sudya,social_rule,"Судья князя ездит по волости летом, после Петрова дня",566840,Хрусталёв Денис Григорьевич,Северные крестоносцы. Русь в борьбе за сферы влияния в Восточной Прибалтике XII–XIII вв. Том 2,2009,"Приложения > № 9. Договорная грамота Новгорода с князем Ярославом Ярославичем, январь 1264 г. (№ 1)[852]",1294,"А куда пошл[о] судии твоему ездити по волости, ехат[и и]мъ межень по Петрове [д]ни.",B,medieval_general,"договор Новгорода с князем 1264/1270 гг.; формуляр, возможно, восходит к концу XII в. (Черепнин, Янин); для 1230 г. — ретроспекция, не прямое свидетельство",scholarly,
social_strata_legal_status,дворянин князя,dvoryanin,price,"Погонное дворянам князя: от князя 5 кун, от тиуна 2 куны",566840,Хрусталёв Денис Григорьевич,Северные крестоносцы. Русь в борьбе за сферы влияния в Восточной Прибалтике XII–XIII вв. Том 2,2009,"Приложения > № 11. Договорная грамота Новгорода с князем Ярославом Ярославичем, 1269/1270 г. [856]",1329,"А дворяномъ твоимъ, како пошло, погонъ имати",B,medieval_general,"договор Новгорода с князем 1264/1270 гг.; формуляр, возможно, восходит к концу XII в. (Черепнин, Янин); для 1230 г. — ретроспекция, не прямое свидетельство",scholarly,
social_strata_legal_status,холоп,kholop,social_rule,Доносу холопа или робы на господина князь не верит,566840,Хрусталёв Денис Григорьевич,Северные крестоносцы. Русь в борьбе за сферы влияния в Восточной Прибалтике XII–XIII вв. Том 2,2009,"Приложения > № 11. Договорная грамота Новгорода с князем Ярославом Ярославичем, 1269/1270 г. [856]",1334,"А холопъ или роба почнеть вадити на господу, тому ти веры не яти.",B,medieval_general,"договор Новгорода с князем 1264/1270 гг.; формуляр, возможно, восходит к концу XII в. (Черепнин, Янин); для 1230 г. — ретроспекция, не прямое свидетельство",scholarly,
law_justice_governance,подсудность новгородца,podsudnost,social_rule,Князь не судит новгородца «на Низу» (в Суздальской земле),566840,Хрусталёв Денис Григорьевич,Северные крестоносцы. Русь в борьбе за сферы влияния в Восточной Прибалтике XII–XIII вв. Том 2,2009,"Приложения > № 11. Договорная грамота Новгорода с князем Ярославом Ярославичем, 1269/1270 г. [856]",1335,"А на Низу, княже, новгородца не судити, ни дании ти раздавати.",B,medieval_general,"договор Новгорода с князем 1264/1270 гг.; формуляр, возможно, восходит к концу XII в. (Черепнин, Янин); для 1230 г. — ретроспекция, не прямое свидетельство",scholarly,
social_strata_legal_status,гость,gost,social_rule,Князь торгует в Немецком дворе только через новгородцев и не ставит туда приставов,566840,Хрусталёв Денис Григорьевич,Северные крестоносцы. Русь в борьбе за сферы влияния в Восточной Прибалтике XII–XIII вв. Том 2,2009,"Приложения > № 11. Договорная грамота Новгорода с князем Ярославом Ярославичем, 1269/1270 г. [856]",1339,А въ Немецьскомъ дворе тобе торговати нашею братиею,B,medieval_general,"договор Новгорода с князем 1264/1270 гг.; формуляр, возможно, восходит к концу XII в. (Черепнин, Янин); для 1230 г. — ретроспекция, не прямое свидетельство",scholarly,
social_strata_legal_status,закладник,zakladnik,social_rule,"Закладники-купцы возвращаются «в сто», смерды — в свой погост",566840,Хрусталёв Денис Григорьевич,Северные крестоносцы. Русь в борьбе за сферы влияния в Восточной Прибалтике XII–XIII вв. Том 2,2009,"Приложения > № 11. Договорная грамота Новгорода с князем Ярославом Ярославичем, 1269/1270 г. [856]",1347,"кто купець, тотъ въ сто; а кто смердъ, а тот потягнеть въ свои погостъ",B,medieval_general,"договор Новгорода с князем 1264/1270 гг.; формуляр, возможно, восходит к концу XII в. (Черепнин, Янин); для 1230 г. — ретроспекция, не прямое свидетельство",scholarly,
social_strata_legal_status,"смерд, купец",smerd kupets,social_rule,"Князю запрещено выводить людей из Бежиц и принимать закладников — ни смерда, ни купца",566840,Хрусталёв Денис Григорьевич,Северные крестоносцы. Русь в борьбе за сферы влияния в Восточной Прибалтике XII–XIII вв. Том 2,2009,"Приложения > № 10. Договорная грамота Новгорода с князем Ярославом Ярославичем, январь 1264 г. (№ 2)[855]",1308,"ни смерда, ни купцины",B,medieval_general,"договор Новгорода с князем 1264/1270 гг.; формуляр, возможно, восходит к концу XII в. (Черепнин, Янин); для 1230 г. — ретроспекция, не прямое свидетельство",scholarly,
social_strata_legal_status,гость,gost,social_rule,"Новгородцы и немцы ходят друг к другу «без пакости»; если будет суд князю (новгородскому или немецкому), гость по миру уходит домой невредим",566840,Хрусталёв Денис Григорьевич,Северные крестоносцы. Русь в борьбе за сферы влияния в Восточной Прибалтике XII–XIII вв. Том 2,2009,Приложения > № 12. Договор Новгорода с Готландом и немецкими городами о мире и торговле[858] 1191/1192 гг. [859],1349,а в томъ миру ити гостю домовь бес пакости,B,c1230,"договор Новгорода с Готландом и немцами 1191/1192 гг. — в силе в начале XIII в.; «Аче будеть судъ князю» передано по прямому смыслу («суд»), толкование как усобица/смена князя спорно",scholarly,
social_strata_legal_status,посол,posol,price,Убийство новгородского посла за морем или немецкого в Новгороде — 20 гривен серебра,566840,Хрусталёв Денис Григорьевич,Северные крестоносцы. Русь в борьбе за сферы влияния в Восточной Прибалтике XII–XIII вв. Том 2,2009,Приложения > № 12. Договор Новгорода с Готландом и немецкими городами о мире и торговле[858] 1191/1192 гг. [859],1350,то за ту голову 20 гривнъ серебра,B,c1230,договор Новгорода с Готландом и немцами 1191/1192 гг. — в силе в начале XIII в.,scholarly,
social_strata_legal_status,гость,gost,price,Убийство купца (новгородца или немца) — 10 гривен серебра,566840,Хрусталёв Денис Григорьевич,Северные крестоносцы. Русь в борьбе за сферы влияния в Восточной Прибалтике XII–XIII вв. Том 2,2009,Приложения > № 12. Договор Новгорода с Готландом и немецкими городами о мире и торговле[858] 1191/1192 гг. [859],1351,А оже убьють купчину новгородца или нѣмчина купчину Новѣгородѣ,B,c1230,договор Новгорода с Готландом и немцами 1191/1192 гг. — в силе в начале XIII в.,scholarly,
law_justice_governance,связывание без вины,svyazyvanie,price,Связать мужа без вины — 12 гривен старых кун за срам,566840,Хрусталёв Денис Григорьевич,Северные крестоносцы. Русь в борьбе за сферы влияния в Восточной Прибалтике XII–XIII вв. Том 2,2009,Приложения > № 12. Договор Новгорода с Готландом и немецкими городами о мире и торговле[858] 1191/1192 гг. [859],1352,"А оже мужа свяжють без вины, то 12 гривнъ за соромъ старыхъ кунъ.",B,c1230,договор Новгорода с Готландом и немцами 1191/1192 гг. — в силе в начале XIII в.,scholarly,
law_justice_governance,насилие над женщиной,nasilie,price,Насилие над чужой женой или дочерью — 40 гривен князю и 40 потерпевшей,566840,Хрусталёв Денис Григорьевич,Северные крестоносцы. Русь в борьбе за сферы влияния в Восточной Прибалтике XII–XIII вв. Том 2,2009,Приложения > № 12. Договор Новгорода с Готландом и немецкими городами о мире и торговле[858] 1191/1192 гг. [859],1355,"Оже пошибаеть мужеску жену, любо дчьрь",B,c1230,договор Новгорода с Готландом и немцами 1191/1192 гг. — в силе в начале XIII в.,scholarly,
social_strata_legal_status,женщина,zhenshchina,price,Сорвать повой с головы жены или дочери (опростоволосить) — 6 гривен за срам,566840,Хрусталёв Денис Григорьевич,Северные крестоносцы. Русь в борьбе за сферы влияния в Восточной Прибалтике XII–XIII вв. Том 2,2009,Приложения > № 12. Договор Новгорода с Готландом и немецкими городами о мире и торговле[858] 1191/1192 гг. [859],1356,Оже съгренеть чюжее женѣ повои с головы или дщьри,B,c1230,договор Новгорода с Готландом и немцами 1191/1192 гг. — в силе в начале XIII в.,scholarly,
law_justice_governance,жребий,zhrebiy,social_rule,В бескровной тяжбе русских с немцами послухи мечут жребий; вынувший идёт на роту,566840,Хрусталёв Денис Григорьевич,Северные крестоносцы. Русь в борьбе за сферы влияния в Восточной Прибалтике XII–XIII вв. Том 2,2009,Приложения > № 12. Договор Новгорода с Готландом и немецкими городами о мире и торговле[858] 1191/1192 гг. [859],1359,то вергуть жеребьее,B,c1230,договор Новгорода с Готландом и немцами 1191/1192 гг. — в силе в начале XIII в.,scholarly,
law_justice_governance,заключение в погреб,pogreb,social_rule,"Немца не сажать в погреб в Новгороде, как и новгородца у немцев — брать своё с виноватого",566840,Хрусталёв Денис Григорьевич,Северные крестоносцы. Русь в борьбе за сферы влияния в Восточной Прибалтике XII–XIII вв. Том 2,2009,Приложения > № 12. Договор Новгорода с Готландом и немецкими городами о мире и торговле[858] 1191/1192 гг. [859],1365,Нѣмчина не сажати в погребъ Новѣгородѣ,B,c1230,договор Новгорода с Готландом и немцами 1191/1192 гг. — в силе в начале XIII в.,scholarly,
social_strata_legal_status,роба,roba,social_rule,Насилие над робой: гривна за обиду; если обесчещена — становится свободной,566840,Хрусталёв Денис Григорьевич,Северные крестоносцы. Русь в борьбе за сферы влияния в Восточной Прибалтике XII–XIII вв. Том 2,2009,Приложения > № 12. Договор Новгорода с Готландом и немецкими городами о мире и торговле[858] 1191/1192 гг. [859],1366,Оже кто робу повержеть насильемъ,B,c1230,договор Новгорода с Готландом и немцами 1191/1192 гг. — в силе в начале XIII в.,scholarly,
social_strata_legal_status,"тал, поп",tal pop,price,Убийство тала (заложника) или попа — 20 гривен серебра,566840,Хрусталёв Денис Григорьевич,Северные крестоносцы. Русь в борьбе за сферы влияния в Восточной Прибалтике XII–XIII вв. Том 2,2009,Приложения > № 12. Договор Новгорода с Готландом и немецкими городами о мире и торговле[858] 1191/1192 гг. [859],1367,"Оже убьють таль или попъ новгороцкое или нѣмецкъе Новѣгородѣ, то 20 гривнъ серебра за голову.",B,c1230,договор Новгорода с Готландом и немцами 1191/1192 гг. — в силе в начале XIII в.,scholarly,
law_justice_governance,поле (судебный поединок),pole,social_rule,Русский не может требовать от немца поединка (и наоборот); драки немцев между собой — их дело,577538,Доллингер Филипп,Ганзейский союз. Торговая империя Средневековья от Лондона и Брюгге до Пскова и Новгорода,2020,"Документы > I. События, привилегии, договоры > 3. Торговый договор между князем Смоленска и немецкими купцами («Смоленская торговая правда»)",1090,"Русский не может требовать у немца в Смоленске, как и немец у русского в Риге или Готланде, удовлетворения на дуэли",B,medieval_general,"Смоленская торговая правда 1229 г. — соседняя земля, аналогия для статуса «латинских» гостей",scholarly,
social_strata_legal_status,гость,gost,social_rule,"Смоленская правда ст.20: немцу, увозящему товар в другой город, ни князь, ни смоляне не мешают",577538,Доллингер Филипп,Ганзейский союз. Торговая империя Средневековья от Лондона и Брюгге до Пскова и Новгорода,2020,"Документы > I. События, привилегии, договоры > 3. Торговый договор между князем Смоленска и немецкими купцами («Смоленская торговая правда»)",1095,"Если немец желает увезти свой товар в другой город, ни князь, ни жители Смоленска не имеют права мешать ему",B,medieval_general,"Смоленская торговая правда 1229 г. — соседняя земля, аналогия для статуса «латинских» гостей",scholarly,
social_strata_legal_status,гость,gost,social_rule,Смоленская правда ст.19: немецкий гость в Смоленске продаёт свой товар без спора,577538,Доллингер Филипп,Ганзейский союз. Торговая империя Средневековья от Лондона и Брюгге до Пскова и Новгорода,2020,"Документы > I. События, привилегии, договоры > 3. Торговый договор между князем Смоленска и немецкими купцами («Смоленская торговая правда»)",1094,Всяк немецкий гость в Смоленске может продавать свой товар без спора.,B,medieval_general,"Смоленская торговая правда 1229 г. — соседняя земля, аналогия для статуса «латинских» гостей",scholarly,
law_justice_governance,суд над иноземцем,sud nad inozemtsem,social_rule,"Русский обвиняет немца не в публичном суде, а только перед князем",577538,Доллингер Филипп,Ганзейский союз. Торговая империя Средневековья от Лондона и Брюгге до Пскова и Новгорода,2020,"Документы > I. События, привилегии, договоры > 3. Торговый договор между князем Смоленска и немецкими купцами («Смоленская торговая правда»)",1096,"Русский не должен обвинять немца в открытом публичном суде, но только перед князем",B,medieval_general,"Смоленская торговая правда 1229 г. — соседняя земля, аналогия для статуса «латинских» гостей",scholarly,
social_strata_legal_status,гость,gost,social_rule,"Война князя немцев не касается, если они сами не пойдут с ним",577538,Доллингер Филипп,Ганзейский союз. Торговая империя Средневековья от Лондона и Брюгге до Пскова и Новгорода,2020,"Документы > I. События, привилегии, договоры > 3. Торговый договор между князем Смоленска и немецкими купцами («Смоленская торговая правда»)",1100,"Если князь Смоленский начнет войну, немцев она не касается",B,medieval_general,"Смоленская торговая правда 1229 г. — соседняя земля, аналогия для статуса «латинских» гостей",scholarly,
law_justice_governance,вира,vira,social_rule,"Половина вир и судных пошлин по Новгородской земле шла князю, половина — Новгороду",185868,Костомаров Николай Иванович,"Русская республика (Севернорусские народоправства во времена удельно-вечевого уклада. История Новгорода, Пскова и Вятки).",1994,ГЛАВА СЕДЬМАЯ. Общественная жизнь и нравы Великого Новгорода и Пскова > IV.Пригороды и волости,680,Половина всех вир и судных пошлин по Новгородской Земле принадлежала князю,B,medieval_general,"Костомаров, 1863; по поздним источникам",scholarly,
law_justice_governance,докладчики,dokladchiki,social_rule,По НСГ докладчики окончательно решали дело после исследования его судьями,185868,Костомаров Николай Иванович,"Русская республика (Севернорусские народоправства во времена удельно-вечевого уклада. История Новгорода, Пскова и Вятки).",1994,ГЛАВА СЕДЬМАЯ. Общественная жизнь и нравы Великого Новгорода и Пскова > VI.Суд,687,"Судьи исследовали дело, а докладчики решали его",B,medieval_general,Новгородская судная грамота — поздний памятник XV в.; для 1230 только как ретроспекция с оговоркой,scholarly,
social_strata_legal_status,холоп,kholop,social_rule,Не мог быть послухом холоп; но холоп — послух в тяжбе против холопа,185868,Костомаров Николай Иванович,"Русская республика (Севернорусские народоправства во времена удельно-вечевого уклада. История Новгорода, Пскова и Вятки).",1994,ГЛАВА СЕДЬМАЯ. Общественная жизнь и нравы Великого Новгорода и Пскова > VI.Суд,690,а холоп на холопа послух,B,medieval_general,Новгородская судная грамота — поздний памятник XV в.; для 1230 только как ретроспекция с оговоркой; Псков/Новгород XV в.,scholarly,
law_justice_governance,поле (судебный поединок),pole,social_rule,Отведённого послуха можно было вызвать на поле; женщина билась только с женщиной,185868,Костомаров Николай Иванович,"Русская республика (Севернорусские народоправства во времена удельно-вечевого уклада. История Новгорода, Пскова и Вятки).",1994,ГЛАВА СЕДЬМАЯ. Общественная жизнь и нравы Великого Новгорода и Пскова > VI.Суд,690,"Если судились женщины, то присуждалось поле женщине с женщиною",B,medieval_general,"Псковская судная грамота XV в.; поздний памятник, аналогия",scholarly,
law_justice_governance,хождение по меже с иконой,khozhdenie po mezhe,taboo_or_custom,В земельных спорах прошедший с иконой по спорной меже оправдывался,185868,Костомаров Николай Иванович,"Русская республика (Севернорусские народоправства во времена удельно-вечевого уклада. История Новгорода, Пскова и Вятки).",1994,ГЛАВА СЕДЬМАЯ. Общественная жизнь и нравы Великого Новгорода и Пскова > VI.Суд,692,Прошедший по меже с иконою оправдывался,B,medieval_general,"Псковская судная грамота XV в.; поздний памятник, аналогия",scholarly,
law_justice_governance,крестоцелование сторон,krestotselovanie,social_rule,"По НСГ стороны целуют крест перед делом; сын может за мать, муж за жену",185868,Костомаров Николай Иванович,"Русская республика (Севернорусские народоправства во времена удельно-вечевого уклада. История Новгорода, Пскова и Вятки).",1994,ГЛАВА СЕДЬМАЯ. Общественная жизнь и нравы Великого Новгорода и Пскова > VI.Суд,692,"но сын за мать, а муж за жену могли исполнить крестное целование",B,medieval_general,Новгородская судная грамота — поздний памятник XV в.; для 1230 только как ретроспекция с оговоркой,scholarly,
law_justice_governance,сроки суда,sroki suda,social_rule,"По НСГ земельная тяжба — не долее 2 месяцев, городское дело — месяц; неявившийся проигрывает",185868,Костомаров Николай Иванович,"Русская республика (Севернорусские народоправства во времена удельно-вечевого уклада. История Новгорода, Пскова и Вятки).",1994,ГЛАВА СЕДЬМАЯ. Общественная жизнь и нравы Великого Новгорода и Пскова > VI.Суд,693,Вообще дела о землях не должны тянуться долее двух месяцев,B,medieval_general,Новгородская судная грамота — поздний памятник XV в.; для 1230 только как ретроспекция с оговоркой,scholarly,
social_strata_legal_status,жена,zhena,social_rule,Развод по имущественным причинам допускался обоим супругам (жена навела воров на двор мужа и т.п.),616519,Пушкарёва Наталья Львовна,Женщины Древней Руси,1989,Глава II. «Поиди за мене…» (Женщина в древнерусской семье X–XV вв.) > Заключение и расторжение брака,218,Право на развод по материальным причинам закреплялось за каждым из супругов,B,medieval_general,по Уставу Ярослава и Вопрошанию Кирика (Новгород XII в.),scholarly,
social_strata_legal_status,жена,zhena,social_rule,Договор Новгорода с немцами 1269–1270 гг. подчеркнул раздельность имущества супругов,616519,Пушкарёва Наталья Львовна,Женщины Древней Руси,1989,Глава III. «А жонки з жонкою присужатъ поле…» (Правовое положение женщины в X–XV вв.) > Права женщин на владение и распоряжение имуществом,276,договор Новгорода с немцами 1269–1270 гг. подчеркнул не только отсутствие общности имущества супругов,B,medieval_general,"договор Новгорода с немцами 1269–1270 гг.; формуляр, возможно, восходит к концу XII в.; для 1230 г. — ретроспекция",scholarly,
social_strata_legal_status,боярыня,boyarynya,price,"Словесное оскорбление жён и дочерей «великих» бояр — 5 гривен золотом, как за изнасилование",616519,Пушкарёва Наталья Львовна,Женщины Древней Руси,1989,Глава III. «А жонки з жонкою присужатъ поле…» (Правовое положение женщины в X–XV вв.) > Женщина и суд: преступление и наказание,380,Оскорбление словом дочерей и жен «великих» бояр каралось штрафом,B,medieval_general,"Устав Ярослава, поздние редакции",scholarly,
social_strata_legal_status,скоморох,skomorokh,description,Скоморохи — бродячие площадные актёры и музыканты; сведения о них в основном церковные,73687,Вернадский Георгий Владимирович; Карпович Михаил Михайлович,Киевская Русь,1948,Глава IX. Русская цивилизация в киевский период > 5. Театр,1008,"Предполагается, что большинство скоморохов были площадными актерами и музыкантами",B,medieval_general,,scholarly,
social_strata_legal_status,скоморох,skomorokh,social_rule,Духовенство считало представления скоморохов язычеством и безуспешно препятствовало им,73687,Вернадский Георгий Владимирович; Карпович Михаил Михайлович,Киевская Русь,1948,Глава IX. Русская цивилизация в киевский период > 5. Театр,1009,Русское духовенство считало представления скоморохов проявлением язычества,B,medieval_general,,scholarly,
