economic_link_id,source_profession,relation,target_profession,item_ids,description,historical_confidence,source_ids
ECO00001,PRO0069,supplies,PRO0001,"[""CRF0118""]",Углежог снабжает сырьём роль «Кузнец общего профиля».,A,"[""SRC033"",""SRC045"",""SRC046"",""SRC102"",""SRC001"",""SRC032"",""SRC089""]"
ECO00002,PRO0265,supplies,PRO0001,"[""CRF0119""]",Торговец железом и крицами снабжает сырьём роль «Кузнец общего профиля».,A,"[""SRC027"",""SRC028"",""SRC029"",""SRC030"",""SRC050"",""SRC053"",""SRC072"",""SRC093""]"
ECO00003,PRO0001,sells_to,PRO0147,"[""CON0010"",""HOU0032"",""WPN0014""]",Кузнец общего профиля передаёт продукт роли «Крестьянский хозяин с несколькими занятиями».,A,"[""SRC001"",""SRC032"",""SRC033"",""SRC089"",""SRC102"",""SRC028"",""SRC044"",""SRC045""]"
ECO00004,PRO0001,sells_to,PRO0306,"[""CON0010"",""HOU0032"",""WPN0014""]",Кузнец общего профиля передаёт продукт роли «Княжеский дружинник».,A,"[""SRC001"",""SRC032"",""SRC033"",""SRC089"",""SRC102"",""SRC031"",""SRC034"",""SRC035""]"
ECO00005,PRO0069,supplies,PRO0002,"[""CRF0118""]",Углежог снабжает сырьём роль «Кузнец — изготовитель и ремонтник инструментов».,B,"[""SRC033"",""SRC045"",""SRC046"",""SRC102"",""SRC001"",""SRC032"",""SRC089""]"
ECO00006,PRO0265,supplies,PRO0002,"[""CRF0119""]",Торговец железом и крицами снабжает сырьём роль «Кузнец — изготовитель и ремонтник инструментов».,B,"[""SRC027"",""SRC028"",""SRC029"",""SRC030"",""SRC050"",""SRC053"",""SRC072"",""SRC093""]"
ECO00007,PRO0002,sells_to,PRO0147,"[""CRF0020"",""CRF0021"",""CRF0012"",""CON0040""]",Кузнец — изготовитель и ремонтник инструментов передаёт продукт роли «Крестьянский хозяин с несколькими занятиями».,A,"[""SRC001"",""SRC032"",""SRC033"",""SRC089"",""SRC102"",""SRC028"",""SRC044"",""SRC045""]"
ECO00008,PRO0002,sells_to,PRO0306,"[""CRF0020"",""CRF0021"",""CRF0012"",""CON0040""]",Кузнец — изготовитель и ремонтник инструментов передаёт продукт роли «Княжеский дружинник».,A,"[""SRC001"",""SRC032"",""SRC033"",""SRC089"",""SRC102"",""SRC031"",""SRC034"",""SRC035""]"
ECO00009,PRO0069,supplies,PRO0003,"[""CRF0118""]",Углежог снабжает сырьём роль «Кузнец ножей и мелких лезвий».,B,"[""SRC033"",""SRC045"",""SRC046"",""SRC102"",""SRC001"",""SRC032"",""SRC089""]"
ECO00010,PRO0265,supplies,PRO0003,"[""CRF0119""]",Торговец железом и крицами снабжает сырьём роль «Кузнец ножей и мелких лезвий».,B,"[""SRC027"",""SRC028"",""SRC029"",""SRC030"",""SRC050"",""SRC053"",""SRC072"",""SRC093""]"
ECO00011,PRO0003,sells_to,PRO0147,"[""HOU0013"",""WPN0042"",""WPN0069""]",Кузнец ножей и мелких лезвий передаёт продукт роли «Крестьянский хозяин с несколькими занятиями».,A,"[""SRC001"",""SRC032"",""SRC033"",""SRC089"",""SRC102"",""SRC028"",""SRC044"",""SRC045""]"
ECO00012,PRO0003,sells_to,PRO0306,"[""HOU0013"",""WPN0042"",""WPN0069""]",Кузнец ножей и мелких лезвий передаёт продукт роли «Княжеский дружинник».,A,"[""SRC001"",""SRC032"",""SRC033"",""SRC089"",""SRC102"",""SRC031"",""SRC034"",""SRC035""]"
ECO00013,PRO0069,supplies,PRO0004,"[""CRF0118""]",Углежог снабжает сырьём роль «Кузнец земледельческих орудий».,B,"[""SRC033"",""SRC045"",""SRC046"",""SRC102"",""SRC001"",""SRC032"",""SRC089""]"
ECO00014,PRO0265,supplies,PRO0004,"[""CRF0119""]",Торговец железом и крицами снабжает сырьём роль «Кузнец земледельческих орудий».,B,"[""SRC027"",""SRC028"",""SRC029"",""SRC030"",""SRC050"",""SRC053"",""SRC072"",""SRC093""]"
ECO00015,PRO0004,sells_to,PRO0147,"[""AGR0012"",""AGR0013"",""AGR0024"",""AGR0025""]",Кузнец земледельческих орудий передаёт продукт роли «Крестьянский хозяин с несколькими занятиями».,A,"[""SRC001"",""SRC032"",""SRC033"",""SRC089"",""SRC102"",""SRC028"",""SRC044"",""SRC045""]"
ECO00016,PRO0004,sells_to,PRO0306,"[""AGR0012"",""AGR0013"",""AGR0024"",""AGR0025""]",Кузнец земледельческих орудий передаёт продукт роли «Княжеский дружинник».,A,"[""SRC001"",""SRC032"",""SRC033"",""SRC089"",""SRC102"",""SRC031"",""SRC034"",""SRC035""]"
ECO00017,PRO0069,supplies,PRO0005,"[""CRF0118""]",Углежог снабжает сырьём роль «Кузнец судовых заклёпок и крепежей».,B,"[""SRC033"",""SRC045"",""SRC046"",""SRC102"",""SRC001"",""SRC032"",""SRC089""]"
ECO00018,PRO0265,supplies,PRO0005,"[""CRF0119""]",Торговец железом и крицами снабжает сырьём роль «Кузнец судовых заклёпок и крепежей».,B,"[""SRC027"",""SRC028"",""SRC029"",""SRC030"",""SRC050"",""SRC053"",""SRC072"",""SRC093""]"
ECO00019,PRO0005,sells_to,PRO0147,"[""CRF0009"",""WTR0021"",""WTR0023"",""CON0047""]",Кузнец судовых заклёпок и крепежей передаёт продукт роли «Крестьянский хозяин с несколькими занятиями».,A,"[""SRC001"",""SRC032"",""SRC033"",""SRC089"",""SRC102"",""SRC028"",""SRC044"",""SRC045""]"
ECO00020,PRO0005,sells_to,PRO0306,"[""CRF0009"",""WTR0021"",""WTR0023"",""CON0047""]",Кузнец судовых заклёпок и крепежей передаёт продукт роли «Княжеский дружинник».,A,"[""SRC001"",""SRC032"",""SRC033"",""SRC089"",""SRC102"",""SRC031"",""SRC034"",""SRC035""]"
ECO00021,PRO0069,supplies,PRO0006,"[""CRF0118""]","Углежог снабжает сырьём роль «Кузнец замков, ключей и скоб».",B,"[""SRC033"",""SRC045"",""SRC046"",""SRC102"",""SRC001"",""SRC032"",""SRC089""]"
ECO00022,PRO0265,supplies,PRO0006,"[""CRF0119""]","Торговец железом и крицами снабжает сырьём роль «Кузнец замков, ключей и скоб».",B,"[""SRC027"",""SRC028"",""SRC029"",""SRC030"",""SRC050"",""SRC053"",""SRC072"",""SRC093""]"
ECO00023,PRO0006,sells_to,PRO0147,"[""HOU0002"",""TRD0057"",""HOU0032"",""HOU0033""]","Кузнец замков, ключей и скоб передаёт продукт роли «Крестьянский хозяин с несколькими занятиями».",A,"[""SRC001"",""SRC032"",""SRC033"",""SRC089"",""SRC102"",""SRC028"",""SRC044"",""SRC045""]"
ECO00024,PRO0006,sells_to,PRO0306,"[""HOU0002"",""TRD0057"",""HOU0032"",""HOU0033""]","Кузнец замков, ключей и скоб передаёт продукт роли «Княжеский дружинник».",A,"[""SRC001"",""SRC032"",""SRC033"",""SRC089"",""SRC102"",""SRC031"",""SRC034"",""SRC035""]"
ECO00025,PRO0069,supplies,PRO0007,"[""CRF0118""]",Углежог снабжает сырьём роль «Кузнец мелких железных изделий».,B,"[""SRC033"",""SRC045"",""SRC046"",""SRC102"",""SRC001"",""SRC032"",""SRC089""]"
ECO00026,PRO0265,supplies,PRO0007,"[""CRF0119""]",Торговец железом и крицами снабжает сырьём роль «Кузнец мелких железных изделий».,B,"[""SRC027"",""SRC028"",""SRC029"",""SRC030"",""SRC050"",""SRC053"",""SRC072"",""SRC093""]"
ECO00027,PRO0007,sells_to,PRO0147,"[""CON0010"",""HOU0032"",""HOU0033""]",Кузнец мелких железных изделий передаёт продукт роли «Крестьянский хозяин с несколькими занятиями».,A,"[""SRC001"",""SRC032"",""SRC033"",""SRC089"",""SRC102"",""SRC028"",""SRC044"",""SRC045""]"
ECO00028,PRO0007,sells_to,PRO0306,"[""CON0010"",""HOU0032"",""HOU0033""]",Кузнец мелких железных изделий передаёт продукт роли «Княжеский дружинник».,A,"[""SRC001"",""SRC032"",""SRC033"",""SRC089"",""SRC102"",""SRC031"",""SRC034"",""SRC035""]"
ECO00029,PRO0069,supplies,PRO0008,"[""CRF0118""]",Углежог снабжает сырьём роль «Кузнец-оружейник».,B,"[""SRC033"",""SRC045"",""SRC046"",""SRC102"",""SRC001"",""SRC032"",""SRC089""]"
ECO00030,PRO0265,supplies,PRO0008,"[""CRF0119""]",Торговец железом и крицами снабжает сырьём роль «Кузнец-оружейник».,B,"[""SRC027"",""SRC028"",""SRC029"",""SRC030"",""SRC050"",""SRC053"",""SRC072"",""SRC093""]"
ECO00031,PRO0008,sells_to,PRO0147,"[""WPN0003"",""WPN0021"",""WPN0036""]",Кузнец-оружейник передаёт продукт роли «Крестьянский хозяин с несколькими занятиями».,A,"[""SRC001"",""SRC032"",""SRC033"",""SRC089"",""SRC102"",""SRC028"",""SRC044"",""SRC045""]"
ECO00032,PRO0008,sells_to,PRO0306,"[""WPN0003"",""WPN0021"",""WPN0036""]",Кузнец-оружейник передаёт продукт роли «Княжеский дружинник».,A,"[""SRC001"",""SRC032"",""SRC033"",""SRC089"",""SRC102"",""SRC031"",""SRC034"",""SRC035""]"
ECO00033,PRO0069,supplies,PRO0009,"[""CRF0118""]",Углежог снабжает сырьём роль «Изготовитель наконечников стрел и болтов».,B,"[""SRC033"",""SRC045"",""SRC046"",""SRC102"",""SRC001"",""SRC032"",""SRC089""]"
ECO00034,PRO0265,supplies,PRO0009,"[""CRF0119""]",Торговец железом и крицами снабжает сырьём роль «Изготовитель наконечников стрел и болтов».,B,"[""SRC027"",""SRC028"",""SRC029"",""SRC030"",""SRC050"",""SRC053"",""SRC072"",""SRC093""]"
ECO00035,PRO0009,sells_to,PRO0147,"[""WPN0003"",""WPN0004"",""WPN0005"",""WPN0036""]",Изготовитель наконечников стрел и болтов передаёт продукт роли «Крестьянский хозяин с несколькими занятиями».,A,"[""SRC001"",""SRC032"",""SRC033"",""SRC089"",""SRC102"",""SRC028"",""SRC044"",""SRC045""]"
ECO00036,PRO0009,sells_to,PRO0306,"[""WPN0003"",""WPN0004"",""WPN0005"",""WPN0036""]",Изготовитель наконечников стрел и болтов передаёт продукт роли «Княжеский дружинник».,A,"[""SRC001"",""SRC032"",""SRC033"",""SRC089"",""SRC102"",""SRC031"",""SRC034"",""SRC035""]"
ECO00037,PRO0069,supplies,PRO0010,"[""CRF0118""]",Углежог снабжает сырьём роль «Изготовитель наконечников копий и сулиц».,B,"[""SRC033"",""SRC045"",""SRC046"",""SRC102"",""SRC001"",""SRC032"",""SRC089""]"
ECO00038,PRO0265,supplies,PRO0010,"[""CRF0119""]",Торговец железом и крицами снабжает сырьём роль «Изготовитель наконечников копий и сулиц».,B,"[""SRC027"",""SRC028"",""SRC029"",""SRC030"",""SRC050"",""SRC053"",""SRC072"",""SRC093""]"
ECO00039,PRO0010,sells_to,PRO0147,"[""WPN0021"",""WPN0022"",""WPN0034"",""WPN0051""]",Изготовитель наконечников копий и сулиц передаёт продукт роли «Крестьянский хозяин с несколькими занятиями».,A,"[""SRC001"",""SRC032"",""SRC033"",""SRC089"",""SRC102"",""SRC028"",""SRC044"",""SRC045""]"
ECO00040,PRO0010,sells_to,PRO0306,"[""WPN0021"",""WPN0022"",""WPN0034"",""WPN0051""]",Изготовитель наконечников копий и сулиц передаёт продукт роли «Княжеский дружинник».,A,"[""SRC001"",""SRC032"",""SRC033"",""SRC089"",""SRC102"",""SRC031"",""SRC034"",""SRC035""]"
ECO00041,PRO0069,supplies,PRO0011,"[""CRF0118""]",Углежог снабжает сырьём роль «Кольчужник и ремонтник кольчуги».,B,"[""SRC033"",""SRC045"",""SRC046"",""SRC102"",""SRC001"",""SRC032"",""SRC089""]"
ECO00042,PRO0265,supplies,PRO0011,"[""CRF0119""]",Торговец железом и крицами снабжает сырьём роль «Кольчужник и ремонтник кольчуги».,B,"[""SRC027"",""SRC028"",""SRC029"",""SRC030"",""SRC050"",""SRC053"",""SRC072"",""SRC093""]"
ECO00043,PRO0011,sells_to,PRO0147,"[""ARM0009"",""ARM0010"",""ARM0013"",""ARM0026""]",Кольчужник и ремонтник кольчуги передаёт продукт роли «Крестьянский хозяин с несколькими занятиями».,A,"[""SRC001"",""SRC032"",""SRC033"",""SRC089"",""SRC102"",""SRC028"",""SRC044"",""SRC045""]"
ECO00044,PRO0011,sells_to,PRO0306,"[""ARM0009"",""ARM0010"",""ARM0013"",""ARM0026""]",Кольчужник и ремонтник кольчуги передаёт продукт роли «Княжеский дружинник».,A,"[""SRC001"",""SRC032"",""SRC033"",""SRC089"",""SRC102"",""SRC031"",""SRC034"",""SRC035""]"
ECO00045,PRO0069,supplies,PRO0012,"[""CRF0118""]",Углежог снабжает сырьём роль «Ремонтник металлического и ременного доспеха».,B,"[""SRC033"",""SRC045"",""SRC046"",""SRC102"",""SRC001"",""SRC032"",""SRC089""]"
ECO00046,PRO0265,supplies,PRO0012,"[""CRF0119""]",Торговец железом и крицами снабжает сырьём роль «Ремонтник металлического и ременного доспеха».,B,"[""SRC027"",""SRC028"",""SRC029"",""SRC030"",""SRC050"",""SRC053"",""SRC072"",""SRC093""]"
ECO00047,PRO0012,sells_to,PRO0147,"[""ARM0026"",""ARM0009"",""ARM0010""]",Ремонтник металлического и ременного доспеха передаёт продукт роли «Крестьянский хозяин с несколькими занятиями».,A,"[""SRC001"",""SRC032"",""SRC033"",""SRC089"",""SRC102"",""SRC028"",""SRC044"",""SRC045""]"
ECO00048,PRO0012,sells_to,PRO0306,"[""ARM0026"",""ARM0009"",""ARM0010""]",Ремонтник металлического и ременного доспеха передаёт продукт роли «Княжеский дружинник».,A,"[""SRC001"",""SRC032"",""SRC033"",""SRC089"",""SRC102"",""SRC031"",""SRC034"",""SRC035""]"
ECO00049,PRO0069,supplies,PRO0013,"[""CRF0118""]","Углежог снабжает сырьём роль «Кузнец, обслуживающий подковы и конскую упряжь».",B,"[""SRC033"",""SRC045"",""SRC046"",""SRC102"",""SRC001"",""SRC032"",""SRC089""]"
ECO00050,PRO0265,supplies,PRO0013,"[""CRF0119""]","Торговец железом и крицами снабжает сырьём роль «Кузнец, обслуживающий подковы и конскую упряжь».",B,"[""SRC027"",""SRC028"",""SRC029"",""SRC030"",""SRC050"",""SRC053"",""SRC072"",""SRC093""]"
ECO00051,PRO0013,sells_to,PRO0147,"[""HRS0022"",""HRS0030"",""HRS0023"",""HRS0024""]","Кузнец, обслуживающий подковы и конскую упряжь передаёт продукт роли «Крестьянский хозяин с несколькими занятиями».",A,"[""SRC001"",""SRC032"",""SRC033"",""SRC089"",""SRC102"",""SRC028"",""SRC044"",""SRC045""]"
ECO00052,PRO0013,sells_to,PRO0306,"[""HRS0022"",""HRS0030"",""HRS0023"",""HRS0024""]","Кузнец, обслуживающий подковы и конскую упряжь передаёт продукт роли «Княжеский дружинник».",A,"[""SRC001"",""SRC032"",""SRC033"",""SRC089"",""SRC102"",""SRC031"",""SRC034"",""SRC035""]"
ECO00053,PRO0266,supplies,PRO0014,"[""CRF0149"",""CRF0068"",""CRF0046""]",Торговец цветными металлами снабжает сырьём роль «Литейщик цветных металлов».,B,"[""SRC027"",""SRC028"",""SRC029"",""SRC030"",""SRC050"",""SRC053"",""SRC072"",""SRC093""]"
ECO00054,PRO0014,sells_to,PRO0254,"[""REL0008"",""CRF0041""]",Литейщик цветных металлов передаёт продукт роли «Крупный новгородский купец».,A,"[""SRC001"",""SRC062"",""SRC063"",""SRC085"",""SRC102"",""SRC027"",""SRC028"",""SRC029""]"
ECO00055,PRO0014,sells_to,PRO0340,"[""REL0008"",""CRF0041""]",Литейщик цветных металлов передаёт продукт роли «Боярыня / знатная владелица имущества».,B,"[""SRC001"",""SRC062"",""SRC063"",""SRC085"",""SRC102"",""SRC027"",""SRC028"",""SRC031""]"
ECO00056,PRO0014,sells_to,PRO0078,"[""REL0008"",""CRF0041""]",Литейщик цветных металлов передаёт продукт роли «Мастер церковной металлической утвари».,B,"[""SRC001"",""SRC062"",""SRC063"",""SRC085"",""SRC102""]"
ECO00057,PRO0014,sells_to,PRO0463,"[""REL0008"",""CRF0041""]",Литейщик цветных металлов передаёт продукт роли «Иностранный посол».,B,"[""SRC001"",""SRC062"",""SRC063"",""SRC085"",""SRC102"",""SRC048"",""SRC049"",""SRC050""]"
ECO00058,PRO0266,supplies,PRO0015,"[""CRF0149"",""CRF0068"",""CRF0046""]",Торговец цветными металлами снабжает сырьём роль «Мастер медных и бронзовых изделий».,B,"[""SRC027"",""SRC028"",""SRC029"",""SRC030"",""SRC050"",""SRC053"",""SRC072"",""SRC093""]"
ECO00059,PRO0015,sells_to,PRO0254,"[""REL0008"",""CRF0041""]",Мастер медных и бронзовых изделий передаёт продукт роли «Крупный новгородский купец».,A,"[""SRC001"",""SRC062"",""SRC063"",""SRC085"",""SRC102"",""SRC027"",""SRC028"",""SRC029""]"
ECO00060,PRO0015,sells_to,PRO0340,"[""REL0008"",""CRF0041""]",Мастер медных и бронзовых изделий передаёт продукт роли «Боярыня / знатная владелица имущества».,B,"[""SRC001"",""SRC062"",""SRC063"",""SRC085"",""SRC102"",""SRC027"",""SRC028"",""SRC031""]"
ECO00061,PRO0015,sells_to,PRO0078,"[""REL0008"",""CRF0041""]",Мастер медных и бронзовых изделий передаёт продукт роли «Мастер церковной металлической утвари».,B,"[""SRC001"",""SRC062"",""SRC063"",""SRC085"",""SRC102""]"
ECO00062,PRO0015,sells_to,PRO0463,"[""REL0008"",""CRF0041""]",Мастер медных и бронзовых изделий передаёт продукт роли «Иностранный посол».,B,"[""SRC001"",""SRC062"",""SRC063"",""SRC085"",""SRC102"",""SRC048"",""SRC049"",""SRC050""]"
ECO00063,PRO0266,supplies,PRO0016,"[""CRF0149"",""CRF0068"",""CRF0046""]",Торговец цветными металлами снабжает сырьём роль «Серебряных дел мастер».,B,"[""SRC027"",""SRC028"",""SRC029"",""SRC030"",""SRC050"",""SRC053"",""SRC072"",""SRC093""]"
ECO00064,PRO0016,sells_to,PRO0254,"[""REL0008"",""CRF0041""]",Серебряных дел мастер передаёт продукт роли «Крупный новгородский купец».,A,"[""SRC001"",""SRC062"",""SRC063"",""SRC085"",""SRC102"",""SRC027"",""SRC028"",""SRC029""]"
ECO00065,PRO0016,sells_to,PRO0340,"[""REL0008"",""CRF0041""]",Серебряных дел мастер передаёт продукт роли «Боярыня / знатная владелица имущества».,B,"[""SRC001"",""SRC062"",""SRC063"",""SRC085"",""SRC102"",""SRC027"",""SRC028"",""SRC031""]"
ECO00066,PRO0016,sells_to,PRO0078,"[""REL0008"",""CRF0041""]",Серебряных дел мастер передаёт продукт роли «Мастер церковной металлической утвари».,B,"[""SRC001"",""SRC062"",""SRC063"",""SRC085"",""SRC102""]"
ECO00067,PRO0016,sells_to,PRO0463,"[""REL0008"",""CRF0041""]",Серебряных дел мастер передаёт продукт роли «Иностранный посол».,B,"[""SRC001"",""SRC062"",""SRC063"",""SRC085"",""SRC102"",""SRC048"",""SRC049"",""SRC050""]"
ECO00068,PRO0266,supplies,PRO0017,"[""CRF0149"",""CRF0068"",""CRF0046""]",Торговец цветными металлами снабжает сырьём роль «Ювелир».,A,"[""SRC027"",""SRC028"",""SRC029"",""SRC030"",""SRC050"",""SRC053"",""SRC072"",""SRC093""]"
ECO00069,PRO0017,sells_to,PRO0254,"[""REL0008"",""CRF0041""]",Ювелир передаёт продукт роли «Крупный новгородский купец».,A,"[""SRC001"",""SRC062"",""SRC063"",""SRC085"",""SRC102"",""SRC027"",""SRC028"",""SRC029""]"
ECO00070,PRO0017,sells_to,PRO0340,"[""REL0008"",""CRF0041""]",Ювелир передаёт продукт роли «Боярыня / знатная владелица имущества».,A,"[""SRC001"",""SRC062"",""SRC063"",""SRC085"",""SRC102"",""SRC027"",""SRC028"",""SRC031""]"
ECO00071,PRO0017,sells_to,PRO0078,"[""REL0008"",""CRF0041""]",Ювелир передаёт продукт роли «Мастер церковной металлической утвари».,A,"[""SRC001"",""SRC062"",""SRC063"",""SRC085"",""SRC102""]"
ECO00072,PRO0017,sells_to,PRO0463,"[""REL0008"",""CRF0041""]",Ювелир передаёт продукт роли «Иностранный посол».,A,"[""SRC001"",""SRC062"",""SRC063"",""SRC085"",""SRC102"",""SRC048"",""SRC049"",""SRC050""]"
ECO00073,PRO0266,supplies,PRO0018,"[""CRF0149"",""CRF0068"",""CRF0046""]",Торговец цветными металлами снабжает сырьём роль «Изготовитель металлической проволоки».,B,"[""SRC027"",""SRC028"",""SRC029"",""SRC030"",""SRC050"",""SRC053"",""SRC072"",""SRC093""]"
ECO00074,PRO0018,sells_to,PRO0254,"[""REL0008"",""CRF0041""]",Изготовитель металлической проволоки передаёт продукт роли «Крупный новгородский купец».,A,"[""SRC001"",""SRC062"",""SRC063"",""SRC085"",""SRC102"",""SRC027"",""SRC028"",""SRC029""]"
ECO00075,PRO0018,sells_to,PRO0340,"[""REL0008"",""CRF0041""]",Изготовитель металлической проволоки передаёт продукт роли «Боярыня / знатная владелица имущества».,B,"[""SRC001"",""SRC062"",""SRC063"",""SRC085"",""SRC102"",""SRC027"",""SRC028"",""SRC031""]"
ECO00076,PRO0018,sells_to,PRO0078,"[""REL0008"",""CRF0041""]",Изготовитель металлической проволоки передаёт продукт роли «Мастер церковной металлической утвари».,C,"[""SRC001"",""SRC062"",""SRC063"",""SRC085"",""SRC102""]"
ECO00077,PRO0018,sells_to,PRO0463,"[""REL0008"",""CRF0041""]",Изготовитель металлической проволоки передаёт продукт роли «Иностранный посол».,B,"[""SRC001"",""SRC062"",""SRC063"",""SRC085"",""SRC102"",""SRC048"",""SRC049"",""SRC050""]"
ECO00078,PRO0266,supplies,PRO0019,"[""CRF0149"",""CRF0068"",""CRF0046""]",Торговец цветными металлами снабжает сырьём роль «Изготовитель малых весов и гирек».,B,"[""SRC027"",""SRC028"",""SRC029"",""SRC030"",""SRC050"",""SRC053"",""SRC072"",""SRC093""]"
ECO00079,PRO0019,sells_to,PRO0254,"[""REL0008"",""CRF0041""]",Изготовитель малых весов и гирек передаёт продукт роли «Крупный новгородский купец».,A,"[""SRC001"",""SRC062"",""SRC063"",""SRC085"",""SRC102"",""SRC027"",""SRC028"",""SRC029""]"
ECO00080,PRO0019,sells_to,PRO0340,"[""REL0008"",""CRF0041""]",Изготовитель малых весов и гирек передаёт продукт роли «Боярыня / знатная владелица имущества».,B,"[""SRC001"",""SRC062"",""SRC063"",""SRC085"",""SRC102"",""SRC027"",""SRC028"",""SRC031""]"
ECO00081,PRO0019,sells_to,PRO0078,"[""REL0008"",""CRF0041""]",Изготовитель малых весов и гирек передаёт продукт роли «Мастер церковной металлической утвари».,C,"[""SRC001"",""SRC062"",""SRC063"",""SRC085"",""SRC102""]"
ECO00082,PRO0019,sells_to,PRO0463,"[""REL0008"",""CRF0041""]",Изготовитель малых весов и гирек передаёт продукт роли «Иностранный посол».,B,"[""SRC001"",""SRC062"",""SRC063"",""SRC085"",""SRC102"",""SRC048"",""SRC049"",""SRC050""]"
ECO00083,PRO0266,supplies,PRO0020,"[""CRF0149"",""CRF0068"",""CRF0046""]",Торговец цветными металлами снабжает сырьём роль «Мастер перегородчатой эмали».,B,"[""SRC027"",""SRC028"",""SRC029"",""SRC030"",""SRC050"",""SRC053"",""SRC072"",""SRC093""]"
ECO00084,PRO0020,sells_to,PRO0254,"[""REL0008"",""CRF0041""]",Мастер перегородчатой эмали передаёт продукт роли «Крупный новгородский купец».,A,"[""SRC001"",""SRC062"",""SRC063"",""SRC085"",""SRC102"",""SRC027"",""SRC028"",""SRC029""]"
ECO00085,PRO0020,sells_to,PRO0340,"[""REL0008"",""CRF0041""]",Мастер перегородчатой эмали передаёт продукт роли «Боярыня / знатная владелица имущества».,B,"[""SRC001"",""SRC062"",""SRC063"",""SRC085"",""SRC102"",""SRC027"",""SRC028"",""SRC031""]"
ECO00086,PRO0020,sells_to,PRO0078,"[""REL0008"",""CRF0041""]",Мастер перегородчатой эмали передаёт продукт роли «Мастер церковной металлической утвари».,C,"[""SRC001"",""SRC062"",""SRC063"",""SRC085"",""SRC102""]"
ECO00087,PRO0020,sells_to,PRO0463,"[""REL0008"",""CRF0041""]",Мастер перегородчатой эмали передаёт продукт роли «Иностранный посол».,B,"[""SRC001"",""SRC062"",""SRC063"",""SRC085"",""SRC102"",""SRC048"",""SRC049"",""SRC050""]"
ECO00088,PRO0021,sells_to,PRO0254,"[""CRF0041""]",Мастер стеклянных бус передаёт продукт роли «Крупный новгородский купец».,A,"[""SRC001"",""SRC062"",""SRC063"",""SRC085"",""SRC102"",""SRC027"",""SRC028"",""SRC029""]"
ECO00089,PRO0021,sells_to,PRO0340,"[""CRF0041""]",Мастер стеклянных бус передаёт продукт роли «Боярыня / знатная владелица имущества».,B,"[""SRC001"",""SRC062"",""SRC063"",""SRC085"",""SRC102"",""SRC027"",""SRC028"",""SRC031""]"
ECO00090,PRO0021,sells_to,PRO0078,"[""CRF0041""]",Мастер стеклянных бус передаёт продукт роли «Мастер церковной металлической утвари».,C,"[""SRC001"",""SRC062"",""SRC063"",""SRC085"",""SRC102""]"
ECO00091,PRO0021,sells_to,PRO0463,"[""CRF0041""]",Мастер стеклянных бус передаёт продукт роли «Иностранный посол».,B,"[""SRC001"",""SRC062"",""SRC063"",""SRC085"",""SRC102"",""SRC048"",""SRC049"",""SRC050""]"
ECO00092,PRO0266,supplies,PRO0022,"[""CRF0149"",""CRF0068"",""CRF0046""]",Торговец цветными металлами снабжает сырьём роль «Полировщик и отделочник металлических изделий».,B,"[""SRC027"",""SRC028"",""SRC029"",""SRC030"",""SRC050"",""SRC053"",""SRC072"",""SRC093""]"
ECO00093,PRO0022,sells_to,PRO0254,"[""REL0008"",""CRF0041""]",Полировщик и отделочник металлических изделий передаёт продукт роли «Крупный новгородский купец».,A,"[""SRC001"",""SRC062"",""SRC063"",""SRC085"",""SRC102"",""SRC027"",""SRC028"",""SRC029""]"
ECO00094,PRO0022,sells_to,PRO0340,"[""REL0008"",""CRF0041""]",Полировщик и отделочник металлических изделий передаёт продукт роли «Боярыня / знатная владелица имущества».,B,"[""SRC001"",""SRC062"",""SRC063"",""SRC085"",""SRC102"",""SRC027"",""SRC028"",""SRC031""]"
ECO00095,PRO0022,sells_to,PRO0078,"[""REL0008"",""CRF0041""]",Полировщик и отделочник металлических изделий передаёт продукт роли «Мастер церковной металлической утвари».,C,"[""SRC001"",""SRC062"",""SRC063"",""SRC085"",""SRC102""]"
ECO00096,PRO0022,sells_to,PRO0463,"[""REL0008"",""CRF0041""]",Полировщик и отделочник металлических изделий передаёт продукт роли «Иностранный посол».,B,"[""SRC001"",""SRC062"",""SRC063"",""SRC085"",""SRC102"",""SRC048"",""SRC049"",""SRC050""]"
ECO00097,PRO0069,supplies,PRO0023,"[""CRF0118""]",Углежог снабжает сырьём роль «Точильщик железных инструментов».,B,"[""SRC033"",""SRC045"",""SRC046"",""SRC102"",""SRC001"",""SRC032"",""SRC089""]"
ECO00098,PRO0023,sells_to,PRO0147,[],Точильщик железных инструментов передаёт продукт роли «Крестьянский хозяин с несколькими занятиями».,A,"[""SRC001"",""SRC032"",""SRC033"",""SRC089"",""SRC102"",""SRC028"",""SRC044"",""SRC045""]"
ECO00099,PRO0023,sells_to,PRO0306,[],Точильщик железных инструментов передаёт продукт роли «Княжеский дружинник».,A,"[""SRC001"",""SRC032"",""SRC033"",""SRC089"",""SRC102"",""SRC031"",""SRC034"",""SRC035""]"
ECO00100,PRO0026,supplies,PRO0024,"[""TRD0010""]",Кожевник снабжает сырьём роль «Сапожник».,A,"[""SRC001"",""SRC061"",""SRC084"",""SRC089""]"
ECO00101,PRO0027,supplies,PRO0024,"[""TRD0010""]",Дубильщик кож снабжает сырьём роль «Сапожник».,A,"[""SRC001"",""SRC061"",""SRC084"",""SRC089""]"
ECO00102,PRO0065,supplies,PRO0024,"[""CRF0108""]",Изготовитель и мотальщик пряжи снабжает сырьём роль «Сапожник».,A,"[""SRC001"",""SRC008"",""SRC045"",""SRC089"",""SRC061"",""SRC084""]"
ECO00103,PRO0264,supplies,PRO0024,"[""TRD0010""]",Торговец кожами и шкурами снабжает сырьём роль «Сапожник».,A,"[""SRC027"",""SRC028"",""SRC029"",""SRC030"",""SRC050"",""SRC053"",""SRC072"",""SRC093""]"
ECO00104,PRO0024,sells_to,PRO0413,"[""CRF0071"",""CRF0072""]",Сапожник передаёт продукт роли «Городской хозяин двора».,A,"[""SRC001"",""SRC061"",""SRC084"",""SRC089"",""SRC008"",""SRC012"",""SRC028"",""SRC045""]"
ECO00105,PRO0024,sells_to,PRO0315,"[""CRF0071"",""CRF0072""]",Сапожник передаёт продукт роли «Городской ополченец».,A,"[""SRC001"",""SRC061"",""SRC084"",""SRC089"",""SRC031"",""SRC034"",""SRC035"",""SRC036""]"
ECO00106,PRO0026,supplies,PRO0025,"[""TRD0010""]",Кожевник снабжает сырьём роль «Ремонтник обуви».,A,"[""SRC001"",""SRC061"",""SRC084"",""SRC089""]"
ECO00107,PRO0027,supplies,PRO0025,"[""TRD0010""]",Дубильщик кож снабжает сырьём роль «Ремонтник обуви».,A,"[""SRC001"",""SRC061"",""SRC084"",""SRC089""]"
ECO00108,PRO0065,supplies,PRO0025,"[""CRF0108""]",Изготовитель и мотальщик пряжи снабжает сырьём роль «Ремонтник обуви».,A,"[""SRC001"",""SRC008"",""SRC045"",""SRC089"",""SRC061"",""SRC084""]"
ECO00109,PRO0264,supplies,PRO0025,"[""TRD0010""]",Торговец кожами и шкурами снабжает сырьём роль «Ремонтник обуви».,A,"[""SRC027"",""SRC028"",""SRC029"",""SRC030"",""SRC050"",""SRC053"",""SRC072"",""SRC093""]"
ECO00110,PRO0025,sells_to,PRO0413,"[""CRF0071"",""CRF0072""]",Ремонтник обуви передаёт продукт роли «Городской хозяин двора».,A,"[""SRC001"",""SRC061"",""SRC084"",""SRC089"",""SRC008"",""SRC012"",""SRC028"",""SRC045""]"
ECO00111,PRO0025,sells_to,PRO0315,"[""CRF0071"",""CRF0072""]",Ремонтник обуви передаёт продукт роли «Городской ополченец».,A,"[""SRC001"",""SRC061"",""SRC084"",""SRC089"",""SRC031"",""SRC034"",""SRC035"",""SRC036""]"
ECO00112,PRO0119,supplies,PRO0026,"[""HNT0021""]",Промысловый охотник снабжает сырьём роль «Кожевник».,A,"[""SRC028"",""SRC041"",""SRC042"",""SRC045"",""SRC072"",""SRC091"",""SRC001"",""SRC061""]"
ECO00113,PRO0071,supplies,PRO0026,"[""CRF0085""]",Заготовитель дубильной коры снабжает сырьём роль «Кожевник».,B,"[""SRC033"",""SRC045"",""SRC046"",""SRC102"",""SRC001"",""SRC061"",""SRC084"",""SRC089""]"
ECO00114,PRO0026,sells_to,PRO0031,"[""TRD0010""]",Кожевник передаёт продукт роли «Шорник и изготовитель ременной упряжи».,B,"[""SRC001"",""SRC061"",""SRC084"",""SRC089""]"
ECO00115,PRO0026,sells_to,PRO0319,"[""TRD0010""]",Кожевник передаёт продукт роли «Оруженосец и помощник воина».,B,"[""SRC001"",""SRC061"",""SRC084"",""SRC089"",""SRC031"",""SRC034"",""SRC035"",""SRC036""]"
ECO00116,PRO0119,supplies,PRO0027,"[""HNT0021""]",Промысловый охотник снабжает сырьём роль «Дубильщик кож».,A,"[""SRC028"",""SRC041"",""SRC042"",""SRC045"",""SRC072"",""SRC091"",""SRC001"",""SRC061""]"
ECO00117,PRO0071,supplies,PRO0027,"[""CRF0085""]",Заготовитель дубильной коры снабжает сырьём роль «Дубильщик кож».,B,"[""SRC033"",""SRC045"",""SRC046"",""SRC102"",""SRC001"",""SRC061"",""SRC084"",""SRC089""]"
ECO00118,PRO0027,sells_to,PRO0031,"[""TRD0010""]",Дубильщик кож передаёт продукт роли «Шорник и изготовитель ременной упряжи».,B,"[""SRC001"",""SRC061"",""SRC084"",""SRC089""]"
ECO00119,PRO0027,sells_to,PRO0319,"[""TRD0010""]",Дубильщик кож передаёт продукт роли «Оруженосец и помощник воина».,B,"[""SRC001"",""SRC061"",""SRC084"",""SRC089"",""SRC031"",""SRC034"",""SRC035"",""SRC036""]"
ECO00120,PRO0119,supplies,PRO0028,"[""HNT0021"",""TRD0007"",""TRD0008""]",Промысловый охотник снабжает сырьём роль «Скорняк».,A,"[""SRC028"",""SRC041"",""SRC042"",""SRC045"",""SRC072"",""SRC091"",""SRC001"",""SRC061""]"
ECO00121,PRO0121,supplies,PRO0028,"[""HNT0021"",""TRD0007"",""TRD0008""]",Зверолов-пушник снабжает сырьём роль «Скорняк».,A,"[""SRC028"",""SRC041"",""SRC042"",""SRC045"",""SRC072"",""SRC091"",""SRC001"",""SRC061""]"
ECO00122,PRO0122,supplies,PRO0028,"[""TRD0006""]",Бобровник / добытчик бобра снабжает сырьём роль «Скорняк».,A,"[""SRC028"",""SRC041"",""SRC042"",""SRC045"",""SRC072"",""SRC091"",""SRC001"",""SRC061""]"
ECO00123,PRO0028,sells_to,PRO0319,"[""TRD0051""]",Скорняк передаёт продукт роли «Оруженосец и помощник воина».,B,"[""SRC001"",""SRC061"",""SRC084"",""SRC089"",""SRC031"",""SRC034"",""SRC035"",""SRC036""]"
ECO00124,PRO0264,supplies,PRO0029,"[""TRD0010""]",Торговец кожами и шкурами снабжает сырьём роль «Ременник».,A,"[""SRC027"",""SRC028"",""SRC029"",""SRC030"",""SRC050"",""SRC053"",""SRC072"",""SRC093""]"
ECO00125,PRO0029,sells_to,PRO0031,"[""HOU0004""]",Ременник передаёт продукт роли «Шорник и изготовитель ременной упряжи».,B,"[""SRC001"",""SRC061"",""SRC084"",""SRC089""]"
ECO00126,PRO0029,sells_to,PRO0319,"[""HOU0004"",""WPN0055""]",Ременник передаёт продукт роли «Оруженосец и помощник воина».,B,"[""SRC001"",""SRC061"",""SRC084"",""SRC089"",""SRC031"",""SRC034"",""SRC035"",""SRC036""]"
ECO00127,PRO0264,supplies,PRO0030,"[""TRD0010""]",Торговец кожами и шкурами снабжает сырьём роль «Мастер кожаных ножен и оболочек».,A,"[""SRC027"",""SRC028"",""SRC029"",""SRC030"",""SRC050"",""SRC053"",""SRC072"",""SRC093""]"
ECO00128,PRO0030,sells_to,PRO0031,"[""HOU0004""]",Мастер кожаных ножен и оболочек передаёт продукт роли «Шорник и изготовитель ременной упряжи».,B,"[""SRC001"",""SRC061"",""SRC084"",""SRC089""]"
ECO00129,PRO0030,sells_to,PRO0319,"[""HOU0004"",""WPN0055""]",Мастер кожаных ножен и оболочек передаёт продукт роли «Оруженосец и помощник воина».,B,"[""SRC001"",""SRC061"",""SRC084"",""SRC089"",""SRC031"",""SRC034"",""SRC035"",""SRC036""]"
ECO00130,PRO0264,supplies,PRO0031,"[""TRD0010""]",Торговец кожами и шкурами снабжает сырьём роль «Шорник и изготовитель ременной упряжи».,A,"[""SRC027"",""SRC028"",""SRC029"",""SRC030"",""SRC050"",""SRC053"",""SRC072"",""SRC093""]"
ECO00131,PRO0031,sells_to,PRO0319,"[""HRS0003"",""HRS0018"",""HRS0035""]",Шорник и изготовитель ременной упряжи передаёт продукт роли «Оруженосец и помощник воина».,B,"[""SRC001"",""SRC061"",""SRC084"",""SRC089"",""SRC031"",""SRC034"",""SRC035"",""SRC036""]"
ECO00132,PRO0264,supplies,PRO0032,"[""TRD0010""]",Торговец кожами и шкурами снабжает сырьём роль «Швец кожаных изделий».,A,"[""SRC027"",""SRC028"",""SRC029"",""SRC030"",""SRC050"",""SRC053"",""SRC072"",""SRC093""]"
ECO00133,PRO0032,sells_to,PRO0031,"[""HOU0004""]",Швец кожаных изделий передаёт продукт роли «Шорник и изготовитель ременной упряжи».,B,"[""SRC001"",""SRC061"",""SRC084"",""SRC089""]"
ECO00134,PRO0032,sells_to,PRO0319,"[""HOU0004"",""WPN0055""]",Швец кожаных изделий передаёт продукт роли «Оруженосец и помощник воина».,B,"[""SRC001"",""SRC061"",""SRC084"",""SRC089"",""SRC031"",""SRC034"",""SRC035"",""SRC036""]"
ECO00135,PRO0138,supplies,PRO0033,"[""CON0034"",""CON0035""]",Лесоруб снабжает сырьём роль «Плотник общего профиля».,A,"[""SRC005"",""SRC045"",""SRC046"",""SRC089"",""SRC102"",""SRC001"",""SRC006"",""SRC008""]"
ECO00136,PRO0033,sells_to,PRO0413,"[""CON0029"",""CON0035"",""ARC0020""]",Плотник общего профиля передаёт продукт роли «Городской хозяин двора».,A,"[""SRC001"",""SRC005"",""SRC006"",""SRC008"",""SRC089"",""SRC012"",""SRC028"",""SRC045""]"
ECO00137,PRO0033,sells_to,PRO0076,"[""CON0029"",""CON0035"",""ARC0020""]",Плотник общего профиля передаёт продукт роли «Живописец монументальной росписи».,A,"[""SRC001"",""SRC005"",""SRC006"",""SRC008"",""SRC089"",""SRC003"",""SRC009"",""SRC013""]"
ECO00138,PRO0138,supplies,PRO0034,"[""CON0034"",""CON0035""]",Лесоруб снабжает сырьём роль «Плотник-домостроитель».,A,"[""SRC005"",""SRC045"",""SRC046"",""SRC089"",""SRC102"",""SRC001"",""SRC006"",""SRC008""]"
ECO00139,PRO0034,sells_to,PRO0413,"[""CON0029"",""CON0035"",""ARC0020""]",Плотник-домостроитель передаёт продукт роли «Городской хозяин двора».,A,"[""SRC001"",""SRC005"",""SRC006"",""SRC008"",""SRC089"",""SRC012"",""SRC028"",""SRC045""]"
ECO00140,PRO0034,sells_to,PRO0077,"[""CON0029"",""CON0035"",""ARC0020""]",Плотник-домостроитель передаёт продукт роли «Иконописец».,A,"[""SRC001"",""SRC005"",""SRC006"",""SRC008"",""SRC089"",""SRC017"",""SRC018"",""SRC020""]"
ECO00141,PRO0138,supplies,PRO0035,"[""CON0034"",""CON0035""]",Лесоруб снабжает сырьём роль «Плотник хозяйственных построек».,A,"[""SRC005"",""SRC045"",""SRC046"",""SRC089"",""SRC102"",""SRC001"",""SRC006"",""SRC008""]"
ECO00142,PRO0035,sells_to,PRO0413,"[""CON0029"",""CON0035"",""ARC0020""]",Плотник хозяйственных построек передаёт продукт роли «Городской хозяин двора».,A,"[""SRC001"",""SRC005"",""SRC006"",""SRC008"",""SRC089"",""SRC012"",""SRC028"",""SRC045""]"
ECO00143,PRO0035,sells_to,PRO0394,"[""CON0029"",""CON0035"",""ARC0020""]",Плотник хозяйственных построек передаёт продукт роли «Изготовитель богослужебного хлеба».,B,"[""SRC001"",""SRC005"",""SRC006"",""SRC008"",""SRC089"",""SRC044"",""SRC045"",""SRC102""]"
ECO00144,PRO0138,supplies,PRO0036,"[""CON0034""]",Лесоруб снабжает сырьём роль «Плотник мостов и мостовых».,A,"[""SRC005"",""SRC045"",""SRC046"",""SRC089"",""SRC102"",""SRC001"",""SRC003"",""SRC009""]"
ECO00145,PRO0036,sells_to,PRO0413,"[""STR0007""]",Плотник мостов и мостовых передаёт продукт роли «Городской хозяин двора».,A,"[""SRC001"",""SRC003"",""SRC005"",""SRC009"",""SRC013"",""SRC078"",""SRC089"",""SRC102""]"
ECO00146,PRO0036,sells_to,PRO0254,"[""STR0007""]",Плотник мостов и мостовых передаёт продукт роли «Крупный новгородский купец».,A,"[""SRC001"",""SRC003"",""SRC005"",""SRC009"",""SRC013"",""SRC078"",""SRC089"",""SRC102""]"
ECO00147,PRO0036,sells_to,PRO0384,"[""STR0007""]",Плотник мостов и мостовых передаёт продукт роли «Игумен».,A,"[""SRC001"",""SRC003"",""SRC005"",""SRC009"",""SRC013"",""SRC078"",""SRC089"",""SRC102""]"
ECO00148,PRO0036,sells_to,PRO0336,"[""STR0007""]",Плотник мостов и мостовых передаёт продукт роли «Посадник».,A,"[""SRC001"",""SRC003"",""SRC005"",""SRC009"",""SRC013"",""SRC078"",""SRC089"",""SRC102""]"
ECO00149,PRO0138,supplies,PRO0037,"[""CON0034"",""CON0035""]",Лесоруб снабжает сырьём роль «Судовой плотник».,A,"[""SRC005"",""SRC045"",""SRC046"",""SRC089"",""SRC102"",""SRC001"",""SRC039""]"
ECO00150,PRO0037,sells_to,PRO0254,"[""WTR0035"",""WTR0026"",""WTR0007""]",Судовой плотник передаёт продукт роли «Крупный новгородский купец».,A,"[""SRC001"",""SRC005"",""SRC039"",""SRC089"",""SRC027"",""SRC028"",""SRC029"",""SRC030""]"
ECO00151,PRO0037,sells_to,PRO0321,"[""WTR0035"",""WTR0026"",""WTR0007""]",Судовой плотник передаёт продукт роли «Военный лодочник / гребец».,B,"[""SRC001"",""SRC005"",""SRC039"",""SRC089"",""SRC003"",""SRC013"",""SRC029"",""SRC050""]"
ECO00152,PRO0138,supplies,PRO0038,"[""CON0034"",""CON0035""]",Лесоруб снабжает сырьём роль «Мастер мелких деревянных изделий».,A,"[""SRC005"",""SRC045"",""SRC046"",""SRC089"",""SRC102"",""SRC001"",""SRC006"",""SRC008""]"
ECO00153,PRO0038,sells_to,PRO0413,"[""POT0002"",""HOU0010"",""HOU0043""]",Мастер мелких деревянных изделий передаёт продукт роли «Городской хозяин двора».,A,"[""SRC001"",""SRC005"",""SRC006"",""SRC008"",""SRC089"",""SRC012"",""SRC028"",""SRC045""]"
ECO00154,PRO0038,sells_to,PRO0398,"[""POT0002"",""HOU0010"",""HOU0043""]",Мастер мелких деревянных изделий передаёт продукт роли «Могильщик».,B,"[""SRC001"",""SRC005"",""SRC006"",""SRC008"",""SRC089"",""SRC017"",""SRC018"",""SRC020""]"
ECO00155,PRO0138,supplies,PRO0039,"[""CON0035""]",Лесоруб снабжает сырьём роль «Резчик по дереву».,A,"[""SRC005"",""SRC045"",""SRC046"",""SRC089"",""SRC102"",""SRC001"",""SRC006"",""SRC008""]"
ECO00156,PRO0039,sells_to,PRO0413,"[""HOU0026"",""MUS0004""]",Резчик по дереву передаёт продукт роли «Городской хозяин двора».,A,"[""SRC001"",""SRC005"",""SRC006"",""SRC008"",""SRC089"",""SRC012"",""SRC028"",""SRC045""]"
ECO00157,PRO0039,sells_to,PRO0395,"[""HOU0026"",""MUS0004""]",Резчик по дереву передаёт продукт роли «Паломник».,A,"[""SRC001"",""SRC005"",""SRC006"",""SRC008"",""SRC089"",""SRC017"",""SRC018"",""SRC020""]"
ECO00158,PRO0138,supplies,PRO0040,"[""CON0034""]",Лесоруб снабжает сырьём роль «Токарь по дереву».,A,"[""SRC005"",""SRC045"",""SRC046"",""SRC089"",""SRC102"",""SRC001"",""SRC006"",""SRC008""]"
ECO00159,PRO0040,sells_to,PRO0413,"[""POT0006"",""POT0008""]",Токарь по дереву передаёт продукт роли «Городской хозяин двора».,A,"[""SRC001"",""SRC005"",""SRC006"",""SRC008"",""SRC089"",""SRC012"",""SRC028"",""SRC045""]"
ECO00160,PRO0040,sells_to,PRO0398,"[""POT0006"",""POT0008""]",Токарь по дереву передаёт продукт роли «Могильщик».,B,"[""SRC001"",""SRC005"",""SRC006"",""SRC008"",""SRC089"",""SRC017"",""SRC018"",""SRC020""]"
ECO00161,PRO0138,supplies,PRO0041,"[""CON0034"",""CON0035""]",Лесоруб снабжает сырьём роль «Изготовитель деревянных ложек и мелкой утвари».,A,"[""SRC005"",""SRC045"",""SRC046"",""SRC089"",""SRC102"",""SRC001"",""SRC006"",""SRC008""]"
ECO00162,PRO0041,sells_to,PRO0413,"[""POT0002"",""HOU0010"",""HOU0043""]",Изготовитель деревянных ложек и мелкой утвари передаёт продукт роли «Городской хозяин двора».,A,"[""SRC001"",""SRC005"",""SRC006"",""SRC008"",""SRC089"",""SRC012"",""SRC028"",""SRC045""]"
ECO00163,PRO0041,sells_to,PRO0394,"[""POT0002"",""HOU0010"",""HOU0043""]",Изготовитель деревянных ложек и мелкой утвари передаёт продукт роли «Изготовитель богослужебного хлеба».,C,"[""SRC001"",""SRC005"",""SRC006"",""SRC008"",""SRC089"",""SRC044"",""SRC045"",""SRC102""]"
ECO00164,PRO0138,supplies,PRO0042,"[""CON0035""]",Лесоруб снабжает сырьём роль «Бондарь».,A,"[""SRC005"",""SRC045"",""SRC046"",""SRC089"",""SRC102"",""SRC001"",""SRC006"",""SRC008""]"
ECO00165,PRO0042,sells_to,PRO0413,"[""HOU0024"",""HOU0036"",""TRD0023""]",Бондарь передаёт продукт роли «Городской хозяин двора».,A,"[""SRC001"",""SRC005"",""SRC006"",""SRC008"",""SRC089"",""SRC012"",""SRC028"",""SRC045""]"
ECO00166,PRO0042,sells_to,PRO0399,"[""HOU0024"",""HOU0036"",""TRD0023""]",Бондарь передаёт продукт роли «Работник при погребении и кладбище».,B,"[""SRC001"",""SRC005"",""SRC006"",""SRC008"",""SRC089"",""SRC017"",""SRC018"",""SRC020""]"
ECO00167,PRO0138,supplies,PRO0043,"[""CON0034"",""CON0035""]",Лесоруб снабжает сырьём роль «Колесник».,A,"[""SRC005"",""SRC045"",""SRC046"",""SRC089"",""SRC102"",""SRC001"",""SRC006"",""SRC008""]"
ECO00168,PRO0043,sells_to,PRO0413,"[""LTR0017"",""LTR0014"",""LTR0015""]",Колесник передаёт продукт роли «Городской хозяин двора».,A,"[""SRC001"",""SRC005"",""SRC006"",""SRC008"",""SRC089"",""SRC012"",""SRC028"",""SRC045""]"
ECO00169,PRO0043,sells_to,PRO0395,"[""LTR0017"",""LTR0014"",""LTR0015""]",Колесник передаёт продукт роли «Паломник».,B,"[""SRC001"",""SRC005"",""SRC006"",""SRC008"",""SRC089"",""SRC017"",""SRC018"",""SRC020""]"
ECO00170,PRO0138,supplies,PRO0044,"[""CON0034"",""CON0035""]",Лесоруб снабжает сырьём роль «Тележный мастер».,A,"[""SRC005"",""SRC045"",""SRC046"",""SRC089"",""SRC102"",""SRC001"",""SRC006"",""SRC008""]"
ECO00171,PRO0044,sells_to,PRO0413,"[""LTR0017"",""LTR0014"",""LTR0015""]",Тележный мастер передаёт продукт роли «Городской хозяин двора».,A,"[""SRC001"",""SRC005"",""SRC006"",""SRC008"",""SRC089"",""SRC012"",""SRC028"",""SRC045""]"
ECO00172,PRO0044,sells_to,PRO0398,"[""LTR0017"",""LTR0014"",""LTR0015""]",Тележный мастер передаёт продукт роли «Могильщик».,B,"[""SRC001"",""SRC005"",""SRC006"",""SRC008"",""SRC089"",""SRC017"",""SRC018"",""SRC020""]"
ECO00173,PRO0138,supplies,PRO0045,"[""CON0034"",""CON0035""]",Лесоруб снабжает сырьём роль «Санный мастер».,A,"[""SRC005"",""SRC045"",""SRC046"",""SRC089"",""SRC102"",""SRC001"",""SRC006"",""SRC008""]"
ECO00174,PRO0045,sells_to,PRO0413,"[""LTR0021"",""LTR0022""]",Санный мастер передаёт продукт роли «Городской хозяин двора».,A,"[""SRC001"",""SRC005"",""SRC006"",""SRC008"",""SRC089"",""SRC012"",""SRC028"",""SRC045""]"
ECO00175,PRO0045,sells_to,PRO0078,"[""LTR0021"",""LTR0022""]",Санный мастер передаёт продукт роли «Мастер церковной металлической утвари».,B,"[""SRC001"",""SRC005"",""SRC006"",""SRC008"",""SRC089"",""SRC062"",""SRC063"",""SRC085""]"
ECO00176,PRO0138,supplies,PRO0046,"[""CON0034"",""CON0035""]","Лесоруб снабжает сырьём роль «Мастер сундуков, ларей и деревянной тары».",A,"[""SRC005"",""SRC045"",""SRC046"",""SRC089"",""SRC102"",""SRC001"",""SRC006"",""SRC008""]"
ECO00177,PRO0046,sells_to,PRO0413,"[""POT0002"",""HOU0010"",""HOU0043""]","Мастер сундуков, ларей и деревянной тары передаёт продукт роли «Городской хозяин двора».",A,"[""SRC001"",""SRC005"",""SRC006"",""SRC008"",""SRC089"",""SRC012"",""SRC028"",""SRC045""]"
ECO00178,PRO0046,sells_to,PRO0380,"[""POT0002"",""HOU0010"",""HOU0043""]","Мастер сундуков, ларей и деревянной тары передаёт продукт роли «Звонарь».",B,"[""SRC001"",""SRC005"",""SRC006"",""SRC008"",""SRC089"",""SRC017"",""SRC018"",""SRC020""]"
ECO00179,PRO0138,supplies,PRO0047,"[""CON0034"",""CON0035""]","Лесоруб снабжает сырьём роль «Мастер дверей, засовов и ставен из дерева».",A,"[""SRC005"",""SRC045"",""SRC046"",""SRC089"",""SRC102"",""SRC001"",""SRC006"",""SRC008""]"
ECO00180,PRO0047,sells_to,PRO0413,"[""CON0029"",""CON0035"",""ARC0020""]","Мастер дверей, засовов и ставен из дерева передаёт продукт роли «Городской хозяин двора».",A,"[""SRC001"",""SRC005"",""SRC006"",""SRC008"",""SRC089"",""SRC012"",""SRC028"",""SRC045""]"
ECO00181,PRO0047,sells_to,PRO0380,"[""CON0029"",""CON0035"",""ARC0020""]","Мастер дверей, засовов и ставен из дерева передаёт продукт роли «Звонарь».",B,"[""SRC001"",""SRC005"",""SRC006"",""SRC008"",""SRC089"",""SRC017"",""SRC018"",""SRC020""]"
ECO00182,PRO0048,sells_to,PRO0413,"[""HOU0016"",""TRD0026"",""AGR0010""]",Корзинщик и плетельщик передаёт продукт роли «Городской хозяин двора».,A,"[""SRC001"",""SRC005"",""SRC006"",""SRC008"",""SRC089"",""SRC012"",""SRC028"",""SRC045""]"
ECO00183,PRO0048,sells_to,PRO0380,"[""HOU0016"",""TRD0026"",""AGR0010""]",Корзинщик и плетельщик передаёт продукт роли «Звонарь».,B,"[""SRC001"",""SRC005"",""SRC006"",""SRC008"",""SRC089"",""SRC017"",""SRC018"",""SRC020""]"
ECO00184,PRO0049,sells_to,PRO0413,"[""HOU0016"",""TRD0026"",""AGR0010""]",Мастер берестяных изделий передаёт продукт роли «Городской хозяин двора».,A,"[""SRC001"",""SRC005"",""SRC006"",""SRC008"",""SRC089"",""SRC012"",""SRC028"",""SRC045""]"
ECO00185,PRO0049,sells_to,PRO0380,"[""HOU0016"",""TRD0026"",""AGR0010""]",Мастер берестяных изделий передаёт продукт роли «Звонарь».,B,"[""SRC001"",""SRC005"",""SRC006"",""SRC008"",""SRC089"",""SRC017"",""SRC018"",""SRC020""]"
ECO00186,PRO0138,supplies,PRO0050,"[""CON0034"",""CON0035""]",Лесоруб снабжает сырьём роль «Изготовитель деревянных игрушек».,A,"[""SRC005"",""SRC045"",""SRC046"",""SRC089"",""SRC102"",""SRC001"",""SRC006"",""SRC008""]"
ECO00187,PRO0050,sells_to,PRO0413,"[""POT0002"",""HOU0010"",""HOU0043""]",Изготовитель деревянных игрушек передаёт продукт роли «Городской хозяин двора».,A,"[""SRC001"",""SRC005"",""SRC006"",""SRC008"",""SRC089"",""SRC012"",""SRC028"",""SRC045""]"
ECO00188,PRO0050,sells_to,PRO0078,"[""POT0002"",""HOU0010"",""HOU0043""]",Изготовитель деревянных игрушек передаёт продукт роли «Мастер церковной металлической утвари».,B,"[""SRC001"",""SRC005"",""SRC006"",""SRC008"",""SRC089"",""SRC062"",""SRC063"",""SRC085""]"
ECO00189,PRO0090,supplies,PRO0051,"[""MSC0034""]",Мясник снабжает сырьём роль «Косторез».,A,"[""SRC025"",""SRC040"",""SRC041"",""SRC042"",""SRC044"",""SRC045"",""SRC001"",""SRC008""]"
ECO00190,PRO0051,sells_to,PRO0413,"[""HOU0026"",""HOU0035"",""MUS0004""]",Косторез передаёт продукт роли «Городской хозяин двора».,A,"[""SRC001"",""SRC008"",""SRC089"",""SRC012"",""SRC028"",""SRC045"",""SRC067"",""SRC074""]"
ECO00191,PRO0090,supplies,PRO0052,"[""MSC0034""]",Мясник снабжает сырьём роль «Изготовитель костяных гребней».,B,"[""SRC025"",""SRC040"",""SRC041"",""SRC042"",""SRC044"",""SRC045"",""SRC001"",""SRC008""]"
ECO00192,PRO0052,sells_to,PRO0413,"[""HOU0026"",""HOU0035"",""MUS0004""]",Изготовитель костяных гребней передаёт продукт роли «Городской хозяин двора».,A,"[""SRC001"",""SRC008"",""SRC089"",""SRC012"",""SRC028"",""SRC045"",""SRC067"",""SRC074""]"
ECO00193,PRO0090,supplies,PRO0053,"[""MSC0034""]",Мясник снабжает сырьём роль «Изготовитель костяных игл и мелких орудий».,B,"[""SRC025"",""SRC040"",""SRC041"",""SRC042"",""SRC044"",""SRC045"",""SRC001"",""SRC008""]"
ECO00194,PRO0053,sells_to,PRO0413,"[""HOU0026"",""HOU0035"",""MUS0004""]",Изготовитель костяных игл и мелких орудий передаёт продукт роли «Городской хозяин двора».,A,"[""SRC001"",""SRC008"",""SRC089"",""SRC012"",""SRC028"",""SRC045"",""SRC067"",""SRC074""]"
ECO00195,PRO0090,supplies,PRO0054,"[""MSC0034""]",Мясник снабжает сырьём роль «Изготовитель игральных костей и фигурок».,B,"[""SRC025"",""SRC040"",""SRC041"",""SRC042"",""SRC044"",""SRC045"",""SRC001"",""SRC008""]"
ECO00196,PRO0054,sells_to,PRO0413,"[""HOU0026"",""HOU0035"",""MUS0004""]",Изготовитель игральных костей и фигурок передаёт продукт роли «Городской хозяин двора».,A,"[""SRC001"",""SRC008"",""SRC089"",""SRC012"",""SRC028"",""SRC045"",""SRC067"",""SRC074""]"
ECO00197,PRO0139,supplies,PRO0055,"[""MSC0046""]",Заготовитель дров снабжает сырьём роль «Гончар».,A,"[""SRC005"",""SRC045"",""SRC046"",""SRC089"",""SRC102"",""SRC001"",""SRC024""]"
ECO00198,PRO0055,sells_to,PRO0413,"[""POT0018"",""POT0019"",""POT0021""]",Гончар передаёт продукт роли «Городской хозяин двора».,A,"[""SRC001"",""SRC024"",""SRC089"",""SRC102"",""SRC008"",""SRC012"",""SRC028"",""SRC045""]"
ECO00199,PRO0139,supplies,PRO0056,"[""MSC0046""]",Заготовитель дров снабжает сырьём роль «Помощник гончара».,A,"[""SRC005"",""SRC045"",""SRC046"",""SRC089"",""SRC102"",""SRC001"",""SRC024""]"
ECO00200,PRO0056,sells_to,PRO0413,"[""POT0018"",""POT0019"",""POT0021""]",Помощник гончара передаёт продукт роли «Городской хозяин двора».,A,"[""SRC001"",""SRC024"",""SRC089"",""SRC102"",""SRC008"",""SRC012"",""SRC028"",""SRC045""]"
ECO00201,PRO0139,supplies,PRO0057,"[""MSC0046""]",Заготовитель дров снабжает сырьём роль «Подготовитель глины для гончара».,A,"[""SRC005"",""SRC045"",""SRC046"",""SRC089"",""SRC102"",""SRC001"",""SRC024""]"
ECO00202,PRO0057,sells_to,PRO0413,"[""POT0018"",""POT0019"",""POT0021""]",Подготовитель глины для гончара передаёт продукт роли «Городской хозяин двора».,A,"[""SRC001"",""SRC024"",""SRC089"",""SRC102"",""SRC008"",""SRC012"",""SRC028"",""SRC045""]"
ECO00203,PRO0059,supplies,PRO0058,"[""CRF0034""]","Обработчик льна, конопли и шерсти снабжает сырьём роль «Прядильщик / пряха».",A,"[""SRC001"",""SRC008"",""SRC045"",""SRC089""]"
ECO00204,PRO0185,supplies,PRO0058,"[""CRF0034""]",Сортировщик и подготовитель шерсти снабжает сырьём роль «Прядильщик / пряха».,A,"[""SRC001"",""SRC008"",""SRC045"",""SRC089""]"
ECO00205,PRO0058,sells_to,PRO0063,"[""CRF0108""]",Прядильщик / пряха передаёт продукт роли «Портной / швец одежды».,A,"[""SRC001"",""SRC008"",""SRC045"",""SRC089""]"
ECO00206,PRO0058,sells_to,PRO0068,"[""CRF0108""]",Прядильщик / пряха передаёт продукт роли «Мастер парусов и парусного полотна».,A,"[""SRC001"",""SRC008"",""SRC045"",""SRC089""]"
ECO00207,PRO0059,supplies,PRO0060,"[""CRF0034""]","Обработчик льна, конопли и шерсти снабжает сырьём роль «Ткач».",B,"[""SRC001"",""SRC008"",""SRC045"",""SRC089""]"
ECO00208,PRO0185,supplies,PRO0060,"[""CRF0034""]",Сортировщик и подготовитель шерсти снабжает сырьём роль «Ткач».,B,"[""SRC001"",""SRC008"",""SRC045"",""SRC089""]"
ECO00209,PRO0060,sells_to,PRO0063,"[""TRD0053""]",Ткач передаёт продукт роли «Портной / швец одежды».,B,"[""SRC001"",""SRC008"",""SRC045"",""SRC089""]"
ECO00210,PRO0060,sells_to,PRO0068,"[""TRD0053""]",Ткач передаёт продукт роли «Мастер парусов и парусного полотна».,B,"[""SRC001"",""SRC008"",""SRC045"",""SRC089""]"
ECO00211,PRO0059,supplies,PRO0061,"[""CRF0034""]","Обработчик льна, конопли и шерсти снабжает сырьём роль «Ткач поясов и узких лент».",B,"[""SRC001"",""SRC008"",""SRC045"",""SRC089""]"
ECO00212,PRO0185,supplies,PRO0061,"[""CRF0034""]",Сортировщик и подготовитель шерсти снабжает сырьём роль «Ткач поясов и узких лент».,B,"[""SRC001"",""SRC008"",""SRC045"",""SRC089""]"
ECO00213,PRO0061,sells_to,PRO0063,"[""TRD0053""]",Ткач поясов и узких лент передаёт продукт роли «Портной / швец одежды».,B,"[""SRC001"",""SRC008"",""SRC045"",""SRC089""]"
ECO00214,PRO0061,sells_to,PRO0068,"[""TRD0053""]",Ткач поясов и узких лент передаёт продукт роли «Мастер парусов и парусного полотна».,B,"[""SRC001"",""SRC008"",""SRC045"",""SRC089""]"
ECO00215,PRO0267,supplies,PRO0062,"[""TRD0053""]",Торговец тканями снабжает сырьём роль «Красильщик ткани и пряжи».,A,"[""SRC027"",""SRC028"",""SRC029"",""SRC030"",""SRC050"",""SRC053"",""SRC072"",""SRC093""]"
ECO00216,PRO0267,supplies,PRO0063,"[""TRD0053""]",Торговец тканями снабжает сырьём роль «Портной / швец одежды».,A,"[""SRC027"",""SRC028"",""SRC029"",""SRC030"",""SRC050"",""SRC053"",""SRC072"",""SRC093""]"
ECO00217,PRO0267,supplies,PRO0064,"[""TRD0053""]",Торговец тканями снабжает сырьём роль «Ремонтник одежды».,A,"[""SRC027"",""SRC028"",""SRC029"",""SRC030"",""SRC050"",""SRC053"",""SRC072"",""SRC093""]"
ECO00218,PRO0059,supplies,PRO0065,"[""CRF0034""]","Обработчик льна, конопли и шерсти снабжает сырьём роль «Изготовитель и мотальщик пряжи».",B,"[""SRC001"",""SRC008"",""SRC045"",""SRC089""]"
ECO00219,PRO0185,supplies,PRO0065,"[""CRF0034""]",Сортировщик и подготовитель шерсти снабжает сырьём роль «Изготовитель и мотальщик пряжи».,B,"[""SRC001"",""SRC008"",""SRC045"",""SRC089""]"
ECO00220,PRO0065,sells_to,PRO0063,"[""CRF0108""]",Изготовитель и мотальщик пряжи передаёт продукт роли «Портной / швец одежды».,B,"[""SRC001"",""SRC008"",""SRC045"",""SRC089""]"
ECO00221,PRO0065,sells_to,PRO0068,"[""CRF0108""]",Изготовитель и мотальщик пряжи передаёт продукт роли «Мастер парусов и парусного полотна».,B,"[""SRC001"",""SRC008"",""SRC045"",""SRC089""]"
ECO00222,PRO0059,supplies,PRO0066,"[""CRF0034""]","Обработчик льна, конопли и шерсти снабжает сырьём роль «Верёвочник / канатчик».",B,"[""SRC001"",""SRC008"",""SRC045"",""SRC089"",""SRC025"",""SRC039""]"
ECO00223,PRO0066,sells_to,PRO0326,"[""HOU0018"",""WTR0032""]",Верёвочник / канатчик передаёт продукт роли «Сторож усадьбы».,B,"[""SRC001"",""SRC025"",""SRC039"",""SRC045"",""SRC031"",""SRC071"",""SRC102""]"
ECO00224,PRO0059,supplies,PRO0067,"[""CRF0034""]","Обработчик льна, конопли и шерсти снабжает сырьём роль «Сетевязальщик».",A,"[""SRC001"",""SRC008"",""SRC045"",""SRC089"",""SRC025"",""SRC039""]"
ECO00225,PRO0067,sells_to,PRO0326,"[""FSH0032""]",Сетевязальщик передаёт продукт роли «Сторож усадьбы».,A,"[""SRC001"",""SRC025"",""SRC039"",""SRC045"",""SRC031"",""SRC071"",""SRC102""]"
ECO00226,PRO0267,supplies,PRO0068,"[""TRD0053""]",Торговец тканями снабжает сырьём роль «Мастер парусов и парусного полотна».,A,"[""SRC027"",""SRC028"",""SRC029"",""SRC030"",""SRC050"",""SRC053"",""SRC072"",""SRC093""]"
ECO00227,PRO0138,supplies,PRO0069,"[""CON0034""]",Лесоруб снабжает сырьём роль «Углежог».,A,"[""SRC005"",""SRC045"",""SRC046"",""SRC089"",""SRC102"",""SRC033""]"
ECO00228,PRO0138,supplies,PRO0070,"[""CON0034""]",Лесоруб снабжает сырьём роль «Смолокур и варщик смолы».,A,"[""SRC005"",""SRC045"",""SRC046"",""SRC089"",""SRC102"",""SRC033""]"
ECO00229,PRO0070,sells_to,PRO0231,"[""WTR0019""]",Смолокур и варщик смолы передаёт продукт роли «Ремонтник лодок».,B,"[""SRC033"",""SRC045"",""SRC046"",""SRC102"",""SRC003"",""SRC013"",""SRC029"",""SRC039""]"
ECO00230,PRO0073,sells_to,PRO0203,"[""CON0041""]",Изготовитель плинфы / кирпичник передаёт продукт роли «Каменщик».,B,"[""SRC033"",""SRC045"",""SRC046"",""SRC102"",""SRC001"",""SRC003"",""SRC005"",""SRC009""]"
ECO00231,PRO0074,sells_to,PRO0413,"[""CON0037""]",Каменотёс передаёт продукт роли «Городской хозяин двора».,A,"[""SRC001"",""SRC003"",""SRC005"",""SRC009"",""SRC013"",""SRC078"",""SRC089"",""SRC102""]"
ECO00232,PRO0074,sells_to,PRO0254,"[""CON0037""]",Каменотёс передаёт продукт роли «Крупный новгородский купец».,A,"[""SRC001"",""SRC003"",""SRC005"",""SRC009"",""SRC013"",""SRC078"",""SRC089"",""SRC102""]"
ECO00233,PRO0074,sells_to,PRO0384,"[""CON0037""]",Каменотёс передаёт продукт роли «Игумен».,A,"[""SRC001"",""SRC003"",""SRC005"",""SRC009"",""SRC013"",""SRC078"",""SRC089"",""SRC102""]"
ECO00234,PRO0074,sells_to,PRO0336,"[""CON0037""]",Каменотёс передаёт продукт роли «Посадник».,A,"[""SRC001"",""SRC003"",""SRC005"",""SRC009"",""SRC013"",""SRC078"",""SRC089"",""SRC102""]"
ECO00235,PRO0075,sells_to,PRO0413,"[""CON0023""]",Штукатур и приготовитель грунта передаёт продукт роли «Городской хозяин двора».,A,"[""SRC001"",""SRC003"",""SRC005"",""SRC009"",""SRC013"",""SRC078"",""SRC089"",""SRC102""]"
ECO00236,PRO0075,sells_to,PRO0254,"[""CON0023""]",Штукатур и приготовитель грунта передаёт продукт роли «Крупный новгородский купец».,A,"[""SRC001"",""SRC003"",""SRC005"",""SRC009"",""SRC013"",""SRC078"",""SRC089"",""SRC102""]"
ECO00237,PRO0075,sells_to,PRO0384,"[""CON0023""]",Штукатур и приготовитель грунта передаёт продукт роли «Игумен».,A,"[""SRC001"",""SRC003"",""SRC005"",""SRC009"",""SRC013"",""SRC078"",""SRC089"",""SRC102""]"
ECO00238,PRO0075,sells_to,PRO0336,"[""CON0023""]",Штукатур и приготовитель грунта передаёт продукт роли «Посадник».,A,"[""SRC001"",""SRC003"",""SRC005"",""SRC009"",""SRC013"",""SRC078"",""SRC089"",""SRC102""]"
ECO00239,PRO0076,sells_to,PRO0413,"[""CON0023""]",Живописец монументальной росписи передаёт продукт роли «Городской хозяин двора».,A,"[""SRC001"",""SRC003"",""SRC005"",""SRC009"",""SRC013"",""SRC078"",""SRC089"",""SRC102""]"
ECO00240,PRO0076,sells_to,PRO0254,"[""CON0023""]",Живописец монументальной росписи передаёт продукт роли «Крупный новгородский купец».,A,"[""SRC001"",""SRC003"",""SRC005"",""SRC009"",""SRC013"",""SRC078"",""SRC089"",""SRC102""]"
ECO00241,PRO0076,sells_to,PRO0384,"[""CON0023""]",Живописец монументальной росписи передаёт продукт роли «Игумен».,A,"[""SRC001"",""SRC003"",""SRC005"",""SRC009"",""SRC013"",""SRC078"",""SRC089"",""SRC102""]"
ECO00242,PRO0076,sells_to,PRO0336,"[""CON0023""]",Живописец монументальной росписи передаёт продукт роли «Посадник».,A,"[""SRC001"",""SRC003"",""SRC005"",""SRC009"",""SRC013"",""SRC078"",""SRC089"",""SRC102""]"
ECO00243,PRO0077,serves,PRO0413,[],Иконописец оказывает услугу роли «Городской хозяин двора».,A,"[""SRC017"",""SRC018"",""SRC020"",""SRC021"",""SRC022"",""SRC023"",""SRC031"",""SRC055""]"
ECO00244,PRO0077,serves,PRO0395,[],Иконописец оказывает услугу роли «Паломник».,A,"[""SRC017"",""SRC018"",""SRC020"",""SRC021"",""SRC022"",""SRC023"",""SRC031"",""SRC055""]"
ECO00245,PRO0077,serves,PRO0396,[],"Иконописец оказывает услугу роли «Нищий, просящий милостыню у церкви».",A,"[""SRC017"",""SRC018"",""SRC020"",""SRC021"",""SRC022"",""SRC023"",""SRC031"",""SRC055""]"
ECO00246,PRO0077,serves,PRO0383,[],Иконописец оказывает услугу роли «Монах».,A,"[""SRC017"",""SRC018"",""SRC020"",""SRC021"",""SRC022"",""SRC023"",""SRC031"",""SRC055""]"
ECO00247,PRO0266,supplies,PRO0078,"[""CRF0149"",""CRF0068"",""CRF0046""]",Торговец цветными металлами снабжает сырьём роль «Мастер церковной металлической утвари».,B,"[""SRC027"",""SRC028"",""SRC029"",""SRC030"",""SRC050"",""SRC053"",""SRC072"",""SRC093""]"
ECO00248,PRO0078,sells_to,PRO0254,"[""REL0008"",""CRF0041""]",Мастер церковной металлической утвари передаёт продукт роли «Крупный новгородский купец».,A,"[""SRC001"",""SRC062"",""SRC063"",""SRC085"",""SRC102"",""SRC027"",""SRC028"",""SRC029""]"
ECO00249,PRO0078,sells_to,PRO0340,"[""REL0008"",""CRF0041""]",Мастер церковной металлической утвари передаёт продукт роли «Боярыня / знатная владелица имущества».,B,"[""SRC001"",""SRC062"",""SRC063"",""SRC085"",""SRC102"",""SRC027"",""SRC028"",""SRC031""]"
ECO00250,PRO0078,sells_to,PRO0463,"[""REL0008"",""CRF0041""]",Мастер церковной металлической утвари передаёт продукт роли «Иностранный посол».,B,"[""SRC001"",""SRC062"",""SRC063"",""SRC085"",""SRC102"",""SRC048"",""SRC049"",""SRC050""]"
ECO00251,PRO0079,sells_to,PRO0254,"[""WRT0004""]",Переплётчик книг передаёт продукт роли «Крупный новгородский купец».,A,"[""SRC026"",""SRC027"",""SRC030"",""SRC068"",""SRC073"",""SRC081"",""SRC093"",""SRC095""]"
ECO00252,PRO0079,sells_to,PRO0336,"[""WRT0004""]",Переплётчик книг передаёт продукт роли «Посадник».,A,"[""SRC026"",""SRC027"",""SRC030"",""SRC068"",""SRC073"",""SRC081"",""SRC093"",""SRC095""]"
ECO00253,PRO0079,sells_to,PRO0413,"[""WRT0004""]",Переплётчик книг передаёт продукт роли «Городской хозяин двора».,A,"[""SRC026"",""SRC027"",""SRC030"",""SRC068"",""SRC073"",""SRC081"",""SRC093"",""SRC095""]"
ECO00254,PRO0079,sells_to,PRO0377,"[""WRT0004""]",Переплётчик книг передаёт продукт роли «Священник».,A,"[""SRC026"",""SRC027"",""SRC030"",""SRC068"",""SRC073"",""SRC081"",""SRC093"",""SRC095""]"
ECO00255,PRO0090,supplies,PRO0080,"[""MSC0034""]",Мясник снабжает сырьём роль «Изготовитель писал и письменных принадлежностей».,B,"[""SRC025"",""SRC040"",""SRC041"",""SRC042"",""SRC044"",""SRC045"",""SRC001"",""SRC008""]"
ECO00256,PRO0080,sells_to,PRO0413,"[""WRT0027"",""WRT0028""]",Изготовитель писал и письменных принадлежностей передаёт продукт роли «Городской хозяин двора».,A,"[""SRC001"",""SRC008"",""SRC089"",""SRC012"",""SRC028"",""SRC045"",""SRC067"",""SRC074""]"
ECO00257,PRO0147,supplies,PRO0081,"[""FOD0051"",""FOD0022""]",Крестьянский хозяин с несколькими занятиями снабжает сырьём роль «Мельник ручных жерновов».,A,"[""SRC028"",""SRC044"",""SRC045"",""SRC046"",""SRC047"",""SRC102""]"
ECO00258,PRO0260,supplies,PRO0081,"[""FOD0051"",""FOD0022""]",Торговец зерном и мукой снабжает сырьём роль «Мельник ручных жерновов».,A,"[""SRC027"",""SRC028"",""SRC029"",""SRC030"",""SRC050"",""SRC053"",""SRC072"",""SRC093""]"
ECO00259,PRO0081,sells_to,PRO0084,"[""FOD0052""]","Мельник ручных жерновов передаёт продукт роли «Пекарь, выпекающий хлеб на продажу».",B,"[""SRC044"",""SRC045"",""SRC046"",""SRC102"",""SRC008""]"
ECO00260,PRO0081,sells_to,PRO0387,"[""FOD0052""]",Мельник ручных жерновов передаёт продукт роли «Пекарь монастырского хозяйства».,B,"[""SRC044"",""SRC045"",""SRC046"",""SRC102"",""SRC008""]"
ECO00261,PRO0147,supplies,PRO0082,"[""FOD0051"",""FOD0022""]",Крестьянский хозяин с несколькими занятиями снабжает сырьём роль «Мельник водяной мельницы».,A,"[""SRC028"",""SRC044"",""SRC045"",""SRC046"",""SRC047"",""SRC102""]"
ECO00262,PRO0260,supplies,PRO0082,"[""FOD0051"",""FOD0022""]",Торговец зерном и мукой снабжает сырьём роль «Мельник водяной мельницы».,A,"[""SRC027"",""SRC028"",""SRC029"",""SRC030"",""SRC050"",""SRC053"",""SRC072"",""SRC093""]"
ECO00263,PRO0082,sells_to,PRO0084,"[""FOD0052""]","Мельник водяной мельницы передаёт продукт роли «Пекарь, выпекающий хлеб на продажу».",B,"[""SRC044"",""SRC045"",""SRC046"",""SRC102"",""SRC008""]"
ECO00264,PRO0082,sells_to,PRO0387,"[""FOD0052""]",Мельник водяной мельницы передаёт продукт роли «Пекарь монастырского хозяйства».,B,"[""SRC044"",""SRC045"",""SRC046"",""SRC102"",""SRC008""]"
ECO00265,PRO0083,sells_to,PRO0387,[],"Плотник, обслуживающий мельничный механизм передаёт продукт роли «Пекарь монастырского хозяйства».",B,"[""SRC044"",""SRC045"",""SRC046"",""SRC102"",""SRC008""]"
ECO00266,PRO0260,supplies,PRO0084,"[""FOD0052""]","Торговец зерном и мукой снабжает сырьём роль «Пекарь, выпекающий хлеб на продажу».",A,"[""SRC027"",""SRC028"",""SRC029"",""SRC030"",""SRC050"",""SRC053"",""SRC072"",""SRC093""]"
ECO00267,PRO0139,supplies,PRO0084,"[""MSC0046""]","Заготовитель дров снабжает сырьём роль «Пекарь, выпекающий хлеб на продажу».",A,"[""SRC005"",""SRC045"",""SRC046"",""SRC089"",""SRC102"",""SRC008"",""SRC044""]"
ECO00268,PRO0084,sells_to,PRO0413,"[""FOD0001"",""FOD0002"",""FOD0053""]","Пекарь, выпекающий хлеб на продажу передаёт продукт роли «Городской хозяин двора».",A,"[""SRC008"",""SRC044"",""SRC045"",""SRC102"",""SRC001"",""SRC012"",""SRC028"",""SRC067""]"
ECO00269,PRO0084,sells_to,PRO0386,"[""FOD0001"",""FOD0002"",""FOD0053""]","Пекарь, выпекающий хлеб на продажу передаёт продукт роли «Хозяйственный служитель монастыря».",B,"[""SRC008"",""SRC044"",""SRC045"",""SRC102"",""SRC017"",""SRC018"",""SRC020"",""SRC021""]"
ECO00270,PRO0081,supplies,PRO0085,"[""FOD0052""]",Мельник ручных жерновов снабжает сырьём роль «Домашний пекарь».,A,"[""SRC044"",""SRC045"",""SRC046"",""SRC102"",""SRC008""]"
ECO00271,PRO0082,supplies,PRO0085,"[""FOD0052""]",Мельник водяной мельницы снабжает сырьём роль «Домашний пекарь».,A,"[""SRC044"",""SRC045"",""SRC046"",""SRC102"",""SRC008""]"
ECO00272,PRO0260,supplies,PRO0085,"[""FOD0052""]",Торговец зерном и мукой снабжает сырьём роль «Домашний пекарь».,A,"[""SRC027"",""SRC028"",""SRC029"",""SRC030"",""SRC050"",""SRC053"",""SRC072"",""SRC093""]"
ECO00273,PRO0139,supplies,PRO0085,"[""MSC0046""]",Заготовитель дров снабжает сырьём роль «Домашний пекарь».,A,"[""SRC005"",""SRC045"",""SRC046"",""SRC089"",""SRC102"",""SRC008"",""SRC044""]"
ECO00274,PRO0085,sells_to,PRO0413,"[""FOD0001"",""FOD0002"",""FOD0053""]",Домашний пекарь передаёт продукт роли «Городской хозяин двора».,A,"[""SRC008"",""SRC044"",""SRC045"",""SRC102"",""SRC001"",""SRC012"",""SRC028"",""SRC067""]"
ECO00275,PRO0085,sells_to,PRO0386,"[""FOD0001"",""FOD0002"",""FOD0053""]",Домашний пекарь передаёт продукт роли «Хозяйственный служитель монастыря».,A,"[""SRC008"",""SRC044"",""SRC045"",""SRC102"",""SRC017"",""SRC018"",""SRC020"",""SRC021""]"
ECO00276,PRO0260,supplies,PRO0086,"[""FOD0022""]",Торговец зерном и мукой снабжает сырьём роль «Пивовар».,A,"[""SRC027"",""SRC028"",""SRC029"",""SRC030"",""SRC050"",""SRC053"",""SRC072"",""SRC093""]"
ECO00277,PRO0263,supplies,PRO0086,"[""FOD0025""]",Торговец мёдом и воском снабжает сырьём роль «Пивовар».,A,"[""SRC027"",""SRC028"",""SRC029"",""SRC030"",""SRC050"",""SRC053"",""SRC072"",""SRC093""]"
ECO00278,PRO0086,sells_to,PRO0413,"[""FOD0058"",""FOD0059""]",Пивовар передаёт продукт роли «Городской хозяин двора».,A,"[""SRC008"",""SRC044"",""SRC045"",""SRC102"",""SRC001"",""SRC012"",""SRC028"",""SRC067""]"
ECO00279,PRO0086,sells_to,PRO0386,"[""FOD0058"",""FOD0059""]",Пивовар передаёт продукт роли «Хозяйственный служитель монастыря».,B,"[""SRC008"",""SRC044"",""SRC045"",""SRC102"",""SRC017"",""SRC018"",""SRC020"",""SRC021""]"
ECO00280,PRO0260,supplies,PRO0087,"[""FOD0022""]",Торговец зерном и мукой снабжает сырьём роль «Медовар».,A,"[""SRC027"",""SRC028"",""SRC029"",""SRC030"",""SRC050"",""SRC053"",""SRC072"",""SRC093""]"
ECO00281,PRO0263,supplies,PRO0087,"[""FOD0025""]",Торговец мёдом и воском снабжает сырьём роль «Медовар».,A,"[""SRC027"",""SRC028"",""SRC029"",""SRC030"",""SRC050"",""SRC053"",""SRC072"",""SRC093""]"
ECO00282,PRO0087,sells_to,PRO0413,"[""FOD0058"",""FOD0059""]",Медовар передаёт продукт роли «Городской хозяин двора».,A,"[""SRC008"",""SRC044"",""SRC045"",""SRC102"",""SRC001"",""SRC012"",""SRC028"",""SRC067""]"
ECO00283,PRO0087,sells_to,PRO0386,"[""FOD0058"",""FOD0059""]",Медовар передаёт продукт роли «Хозяйственный служитель монастыря».,B,"[""SRC008"",""SRC044"",""SRC045"",""SRC102"",""SRC017"",""SRC018"",""SRC020"",""SRC021""]"
ECO00284,PRO0260,supplies,PRO0088,"[""FOD0022""]",Торговец зерном и мукой снабжает сырьём роль «Изготовитель хлебного напитка / кваса».,A,"[""SRC027"",""SRC028"",""SRC029"",""SRC030"",""SRC050"",""SRC053"",""SRC072"",""SRC093""]"
ECO00285,PRO0263,supplies,PRO0088,"[""FOD0025""]",Торговец мёдом и воском снабжает сырьём роль «Изготовитель хлебного напитка / кваса».,A,"[""SRC027"",""SRC028"",""SRC029"",""SRC030"",""SRC050"",""SRC053"",""SRC072"",""SRC093""]"
ECO00286,PRO0088,sells_to,PRO0413,"[""FOD0058"",""FOD0059""]",Изготовитель хлебного напитка / кваса передаёт продукт роли «Городской хозяин двора».,A,"[""SRC008"",""SRC044"",""SRC045"",""SRC102"",""SRC001"",""SRC012"",""SRC028"",""SRC067""]"
ECO00287,PRO0088,sells_to,PRO0386,"[""FOD0058"",""FOD0059""]",Изготовитель хлебного напитка / кваса передаёт продукт роли «Хозяйственный служитель монастыря».,B,"[""SRC008"",""SRC044"",""SRC045"",""SRC102"",""SRC017"",""SRC018"",""SRC020"",""SRC021""]"
ECO00288,PRO0260,supplies,PRO0089,"[""FOD0022""]",Торговец зерном и мукой снабжает сырьём роль «Солодовник».,A,"[""SRC027"",""SRC028"",""SRC029"",""SRC030"",""SRC050"",""SRC053"",""SRC072"",""SRC093""]"
ECO00289,PRO0147,supplies,PRO0089,"[""FOD0022""]",Крестьянский хозяин с несколькими занятиями снабжает сырьём роль «Солодовник».,A,"[""SRC028"",""SRC044"",""SRC045"",""SRC046"",""SRC047"",""SRC102"",""SRC008""]"
ECO00290,PRO0089,sells_to,PRO0413,"[""CRF0054""]",Солодовник передаёт продукт роли «Городской хозяин двора».,A,"[""SRC008"",""SRC044"",""SRC045"",""SRC102"",""SRC001"",""SRC012"",""SRC028"",""SRC067""]"
ECO00291,PRO0089,sells_to,PRO0386,"[""CRF0054""]",Солодовник передаёт продукт роли «Хозяйственный служитель монастыря».,B,"[""SRC008"",""SRC044"",""SRC045"",""SRC102"",""SRC017"",""SRC018"",""SRC020"",""SRC021""]"
ECO00292,PRO0119,supplies,PRO0090,"[""FOD0061""]",Промысловый охотник снабжает сырьём роль «Мясник».,A,"[""SRC028"",""SRC041"",""SRC042"",""SRC045"",""SRC072"",""SRC091"",""SRC025"",""SRC040""]"
ECO00293,PRO0090,sells_to,PRO0413,"[""FOD0064"",""FOD0032"",""MSC0034""]",Мясник передаёт продукт роли «Городской хозяин двора».,A,"[""SRC025"",""SRC040"",""SRC041"",""SRC042"",""SRC044"",""SRC045"",""SRC001"",""SRC008""]"
ECO00294,PRO0090,sells_to,PRO0318,"[""FOD0064"",""FOD0032"",""MSC0034""]",Мясник передаёт продукт роли «Возчик военного обоза».,B,"[""SRC025"",""SRC040"",""SRC041"",""SRC042"",""SRC044"",""SRC045"",""SRC031"",""SRC034""]"
ECO00295,PRO0090,sells_to,PRO0386,"[""FOD0064"",""FOD0032"",""MSC0034""]",Мясник передаёт продукт роли «Хозяйственный служитель монастыря».,B,"[""SRC025"",""SRC040"",""SRC041"",""SRC042"",""SRC044"",""SRC045"",""SRC017"",""SRC018""]"
ECO00296,PRO0119,supplies,PRO0091,"[""FOD0061""]",Промысловый охотник снабжает сырьём роль «Забойщик скота».,A,"[""SRC028"",""SRC041"",""SRC042"",""SRC045"",""SRC072"",""SRC091"",""SRC025"",""SRC040""]"
ECO00297,PRO0091,sells_to,PRO0413,"[""FOD0064"",""FOD0032"",""MSC0034""]",Забойщик скота передаёт продукт роли «Городской хозяин двора».,A,"[""SRC025"",""SRC040"",""SRC041"",""SRC042"",""SRC044"",""SRC045"",""SRC001"",""SRC008""]"
ECO00298,PRO0091,sells_to,PRO0318,"[""FOD0064"",""FOD0032"",""MSC0034""]",Забойщик скота передаёт продукт роли «Возчик военного обоза».,B,"[""SRC025"",""SRC040"",""SRC041"",""SRC042"",""SRC044"",""SRC045"",""SRC031"",""SRC034""]"
ECO00299,PRO0091,sells_to,PRO0386,"[""FOD0064"",""FOD0032"",""MSC0034""]",Забойщик скота передаёт продукт роли «Хозяйственный служитель монастыря».,B,"[""SRC025"",""SRC040"",""SRC041"",""SRC042"",""SRC044"",""SRC045"",""SRC017"",""SRC018""]"
ECO00300,PRO0261,supplies,PRO0092,"[""FOD0037""]",Торговец солью снабжает сырьём роль «Заготовитель солёного и сушёного мяса».,B,"[""SRC027"",""SRC028"",""SRC029"",""SRC030"",""SRC050"",""SRC053"",""SRC072"",""SRC093""]"
ECO00301,PRO0092,sells_to,PRO0413,"[""FOD0032"",""FOD0033""]",Заготовитель солёного и сушёного мяса передаёт продукт роли «Городской хозяин двора».,A,"[""SRC025"",""SRC040"",""SRC041"",""SRC042"",""SRC044"",""SRC045"",""SRC001"",""SRC008""]"
ECO00302,PRO0092,sells_to,PRO0318,"[""FOD0032"",""FOD0033""]",Заготовитель солёного и сушёного мяса передаёт продукт роли «Возчик военного обоза».,B,"[""SRC025"",""SRC040"",""SRC041"",""SRC042"",""SRC044"",""SRC045"",""SRC031"",""SRC034""]"
ECO00303,PRO0092,sells_to,PRO0386,"[""FOD0032"",""FOD0033""]",Заготовитель солёного и сушёного мяса передаёт продукт роли «Хозяйственный служитель монастыря».,B,"[""SRC025"",""SRC040"",""SRC041"",""SRC042"",""SRC044"",""SRC045"",""SRC017"",""SRC018""]"
ECO00304,PRO0105,supplies,PRO0093,"[""FOD0010""]",Профессиональный рыбак снабжает сырьём роль «Рыбник / обработчик улова».,A,"[""SRC025"",""SRC028"",""SRC029"",""SRC094"",""SRC040"",""SRC045"",""SRC041"",""SRC042""]"
ECO00305,PRO0261,supplies,PRO0093,"[""FOD0037""]",Торговец солью снабжает сырьём роль «Рыбник / обработчик улова».,A,"[""SRC027"",""SRC028"",""SRC029"",""SRC030"",""SRC050"",""SRC053"",""SRC072"",""SRC093""]"
ECO00306,PRO0093,sells_to,PRO0413,"[""FOD0012"",""FOD0011"",""FOD0063""]",Рыбник / обработчик улова передаёт продукт роли «Городской хозяин двора».,A,"[""SRC025"",""SRC040"",""SRC041"",""SRC042"",""SRC044"",""SRC045"",""SRC001"",""SRC008""]"
ECO00307,PRO0093,sells_to,PRO0318,"[""FOD0012"",""FOD0011"",""FOD0063""]",Рыбник / обработчик улова передаёт продукт роли «Возчик военного обоза».,A,"[""SRC025"",""SRC040"",""SRC041"",""SRC042"",""SRC044"",""SRC045"",""SRC031"",""SRC034""]"
ECO00308,PRO0093,sells_to,PRO0386,"[""FOD0012"",""FOD0011"",""FOD0063""]",Рыбник / обработчик улова передаёт продукт роли «Хозяйственный служитель монастыря».,A,"[""SRC025"",""SRC040"",""SRC041"",""SRC042"",""SRC044"",""SRC045"",""SRC017"",""SRC018""]"
ECO00309,PRO0105,supplies,PRO0094,"[""FOD0010""]",Профессиональный рыбак снабжает сырьём роль «Солильщик рыбы».,A,"[""SRC025"",""SRC028"",""SRC029"",""SRC094"",""SRC040"",""SRC045"",""SRC041"",""SRC042""]"
ECO00310,PRO0261,supplies,PRO0094,"[""FOD0037""]",Торговец солью снабжает сырьём роль «Солильщик рыбы».,B,"[""SRC027"",""SRC028"",""SRC029"",""SRC030"",""SRC050"",""SRC053"",""SRC072"",""SRC093""]"
ECO00311,PRO0094,sells_to,PRO0413,"[""FOD0012"",""FOD0011"",""FOD0063""]",Солильщик рыбы передаёт продукт роли «Городской хозяин двора».,A,"[""SRC025"",""SRC040"",""SRC041"",""SRC042"",""SRC044"",""SRC045"",""SRC001"",""SRC008""]"
ECO00312,PRO0094,sells_to,PRO0318,"[""FOD0012"",""FOD0011"",""FOD0063""]",Солильщик рыбы передаёт продукт роли «Возчик военного обоза».,B,"[""SRC025"",""SRC040"",""SRC041"",""SRC042"",""SRC044"",""SRC045"",""SRC031"",""SRC034""]"
ECO00313,PRO0094,sells_to,PRO0386,"[""FOD0012"",""FOD0011"",""FOD0063""]",Солильщик рыбы передаёт продукт роли «Хозяйственный служитель монастыря».,B,"[""SRC025"",""SRC040"",""SRC041"",""SRC042"",""SRC044"",""SRC045"",""SRC017"",""SRC018""]"
ECO00314,PRO0105,supplies,PRO0095,"[""FOD0010""]",Профессиональный рыбак снабжает сырьём роль «Сушильщик и вялитель рыбы».,A,"[""SRC025"",""SRC028"",""SRC029"",""SRC094"",""SRC040"",""SRC045"",""SRC041"",""SRC042""]"
ECO00315,PRO0261,supplies,PRO0095,"[""FOD0037""]",Торговец солью снабжает сырьём роль «Сушильщик и вялитель рыбы».,B,"[""SRC027"",""SRC028"",""SRC029"",""SRC030"",""SRC050"",""SRC053"",""SRC072"",""SRC093""]"
ECO00316,PRO0095,sells_to,PRO0413,"[""FOD0012"",""FOD0011"",""FOD0063""]",Сушильщик и вялитель рыбы передаёт продукт роли «Городской хозяин двора».,A,"[""SRC025"",""SRC040"",""SRC041"",""SRC042"",""SRC044"",""SRC045"",""SRC001"",""SRC008""]"
ECO00317,PRO0095,sells_to,PRO0318,"[""FOD0012"",""FOD0011"",""FOD0063""]",Сушильщик и вялитель рыбы передаёт продукт роли «Возчик военного обоза».,B,"[""SRC025"",""SRC040"",""SRC041"",""SRC042"",""SRC044"",""SRC045"",""SRC031"",""SRC034""]"
ECO00318,PRO0095,sells_to,PRO0386,"[""FOD0012"",""FOD0011"",""FOD0063""]",Сушильщик и вялитель рыбы передаёт продукт роли «Хозяйственный служитель монастыря».,B,"[""SRC025"",""SRC040"",""SRC041"",""SRC042"",""SRC044"",""SRC045"",""SRC017"",""SRC018""]"
ECO00319,PRO0096,sells_to,PRO0413,"[""FOD0003"",""FOD0004"",""FOD0007""]",Переработчик молока передаёт продукт роли «Городской хозяин двора».,A,"[""SRC025"",""SRC040"",""SRC041"",""SRC042"",""SRC044"",""SRC045"",""SRC001"",""SRC008""]"
ECO00320,PRO0096,sells_to,PRO0318,"[""FOD0003"",""FOD0004"",""FOD0007""]",Переработчик молока передаёт продукт роли «Возчик военного обоза».,A,"[""SRC025"",""SRC040"",""SRC041"",""SRC042"",""SRC044"",""SRC045"",""SRC031"",""SRC034""]"
ECO00321,PRO0096,sells_to,PRO0386,"[""FOD0003"",""FOD0004"",""FOD0007""]",Переработчик молока передаёт продукт роли «Хозяйственный служитель монастыря».,A,"[""SRC025"",""SRC040"",""SRC041"",""SRC042"",""SRC044"",""SRC045"",""SRC017"",""SRC018""]"
ECO00322,PRO0097,sells_to,PRO0413,"[""FOD0003"",""FOD0004"",""FOD0007""]",Изготовитель масла передаёт продукт роли «Городской хозяин двора».,A,"[""SRC025"",""SRC040"",""SRC041"",""SRC042"",""SRC044"",""SRC045"",""SRC001"",""SRC008""]"
ECO00323,PRO0097,sells_to,PRO0318,"[""FOD0003"",""FOD0004"",""FOD0007""]",Изготовитель масла передаёт продукт роли «Возчик военного обоза».,B,"[""SRC025"",""SRC040"",""SRC041"",""SRC042"",""SRC044"",""SRC045"",""SRC031"",""SRC034""]"
ECO00324,PRO0097,sells_to,PRO0386,"[""FOD0003"",""FOD0004"",""FOD0007""]",Изготовитель масла передаёт продукт роли «Хозяйственный служитель монастыря».,B,"[""SRC025"",""SRC040"",""SRC041"",""SRC042"",""SRC044"",""SRC045"",""SRC017"",""SRC018""]"
ECO00325,PRO0098,sells_to,PRO0413,"[""FOD0003"",""FOD0004"",""FOD0007""]",Изготовитель творога и свежего сыра передаёт продукт роли «Городской хозяин двора».,A,"[""SRC025"",""SRC040"",""SRC041"",""SRC042"",""SRC044"",""SRC045"",""SRC001"",""SRC008""]"
ECO00326,PRO0098,sells_to,PRO0318,"[""FOD0003"",""FOD0004"",""FOD0007""]",Изготовитель творога и свежего сыра передаёт продукт роли «Возчик военного обоза».,B,"[""SRC025"",""SRC040"",""SRC041"",""SRC042"",""SRC044"",""SRC045"",""SRC031"",""SRC034""]"
ECO00327,PRO0098,sells_to,PRO0386,"[""FOD0003"",""FOD0004"",""FOD0007""]",Изготовитель творога и свежего сыра передаёт продукт роли «Хозяйственный служитель монастыря».,B,"[""SRC025"",""SRC040"",""SRC041"",""SRC042"",""SRC044"",""SRC045"",""SRC017"",""SRC018""]"
ECO00328,PRO0260,supplies,PRO0099,"[""FOD0051"",""FOD0022""]","Торговец зерном и мукой снабжает сырьём роль «Человек, готовящий пищу для семьи».",A,"[""SRC027"",""SRC028"",""SRC029"",""SRC030"",""SRC050"",""SRC053"",""SRC072"",""SRC093""]"
ECO00329,PRO0099,sells_to,PRO0413,"[""FOD0049""]","Человек, готовящий пищу для семьи передаёт продукт роли «Городской хозяин двора».",A,"[""SRC025"",""SRC040"",""SRC041"",""SRC042"",""SRC044"",""SRC045"",""SRC001"",""SRC008""]"
ECO00330,PRO0099,sells_to,PRO0318,"[""FOD0049""]","Человек, готовящий пищу для семьи передаёт продукт роли «Возчик военного обоза».",A,"[""SRC025"",""SRC040"",""SRC041"",""SRC042"",""SRC044"",""SRC045"",""SRC031"",""SRC034""]"
ECO00331,PRO0099,sells_to,PRO0386,"[""FOD0049""]","Человек, готовящий пищу для семьи передаёт продукт роли «Хозяйственный служитель монастыря».",A,"[""SRC025"",""SRC040"",""SRC041"",""SRC042"",""SRC044"",""SRC045"",""SRC017"",""SRC018""]"
ECO00332,PRO0260,supplies,PRO0100,"[""FOD0051"",""FOD0022""]",Торговец зерном и мукой снабжает сырьём роль «Повар крупного боярского или княжеского хозяйства».,A,"[""SRC027"",""SRC028"",""SRC029"",""SRC030"",""SRC050"",""SRC053"",""SRC072"",""SRC093""]"
ECO00333,PRO0100,sells_to,PRO0413,"[""FOD0049""]",Повар крупного боярского или княжеского хозяйства передаёт продукт роли «Городской хозяин двора».,A,"[""SRC025"",""SRC040"",""SRC041"",""SRC042"",""SRC044"",""SRC045"",""SRC001"",""SRC008""]"
ECO00334,PRO0100,sells_to,PRO0318,"[""FOD0049""]",Повар крупного боярского или княжеского хозяйства передаёт продукт роли «Возчик военного обоза».,B,"[""SRC025"",""SRC040"",""SRC041"",""SRC042"",""SRC044"",""SRC045"",""SRC031"",""SRC034""]"
ECO00335,PRO0100,sells_to,PRO0386,"[""FOD0049""]",Повар крупного боярского или княжеского хозяйства передаёт продукт роли «Хозяйственный служитель монастыря».,B,"[""SRC025"",""SRC040"",""SRC041"",""SRC042"",""SRC044"",""SRC045"",""SRC017"",""SRC018""]"
ECO00336,PRO0260,supplies,PRO0101,"[""FOD0051"",""FOD0022""]",Торговец зерном и мукой снабжает сырьём роль «Повар монастырского хозяйства».,A,"[""SRC027"",""SRC028"",""SRC029"",""SRC030"",""SRC050"",""SRC053"",""SRC072"",""SRC093""]"
ECO00337,PRO0101,sells_to,PRO0413,"[""FOD0049""]",Повар монастырского хозяйства передаёт продукт роли «Городской хозяин двора».,A,"[""SRC025"",""SRC040"",""SRC041"",""SRC042"",""SRC044"",""SRC045"",""SRC001"",""SRC008""]"
ECO00338,PRO0101,sells_to,PRO0318,"[""FOD0049""]",Повар монастырского хозяйства передаёт продукт роли «Возчик военного обоза».,B,"[""SRC025"",""SRC040"",""SRC041"",""SRC042"",""SRC044"",""SRC045"",""SRC031"",""SRC034""]"
ECO00339,PRO0101,sells_to,PRO0386,"[""FOD0049""]",Повар монастырского хозяйства передаёт продукт роли «Хозяйственный служитель монастыря».,B,"[""SRC025"",""SRC040"",""SRC041"",""SRC042"",""SRC044"",""SRC045"",""SRC017"",""SRC018""]"
ECO00340,PRO0102,sells_to,PRO0413,[],Продавец готовой пищи и напитков на Торгу передаёт продукт роли «Городской хозяин двора».,A,"[""SRC027"",""SRC028"",""SRC029"",""SRC030"",""SRC050"",""SRC053"",""SRC072"",""SRC093""]"
ECO00341,PRO0102,sells_to,PRO0341,[],Продавец готовой пищи и напитков на Торгу передаёт продукт роли «Участник веча».,A,"[""SRC027"",""SRC028"",""SRC029"",""SRC030"",""SRC050"",""SRC053"",""SRC072"",""SRC093""]"
ECO00342,PRO0102,sells_to,PRO0303,[],Продавец готовой пищи и напитков на Торгу передаёт продукт роли «Хозяин или служитель двора иностранных купцов».,C,"[""SRC027"",""SRC028"",""SRC029"",""SRC030"",""SRC050"",""SRC053"",""SRC072"",""SRC093""]"
ECO00343,PRO0103,sells_to,PRO0413,[],Хранитель зерна и пищевых запасов передаёт продукт роли «Городской хозяин двора».,A,"[""SRC025"",""SRC040"",""SRC041"",""SRC042"",""SRC044"",""SRC045"",""SRC001"",""SRC008""]"
ECO00344,PRO0103,sells_to,PRO0318,[],Хранитель зерна и пищевых запасов передаёт продукт роли «Возчик военного обоза».,B,"[""SRC025"",""SRC040"",""SRC041"",""SRC042"",""SRC044"",""SRC045"",""SRC031"",""SRC034""]"
ECO00345,PRO0103,sells_to,PRO0386,[],Хранитель зерна и пищевых запасов передаёт продукт роли «Хозяйственный служитель монастыря».,B,"[""SRC025"",""SRC040"",""SRC041"",""SRC042"",""SRC044"",""SRC045"",""SRC017"",""SRC018""]"
ECO00346,PRO0104,sells_to,PRO0413,"[""FOD0014"",""FOD0015"",""FOD0016"",""FOD0017""]","Заготовитель грибов, ягод, орехов и трав передаёт продукт роли «Городской хозяин двора».",A,"[""SRC005"",""SRC045"",""SRC046"",""SRC089"",""SRC102"",""SRC001"",""SRC008"",""SRC012""]"
ECO00347,PRO0105,sells_to,PRO0413,"[""FOD0010"",""FOD0012"",""FOD0011""]",Профессиональный рыбак передаёт продукт роли «Городской хозяин двора».,A,"[""SRC025"",""SRC028"",""SRC029"",""SRC094"",""SRC040"",""SRC045"",""SRC001"",""SRC008""]"
ECO00348,PRO0105,sells_to,PRO0101,"[""FOD0010"",""FOD0012"",""FOD0011""]",Профессиональный рыбак передаёт продукт роли «Повар монастырского хозяйства».,A,"[""SRC025"",""SRC028"",""SRC029"",""SRC094"",""SRC040"",""SRC045"",""SRC041"",""SRC042""]"
ECO00349,PRO0106,sells_to,PRO0093,"[""FOD0010""]",Сезонный рыбак передаёт продукт роли «Рыбник / обработчик улова».,A,"[""SRC025"",""SRC028"",""SRC029"",""SRC094"",""SRC040"",""SRC045"",""SRC041"",""SRC042""]"
ECO00350,PRO0106,sells_to,PRO0413,"[""FOD0010"",""FOD0012"",""FOD0011""]",Сезонный рыбак передаёт продукт роли «Городской хозяин двора».,A,"[""SRC025"",""SRC028"",""SRC029"",""SRC094"",""SRC040"",""SRC045"",""SRC001"",""SRC008""]"
ECO00351,PRO0106,sells_to,PRO0101,"[""FOD0010"",""FOD0012"",""FOD0011""]",Сезонный рыбак передаёт продукт роли «Повар монастырского хозяйства».,A,"[""SRC025"",""SRC028"",""SRC029"",""SRC094"",""SRC040"",""SRC045"",""SRC041"",""SRC042""]"
ECO00352,PRO0107,sells_to,PRO0093,"[""FOD0010""]",Неводчик передаёт продукт роли «Рыбник / обработчик улова».,A,"[""SRC025"",""SRC028"",""SRC029"",""SRC094"",""SRC040"",""SRC045"",""SRC041"",""SRC042""]"
ECO00353,PRO0107,sells_to,PRO0413,"[""FOD0010""]",Неводчик передаёт продукт роли «Городской хозяин двора».,A,"[""SRC025"",""SRC028"",""SRC029"",""SRC094"",""SRC040"",""SRC045"",""SRC001"",""SRC008""]"
ECO00354,PRO0107,sells_to,PRO0101,"[""FOD0010""]",Неводчик передаёт продукт роли «Повар монастырского хозяйства».,A,"[""SRC025"",""SRC028"",""SRC029"",""SRC094"",""SRC040"",""SRC045"",""SRC041"",""SRC042""]"
ECO00355,PRO0108,sells_to,PRO0093,"[""FOD0010""]",Участник неводной артели передаёт продукт роли «Рыбник / обработчик улова».,A,"[""SRC025"",""SRC028"",""SRC029"",""SRC094"",""SRC040"",""SRC045"",""SRC041"",""SRC042""]"
ECO00356,PRO0108,sells_to,PRO0413,"[""FOD0010""]",Участник неводной артели передаёт продукт роли «Городской хозяин двора».,A,"[""SRC025"",""SRC028"",""SRC029"",""SRC094"",""SRC040"",""SRC045"",""SRC001"",""SRC008""]"
ECO00357,PRO0108,sells_to,PRO0101,"[""FOD0010""]",Участник неводной артели передаёт продукт роли «Повар монастырского хозяйства».,A,"[""SRC025"",""SRC028"",""SRC029"",""SRC094"",""SRC040"",""SRC045"",""SRC041"",""SRC042""]"
ECO00358,PRO0109,sells_to,PRO0093,"[""FOD0010""]",Рыбак ставными сетями передаёт продукт роли «Рыбник / обработчик улова».,A,"[""SRC025"",""SRC028"",""SRC029"",""SRC094"",""SRC040"",""SRC045"",""SRC041"",""SRC042""]"
ECO00359,PRO0109,sells_to,PRO0413,"[""FOD0010""]",Рыбак ставными сетями передаёт продукт роли «Городской хозяин двора».,A,"[""SRC025"",""SRC028"",""SRC029"",""SRC094"",""SRC040"",""SRC045"",""SRC001"",""SRC008""]"
ECO00360,PRO0109,sells_to,PRO0101,"[""FOD0010""]",Рыбак ставными сетями передаёт продукт роли «Повар монастырского хозяйства».,A,"[""SRC025"",""SRC028"",""SRC029"",""SRC094"",""SRC040"",""SRC045"",""SRC041"",""SRC042""]"
ECO00361,PRO0110,sells_to,PRO0093,"[""FOD0010""]",Рыбак с вершами и заколами передаёт продукт роли «Рыбник / обработчик улова».,A,"[""SRC025"",""SRC028"",""SRC029"",""SRC094"",""SRC040"",""SRC045"",""SRC041"",""SRC042""]"
ECO00362,PRO0110,sells_to,PRO0413,"[""FOD0010""]",Рыбак с вершами и заколами передаёт продукт роли «Городской хозяин двора».,A,"[""SRC025"",""SRC028"",""SRC029"",""SRC094"",""SRC040"",""SRC045"",""SRC001"",""SRC008""]"
ECO00363,PRO0110,sells_to,PRO0101,"[""FOD0010""]",Рыбак с вершами и заколами передаёт продукт роли «Повар монастырского хозяйства».,B,"[""SRC025"",""SRC028"",""SRC029"",""SRC094"",""SRC040"",""SRC045"",""SRC041"",""SRC042""]"
ECO00364,PRO0111,sells_to,PRO0093,"[""FOD0010""]",Рыбак крючковой снастью передаёт продукт роли «Рыбник / обработчик улова».,A,"[""SRC025"",""SRC028"",""SRC029"",""SRC094"",""SRC040"",""SRC045"",""SRC041"",""SRC042""]"
ECO00365,PRO0111,sells_to,PRO0413,"[""FOD0010""]",Рыбак крючковой снастью передаёт продукт роли «Городской хозяин двора».,A,"[""SRC025"",""SRC028"",""SRC029"",""SRC094"",""SRC040"",""SRC045"",""SRC001"",""SRC008""]"
ECO00366,PRO0111,sells_to,PRO0101,"[""FOD0010""]",Рыбак крючковой снастью передаёт продукт роли «Повар монастырского хозяйства».,A,"[""SRC025"",""SRC028"",""SRC029"",""SRC094"",""SRC040"",""SRC045"",""SRC041"",""SRC042""]"
ECO00367,PRO0112,sells_to,PRO0093,"[""FOD0010""]",Зимний подлёдный рыбак передаёт продукт роли «Рыбник / обработчик улова».,A,"[""SRC025"",""SRC028"",""SRC029"",""SRC094"",""SRC040"",""SRC045"",""SRC041"",""SRC042""]"
ECO00368,PRO0112,sells_to,PRO0413,"[""FOD0010""]",Зимний подлёдный рыбак передаёт продукт роли «Городской хозяин двора».,A,"[""SRC025"",""SRC028"",""SRC029"",""SRC094"",""SRC040"",""SRC045"",""SRC001"",""SRC008""]"
ECO00369,PRO0112,sells_to,PRO0101,"[""FOD0010""]",Зимний подлёдный рыбак передаёт продукт роли «Повар монастырского хозяйства».,B,"[""SRC025"",""SRC028"",""SRC029"",""SRC094"",""SRC040"",""SRC045"",""SRC041"",""SRC042""]"
ECO00370,PRO0113,sells_to,PRO0093,"[""FOD0010""]",Ловец рыбы острогой передаёт продукт роли «Рыбник / обработчик улова».,A,"[""SRC025"",""SRC028"",""SRC029"",""SRC094"",""SRC040"",""SRC045"",""SRC041"",""SRC042""]"
ECO00371,PRO0113,sells_to,PRO0413,"[""FOD0010""]",Ловец рыбы острогой передаёт продукт роли «Городской хозяин двора».,A,"[""SRC025"",""SRC028"",""SRC029"",""SRC094"",""SRC040"",""SRC045"",""SRC001"",""SRC008""]"
ECO00372,PRO0113,sells_to,PRO0101,"[""FOD0010""]",Ловец рыбы острогой передаёт продукт роли «Повар монастырского хозяйства».,B,"[""SRC025"",""SRC028"",""SRC029"",""SRC094"",""SRC040"",""SRC045"",""SRC041"",""SRC042""]"
ECO00373,PRO0114,sells_to,PRO0413,[],Лодочник при рыболовном промысле передаёт продукт роли «Городской хозяин двора».,A,"[""SRC025"",""SRC028"",""SRC029"",""SRC094"",""SRC040"",""SRC045"",""SRC001"",""SRC008""]"
ECO00374,PRO0114,sells_to,PRO0101,[],Лодочник при рыболовном промысле передаёт продукт роли «Повар монастырского хозяйства».,A,"[""SRC025"",""SRC028"",""SRC029"",""SRC094"",""SRC040"",""SRC045"",""SRC041"",""SRC042""]"
ECO00375,PRO0059,supplies,PRO0115,"[""CRF0034""]","Обработчик льна, конопли и шерсти снабжает сырьём роль «Ремонтник рыболовных сетей».",A,"[""SRC001"",""SRC008"",""SRC045"",""SRC089"",""SRC025"",""SRC039""]"
ECO00376,PRO0115,sells_to,PRO0326,"[""FSH0032""]",Ремонтник рыболовных сетей передаёт продукт роли «Сторож усадьбы».,A,"[""SRC001"",""SRC025"",""SRC039"",""SRC045"",""SRC031"",""SRC071"",""SRC102""]"
ECO00377,PRO0116,transports_for,PRO0255,[],"Перевозчик рыбы от берега к рынку или хозяйству перевозит людей, груз или обеспечивает погрузку для роли «Средний городской торговец».",B,"[""SRC039"",""SRC045"",""SRC046"",""SRC099"",""SRC027"",""SRC028"",""SRC029"",""SRC030""]"
ECO00378,PRO0116,transports_for,PRO0260,[],"Перевозчик рыбы от берега к рынку или хозяйству перевозит людей, груз или обеспечивает погрузку для роли «Торговец зерном и мукой».",A,"[""SRC039"",""SRC045"",""SRC046"",""SRC099"",""SRC027"",""SRC028"",""SRC029"",""SRC030""]"
ECO00379,PRO0116,transports_for,PRO0207,[],"Перевозчик рыбы от берега к рынку или хозяйству перевозит людей, груз или обеспечивает погрузку для роли «Перевозчик строительных материалов».",A,"[""SRC039"",""SRC045"",""SRC046"",""SRC099""]"
ECO00380,PRO0116,transports_for,PRO0248,[],"Перевозчик рыбы от берега к рынку или хозяйству перевозит людей, груз или обеспечивает погрузку для роли «Княжеский гонец».",B,"[""SRC039"",""SRC045"",""SRC046"",""SRC099"",""SRC027"",""SRC028"",""SRC031"",""SRC050""]"
ECO00381,PRO0117,sells_to,PRO0413,"[""FOD0011"",""FOD0063""]",Работник рыбацкого стана передаёт продукт роли «Городской хозяин двора».,A,"[""SRC025"",""SRC028"",""SRC029"",""SRC094"",""SRC040"",""SRC045"",""SRC001"",""SRC008""]"
ECO00382,PRO0117,sells_to,PRO0101,"[""FOD0011"",""FOD0063""]",Работник рыбацкого стана передаёт продукт роли «Повар монастырского хозяйства».,B,"[""SRC025"",""SRC028"",""SRC029"",""SRC094"",""SRC040"",""SRC045"",""SRC041"",""SRC042""]"
ECO00383,PRO0118,sells_to,PRO0093,"[""FOD0010""]",Строитель и ремонтник рыболовного закола передаёт продукт роли «Рыбник / обработчик улова».,A,"[""SRC025"",""SRC028"",""SRC029"",""SRC094"",""SRC040"",""SRC045"",""SRC041"",""SRC042""]"
ECO00384,PRO0118,sells_to,PRO0413,"[""FOD0010"",""FOD0012""]",Строитель и ремонтник рыболовного закола передаёт продукт роли «Городской хозяин двора».,A,"[""SRC025"",""SRC028"",""SRC029"",""SRC094"",""SRC040"",""SRC045"",""SRC001"",""SRC008""]"
ECO00385,PRO0118,sells_to,PRO0101,"[""FOD0010"",""FOD0012""]",Строитель и ремонтник рыболовного закола передаёт продукт роли «Повар монастырского хозяйства».,B,"[""SRC025"",""SRC028"",""SRC029"",""SRC094"",""SRC040"",""SRC045"",""SRC041"",""SRC042""]"
ECO00386,PRO0119,sells_to,PRO0413,"[""HNT0021"",""FOD0061"",""TRD0007"",""TRD0008""]",Промысловый охотник передаёт продукт роли «Городской хозяин двора».,A,"[""SRC028"",""SRC041"",""SRC042"",""SRC045"",""SRC072"",""SRC091"",""SRC001"",""SRC008""]"
ECO00387,PRO0120,sells_to,PRO0090,"[""FOD0061""]",Сезонный охотник передаёт продукт роли «Мясник».,B,"[""SRC028"",""SRC041"",""SRC042"",""SRC045"",""SRC072"",""SRC091"",""SRC025"",""SRC040""]"
ECO00388,PRO0120,sells_to,PRO0028,"[""HNT0021"",""TRD0007"",""TRD0008""]",Сезонный охотник передаёт продукт роли «Скорняк».,B,"[""SRC028"",""SRC041"",""SRC042"",""SRC045"",""SRC072"",""SRC091"",""SRC001"",""SRC061""]"
ECO00389,PRO0120,sells_to,PRO0413,"[""HNT0021"",""FOD0061"",""TRD0007"",""TRD0008""]",Сезонный охотник передаёт продукт роли «Городской хозяин двора».,A,"[""SRC028"",""SRC041"",""SRC042"",""SRC045"",""SRC072"",""SRC091"",""SRC001"",""SRC008""]"
ECO00390,PRO0121,sells_to,PRO0413,"[""HNT0021"",""TRD0007"",""TRD0008""]",Зверолов-пушник передаёт продукт роли «Городской хозяин двора».,A,"[""SRC028"",""SRC041"",""SRC042"",""SRC045"",""SRC072"",""SRC091"",""SRC001"",""SRC008""]"
ECO00391,PRO0122,sells_to,PRO0413,"[""HNT0010"",""TRD0006""]",Бобровник / добытчик бобра передаёт продукт роли «Городской хозяин двора».,A,"[""SRC028"",""SRC041"",""SRC042"",""SRC045"",""SRC072"",""SRC091"",""SRC001"",""SRC008""]"
ECO00392,PRO0123,sells_to,PRO0028,"[""HNT0021"",""TRD0007"",""TRD0008""]",Ловец куницы и белки передаёт продукт роли «Скорняк».,B,"[""SRC028"",""SRC041"",""SRC042"",""SRC045"",""SRC072"",""SRC091"",""SRC001"",""SRC061""]"
ECO00393,PRO0123,sells_to,PRO0413,"[""HNT0021"",""TRD0007"",""TRD0008""]",Ловец куницы и белки передаёт продукт роли «Городской хозяин двора».,A,"[""SRC028"",""SRC041"",""SRC042"",""SRC045"",""SRC072"",""SRC091"",""SRC001"",""SRC008""]"
ECO00394,PRO0124,sells_to,PRO0090,"[""FOD0061""]",Птицелов передаёт продукт роли «Мясник».,B,"[""SRC028"",""SRC041"",""SRC042"",""SRC045"",""SRC072"",""SRC091"",""SRC025"",""SRC040""]"
ECO00395,PRO0124,sells_to,PRO0413,"[""FOD0061""]",Птицелов передаёт продукт роли «Городской хозяин двора».,A,"[""SRC028"",""SRC041"",""SRC042"",""SRC045"",""SRC072"",""SRC091"",""SRC001"",""SRC008""]"
ECO00396,PRO0125,sells_to,PRO0090,"[""FOD0061""]",Охотник с собакой передаёт продукт роли «Мясник».,B,"[""SRC028"",""SRC041"",""SRC042"",""SRC045"",""SRC072"",""SRC091"",""SRC025"",""SRC040""]"
ECO00397,PRO0125,sells_to,PRO0028,"[""HNT0021"",""TRD0007"",""TRD0008""]",Охотник с собакой передаёт продукт роли «Скорняк».,B,"[""SRC028"",""SRC041"",""SRC042"",""SRC045"",""SRC072"",""SRC091"",""SRC001"",""SRC061""]"
ECO00398,PRO0125,sells_to,PRO0413,"[""HNT0021"",""FOD0061"",""TRD0007"",""TRD0008""]",Охотник с собакой передаёт продукт роли «Городской хозяин двора».,A,"[""SRC028"",""SRC041"",""SRC042"",""SRC045"",""SRC072"",""SRC091"",""SRC001"",""SRC008""]"
ECO00399,PRO0126,sells_to,PRO0090,"[""FOD0061""]",Участник охоты знати передаёт продукт роли «Мясник».,B,"[""SRC028"",""SRC041"",""SRC042"",""SRC045"",""SRC072"",""SRC091"",""SRC025"",""SRC040""]"
ECO00400,PRO0126,sells_to,PRO0413,"[""FOD0061""]",Участник охоты знати передаёт продукт роли «Городской хозяин двора».,A,"[""SRC028"",""SRC041"",""SRC042"",""SRC045"",""SRC072"",""SRC091"",""SRC001"",""SRC008""]"
ECO00401,PRO0127,sells_to,PRO0090,"[""FOD0061""]",Ловчий при княжеском или боярском дворе передаёт продукт роли «Мясник».,B,"[""SRC028"",""SRC041"",""SRC042"",""SRC045"",""SRC072"",""SRC091"",""SRC025"",""SRC040""]"
ECO00402,PRO0127,sells_to,PRO0413,"[""FOD0061""]",Ловчий при княжеском или боярском дворе передаёт продукт роли «Городской хозяин двора».,A,"[""SRC028"",""SRC041"",""SRC042"",""SRC045"",""SRC072"",""SRC091"",""SRC001"",""SRC008""]"
ECO00403,PRO0119,supplies,PRO0128,"[""HNT0021"",""TRD0007"",""TRD0008""]",Промысловый охотник снабжает сырьём роль «Обработчик и мездрильщик шкур».,A,"[""SRC028"",""SRC041"",""SRC042"",""SRC045"",""SRC072"",""SRC091"",""SRC001"",""SRC061""]"
ECO00404,PRO0121,supplies,PRO0128,"[""HNT0021"",""TRD0007"",""TRD0008""]",Зверолов-пушник снабжает сырьём роль «Обработчик и мездрильщик шкур».,A,"[""SRC028"",""SRC041"",""SRC042"",""SRC045"",""SRC072"",""SRC091"",""SRC001"",""SRC061""]"
ECO00405,PRO0122,supplies,PRO0128,"[""TRD0006""]",Бобровник / добытчик бобра снабжает сырьём роль «Обработчик и мездрильщик шкур».,A,"[""SRC028"",""SRC041"",""SRC042"",""SRC045"",""SRC072"",""SRC091"",""SRC001"",""SRC061""]"
ECO00406,PRO0128,sells_to,PRO0319,"[""TRD0051""]",Обработчик и мездрильщик шкур передаёт продукт роли «Оруженосец и помощник воина».,B,"[""SRC001"",""SRC061"",""SRC084"",""SRC089"",""SRC031"",""SRC034"",""SRC035"",""SRC036""]"
ECO00407,PRO0129,sells_to,PRO0413,[],Проводник промысловиков передаёт продукт роли «Городской хозяин двора».,A,"[""SRC005"",""SRC045"",""SRC046"",""SRC089"",""SRC102"",""SRC001"",""SRC008"",""SRC012""]"
ECO00408,PRO0130,sells_to,PRO0413,[],Работник промыслового стана передаёт продукт роли «Городской хозяин двора».,A,"[""SRC028"",""SRC041"",""SRC042"",""SRC045"",""SRC072"",""SRC091"",""SRC001"",""SRC008""]"
ECO00409,PRO0131,sells_to,PRO0413,"[""FOD0025"",""FOD0048""]",Бортник / добытчик лесного мёда передаёт продукт роли «Городской хозяин двора».,A,"[""SRC005"",""SRC045"",""SRC046"",""SRC089"",""SRC102"",""SRC001"",""SRC008"",""SRC012""]"
ECO00410,PRO0132,sells_to,PRO0413,"[""FOD0025"",""FOD0048""]",Пчеловод при колодных ульях передаёт продукт роли «Городской хозяин двора».,A,"[""SRC005"",""SRC045"",""SRC046"",""SRC089"",""SRC102"",""SRC001"",""SRC008"",""SRC012""]"
ECO00411,PRO0133,sells_to,PRO0413,"[""HOU0008""]",Заготовитель и очиститель пчелиного воска передаёт продукт роли «Городской хозяин двора».,A,"[""SRC005"",""SRC045"",""SRC046"",""SRC089"",""SRC102"",""SRC001"",""SRC008"",""SRC012""]"
ECO00412,PRO0134,sells_to,PRO0413,"[""FOD0014"",""FOD0015"",""FOD0016"",""FOD0017""]",Сборщик лесных ягод передаёт продукт роли «Городской хозяин двора».,A,"[""SRC005"",""SRC045"",""SRC046"",""SRC089"",""SRC102"",""SRC001"",""SRC008"",""SRC012""]"
ECO00413,PRO0135,sells_to,PRO0413,"[""FOD0014"",""FOD0015"",""FOD0016"",""FOD0017""]",Сборщик и сушильщик грибов передаёт продукт роли «Городской хозяин двора».,A,"[""SRC005"",""SRC045"",""SRC046"",""SRC089"",""SRC102"",""SRC001"",""SRC008"",""SRC012""]"
ECO00414,PRO0136,sells_to,PRO0413,"[""FOD0014"",""FOD0015"",""FOD0016"",""FOD0017""]",Сборщик пищевых и хозяйственных трав передаёт продукт роли «Городской хозяин двора».,A,"[""SRC005"",""SRC045"",""SRC046"",""SRC089"",""SRC102"",""SRC001"",""SRC008"",""SRC012""]"
ECO00415,PRO0137,sells_to,PRO0413,"[""FOD0014"",""FOD0015"",""FOD0016"",""FOD0017""]",Сборщик лесных орехов передаёт продукт роли «Городской хозяин двора».,A,"[""SRC005"",""SRC045"",""SRC046"",""SRC089"",""SRC102"",""SRC001"",""SRC008"",""SRC012""]"
ECO00416,PRO0138,sells_to,PRO0413,"[""CON0034"",""CON0035""]",Лесоруб передаёт продукт роли «Городской хозяин двора».,A,"[""SRC005"",""SRC045"",""SRC046"",""SRC089"",""SRC102"",""SRC001"",""SRC008"",""SRC012""]"
ECO00417,PRO0139,sells_to,PRO0069,"[""MSC0046""]",Заготовитель дров передаёт продукт роли «Углежог».,A,"[""SRC005"",""SRC045"",""SRC046"",""SRC089"",""SRC102"",""SRC033""]"
ECO00418,PRO0139,sells_to,PRO0413,"[""MSC0046""]",Заготовитель дров передаёт продукт роли «Городской хозяин двора».,A,"[""SRC005"",""SRC045"",""SRC046"",""SRC089"",""SRC102"",""SRC001"",""SRC008"",""SRC012""]"
ECO00419,PRO0140,sells_to,PRO0033,"[""CON0034"",""CON0035""]",Заготовитель и отборщик строевого леса передаёт продукт роли «Плотник общего профиля».,A,"[""SRC005"",""SRC045"",""SRC046"",""SRC089"",""SRC102"",""SRC001"",""SRC006"",""SRC008""]"
ECO00420,PRO0140,sells_to,PRO0069,"[""CON0034""]",Заготовитель и отборщик строевого леса передаёт продукт роли «Углежог».,B,"[""SRC005"",""SRC045"",""SRC046"",""SRC089"",""SRC102"",""SRC033""]"
ECO00421,PRO0140,sells_to,PRO0413,"[""CON0034"",""CON0035""]",Заготовитель и отборщик строевого леса передаёт продукт роли «Городской хозяин двора».,A,"[""SRC005"",""SRC045"",""SRC046"",""SRC089"",""SRC102"",""SRC001"",""SRC008"",""SRC012""]"
ECO00422,PRO0141,sells_to,PRO0413,[],Перевозчик брёвен передаёт продукт роли «Городской хозяин двора».,A,"[""SRC005"",""SRC045"",""SRC046"",""SRC089"",""SRC102"",""SRC001"",""SRC008"",""SRC012""]"
ECO00423,PRO0142,sells_to,PRO0413,[],Сплавщик древесины передаёт продукт роли «Городской хозяин двора».,A,"[""SRC005"",""SRC045"",""SRC046"",""SRC089"",""SRC102"",""SRC001"",""SRC008"",""SRC012""]"
ECO00424,PRO0143,sells_to,PRO0033,"[""CON0035""]",Колотчик брёвен и заготовок передаёт продукт роли «Плотник общего профиля».,A,"[""SRC005"",""SRC045"",""SRC046"",""SRC089"",""SRC102"",""SRC001"",""SRC006"",""SRC008""]"
ECO00425,PRO0143,sells_to,PRO0069,"[""MSC0046""]",Колотчик брёвен и заготовок передаёт продукт роли «Углежог».,B,"[""SRC005"",""SRC045"",""SRC046"",""SRC089"",""SRC102"",""SRC033""]"
ECO00426,PRO0143,sells_to,PRO0413,"[""MSC0046""]",Колотчик брёвен и заготовок передаёт продукт роли «Городской хозяин двора».,A,"[""SRC005"",""SRC045"",""SRC046"",""SRC089"",""SRC102"",""SRC001"",""SRC008"",""SRC012""]"
ECO00427,PRO0144,sells_to,PRO0033,"[""CON0035""]",Тесальщик досок и плах передаёт продукт роли «Плотник общего профиля».,A,"[""SRC005"",""SRC045"",""SRC046"",""SRC089"",""SRC102"",""SRC001"",""SRC006"",""SRC008""]"
ECO00428,PRO0144,sells_to,PRO0069,"[""MSC0046""]",Тесальщик досок и плах передаёт продукт роли «Углежог».,B,"[""SRC005"",""SRC045"",""SRC046"",""SRC089"",""SRC102"",""SRC033""]"
ECO00429,PRO0144,sells_to,PRO0413,"[""MSC0046""]",Тесальщик досок и плах передаёт продукт роли «Городской хозяин двора».,A,"[""SRC005"",""SRC045"",""SRC046"",""SRC089"",""SRC102"",""SRC001"",""SRC008"",""SRC012""]"
ECO00430,PRO0145,sells_to,PRO0413,"[""FOD0014"",""FOD0015"",""FOD0016"",""FOD0017""]",Заготовитель лыка и растительного волокна передаёт продукт роли «Городской хозяин двора».,A,"[""SRC005"",""SRC045"",""SRC046"",""SRC089"",""SRC102"",""SRC001"",""SRC008"",""SRC012""]"
ECO00431,PRO0138,supplies,PRO0146,"[""CON0034"",""CON0035""]",Лесоруб снабжает сырьём роль «Изготовитель промысловых лыж».,A,"[""SRC005"",""SRC045"",""SRC046"",""SRC089"",""SRC102"",""SRC001"",""SRC006"",""SRC008""]"
ECO00432,PRO0146,sells_to,PRO0413,"[""POT0002"",""HOU0010"",""HOU0043""]",Изготовитель промысловых лыж передаёт продукт роли «Городской хозяин двора».,A,"[""SRC001"",""SRC005"",""SRC006"",""SRC008"",""SRC089"",""SRC012"",""SRC028"",""SRC045""]"
ECO00433,PRO0146,sells_to,PRO0393,"[""POT0002"",""HOU0010"",""HOU0043""]",Изготовитель промысловых лыж передаёт продукт роли «Изготовитель и хранитель восковых свечей».,C,"[""SRC001"",""SRC005"",""SRC006"",""SRC008"",""SRC089"",""SRC017"",""SRC018"",""SRC020""]"
ECO00434,PRO0147,sells_to,PRO0413,"[""FOD0051""]",Крестьянский хозяин с несколькими занятиями передаёт продукт роли «Городской хозяин двора».,A,"[""SRC028"",""SRC044"",""SRC045"",""SRC046"",""SRC047"",""SRC102"",""SRC001"",""SRC008""]"
ECO00435,PRO0147,sells_to,PRO0386,"[""FOD0051"",""FOD0022"",""FOD0050"",""AGR0039""]",Крестьянский хозяин с несколькими занятиями передаёт продукт роли «Хозяйственный служитель монастыря».,A,"[""SRC028"",""SRC044"",""SRC045"",""SRC046"",""SRC047"",""SRC102"",""SRC017"",""SRC018""]"
ECO00436,PRO0148,sells_to,PRO0081,"[""FOD0051"",""FOD0022""]",Хозяйка сельского двора с несколькими занятиями передаёт продукт роли «Мельник ручных жерновов».,A,"[""SRC028"",""SRC044"",""SRC045"",""SRC046"",""SRC047"",""SRC102""]"
ECO00437,PRO0148,sells_to,PRO0413,"[""FOD0051""]",Хозяйка сельского двора с несколькими занятиями передаёт продукт роли «Городской хозяин двора».,A,"[""SRC028"",""SRC044"",""SRC045"",""SRC046"",""SRC047"",""SRC102"",""SRC001"",""SRC008""]"
ECO00438,PRO0148,sells_to,PRO0386,"[""FOD0051"",""FOD0022"",""FOD0050"",""AGR0039""]",Хозяйка сельского двора с несколькими занятиями передаёт продукт роли «Хозяйственный служитель монастыря».,A,"[""SRC028"",""SRC044"",""SRC045"",""SRC046"",""SRC047"",""SRC102"",""SRC017"",""SRC018""]"
ECO00439,PRO0149,sells_to,PRO0413,[],Пахарь сохой передаёт продукт роли «Городской хозяин двора».,A,"[""SRC028"",""SRC044"",""SRC045"",""SRC046"",""SRC047"",""SRC102"",""SRC001"",""SRC008""]"
ECO00440,PRO0149,sells_to,PRO0386,[],Пахарь сохой передаёт продукт роли «Хозяйственный служитель монастыря».,A,"[""SRC028"",""SRC044"",""SRC045"",""SRC046"",""SRC047"",""SRC102"",""SRC017"",""SRC018""]"
ECO00441,PRO0150,sells_to,PRO0413,[],Пахарь ралом передаёт продукт роли «Городской хозяин двора».,A,"[""SRC028"",""SRC044"",""SRC045"",""SRC046"",""SRC047"",""SRC102"",""SRC001"",""SRC008""]"
ECO00442,PRO0150,sells_to,PRO0386,[],Пахарь ралом передаёт продукт роли «Хозяйственный служитель монастыря».,B,"[""SRC028"",""SRC044"",""SRC045"",""SRC046"",""SRC047"",""SRC102"",""SRC017"",""SRC018""]"
ECO00443,PRO0151,sells_to,PRO0413,[],Сеятель передаёт продукт роли «Городской хозяин двора».,A,"[""SRC028"",""SRC044"",""SRC045"",""SRC046"",""SRC047"",""SRC102"",""SRC001"",""SRC008""]"
ECO00444,PRO0151,sells_to,PRO0386,[],Сеятель передаёт продукт роли «Хозяйственный служитель монастыря».,A,"[""SRC028"",""SRC044"",""SRC045"",""SRC046"",""SRC047"",""SRC102"",""SRC017"",""SRC018""]"
ECO00445,PRO0152,sells_to,PRO0413,[],Бороновальщик передаёт продукт роли «Городской хозяин двора».,A,"[""SRC028"",""SRC044"",""SRC045"",""SRC046"",""SRC047"",""SRC102"",""SRC001"",""SRC008""]"
ECO00446,PRO0152,sells_to,PRO0386,[],Бороновальщик передаёт продукт роли «Хозяйственный служитель монастыря».,B,"[""SRC028"",""SRC044"",""SRC045"",""SRC046"",""SRC047"",""SRC102"",""SRC017"",""SRC018""]"
ECO00447,PRO0153,sells_to,PRO0081,"[""FOD0051"",""FOD0022""]",Жнец / жница передаёт продукт роли «Мельник ручных жерновов».,A,"[""SRC028"",""SRC044"",""SRC045"",""SRC046"",""SRC047"",""SRC102""]"
ECO00448,PRO0153,sells_to,PRO0413,"[""FOD0051""]",Жнец / жница передаёт продукт роли «Городской хозяин двора».,A,"[""SRC028"",""SRC044"",""SRC045"",""SRC046"",""SRC047"",""SRC102"",""SRC001"",""SRC008""]"
ECO00449,PRO0153,sells_to,PRO0386,"[""AGR0039"",""FOD0051"",""FOD0022"",""FOD0050""]",Жнец / жница передаёт продукт роли «Хозяйственный служитель монастыря».,A,"[""SRC028"",""SRC044"",""SRC045"",""SRC046"",""SRC047"",""SRC102"",""SRC017"",""SRC018""]"
ECO00450,PRO0154,sells_to,PRO0413,"[""AGR0014"",""AGR0015""]",Косарь передаёт продукт роли «Городской хозяин двора».,A,"[""SRC028"",""SRC044"",""SRC045"",""SRC046"",""SRC047"",""SRC102"",""SRC001"",""SRC008""]"
ECO00451,PRO0154,sells_to,PRO0386,"[""AGR0014"",""AGR0015""]",Косарь передаёт продукт роли «Хозяйственный служитель монастыря».,A,"[""SRC028"",""SRC044"",""SRC045"",""SRC046"",""SRC047"",""SRC102"",""SRC017"",""SRC018""]"
ECO00452,PRO0155,sells_to,PRO0413,"[""AGR0014"",""AGR0015""]",Сенокосец и собиратель сена передаёт продукт роли «Городской хозяин двора».,A,"[""SRC028"",""SRC044"",""SRC045"",""SRC046"",""SRC047"",""SRC102"",""SRC001"",""SRC008""]"
ECO00453,PRO0155,sells_to,PRO0386,"[""AGR0014"",""AGR0015""]",Сенокосец и собиратель сена передаёт продукт роли «Хозяйственный служитель монастыря».,A,"[""SRC028"",""SRC044"",""SRC045"",""SRC046"",""SRC047"",""SRC102"",""SRC017"",""SRC018""]"
ECO00454,PRO0156,sells_to,PRO0081,"[""FOD0051"",""FOD0022""]",Молотильщик передаёт продукт роли «Мельник ручных жерновов».,A,"[""SRC028"",""SRC044"",""SRC045"",""SRC046"",""SRC047"",""SRC102""]"
ECO00455,PRO0156,sells_to,PRO0413,"[""FOD0051""]",Молотильщик передаёт продукт роли «Городской хозяин двора».,A,"[""SRC028"",""SRC044"",""SRC045"",""SRC046"",""SRC047"",""SRC102"",""SRC001"",""SRC008""]"
ECO00456,PRO0156,sells_to,PRO0386,"[""FOD0051"",""FOD0022"",""FOD0050""]",Молотильщик передаёт продукт роли «Хозяйственный служитель монастыря».,A,"[""SRC028"",""SRC044"",""SRC045"",""SRC046"",""SRC047"",""SRC102"",""SRC017"",""SRC018""]"
ECO00457,PRO0157,sells_to,PRO0081,"[""FOD0051"",""FOD0022""]",Веяльщик зерна передаёт продукт роли «Мельник ручных жерновов».,A,"[""SRC028"",""SRC044"",""SRC045"",""SRC046"",""SRC047"",""SRC102""]"
ECO00458,PRO0157,sells_to,PRO0413,"[""FOD0051""]",Веяльщик зерна передаёт продукт роли «Городской хозяин двора».,A,"[""SRC028"",""SRC044"",""SRC045"",""SRC046"",""SRC047"",""SRC102"",""SRC001"",""SRC008""]"
ECO00459,PRO0157,sells_to,PRO0386,"[""FOD0051"",""FOD0022"",""FOD0050""]",Веяльщик зерна передаёт продукт роли «Хозяйственный служитель монастыря».,A,"[""SRC028"",""SRC044"",""SRC045"",""SRC046"",""SRC047"",""SRC102"",""SRC017"",""SRC018""]"
ECO00460,PRO0158,sells_to,PRO0413,[],Хранитель амбара и зерновых запасов передаёт продукт роли «Городской хозяин двора».,A,"[""SRC028"",""SRC044"",""SRC045"",""SRC046"",""SRC047"",""SRC102"",""SRC001"",""SRC008""]"
ECO00461,PRO0158,sells_to,PRO0386,[],Хранитель амбара и зерновых запасов передаёт продукт роли «Хозяйственный служитель монастыря».,B,"[""SRC028"",""SRC044"",""SRC045"",""SRC046"",""SRC047"",""SRC102"",""SRC017"",""SRC018""]"
ECO00462,PRO0159,sells_to,PRO0081,"[""FOD0051"",""FOD0022""]",Работник зернового тока передаёт продукт роли «Мельник ручных жерновов».,A,"[""SRC028"",""SRC044"",""SRC045"",""SRC046"",""SRC047"",""SRC102""]"
ECO00463,PRO0159,sells_to,PRO0413,"[""FOD0051""]",Работник зернового тока передаёт продукт роли «Городской хозяин двора».,A,"[""SRC028"",""SRC044"",""SRC045"",""SRC046"",""SRC047"",""SRC102"",""SRC001"",""SRC008""]"
ECO00464,PRO0159,sells_to,PRO0386,"[""FOD0051"",""FOD0022"",""FOD0050""]",Работник зернового тока передаёт продукт роли «Хозяйственный служитель монастыря».,A,"[""SRC028"",""SRC044"",""SRC045"",""SRC046"",""SRC047"",""SRC102"",""SRC017"",""SRC018""]"
ECO00465,PRO0160,sells_to,PRO0413,"[""FOD0040"",""FOD0041"",""FOD0044"",""FOD0045""]",Огородник передаёт продукт роли «Городской хозяин двора».,A,"[""SRC028"",""SRC044"",""SRC045"",""SRC046"",""SRC047"",""SRC102"",""SRC001"",""SRC008""]"
ECO00466,PRO0160,sells_to,PRO0386,"[""FOD0040"",""FOD0041"",""FOD0044"",""FOD0045""]",Огородник передаёт продукт роли «Хозяйственный служитель монастыря».,B,"[""SRC028"",""SRC044"",""SRC045"",""SRC046"",""SRC047"",""SRC102"",""SRC017"",""SRC018""]"
ECO00467,PRO0178,supplies,PRO0161,"[""MSC0040""]",Конюх снабжает сырьём роль «Сборщик и развозчик навоза».,A,"[""SRC028"",""SRC040"",""SRC041"",""SRC042"",""SRC045"",""SRC046"",""SRC074"",""SRC097""]"
ECO00468,PRO0161,sells_to,PRO0413,"[""AGR0035""]",Сборщик и развозчик навоза передаёт продукт роли «Городской хозяин двора».,A,"[""SRC028"",""SRC044"",""SRC045"",""SRC046"",""SRC047"",""SRC102"",""SRC001"",""SRC008""]"
ECO00469,PRO0161,sells_to,PRO0386,"[""AGR0035""]",Сборщик и развозчик навоза передаёт продукт роли «Хозяйственный служитель монастыря».,B,"[""SRC028"",""SRC044"",""SRC045"",""SRC046"",""SRC047"",""SRC102"",""SRC017"",""SRC018""]"
ECO00470,PRO0162,sells_to,PRO0413,[],Ремонтник полевых изгородей передаёт продукт роли «Городской хозяин двора».,A,"[""SRC028"",""SRC044"",""SRC045"",""SRC046"",""SRC047"",""SRC102"",""SRC001"",""SRC008""]"
ECO00471,PRO0162,sells_to,PRO0386,[],Ремонтник полевых изгородей передаёт продукт роли «Хозяйственный служитель монастыря».,B,"[""SRC028"",""SRC044"",""SRC045"",""SRC046"",""SRC047"",""SRC102"",""SRC017"",""SRC018""]"
ECO00472,PRO0163,sells_to,PRO0081,"[""FOD0051"",""FOD0022""]",Сезонный помощник на жатве передаёт продукт роли «Мельник ручных жерновов».,A,"[""SRC028"",""SRC044"",""SRC045"",""SRC046"",""SRC047"",""SRC102""]"
ECO00473,PRO0163,sells_to,PRO0413,"[""FOD0051""]",Сезонный помощник на жатве передаёт продукт роли «Городской хозяин двора».,A,"[""SRC028"",""SRC044"",""SRC045"",""SRC046"",""SRC047"",""SRC102"",""SRC001"",""SRC008""]"
ECO00474,PRO0163,sells_to,PRO0386,"[""AGR0039"",""FOD0051"",""FOD0022"",""FOD0050""]",Сезонный помощник на жатве передаёт продукт роли «Хозяйственный служитель монастыря».,A,"[""SRC028"",""SRC044"",""SRC045"",""SRC046"",""SRC047"",""SRC102"",""SRC017"",""SRC018""]"
ECO00475,PRO0164,sells_to,PRO0081,"[""FOD0051"",""FOD0022""]",Сезонный полевой работник передаёт продукт роли «Мельник ручных жерновов».,B,"[""SRC028"",""SRC044"",""SRC045"",""SRC046"",""SRC047"",""SRC102""]"
ECO00476,PRO0164,sells_to,PRO0413,"[""FOD0051""]",Сезонный полевой работник передаёт продукт роли «Городской хозяин двора».,A,"[""SRC028"",""SRC044"",""SRC045"",""SRC046"",""SRC047"",""SRC102"",""SRC001"",""SRC008""]"
ECO00477,PRO0164,sells_to,PRO0386,"[""FOD0051"",""FOD0022"",""FOD0050"",""AGR0039""]",Сезонный полевой работник передаёт продукт роли «Хозяйственный служитель монастыря».,B,"[""SRC028"",""SRC044"",""SRC045"",""SRC046"",""SRC047"",""SRC102"",""SRC017"",""SRC018""]"
ECO00478,PRO0165,sells_to,PRO0081,"[""FOD0051"",""FOD0022""]",Работник боярского или монастырского хозяйства передаёт продукт роли «Мельник ручных жерновов».,B,"[""SRC028"",""SRC044"",""SRC045"",""SRC046"",""SRC047"",""SRC102""]"
ECO00479,PRO0165,sells_to,PRO0413,"[""FOD0051""]",Работник боярского или монастырского хозяйства передаёт продукт роли «Городской хозяин двора».,A,"[""SRC028"",""SRC044"",""SRC045"",""SRC046"",""SRC047"",""SRC102"",""SRC001"",""SRC008""]"
ECO00480,PRO0165,sells_to,PRO0386,"[""FOD0051"",""FOD0022"",""FOD0050"",""AGR0039""]",Работник боярского или монастырского хозяйства передаёт продукт роли «Хозяйственный служитель монастыря».,B,"[""SRC028"",""SRC044"",""SRC045"",""SRC046"",""SRC047"",""SRC102"",""SRC017"",""SRC018""]"
ECO00481,PRO0166,sells_to,PRO0413,[],Управляющий сельским хозяйством усадьбы передаёт продукт роли «Городской хозяин двора».,A,"[""SRC028"",""SRC044"",""SRC045"",""SRC046"",""SRC047"",""SRC102"",""SRC001"",""SRC008""]"
ECO00482,PRO0166,sells_to,PRO0386,[],Управляющий сельским хозяйством усадьбы передаёт продукт роли «Хозяйственный служитель монастыря».,B,"[""SRC028"",""SRC044"",""SRC045"",""SRC046"",""SRC047"",""SRC102"",""SRC017"",""SRC018""]"
ECO00483,PRO0167,sells_to,PRO0413,[],Землекоп и канавщик передаёт продукт роли «Городской хозяин двора».,A,"[""SRC028"",""SRC044"",""SRC045"",""SRC046"",""SRC047"",""SRC102"",""SRC001"",""SRC008""]"
ECO00484,PRO0167,sells_to,PRO0386,[],Землекоп и канавщик передаёт продукт роли «Хозяйственный служитель монастыря».,A,"[""SRC028"",""SRC044"",""SRC045"",""SRC046"",""SRC047"",""SRC102"",""SRC017"",""SRC018""]"
ECO00485,PRO0168,sells_to,PRO0413,"[""FOD0040"",""FOD0041"",""FOD0044"",""FOD0045""]",Садовод при небольшом плодовом участке передаёт продукт роли «Городской хозяин двора».,A,"[""SRC028"",""SRC044"",""SRC045"",""SRC046"",""SRC047"",""SRC102"",""SRC001"",""SRC008""]"
ECO00486,PRO0168,sells_to,PRO0386,"[""FOD0040"",""FOD0041"",""FOD0044"",""FOD0045""]",Садовод при небольшом плодовом участке передаёт продукт роли «Хозяйственный служитель монастыря».,B,"[""SRC028"",""SRC044"",""SRC045"",""SRC046"",""SRC047"",""SRC102"",""SRC017"",""SRC018""]"
ECO00487,PRO0169,sells_to,PRO0413,[],Носильщик урожая передаёт продукт роли «Городской хозяин двора».,A,"[""SRC028"",""SRC044"",""SRC045"",""SRC046"",""SRC047"",""SRC102"",""SRC001"",""SRC008""]"
ECO00488,PRO0169,sells_to,PRO0386,[],Носильщик урожая передаёт продукт роли «Хозяйственный служитель монастыря».,A,"[""SRC028"",""SRC044"",""SRC045"",""SRC046"",""SRC047"",""SRC102"",""SRC017"",""SRC018""]"
ECO00489,PRO0170,transports_for,PRO0255,[],"Возчик зерна и муки перевозит людей, груз или обеспечивает погрузку для роли «Средний городской торговец».",B,"[""SRC039"",""SRC045"",""SRC046"",""SRC099"",""SRC027"",""SRC028"",""SRC029"",""SRC030""]"
ECO00490,PRO0170,transports_for,PRO0260,[],"Возчик зерна и муки перевозит людей, груз или обеспечивает погрузку для роли «Торговец зерном и мукой».",A,"[""SRC039"",""SRC045"",""SRC046"",""SRC099"",""SRC027"",""SRC028"",""SRC029"",""SRC030""]"
ECO00491,PRO0170,transports_for,PRO0207,[],"Возчик зерна и муки перевозит людей, груз или обеспечивает погрузку для роли «Перевозчик строительных материалов».",A,"[""SRC039"",""SRC045"",""SRC046"",""SRC099""]"
ECO00492,PRO0170,transports_for,PRO0248,[],"Возчик зерна и муки перевозит людей, груз или обеспечивает погрузку для роли «Княжеский гонец».",B,"[""SRC039"",""SRC045"",""SRC046"",""SRC099"",""SRC027"",""SRC028"",""SRC031"",""SRC050""]"
ECO00493,PRO0171,sells_to,PRO0413,[],Сторож поля или урожая передаёт продукт роли «Городской хозяин двора».,A,"[""SRC028"",""SRC044"",""SRC045"",""SRC046"",""SRC047"",""SRC102"",""SRC001"",""SRC008""]"
ECO00494,PRO0171,sells_to,PRO0386,[],Сторож поля или урожая передаёт продукт роли «Хозяйственный служитель монастыря».,B,"[""SRC028"",""SRC044"",""SRC045"",""SRC046"",""SRC047"",""SRC102"",""SRC017"",""SRC018""]"
ECO00495,PRO0172,sells_to,PRO0413,[],Хранитель посевного зерна передаёт продукт роли «Городской хозяин двора».,A,"[""SRC028"",""SRC044"",""SRC045"",""SRC046"",""SRC047"",""SRC102"",""SRC001"",""SRC008""]"
ECO00496,PRO0172,sells_to,PRO0386,[],Хранитель посевного зерна передаёт продукт роли «Хозяйственный служитель монастыря».,B,"[""SRC028"",""SRC044"",""SRC045"",""SRC046"",""SRC047"",""SRC102"",""SRC017"",""SRC018""]"
ECO00497,PRO0155,supplies,PRO0173,"[""AGR0014"",""AGR0015""]",Сенокосец и собиратель сена снабжает сырьём роль «Пастух смешанного стада».,A,"[""SRC028"",""SRC044"",""SRC045"",""SRC046"",""SRC047"",""SRC102"",""SRC040"",""SRC041""]"
ECO00498,PRO0155,supplies,PRO0174,"[""AGR0014"",""AGR0015""]",Сенокосец и собиратель сена снабжает сырьём роль «Пастух крупного рогатого скота».,A,"[""SRC028"",""SRC044"",""SRC045"",""SRC046"",""SRC047"",""SRC102"",""SRC040"",""SRC041""]"
ECO00499,PRO0155,supplies,PRO0175,"[""AGR0014"",""AGR0015""]",Сенокосец и собиратель сена снабжает сырьём роль «Овчар».,A,"[""SRC028"",""SRC044"",""SRC045"",""SRC046"",""SRC047"",""SRC102"",""SRC040"",""SRC041""]"
ECO00500,PRO0155,supplies,PRO0176,"[""AGR0014"",""AGR0015""]",Сенокосец и собиратель сена снабжает сырьём роль «Козопас».,A,"[""SRC028"",""SRC044"",""SRC045"",""SRC046"",""SRC047"",""SRC102"",""SRC040"",""SRC041""]"
ECO00501,PRO0155,supplies,PRO0177,"[""AGR0014"",""AGR0015""]",Сенокосец и собиратель сена снабжает сырьём роль «Свинопас».,A,"[""SRC028"",""SRC044"",""SRC045"",""SRC046"",""SRC047"",""SRC102"",""SRC040"",""SRC041""]"
ECO00502,PRO0155,supplies,PRO0178,"[""AGR0014"",""AGR0015""]",Сенокосец и собиратель сена снабжает сырьём роль «Конюх».,A,"[""SRC028"",""SRC044"",""SRC045"",""SRC046"",""SRC047"",""SRC102"",""SRC040"",""SRC041""]"
ECO00503,PRO0155,supplies,PRO0179,"[""AGR0014"",""AGR0015""]",Сенокосец и собиратель сена снабжает сырьём роль «Табунщик / пастух лошадей».,A,"[""SRC028"",""SRC044"",""SRC045"",""SRC046"",""SRC047"",""SRC102"",""SRC040"",""SRC041""]"
ECO00504,PRO0155,supplies,PRO0180,"[""AGR0014"",""AGR0015""]",Сенокосец и собиратель сена снабжает сырьём роль «Воловщик».,A,"[""SRC028"",""SRC044"",""SRC045"",""SRC046"",""SRC047"",""SRC102"",""SRC040"",""SRC041""]"
ECO00505,PRO0155,supplies,PRO0182,"[""AGR0014"",""AGR0015""]",Сенокосец и собиратель сена снабжает сырьём роль «Работник хлева».,A,"[""SRC028"",""SRC044"",""SRC045"",""SRC046"",""SRC047"",""SRC102"",""SRC040"",""SRC041""]"
ECO00506,PRO0155,supplies,PRO0183,"[""AGR0014"",""AGR0015""]",Сенокосец и собиратель сена снабжает сырьём роль «Заготовитель и раздатчик корма».,A,"[""SRC028"",""SRC044"",""SRC045"",""SRC046"",""SRC047"",""SRC102"",""SRC040"",""SRC041""]"
ECO00507,PRO0155,supplies,PRO0188,"[""AGR0014"",""AGR0015""]",Сенокосец и собиратель сена снабжает сырьём роль «Разводчик и владелец лошадей».,A,"[""SRC028"",""SRC044"",""SRC045"",""SRC046"",""SRC047"",""SRC102"",""SRC040"",""SRC041""]"
ECO00508,PRO0155,supplies,PRO0189,"[""AGR0014"",""AGR0015""]",Сенокосец и собиратель сена снабжает сырьём роль «Скотник монастырского хозяйства».,A,"[""SRC028"",""SRC044"",""SRC045"",""SRC046"",""SRC047"",""SRC102"",""SRC040"",""SRC041""]"
ECO00509,PRO0155,supplies,PRO0190,"[""AGR0014"",""AGR0015""]",Сенокосец и собиратель сена снабжает сырьём роль «Ребёнок-помощник на выпасе».,A,"[""SRC028"",""SRC044"",""SRC045"",""SRC046"",""SRC047"",""SRC102"",""SRC040"",""SRC041""]"
ECO00510,PRO0178,supplies,PRO0192,"[""MSC0040""]",Конюх снабжает сырьём роль «Возчик навоза».,A,"[""SRC028"",""SRC040"",""SRC041"",""SRC042"",""SRC045"",""SRC046"",""SRC074"",""SRC097""]"
ECO00511,PRO0192,sells_to,PRO0413,"[""AGR0035""]",Возчик навоза передаёт продукт роли «Городской хозяин двора».,A,"[""SRC028"",""SRC044"",""SRC045"",""SRC046"",""SRC047"",""SRC102"",""SRC001"",""SRC008""]"
ECO00512,PRO0192,sells_to,PRO0386,"[""AGR0035""]",Возчик навоза передаёт продукт роли «Хозяйственный служитель монастыря».,B,"[""SRC028"",""SRC044"",""SRC045"",""SRC046"",""SRC047"",""SRC102"",""SRC017"",""SRC018""]"
ECO00513,PRO0193,sells_to,PRO0413,[],Старший мастер деревянной стройки передаёт продукт роли «Городской хозяин двора».,A,"[""SRC001"",""SRC003"",""SRC005"",""SRC009"",""SRC013"",""SRC078"",""SRC089"",""SRC102""]"
ECO00514,PRO0193,sells_to,PRO0254,[],Старший мастер деревянной стройки передаёт продукт роли «Крупный новгородский купец».,A,"[""SRC001"",""SRC003"",""SRC005"",""SRC009"",""SRC013"",""SRC078"",""SRC089"",""SRC102""]"
ECO00515,PRO0193,sells_to,PRO0384,[],Старший мастер деревянной стройки передаёт продукт роли «Игумен».,A,"[""SRC001"",""SRC003"",""SRC005"",""SRC009"",""SRC013"",""SRC078"",""SRC089"",""SRC102""]"
ECO00516,PRO0193,sells_to,PRO0336,[],Старший мастер деревянной стройки передаёт продукт роли «Посадник».,A,"[""SRC001"",""SRC003"",""SRC005"",""SRC009"",""SRC013"",""SRC078"",""SRC089"",""SRC102""]"
ECO00517,PRO0138,supplies,PRO0194,"[""CON0034"",""CON0035""]",Лесоруб снабжает сырьём роль «Рубщик и сборщик сруба».,A,"[""SRC005"",""SRC045"",""SRC046"",""SRC089"",""SRC102"",""SRC001"",""SRC006"",""SRC008""]"
ECO00518,PRO0194,sells_to,PRO0413,"[""CON0029"",""CON0035"",""ARC0020""]",Рубщик и сборщик сруба передаёт продукт роли «Городской хозяин двора».,A,"[""SRC001"",""SRC005"",""SRC006"",""SRC008"",""SRC089"",""SRC012"",""SRC028"",""SRC045""]"
ECO00519,PRO0194,sells_to,PRO0394,"[""CON0029"",""CON0035"",""ARC0020""]",Рубщик и сборщик сруба передаёт продукт роли «Изготовитель богослужебного хлеба».,A,"[""SRC001"",""SRC005"",""SRC006"",""SRC008"",""SRC089"",""SRC044"",""SRC045"",""SRC102""]"
ECO00520,PRO0138,supplies,PRO0195,"[""CON0034"",""CON0035""]",Лесоруб снабжает сырьём роль «Работник деревянной кровли».,A,"[""SRC005"",""SRC045"",""SRC046"",""SRC089"",""SRC102"",""SRC001"",""SRC003"",""SRC009""]"
ECO00521,PRO0195,sells_to,PRO0413,"[""ARC0024""]",Работник деревянной кровли передаёт продукт роли «Городской хозяин двора».,A,"[""SRC001"",""SRC003"",""SRC005"",""SRC009"",""SRC013"",""SRC078"",""SRC089"",""SRC102""]"
ECO00522,PRO0195,sells_to,PRO0254,"[""ARC0024""]",Работник деревянной кровли передаёт продукт роли «Крупный новгородский купец».,A,"[""SRC001"",""SRC003"",""SRC005"",""SRC009"",""SRC013"",""SRC078"",""SRC089"",""SRC102""]"
ECO00523,PRO0195,sells_to,PRO0384,"[""ARC0024""]",Работник деревянной кровли передаёт продукт роли «Игумен».,A,"[""SRC001"",""SRC003"",""SRC005"",""SRC009"",""SRC013"",""SRC078"",""SRC089"",""SRC102""]"
ECO00524,PRO0195,sells_to,PRO0336,"[""ARC0024""]",Работник деревянной кровли передаёт продукт роли «Посадник».,A,"[""SRC001"",""SRC003"",""SRC005"",""SRC009"",""SRC013"",""SRC078"",""SRC089"",""SRC102""]"
ECO00525,PRO0138,supplies,PRO0196,"[""CON0034""]",Лесоруб снабжает сырьём роль «Укладчик деревянной мостовой».,A,"[""SRC005"",""SRC045"",""SRC046"",""SRC089"",""SRC102"",""SRC001"",""SRC003"",""SRC009""]"
ECO00526,PRO0196,sells_to,PRO0413,"[""STR0007""]",Укладчик деревянной мостовой передаёт продукт роли «Городской хозяин двора».,A,"[""SRC001"",""SRC003"",""SRC005"",""SRC009"",""SRC013"",""SRC078"",""SRC089"",""SRC102""]"
ECO00527,PRO0196,sells_to,PRO0254,"[""STR0007""]",Укладчик деревянной мостовой передаёт продукт роли «Крупный новгородский купец».,A,"[""SRC001"",""SRC003"",""SRC005"",""SRC009"",""SRC013"",""SRC078"",""SRC089"",""SRC102""]"
ECO00528,PRO0196,sells_to,PRO0384,"[""STR0007""]",Укладчик деревянной мостовой передаёт продукт роли «Игумен».,A,"[""SRC001"",""SRC003"",""SRC005"",""SRC009"",""SRC013"",""SRC078"",""SRC089"",""SRC102""]"
ECO00529,PRO0196,sells_to,PRO0336,"[""STR0007""]",Укладчик деревянной мостовой передаёт продукт роли «Посадник».,A,"[""SRC001"",""SRC003"",""SRC005"",""SRC009"",""SRC013"",""SRC078"",""SRC089"",""SRC102""]"
ECO00530,PRO0138,supplies,PRO0197,"[""CON0034""]",Лесоруб снабжает сырьём роль «Помощник на укладке мостовой».,A,"[""SRC005"",""SRC045"",""SRC046"",""SRC089"",""SRC102"",""SRC001"",""SRC003"",""SRC009""]"
ECO00531,PRO0197,sells_to,PRO0413,"[""STR0007""]",Помощник на укладке мостовой передаёт продукт роли «Городской хозяин двора».,A,"[""SRC001"",""SRC003"",""SRC005"",""SRC009"",""SRC013"",""SRC078"",""SRC089"",""SRC102""]"
ECO00532,PRO0197,sells_to,PRO0254,"[""STR0007""]",Помощник на укладке мостовой передаёт продукт роли «Крупный новгородский купец».,A,"[""SRC001"",""SRC003"",""SRC005"",""SRC009"",""SRC013"",""SRC078"",""SRC089"",""SRC102""]"
ECO00533,PRO0197,sells_to,PRO0384,"[""STR0007""]",Помощник на укладке мостовой передаёт продукт роли «Игумен».,A,"[""SRC001"",""SRC003"",""SRC005"",""SRC009"",""SRC013"",""SRC078"",""SRC089"",""SRC102""]"
ECO00534,PRO0197,sells_to,PRO0336,"[""STR0007""]",Помощник на укладке мостовой передаёт продукт роли «Посадник».,A,"[""SRC001"",""SRC003"",""SRC005"",""SRC009"",""SRC013"",""SRC078"",""SRC089"",""SRC102""]"
ECO00535,PRO0138,supplies,PRO0198,"[""CON0034""]",Лесоруб снабжает сырьём роль «Работник ремонта улиц и настилов».,A,"[""SRC005"",""SRC045"",""SRC046"",""SRC089"",""SRC102"",""SRC001"",""SRC003"",""SRC009""]"
ECO00536,PRO0198,sells_to,PRO0413,"[""STR0007""]",Работник ремонта улиц и настилов передаёт продукт роли «Городской хозяин двора».,A,"[""SRC001"",""SRC003"",""SRC005"",""SRC009"",""SRC013"",""SRC078"",""SRC089"",""SRC102""]"
ECO00537,PRO0198,sells_to,PRO0254,"[""STR0007""]",Работник ремонта улиц и настилов передаёт продукт роли «Крупный новгородский купец».,A,"[""SRC001"",""SRC003"",""SRC005"",""SRC009"",""SRC013"",""SRC078"",""SRC089"",""SRC102""]"
ECO00538,PRO0198,sells_to,PRO0384,"[""STR0007""]",Работник ремонта улиц и настилов передаёт продукт роли «Игумен».,A,"[""SRC001"",""SRC003"",""SRC005"",""SRC009"",""SRC013"",""SRC078"",""SRC089"",""SRC102""]"
ECO00539,PRO0198,sells_to,PRO0336,"[""STR0007""]",Работник ремонта улиц и настилов передаёт продукт роли «Посадник».,A,"[""SRC001"",""SRC003"",""SRC005"",""SRC009"",""SRC013"",""SRC078"",""SRC089"",""SRC102""]"
ECO00540,PRO0138,supplies,PRO0199,"[""CON0034""]",Лесоруб снабжает сырьём роль «Плотник Великого моста».,A,"[""SRC005"",""SRC045"",""SRC046"",""SRC089"",""SRC102"",""SRC001"",""SRC003"",""SRC009""]"
ECO00541,PRO0199,sells_to,PRO0413,"[""STR0001""]",Плотник Великого моста передаёт продукт роли «Городской хозяин двора».,A,"[""SRC001"",""SRC003"",""SRC005"",""SRC009"",""SRC013"",""SRC078"",""SRC089"",""SRC102""]"
ECO00542,PRO0199,sells_to,PRO0254,"[""STR0001""]",Плотник Великого моста передаёт продукт роли «Крупный новгородский купец».,A,"[""SRC001"",""SRC003"",""SRC005"",""SRC009"",""SRC013"",""SRC078"",""SRC089"",""SRC102""]"
ECO00543,PRO0199,sells_to,PRO0384,"[""STR0001""]",Плотник Великого моста передаёт продукт роли «Игумен».,A,"[""SRC001"",""SRC003"",""SRC005"",""SRC009"",""SRC013"",""SRC078"",""SRC089"",""SRC102""]"
ECO00544,PRO0199,sells_to,PRO0336,"[""STR0001""]",Плотник Великого моста передаёт продукт роли «Посадник».,A,"[""SRC001"",""SRC003"",""SRC005"",""SRC009"",""SRC013"",""SRC078"",""SRC089"",""SRC102""]"
ECO00545,PRO0138,supplies,PRO0200,"[""CON0034""]",Лесоруб снабжает сырьём роль «Работник берегового укрепления».,A,"[""SRC005"",""SRC045"",""SRC046"",""SRC089"",""SRC102"",""SRC001"",""SRC003"",""SRC009""]"
ECO00546,PRO0200,sells_to,PRO0413,"[""STR0011"",""STR0012""]",Работник берегового укрепления передаёт продукт роли «Городской хозяин двора».,A,"[""SRC001"",""SRC003"",""SRC005"",""SRC009"",""SRC013"",""SRC078"",""SRC089"",""SRC102""]"
ECO00547,PRO0200,sells_to,PRO0254,"[""STR0011"",""STR0012""]",Работник берегового укрепления передаёт продукт роли «Крупный новгородский купец».,A,"[""SRC001"",""SRC003"",""SRC005"",""SRC009"",""SRC013"",""SRC078"",""SRC089"",""SRC102""]"
ECO00548,PRO0200,sells_to,PRO0384,"[""STR0011"",""STR0012""]",Работник берегового укрепления передаёт продукт роли «Игумен».,A,"[""SRC001"",""SRC003"",""SRC005"",""SRC009"",""SRC013"",""SRC078"",""SRC089"",""SRC102""]"
ECO00549,PRO0200,sells_to,PRO0336,"[""STR0011"",""STR0012""]",Работник берегового укрепления передаёт продукт роли «Посадник».,A,"[""SRC001"",""SRC003"",""SRC005"",""SRC009"",""SRC013"",""SRC078"",""SRC089"",""SRC102""]"
ECO00550,PRO0138,supplies,PRO0201,"[""CON0034""]",Лесоруб снабжает сырьём роль «Плотник причалов и мостков».,A,"[""SRC005"",""SRC045"",""SRC046"",""SRC089"",""SRC102"",""SRC001"",""SRC003"",""SRC009""]"
ECO00551,PRO0201,sells_to,PRO0413,"[""STR0011"",""STR0012""]",Плотник причалов и мостков передаёт продукт роли «Городской хозяин двора».,A,"[""SRC001"",""SRC003"",""SRC005"",""SRC009"",""SRC013"",""SRC078"",""SRC089"",""SRC102""]"
ECO00552,PRO0201,sells_to,PRO0254,"[""STR0011"",""STR0012""]",Плотник причалов и мостков передаёт продукт роли «Крупный новгородский купец».,A,"[""SRC001"",""SRC003"",""SRC005"",""SRC009"",""SRC013"",""SRC078"",""SRC089"",""SRC102""]"
ECO00553,PRO0201,sells_to,PRO0384,"[""STR0011"",""STR0012""]",Плотник причалов и мостков передаёт продукт роли «Игумен».,A,"[""SRC001"",""SRC003"",""SRC005"",""SRC009"",""SRC013"",""SRC078"",""SRC089"",""SRC102""]"
ECO00554,PRO0201,sells_to,PRO0336,"[""STR0011"",""STR0012""]",Плотник причалов и мостков передаёт продукт роли «Посадник».,A,"[""SRC001"",""SRC003"",""SRC005"",""SRC009"",""SRC013"",""SRC078"",""SRC089"",""SRC102""]"
ECO00555,PRO0202,sells_to,PRO0413,"[""ARC0003"",""ARC0005""]",Мастер каменного строительства передаёт продукт роли «Городской хозяин двора».,A,"[""SRC001"",""SRC003"",""SRC005"",""SRC009"",""SRC013"",""SRC078"",""SRC089"",""SRC102""]"
ECO00556,PRO0202,sells_to,PRO0254,"[""ARC0003"",""ARC0005""]",Мастер каменного строительства передаёт продукт роли «Крупный новгородский купец».,A,"[""SRC001"",""SRC003"",""SRC005"",""SRC009"",""SRC013"",""SRC078"",""SRC089"",""SRC102""]"
ECO00557,PRO0202,sells_to,PRO0384,"[""ARC0003"",""ARC0005""]",Мастер каменного строительства передаёт продукт роли «Игумен».,A,"[""SRC001"",""SRC003"",""SRC005"",""SRC009"",""SRC013"",""SRC078"",""SRC089"",""SRC102""]"
ECO00558,PRO0202,sells_to,PRO0336,"[""ARC0003"",""ARC0005""]",Мастер каменного строительства передаёт продукт роли «Посадник».,A,"[""SRC001"",""SRC003"",""SRC005"",""SRC009"",""SRC013"",""SRC078"",""SRC089"",""SRC102""]"
ECO00559,PRO0203,sells_to,PRO0413,"[""ARC0003"",""ARC0005""]",Каменщик передаёт продукт роли «Городской хозяин двора».,A,"[""SRC001"",""SRC003"",""SRC005"",""SRC009"",""SRC013"",""SRC078"",""SRC089"",""SRC102""]"
ECO00560,PRO0203,sells_to,PRO0254,"[""ARC0003"",""ARC0005""]",Каменщик передаёт продукт роли «Крупный новгородский купец».,A,"[""SRC001"",""SRC003"",""SRC005"",""SRC009"",""SRC013"",""SRC078"",""SRC089"",""SRC102""]"
ECO00561,PRO0203,sells_to,PRO0384,"[""ARC0003"",""ARC0005""]",Каменщик передаёт продукт роли «Игумен».,A,"[""SRC001"",""SRC003"",""SRC005"",""SRC009"",""SRC013"",""SRC078"",""SRC089"",""SRC102""]"
ECO00562,PRO0203,sells_to,PRO0336,"[""ARC0003"",""ARC0005""]",Каменщик передаёт продукт роли «Посадник».,A,"[""SRC001"",""SRC003"",""SRC005"",""SRC009"",""SRC013"",""SRC078"",""SRC089"",""SRC102""]"
ECO00563,PRO0204,sells_to,PRO0413,"[""ARC0003"",""ARC0005""]",Приготовитель известкового раствора передаёт продукт роли «Городской хозяин двора».,A,"[""SRC001"",""SRC003"",""SRC005"",""SRC009"",""SRC013"",""SRC078"",""SRC089"",""SRC102""]"
ECO00564,PRO0204,sells_to,PRO0254,"[""ARC0003"",""ARC0005""]",Приготовитель известкового раствора передаёт продукт роли «Крупный новгородский купец».,A,"[""SRC001"",""SRC003"",""SRC005"",""SRC009"",""SRC013"",""SRC078"",""SRC089"",""SRC102""]"
ECO00565,PRO0204,sells_to,PRO0384,"[""ARC0003"",""ARC0005""]",Приготовитель известкового раствора передаёт продукт роли «Игумен».,A,"[""SRC001"",""SRC003"",""SRC005"",""SRC009"",""SRC013"",""SRC078"",""SRC089"",""SRC102""]"
ECO00566,PRO0204,sells_to,PRO0336,"[""ARC0003"",""ARC0005""]",Приготовитель известкового раствора передаёт продукт роли «Посадник».,A,"[""SRC001"",""SRC003"",""SRC005"",""SRC009"",""SRC013"",""SRC078"",""SRC089"",""SRC102""]"
ECO00567,PRO0138,supplies,PRO0205,"[""CON0034"",""CON0035""]",Лесоруб снабжает сырьём роль «Носильщик камня и раствора».,A,"[""SRC005"",""SRC045"",""SRC046"",""SRC089"",""SRC102"",""SRC001"",""SRC003"",""SRC009""]"
ECO00568,PRO0205,sells_to,PRO0413,"[""ARC0020""]",Носильщик камня и раствора передаёт продукт роли «Городской хозяин двора».,A,"[""SRC001"",""SRC003"",""SRC005"",""SRC009"",""SRC013"",""SRC078"",""SRC089"",""SRC102""]"
ECO00569,PRO0205,sells_to,PRO0254,"[""ARC0020""]",Носильщик камня и раствора передаёт продукт роли «Крупный новгородский купец».,A,"[""SRC001"",""SRC003"",""SRC005"",""SRC009"",""SRC013"",""SRC078"",""SRC089"",""SRC102""]"
ECO00570,PRO0205,sells_to,PRO0384,"[""ARC0020""]",Носильщик камня и раствора передаёт продукт роли «Игумен».,A,"[""SRC001"",""SRC003"",""SRC005"",""SRC009"",""SRC013"",""SRC078"",""SRC089"",""SRC102""]"
ECO00571,PRO0205,sells_to,PRO0336,"[""ARC0020""]",Носильщик камня и раствора передаёт продукт роли «Посадник».,A,"[""SRC001"",""SRC003"",""SRC005"",""SRC009"",""SRC013"",""SRC078"",""SRC089"",""SRC102""]"
ECO00572,PRO0138,supplies,PRO0206,"[""CON0034"",""CON0035""]",Лесоруб снабжает сырьём роль «Работник строительных лесов и подъёма».,A,"[""SRC005"",""SRC045"",""SRC046"",""SRC089"",""SRC102"",""SRC001"",""SRC003"",""SRC009""]"
ECO00573,PRO0206,sells_to,PRO0413,"[""ARC0020""]",Работник строительных лесов и подъёма передаёт продукт роли «Городской хозяин двора».,A,"[""SRC001"",""SRC003"",""SRC005"",""SRC009"",""SRC013"",""SRC078"",""SRC089"",""SRC102""]"
ECO00574,PRO0206,sells_to,PRO0254,"[""ARC0020""]",Работник строительных лесов и подъёма передаёт продукт роли «Крупный новгородский купец».,A,"[""SRC001"",""SRC003"",""SRC005"",""SRC009"",""SRC013"",""SRC078"",""SRC089"",""SRC102""]"
ECO00575,PRO0206,sells_to,PRO0384,"[""ARC0020""]",Работник строительных лесов и подъёма передаёт продукт роли «Игумен».,A,"[""SRC001"",""SRC003"",""SRC005"",""SRC009"",""SRC013"",""SRC078"",""SRC089"",""SRC102""]"
ECO00576,PRO0206,sells_to,PRO0336,"[""ARC0020""]",Работник строительных лесов и подъёма передаёт продукт роли «Посадник».,A,"[""SRC001"",""SRC003"",""SRC005"",""SRC009"",""SRC013"",""SRC078"",""SRC089"",""SRC102""]"
ECO00577,PRO0207,transports_for,PRO0255,[],"Перевозчик строительных материалов перевозит людей, груз или обеспечивает погрузку для роли «Средний городской торговец».",A,"[""SRC039"",""SRC045"",""SRC046"",""SRC099"",""SRC027"",""SRC028"",""SRC029"",""SRC030""]"
ECO00578,PRO0207,transports_for,PRO0260,[],"Перевозчик строительных материалов перевозит людей, груз или обеспечивает погрузку для роли «Торговец зерном и мукой».",A,"[""SRC039"",""SRC045"",""SRC046"",""SRC099"",""SRC027"",""SRC028"",""SRC029"",""SRC030""]"
ECO00579,PRO0207,transports_for,PRO0248,[],"Перевозчик строительных материалов перевозит людей, груз или обеспечивает погрузку для роли «Княжеский гонец».",A,"[""SRC039"",""SRC045"",""SRC046"",""SRC099"",""SRC027"",""SRC028"",""SRC031"",""SRC050""]"
ECO00580,PRO0138,supplies,PRO0208,"[""CON0034"",""CON0035""]",Лесоруб снабжает сырьём роль «Носильщик на стройке».,A,"[""SRC005"",""SRC045"",""SRC046"",""SRC089"",""SRC102"",""SRC001"",""SRC003"",""SRC009""]"
ECO00581,PRO0208,sells_to,PRO0413,"[""ARC0020""]",Носильщик на стройке передаёт продукт роли «Городской хозяин двора».,A,"[""SRC001"",""SRC003"",""SRC005"",""SRC009"",""SRC013"",""SRC078"",""SRC089"",""SRC102""]"
ECO00582,PRO0208,sells_to,PRO0254,"[""ARC0020""]",Носильщик на стройке передаёт продукт роли «Крупный новгородский купец».,A,"[""SRC001"",""SRC003"",""SRC005"",""SRC009"",""SRC013"",""SRC078"",""SRC089"",""SRC102""]"
ECO00583,PRO0208,sells_to,PRO0384,"[""ARC0020""]",Носильщик на стройке передаёт продукт роли «Игумен».,A,"[""SRC001"",""SRC003"",""SRC005"",""SRC009"",""SRC013"",""SRC078"",""SRC089"",""SRC102""]"
ECO00584,PRO0208,sells_to,PRO0336,"[""ARC0020""]",Носильщик на стройке передаёт продукт роли «Посадник».,A,"[""SRC001"",""SRC003"",""SRC005"",""SRC009"",""SRC013"",""SRC078"",""SRC089"",""SRC102""]"
ECO00585,PRO0138,supplies,PRO0209,"[""CON0034""]",Лесоруб снабжает сырьём роль «Колодезник».,A,"[""SRC005"",""SRC045"",""SRC046"",""SRC089"",""SRC102"",""SRC001"",""SRC003"",""SRC009""]"
ECO00586,PRO0209,sells_to,PRO0413,"[""ARC0027""]",Колодезник передаёт продукт роли «Городской хозяин двора».,A,"[""SRC001"",""SRC003"",""SRC005"",""SRC009"",""SRC013"",""SRC078"",""SRC089"",""SRC102""]"
ECO00587,PRO0209,sells_to,PRO0254,"[""ARC0027""]",Колодезник передаёт продукт роли «Крупный новгородский купец».,A,"[""SRC001"",""SRC003"",""SRC005"",""SRC009"",""SRC013"",""SRC078"",""SRC089"",""SRC102""]"
ECO00588,PRO0209,sells_to,PRO0384,"[""ARC0027""]",Колодезник передаёт продукт роли «Игумен».,A,"[""SRC001"",""SRC003"",""SRC005"",""SRC009"",""SRC013"",""SRC078"",""SRC089"",""SRC102""]"
ECO00589,PRO0209,sells_to,PRO0336,"[""ARC0027""]",Колодезник передаёт продукт роли «Посадник».,A,"[""SRC001"",""SRC003"",""SRC005"",""SRC009"",""SRC013"",""SRC078"",""SRC089"",""SRC102""]"
ECO00590,PRO0210,sells_to,PRO0413,"[""INT0043""]",Мастер устройства и ремонта бытовой печи передаёт продукт роли «Городской хозяин двора».,A,"[""SRC001"",""SRC003"",""SRC005"",""SRC009"",""SRC013"",""SRC078"",""SRC089"",""SRC102""]"
ECO00591,PRO0210,sells_to,PRO0254,"[""INT0043""]",Мастер устройства и ремонта бытовой печи передаёт продукт роли «Крупный новгородский купец».,A,"[""SRC001"",""SRC003"",""SRC005"",""SRC009"",""SRC013"",""SRC078"",""SRC089"",""SRC102""]"
ECO00592,PRO0210,sells_to,PRO0384,"[""INT0043""]",Мастер устройства и ремонта бытовой печи передаёт продукт роли «Игумен».,A,"[""SRC001"",""SRC003"",""SRC005"",""SRC009"",""SRC013"",""SRC078"",""SRC089"",""SRC102""]"
ECO00593,PRO0210,sells_to,PRO0336,"[""INT0043""]",Мастер устройства и ремонта бытовой печи передаёт продукт роли «Посадник».,A,"[""SRC001"",""SRC003"",""SRC005"",""SRC009"",""SRC013"",""SRC078"",""SRC089"",""SRC102""]"
ECO00594,PRO0138,supplies,PRO0211,"[""CON0034"",""CON0035""]","Лесоруб снабжает сырьём роль «Плотник, строящий и ремонтирующий баню».",A,"[""SRC005"",""SRC045"",""SRC046"",""SRC089"",""SRC102"",""SRC001"",""SRC006"",""SRC008""]"
ECO00595,PRO0211,sells_to,PRO0413,"[""CON0029"",""CON0035"",""ARC0020""]","Плотник, строящий и ремонтирующий баню передаёт продукт роли «Городской хозяин двора».",A,"[""SRC001"",""SRC005"",""SRC006"",""SRC008"",""SRC089"",""SRC012"",""SRC028"",""SRC045""]"
ECO00596,PRO0211,sells_to,PRO0399,"[""CON0029"",""CON0035"",""ARC0020""]","Плотник, строящий и ремонтирующий баню передаёт продукт роли «Работник при погребении и кладбище».",C,"[""SRC001"",""SRC005"",""SRC006"",""SRC008"",""SRC089"",""SRC017"",""SRC018"",""SRC020""]"
ECO00597,PRO0212,sells_to,PRO0413,[],"Строитель частоколов, плетней и дворовых ворот передаёт продукт роли «Городской хозяин двора».",A,"[""SRC028"",""SRC044"",""SRC045"",""SRC046"",""SRC047"",""SRC102"",""SRC001"",""SRC008""]"
ECO00598,PRO0212,sells_to,PRO0386,[],"Строитель частоколов, плетней и дворовых ворот передаёт продукт роли «Хозяйственный служитель монастыря».",B,"[""SRC028"",""SRC044"",""SRC045"",""SRC046"",""SRC047"",""SRC102"",""SRC017"",""SRC018""]"
ECO00599,PRO0138,supplies,PRO0213,"[""CON0034""]",Лесоруб снабжает сырьём роль «Плотник укреплений и ворот».,A,"[""SRC005"",""SRC045"",""SRC046"",""SRC089"",""SRC102"",""SRC001"",""SRC003"",""SRC009""]"
ECO00600,PRO0213,sells_to,PRO0413,"[""FOR0003""]",Плотник укреплений и ворот передаёт продукт роли «Городской хозяин двора».,A,"[""SRC001"",""SRC003"",""SRC005"",""SRC009"",""SRC013"",""SRC078"",""SRC089"",""SRC102""]"
ECO00601,PRO0213,sells_to,PRO0254,"[""FOR0003""]",Плотник укреплений и ворот передаёт продукт роли «Крупный новгородский купец».,A,"[""SRC001"",""SRC003"",""SRC005"",""SRC009"",""SRC013"",""SRC078"",""SRC089"",""SRC102""]"
ECO00602,PRO0213,sells_to,PRO0384,"[""FOR0003""]",Плотник укреплений и ворот передаёт продукт роли «Игумен».,A,"[""SRC001"",""SRC003"",""SRC005"",""SRC009"",""SRC013"",""SRC078"",""SRC089"",""SRC102""]"
ECO00603,PRO0213,sells_to,PRO0336,"[""FOR0003""]",Плотник укреплений и ворот передаёт продукт роли «Посадник».,A,"[""SRC001"",""SRC003"",""SRC005"",""SRC009"",""SRC013"",""SRC078"",""SRC089"",""SRC102""]"
ECO00604,PRO0214,sells_to,PRO0413,[],Работник земляного вала и рва передаёт продукт роли «Городской хозяин двора».,A,"[""SRC028"",""SRC044"",""SRC045"",""SRC046"",""SRC047"",""SRC102"",""SRC001"",""SRC008""]"
ECO00605,PRO0214,sells_to,PRO0386,[],Работник земляного вала и рва передаёт продукт роли «Хозяйственный служитель монастыря».,B,"[""SRC028"",""SRC044"",""SRC045"",""SRC046"",""SRC047"",""SRC102"",""SRC017"",""SRC018""]"
ECO00606,PRO0138,supplies,PRO0215,"[""CON0034""]",Лесоруб снабжает сырьём роль «Устроитель деревянного водоотвода».,A,"[""SRC005"",""SRC045"",""SRC046"",""SRC089"",""SRC102"",""SRC001"",""SRC003"",""SRC009""]"
ECO00607,PRO0215,sells_to,PRO0413,"[""STR0003""]",Устроитель деревянного водоотвода передаёт продукт роли «Городской хозяин двора».,A,"[""SRC001"",""SRC003"",""SRC005"",""SRC009"",""SRC013"",""SRC078"",""SRC089"",""SRC102""]"
ECO00608,PRO0215,sells_to,PRO0254,"[""STR0003""]",Устроитель деревянного водоотвода передаёт продукт роли «Крупный новгородский купец».,A,"[""SRC001"",""SRC003"",""SRC005"",""SRC009"",""SRC013"",""SRC078"",""SRC089"",""SRC102""]"
ECO00609,PRO0215,sells_to,PRO0384,"[""STR0003""]",Устроитель деревянного водоотвода передаёт продукт роли «Игумен».,A,"[""SRC001"",""SRC003"",""SRC005"",""SRC009"",""SRC013"",""SRC078"",""SRC089"",""SRC102""]"
ECO00610,PRO0215,sells_to,PRO0336,"[""STR0003""]",Устроитель деревянного водоотвода передаёт продукт роли «Посадник».,A,"[""SRC001"",""SRC003"",""SRC005"",""SRC009"",""SRC013"",""SRC078"",""SRC089"",""SRC102""]"
ECO00611,PRO0216,sells_to,PRO0413,[],"Убирающий улицу, двор или торговое место передаёт продукт роли «Городской хозяин двора».",A,"[""SRC001"",""SRC003"",""SRC005"",""SRC009"",""SRC013"",""SRC078"",""SRC089"",""SRC102""]"
ECO00612,PRO0216,sells_to,PRO0254,[],"Убирающий улицу, двор или торговое место передаёт продукт роли «Крупный новгородский купец».",A,"[""SRC001"",""SRC003"",""SRC005"",""SRC009"",""SRC013"",""SRC078"",""SRC089"",""SRC102""]"
ECO00613,PRO0216,sells_to,PRO0384,[],"Убирающий улицу, двор или торговое место передаёт продукт роли «Игумен».",A,"[""SRC001"",""SRC003"",""SRC005"",""SRC009"",""SRC013"",""SRC078"",""SRC089"",""SRC102""]"
ECO00614,PRO0216,sells_to,PRO0336,[],"Убирающий улицу, двор или торговое место передаёт продукт роли «Посадник».",A,"[""SRC001"",""SRC003"",""SRC005"",""SRC009"",""SRC013"",""SRC078"",""SRC089"",""SRC102""]"
ECO00615,PRO0138,supplies,PRO0217,"[""CON0034"",""CON0035""]",Лесоруб снабжает сырьём роль «Разборщик старой деревянной постройки».,A,"[""SRC005"",""SRC045"",""SRC046"",""SRC089"",""SRC102"",""SRC001"",""SRC003"",""SRC009""]"
ECO00616,PRO0217,sells_to,PRO0413,"[""ARC0020""]",Разборщик старой деревянной постройки передаёт продукт роли «Городской хозяин двора».,A,"[""SRC001"",""SRC003"",""SRC005"",""SRC009"",""SRC013"",""SRC078"",""SRC089"",""SRC102""]"
ECO00617,PRO0217,sells_to,PRO0254,"[""ARC0020""]",Разборщик старой деревянной постройки передаёт продукт роли «Крупный новгородский купец».,A,"[""SRC001"",""SRC003"",""SRC005"",""SRC009"",""SRC013"",""SRC078"",""SRC089"",""SRC102""]"
ECO00618,PRO0217,sells_to,PRO0384,"[""ARC0020""]",Разборщик старой деревянной постройки передаёт продукт роли «Игумен».,A,"[""SRC001"",""SRC003"",""SRC005"",""SRC009"",""SRC013"",""SRC078"",""SRC089"",""SRC102""]"
ECO00619,PRO0217,sells_to,PRO0336,"[""ARC0020""]",Разборщик старой деревянной постройки передаёт продукт роли «Посадник».,A,"[""SRC001"",""SRC003"",""SRC005"",""SRC009"",""SRC013"",""SRC078"",""SRC089"",""SRC102""]"
ECO00620,PRO0218,sells_to,PRO0413,[],Разметчик и мерщик на стройке передаёт продукт роли «Городской хозяин двора».,A,"[""SRC001"",""SRC003"",""SRC005"",""SRC009"",""SRC013"",""SRC078"",""SRC089"",""SRC102""]"
ECO00621,PRO0218,sells_to,PRO0254,[],Разметчик и мерщик на стройке передаёт продукт роли «Крупный новгородский купец».,A,"[""SRC001"",""SRC003"",""SRC005"",""SRC009"",""SRC013"",""SRC078"",""SRC089"",""SRC102""]"
ECO00622,PRO0218,sells_to,PRO0384,[],Разметчик и мерщик на стройке передаёт продукт роли «Игумен».,A,"[""SRC001"",""SRC003"",""SRC005"",""SRC009"",""SRC013"",""SRC078"",""SRC089"",""SRC102""]"
ECO00623,PRO0218,sells_to,PRO0336,[],Разметчик и мерщик на стройке передаёт продукт роли «Посадник».,A,"[""SRC001"",""SRC003"",""SRC005"",""SRC009"",""SRC013"",""SRC078"",""SRC089"",""SRC102""]"
ECO00624,PRO0219,sells_to,PRO0413,[],Водонос на строительстве передаёт продукт роли «Городской хозяин двора».,A,"[""SRC001"",""SRC003"",""SRC005"",""SRC009"",""SRC013"",""SRC078"",""SRC089"",""SRC102""]"
ECO00625,PRO0219,sells_to,PRO0254,[],Водонос на строительстве передаёт продукт роли «Крупный новгородский купец».,A,"[""SRC001"",""SRC003"",""SRC005"",""SRC009"",""SRC013"",""SRC078"",""SRC089"",""SRC102""]"
ECO00626,PRO0219,sells_to,PRO0384,[],Водонос на строительстве передаёт продукт роли «Игумен».,A,"[""SRC001"",""SRC003"",""SRC005"",""SRC009"",""SRC013"",""SRC078"",""SRC089"",""SRC102""]"
ECO00627,PRO0219,sells_to,PRO0336,[],Водонос на строительстве передаёт продукт роли «Посадник».,A,"[""SRC001"",""SRC003"",""SRC005"",""SRC009"",""SRC013"",""SRC078"",""SRC089"",""SRC102""]"
ECO00628,PRO0220,transports_for,PRO0254,[],"Лодочник перевозит людей, груз или обеспечивает погрузку для роли «Крупный новгородский купец».",A,"[""SRC003"",""SRC013"",""SRC029"",""SRC039"",""SRC050"",""SRC099"",""SRC027"",""SRC028""]"
ECO00629,PRO0220,transports_for,PRO0259,[],"Лодочник перевозит людей, груз или обеспечивает погрузку для роли «Торговец рыбой».",A,"[""SRC003"",""SRC013"",""SRC029"",""SRC039"",""SRC050"",""SRC099"",""SRC027"",""SRC028""]"
ECO00630,PRO0220,transports_for,PRO0463,[],"Лодочник перевозит людей, груз или обеспечивает погрузку для роли «Иностранный посол».",A,"[""SRC003"",""SRC013"",""SRC029"",""SRC039"",""SRC050"",""SRC099"",""SRC048"",""SRC049""]"
ECO00631,PRO0220,transports_for,PRO0321,[],"Лодочник перевозит людей, груз или обеспечивает погрузку для роли «Военный лодочник / гребец».",A,"[""SRC003"",""SRC013"",""SRC029"",""SRC039"",""SRC050"",""SRC099""]"
ECO00632,PRO0221,transports_for,PRO0254,[],"Гребец перевозит людей, груз или обеспечивает погрузку для роли «Крупный новгородский купец».",A,"[""SRC003"",""SRC013"",""SRC029"",""SRC039"",""SRC050"",""SRC099"",""SRC027"",""SRC028""]"
ECO00633,PRO0221,transports_for,PRO0259,[],"Гребец перевозит людей, груз или обеспечивает погрузку для роли «Торговец рыбой».",A,"[""SRC003"",""SRC013"",""SRC029"",""SRC039"",""SRC050"",""SRC099"",""SRC027"",""SRC028""]"
ECO00634,PRO0221,transports_for,PRO0463,[],"Гребец перевозит людей, груз или обеспечивает погрузку для роли «Иностранный посол».",A,"[""SRC003"",""SRC013"",""SRC029"",""SRC039"",""SRC050"",""SRC099"",""SRC048"",""SRC049""]"
ECO00635,PRO0221,transports_for,PRO0321,[],"Гребец перевозит людей, груз или обеспечивает погрузку для роли «Военный лодочник / гребец».",A,"[""SRC003"",""SRC013"",""SRC029"",""SRC039"",""SRC050"",""SRC099""]"
ECO00636,PRO0222,transports_for,PRO0254,[],"Кормчий / рулевой перевозит людей, груз или обеспечивает погрузку для роли «Крупный новгородский купец».",A,"[""SRC003"",""SRC013"",""SRC029"",""SRC039"",""SRC050"",""SRC099"",""SRC027"",""SRC028""]"
ECO00637,PRO0222,transports_for,PRO0259,[],"Кормчий / рулевой перевозит людей, груз или обеспечивает погрузку для роли «Торговец рыбой».",A,"[""SRC003"",""SRC013"",""SRC029"",""SRC039"",""SRC050"",""SRC099"",""SRC027"",""SRC028""]"
ECO00638,PRO0222,transports_for,PRO0463,[],"Кормчий / рулевой перевозит людей, груз или обеспечивает погрузку для роли «Иностранный посол».",B,"[""SRC003"",""SRC013"",""SRC029"",""SRC039"",""SRC050"",""SRC099"",""SRC048"",""SRC049""]"
ECO00639,PRO0222,transports_for,PRO0321,[],"Кормчий / рулевой перевозит людей, груз или обеспечивает погрузку для роли «Военный лодочник / гребец».",B,"[""SRC003"",""SRC013"",""SRC029"",""SRC039"",""SRC050"",""SRC099""]"
ECO00640,PRO0223,transports_for,PRO0254,[],"Рулевой боковым веслом перевозит людей, груз или обеспечивает погрузку для роли «Крупный новгородский купец».",A,"[""SRC003"",""SRC013"",""SRC029"",""SRC039"",""SRC050"",""SRC099"",""SRC027"",""SRC028""]"
ECO00641,PRO0223,transports_for,PRO0259,[],"Рулевой боковым веслом перевозит людей, груз или обеспечивает погрузку для роли «Торговец рыбой».",A,"[""SRC003"",""SRC013"",""SRC029"",""SRC039"",""SRC050"",""SRC099"",""SRC027"",""SRC028""]"
ECO00642,PRO0223,transports_for,PRO0463,[],"Рулевой боковым веслом перевозит людей, груз или обеспечивает погрузку для роли «Иностранный посол».",B,"[""SRC003"",""SRC013"",""SRC029"",""SRC039"",""SRC050"",""SRC099"",""SRC048"",""SRC049""]"
ECO00643,PRO0223,transports_for,PRO0321,[],"Рулевой боковым веслом перевозит людей, груз или обеспечивает погрузку для роли «Военный лодочник / гребец».",B,"[""SRC003"",""SRC013"",""SRC029"",""SRC039"",""SRC050"",""SRC099""]"
ECO00644,PRO0224,transports_for,PRO0254,[],"Перевозчик через Волхов перевозит людей, груз или обеспечивает погрузку для роли «Крупный новгородский купец».",A,"[""SRC003"",""SRC013"",""SRC029"",""SRC039"",""SRC050"",""SRC099"",""SRC027"",""SRC028""]"
ECO00645,PRO0224,transports_for,PRO0259,[],"Перевозчик через Волхов перевозит людей, груз или обеспечивает погрузку для роли «Торговец рыбой».",A,"[""SRC003"",""SRC013"",""SRC029"",""SRC039"",""SRC050"",""SRC099"",""SRC027"",""SRC028""]"
ECO00646,PRO0224,transports_for,PRO0463,[],"Перевозчик через Волхов перевозит людей, груз или обеспечивает погрузку для роли «Иностранный посол».",B,"[""SRC003"",""SRC013"",""SRC029"",""SRC039"",""SRC050"",""SRC099"",""SRC048"",""SRC049""]"
ECO00647,PRO0224,transports_for,PRO0321,[],"Перевозчик через Волхов перевозит людей, груз или обеспечивает погрузку для роли «Военный лодочник / гребец».",B,"[""SRC003"",""SRC013"",""SRC029"",""SRC039"",""SRC050"",""SRC099""]"
ECO00648,PRO0225,transports_for,PRO0254,[],"Паромщик перевозит людей, груз или обеспечивает погрузку для роли «Крупный новгородский купец».",A,"[""SRC003"",""SRC013"",""SRC029"",""SRC039"",""SRC050"",""SRC099"",""SRC027"",""SRC028""]"
ECO00649,PRO0225,transports_for,PRO0259,[],"Паромщик перевозит людей, груз или обеспечивает погрузку для роли «Торговец рыбой».",A,"[""SRC003"",""SRC013"",""SRC029"",""SRC039"",""SRC050"",""SRC099"",""SRC027"",""SRC028""]"
ECO00650,PRO0225,transports_for,PRO0463,[],"Паромщик перевозит людей, груз или обеспечивает погрузку для роли «Иностранный посол».",B,"[""SRC003"",""SRC013"",""SRC029"",""SRC039"",""SRC050"",""SRC099"",""SRC048"",""SRC049""]"
ECO00651,PRO0225,transports_for,PRO0321,[],"Паромщик перевозит людей, груз или обеспечивает погрузку для роли «Военный лодочник / гребец».",B,"[""SRC003"",""SRC013"",""SRC029"",""SRC039"",""SRC050"",""SRC099""]"
ECO00652,PRO0226,transports_for,PRO0254,[],"Владелец торгового или перевозочного судна перевозит людей, груз или обеспечивает погрузку для роли «Крупный новгородский купец».",A,"[""SRC003"",""SRC013"",""SRC029"",""SRC039"",""SRC050"",""SRC099"",""SRC027"",""SRC028""]"
ECO00653,PRO0226,transports_for,PRO0259,[],"Владелец торгового или перевозочного судна перевозит людей, груз или обеспечивает погрузку для роли «Торговец рыбой».",A,"[""SRC003"",""SRC013"",""SRC029"",""SRC039"",""SRC050"",""SRC099"",""SRC027"",""SRC028""]"
ECO00654,PRO0226,transports_for,PRO0463,[],"Владелец торгового или перевозочного судна перевозит людей, груз или обеспечивает погрузку для роли «Иностранный посол».",B,"[""SRC003"",""SRC013"",""SRC029"",""SRC039"",""SRC050"",""SRC099"",""SRC048"",""SRC049""]"
ECO00655,PRO0226,transports_for,PRO0321,[],"Владелец торгового или перевозочного судна перевозит людей, груз или обеспечивает погрузку для роли «Военный лодочник / гребец».",B,"[""SRC003"",""SRC013"",""SRC029"",""SRC039"",""SRC050"",""SRC099""]"
ECO00656,PRO0227,transports_for,PRO0254,[],"Торговый ладейник / мореход перевозит людей, груз или обеспечивает погрузку для роли «Крупный новгородский купец».",A,"[""SRC003"",""SRC013"",""SRC029"",""SRC039"",""SRC050"",""SRC099"",""SRC027"",""SRC028""]"
ECO00657,PRO0227,transports_for,PRO0259,[],"Торговый ладейник / мореход перевозит людей, груз или обеспечивает погрузку для роли «Торговец рыбой».",A,"[""SRC003"",""SRC013"",""SRC029"",""SRC039"",""SRC050"",""SRC099"",""SRC027"",""SRC028""]"
ECO00658,PRO0227,transports_for,PRO0463,[],"Торговый ладейник / мореход перевозит людей, груз или обеспечивает погрузку для роли «Иностранный посол».",B,"[""SRC003"",""SRC013"",""SRC029"",""SRC039"",""SRC050"",""SRC099"",""SRC048"",""SRC049""]"
ECO00659,PRO0227,transports_for,PRO0321,[],"Торговый ладейник / мореход перевозит людей, груз или обеспечивает погрузку для роли «Военный лодочник / гребец».",B,"[""SRC003"",""SRC013"",""SRC029"",""SRC039"",""SRC050"",""SRC099""]"
ECO00660,PRO0228,transports_for,PRO0254,[],"Член команды торгового судна перевозит людей, груз или обеспечивает погрузку для роли «Крупный новгородский купец».",A,"[""SRC003"",""SRC013"",""SRC029"",""SRC039"",""SRC050"",""SRC099"",""SRC027"",""SRC028""]"
ECO00661,PRO0228,transports_for,PRO0259,[],"Член команды торгового судна перевозит людей, груз или обеспечивает погрузку для роли «Торговец рыбой».",A,"[""SRC003"",""SRC013"",""SRC029"",""SRC039"",""SRC050"",""SRC099"",""SRC027"",""SRC028""]"
ECO00662,PRO0228,transports_for,PRO0463,[],"Член команды торгового судна перевозит людей, груз или обеспечивает погрузку для роли «Иностранный посол».",B,"[""SRC003"",""SRC013"",""SRC029"",""SRC039"",""SRC050"",""SRC099"",""SRC048"",""SRC049""]"
ECO00663,PRO0228,transports_for,PRO0321,[],"Член команды торгового судна перевозит людей, груз или обеспечивает погрузку для роли «Военный лодочник / гребец».",B,"[""SRC003"",""SRC013"",""SRC029"",""SRC039"",""SRC050"",""SRC099""]"
ECO00664,PRO0229,transports_for,PRO0254,[],"Швартовщик перевозит людей, груз или обеспечивает погрузку для роли «Крупный новгородский купец».",A,"[""SRC003"",""SRC013"",""SRC029"",""SRC039"",""SRC050"",""SRC099"",""SRC027"",""SRC028""]"
ECO00665,PRO0229,transports_for,PRO0259,[],"Швартовщик перевозит людей, груз или обеспечивает погрузку для роли «Торговец рыбой».",A,"[""SRC003"",""SRC013"",""SRC029"",""SRC039"",""SRC050"",""SRC099"",""SRC027"",""SRC028""]"
ECO00666,PRO0229,transports_for,PRO0463,[],"Швартовщик перевозит людей, груз или обеспечивает погрузку для роли «Иностранный посол».",B,"[""SRC003"",""SRC013"",""SRC029"",""SRC039"",""SRC050"",""SRC099"",""SRC048"",""SRC049""]"
ECO00667,PRO0229,transports_for,PRO0321,[],"Швартовщик перевозит людей, груз или обеспечивает погрузку для роли «Военный лодочник / гребец».",B,"[""SRC003"",""SRC013"",""SRC029"",""SRC039"",""SRC050"",""SRC099""]"
ECO00668,PRO0230,transports_for,PRO0254,[],"Грузчик при судне перевозит людей, груз или обеспечивает погрузку для роли «Крупный новгородский купец».",A,"[""SRC003"",""SRC029"",""SRC039"",""SRC053"",""SRC093"",""SRC027"",""SRC028"",""SRC030""]"
ECO00669,PRO0230,transports_for,PRO0293,[],"Грузчик при судне перевозит людей, груз или обеспечивает погрузку для роли «Хранитель склада».",A,"[""SRC003"",""SRC029"",""SRC039"",""SRC053"",""SRC093""]"
ECO00670,PRO0230,transports_for,PRO0226,[],"Грузчик при судне перевозит людей, груз или обеспечивает погрузку для роли «Владелец торгового или перевозочного судна».",A,"[""SRC003"",""SRC029"",""SRC039"",""SRC053"",""SRC093"",""SRC013"",""SRC050"",""SRC099""]"
ECO00671,PRO0230,transports_for,PRO0258,[],"Грузчик при судне перевозит людей, груз или обеспечивает погрузку для роли «Рыночный продавец».",A,"[""SRC003"",""SRC029"",""SRC039"",""SRC053"",""SRC093"",""SRC027"",""SRC028"",""SRC030""]"
ECO00672,PRO0231,transports_for,PRO0254,[],"Ремонтник лодок перевозит людей, груз или обеспечивает погрузку для роли «Крупный новгородский купец».",A,"[""SRC003"",""SRC013"",""SRC029"",""SRC039"",""SRC050"",""SRC099"",""SRC027"",""SRC028""]"
ECO00673,PRO0231,transports_for,PRO0259,[],"Ремонтник лодок перевозит людей, груз или обеспечивает погрузку для роли «Торговец рыбой».",A,"[""SRC003"",""SRC013"",""SRC029"",""SRC039"",""SRC050"",""SRC099"",""SRC027"",""SRC028""]"
ECO00674,PRO0231,transports_for,PRO0463,[],"Ремонтник лодок перевозит людей, груз или обеспечивает погрузку для роли «Иностранный посол».",B,"[""SRC003"",""SRC013"",""SRC029"",""SRC039"",""SRC050"",""SRC099"",""SRC048"",""SRC049""]"
ECO00675,PRO0231,transports_for,PRO0321,[],"Ремонтник лодок перевозит людей, груз или обеспечивает погрузку для роли «Военный лодочник / гребец».",B,"[""SRC003"",""SRC013"",""SRC029"",""SRC039"",""SRC050"",""SRC099""]"
ECO00676,PRO0232,transports_for,PRO0254,[],"Конопатчик судов перевозит людей, груз или обеспечивает погрузку для роли «Крупный новгородский купец».",A,"[""SRC003"",""SRC013"",""SRC029"",""SRC039"",""SRC050"",""SRC099"",""SRC027"",""SRC028""]"
ECO00677,PRO0232,transports_for,PRO0259,[],"Конопатчик судов перевозит людей, груз или обеспечивает погрузку для роли «Торговец рыбой».",A,"[""SRC003"",""SRC013"",""SRC029"",""SRC039"",""SRC050"",""SRC099"",""SRC027"",""SRC028""]"
ECO00678,PRO0232,transports_for,PRO0463,[],"Конопатчик судов перевозит людей, груз или обеспечивает погрузку для роли «Иностранный посол».",B,"[""SRC003"",""SRC013"",""SRC029"",""SRC039"",""SRC050"",""SRC099"",""SRC048"",""SRC049""]"
ECO00679,PRO0232,transports_for,PRO0321,[],"Конопатчик судов перевозит людей, груз или обеспечивает погрузку для роли «Военный лодочник / гребец».",B,"[""SRC003"",""SRC013"",""SRC029"",""SRC039"",""SRC050"",""SRC099""]"
ECO00680,PRO0138,supplies,PRO0233,"[""CON0034"",""CON0035""]",Лесоруб снабжает сырьём роль «Помощник на судостроении».,A,"[""SRC005"",""SRC045"",""SRC046"",""SRC089"",""SRC102"",""SRC001"",""SRC039""]"
ECO00681,PRO0233,sells_to,PRO0254,"[""WTR0035"",""WTR0026"",""WTR0007""]",Помощник на судостроении передаёт продукт роли «Крупный новгородский купец».,A,"[""SRC001"",""SRC005"",""SRC039"",""SRC089"",""SRC027"",""SRC028"",""SRC029"",""SRC030""]"
ECO00682,PRO0233,sells_to,PRO0321,"[""WTR0035"",""WTR0026"",""WTR0007""]",Помощник на судостроении передаёт продукт роли «Военный лодочник / гребец».,B,"[""SRC001"",""SRC005"",""SRC039"",""SRC089"",""SRC003"",""SRC013"",""SRC029"",""SRC050""]"
ECO00683,PRO0234,transports_for,PRO0254,[],"Бечевник / тянущий судно с берега перевозит людей, груз или обеспечивает погрузку для роли «Крупный новгородский купец».",A,"[""SRC003"",""SRC013"",""SRC029"",""SRC039"",""SRC050"",""SRC099"",""SRC027"",""SRC028""]"
ECO00684,PRO0234,transports_for,PRO0259,[],"Бечевник / тянущий судно с берега перевозит людей, груз или обеспечивает погрузку для роли «Торговец рыбой».",A,"[""SRC003"",""SRC013"",""SRC029"",""SRC039"",""SRC050"",""SRC099"",""SRC027"",""SRC028""]"
ECO00685,PRO0234,transports_for,PRO0463,[],"Бечевник / тянущий судно с берега перевозит людей, груз или обеспечивает погрузку для роли «Иностранный посол».",B,"[""SRC003"",""SRC013"",""SRC029"",""SRC039"",""SRC050"",""SRC099"",""SRC048"",""SRC049""]"
ECO00686,PRO0234,transports_for,PRO0321,[],"Бечевник / тянущий судно с берега перевозит людей, груз или обеспечивает погрузку для роли «Военный лодочник / гребец».",B,"[""SRC003"",""SRC013"",""SRC029"",""SRC039"",""SRC050"",""SRC099""]"
ECO00687,PRO0235,transports_for,PRO0254,[],"Проводник по реке перевозит людей, груз или обеспечивает погрузку для роли «Крупный новгородский купец».",A,"[""SRC003"",""SRC013"",""SRC029"",""SRC039"",""SRC050"",""SRC099"",""SRC027"",""SRC028""]"
ECO00688,PRO0235,transports_for,PRO0259,[],"Проводник по реке перевозит людей, груз или обеспечивает погрузку для роли «Торговец рыбой».",A,"[""SRC003"",""SRC013"",""SRC029"",""SRC039"",""SRC050"",""SRC099"",""SRC027"",""SRC028""]"
ECO00689,PRO0235,transports_for,PRO0463,[],"Проводник по реке перевозит людей, груз или обеспечивает погрузку для роли «Иностранный посол».",B,"[""SRC003"",""SRC013"",""SRC029"",""SRC039"",""SRC050"",""SRC099"",""SRC048"",""SRC049""]"
ECO00690,PRO0235,transports_for,PRO0321,[],"Проводник по реке перевозит людей, груз или обеспечивает погрузку для роли «Военный лодочник / гребец».",B,"[""SRC003"",""SRC013"",""SRC029"",""SRC039"",""SRC050"",""SRC099""]"
ECO00691,PRO0236,transports_for,PRO0254,[],"Работник причала перевозит людей, груз или обеспечивает погрузку для роли «Крупный новгородский купец».",A,"[""SRC003"",""SRC029"",""SRC039"",""SRC053"",""SRC093"",""SRC027"",""SRC028"",""SRC030""]"
ECO00692,PRO0236,transports_for,PRO0293,[],"Работник причала перевозит людей, груз или обеспечивает погрузку для роли «Хранитель склада».",B,"[""SRC003"",""SRC029"",""SRC039"",""SRC053"",""SRC093""]"
ECO00693,PRO0236,transports_for,PRO0226,[],"Работник причала перевозит людей, груз или обеспечивает погрузку для роли «Владелец торгового или перевозочного судна».",B,"[""SRC003"",""SRC029"",""SRC039"",""SRC053"",""SRC093"",""SRC013"",""SRC050"",""SRC099""]"
ECO00694,PRO0236,transports_for,PRO0258,[],"Работник причала перевозит людей, груз или обеспечивает погрузку для роли «Рыночный продавец».",A,"[""SRC003"",""SRC029"",""SRC039"",""SRC053"",""SRC093"",""SRC027"",""SRC028"",""SRC030""]"
ECO00695,PRO0237,transports_for,PRO0254,[],"Речной гонец перевозит людей, груз или обеспечивает погрузку для роли «Крупный новгородский купец».",A,"[""SRC003"",""SRC013"",""SRC029"",""SRC039"",""SRC050"",""SRC099"",""SRC027"",""SRC028""]"
ECO00696,PRO0237,transports_for,PRO0259,[],"Речной гонец перевозит людей, груз или обеспечивает погрузку для роли «Торговец рыбой».",A,"[""SRC003"",""SRC013"",""SRC029"",""SRC039"",""SRC050"",""SRC099"",""SRC027"",""SRC028""]"
ECO00697,PRO0237,transports_for,PRO0463,[],"Речной гонец перевозит людей, груз или обеспечивает погрузку для роли «Иностранный посол».",B,"[""SRC003"",""SRC013"",""SRC029"",""SRC039"",""SRC050"",""SRC099"",""SRC048"",""SRC049""]"
ECO00698,PRO0237,transports_for,PRO0321,[],"Речной гонец перевозит людей, груз или обеспечивает погрузку для роли «Военный лодочник / гребец».",B,"[""SRC003"",""SRC013"",""SRC029"",""SRC039"",""SRC050"",""SRC099""]"
ECO00699,PRO0238,transports_for,PRO0254,[],"Работник прямого паруса и реи перевозит людей, груз или обеспечивает погрузку для роли «Крупный новгородский купец».",A,"[""SRC003"",""SRC013"",""SRC029"",""SRC039"",""SRC050"",""SRC099"",""SRC027"",""SRC028""]"
ECO00700,PRO0238,transports_for,PRO0259,[],"Работник прямого паруса и реи перевозит людей, груз или обеспечивает погрузку для роли «Торговец рыбой».",A,"[""SRC003"",""SRC013"",""SRC029"",""SRC039"",""SRC050"",""SRC099"",""SRC027"",""SRC028""]"
ECO00701,PRO0238,transports_for,PRO0463,[],"Работник прямого паруса и реи перевозит людей, груз или обеспечивает погрузку для роли «Иностранный посол».",B,"[""SRC003"",""SRC013"",""SRC029"",""SRC039"",""SRC050"",""SRC099"",""SRC048"",""SRC049""]"
ECO00702,PRO0238,transports_for,PRO0321,[],"Работник прямого паруса и реи перевозит людей, груз или обеспечивает погрузку для роли «Военный лодочник / гребец».",B,"[""SRC003"",""SRC013"",""SRC029"",""SRC039"",""SRC050"",""SRC099""]"
ECO00703,PRO0239,transports_for,PRO0255,[],"Возчик перевозит людей, груз или обеспечивает погрузку для роли «Средний городской торговец».",A,"[""SRC039"",""SRC045"",""SRC046"",""SRC099"",""SRC027"",""SRC028"",""SRC029"",""SRC030""]"
ECO00704,PRO0239,transports_for,PRO0260,[],"Возчик перевозит людей, груз или обеспечивает погрузку для роли «Торговец зерном и мукой».",A,"[""SRC039"",""SRC045"",""SRC046"",""SRC099"",""SRC027"",""SRC028"",""SRC029"",""SRC030""]"
ECO00705,PRO0239,transports_for,PRO0207,[],"Возчик перевозит людей, груз или обеспечивает погрузку для роли «Перевозчик строительных материалов».",A,"[""SRC039"",""SRC045"",""SRC046"",""SRC099""]"
ECO00706,PRO0239,transports_for,PRO0248,[],"Возчик перевозит людей, груз или обеспечивает погрузку для роли «Княжеский гонец».",A,"[""SRC039"",""SRC045"",""SRC046"",""SRC099"",""SRC027"",""SRC028"",""SRC031"",""SRC050""]"
ECO00707,PRO0240,transports_for,PRO0255,[],"Санный возчик перевозит людей, груз или обеспечивает погрузку для роли «Средний городской торговец».",A,"[""SRC039"",""SRC045"",""SRC046"",""SRC099"",""SRC027"",""SRC028"",""SRC029"",""SRC030""]"
ECO00708,PRO0240,transports_for,PRO0260,[],"Санный возчик перевозит людей, груз или обеспечивает погрузку для роли «Торговец зерном и мукой».",A,"[""SRC039"",""SRC045"",""SRC046"",""SRC099"",""SRC027"",""SRC028"",""SRC029"",""SRC030""]"
ECO00709,PRO0240,transports_for,PRO0207,[],"Санный возчик перевозит людей, груз или обеспечивает погрузку для роли «Перевозчик строительных материалов».",A,"[""SRC039"",""SRC045"",""SRC046"",""SRC099""]"
ECO00710,PRO0240,transports_for,PRO0248,[],"Санный возчик перевозит людей, груз или обеспечивает погрузку для роли «Княжеский гонец».",A,"[""SRC039"",""SRC045"",""SRC046"",""SRC099"",""SRC027"",""SRC028"",""SRC031"",""SRC050""]"
ECO00711,PRO0241,transports_for,PRO0255,[],"Перевозчик грузовой телегой перевозит людей, груз или обеспечивает погрузку для роли «Средний городской торговец».",A,"[""SRC039"",""SRC045"",""SRC046"",""SRC099"",""SRC027"",""SRC028"",""SRC029"",""SRC030""]"
ECO00712,PRO0241,transports_for,PRO0260,[],"Перевозчик грузовой телегой перевозит людей, груз или обеспечивает погрузку для роли «Торговец зерном и мукой».",A,"[""SRC039"",""SRC045"",""SRC046"",""SRC099"",""SRC027"",""SRC028"",""SRC029"",""SRC030""]"
ECO00713,PRO0241,transports_for,PRO0207,[],"Перевозчик грузовой телегой перевозит людей, груз или обеспечивает погрузку для роли «Перевозчик строительных материалов».",A,"[""SRC039"",""SRC045"",""SRC046"",""SRC099""]"
ECO00714,PRO0241,transports_for,PRO0248,[],"Перевозчик грузовой телегой перевозит людей, груз или обеспечивает погрузку для роли «Княжеский гонец».",A,"[""SRC039"",""SRC045"",""SRC046"",""SRC099"",""SRC027"",""SRC028"",""SRC031"",""SRC050""]"
ECO00715,PRO0242,transports_for,PRO0255,[],"Вьючный перевозчик перевозит людей, груз или обеспечивает погрузку для роли «Средний городской торговец».",B,"[""SRC039"",""SRC045"",""SRC046"",""SRC099"",""SRC027"",""SRC028"",""SRC029"",""SRC030""]"
ECO00716,PRO0242,transports_for,PRO0260,[],"Вьючный перевозчик перевозит людей, груз или обеспечивает погрузку для роли «Торговец зерном и мукой».",A,"[""SRC039"",""SRC045"",""SRC046"",""SRC099"",""SRC027"",""SRC028"",""SRC029"",""SRC030""]"
ECO00717,PRO0242,transports_for,PRO0207,[],"Вьючный перевозчик перевозит людей, груз или обеспечивает погрузку для роли «Перевозчик строительных материалов».",A,"[""SRC039"",""SRC045"",""SRC046"",""SRC099""]"
ECO00718,PRO0242,transports_for,PRO0248,[],"Вьючный перевозчик перевозит людей, груз или обеспечивает погрузку для роли «Княжеский гонец».",B,"[""SRC039"",""SRC045"",""SRC046"",""SRC099"",""SRC027"",""SRC028"",""SRC031"",""SRC050""]"
ECO00719,PRO0243,transports_for,PRO0255,[],"Обозник купеческого каравана перевозит людей, груз или обеспечивает погрузку для роли «Средний городской торговец».",B,"[""SRC039"",""SRC045"",""SRC046"",""SRC099"",""SRC027"",""SRC028"",""SRC029"",""SRC030""]"
ECO00720,PRO0243,transports_for,PRO0260,[],"Обозник купеческого каравана перевозит людей, груз или обеспечивает погрузку для роли «Торговец зерном и мукой».",A,"[""SRC039"",""SRC045"",""SRC046"",""SRC099"",""SRC027"",""SRC028"",""SRC029"",""SRC030""]"
ECO00721,PRO0243,transports_for,PRO0207,[],"Обозник купеческого каравана перевозит людей, груз или обеспечивает погрузку для роли «Перевозчик строительных материалов».",A,"[""SRC039"",""SRC045"",""SRC046"",""SRC099""]"
ECO00722,PRO0243,transports_for,PRO0248,[],"Обозник купеческого каравана перевозит людей, груз или обеспечивает погрузку для роли «Княжеский гонец».",B,"[""SRC039"",""SRC045"",""SRC046"",""SRC099"",""SRC027"",""SRC028"",""SRC031"",""SRC050""]"
ECO00723,PRO0244,transports_for,PRO0255,[],"Старший обоза перевозит людей, груз или обеспечивает погрузку для роли «Средний городской торговец».",B,"[""SRC039"",""SRC045"",""SRC046"",""SRC099"",""SRC027"",""SRC028"",""SRC029"",""SRC030""]"
ECO00724,PRO0244,transports_for,PRO0260,[],"Старший обоза перевозит людей, груз или обеспечивает погрузку для роли «Торговец зерном и мукой».",A,"[""SRC039"",""SRC045"",""SRC046"",""SRC099"",""SRC027"",""SRC028"",""SRC029"",""SRC030""]"
ECO00725,PRO0244,transports_for,PRO0207,[],"Старший обоза перевозит людей, груз или обеспечивает погрузку для роли «Перевозчик строительных материалов».",A,"[""SRC039"",""SRC045"",""SRC046"",""SRC099""]"
ECO00726,PRO0244,transports_for,PRO0248,[],"Старший обоза перевозит людей, груз или обеспечивает погрузку для роли «Княжеский гонец».",B,"[""SRC039"",""SRC045"",""SRC046"",""SRC099"",""SRC027"",""SRC028"",""SRC031"",""SRC050""]"
ECO00727,PRO0246,transports_for,PRO0255,[],"Дорожный проводник перевозит людей, груз или обеспечивает погрузку для роли «Средний городской торговец».",B,"[""SRC039"",""SRC045"",""SRC046"",""SRC099"",""SRC027"",""SRC028"",""SRC029"",""SRC030""]"
ECO00728,PRO0246,transports_for,PRO0260,[],"Дорожный проводник перевозит людей, груз или обеспечивает погрузку для роли «Торговец зерном и мукой».",A,"[""SRC039"",""SRC045"",""SRC046"",""SRC099"",""SRC027"",""SRC028"",""SRC029"",""SRC030""]"
ECO00729,PRO0246,transports_for,PRO0207,[],"Дорожный проводник перевозит людей, груз или обеспечивает погрузку для роли «Перевозчик строительных материалов».",A,"[""SRC039"",""SRC045"",""SRC046"",""SRC099""]"
ECO00730,PRO0246,transports_for,PRO0248,[],"Дорожный проводник перевозит людей, груз или обеспечивает погрузку для роли «Княжеский гонец».",B,"[""SRC039"",""SRC045"",""SRC046"",""SRC099"",""SRC027"",""SRC028"",""SRC031"",""SRC050""]"
ECO00731,PRO0247,transports_for,PRO0255,[],"Гонец / посыльный перевозит людей, груз или обеспечивает погрузку для роли «Средний городской торговец».",A,"[""SRC039"",""SRC045"",""SRC046"",""SRC099"",""SRC027"",""SRC028"",""SRC029"",""SRC030""]"
ECO00732,PRO0247,transports_for,PRO0260,[],"Гонец / посыльный перевозит людей, груз или обеспечивает погрузку для роли «Торговец зерном и мукой».",A,"[""SRC039"",""SRC045"",""SRC046"",""SRC099"",""SRC027"",""SRC028"",""SRC029"",""SRC030""]"
ECO00733,PRO0247,transports_for,PRO0207,[],"Гонец / посыльный перевозит людей, груз или обеспечивает погрузку для роли «Перевозчик строительных материалов».",A,"[""SRC039"",""SRC045"",""SRC046"",""SRC099""]"
ECO00734,PRO0247,transports_for,PRO0248,[],"Гонец / посыльный перевозит людей, груз или обеспечивает погрузку для роли «Княжеский гонец».",A,"[""SRC039"",""SRC045"",""SRC046"",""SRC099"",""SRC027"",""SRC028"",""SRC031"",""SRC050""]"
ECO00735,PRO0248,serves,PRO0413,[],Княжеский гонец оказывает услугу роли «Городской хозяин двора».,A,"[""SRC027"",""SRC028"",""SRC031"",""SRC050"",""SRC053"",""SRC074"",""SRC091"",""SRC094""]"
ECO00736,PRO0248,serves,PRO0254,[],Княжеский гонец оказывает услугу роли «Крупный новгородский купец».,A,"[""SRC027"",""SRC028"",""SRC031"",""SRC050"",""SRC053"",""SRC074"",""SRC091"",""SRC094""]"
ECO00737,PRO0248,serves,PRO0463,[],Княжеский гонец оказывает услугу роли «Иностранный посол».,B,"[""SRC027"",""SRC028"",""SRC031"",""SRC050"",""SRC053"",""SRC074"",""SRC091"",""SRC094""]"
ECO00738,PRO0248,serves,PRO0377,[],Княжеский гонец оказывает услугу роли «Священник».,A,"[""SRC027"",""SRC028"",""SRC031"",""SRC050"",""SRC053"",""SRC074"",""SRC091"",""SRC094""]"
ECO00739,PRO0249,sells_to,PRO0413,[],Посыльный купца передаёт продукт роли «Городской хозяин двора».,A,"[""SRC027"",""SRC028"",""SRC029"",""SRC030"",""SRC050"",""SRC053"",""SRC072"",""SRC093""]"
ECO00740,PRO0249,sells_to,PRO0341,[],Посыльный купца передаёт продукт роли «Участник веча».,A,"[""SRC027"",""SRC028"",""SRC029"",""SRC030"",""SRC050"",""SRC053"",""SRC072"",""SRC093""]"
ECO00741,PRO0249,sells_to,PRO0464,[],Посыльный купца передаёт продукт роли «Путник».,A,"[""SRC027"",""SRC028"",""SRC029"",""SRC030"",""SRC050"",""SRC053"",""SRC072"",""SRC093""]"
ECO00742,PRO0138,supplies,PRO0250,"[""CON0035""]",Лесоруб снабжает сырьём роль «Ремонтник телег и саней в пути».,A,"[""SRC005"",""SRC045"",""SRC046"",""SRC089"",""SRC102"",""SRC001"",""SRC006"",""SRC008""]"
ECO00743,PRO0250,sells_to,PRO0413,[],Ремонтник телег и саней в пути передаёт продукт роли «Городской хозяин двора».,A,"[""SRC001"",""SRC005"",""SRC006"",""SRC008"",""SRC089"",""SRC012"",""SRC028"",""SRC045""]"
ECO00744,PRO0250,sells_to,PRO0393,[],Ремонтник телег и саней в пути передаёт продукт роли «Изготовитель и хранитель восковых свечей».,B,"[""SRC001"",""SRC005"",""SRC006"",""SRC008"",""SRC089"",""SRC017"",""SRC018"",""SRC020""]"
ECO00745,PRO0251,sells_to,PRO0413,[],Возчик леса и брёвен передаёт продукт роли «Городской хозяин двора».,A,"[""SRC005"",""SRC045"",""SRC046"",""SRC089"",""SRC102"",""SRC001"",""SRC008"",""SRC012""]"
ECO00746,PRO0252,transports_for,PRO0255,[],"Возчик товаров на Торг перевозит людей, груз или обеспечивает погрузку для роли «Средний городской торговец».",B,"[""SRC039"",""SRC045"",""SRC046"",""SRC099"",""SRC027"",""SRC028"",""SRC029"",""SRC030""]"
ECO00747,PRO0252,transports_for,PRO0260,[],"Возчик товаров на Торг перевозит людей, груз или обеспечивает погрузку для роли «Торговец зерном и мукой».",A,"[""SRC039"",""SRC045"",""SRC046"",""SRC099"",""SRC027"",""SRC028"",""SRC029"",""SRC030""]"
ECO00748,PRO0252,transports_for,PRO0207,[],"Возчик товаров на Торг перевозит людей, груз или обеспечивает погрузку для роли «Перевозчик строительных материалов».",A,"[""SRC039"",""SRC045"",""SRC046"",""SRC099""]"
ECO00749,PRO0252,transports_for,PRO0248,[],"Возчик товаров на Торг перевозит людей, груз или обеспечивает погрузку для роли «Княжеский гонец».",B,"[""SRC039"",""SRC045"",""SRC046"",""SRC099"",""SRC027"",""SRC028"",""SRC031"",""SRC050""]"
ECO00750,PRO0155,supplies,PRO0253,"[""AGR0014""]",Сенокосец и собиратель сена снабжает сырьём роль «Работник дорожного или обозного стана».,A,"[""SRC028"",""SRC044"",""SRC045"",""SRC046"",""SRC047"",""SRC102"",""SRC039"",""SRC099""]"
ECO00751,PRO0253,transports_for,PRO0255,[],"Работник дорожного или обозного стана перевозит людей, груз или обеспечивает погрузку для роли «Средний городской торговец».",B,"[""SRC039"",""SRC045"",""SRC046"",""SRC099"",""SRC027"",""SRC028"",""SRC029"",""SRC030""]"
ECO00752,PRO0253,transports_for,PRO0260,[],"Работник дорожного или обозного стана перевозит людей, груз или обеспечивает погрузку для роли «Торговец зерном и мукой».",A,"[""SRC039"",""SRC045"",""SRC046"",""SRC099"",""SRC027"",""SRC028"",""SRC029"",""SRC030""]"
ECO00753,PRO0253,transports_for,PRO0207,[],"Работник дорожного или обозного стана перевозит людей, груз или обеспечивает погрузку для роли «Перевозчик строительных материалов».",A,"[""SRC039"",""SRC045"",""SRC046"",""SRC099""]"
ECO00754,PRO0253,transports_for,PRO0248,[],"Работник дорожного или обозного стана перевозит людей, груз или обеспечивает погрузку для роли «Княжеский гонец».",B,"[""SRC039"",""SRC045"",""SRC046"",""SRC099"",""SRC027"",""SRC028"",""SRC031"",""SRC050""]"
ECO00755,PRO0254,sells_to,PRO0413,[],Крупный новгородский купец передаёт продукт роли «Городской хозяин двора».,A,"[""SRC027"",""SRC028"",""SRC029"",""SRC030"",""SRC050"",""SRC053"",""SRC072"",""SRC093""]"
ECO00756,PRO0254,sells_to,PRO0353,[],Крупный новгородский купец передаёт продукт роли «Поручитель».,A,"[""SRC027"",""SRC028"",""SRC029"",""SRC030"",""SRC050"",""SRC053"",""SRC072"",""SRC093""]"
ECO00757,PRO0254,sells_to,PRO0303,[],Крупный новгородский купец передаёт продукт роли «Хозяин или служитель двора иностранных купцов».,A,"[""SRC027"",""SRC028"",""SRC029"",""SRC030"",""SRC050"",""SRC053"",""SRC072"",""SRC093""]"
ECO00758,PRO0255,sells_to,PRO0413,[],Средний городской торговец передаёт продукт роли «Городской хозяин двора».,A,"[""SRC027"",""SRC028"",""SRC029"",""SRC030"",""SRC050"",""SRC053"",""SRC072"",""SRC093""]"
ECO00759,PRO0255,sells_to,PRO0354,[],Средний городской торговец передаёт продукт роли «Истец».,A,"[""SRC027"",""SRC028"",""SRC029"",""SRC030"",""SRC050"",""SRC053"",""SRC072"",""SRC093""]"
ECO00760,PRO0255,sells_to,PRO0303,[],Средний городской торговец передаёт продукт роли «Хозяин или служитель двора иностранных купцов».,B,"[""SRC027"",""SRC028"",""SRC029"",""SRC030"",""SRC050"",""SRC053"",""SRC072"",""SRC093""]"
ECO00761,PRO0256,sells_to,PRO0413,[],Мелкий торговец передаёт продукт роли «Городской хозяин двора».,A,"[""SRC027"",""SRC028"",""SRC029"",""SRC030"",""SRC050"",""SRC053"",""SRC072"",""SRC093""]"
ECO00762,PRO0256,sells_to,PRO0357,[],Мелкий торговец передаёт продукт роли «Участник посольства».,A,"[""SRC027"",""SRC028"",""SRC029"",""SRC030"",""SRC050"",""SRC053"",""SRC072"",""SRC093""]"
ECO00763,PRO0256,sells_to,PRO0464,[],Мелкий торговец передаёт продукт роли «Путник».,A,"[""SRC027"",""SRC028"",""SRC029"",""SRC030"",""SRC050"",""SRC053"",""SRC072"",""SRC093""]"
ECO00764,PRO0257,sells_to,PRO0413,[],Лавочник / продавец из торгового места передаёт продукт роли «Городской хозяин двора».,A,"[""SRC027"",""SRC028"",""SRC029"",""SRC030"",""SRC050"",""SRC053"",""SRC072"",""SRC093""]"
ECO00765,PRO0257,sells_to,PRO0341,[],Лавочник / продавец из торгового места передаёт продукт роли «Участник веча».,A,"[""SRC027"",""SRC028"",""SRC029"",""SRC030"",""SRC050"",""SRC053"",""SRC072"",""SRC093""]"
ECO00766,PRO0257,sells_to,PRO0464,[],Лавочник / продавец из торгового места передаёт продукт роли «Путник».,A,"[""SRC027"",""SRC028"",""SRC029"",""SRC030"",""SRC050"",""SRC053"",""SRC072"",""SRC093""]"
ECO00767,PRO0258,sells_to,PRO0413,[],Рыночный продавец передаёт продукт роли «Городской хозяин двора».,A,"[""SRC027"",""SRC028"",""SRC029"",""SRC030"",""SRC050"",""SRC053"",""SRC072"",""SRC093""]"
ECO00768,PRO0258,sells_to,PRO0341,[],Рыночный продавец передаёт продукт роли «Участник веча».,A,"[""SRC027"",""SRC028"",""SRC029"",""SRC030"",""SRC050"",""SRC053"",""SRC072"",""SRC093""]"
ECO00769,PRO0258,sells_to,PRO0464,[],Рыночный продавец передаёт продукт роли «Путник».,A,"[""SRC027"",""SRC028"",""SRC029"",""SRC030"",""SRC050"",""SRC053"",""SRC072"",""SRC093""]"
ECO00770,PRO0259,sells_to,PRO0413,"[""FOD0010"",""FOD0011"",""FOD0012"",""FOD0063""]",Торговец рыбой передаёт продукт роли «Городской хозяин двора».,A,"[""SRC027"",""SRC028"",""SRC029"",""SRC030"",""SRC050"",""SRC053"",""SRC072"",""SRC093""]"
ECO00771,PRO0259,sells_to,PRO0355,"[""FOD0010"",""FOD0011"",""FOD0012"",""FOD0063""]",Торговец рыбой передаёт продукт роли «Ответчик».,A,"[""SRC027"",""SRC028"",""SRC029"",""SRC030"",""SRC050"",""SRC053"",""SRC072"",""SRC093""]"
ECO00772,PRO0259,sells_to,PRO0465,"[""FOD0010"",""FOD0011"",""FOD0012"",""FOD0063""]","Торговец рыбой передаёт продукт роли «Хозяин, принимающий путников в дворовом хозяйстве».",A,"[""SRC027"",""SRC028"",""SRC029"",""SRC030"",""SRC050"",""SRC053"",""SRC072"",""SRC093""]"
ECO00773,PRO0260,sells_to,PRO0413,"[""FOD0051""]",Торговец зерном и мукой передаёт продукт роли «Городской хозяин двора».,A,"[""SRC027"",""SRC028"",""SRC029"",""SRC030"",""SRC050"",""SRC053"",""SRC072"",""SRC093""]"
ECO00774,PRO0260,sells_to,PRO0341,"[""FOD0051"",""FOD0052"",""FOD0022"",""FOD0050""]",Торговец зерном и мукой передаёт продукт роли «Участник веча».,A,"[""SRC027"",""SRC028"",""SRC029"",""SRC030"",""SRC050"",""SRC053"",""SRC072"",""SRC093""]"
ECO00775,PRO0260,sells_to,PRO0464,"[""FOD0051"",""FOD0052"",""FOD0022"",""FOD0050""]",Торговец зерном и мукой передаёт продукт роли «Путник».,A,"[""SRC027"",""SRC028"",""SRC029"",""SRC030"",""SRC050"",""SRC053"",""SRC072"",""SRC093""]"
ECO00776,PRO0261,sells_to,PRO0413,"[""FOD0037""]",Торговец солью передаёт продукт роли «Городской хозяин двора».,A,"[""SRC027"",""SRC028"",""SRC029"",""SRC030"",""SRC050"",""SRC053"",""SRC072"",""SRC093""]"
ECO00777,PRO0261,sells_to,PRO0354,"[""FOD0037""]",Торговец солью передаёт продукт роли «Истец».,A,"[""SRC027"",""SRC028"",""SRC029"",""SRC030"",""SRC050"",""SRC053"",""SRC072"",""SRC093""]"
ECO00778,PRO0261,sells_to,PRO0304,"[""FOD0037""]",Торговец солью передаёт продукт роли «Толмач при торговле».,B,"[""SRC027"",""SRC028"",""SRC029"",""SRC030"",""SRC050"",""SRC053"",""SRC072"",""SRC093""]"
ECO00779,PRO0262,sells_to,PRO0413,"[""TRD0051""]",Торговец мехами передаёт продукт роли «Городской хозяин двора».,A,"[""SRC027"",""SRC028"",""SRC029"",""SRC030"",""SRC050"",""SRC053"",""SRC072"",""SRC093""]"
ECO00780,PRO0262,sells_to,PRO0350,"[""TRD0051""]",Торговец мехами передаёт продукт роли «Писец реестра дани».,A,"[""SRC027"",""SRC028"",""SRC029"",""SRC030"",""SRC050"",""SRC053"",""SRC072"",""SRC093""]"
ECO00781,PRO0262,sells_to,PRO0464,"[""TRD0051""]",Торговец мехами передаёт продукт роли «Путник».,A,"[""SRC027"",""SRC028"",""SRC029"",""SRC030"",""SRC050"",""SRC053"",""SRC072"",""SRC093""]"
ECO00782,PRO0263,sells_to,PRO0413,"[""FOD0025"",""FOD0048""]",Торговец мёдом и воском передаёт продукт роли «Городской хозяин двора».,A,"[""SRC027"",""SRC028"",""SRC029"",""SRC030"",""SRC050"",""SRC053"",""SRC072"",""SRC093""]"
ECO00783,PRO0263,sells_to,PRO0358,"[""FOD0025"",""FOD0048""]",Торговец мёдом и воском передаёт продукт роли «Толмач при посольстве».,A,"[""SRC027"",""SRC028"",""SRC029"",""SRC030"",""SRC050"",""SRC053"",""SRC072"",""SRC093""]"
ECO00784,PRO0263,sells_to,PRO0465,"[""FOD0025"",""FOD0048""]","Торговец мёдом и воском передаёт продукт роли «Хозяин, принимающий путников в дворовом хозяйстве».",A,"[""SRC027"",""SRC028"",""SRC029"",""SRC030"",""SRC050"",""SRC053"",""SRC072"",""SRC093""]"
ECO00785,PRO0264,sells_to,PRO0413,"[""HNT0021"",""TRD0010"",""TRD0052""]",Торговец кожами и шкурами передаёт продукт роли «Городской хозяин двора».,A,"[""SRC027"",""SRC028"",""SRC029"",""SRC030"",""SRC050"",""SRC053"",""SRC072"",""SRC093""]"
ECO00786,PRO0264,sells_to,PRO0350,"[""HNT0021"",""TRD0010"",""TRD0052""]",Торговец кожами и шкурами передаёт продукт роли «Писец реестра дани».,A,"[""SRC027"",""SRC028"",""SRC029"",""SRC030"",""SRC050"",""SRC053"",""SRC072"",""SRC093""]"
ECO00787,PRO0264,sells_to,PRO0465,"[""HNT0021"",""TRD0010"",""TRD0052""]","Торговец кожами и шкурами передаёт продукт роли «Хозяин, принимающий путников в дворовом хозяйстве».",A,"[""SRC027"",""SRC028"",""SRC029"",""SRC030"",""SRC050"",""SRC053"",""SRC072"",""SRC093""]"
ECO00788,PRO0265,sells_to,PRO0413,"[""CRF0119""]",Торговец железом и крицами передаёт продукт роли «Городской хозяин двора».,A,"[""SRC027"",""SRC028"",""SRC029"",""SRC030"",""SRC050"",""SRC053"",""SRC072"",""SRC093""]"
ECO00789,PRO0265,sells_to,PRO0361,"[""CRF0119""]",Торговец железом и крицами передаёт продукт роли «Объявляющий решение или известие».,B,"[""SRC027"",""SRC028"",""SRC029"",""SRC030"",""SRC050"",""SRC053"",""SRC072"",""SRC093""]"
ECO00790,PRO0265,sells_to,PRO0304,"[""CRF0119""]",Торговец железом и крицами передаёт продукт роли «Толмач при торговле».,B,"[""SRC027"",""SRC028"",""SRC029"",""SRC030"",""SRC050"",""SRC053"",""SRC072"",""SRC093""]"
ECO00791,PRO0266,sells_to,PRO0413,"[""CRF0149"",""CRF0068"",""CRF0046""]",Торговец цветными металлами передаёт продукт роли «Городской хозяин двора».,A,"[""SRC027"",""SRC028"",""SRC029"",""SRC030"",""SRC050"",""SRC053"",""SRC072"",""SRC093""]"
ECO00792,PRO0266,sells_to,PRO0351,"[""CRF0149"",""CRF0068"",""CRF0046""]",Торговец цветными металлами передаёт продукт роли «Участник суда или судебный представитель».,B,"[""SRC027"",""SRC028"",""SRC029"",""SRC030"",""SRC050"",""SRC053"",""SRC072"",""SRC093""]"
ECO00793,PRO0266,sells_to,PRO0303,"[""CRF0149"",""CRF0068"",""CRF0046""]",Торговец цветными металлами передаёт продукт роли «Хозяин или служитель двора иностранных купцов».,B,"[""SRC027"",""SRC028"",""SRC029"",""SRC030"",""SRC050"",""SRC053"",""SRC072"",""SRC093""]"
ECO00794,PRO0267,sells_to,PRO0413,"[""TRD0053""]",Торговец тканями передаёт продукт роли «Городской хозяин двора».,A,"[""SRC027"",""SRC028"",""SRC029"",""SRC030"",""SRC050"",""SRC053"",""SRC072"",""SRC093""]"
ECO00795,PRO0267,sells_to,PRO0358,"[""TRD0053""]",Торговец тканями передаёт продукт роли «Толмач при посольстве».,A,"[""SRC027"",""SRC028"",""SRC029"",""SRC030"",""SRC050"",""SRC053"",""SRC072"",""SRC093""]"
ECO00796,PRO0267,sells_to,PRO0465,"[""TRD0053""]","Торговец тканями передаёт продукт роли «Хозяин, принимающий путников в дворовом хозяйстве».",A,"[""SRC027"",""SRC028"",""SRC029"",""SRC030"",""SRC050"",""SRC053"",""SRC072"",""SRC093""]"
ECO00797,PRO0268,sells_to,PRO0413,[],Торговец импортными товарами передаёт продукт роли «Городской хозяин двора».,A,"[""SRC027"",""SRC028"",""SRC029"",""SRC030"",""SRC050"",""SRC053"",""SRC072"",""SRC093""]"
ECO00798,PRO0268,sells_to,PRO0351,[],Торговец импортными товарами передаёт продукт роли «Участник суда или судебный представитель».,B,"[""SRC027"",""SRC028"",""SRC029"",""SRC030"",""SRC050"",""SRC053"",""SRC072"",""SRC093""]"
ECO00799,PRO0268,sells_to,PRO0465,[],"Торговец импортными товарами передаёт продукт роли «Хозяин, принимающий путников в дворовом хозяйстве».",B,"[""SRC027"",""SRC028"",""SRC029"",""SRC030"",""SRC050"",""SRC053"",""SRC072"",""SRC093""]"
ECO00800,PRO0269,sells_to,PRO0413,[],Торговец лошадьми передаёт продукт роли «Городской хозяин двора».,A,"[""SRC027"",""SRC028"",""SRC029"",""SRC030"",""SRC050"",""SRC053"",""SRC072"",""SRC093""]"
ECO00801,PRO0269,sells_to,PRO0354,[],Торговец лошадьми передаёт продукт роли «Истец».,A,"[""SRC027"",""SRC028"",""SRC029"",""SRC030"",""SRC050"",""SRC053"",""SRC072"",""SRC093""]"
ECO00802,PRO0269,sells_to,PRO0464,[],Торговец лошадьми передаёт продукт роли «Путник».,A,"[""SRC027"",""SRC028"",""SRC029"",""SRC030"",""SRC050"",""SRC053"",""SRC072"",""SRC093""]"
ECO00803,PRO0270,sells_to,PRO0413,[],Торговец скотом передаёт продукт роли «Городской хозяин двора».,A,"[""SRC027"",""SRC028"",""SRC029"",""SRC030"",""SRC050"",""SRC053"",""SRC072"",""SRC093""]"
ECO00804,PRO0270,sells_to,PRO0342,[],Торговец скотом передаёт продукт роли «Глашатай или созывающий людей».,B,"[""SRC027"",""SRC028"",""SRC029"",""SRC030"",""SRC050"",""SRC053"",""SRC072"",""SRC093""]"
ECO00805,PRO0270,sells_to,PRO0304,[],Торговец скотом передаёт продукт роли «Толмач при торговле».,B,"[""SRC027"",""SRC028"",""SRC029"",""SRC030"",""SRC050"",""SRC053"",""SRC072"",""SRC093""]"
ECO00806,PRO0271,sells_to,PRO0413,[],Торговец керамической посудой передаёт продукт роли «Городской хозяин двора».,A,"[""SRC027"",""SRC028"",""SRC029"",""SRC030"",""SRC050"",""SRC053"",""SRC072"",""SRC093""]"
ECO00807,PRO0271,sells_to,PRO0352,[],Торговец керамической посудой передаёт продукт роли «Свидетель сделки или спора».,A,"[""SRC027"",""SRC028"",""SRC029"",""SRC030"",""SRC050"",""SRC053"",""SRC072"",""SRC093""]"
ECO00808,PRO0271,sells_to,PRO0304,[],Торговец керамической посудой передаёт продукт роли «Толмач при торговле».,B,"[""SRC027"",""SRC028"",""SRC029"",""SRC030"",""SRC050"",""SRC053"",""SRC072"",""SRC093""]"
ECO00809,PRO0272,sells_to,PRO0413,[],Продавец обуви передаёт продукт роли «Городской хозяин двора».,A,"[""SRC027"",""SRC028"",""SRC029"",""SRC030"",""SRC050"",""SRC053"",""SRC072"",""SRC093""]"
ECO00810,PRO0272,sells_to,PRO0355,[],Продавец обуви передаёт продукт роли «Ответчик».,A,"[""SRC027"",""SRC028"",""SRC029"",""SRC030"",""SRC050"",""SRC053"",""SRC072"",""SRC093""]"
ECO00811,PRO0272,sells_to,PRO0304,[],Продавец обуви передаёт продукт роли «Толмач при торговле».,B,"[""SRC027"",""SRC028"",""SRC029"",""SRC030"",""SRC050"",""SRC053"",""SRC072"",""SRC093""]"
ECO00812,PRO0273,sells_to,PRO0413,[],Торговец оружием и военным снаряжением передаёт продукт роли «Городской хозяин двора».,A,"[""SRC027"",""SRC028"",""SRC029"",""SRC030"",""SRC050"",""SRC053"",""SRC072"",""SRC093""]"
ECO00813,PRO0273,sells_to,PRO0354,[],Торговец оружием и военным снаряжением передаёт продукт роли «Истец».,A,"[""SRC027"",""SRC028"",""SRC029"",""SRC030"",""SRC050"",""SRC053"",""SRC072"",""SRC093""]"
ECO00814,PRO0273,sells_to,PRO0303,[],Торговец оружием и военным снаряжением передаёт продукт роли «Хозяин или служитель двора иностранных купцов».,C,"[""SRC027"",""SRC028"",""SRC029"",""SRC030"",""SRC050"",""SRC053"",""SRC072"",""SRC093""]"
ECO00815,PRO0274,sells_to,PRO0413,[],Приезжий русский купец из другой земли передаёт продукт роли «Городской хозяин двора».,A,"[""SRC027"",""SRC028"",""SRC029"",""SRC030"",""SRC050"",""SRC053"",""SRC072"",""SRC093""]"
ECO00816,PRO0274,sells_to,PRO0357,[],Приезжий русский купец из другой земли передаёт продукт роли «Участник посольства».,B,"[""SRC027"",""SRC028"",""SRC029"",""SRC030"",""SRC050"",""SRC053"",""SRC072"",""SRC093""]"
ECO00817,PRO0274,sells_to,PRO0465,[],"Приезжий русский купец из другой земли передаёт продукт роли «Хозяин, принимающий путников в дворовом хозяйстве».",B,"[""SRC027"",""SRC028"",""SRC029"",""SRC030"",""SRC050"",""SRC053"",""SRC072"",""SRC093""]"
ECO00818,PRO0275,serves,PRO0254,[],Готландский купец / гость оказывает услугу роли «Крупный новгородский купец».,A,"[""SRC048"",""SRC049"",""SRC050"",""SRC051"",""SRC075"",""SRC076"",""SRC096"",""SRC099""]"
ECO00819,PRO0275,serves,PRO0336,[],Готландский купец / гость оказывает услугу роли «Посадник».,A,"[""SRC048"",""SRC049"",""SRC050"",""SRC051"",""SRC075"",""SRC076"",""SRC096"",""SRC099""]"
ECO00820,PRO0275,serves,PRO0304,[],Готландский купец / гость оказывает услугу роли «Толмач при торговле».,A,"[""SRC048"",""SRC049"",""SRC050"",""SRC051"",""SRC075"",""SRC076"",""SRC096"",""SRC099""]"
ECO00821,PRO0276,serves,PRO0254,[],Немецкий купец / гость оказывает услугу роли «Крупный новгородский купец».,A,"[""SRC048"",""SRC049"",""SRC050"",""SRC051"",""SRC075"",""SRC076"",""SRC096"",""SRC099""]"
ECO00822,PRO0276,serves,PRO0336,[],Немецкий купец / гость оказывает услугу роли «Посадник».,A,"[""SRC048"",""SRC049"",""SRC050"",""SRC051"",""SRC075"",""SRC076"",""SRC096"",""SRC099""]"
ECO00823,PRO0276,serves,PRO0304,[],Немецкий купец / гость оказывает услугу роли «Толмач при торговле».,A,"[""SRC048"",""SRC049"",""SRC050"",""SRC051"",""SRC075"",""SRC076"",""SRC096"",""SRC099""]"
ECO00824,PRO0277,serves,PRO0254,[],Балтийский торговец оказывает услугу роли «Крупный новгородский купец».,A,"[""SRC048"",""SRC049"",""SRC050"",""SRC051"",""SRC075"",""SRC076"",""SRC096"",""SRC099""]"
ECO00825,PRO0277,serves,PRO0336,[],Балтийский торговец оказывает услугу роли «Посадник».,A,"[""SRC048"",""SRC049"",""SRC050"",""SRC051"",""SRC075"",""SRC076"",""SRC096"",""SRC099""]"
ECO00826,PRO0277,serves,PRO0304,[],Балтийский торговец оказывает услугу роли «Толмач при торговле».,B,"[""SRC048"",""SRC049"",""SRC050"",""SRC051"",""SRC075"",""SRC076"",""SRC096"",""SRC099""]"
ECO00827,PRO0278,serves,PRO0254,[],Карельский промысловик-поставщик оказывает услугу роли «Крупный новгородский купец».,A,"[""SRC048"",""SRC049"",""SRC050"",""SRC051"",""SRC075"",""SRC076"",""SRC096"",""SRC099""]"
ECO00828,PRO0278,serves,PRO0336,[],Карельский промысловик-поставщик оказывает услугу роли «Посадник».,A,"[""SRC048"",""SRC049"",""SRC050"",""SRC051"",""SRC075"",""SRC076"",""SRC096"",""SRC099""]"
ECO00829,PRO0278,serves,PRO0304,[],Карельский промысловик-поставщик оказывает услугу роли «Толмач при торговле».,B,"[""SRC048"",""SRC049"",""SRC050"",""SRC051"",""SRC075"",""SRC076"",""SRC096"",""SRC099""]"
ECO00830,PRO0279,serves,PRO0254,[],Водский или ижорский поставщик оказывает услугу роли «Крупный новгородский купец».,A,"[""SRC048"",""SRC049"",""SRC050"",""SRC051"",""SRC075"",""SRC076"",""SRC096"",""SRC099""]"
ECO00831,PRO0279,serves,PRO0336,[],Водский или ижорский поставщик оказывает услугу роли «Посадник».,A,"[""SRC048"",""SRC049"",""SRC050"",""SRC051"",""SRC075"",""SRC076"",""SRC096"",""SRC099""]"
ECO00832,PRO0279,serves,PRO0304,[],Водский или ижорский поставщик оказывает услугу роли «Толмач при торговле».,B,"[""SRC048"",""SRC049"",""SRC050"",""SRC051"",""SRC075"",""SRC076"",""SRC096"",""SRC099""]"
ECO00833,PRO0280,sells_to,PRO0413,[],Торговый посредник и представитель передаёт продукт роли «Городской хозяин двора».,A,"[""SRC027"",""SRC028"",""SRC029"",""SRC030"",""SRC050"",""SRC053"",""SRC072"",""SRC093""]"
ECO00834,PRO0280,sells_to,PRO0351,[],Торговый посредник и представитель передаёт продукт роли «Участник суда или судебный представитель».,B,"[""SRC027"",""SRC028"",""SRC029"",""SRC030"",""SRC050"",""SRC053"",""SRC072"",""SRC093""]"
ECO00835,PRO0280,sells_to,PRO0303,[],Торговый посредник и представитель передаёт продукт роли «Хозяин или служитель двора иностранных купцов».,B,"[""SRC027"",""SRC028"",""SRC029"",""SRC030"",""SRC050"",""SRC053"",""SRC072"",""SRC093""]"
ECO00836,PRO0281,sells_to,PRO0413,[],Поверенный или помощник купца передаёт продукт роли «Городской хозяин двора».,A,"[""SRC027"",""SRC028"",""SRC029"",""SRC030"",""SRC050"",""SRC053"",""SRC072"",""SRC093""]"
ECO00837,PRO0281,sells_to,PRO0358,[],Поверенный или помощник купца передаёт продукт роли «Толмач при посольстве».,B,"[""SRC027"",""SRC028"",""SRC029"",""SRC030"",""SRC050"",""SRC053"",""SRC072"",""SRC093""]"
ECO00838,PRO0281,sells_to,PRO0303,[],Поверенный или помощник купца передаёт продукт роли «Хозяин или служитель двора иностранных купцов».,B,"[""SRC027"",""SRC028"",""SRC029"",""SRC030"",""SRC050"",""SRC053"",""SRC072"",""SRC093""]"
ECO00839,PRO0282,sells_to,PRO0413,[],Управляющий товаром и складом купца передаёт продукт роли «Городской хозяин двора».,A,"[""SRC027"",""SRC028"",""SRC029"",""SRC030"",""SRC050"",""SRC053"",""SRC072"",""SRC093""]"
ECO00840,PRO0282,sells_to,PRO0350,[],Управляющий товаром и складом купца передаёт продукт роли «Писец реестра дани».,B,"[""SRC027"",""SRC028"",""SRC029"",""SRC030"",""SRC050"",""SRC053"",""SRC072"",""SRC093""]"
ECO00841,PRO0282,sells_to,PRO0465,[],"Управляющий товаром и складом купца передаёт продукт роли «Хозяин, принимающий путников в дворовом хозяйстве».",C,"[""SRC027"",""SRC028"",""SRC029"",""SRC030"",""SRC050"",""SRC053"",""SRC072"",""SRC093""]"
ECO00842,PRO0283,sells_to,PRO0413,[],Писец и счетовод купца передаёт продукт роли «Городской хозяин двора».,A,"[""SRC027"",""SRC028"",""SRC029"",""SRC030"",""SRC050"",""SRC053"",""SRC072"",""SRC093""]"
ECO00843,PRO0283,sells_to,PRO0341,[],Писец и счетовод купца передаёт продукт роли «Участник веча».,A,"[""SRC027"",""SRC028"",""SRC029"",""SRC030"",""SRC050"",""SRC053"",""SRC072"",""SRC093""]"
ECO00844,PRO0283,sells_to,PRO0464,[],Писец и счетовод купца передаёт продукт роли «Путник».,A,"[""SRC027"",""SRC028"",""SRC029"",""SRC030"",""SRC050"",""SRC053"",""SRC072"",""SRC093""]"
ECO00845,PRO0284,sells_to,PRO0413,[],Весовщик передаёт продукт роли «Городской хозяин двора».,A,"[""SRC027"",""SRC028"",""SRC029"",""SRC030"",""SRC050"",""SRC053"",""SRC072"",""SRC093""]"
ECO00846,PRO0284,sells_to,PRO0361,[],Весовщик передаёт продукт роли «Объявляющий решение или известие».,A,"[""SRC027"",""SRC028"",""SRC029"",""SRC030"",""SRC050"",""SRC053"",""SRC072"",""SRC093""]"
ECO00847,PRO0284,sells_to,PRO0465,[],"Весовщик передаёт продукт роли «Хозяин, принимающий путников в дворовом хозяйстве».",A,"[""SRC027"",""SRC028"",""SRC029"",""SRC030"",""SRC050"",""SRC053"",""SRC072"",""SRC093""]"
ECO00848,PRO0285,sells_to,PRO0413,[],Мерщик товара передаёт продукт роли «Городской хозяин двора».,A,"[""SRC027"",""SRC028"",""SRC029"",""SRC030"",""SRC050"",""SRC053"",""SRC072"",""SRC093""]"
ECO00849,PRO0285,sells_to,PRO0361,[],Мерщик товара передаёт продукт роли «Объявляющий решение или известие».,B,"[""SRC027"",""SRC028"",""SRC029"",""SRC030"",""SRC050"",""SRC053"",""SRC072"",""SRC093""]"
ECO00850,PRO0285,sells_to,PRO0303,[],Мерщик товара передаёт продукт роли «Хозяин или служитель двора иностранных купцов».,B,"[""SRC027"",""SRC028"",""SRC029"",""SRC030"",""SRC050"",""SRC053"",""SRC072"",""SRC093""]"
ECO00851,PRO0286,sells_to,PRO0413,[],Меняла и оценщик серебра по весу передаёт продукт роли «Городской хозяин двора».,A,"[""SRC027"",""SRC028"",""SRC029"",""SRC030"",""SRC050"",""SRC053"",""SRC072"",""SRC093""]"
ECO00852,PRO0286,sells_to,PRO0358,[],Меняла и оценщик серебра по весу передаёт продукт роли «Толмач при посольстве».,B,"[""SRC027"",""SRC028"",""SRC029"",""SRC030"",""SRC050"",""SRC053"",""SRC072"",""SRC093""]"
ECO00853,PRO0286,sells_to,PRO0303,[],Меняла и оценщик серебра по весу передаёт продукт роли «Хозяин или служитель двора иностранных купцов».,C,"[""SRC027"",""SRC028"",""SRC029"",""SRC030"",""SRC050"",""SRC053"",""SRC072"",""SRC093""]"
ECO00854,PRO0287,serves,PRO0413,[],Сборщик торговых платежей оказывает услугу роли «Городской хозяин двора».,A,"[""SRC027"",""SRC028"",""SRC031"",""SRC050"",""SRC053"",""SRC074"",""SRC091"",""SRC094""]"
ECO00855,PRO0287,serves,PRO0254,[],Сборщик торговых платежей оказывает услугу роли «Крупный новгородский купец».,A,"[""SRC027"",""SRC028"",""SRC031"",""SRC050"",""SRC053"",""SRC074"",""SRC091"",""SRC094""]"
ECO00856,PRO0287,serves,PRO0463,[],Сборщик торговых платежей оказывает услугу роли «Иностранный посол».,B,"[""SRC027"",""SRC028"",""SRC031"",""SRC050"",""SRC053"",""SRC074"",""SRC091"",""SRC094""]"
ECO00857,PRO0287,serves,PRO0377,[],Сборщик торговых платежей оказывает услугу роли «Священник».,A,"[""SRC027"",""SRC028"",""SRC031"",""SRC050"",""SRC053"",""SRC074"",""SRC091"",""SRC094""]"
ECO00858,PRO0288,serves,PRO0413,[],Сборщик мыта / проездного платежа оказывает услугу роли «Городской хозяин двора».,A,"[""SRC027"",""SRC028"",""SRC031"",""SRC050"",""SRC053"",""SRC074"",""SRC091"",""SRC094""]"
ECO00859,PRO0288,serves,PRO0254,[],Сборщик мыта / проездного платежа оказывает услугу роли «Крупный новгородский купец».,A,"[""SRC027"",""SRC028"",""SRC031"",""SRC050"",""SRC053"",""SRC074"",""SRC091"",""SRC094""]"
ECO00860,PRO0288,serves,PRO0463,[],Сборщик мыта / проездного платежа оказывает услугу роли «Иностранный посол».,B,"[""SRC027"",""SRC028"",""SRC031"",""SRC050"",""SRC053"",""SRC074"",""SRC091"",""SRC094""]"
ECO00861,PRO0288,serves,PRO0377,[],Сборщик мыта / проездного платежа оказывает услугу роли «Священник».,A,"[""SRC027"",""SRC028"",""SRC031"",""SRC050"",""SRC053"",""SRC074"",""SRC091"",""SRC094""]"
ECO00862,PRO0289,transports_for,PRO0254,[],"Грузчик перевозит людей, груз или обеспечивает погрузку для роли «Крупный новгородский купец».",A,"[""SRC003"",""SRC029"",""SRC039"",""SRC053"",""SRC093"",""SRC027"",""SRC028"",""SRC030""]"
ECO00863,PRO0289,transports_for,PRO0293,[],"Грузчик перевозит людей, груз или обеспечивает погрузку для роли «Хранитель склада».",A,"[""SRC003"",""SRC029"",""SRC039"",""SRC053"",""SRC093""]"
ECO00864,PRO0289,transports_for,PRO0226,[],"Грузчик перевозит людей, груз или обеспечивает погрузку для роли «Владелец торгового или перевозочного судна».",A,"[""SRC003"",""SRC029"",""SRC039"",""SRC053"",""SRC093"",""SRC013"",""SRC050"",""SRC099""]"
ECO00865,PRO0289,transports_for,PRO0258,[],"Грузчик перевозит людей, груз или обеспечивает погрузку для роли «Рыночный продавец».",A,"[""SRC003"",""SRC029"",""SRC039"",""SRC053"",""SRC093"",""SRC027"",""SRC028"",""SRC030""]"
ECO00866,PRO0290,transports_for,PRO0254,[],"Носильщик перевозит людей, груз или обеспечивает погрузку для роли «Крупный новгородский купец».",A,"[""SRC003"",""SRC029"",""SRC039"",""SRC053"",""SRC093"",""SRC027"",""SRC028"",""SRC030""]"
ECO00867,PRO0290,transports_for,PRO0293,[],"Носильщик перевозит людей, груз или обеспечивает погрузку для роли «Хранитель склада».",A,"[""SRC003"",""SRC029"",""SRC039"",""SRC053"",""SRC093""]"
ECO00868,PRO0290,transports_for,PRO0226,[],"Носильщик перевозит людей, груз или обеспечивает погрузку для роли «Владелец торгового или перевозочного судна».",A,"[""SRC003"",""SRC029"",""SRC039"",""SRC053"",""SRC093"",""SRC013"",""SRC050"",""SRC099""]"
ECO00869,PRO0290,transports_for,PRO0258,[],"Носильщик перевозит людей, груз или обеспечивает погрузку для роли «Рыночный продавец».",A,"[""SRC003"",""SRC029"",""SRC039"",""SRC053"",""SRC093"",""SRC027"",""SRC028"",""SRC030""]"
ECO00870,PRO0291,transports_for,PRO0254,[],"Работник с бочками и кадками перевозит людей, груз или обеспечивает погрузку для роли «Крупный новгородский купец».",A,"[""SRC003"",""SRC029"",""SRC039"",""SRC053"",""SRC093"",""SRC027"",""SRC028"",""SRC030""]"
ECO00871,PRO0291,transports_for,PRO0293,[],"Работник с бочками и кадками перевозит людей, груз или обеспечивает погрузку для роли «Хранитель склада».",B,"[""SRC003"",""SRC029"",""SRC039"",""SRC053"",""SRC093""]"
ECO00872,PRO0291,transports_for,PRO0226,[],"Работник с бочками и кадками перевозит людей, груз или обеспечивает погрузку для роли «Владелец торгового или перевозочного судна».",B,"[""SRC003"",""SRC029"",""SRC039"",""SRC053"",""SRC093"",""SRC013"",""SRC050"",""SRC099""]"
ECO00873,PRO0291,transports_for,PRO0258,[],"Работник с бочками и кадками перевозит людей, груз или обеспечивает погрузку для роли «Рыночный продавец».",A,"[""SRC003"",""SRC029"",""SRC039"",""SRC053"",""SRC093"",""SRC027"",""SRC028"",""SRC030""]"
ECO00874,PRO0292,transports_for,PRO0254,[],"Складской работник перевозит людей, груз или обеспечивает погрузку для роли «Крупный новгородский купец».",A,"[""SRC003"",""SRC029"",""SRC039"",""SRC053"",""SRC093"",""SRC027"",""SRC028"",""SRC030""]"
ECO00875,PRO0292,transports_for,PRO0293,[],"Складской работник перевозит людей, груз или обеспечивает погрузку для роли «Хранитель склада».",B,"[""SRC003"",""SRC029"",""SRC039"",""SRC053"",""SRC093""]"
ECO00876,PRO0292,transports_for,PRO0226,[],"Складской работник перевозит людей, груз или обеспечивает погрузку для роли «Владелец торгового или перевозочного судна».",B,"[""SRC003"",""SRC029"",""SRC039"",""SRC053"",""SRC093"",""SRC013"",""SRC050"",""SRC099""]"
ECO00877,PRO0292,transports_for,PRO0258,[],"Складской работник перевозит людей, груз или обеспечивает погрузку для роли «Рыночный продавец».",A,"[""SRC003"",""SRC029"",""SRC039"",""SRC053"",""SRC093"",""SRC027"",""SRC028"",""SRC030""]"
ECO00878,PRO0293,transports_for,PRO0254,[],"Хранитель склада перевозит людей, груз или обеспечивает погрузку для роли «Крупный новгородский купец».",A,"[""SRC003"",""SRC029"",""SRC039"",""SRC053"",""SRC093"",""SRC027"",""SRC028"",""SRC030""]"
ECO00879,PRO0293,transports_for,PRO0226,[],"Хранитель склада перевозит людей, груз или обеспечивает погрузку для роли «Владелец торгового или перевозочного судна».",B,"[""SRC003"",""SRC029"",""SRC039"",""SRC053"",""SRC093"",""SRC013"",""SRC050"",""SRC099""]"
ECO00880,PRO0293,transports_for,PRO0258,[],"Хранитель склада перевозит людей, груз или обеспечивает погрузку для роли «Рыночный продавец».",A,"[""SRC003"",""SRC029"",""SRC039"",""SRC053"",""SRC093"",""SRC027"",""SRC028"",""SRC030""]"
ECO00881,PRO0294,sells_to,PRO0413,[],Сторож склада передаёт продукт роли «Городской хозяин двора».,A,"[""SRC027"",""SRC028"",""SRC029"",""SRC030"",""SRC050"",""SRC053"",""SRC072"",""SRC093""]"
ECO00882,PRO0294,sells_to,PRO0341,[],Сторож склада передаёт продукт роли «Участник веча».,A,"[""SRC027"",""SRC028"",""SRC029"",""SRC030"",""SRC050"",""SRC053"",""SRC072"",""SRC093""]"
ECO00883,PRO0294,sells_to,PRO0304,[],Сторож склада передаёт продукт роли «Толмач при торговле».,B,"[""SRC027"",""SRC028"",""SRC029"",""SRC030"",""SRC050"",""SRC053"",""SRC072"",""SRC093""]"
ECO00884,PRO0295,transports_for,PRO0254,[],"Работник пристани перевозит людей, груз или обеспечивает погрузку для роли «Крупный новгородский купец».",A,"[""SRC003"",""SRC029"",""SRC039"",""SRC053"",""SRC093"",""SRC027"",""SRC028"",""SRC030""]"
ECO00885,PRO0295,transports_for,PRO0293,[],"Работник пристани перевозит людей, груз или обеспечивает погрузку для роли «Хранитель склада».",A,"[""SRC003"",""SRC029"",""SRC039"",""SRC053"",""SRC093""]"
ECO00886,PRO0295,transports_for,PRO0226,[],"Работник пристани перевозит людей, груз или обеспечивает погрузку для роли «Владелец торгового или перевозочного судна».",A,"[""SRC003"",""SRC029"",""SRC039"",""SRC053"",""SRC093"",""SRC013"",""SRC050"",""SRC099""]"
ECO00887,PRO0295,transports_for,PRO0258,[],"Работник пристани перевозит людей, груз или обеспечивает погрузку для роли «Рыночный продавец».",A,"[""SRC003"",""SRC029"",""SRC039"",""SRC053"",""SRC093"",""SRC027"",""SRC028"",""SRC030""]"
ECO00888,PRO0296,transports_for,PRO0254,[],"Упаковщик товара перевозит людей, груз или обеспечивает погрузку для роли «Крупный новгородский купец».",A,"[""SRC003"",""SRC029"",""SRC039"",""SRC053"",""SRC093"",""SRC027"",""SRC028"",""SRC030""]"
ECO00889,PRO0296,transports_for,PRO0293,[],"Упаковщик товара перевозит людей, груз или обеспечивает погрузку для роли «Хранитель склада».",B,"[""SRC003"",""SRC029"",""SRC039"",""SRC053"",""SRC093""]"
ECO00890,PRO0296,transports_for,PRO0226,[],"Упаковщик товара перевозит людей, груз или обеспечивает погрузку для роли «Владелец торгового или перевозочного судна».",B,"[""SRC003"",""SRC029"",""SRC039"",""SRC053"",""SRC093"",""SRC013"",""SRC050"",""SRC099""]"
ECO00891,PRO0296,transports_for,PRO0258,[],"Упаковщик товара перевозит людей, груз или обеспечивает погрузку для роли «Рыночный продавец».",A,"[""SRC003"",""SRC029"",""SRC039"",""SRC053"",""SRC093"",""SRC027"",""SRC028"",""SRC030""]"
ECO00892,PRO0297,transports_for,PRO0254,[],"Сортировщик меха перевозит людей, груз или обеспечивает погрузку для роли «Крупный новгородский купец».",A,"[""SRC003"",""SRC029"",""SRC039"",""SRC053"",""SRC093"",""SRC027"",""SRC028"",""SRC030""]"
ECO00893,PRO0297,transports_for,PRO0293,[],"Сортировщик меха перевозит людей, груз или обеспечивает погрузку для роли «Хранитель склада».",B,"[""SRC003"",""SRC029"",""SRC039"",""SRC053"",""SRC093""]"
ECO00894,PRO0297,transports_for,PRO0226,[],"Сортировщик меха перевозит людей, груз или обеспечивает погрузку для роли «Владелец торгового или перевозочного судна».",B,"[""SRC003"",""SRC029"",""SRC039"",""SRC053"",""SRC093"",""SRC013"",""SRC050"",""SRC099""]"
ECO00895,PRO0297,transports_for,PRO0258,[],"Сортировщик меха перевозит людей, груз или обеспечивает погрузку для роли «Рыночный продавец».",A,"[""SRC003"",""SRC029"",""SRC039"",""SRC053"",""SRC093"",""SRC027"",""SRC028"",""SRC030""]"
ECO00896,PRO0298,transports_for,PRO0254,[],"Оценщик мехов и кож перевозит людей, груз или обеспечивает погрузку для роли «Крупный новгородский купец».",A,"[""SRC003"",""SRC029"",""SRC039"",""SRC053"",""SRC093"",""SRC027"",""SRC028"",""SRC030""]"
ECO00897,PRO0298,transports_for,PRO0293,[],"Оценщик мехов и кож перевозит людей, груз или обеспечивает погрузку для роли «Хранитель склада».",B,"[""SRC003"",""SRC029"",""SRC039"",""SRC053"",""SRC093""]"
ECO00898,PRO0298,transports_for,PRO0226,[],"Оценщик мехов и кож перевозит людей, груз или обеспечивает погрузку для роли «Владелец торгового или перевозочного судна».",B,"[""SRC003"",""SRC029"",""SRC039"",""SRC053"",""SRC093"",""SRC013"",""SRC050"",""SRC099""]"
ECO00899,PRO0298,transports_for,PRO0258,[],"Оценщик мехов и кож перевозит людей, груз или обеспечивает погрузку для роли «Рыночный продавец».",A,"[""SRC003"",""SRC029"",""SRC039"",""SRC053"",""SRC093"",""SRC027"",""SRC028"",""SRC030""]"
ECO00900,PRO0299,sells_to,PRO0413,[],"Работник, ставящий товарную пломбу передаёт продукт роли «Городской хозяин двора».",A,"[""SRC027"",""SRC028"",""SRC029"",""SRC030"",""SRC050"",""SRC053"",""SRC072"",""SRC093""]"
ECO00901,PRO0299,sells_to,PRO0342,[],"Работник, ставящий товарную пломбу передаёт продукт роли «Глашатай или созывающий людей».",B,"[""SRC027"",""SRC028"",""SRC029"",""SRC030"",""SRC050"",""SRC053"",""SRC072"",""SRC093""]"
ECO00902,PRO0299,sells_to,PRO0304,[],"Работник, ставящий товарную пломбу передаёт продукт роли «Толмач при торговле».",B,"[""SRC027"",""SRC028"",""SRC029"",""SRC030"",""SRC050"",""SRC053"",""SRC072"",""SRC093""]"
ECO00903,PRO0300,sells_to,PRO0413,[],Взыскатель долга или посланец кредитора передаёт продукт роли «Городской хозяин двора».,A,"[""SRC027"",""SRC028"",""SRC029"",""SRC030"",""SRC050"",""SRC053"",""SRC072"",""SRC093""]"
ECO00904,PRO0300,sells_to,PRO0351,[],Взыскатель долга или посланец кредитора передаёт продукт роли «Участник суда или судебный представитель».,B,"[""SRC027"",""SRC028"",""SRC029"",""SRC030"",""SRC050"",""SRC053"",""SRC072"",""SRC093""]"
ECO00905,PRO0300,sells_to,PRO0304,[],Взыскатель долга или посланец кредитора передаёт продукт роли «Толмач при торговле».,B,"[""SRC027"",""SRC028"",""SRC029"",""SRC030"",""SRC050"",""SRC053"",""SRC072"",""SRC093""]"
ECO00906,PRO0301,sells_to,PRO0413,[],"Человек, дающий товар или серебро в долг передаёт продукт роли «Городской хозяин двора».",A,"[""SRC027"",""SRC028"",""SRC029"",""SRC030"",""SRC050"",""SRC053"",""SRC072"",""SRC093""]"
ECO00907,PRO0301,sells_to,PRO0355,[],"Человек, дающий товар или серебро в долг передаёт продукт роли «Ответчик».",A,"[""SRC027"",""SRC028"",""SRC029"",""SRC030"",""SRC050"",""SRC053"",""SRC072"",""SRC093""]"
ECO00908,PRO0301,sells_to,PRO0464,[],"Человек, дающий товар или серебро в долг передаёт продукт роли «Путник».",A,"[""SRC027"",""SRC028"",""SRC029"",""SRC030"",""SRC050"",""SRC053"",""SRC072"",""SRC093""]"
ECO00909,PRO0302,sells_to,PRO0413,[],Должник по товару или серебру передаёт продукт роли «Городской хозяин двора».,A,"[""SRC027"",""SRC028"",""SRC029"",""SRC030"",""SRC050"",""SRC053"",""SRC072"",""SRC093""]"
ECO00910,PRO0302,sells_to,PRO0350,[],Должник по товару или серебру передаёт продукт роли «Писец реестра дани».,A,"[""SRC027"",""SRC028"",""SRC029"",""SRC030"",""SRC050"",""SRC053"",""SRC072"",""SRC093""]"
ECO00911,PRO0302,sells_to,PRO0303,[],Должник по товару или серебру передаёт продукт роли «Хозяин или служитель двора иностранных купцов».,A,"[""SRC027"",""SRC028"",""SRC029"",""SRC030"",""SRC050"",""SRC053"",""SRC072"",""SRC093""]"
ECO00912,PRO0303,serves,PRO0254,[],Хозяин или служитель двора иностранных купцов оказывает услугу роли «Крупный новгородский купец».,A,"[""SRC048"",""SRC049"",""SRC050"",""SRC051"",""SRC075"",""SRC076"",""SRC096"",""SRC099""]"
ECO00913,PRO0303,serves,PRO0336,[],Хозяин или служитель двора иностранных купцов оказывает услугу роли «Посадник».,A,"[""SRC048"",""SRC049"",""SRC050"",""SRC051"",""SRC075"",""SRC076"",""SRC096"",""SRC099""]"
ECO00914,PRO0303,serves,PRO0304,[],Хозяин или служитель двора иностранных купцов оказывает услугу роли «Толмач при торговле».,C,"[""SRC048"",""SRC049"",""SRC050"",""SRC051"",""SRC075"",""SRC076"",""SRC096"",""SRC099""]"
ECO00915,PRO0304,serves,PRO0254,[],Толмач при торговле оказывает услугу роли «Крупный новгородский купец».,A,"[""SRC048"",""SRC049"",""SRC050"",""SRC051"",""SRC075"",""SRC076"",""SRC096"",""SRC099""]"
ECO00916,PRO0304,serves,PRO0336,[],Толмач при торговле оказывает услугу роли «Посадник».,A,"[""SRC048"",""SRC049"",""SRC050"",""SRC051"",""SRC075"",""SRC076"",""SRC096"",""SRC099""]"
ECO00917,PRO0305,sells_to,PRO0413,[],Помощник продавца на Торгу передаёт продукт роли «Городской хозяин двора».,A,"[""SRC027"",""SRC028"",""SRC029"",""SRC030"",""SRC050"",""SRC053"",""SRC072"",""SRC093""]"
ECO00918,PRO0305,sells_to,PRO0352,[],Помощник продавца на Торгу передаёт продукт роли «Свидетель сделки или спора».,A,"[""SRC027"",""SRC028"",""SRC029"",""SRC030"",""SRC050"",""SRC053"",""SRC072"",""SRC093""]"
ECO00919,PRO0305,sells_to,PRO0465,[],"Помощник продавца на Торгу передаёт продукт роли «Хозяин, принимающий путников в дворовом хозяйстве».",A,"[""SRC027"",""SRC028"",""SRC029"",""SRC030"",""SRC050"",""SRC053"",""SRC072"",""SRC093""]"
ECO00920,PRO0306,sells_to,PRO0334,[],Княжеский дружинник передаёт продукт роли «Князь».,A,"[""SRC031"",""SRC034"",""SRC035"",""SRC036"",""SRC037"",""SRC038"",""SRC071"",""SRC090""]"
ECO00921,PRO0306,sells_to,PRO0336,[],Княжеский дружинник передаёт продукт роли «Посадник».,A,"[""SRC031"",""SRC034"",""SRC035"",""SRC036"",""SRC037"",""SRC038"",""SRC071"",""SRC090""]"
ECO00922,PRO0306,sells_to,PRO0323,[],Княжеский дружинник передаёт продукт роли «Караульный у ворот».,A,"[""SRC031"",""SRC034"",""SRC035"",""SRC036"",""SRC037"",""SRC038"",""SRC071"",""SRC090""]"
ECO00923,PRO0307,sells_to,PRO0334,[],Младший дружинник / отрок передаёт продукт роли «Князь».,A,"[""SRC031"",""SRC034"",""SRC035"",""SRC036"",""SRC037"",""SRC038"",""SRC071"",""SRC090""]"
ECO00924,PRO0307,sells_to,PRO0336,[],Младший дружинник / отрок передаёт продукт роли «Посадник».,A,"[""SRC031"",""SRC034"",""SRC035"",""SRC036"",""SRC037"",""SRC038"",""SRC071"",""SRC090""]"
ECO00925,PRO0307,sells_to,PRO0323,[],Младший дружинник / отрок передаёт продукт роли «Караульный у ворот».,B,"[""SRC031"",""SRC034"",""SRC035"",""SRC036"",""SRC037"",""SRC038"",""SRC071"",""SRC090""]"
ECO00926,PRO0308,sells_to,PRO0334,[],Боярский воин передаёт продукт роли «Князь».,A,"[""SRC031"",""SRC034"",""SRC035"",""SRC036"",""SRC037"",""SRC038"",""SRC071"",""SRC090""]"
ECO00927,PRO0308,sells_to,PRO0336,[],Боярский воин передаёт продукт роли «Посадник».,A,"[""SRC031"",""SRC034"",""SRC035"",""SRC036"",""SRC037"",""SRC038"",""SRC071"",""SRC090""]"
ECO00928,PRO0308,sells_to,PRO0323,[],Боярский воин передаёт продукт роли «Караульный у ворот».,B,"[""SRC031"",""SRC034"",""SRC035"",""SRC036"",""SRC037"",""SRC038"",""SRC071"",""SRC090""]"
ECO00929,PRO0309,sells_to,PRO0334,[],Конный воин передаёт продукт роли «Князь».,A,"[""SRC031"",""SRC034"",""SRC035"",""SRC036"",""SRC037"",""SRC038"",""SRC071"",""SRC090""]"
ECO00930,PRO0309,sells_to,PRO0336,[],Конный воин передаёт продукт роли «Посадник».,A,"[""SRC031"",""SRC034"",""SRC035"",""SRC036"",""SRC037"",""SRC038"",""SRC071"",""SRC090""]"
ECO00931,PRO0309,sells_to,PRO0323,[],Конный воин передаёт продукт роли «Караульный у ворот».,A,"[""SRC031"",""SRC034"",""SRC035"",""SRC036"",""SRC037"",""SRC038"",""SRC071"",""SRC090""]"
ECO00932,PRO0310,sells_to,PRO0334,[],Пеший воин передаёт продукт роли «Князь».,A,"[""SRC031"",""SRC034"",""SRC035"",""SRC036"",""SRC037"",""SRC038"",""SRC071"",""SRC090""]"
ECO00933,PRO0310,sells_to,PRO0336,[],Пеший воин передаёт продукт роли «Посадник».,A,"[""SRC031"",""SRC034"",""SRC035"",""SRC036"",""SRC037"",""SRC038"",""SRC071"",""SRC090""]"
ECO00934,PRO0310,sells_to,PRO0323,[],Пеший воин передаёт продукт роли «Караульный у ворот».,A,"[""SRC031"",""SRC034"",""SRC035"",""SRC036"",""SRC037"",""SRC038"",""SRC071"",""SRC090""]"
ECO00935,PRO0311,sells_to,PRO0334,[],Лучник передаёт продукт роли «Князь».,A,"[""SRC031"",""SRC034"",""SRC035"",""SRC036"",""SRC037"",""SRC038"",""SRC071"",""SRC090""]"
ECO00936,PRO0311,sells_to,PRO0336,[],Лучник передаёт продукт роли «Посадник».,A,"[""SRC031"",""SRC034"",""SRC035"",""SRC036"",""SRC037"",""SRC038"",""SRC071"",""SRC090""]"
ECO00937,PRO0311,sells_to,PRO0323,[],Лучник передаёт продукт роли «Караульный у ворот».,A,"[""SRC031"",""SRC034"",""SRC035"",""SRC036"",""SRC037"",""SRC038"",""SRC071"",""SRC090""]"
ECO00938,PRO0312,sells_to,PRO0334,[],Самострельщик передаёт продукт роли «Князь».,A,"[""SRC031"",""SRC034"",""SRC035"",""SRC036"",""SRC037"",""SRC038"",""SRC071"",""SRC090""]"
ECO00939,PRO0312,sells_to,PRO0336,[],Самострельщик передаёт продукт роли «Посадник».,A,"[""SRC031"",""SRC034"",""SRC035"",""SRC036"",""SRC037"",""SRC038"",""SRC071"",""SRC090""]"
ECO00940,PRO0312,sells_to,PRO0323,[],Самострельщик передаёт продукт роли «Караульный у ворот».,B,"[""SRC031"",""SRC034"",""SRC035"",""SRC036"",""SRC037"",""SRC038"",""SRC071"",""SRC090""]"
ECO00941,PRO0313,sells_to,PRO0334,[],Копейщик передаёт продукт роли «Князь».,A,"[""SRC031"",""SRC034"",""SRC035"",""SRC036"",""SRC037"",""SRC038"",""SRC071"",""SRC090""]"
ECO00942,PRO0313,sells_to,PRO0336,[],Копейщик передаёт продукт роли «Посадник».,A,"[""SRC031"",""SRC034"",""SRC035"",""SRC036"",""SRC037"",""SRC038"",""SRC071"",""SRC090""]"
ECO00943,PRO0313,sells_to,PRO0323,[],Копейщик передаёт продукт роли «Караульный у ворот».,A,"[""SRC031"",""SRC034"",""SRC035"",""SRC036"",""SRC037"",""SRC038"",""SRC071"",""SRC090""]"
ECO00944,PRO0314,sells_to,PRO0334,[],Щитоносец передаёт продукт роли «Князь».,A,"[""SRC031"",""SRC034"",""SRC035"",""SRC036"",""SRC037"",""SRC038"",""SRC071"",""SRC090""]"
ECO00945,PRO0314,sells_to,PRO0336,[],Щитоносец передаёт продукт роли «Посадник».,A,"[""SRC031"",""SRC034"",""SRC035"",""SRC036"",""SRC037"",""SRC038"",""SRC071"",""SRC090""]"
ECO00946,PRO0314,sells_to,PRO0323,[],Щитоносец передаёт продукт роли «Караульный у ворот».,B,"[""SRC031"",""SRC034"",""SRC035"",""SRC036"",""SRC037"",""SRC038"",""SRC071"",""SRC090""]"
ECO00947,PRO0315,sells_to,PRO0334,[],Городской ополченец передаёт продукт роли «Князь».,A,"[""SRC031"",""SRC034"",""SRC035"",""SRC036"",""SRC037"",""SRC038"",""SRC071"",""SRC090""]"
ECO00948,PRO0315,sells_to,PRO0336,[],Городской ополченец передаёт продукт роли «Посадник».,A,"[""SRC031"",""SRC034"",""SRC035"",""SRC036"",""SRC037"",""SRC038"",""SRC071"",""SRC090""]"
ECO00949,PRO0315,sells_to,PRO0323,[],Городской ополченец передаёт продукт роли «Караульный у ворот».,A,"[""SRC031"",""SRC034"",""SRC035"",""SRC036"",""SRC037"",""SRC038"",""SRC071"",""SRC090""]"
ECO00950,PRO0316,sells_to,PRO0334,[],Сельский ополченец передаёт продукт роли «Князь».,A,"[""SRC031"",""SRC034"",""SRC035"",""SRC036"",""SRC037"",""SRC038"",""SRC071"",""SRC090""]"
ECO00951,PRO0316,sells_to,PRO0336,[],Сельский ополченец передаёт продукт роли «Посадник».,A,"[""SRC031"",""SRC034"",""SRC035"",""SRC036"",""SRC037"",""SRC038"",""SRC071"",""SRC090""]"
ECO00952,PRO0316,sells_to,PRO0323,[],Сельский ополченец передаёт продукт роли «Караульный у ворот».,B,"[""SRC031"",""SRC034"",""SRC035"",""SRC036"",""SRC037"",""SRC038"",""SRC071"",""SRC090""]"
ECO00953,PRO0317,sells_to,PRO0334,[],Участник военного похода передаёт продукт роли «Князь».,A,"[""SRC031"",""SRC034"",""SRC035"",""SRC036"",""SRC037"",""SRC038"",""SRC071"",""SRC090""]"
ECO00954,PRO0317,sells_to,PRO0336,[],Участник военного похода передаёт продукт роли «Посадник».,A,"[""SRC031"",""SRC034"",""SRC035"",""SRC036"",""SRC037"",""SRC038"",""SRC071"",""SRC090""]"
ECO00955,PRO0317,sells_to,PRO0323,[],Участник военного похода передаёт продукт роли «Караульный у ворот».,A,"[""SRC031"",""SRC034"",""SRC035"",""SRC036"",""SRC037"",""SRC038"",""SRC071"",""SRC090""]"
ECO00956,PRO0318,sells_to,PRO0334,[],Возчик военного обоза передаёт продукт роли «Князь».,A,"[""SRC031"",""SRC034"",""SRC035"",""SRC036"",""SRC037"",""SRC038"",""SRC071"",""SRC090""]"
ECO00957,PRO0318,sells_to,PRO0336,[],Возчик военного обоза передаёт продукт роли «Посадник».,A,"[""SRC031"",""SRC034"",""SRC035"",""SRC036"",""SRC037"",""SRC038"",""SRC071"",""SRC090""]"
ECO00958,PRO0318,sells_to,PRO0323,[],Возчик военного обоза передаёт продукт роли «Караульный у ворот».,B,"[""SRC031"",""SRC034"",""SRC035"",""SRC036"",""SRC037"",""SRC038"",""SRC071"",""SRC090""]"
ECO00959,PRO0319,sells_to,PRO0334,[],Оруженосец и помощник воина передаёт продукт роли «Князь».,A,"[""SRC031"",""SRC034"",""SRC035"",""SRC036"",""SRC037"",""SRC038"",""SRC071"",""SRC090""]"
ECO00960,PRO0319,sells_to,PRO0336,[],Оруженосец и помощник воина передаёт продукт роли «Посадник».,A,"[""SRC031"",""SRC034"",""SRC035"",""SRC036"",""SRC037"",""SRC038"",""SRC071"",""SRC090""]"
ECO00961,PRO0319,sells_to,PRO0323,[],Оруженосец и помощник воина передаёт продукт роли «Караульный у ворот».,B,"[""SRC031"",""SRC034"",""SRC035"",""SRC036"",""SRC037"",""SRC038"",""SRC071"",""SRC090""]"
ECO00962,PRO0155,supplies,PRO0320,"[""AGR0014"",""AGR0015""]",Сенокосец и собиратель сена снабжает сырьём роль «Конюх дружины или походного отряда».,A,"[""SRC028"",""SRC044"",""SRC045"",""SRC046"",""SRC047"",""SRC102"",""SRC040"",""SRC041""]"
ECO00963,PRO0321,transports_for,PRO0254,[],"Военный лодочник / гребец перевозит людей, груз или обеспечивает погрузку для роли «Крупный новгородский купец».",A,"[""SRC003"",""SRC013"",""SRC029"",""SRC039"",""SRC050"",""SRC099"",""SRC027"",""SRC028""]"
ECO00964,PRO0321,transports_for,PRO0259,[],"Военный лодочник / гребец перевозит людей, груз или обеспечивает погрузку для роли «Торговец рыбой».",A,"[""SRC003"",""SRC013"",""SRC029"",""SRC039"",""SRC050"",""SRC099"",""SRC027"",""SRC028""]"
ECO00965,PRO0321,transports_for,PRO0463,[],"Военный лодочник / гребец перевозит людей, груз или обеспечивает погрузку для роли «Иностранный посол».",B,"[""SRC003"",""SRC013"",""SRC029"",""SRC039"",""SRC050"",""SRC099"",""SRC048"",""SRC049""]"
ECO00966,PRO0322,serves,PRO0254,[],Дозорный оказывает услугу роли «Крупный новгородский купец».,A,"[""SRC031"",""SRC071"",""SRC102"",""SRC027"",""SRC028"",""SRC029"",""SRC030"",""SRC050""]"
ECO00967,PRO0322,serves,PRO0413,[],Дозорный оказывает услугу роли «Городской хозяин двора».,A,"[""SRC031"",""SRC071"",""SRC102"",""SRC001"",""SRC008"",""SRC012"",""SRC028"",""SRC045""]"
ECO00968,PRO0322,serves,PRO0334,[],Дозорный оказывает услугу роли «Князь».,A,"[""SRC031"",""SRC071"",""SRC102"",""SRC027"",""SRC028"",""SRC050"",""SRC053"",""SRC074""]"
ECO00969,PRO0323,serves,PRO0254,[],Караульный у ворот оказывает услугу роли «Крупный новгородский купец».,A,"[""SRC031"",""SRC071"",""SRC102"",""SRC027"",""SRC028"",""SRC029"",""SRC030"",""SRC050""]"
ECO00970,PRO0323,serves,PRO0413,[],Караульный у ворот оказывает услугу роли «Городской хозяин двора».,A,"[""SRC031"",""SRC071"",""SRC102"",""SRC001"",""SRC008"",""SRC012"",""SRC028"",""SRC045""]"
ECO00971,PRO0323,serves,PRO0334,[],Караульный у ворот оказывает услугу роли «Князь».,A,"[""SRC031"",""SRC071"",""SRC102"",""SRC027"",""SRC028"",""SRC050"",""SRC053"",""SRC074""]"
ECO00972,PRO0324,serves,PRO0254,[],Страж княжеского двора оказывает услугу роли «Крупный новгородский купец».,A,"[""SRC031"",""SRC071"",""SRC102"",""SRC027"",""SRC028"",""SRC029"",""SRC030"",""SRC050""]"
ECO00973,PRO0324,serves,PRO0413,[],Страж княжеского двора оказывает услугу роли «Городской хозяин двора».,A,"[""SRC031"",""SRC071"",""SRC102"",""SRC001"",""SRC008"",""SRC012"",""SRC028"",""SRC045""]"
ECO00974,PRO0324,serves,PRO0334,[],Страж княжеского двора оказывает услугу роли «Князь».,A,"[""SRC031"",""SRC071"",""SRC102"",""SRC027"",""SRC028"",""SRC050"",""SRC053"",""SRC074""]"
ECO00975,PRO0325,serves,PRO0254,[],Сторож Торга или торгового имущества оказывает услугу роли «Крупный новгородский купец».,A,"[""SRC031"",""SRC071"",""SRC102"",""SRC027"",""SRC028"",""SRC029"",""SRC030"",""SRC050""]"
ECO00976,PRO0325,serves,PRO0413,[],Сторож Торга или торгового имущества оказывает услугу роли «Городской хозяин двора».,A,"[""SRC031"",""SRC071"",""SRC102"",""SRC001"",""SRC008"",""SRC012"",""SRC028"",""SRC045""]"
ECO00977,PRO0325,serves,PRO0334,[],Сторож Торга или торгового имущества оказывает услугу роли «Князь».,A,"[""SRC031"",""SRC071"",""SRC102"",""SRC027"",""SRC028"",""SRC050"",""SRC053"",""SRC074""]"
ECO00978,PRO0326,serves,PRO0254,[],Сторож усадьбы оказывает услугу роли «Крупный новгородский купец».,A,"[""SRC031"",""SRC071"",""SRC102"",""SRC027"",""SRC028"",""SRC029"",""SRC030"",""SRC050""]"
ECO00979,PRO0326,serves,PRO0413,[],Сторож усадьбы оказывает услугу роли «Городской хозяин двора».,A,"[""SRC031"",""SRC071"",""SRC102"",""SRC001"",""SRC008"",""SRC012"",""SRC028"",""SRC045""]"
ECO00980,PRO0326,serves,PRO0334,[],Сторож усадьбы оказывает услугу роли «Князь».,A,"[""SRC031"",""SRC071"",""SRC102"",""SRC027"",""SRC028"",""SRC050"",""SRC053"",""SRC074""]"
ECO00981,PRO0327,serves,PRO0254,[],Ночной сторож оказывает услугу роли «Крупный новгородский купец».,A,"[""SRC031"",""SRC071"",""SRC102"",""SRC027"",""SRC028"",""SRC029"",""SRC030"",""SRC050""]"
ECO00982,PRO0327,serves,PRO0413,[],Ночной сторож оказывает услугу роли «Городской хозяин двора».,A,"[""SRC031"",""SRC071"",""SRC102"",""SRC001"",""SRC008"",""SRC012"",""SRC028"",""SRC045""]"
ECO00983,PRO0327,serves,PRO0334,[],Ночной сторож оказывает услугу роли «Князь».,A,"[""SRC031"",""SRC071"",""SRC102"",""SRC027"",""SRC028"",""SRC050"",""SRC053"",""SRC074""]"
ECO00984,PRO0328,sells_to,PRO0334,[],Военный гонец передаёт продукт роли «Князь».,A,"[""SRC031"",""SRC034"",""SRC035"",""SRC036"",""SRC037"",""SRC038"",""SRC071"",""SRC090""]"
ECO00985,PRO0328,sells_to,PRO0336,[],Военный гонец передаёт продукт роли «Посадник».,A,"[""SRC031"",""SRC034"",""SRC035"",""SRC036"",""SRC037"",""SRC038"",""SRC071"",""SRC090""]"
ECO00986,PRO0328,sells_to,PRO0323,[],Военный гонец передаёт продукт роли «Караульный у ворот».,B,"[""SRC031"",""SRC034"",""SRC035"",""SRC036"",""SRC037"",""SRC038"",""SRC071"",""SRC090""]"
ECO00987,PRO0329,sells_to,PRO0334,[],Знаменосец передаёт продукт роли «Князь».,A,"[""SRC031"",""SRC034"",""SRC035"",""SRC036"",""SRC037"",""SRC038"",""SRC071"",""SRC090""]"
ECO00988,PRO0329,sells_to,PRO0336,[],Знаменосец передаёт продукт роли «Посадник».,A,"[""SRC031"",""SRC034"",""SRC035"",""SRC036"",""SRC037"",""SRC038"",""SRC071"",""SRC090""]"
ECO00989,PRO0329,sells_to,PRO0323,[],Знаменосец передаёт продукт роли «Караульный у ворот».,B,"[""SRC031"",""SRC034"",""SRC035"",""SRC036"",""SRC037"",""SRC038"",""SRC071"",""SRC090""]"
ECO00990,PRO0330,sells_to,PRO0334,[],Военный трубач или сигнальщик передаёт продукт роли «Князь».,A,"[""SRC031"",""SRC034"",""SRC035"",""SRC036"",""SRC037"",""SRC038"",""SRC071"",""SRC090""]"
ECO00991,PRO0330,sells_to,PRO0336,[],Военный трубач или сигнальщик передаёт продукт роли «Посадник».,A,"[""SRC031"",""SRC034"",""SRC035"",""SRC036"",""SRC037"",""SRC038"",""SRC071"",""SRC090""]"
ECO00992,PRO0330,sells_to,PRO0323,[],Военный трубач или сигнальщик передаёт продукт роли «Караульный у ворот».,B,"[""SRC031"",""SRC034"",""SRC035"",""SRC036"",""SRC037"",""SRC038"",""SRC071"",""SRC090""]"
ECO00993,PRO0331,sells_to,PRO0334,[],"Слуга, чистящий и переносящий оружие передаёт продукт роли «Князь».",A,"[""SRC031"",""SRC034"",""SRC035"",""SRC036"",""SRC037"",""SRC038"",""SRC071"",""SRC090""]"
ECO00994,PRO0331,sells_to,PRO0336,[],"Слуга, чистящий и переносящий оружие передаёт продукт роли «Посадник».",A,"[""SRC031"",""SRC034"",""SRC035"",""SRC036"",""SRC037"",""SRC038"",""SRC071"",""SRC090""]"
ECO00995,PRO0331,sells_to,PRO0323,[],"Слуга, чистящий и переносящий оружие передаёт продукт роли «Караульный у ворот».",B,"[""SRC031"",""SRC034"",""SRC035"",""SRC036"",""SRC037"",""SRC038"",""SRC071"",""SRC090""]"
ECO00996,PRO0332,sells_to,PRO0334,[],Иностранный наёмный воин передаёт продукт роли «Князь».,A,"[""SRC031"",""SRC034"",""SRC035"",""SRC036"",""SRC037"",""SRC038"",""SRC071"",""SRC090""]"
ECO00997,PRO0332,sells_to,PRO0336,[],Иностранный наёмный воин передаёт продукт роли «Посадник».,A,"[""SRC031"",""SRC034"",""SRC035"",""SRC036"",""SRC037"",""SRC038"",""SRC071"",""SRC090""]"
ECO00998,PRO0332,sells_to,PRO0323,[],Иностранный наёмный воин передаёт продукт роли «Караульный у ворот».,B,"[""SRC031"",""SRC034"",""SRC035"",""SRC036"",""SRC037"",""SRC038"",""SRC071"",""SRC090""]"
ECO00999,PRO0333,sells_to,PRO0334,"[""FOD0049""]",Повар военного лагеря передаёт продукт роли «Князь».,A,"[""SRC031"",""SRC034"",""SRC035"",""SRC036"",""SRC037"",""SRC038"",""SRC071"",""SRC090""]"
ECO01000,PRO0333,sells_to,PRO0336,"[""FOD0049""]",Повар военного лагеря передаёт продукт роли «Посадник».,A,"[""SRC031"",""SRC034"",""SRC035"",""SRC036"",""SRC037"",""SRC038"",""SRC071"",""SRC090""]"
ECO01001,PRO0333,sells_to,PRO0323,"[""FOD0049""]",Повар военного лагеря передаёт продукт роли «Караульный у ворот».,B,"[""SRC031"",""SRC034"",""SRC035"",""SRC036"",""SRC037"",""SRC038"",""SRC071"",""SRC090""]"
ECO01002,PRO0334,serves,PRO0413,[],Князь оказывает услугу роли «Городской хозяин двора».,A,"[""SRC027"",""SRC028"",""SRC031"",""SRC050"",""SRC053"",""SRC074"",""SRC091"",""SRC094""]"
ECO01003,PRO0334,serves,PRO0254,[],Князь оказывает услугу роли «Крупный новгородский купец».,A,"[""SRC027"",""SRC028"",""SRC031"",""SRC050"",""SRC053"",""SRC074"",""SRC091"",""SRC094""]"
ECO01004,PRO0334,serves,PRO0463,[],Князь оказывает услугу роли «Иностранный посол».,A,"[""SRC027"",""SRC028"",""SRC031"",""SRC050"",""SRC053"",""SRC074"",""SRC091"",""SRC094""]"
ECO01005,PRO0334,serves,PRO0377,[],Князь оказывает услугу роли «Священник».,A,"[""SRC027"",""SRC028"",""SRC031"",""SRC050"",""SRC053"",""SRC074"",""SRC091"",""SRC094""]"
ECO01006,PRO0335,serves,PRO0413,[],Княгиня оказывает услугу роли «Городской хозяин двора».,A,"[""SRC027"",""SRC028"",""SRC031"",""SRC050"",""SRC053"",""SRC074"",""SRC091"",""SRC094""]"
ECO01007,PRO0335,serves,PRO0254,[],Княгиня оказывает услугу роли «Крупный новгородский купец».,A,"[""SRC027"",""SRC028"",""SRC031"",""SRC050"",""SRC053"",""SRC074"",""SRC091"",""SRC094""]"
ECO01008,PRO0335,serves,PRO0463,[],Княгиня оказывает услугу роли «Иностранный посол».,B,"[""SRC027"",""SRC028"",""SRC031"",""SRC050"",""SRC053"",""SRC074"",""SRC091"",""SRC094""]"
ECO01009,PRO0335,serves,PRO0377,[],Княгиня оказывает услугу роли «Священник».,A,"[""SRC027"",""SRC028"",""SRC031"",""SRC050"",""SRC053"",""SRC074"",""SRC091"",""SRC094""]"
ECO01010,PRO0336,serves,PRO0413,[],Посадник оказывает услугу роли «Городской хозяин двора».,A,"[""SRC027"",""SRC028"",""SRC031"",""SRC050"",""SRC053"",""SRC074"",""SRC091"",""SRC094""]"
ECO01011,PRO0336,serves,PRO0254,[],Посадник оказывает услугу роли «Крупный новгородский купец».,A,"[""SRC027"",""SRC028"",""SRC031"",""SRC050"",""SRC053"",""SRC074"",""SRC091"",""SRC094""]"
ECO01012,PRO0336,serves,PRO0463,[],Посадник оказывает услугу роли «Иностранный посол».,A,"[""SRC027"",""SRC028"",""SRC031"",""SRC050"",""SRC053"",""SRC074"",""SRC091"",""SRC094""]"
ECO01013,PRO0336,serves,PRO0377,[],Посадник оказывает услугу роли «Священник».,A,"[""SRC027"",""SRC028"",""SRC031"",""SRC050"",""SRC053"",""SRC074"",""SRC091"",""SRC094""]"
ECO01014,PRO0337,serves,PRO0413,[],Тысяцкий оказывает услугу роли «Городской хозяин двора».,A,"[""SRC027"",""SRC028"",""SRC031"",""SRC050"",""SRC053"",""SRC074"",""SRC091"",""SRC094""]"
ECO01015,PRO0337,serves,PRO0254,[],Тысяцкий оказывает услугу роли «Крупный новгородский купец».,A,"[""SRC027"",""SRC028"",""SRC031"",""SRC050"",""SRC053"",""SRC074"",""SRC091"",""SRC094""]"
ECO01016,PRO0337,serves,PRO0463,[],Тысяцкий оказывает услугу роли «Иностранный посол».,A,"[""SRC027"",""SRC028"",""SRC031"",""SRC050"",""SRC053"",""SRC074"",""SRC091"",""SRC094""]"
ECO01017,PRO0337,serves,PRO0377,[],Тысяцкий оказывает услугу роли «Священник».,A,"[""SRC027"",""SRC028"",""SRC031"",""SRC050"",""SRC053"",""SRC074"",""SRC091"",""SRC094""]"
ECO01018,PRO0338,serves,PRO0413,[],Новгородский архиепископ оказывает услугу роли «Городской хозяин двора».,A,"[""SRC017"",""SRC018"",""SRC020"",""SRC021"",""SRC022"",""SRC023"",""SRC031"",""SRC055""]"
ECO01019,PRO0338,serves,PRO0395,[],Новгородский архиепископ оказывает услугу роли «Паломник».,A,"[""SRC017"",""SRC018"",""SRC020"",""SRC021"",""SRC022"",""SRC023"",""SRC031"",""SRC055""]"
ECO01020,PRO0338,serves,PRO0396,[],"Новгородский архиепископ оказывает услугу роли «Нищий, просящий милостыню у церкви».",A,"[""SRC017"",""SRC018"",""SRC020"",""SRC021"",""SRC022"",""SRC023"",""SRC031"",""SRC055""]"
ECO01021,PRO0338,serves,PRO0383,[],Новгородский архиепископ оказывает услугу роли «Монах».,A,"[""SRC017"",""SRC018"",""SRC020"",""SRC021"",""SRC022"",""SRC023"",""SRC031"",""SRC055""]"
ECO01022,PRO0339,serves,PRO0413,[],Боярин оказывает услугу роли «Городской хозяин двора».,A,"[""SRC027"",""SRC028"",""SRC031"",""SRC050"",""SRC053"",""SRC074"",""SRC091"",""SRC094""]"
ECO01023,PRO0339,serves,PRO0254,[],Боярин оказывает услугу роли «Крупный новгородский купец».,A,"[""SRC027"",""SRC028"",""SRC031"",""SRC050"",""SRC053"",""SRC074"",""SRC091"",""SRC094""]"
ECO01024,PRO0339,serves,PRO0463,[],Боярин оказывает услугу роли «Иностранный посол».,A,"[""SRC027"",""SRC028"",""SRC031"",""SRC050"",""SRC053"",""SRC074"",""SRC091"",""SRC094""]"
ECO01025,PRO0339,serves,PRO0377,[],Боярин оказывает услугу роли «Священник».,A,"[""SRC027"",""SRC028"",""SRC031"",""SRC050"",""SRC053"",""SRC074"",""SRC091"",""SRC094""]"
ECO01026,PRO0340,serves,PRO0413,[],Боярыня / знатная владелица имущества оказывает услугу роли «Городской хозяин двора».,A,"[""SRC027"",""SRC028"",""SRC031"",""SRC050"",""SRC053"",""SRC074"",""SRC091"",""SRC094""]"
ECO01027,PRO0340,serves,PRO0254,[],Боярыня / знатная владелица имущества оказывает услугу роли «Крупный новгородский купец».,A,"[""SRC027"",""SRC028"",""SRC031"",""SRC050"",""SRC053"",""SRC074"",""SRC091"",""SRC094""]"
ECO01028,PRO0340,serves,PRO0463,[],Боярыня / знатная владелица имущества оказывает услугу роли «Иностранный посол».,B,"[""SRC027"",""SRC028"",""SRC031"",""SRC050"",""SRC053"",""SRC074"",""SRC091"",""SRC094""]"
ECO01029,PRO0340,serves,PRO0377,[],Боярыня / знатная владелица имущества оказывает услугу роли «Священник».,A,"[""SRC027"",""SRC028"",""SRC031"",""SRC050"",""SRC053"",""SRC074"",""SRC091"",""SRC094""]"
ECO01030,PRO0341,serves,PRO0413,[],Участник веча оказывает услугу роли «Городской хозяин двора».,A,"[""SRC027"",""SRC028"",""SRC031"",""SRC050"",""SRC053"",""SRC074"",""SRC091"",""SRC094""]"
ECO01031,PRO0341,serves,PRO0254,[],Участник веча оказывает услугу роли «Крупный новгородский купец».,A,"[""SRC027"",""SRC028"",""SRC031"",""SRC050"",""SRC053"",""SRC074"",""SRC091"",""SRC094""]"
ECO01032,PRO0341,serves,PRO0463,[],Участник веча оказывает услугу роли «Иностранный посол».,A,"[""SRC027"",""SRC028"",""SRC031"",""SRC050"",""SRC053"",""SRC074"",""SRC091"",""SRC094""]"
ECO01033,PRO0341,serves,PRO0377,[],Участник веча оказывает услугу роли «Священник».,A,"[""SRC027"",""SRC028"",""SRC031"",""SRC050"",""SRC053"",""SRC074"",""SRC091"",""SRC094""]"
ECO01034,PRO0342,serves,PRO0413,[],Глашатай или созывающий людей оказывает услугу роли «Городской хозяин двора».,A,"[""SRC027"",""SRC028"",""SRC031"",""SRC050"",""SRC053"",""SRC074"",""SRC091"",""SRC094""]"
ECO01035,PRO0342,serves,PRO0254,[],Глашатай или созывающий людей оказывает услугу роли «Крупный новгородский купец».,A,"[""SRC027"",""SRC028"",""SRC031"",""SRC050"",""SRC053"",""SRC074"",""SRC091"",""SRC094""]"
ECO01036,PRO0342,serves,PRO0463,[],Глашатай или созывающий людей оказывает услугу роли «Иностранный посол».,B,"[""SRC027"",""SRC028"",""SRC031"",""SRC050"",""SRC053"",""SRC074"",""SRC091"",""SRC094""]"
ECO01037,PRO0342,serves,PRO0377,[],Глашатай или созывающий людей оказывает услугу роли «Священник».,A,"[""SRC027"",""SRC028"",""SRC031"",""SRC050"",""SRC053"",""SRC074"",""SRC091"",""SRC094""]"
ECO01038,PRO0343,serves,PRO0413,[],Княжеский муж / служилый человек оказывает услугу роли «Городской хозяин двора».,A,"[""SRC027"",""SRC028"",""SRC031"",""SRC050"",""SRC053"",""SRC074"",""SRC091"",""SRC094""]"
ECO01039,PRO0343,serves,PRO0254,[],Княжеский муж / служилый человек оказывает услугу роли «Крупный новгородский купец».,A,"[""SRC027"",""SRC028"",""SRC031"",""SRC050"",""SRC053"",""SRC074"",""SRC091"",""SRC094""]"
ECO01040,PRO0343,serves,PRO0463,[],Княжеский муж / служилый человек оказывает услугу роли «Иностранный посол».,B,"[""SRC027"",""SRC028"",""SRC031"",""SRC050"",""SRC053"",""SRC074"",""SRC091"",""SRC094""]"
ECO01041,PRO0343,serves,PRO0377,[],Княжеский муж / служилый человек оказывает услугу роли «Священник».,A,"[""SRC027"",""SRC028"",""SRC031"",""SRC050"",""SRC053"",""SRC074"",""SRC091"",""SRC094""]"
ECO01042,PRO0344,serves,PRO0413,[],Тиун оказывает услугу роли «Городской хозяин двора».,A,"[""SRC027"",""SRC028"",""SRC031"",""SRC050"",""SRC053"",""SRC074"",""SRC091"",""SRC094""]"
ECO01043,PRO0344,serves,PRO0254,[],Тиун оказывает услугу роли «Крупный новгородский купец».,A,"[""SRC027"",""SRC028"",""SRC031"",""SRC050"",""SRC053"",""SRC074"",""SRC091"",""SRC094""]"
ECO01044,PRO0344,serves,PRO0463,[],Тиун оказывает услугу роли «Иностранный посол».,B,"[""SRC027"",""SRC028"",""SRC031"",""SRC050"",""SRC053"",""SRC074"",""SRC091"",""SRC094""]"
ECO01045,PRO0344,serves,PRO0377,[],Тиун оказывает услугу роли «Священник».,A,"[""SRC027"",""SRC028"",""SRC031"",""SRC050"",""SRC053"",""SRC074"",""SRC091"",""SRC094""]"
ECO01046,PRO0345,serves,PRO0413,[],Ключник крупного хозяйства оказывает услугу роли «Городской хозяин двора».,A,"[""SRC027"",""SRC028"",""SRC031"",""SRC050"",""SRC053"",""SRC074"",""SRC091"",""SRC094""]"
ECO01047,PRO0345,serves,PRO0254,[],Ключник крупного хозяйства оказывает услугу роли «Крупный новгородский купец».,A,"[""SRC027"",""SRC028"",""SRC031"",""SRC050"",""SRC053"",""SRC074"",""SRC091"",""SRC094""]"
ECO01048,PRO0345,serves,PRO0463,[],Ключник крупного хозяйства оказывает услугу роли «Иностранный посол».,B,"[""SRC027"",""SRC028"",""SRC031"",""SRC050"",""SRC053"",""SRC074"",""SRC091"",""SRC094""]"
ECO01049,PRO0345,serves,PRO0377,[],Ключник крупного хозяйства оказывает услугу роли «Священник».,A,"[""SRC027"",""SRC028"",""SRC031"",""SRC050"",""SRC053"",""SRC074"",""SRC091"",""SRC094""]"
ECO01050,PRO0346,serves,PRO0413,[],Дворский / старший служитель двора оказывает услугу роли «Городской хозяин двора».,A,"[""SRC027"",""SRC028"",""SRC031"",""SRC050"",""SRC053"",""SRC074"",""SRC091"",""SRC094""]"
ECO01051,PRO0346,serves,PRO0254,[],Дворский / старший служитель двора оказывает услугу роли «Крупный новгородский купец».,A,"[""SRC027"",""SRC028"",""SRC031"",""SRC050"",""SRC053"",""SRC074"",""SRC091"",""SRC094""]"
ECO01052,PRO0346,serves,PRO0463,[],Дворский / старший служитель двора оказывает услугу роли «Иностранный посол».,B,"[""SRC027"",""SRC028"",""SRC031"",""SRC050"",""SRC053"",""SRC074"",""SRC091"",""SRC094""]"
ECO01053,PRO0346,serves,PRO0377,[],Дворский / старший служитель двора оказывает услугу роли «Священник».,A,"[""SRC027"",""SRC028"",""SRC031"",""SRC050"",""SRC053"",""SRC074"",""SRC091"",""SRC094""]"
ECO01054,PRO0347,serves,PRO0413,[],Подвойский оказывает услугу роли «Городской хозяин двора».,A,"[""SRC027"",""SRC028"",""SRC031"",""SRC050"",""SRC053"",""SRC074"",""SRC091"",""SRC094""]"
ECO01055,PRO0347,serves,PRO0254,[],Подвойский оказывает услугу роли «Крупный новгородский купец».,A,"[""SRC027"",""SRC028"",""SRC031"",""SRC050"",""SRC053"",""SRC074"",""SRC091"",""SRC094""]"
ECO01056,PRO0347,serves,PRO0463,[],Подвойский оказывает услугу роли «Иностранный посол».,A,"[""SRC027"",""SRC028"",""SRC031"",""SRC050"",""SRC053"",""SRC074"",""SRC091"",""SRC094""]"
ECO01057,PRO0347,serves,PRO0377,[],Подвойский оказывает услугу роли «Священник».,A,"[""SRC027"",""SRC028"",""SRC031"",""SRC050"",""SRC053"",""SRC074"",""SRC091"",""SRC094""]"
ECO01058,PRO0348,serves,PRO0413,[],Сборщик дани и натуральных платежей оказывает услугу роли «Городской хозяин двора».,A,"[""SRC027"",""SRC028"",""SRC031"",""SRC050"",""SRC053"",""SRC074"",""SRC091"",""SRC094""]"
ECO01059,PRO0348,serves,PRO0254,[],Сборщик дани и натуральных платежей оказывает услугу роли «Крупный новгородский купец».,A,"[""SRC027"",""SRC028"",""SRC031"",""SRC050"",""SRC053"",""SRC074"",""SRC091"",""SRC094""]"
ECO01060,PRO0348,serves,PRO0463,[],Сборщик дани и натуральных платежей оказывает услугу роли «Иностранный посол».,A,"[""SRC027"",""SRC028"",""SRC031"",""SRC050"",""SRC053"",""SRC074"",""SRC091"",""SRC094""]"
ECO01061,PRO0348,serves,PRO0377,[],Сборщик дани и натуральных платежей оказывает услугу роли «Священник».,A,"[""SRC027"",""SRC028"",""SRC031"",""SRC050"",""SRC053"",""SRC074"",""SRC091"",""SRC094""]"
ECO01062,PRO0349,serves,PRO0413,[],Сборщик податей и платежей оказывает услугу роли «Городской хозяин двора».,A,"[""SRC027"",""SRC028"",""SRC031"",""SRC050"",""SRC053"",""SRC074"",""SRC091"",""SRC094""]"
ECO01063,PRO0349,serves,PRO0254,[],Сборщик податей и платежей оказывает услугу роли «Крупный новгородский купец».,A,"[""SRC027"",""SRC028"",""SRC031"",""SRC050"",""SRC053"",""SRC074"",""SRC091"",""SRC094""]"
ECO01064,PRO0349,serves,PRO0463,[],Сборщик податей и платежей оказывает услугу роли «Иностранный посол».,B,"[""SRC027"",""SRC028"",""SRC031"",""SRC050"",""SRC053"",""SRC074"",""SRC091"",""SRC094""]"
ECO01065,PRO0349,serves,PRO0377,[],Сборщик податей и платежей оказывает услугу роли «Священник».,A,"[""SRC027"",""SRC028"",""SRC031"",""SRC050"",""SRC053"",""SRC074"",""SRC091"",""SRC094""]"
ECO01066,PRO0350,serves,PRO0413,[],Писец реестра дани оказывает услугу роли «Городской хозяин двора».,A,"[""SRC027"",""SRC028"",""SRC031"",""SRC050"",""SRC053"",""SRC074"",""SRC091"",""SRC094""]"
ECO01067,PRO0350,serves,PRO0254,[],Писец реестра дани оказывает услугу роли «Крупный новгородский купец».,A,"[""SRC027"",""SRC028"",""SRC031"",""SRC050"",""SRC053"",""SRC074"",""SRC091"",""SRC094""]"
ECO01068,PRO0350,serves,PRO0463,[],Писец реестра дани оказывает услугу роли «Иностранный посол».,B,"[""SRC027"",""SRC028"",""SRC031"",""SRC050"",""SRC053"",""SRC074"",""SRC091"",""SRC094""]"
ECO01069,PRO0350,serves,PRO0377,[],Писец реестра дани оказывает услугу роли «Священник».,A,"[""SRC027"",""SRC028"",""SRC031"",""SRC050"",""SRC053"",""SRC074"",""SRC091"",""SRC094""]"
ECO01070,PRO0351,serves,PRO0413,[],Участник суда или судебный представитель оказывает услугу роли «Городской хозяин двора».,A,"[""SRC027"",""SRC028"",""SRC031"",""SRC050"",""SRC053"",""SRC074"",""SRC091"",""SRC094""]"
ECO01071,PRO0351,serves,PRO0254,[],Участник суда или судебный представитель оказывает услугу роли «Крупный новгородский купец».,A,"[""SRC027"",""SRC028"",""SRC031"",""SRC050"",""SRC053"",""SRC074"",""SRC091"",""SRC094""]"
ECO01072,PRO0351,serves,PRO0463,[],Участник суда или судебный представитель оказывает услугу роли «Иностранный посол».,B,"[""SRC027"",""SRC028"",""SRC031"",""SRC050"",""SRC053"",""SRC074"",""SRC091"",""SRC094""]"
ECO01073,PRO0351,serves,PRO0377,[],Участник суда или судебный представитель оказывает услугу роли «Священник».,A,"[""SRC027"",""SRC028"",""SRC031"",""SRC050"",""SRC053"",""SRC074"",""SRC091"",""SRC094""]"
ECO01074,PRO0352,serves,PRO0413,[],Свидетель сделки или спора оказывает услугу роли «Городской хозяин двора».,A,"[""SRC027"",""SRC028"",""SRC031"",""SRC050"",""SRC053"",""SRC074"",""SRC091"",""SRC094""]"
ECO01075,PRO0352,serves,PRO0254,[],Свидетель сделки или спора оказывает услугу роли «Крупный новгородский купец».,A,"[""SRC027"",""SRC028"",""SRC031"",""SRC050"",""SRC053"",""SRC074"",""SRC091"",""SRC094""]"
ECO01076,PRO0352,serves,PRO0463,[],Свидетель сделки или спора оказывает услугу роли «Иностранный посол».,A,"[""SRC027"",""SRC028"",""SRC031"",""SRC050"",""SRC053"",""SRC074"",""SRC091"",""SRC094""]"
ECO01077,PRO0352,serves,PRO0377,[],Свидетель сделки или спора оказывает услугу роли «Священник».,A,"[""SRC027"",""SRC028"",""SRC031"",""SRC050"",""SRC053"",""SRC074"",""SRC091"",""SRC094""]"
ECO01078,PRO0353,serves,PRO0413,[],Поручитель оказывает услугу роли «Городской хозяин двора».,A,"[""SRC027"",""SRC028"",""SRC031"",""SRC050"",""SRC053"",""SRC074"",""SRC091"",""SRC094""]"
ECO01079,PRO0353,serves,PRO0254,[],Поручитель оказывает услугу роли «Крупный новгородский купец».,A,"[""SRC027"",""SRC028"",""SRC031"",""SRC050"",""SRC053"",""SRC074"",""SRC091"",""SRC094""]"
ECO01080,PRO0353,serves,PRO0463,[],Поручитель оказывает услугу роли «Иностранный посол».,B,"[""SRC027"",""SRC028"",""SRC031"",""SRC050"",""SRC053"",""SRC074"",""SRC091"",""SRC094""]"
ECO01081,PRO0353,serves,PRO0377,[],Поручитель оказывает услугу роли «Священник».,A,"[""SRC027"",""SRC028"",""SRC031"",""SRC050"",""SRC053"",""SRC074"",""SRC091"",""SRC094""]"
ECO01082,PRO0354,serves,PRO0413,[],Истец оказывает услугу роли «Городской хозяин двора».,A,"[""SRC027"",""SRC028"",""SRC031"",""SRC050"",""SRC053"",""SRC074"",""SRC091"",""SRC094""]"
ECO01083,PRO0354,serves,PRO0254,[],Истец оказывает услугу роли «Крупный новгородский купец».,A,"[""SRC027"",""SRC028"",""SRC031"",""SRC050"",""SRC053"",""SRC074"",""SRC091"",""SRC094""]"
ECO01084,PRO0354,serves,PRO0463,[],Истец оказывает услугу роли «Иностранный посол».,A,"[""SRC027"",""SRC028"",""SRC031"",""SRC050"",""SRC053"",""SRC074"",""SRC091"",""SRC094""]"
ECO01085,PRO0354,serves,PRO0377,[],Истец оказывает услугу роли «Священник».,A,"[""SRC027"",""SRC028"",""SRC031"",""SRC050"",""SRC053"",""SRC074"",""SRC091"",""SRC094""]"
ECO01086,PRO0355,serves,PRO0413,[],Ответчик оказывает услугу роли «Городской хозяин двора».,A,"[""SRC027"",""SRC028"",""SRC031"",""SRC050"",""SRC053"",""SRC074"",""SRC091"",""SRC094""]"
ECO01087,PRO0355,serves,PRO0254,[],Ответчик оказывает услугу роли «Крупный новгородский купец».,A,"[""SRC027"",""SRC028"",""SRC031"",""SRC050"",""SRC053"",""SRC074"",""SRC091"",""SRC094""]"
ECO01088,PRO0355,serves,PRO0463,[],Ответчик оказывает услугу роли «Иностранный посол».,A,"[""SRC027"",""SRC028"",""SRC031"",""SRC050"",""SRC053"",""SRC074"",""SRC091"",""SRC094""]"
ECO01089,PRO0355,serves,PRO0377,[],Ответчик оказывает услугу роли «Священник».,A,"[""SRC027"",""SRC028"",""SRC031"",""SRC050"",""SRC053"",""SRC074"",""SRC091"",""SRC094""]"
ECO01090,PRO0356,serves,PRO0413,[],Посол оказывает услугу роли «Городской хозяин двора».,A,"[""SRC027"",""SRC028"",""SRC031"",""SRC050"",""SRC053"",""SRC074"",""SRC091"",""SRC094""]"
ECO01091,PRO0356,serves,PRO0254,[],Посол оказывает услугу роли «Крупный новгородский купец».,A,"[""SRC027"",""SRC028"",""SRC031"",""SRC050"",""SRC053"",""SRC074"",""SRC091"",""SRC094""]"
ECO01092,PRO0356,serves,PRO0463,[],Посол оказывает услугу роли «Иностранный посол».,A,"[""SRC027"",""SRC028"",""SRC031"",""SRC050"",""SRC053"",""SRC074"",""SRC091"",""SRC094""]"
ECO01093,PRO0356,serves,PRO0377,[],Посол оказывает услугу роли «Священник».,A,"[""SRC027"",""SRC028"",""SRC031"",""SRC050"",""SRC053"",""SRC074"",""SRC091"",""SRC094""]"
ECO01094,PRO0357,serves,PRO0413,[],Участник посольства оказывает услугу роли «Городской хозяин двора».,A,"[""SRC027"",""SRC028"",""SRC031"",""SRC050"",""SRC053"",""SRC074"",""SRC091"",""SRC094""]"
ECO01095,PRO0357,serves,PRO0254,[],Участник посольства оказывает услугу роли «Крупный новгородский купец».,A,"[""SRC027"",""SRC028"",""SRC031"",""SRC050"",""SRC053"",""SRC074"",""SRC091"",""SRC094""]"
ECO01096,PRO0357,serves,PRO0463,[],Участник посольства оказывает услугу роли «Иностранный посол».,B,"[""SRC027"",""SRC028"",""SRC031"",""SRC050"",""SRC053"",""SRC074"",""SRC091"",""SRC094""]"
ECO01097,PRO0357,serves,PRO0377,[],Участник посольства оказывает услугу роли «Священник».,A,"[""SRC027"",""SRC028"",""SRC031"",""SRC050"",""SRC053"",""SRC074"",""SRC091"",""SRC094""]"
ECO01098,PRO0358,serves,PRO0413,[],Толмач при посольстве оказывает услугу роли «Городской хозяин двора».,A,"[""SRC027"",""SRC028"",""SRC031"",""SRC050"",""SRC053"",""SRC074"",""SRC091"",""SRC094""]"
ECO01099,PRO0358,serves,PRO0254,[],Толмач при посольстве оказывает услугу роли «Крупный новгородский купец».,A,"[""SRC027"",""SRC028"",""SRC031"",""SRC050"",""SRC053"",""SRC074"",""SRC091"",""SRC094""]"
ECO01100,PRO0358,serves,PRO0463,[],Толмач при посольстве оказывает услугу роли «Иностранный посол».,B,"[""SRC027"",""SRC028"",""SRC031"",""SRC050"",""SRC053"",""SRC074"",""SRC091"",""SRC094""]"
ECO01101,PRO0358,serves,PRO0377,[],Толмач при посольстве оказывает услугу роли «Священник».,A,"[""SRC027"",""SRC028"",""SRC031"",""SRC050"",""SRC053"",""SRC074"",""SRC091"",""SRC094""]"
ECO01102,PRO0359,serves,PRO0413,[],Хранитель или носитель печати оказывает услугу роли «Городской хозяин двора».,A,"[""SRC027"",""SRC028"",""SRC031"",""SRC050"",""SRC053"",""SRC074"",""SRC091"",""SRC094""]"
ECO01103,PRO0359,serves,PRO0254,[],Хранитель или носитель печати оказывает услугу роли «Крупный новгородский купец».,A,"[""SRC027"",""SRC028"",""SRC031"",""SRC050"",""SRC053"",""SRC074"",""SRC091"",""SRC094""]"
ECO01104,PRO0359,serves,PRO0463,[],Хранитель или носитель печати оказывает услугу роли «Иностранный посол».,B,"[""SRC027"",""SRC028"",""SRC031"",""SRC050"",""SRC053"",""SRC074"",""SRC091"",""SRC094""]"
ECO01105,PRO0359,serves,PRO0377,[],Хранитель или носитель печати оказывает услугу роли «Священник».,A,"[""SRC027"",""SRC028"",""SRC031"",""SRC050"",""SRC053"",""SRC074"",""SRC091"",""SRC094""]"
ECO01106,PRO0360,serves,PRO0413,[],Хранитель серебра и ценностей двора оказывает услугу роли «Городской хозяин двора».,A,"[""SRC027"",""SRC028"",""SRC031"",""SRC050"",""SRC053"",""SRC074"",""SRC091"",""SRC094""]"
ECO01107,PRO0360,serves,PRO0254,[],Хранитель серебра и ценностей двора оказывает услугу роли «Крупный новгородский купец».,A,"[""SRC027"",""SRC028"",""SRC031"",""SRC050"",""SRC053"",""SRC074"",""SRC091"",""SRC094""]"
ECO01108,PRO0360,serves,PRO0463,[],Хранитель серебра и ценностей двора оказывает услугу роли «Иностранный посол».,B,"[""SRC027"",""SRC028"",""SRC031"",""SRC050"",""SRC053"",""SRC074"",""SRC091"",""SRC094""]"
ECO01109,PRO0360,serves,PRO0377,[],Хранитель серебра и ценностей двора оказывает услугу роли «Священник».,A,"[""SRC027"",""SRC028"",""SRC031"",""SRC050"",""SRC053"",""SRC074"",""SRC091"",""SRC094""]"
ECO01110,PRO0361,serves,PRO0413,[],Объявляющий решение или известие оказывает услугу роли «Городской хозяин двора».,A,"[""SRC027"",""SRC028"",""SRC031"",""SRC050"",""SRC053"",""SRC074"",""SRC091"",""SRC094""]"
ECO01111,PRO0361,serves,PRO0254,[],Объявляющий решение или известие оказывает услугу роли «Крупный новгородский купец».,A,"[""SRC027"",""SRC028"",""SRC031"",""SRC050"",""SRC053"",""SRC074"",""SRC091"",""SRC094""]"
ECO01112,PRO0361,serves,PRO0463,[],Объявляющий решение или известие оказывает услугу роли «Иностранный посол».,B,"[""SRC027"",""SRC028"",""SRC031"",""SRC050"",""SRC053"",""SRC074"",""SRC091"",""SRC094""]"
ECO01113,PRO0361,serves,PRO0377,[],Объявляющий решение или известие оказывает услугу роли «Священник».,A,"[""SRC027"",""SRC028"",""SRC031"",""SRC050"",""SRC053"",""SRC074"",""SRC091"",""SRC094""]"
ECO01114,PRO0362,sells_to,PRO0254,"[""WRT0002"",""WRT0003""]",Пишущий деловое или личное письмо на бересте передаёт продукт роли «Крупный новгородский купец».,A,"[""SRC026"",""SRC027"",""SRC030"",""SRC068"",""SRC073"",""SRC081"",""SRC093"",""SRC095""]"
ECO01115,PRO0362,sells_to,PRO0336,"[""WRT0002"",""WRT0003""]",Пишущий деловое или личное письмо на бересте передаёт продукт роли «Посадник».,A,"[""SRC026"",""SRC027"",""SRC030"",""SRC068"",""SRC073"",""SRC081"",""SRC093"",""SRC095""]"
ECO01116,PRO0362,sells_to,PRO0413,"[""WRT0002"",""WRT0003""]",Пишущий деловое или личное письмо на бересте передаёт продукт роли «Городской хозяин двора».,A,"[""SRC026"",""SRC027"",""SRC030"",""SRC068"",""SRC073"",""SRC081"",""SRC093"",""SRC095""]"
ECO01117,PRO0362,sells_to,PRO0377,"[""WRT0002"",""WRT0003""]",Пишущий деловое или личное письмо на бересте передаёт продукт роли «Священник».,A,"[""SRC026"",""SRC027"",""SRC030"",""SRC068"",""SRC073"",""SRC081"",""SRC093"",""SRC095""]"
ECO01118,PRO0363,sells_to,PRO0254,"[""WRT0002""]",Писец передаёт продукт роли «Крупный новгородский купец».,A,"[""SRC026"",""SRC027"",""SRC030"",""SRC068"",""SRC073"",""SRC081"",""SRC093"",""SRC095""]"
ECO01119,PRO0363,sells_to,PRO0336,"[""WRT0002""]",Писец передаёт продукт роли «Посадник».,A,"[""SRC026"",""SRC027"",""SRC030"",""SRC068"",""SRC073"",""SRC081"",""SRC093"",""SRC095""]"
ECO01120,PRO0363,sells_to,PRO0413,"[""WRT0002""]",Писец передаёт продукт роли «Городской хозяин двора».,A,"[""SRC026"",""SRC027"",""SRC030"",""SRC068"",""SRC073"",""SRC081"",""SRC093"",""SRC095""]"
ECO01121,PRO0363,sells_to,PRO0377,"[""WRT0002""]",Писец передаёт продукт роли «Священник».,A,"[""SRC026"",""SRC027"",""SRC030"",""SRC068"",""SRC073"",""SRC081"",""SRC093"",""SRC095""]"
ECO01122,PRO0364,sells_to,PRO0254,"[""WRT0002"",""WRT0003""]",Составитель деловой грамоты передаёт продукт роли «Крупный новгородский купец».,A,"[""SRC026"",""SRC027"",""SRC030"",""SRC068"",""SRC073"",""SRC081"",""SRC093"",""SRC095""]"
ECO01123,PRO0364,sells_to,PRO0336,"[""WRT0002"",""WRT0003""]",Составитель деловой грамоты передаёт продукт роли «Посадник».,A,"[""SRC026"",""SRC027"",""SRC030"",""SRC068"",""SRC073"",""SRC081"",""SRC093"",""SRC095""]"
ECO01124,PRO0364,sells_to,PRO0413,"[""WRT0002"",""WRT0003""]",Составитель деловой грамоты передаёт продукт роли «Городской хозяин двора».,A,"[""SRC026"",""SRC027"",""SRC030"",""SRC068"",""SRC073"",""SRC081"",""SRC093"",""SRC095""]"
ECO01125,PRO0364,sells_to,PRO0377,"[""WRT0002"",""WRT0003""]",Составитель деловой грамоты передаёт продукт роли «Священник».,A,"[""SRC026"",""SRC027"",""SRC030"",""SRC068"",""SRC073"",""SRC081"",""SRC093"",""SRC095""]"
ECO01126,PRO0365,sells_to,PRO0413,[],"Учётчик долгов, товаров и платежей передаёт продукт роли «Городской хозяин двора».",A,"[""SRC027"",""SRC028"",""SRC029"",""SRC030"",""SRC050"",""SRC053"",""SRC072"",""SRC093""]"
ECO01127,PRO0365,sells_to,PRO0354,[],"Учётчик долгов, товаров и платежей передаёт продукт роли «Истец».",A,"[""SRC027"",""SRC028"",""SRC029"",""SRC030"",""SRC050"",""SRC053"",""SRC072"",""SRC093""]"
ECO01128,PRO0365,sells_to,PRO0303,[],"Учётчик долгов, товаров и платежей передаёт продукт роли «Хозяин или служитель двора иностранных купцов».",A,"[""SRC027"",""SRC028"",""SRC029"",""SRC030"",""SRC050"",""SRC053"",""SRC072"",""SRC093""]"
ECO01129,PRO0366,sells_to,PRO0254,"[""WRT0002"",""WRT0023""]",Церковный писец передаёт продукт роли «Крупный новгородский купец».,A,"[""SRC026"",""SRC027"",""SRC030"",""SRC068"",""SRC073"",""SRC081"",""SRC093"",""SRC095""]"
ECO01130,PRO0366,sells_to,PRO0336,"[""WRT0002"",""WRT0023""]",Церковный писец передаёт продукт роли «Посадник».,A,"[""SRC026"",""SRC027"",""SRC030"",""SRC068"",""SRC073"",""SRC081"",""SRC093"",""SRC095""]"
ECO01131,PRO0366,sells_to,PRO0413,"[""WRT0002"",""WRT0023""]",Церковный писец передаёт продукт роли «Городской хозяин двора».,A,"[""SRC026"",""SRC027"",""SRC030"",""SRC068"",""SRC073"",""SRC081"",""SRC093"",""SRC095""]"
ECO01132,PRO0366,sells_to,PRO0377,"[""WRT0002"",""WRT0023""]",Церковный писец передаёт продукт роли «Священник».,A,"[""SRC026"",""SRC027"",""SRC030"",""SRC068"",""SRC073"",""SRC081"",""SRC093"",""SRC095""]"
ECO01133,PRO0367,sells_to,PRO0254,"[""WRT0023""]",Переписчик книг передаёт продукт роли «Крупный новгородский купец».,A,"[""SRC026"",""SRC027"",""SRC030"",""SRC068"",""SRC073"",""SRC081"",""SRC093"",""SRC095""]"
ECO01134,PRO0367,sells_to,PRO0336,"[""WRT0023""]",Переписчик книг передаёт продукт роли «Посадник».,A,"[""SRC026"",""SRC027"",""SRC030"",""SRC068"",""SRC073"",""SRC081"",""SRC093"",""SRC095""]"
ECO01135,PRO0367,sells_to,PRO0413,"[""WRT0023""]",Переписчик книг передаёт продукт роли «Городской хозяин двора».,A,"[""SRC026"",""SRC027"",""SRC030"",""SRC068"",""SRC073"",""SRC081"",""SRC093"",""SRC095""]"
ECO01136,PRO0367,sells_to,PRO0377,"[""WRT0023""]",Переписчик книг передаёт продукт роли «Священник».,A,"[""SRC026"",""SRC027"",""SRC030"",""SRC068"",""SRC073"",""SRC081"",""SRC093"",""SRC095""]"
ECO01137,PRO0368,sells_to,PRO0254,"[""WRT0023"",""WRT0004""]",Подготовитель листов и книжных материалов передаёт продукт роли «Крупный новгородский купец».,A,"[""SRC026"",""SRC027"",""SRC030"",""SRC068"",""SRC073"",""SRC081"",""SRC093"",""SRC095""]"
ECO01138,PRO0368,sells_to,PRO0336,"[""WRT0023"",""WRT0004""]",Подготовитель листов и книжных материалов передаёт продукт роли «Посадник».,A,"[""SRC026"",""SRC027"",""SRC030"",""SRC068"",""SRC073"",""SRC081"",""SRC093"",""SRC095""]"
ECO01139,PRO0368,sells_to,PRO0413,"[""WRT0023"",""WRT0004""]",Подготовитель листов и книжных материалов передаёт продукт роли «Городской хозяин двора».,A,"[""SRC026"",""SRC027"",""SRC030"",""SRC068"",""SRC073"",""SRC081"",""SRC093"",""SRC095""]"
ECO01140,PRO0368,sells_to,PRO0377,"[""WRT0023"",""WRT0004""]",Подготовитель листов и книжных материалов передаёт продукт роли «Священник».,A,"[""SRC026"",""SRC027"",""SRC030"",""SRC068"",""SRC073"",""SRC081"",""SRC093"",""SRC095""]"
ECO01141,PRO0369,serves,PRO0372,[],Наставник по грамоте оказывает услугу роли «Ученик ремесленника».,A,"[""SRC027"",""SRC073"",""SRC081""]"
ECO01142,PRO0369,serves,PRO0373,[],Наставник по грамоте оказывает услугу роли «Ученик письму».,A,"[""SRC027"",""SRC073"",""SRC081""]"
ECO01143,PRO0369,serves,PRO0445,[],Наставник по грамоте оказывает услугу роли «Подросток 13–15 лет: ученик мастера».,A,"[""SRC027"",""SRC073"",""SRC081"",""SRC045""]"
ECO01144,PRO0370,serves,PRO0372,[],Церковный наставник ученика оказывает услугу роли «Ученик ремесленника».,A,"[""SRC027"",""SRC073"",""SRC081""]"
ECO01145,PRO0370,serves,PRO0373,[],Церковный наставник ученика оказывает услугу роли «Ученик письму».,A,"[""SRC027"",""SRC073"",""SRC081""]"
ECO01146,PRO0370,serves,PRO0445,[],Церковный наставник ученика оказывает услугу роли «Подросток 13–15 лет: ученик мастера».,A,"[""SRC027"",""SRC073"",""SRC081"",""SRC045""]"
ECO01147,PRO0371,serves,PRO0372,[],"Мастер, обучающий ученика ремеслу оказывает услугу роли «Ученик ремесленника».",A,"[""SRC027"",""SRC073"",""SRC081""]"
ECO01148,PRO0371,serves,PRO0373,[],"Мастер, обучающий ученика ремеслу оказывает услугу роли «Ученик письму».",A,"[""SRC027"",""SRC073"",""SRC081""]"
ECO01149,PRO0371,serves,PRO0445,[],"Мастер, обучающий ученика ремеслу оказывает услугу роли «Подросток 13–15 лет: ученик мастера».",A,"[""SRC027"",""SRC073"",""SRC081"",""SRC045""]"
ECO01150,PRO0372,serves,PRO0373,[],Ученик ремесленника оказывает услугу роли «Ученик письму».,A,"[""SRC027"",""SRC073"",""SRC081""]"
ECO01151,PRO0372,serves,PRO0445,[],Ученик ремесленника оказывает услугу роли «Подросток 13–15 лет: ученик мастера».,A,"[""SRC027"",""SRC073"",""SRC081"",""SRC045""]"
ECO01152,PRO0373,serves,PRO0372,[],Ученик письму оказывает услугу роли «Ученик ремесленника».,A,"[""SRC027"",""SRC073"",""SRC081""]"
ECO01153,PRO0373,serves,PRO0445,[],Ученик письму оказывает услугу роли «Подросток 13–15 лет: ученик мастера».,A,"[""SRC027"",""SRC073"",""SRC081"",""SRC045""]"
ECO01154,PRO0374,sells_to,PRO0254,[],Хранитель грамот и записей передаёт продукт роли «Крупный новгородский купец».,A,"[""SRC026"",""SRC027"",""SRC030"",""SRC068"",""SRC073"",""SRC081"",""SRC093"",""SRC095""]"
ECO01155,PRO0374,sells_to,PRO0336,[],Хранитель грамот и записей передаёт продукт роли «Посадник».,A,"[""SRC026"",""SRC027"",""SRC030"",""SRC068"",""SRC073"",""SRC081"",""SRC093"",""SRC095""]"
ECO01156,PRO0374,sells_to,PRO0413,[],Хранитель грамот и записей передаёт продукт роли «Городской хозяин двора».,A,"[""SRC026"",""SRC027"",""SRC030"",""SRC068"",""SRC073"",""SRC081"",""SRC093"",""SRC095""]"
ECO01157,PRO0374,sells_to,PRO0377,[],Хранитель грамот и записей передаёт продукт роли «Священник».,A,"[""SRC026"",""SRC027"",""SRC030"",""SRC068"",""SRC073"",""SRC081"",""SRC093"",""SRC095""]"
ECO01158,PRO0375,sells_to,PRO0254,[],Носитель берестяной грамоты передаёт продукт роли «Крупный новгородский купец».,A,"[""SRC026"",""SRC027"",""SRC030"",""SRC068"",""SRC073"",""SRC081"",""SRC093"",""SRC095""]"
ECO01159,PRO0375,sells_to,PRO0336,[],Носитель берестяной грамоты передаёт продукт роли «Посадник».,A,"[""SRC026"",""SRC027"",""SRC030"",""SRC068"",""SRC073"",""SRC081"",""SRC093"",""SRC095""]"
ECO01160,PRO0375,sells_to,PRO0413,[],Носитель берестяной грамоты передаёт продукт роли «Городской хозяин двора».,A,"[""SRC026"",""SRC027"",""SRC030"",""SRC068"",""SRC073"",""SRC081"",""SRC093"",""SRC095""]"
ECO01161,PRO0375,sells_to,PRO0377,[],Носитель берестяной грамоты передаёт продукт роли «Священник».,A,"[""SRC026"",""SRC027"",""SRC030"",""SRC068"",""SRC073"",""SRC081"",""SRC093"",""SRC095""]"
ECO01162,PRO0376,sells_to,PRO0254,"[""WRT0002"",""WRT0014""]",Работник с печатью и шнуром документа передаёт продукт роли «Крупный новгородский купец».,A,"[""SRC026"",""SRC027"",""SRC030"",""SRC068"",""SRC073"",""SRC081"",""SRC093"",""SRC095""]"
ECO01163,PRO0376,sells_to,PRO0336,"[""WRT0002"",""WRT0014""]",Работник с печатью и шнуром документа передаёт продукт роли «Посадник».,A,"[""SRC026"",""SRC027"",""SRC030"",""SRC068"",""SRC073"",""SRC081"",""SRC093"",""SRC095""]"
ECO01164,PRO0376,sells_to,PRO0413,"[""WRT0002"",""WRT0014""]",Работник с печатью и шнуром документа передаёт продукт роли «Городской хозяин двора».,A,"[""SRC026"",""SRC027"",""SRC030"",""SRC068"",""SRC073"",""SRC081"",""SRC093"",""SRC095""]"
ECO01165,PRO0376,sells_to,PRO0377,"[""WRT0002"",""WRT0014""]",Работник с печатью и шнуром документа передаёт продукт роли «Священник».,A,"[""SRC026"",""SRC027"",""SRC030"",""SRC068"",""SRC073"",""SRC081"",""SRC093"",""SRC095""]"
ECO01166,PRO0377,serves,PRO0413,[],Священник оказывает услугу роли «Городской хозяин двора».,A,"[""SRC017"",""SRC018"",""SRC020"",""SRC021"",""SRC022"",""SRC023"",""SRC031"",""SRC055""]"
ECO01167,PRO0377,serves,PRO0395,[],Священник оказывает услугу роли «Паломник».,A,"[""SRC017"",""SRC018"",""SRC020"",""SRC021"",""SRC022"",""SRC023"",""SRC031"",""SRC055""]"
ECO01168,PRO0377,serves,PRO0396,[],"Священник оказывает услугу роли «Нищий, просящий милостыню у церкви».",A,"[""SRC017"",""SRC018"",""SRC020"",""SRC021"",""SRC022"",""SRC023"",""SRC031"",""SRC055""]"
ECO01169,PRO0377,serves,PRO0383,[],Священник оказывает услугу роли «Монах».,A,"[""SRC017"",""SRC018"",""SRC020"",""SRC021"",""SRC022"",""SRC023"",""SRC031"",""SRC055""]"
ECO01170,PRO0378,serves,PRO0413,[],Дьякон оказывает услугу роли «Городской хозяин двора».,A,"[""SRC017"",""SRC018"",""SRC020"",""SRC021"",""SRC022"",""SRC023"",""SRC031"",""SRC055""]"
ECO01171,PRO0378,serves,PRO0395,[],Дьякон оказывает услугу роли «Паломник».,A,"[""SRC017"",""SRC018"",""SRC020"",""SRC021"",""SRC022"",""SRC023"",""SRC031"",""SRC055""]"
ECO01172,PRO0378,serves,PRO0396,[],"Дьякон оказывает услугу роли «Нищий, просящий милостыню у церкви».",A,"[""SRC017"",""SRC018"",""SRC020"",""SRC021"",""SRC022"",""SRC023"",""SRC031"",""SRC055""]"
ECO01173,PRO0378,serves,PRO0383,[],Дьякон оказывает услугу роли «Монах».,A,"[""SRC017"",""SRC018"",""SRC020"",""SRC021"",""SRC022"",""SRC023"",""SRC031"",""SRC055""]"
ECO01174,PRO0379,serves,PRO0413,[],Пономарь / служитель храма оказывает услугу роли «Городской хозяин двора».,A,"[""SRC017"",""SRC018"",""SRC020"",""SRC021"",""SRC022"",""SRC023"",""SRC031"",""SRC055""]"
ECO01175,PRO0379,serves,PRO0395,[],Пономарь / служитель храма оказывает услугу роли «Паломник».,B,"[""SRC017"",""SRC018"",""SRC020"",""SRC021"",""SRC022"",""SRC023"",""SRC031"",""SRC055""]"
ECO01176,PRO0379,serves,PRO0396,[],"Пономарь / служитель храма оказывает услугу роли «Нищий, просящий милостыню у церкви».",B,"[""SRC017"",""SRC018"",""SRC020"",""SRC021"",""SRC022"",""SRC023"",""SRC031"",""SRC055""]"
ECO01177,PRO0379,serves,PRO0383,[],Пономарь / служитель храма оказывает услугу роли «Монах».,A,"[""SRC017"",""SRC018"",""SRC020"",""SRC021"",""SRC022"",""SRC023"",""SRC031"",""SRC055""]"
ECO01178,PRO0380,serves,PRO0413,[],Звонарь оказывает услугу роли «Городской хозяин двора».,A,"[""SRC017"",""SRC018"",""SRC020"",""SRC021"",""SRC022"",""SRC023"",""SRC031"",""SRC055""]"
ECO01179,PRO0380,serves,PRO0395,[],Звонарь оказывает услугу роли «Паломник».,B,"[""SRC017"",""SRC018"",""SRC020"",""SRC021"",""SRC022"",""SRC023"",""SRC031"",""SRC055""]"
ECO01180,PRO0380,serves,PRO0396,[],"Звонарь оказывает услугу роли «Нищий, просящий милостыню у церкви».",B,"[""SRC017"",""SRC018"",""SRC020"",""SRC021"",""SRC022"",""SRC023"",""SRC031"",""SRC055""]"
ECO01181,PRO0380,serves,PRO0383,[],Звонарь оказывает услугу роли «Монах».,A,"[""SRC017"",""SRC018"",""SRC020"",""SRC021"",""SRC022"",""SRC023"",""SRC031"",""SRC055""]"
ECO01182,PRO0381,serves,PRO0413,[],Чтец при богослужении оказывает услугу роли «Городской хозяин двора».,A,"[""SRC017"",""SRC018"",""SRC020"",""SRC021"",""SRC022"",""SRC023"",""SRC031"",""SRC055""]"
ECO01183,PRO0381,serves,PRO0395,[],Чтец при богослужении оказывает услугу роли «Паломник».,B,"[""SRC017"",""SRC018"",""SRC020"",""SRC021"",""SRC022"",""SRC023"",""SRC031"",""SRC055""]"
ECO01184,PRO0381,serves,PRO0396,[],"Чтец при богослужении оказывает услугу роли «Нищий, просящий милостыню у церкви».",B,"[""SRC017"",""SRC018"",""SRC020"",""SRC021"",""SRC022"",""SRC023"",""SRC031"",""SRC055""]"
ECO01185,PRO0381,serves,PRO0383,[],Чтец при богослужении оказывает услугу роли «Монах».,A,"[""SRC017"",""SRC018"",""SRC020"",""SRC021"",""SRC022"",""SRC023"",""SRC031"",""SRC055""]"
ECO01186,PRO0382,serves,PRO0413,[],Певчий оказывает услугу роли «Городской хозяин двора».,A,"[""SRC017"",""SRC018"",""SRC020"",""SRC021"",""SRC022"",""SRC023"",""SRC031"",""SRC055""]"
ECO01187,PRO0382,serves,PRO0395,[],Певчий оказывает услугу роли «Паломник».,B,"[""SRC017"",""SRC018"",""SRC020"",""SRC021"",""SRC022"",""SRC023"",""SRC031"",""SRC055""]"
ECO01188,PRO0382,serves,PRO0396,[],"Певчий оказывает услугу роли «Нищий, просящий милостыню у церкви».",B,"[""SRC017"",""SRC018"",""SRC020"",""SRC021"",""SRC022"",""SRC023"",""SRC031"",""SRC055""]"
ECO01189,PRO0382,serves,PRO0383,[],Певчий оказывает услугу роли «Монах».,A,"[""SRC017"",""SRC018"",""SRC020"",""SRC021"",""SRC022"",""SRC023"",""SRC031"",""SRC055""]"
ECO01190,PRO0383,serves,PRO0413,[],Монах оказывает услугу роли «Городской хозяин двора».,A,"[""SRC017"",""SRC018"",""SRC020"",""SRC021"",""SRC022"",""SRC023"",""SRC031"",""SRC055""]"
ECO01191,PRO0383,serves,PRO0395,[],Монах оказывает услугу роли «Паломник».,A,"[""SRC017"",""SRC018"",""SRC020"",""SRC021"",""SRC022"",""SRC023"",""SRC031"",""SRC055""]"
ECO01192,PRO0383,serves,PRO0396,[],"Монах оказывает услугу роли «Нищий, просящий милостыню у церкви».",A,"[""SRC017"",""SRC018"",""SRC020"",""SRC021"",""SRC022"",""SRC023"",""SRC031"",""SRC055""]"
ECO01193,PRO0384,serves,PRO0413,[],Игумен оказывает услугу роли «Городской хозяин двора».,A,"[""SRC017"",""SRC018"",""SRC020"",""SRC021"",""SRC022"",""SRC023"",""SRC031"",""SRC055""]"
ECO01194,PRO0384,serves,PRO0395,[],Игумен оказывает услугу роли «Паломник».,A,"[""SRC017"",""SRC018"",""SRC020"",""SRC021"",""SRC022"",""SRC023"",""SRC031"",""SRC055""]"
ECO01195,PRO0384,serves,PRO0396,[],"Игумен оказывает услугу роли «Нищий, просящий милостыню у церкви».",A,"[""SRC017"",""SRC018"",""SRC020"",""SRC021"",""SRC022"",""SRC023"",""SRC031"",""SRC055""]"
ECO01196,PRO0384,serves,PRO0383,[],Игумен оказывает услугу роли «Монах».,A,"[""SRC017"",""SRC018"",""SRC020"",""SRC021"",""SRC022"",""SRC023"",""SRC031"",""SRC055""]"
ECO01197,PRO0385,sells_to,PRO0254,"[""WRT0023"",""WRT0004""]",Монах-переписчик передаёт продукт роли «Крупный новгородский купец».,A,"[""SRC026"",""SRC027"",""SRC030"",""SRC068"",""SRC073"",""SRC081"",""SRC093"",""SRC095""]"
ECO01198,PRO0385,sells_to,PRO0336,"[""WRT0023"",""WRT0004""]",Монах-переписчик передаёт продукт роли «Посадник».,A,"[""SRC026"",""SRC027"",""SRC030"",""SRC068"",""SRC073"",""SRC081"",""SRC093"",""SRC095""]"
ECO01199,PRO0385,sells_to,PRO0413,"[""WRT0023"",""WRT0004""]",Монах-переписчик передаёт продукт роли «Городской хозяин двора».,A,"[""SRC026"",""SRC027"",""SRC030"",""SRC068"",""SRC073"",""SRC081"",""SRC093"",""SRC095""]"
ECO01200,PRO0385,sells_to,PRO0377,"[""WRT0023"",""WRT0004""]",Монах-переписчик передаёт продукт роли «Священник».,A,"[""SRC026"",""SRC027"",""SRC030"",""SRC068"",""SRC073"",""SRC081"",""SRC093"",""SRC095""]"
ECO01201,PRO0386,serves,PRO0413,[],Хозяйственный служитель монастыря оказывает услугу роли «Городской хозяин двора».,A,"[""SRC017"",""SRC018"",""SRC020"",""SRC021"",""SRC022"",""SRC023"",""SRC031"",""SRC055""]"
ECO01202,PRO0386,serves,PRO0395,[],Хозяйственный служитель монастыря оказывает услугу роли «Паломник».,B,"[""SRC017"",""SRC018"",""SRC020"",""SRC021"",""SRC022"",""SRC023"",""SRC031"",""SRC055""]"
ECO01203,PRO0386,serves,PRO0396,[],"Хозяйственный служитель монастыря оказывает услугу роли «Нищий, просящий милостыню у церкви».",B,"[""SRC017"",""SRC018"",""SRC020"",""SRC021"",""SRC022"",""SRC023"",""SRC031"",""SRC055""]"
ECO01204,PRO0386,serves,PRO0383,[],Хозяйственный служитель монастыря оказывает услугу роли «Монах».,A,"[""SRC017"",""SRC018"",""SRC020"",""SRC021"",""SRC022"",""SRC023"",""SRC031"",""SRC055""]"
ECO01205,PRO0260,supplies,PRO0387,"[""FOD0052""]",Торговец зерном и мукой снабжает сырьём роль «Пекарь монастырского хозяйства».,A,"[""SRC027"",""SRC028"",""SRC029"",""SRC030"",""SRC050"",""SRC053"",""SRC072"",""SRC093""]"
ECO01206,PRO0139,supplies,PRO0387,"[""MSC0046""]",Заготовитель дров снабжает сырьём роль «Пекарь монастырского хозяйства».,A,"[""SRC005"",""SRC045"",""SRC046"",""SRC089"",""SRC102"",""SRC008"",""SRC044""]"
ECO01207,PRO0387,sells_to,PRO0413,"[""FOD0001"",""FOD0002"",""FOD0053""]",Пекарь монастырского хозяйства передаёт продукт роли «Городской хозяин двора».,A,"[""SRC008"",""SRC044"",""SRC045"",""SRC102"",""SRC001"",""SRC012"",""SRC028"",""SRC067""]"
ECO01208,PRO0387,sells_to,PRO0386,"[""FOD0001"",""FOD0002"",""FOD0053""]",Пекарь монастырского хозяйства передаёт продукт роли «Хозяйственный служитель монастыря».,B,"[""SRC008"",""SRC044"",""SRC045"",""SRC102"",""SRC017"",""SRC018"",""SRC020"",""SRC021""]"
ECO01209,PRO0388,sells_to,PRO0413,"[""FOD0040"",""FOD0041"",""FOD0044"",""FOD0045""]",Огородник монастырского хозяйства передаёт продукт роли «Городской хозяин двора».,A,"[""SRC028"",""SRC044"",""SRC045"",""SRC046"",""SRC047"",""SRC102"",""SRC001"",""SRC008""]"
ECO01210,PRO0388,sells_to,PRO0386,"[""FOD0040"",""FOD0041"",""FOD0044"",""FOD0045""]",Огородник монастырского хозяйства передаёт продукт роли «Хозяйственный служитель монастыря».,B,"[""SRC028"",""SRC044"",""SRC045"",""SRC046"",""SRC047"",""SRC102"",""SRC017"",""SRC018""]"
ECO01211,PRO0389,sells_to,PRO0093,"[""FOD0010""]",Рыбак монастырского хозяйства передаёт продукт роли «Рыбник / обработчик улова».,A,"[""SRC025"",""SRC028"",""SRC029"",""SRC094"",""SRC040"",""SRC045"",""SRC041"",""SRC042""]"
ECO01212,PRO0389,sells_to,PRO0413,"[""FOD0010"",""FOD0012"",""FOD0011""]",Рыбак монастырского хозяйства передаёт продукт роли «Городской хозяин двора».,A,"[""SRC025"",""SRC028"",""SRC029"",""SRC094"",""SRC040"",""SRC045"",""SRC001"",""SRC008""]"
ECO01213,PRO0389,sells_to,PRO0101,"[""FOD0010"",""FOD0012"",""FOD0011""]",Рыбак монастырского хозяйства передаёт продукт роли «Повар монастырского хозяйства».,B,"[""SRC025"",""SRC028"",""SRC029"",""SRC094"",""SRC040"",""SRC045"",""SRC041"",""SRC042""]"
ECO01214,PRO0138,supplies,PRO0390,"[""CON0034"",""CON0035""]",Лесоруб снабжает сырьём роль «Строительный работник монастыря».,A,"[""SRC005"",""SRC045"",""SRC046"",""SRC089"",""SRC102"",""SRC001"",""SRC003"",""SRC009""]"
ECO01215,PRO0390,sells_to,PRO0413,"[""ARC0020""]",Строительный работник монастыря передаёт продукт роли «Городской хозяин двора».,A,"[""SRC001"",""SRC003"",""SRC005"",""SRC009"",""SRC013"",""SRC078"",""SRC089"",""SRC102""]"
ECO01216,PRO0390,sells_to,PRO0254,"[""ARC0020""]",Строительный работник монастыря передаёт продукт роли «Крупный новгородский купец».,A,"[""SRC001"",""SRC003"",""SRC005"",""SRC009"",""SRC013"",""SRC078"",""SRC089"",""SRC102""]"
ECO01217,PRO0390,sells_to,PRO0384,"[""ARC0020""]",Строительный работник монастыря передаёт продукт роли «Игумен».,A,"[""SRC001"",""SRC003"",""SRC005"",""SRC009"",""SRC013"",""SRC078"",""SRC089"",""SRC102""]"
ECO01218,PRO0390,sells_to,PRO0336,"[""ARC0020""]",Строительный работник монастыря передаёт продукт роли «Посадник».,A,"[""SRC001"",""SRC003"",""SRC005"",""SRC009"",""SRC013"",""SRC078"",""SRC089"",""SRC102""]"
ECO01219,PRO0391,serves,PRO0413,[],Сторож монастырского имущества оказывает услугу роли «Городской хозяин двора».,A,"[""SRC017"",""SRC018"",""SRC020"",""SRC021"",""SRC022"",""SRC023"",""SRC031"",""SRC055""]"
ECO01220,PRO0391,serves,PRO0395,[],Сторож монастырского имущества оказывает услугу роли «Паломник».,B,"[""SRC017"",""SRC018"",""SRC020"",""SRC021"",""SRC022"",""SRC023"",""SRC031"",""SRC055""]"
ECO01221,PRO0391,serves,PRO0396,[],"Сторож монастырского имущества оказывает услугу роли «Нищий, просящий милостыню у церкви».",B,"[""SRC017"",""SRC018"",""SRC020"",""SRC021"",""SRC022"",""SRC023"",""SRC031"",""SRC055""]"
ECO01222,PRO0391,serves,PRO0383,[],Сторож монастырского имущества оказывает услугу роли «Монах».,A,"[""SRC017"",""SRC018"",""SRC020"",""SRC021"",""SRC022"",""SRC023"",""SRC031"",""SRC055""]"
ECO01223,PRO0392,serves,PRO0413,[],Служитель архиепископского двора оказывает услугу роли «Городской хозяин двора».,A,"[""SRC027"",""SRC028"",""SRC031"",""SRC050"",""SRC053"",""SRC074"",""SRC091"",""SRC094""]"
ECO01224,PRO0392,serves,PRO0254,[],Служитель архиепископского двора оказывает услугу роли «Крупный новгородский купец».,A,"[""SRC027"",""SRC028"",""SRC031"",""SRC050"",""SRC053"",""SRC074"",""SRC091"",""SRC094""]"
ECO01225,PRO0392,serves,PRO0463,[],Служитель архиепископского двора оказывает услугу роли «Иностранный посол».,B,"[""SRC027"",""SRC028"",""SRC031"",""SRC050"",""SRC053"",""SRC074"",""SRC091"",""SRC094""]"
ECO01226,PRO0392,serves,PRO0377,[],Служитель архиепископского двора оказывает услугу роли «Священник».,A,"[""SRC027"",""SRC028"",""SRC031"",""SRC050"",""SRC053"",""SRC074"",""SRC091"",""SRC094""]"
ECO01227,PRO0393,serves,PRO0413,[],Изготовитель и хранитель восковых свечей оказывает услугу роли «Городской хозяин двора».,A,"[""SRC017"",""SRC018"",""SRC020"",""SRC021"",""SRC022"",""SRC023"",""SRC031"",""SRC055""]"
ECO01228,PRO0393,serves,PRO0395,[],Изготовитель и хранитель восковых свечей оказывает услугу роли «Паломник».,B,"[""SRC017"",""SRC018"",""SRC020"",""SRC021"",""SRC022"",""SRC023"",""SRC031"",""SRC055""]"
ECO01229,PRO0393,serves,PRO0396,[],"Изготовитель и хранитель восковых свечей оказывает услугу роли «Нищий, просящий милостыню у церкви».",B,"[""SRC017"",""SRC018"",""SRC020"",""SRC021"",""SRC022"",""SRC023"",""SRC031"",""SRC055""]"
ECO01230,PRO0393,serves,PRO0383,[],Изготовитель и хранитель восковых свечей оказывает услугу роли «Монах».,A,"[""SRC017"",""SRC018"",""SRC020"",""SRC021"",""SRC022"",""SRC023"",""SRC031"",""SRC055""]"
ECO01231,PRO0081,supplies,PRO0394,"[""FOD0052""]",Мельник ручных жерновов снабжает сырьём роль «Изготовитель богослужебного хлеба».,B,"[""SRC044"",""SRC045"",""SRC046"",""SRC102"",""SRC008""]"
ECO01232,PRO0082,supplies,PRO0394,"[""FOD0052""]",Мельник водяной мельницы снабжает сырьём роль «Изготовитель богослужебного хлеба».,C,"[""SRC044"",""SRC045"",""SRC046"",""SRC102"",""SRC008""]"
ECO01233,PRO0260,supplies,PRO0394,"[""FOD0052""]",Торговец зерном и мукой снабжает сырьём роль «Изготовитель богослужебного хлеба».,A,"[""SRC027"",""SRC028"",""SRC029"",""SRC030"",""SRC050"",""SRC053"",""SRC072"",""SRC093""]"
ECO01234,PRO0139,supplies,PRO0394,"[""MSC0046""]",Заготовитель дров снабжает сырьём роль «Изготовитель богослужебного хлеба».,A,"[""SRC005"",""SRC045"",""SRC046"",""SRC089"",""SRC102"",""SRC008"",""SRC044""]"
ECO01235,PRO0394,sells_to,PRO0413,"[""FOD0001"",""FOD0002"",""FOD0053""]",Изготовитель богослужебного хлеба передаёт продукт роли «Городской хозяин двора».,A,"[""SRC008"",""SRC044"",""SRC045"",""SRC102"",""SRC001"",""SRC012"",""SRC028"",""SRC067""]"
ECO01236,PRO0394,sells_to,PRO0386,"[""FOD0001"",""FOD0002"",""FOD0053""]",Изготовитель богослужебного хлеба передаёт продукт роли «Хозяйственный служитель монастыря».,B,"[""SRC008"",""SRC044"",""SRC045"",""SRC102"",""SRC017"",""SRC018"",""SRC020"",""SRC021""]"
ECO01237,PRO0395,serves,PRO0413,[],Паломник оказывает услугу роли «Городской хозяин двора».,A,"[""SRC017"",""SRC018"",""SRC020"",""SRC021"",""SRC022"",""SRC023"",""SRC031"",""SRC055""]"
ECO01238,PRO0395,serves,PRO0396,[],"Паломник оказывает услугу роли «Нищий, просящий милостыню у церкви».",B,"[""SRC017"",""SRC018"",""SRC020"",""SRC021"",""SRC022"",""SRC023"",""SRC031"",""SRC055""]"
ECO01239,PRO0395,serves,PRO0383,[],Паломник оказывает услугу роли «Монах».,A,"[""SRC017"",""SRC018"",""SRC020"",""SRC021"",""SRC022"",""SRC023"",""SRC031"",""SRC055""]"
ECO01240,PRO0396,serves,PRO0466,[],"Нищий, просящий милостыню у церкви оказывает услугу роли «Голодающий проситель пищи».",A,"[""SRC031"",""SRC101""]"
ECO01241,PRO0396,serves,PRO0473,[],"Нищий, просящий милостыню у церкви оказывает услугу роли «Ухаживающий за истощённым».",B,"[""SRC031"",""SRC101"",""SRC008"",""SRC040"",""SRC045"",""SRC046"",""SRC102""]"
ECO01242,PRO0396,serves,PRO0476,[],"Нищий, просящий милостыню у церкви оказывает услугу роли «Копатель скудельницы / массового погребения».",A,"[""SRC031"",""SRC101""]"
ECO01243,PRO0387,supplies,PRO0397,"[""FOD0001""]",Пекарь монастырского хозяйства снабжает сырьём роль «Раздающий пищу или милостыню при церкви».,B,"[""SRC008"",""SRC044"",""SRC045"",""SRC102"",""SRC017"",""SRC018"",""SRC020"",""SRC021""]"
ECO01244,PRO0397,serves,PRO0413,[],Раздающий пищу или милостыню при церкви оказывает услугу роли «Городской хозяин двора».,A,"[""SRC017"",""SRC018"",""SRC020"",""SRC021"",""SRC022"",""SRC023"",""SRC031"",""SRC055""]"
ECO01245,PRO0397,serves,PRO0395,[],Раздающий пищу или милостыню при церкви оказывает услугу роли «Паломник».,B,"[""SRC017"",""SRC018"",""SRC020"",""SRC021"",""SRC022"",""SRC023"",""SRC031"",""SRC055""]"
ECO01246,PRO0397,serves,PRO0396,[],"Раздающий пищу или милостыню при церкви оказывает услугу роли «Нищий, просящий милостыню у церкви».",B,"[""SRC017"",""SRC018"",""SRC020"",""SRC021"",""SRC022"",""SRC023"",""SRC031"",""SRC055""]"
ECO01247,PRO0397,serves,PRO0383,[],Раздающий пищу или милостыню при церкви оказывает услугу роли «Монах».,A,"[""SRC017"",""SRC018"",""SRC020"",""SRC021"",""SRC022"",""SRC023"",""SRC031"",""SRC055""]"
ECO01248,PRO0398,serves,PRO0413,[],Могильщик оказывает услугу роли «Городской хозяин двора».,A,"[""SRC017"",""SRC018"",""SRC020"",""SRC021"",""SRC022"",""SRC023"",""SRC031"",""SRC055""]"
ECO01249,PRO0398,serves,PRO0395,[],Могильщик оказывает услугу роли «Паломник».,B,"[""SRC017"",""SRC018"",""SRC020"",""SRC021"",""SRC022"",""SRC023"",""SRC031"",""SRC055""]"
ECO01250,PRO0398,serves,PRO0396,[],"Могильщик оказывает услугу роли «Нищий, просящий милостыню у церкви».",B,"[""SRC017"",""SRC018"",""SRC020"",""SRC021"",""SRC022"",""SRC023"",""SRC031"",""SRC055""]"
ECO01251,PRO0398,serves,PRO0383,[],Могильщик оказывает услугу роли «Монах».,A,"[""SRC017"",""SRC018"",""SRC020"",""SRC021"",""SRC022"",""SRC023"",""SRC031"",""SRC055""]"
ECO01252,PRO0399,serves,PRO0413,[],Работник при погребении и кладбище оказывает услугу роли «Городской хозяин двора».,A,"[""SRC017"",""SRC018"",""SRC020"",""SRC021"",""SRC022"",""SRC023"",""SRC031"",""SRC055""]"
ECO01253,PRO0399,serves,PRO0395,[],Работник при погребении и кладбище оказывает услугу роли «Паломник».,B,"[""SRC017"",""SRC018"",""SRC020"",""SRC021"",""SRC022"",""SRC023"",""SRC031"",""SRC055""]"
ECO01254,PRO0399,serves,PRO0396,[],"Работник при погребении и кладбище оказывает услугу роли «Нищий, просящий милостыню у церкви».",B,"[""SRC017"",""SRC018"",""SRC020"",""SRC021"",""SRC022"",""SRC023"",""SRC031"",""SRC055""]"
ECO01255,PRO0399,serves,PRO0383,[],Работник при погребении и кладбище оказывает услугу роли «Монах».,A,"[""SRC017"",""SRC018"",""SRC020"",""SRC021"",""SRC022"",""SRC023"",""SRC031"",""SRC055""]"
ECO01256,PRO0400,serves,PRO0413,[],Повитуха оказывает услугу роли «Городской хозяин двора».,A,"[""SRC008"",""SRC040"",""SRC045"",""SRC046"",""SRC102"",""SRC001"",""SRC012"",""SRC028""]"
ECO01257,PRO0400,serves,PRO0306,[],Повитуха оказывает услугу роли «Княжеский дружинник».,A,"[""SRC008"",""SRC040"",""SRC045"",""SRC046"",""SRC102"",""SRC031"",""SRC034"",""SRC035""]"
ECO01258,PRO0400,serves,PRO0383,[],Повитуха оказывает услугу роли «Монах».,A,"[""SRC008"",""SRC040"",""SRC045"",""SRC046"",""SRC102"",""SRC017"",""SRC018"",""SRC020""]"
ECO01259,PRO0400,serves,PRO0473,[],Повитуха оказывает услугу роли «Ухаживающий за истощённым».,B,"[""SRC008"",""SRC040"",""SRC045"",""SRC046"",""SRC102"",""SRC101""]"
ECO01260,PRO0401,serves,PRO0413,[],Помощник семьи при родах оказывает услугу роли «Городской хозяин двора».,A,"[""SRC008"",""SRC040"",""SRC045"",""SRC046"",""SRC102"",""SRC001"",""SRC012"",""SRC028""]"
ECO01261,PRO0401,serves,PRO0306,[],Помощник семьи при родах оказывает услугу роли «Княжеский дружинник».,A,"[""SRC008"",""SRC040"",""SRC045"",""SRC046"",""SRC102"",""SRC031"",""SRC034"",""SRC035""]"
ECO01262,PRO0401,serves,PRO0383,[],Помощник семьи при родах оказывает услугу роли «Монах».,A,"[""SRC008"",""SRC040"",""SRC045"",""SRC046"",""SRC102"",""SRC017"",""SRC018"",""SRC020""]"
ECO01263,PRO0401,serves,PRO0473,[],Помощник семьи при родах оказывает услугу роли «Ухаживающий за истощённым».,B,"[""SRC008"",""SRC040"",""SRC045"",""SRC046"",""SRC102"",""SRC101""]"
ECO01264,PRO0136,supplies,PRO0402,"[""FOD0024""]",Сборщик пищевых и хозяйственных трав снабжает сырьём роль «Знающий бытовое применение трав».,C,"[""SRC005"",""SRC045"",""SRC046"",""SRC089"",""SRC102"",""SRC008"",""SRC040""]"
ECO01265,PRO0402,serves,PRO0413,[],Знающий бытовое применение трав оказывает услугу роли «Городской хозяин двора».,A,"[""SRC008"",""SRC040"",""SRC045"",""SRC046"",""SRC102"",""SRC001"",""SRC012"",""SRC028""]"
ECO01266,PRO0402,serves,PRO0306,[],Знающий бытовое применение трав оказывает услугу роли «Княжеский дружинник».,A,"[""SRC008"",""SRC040"",""SRC045"",""SRC046"",""SRC102"",""SRC031"",""SRC034"",""SRC035""]"
ECO01267,PRO0402,serves,PRO0383,[],Знающий бытовое применение трав оказывает услугу роли «Монах».,A,"[""SRC008"",""SRC040"",""SRC045"",""SRC046"",""SRC102"",""SRC017"",""SRC018"",""SRC020""]"
ECO01268,PRO0402,serves,PRO0473,[],Знающий бытовое применение трав оказывает услугу роли «Ухаживающий за истощённым».,B,"[""SRC008"",""SRC040"",""SRC045"",""SRC046"",""SRC102"",""SRC101""]"
ECO01269,PRO0136,supplies,PRO0403,"[""FOD0024""]","Сборщик пищевых и хозяйственных трав снабжает сырьём роль «Человек, промывающий и перевязывающий рану».",B,"[""SRC005"",""SRC045"",""SRC046"",""SRC089"",""SRC102"",""SRC008"",""SRC040""]"
ECO01270,PRO0403,serves,PRO0413,[],"Человек, промывающий и перевязывающий рану оказывает услугу роли «Городской хозяин двора».",A,"[""SRC008"",""SRC040"",""SRC045"",""SRC046"",""SRC102"",""SRC001"",""SRC012"",""SRC028""]"
ECO01271,PRO0403,serves,PRO0306,[],"Человек, промывающий и перевязывающий рану оказывает услугу роли «Княжеский дружинник».",A,"[""SRC008"",""SRC040"",""SRC045"",""SRC046"",""SRC102"",""SRC031"",""SRC034"",""SRC035""]"
ECO01272,PRO0403,serves,PRO0383,[],"Человек, промывающий и перевязывающий рану оказывает услугу роли «Монах».",A,"[""SRC008"",""SRC040"",""SRC045"",""SRC046"",""SRC102"",""SRC017"",""SRC018"",""SRC020""]"
ECO01273,PRO0403,serves,PRO0473,[],"Человек, промывающий и перевязывающий рану оказывает услугу роли «Ухаживающий за истощённым».",B,"[""SRC008"",""SRC040"",""SRC045"",""SRC046"",""SRC102"",""SRC101""]"
ECO01274,PRO0404,serves,PRO0413,[],Костоправ оказывает услугу роли «Городской хозяин двора».,A,"[""SRC008"",""SRC040"",""SRC045"",""SRC046"",""SRC102"",""SRC001"",""SRC012"",""SRC028""]"
ECO01275,PRO0404,serves,PRO0306,[],Костоправ оказывает услугу роли «Княжеский дружинник».,A,"[""SRC008"",""SRC040"",""SRC045"",""SRC046"",""SRC102"",""SRC031"",""SRC034"",""SRC035""]"
ECO01276,PRO0404,serves,PRO0383,[],Костоправ оказывает услугу роли «Монах».,A,"[""SRC008"",""SRC040"",""SRC045"",""SRC046"",""SRC102"",""SRC017"",""SRC018"",""SRC020""]"
ECO01277,PRO0404,serves,PRO0473,[],Костоправ оказывает услугу роли «Ухаживающий за истощённым».,B,"[""SRC008"",""SRC040"",""SRC045"",""SRC046"",""SRC102"",""SRC101""]"
ECO01278,PRO0099,supplies,PRO0405,"[""FOD0049""]","Человек, готовящий пищу для семьи снабжает сырьём роль «Ухаживающий за больным».",A,"[""SRC025"",""SRC040"",""SRC041"",""SRC042"",""SRC044"",""SRC045"",""SRC008"",""SRC046""]"
ECO01279,PRO0405,serves,PRO0413,[],Ухаживающий за больным оказывает услугу роли «Городской хозяин двора».,A,"[""SRC008"",""SRC040"",""SRC045"",""SRC046"",""SRC102"",""SRC001"",""SRC012"",""SRC028""]"
ECO01280,PRO0405,serves,PRO0306,[],Ухаживающий за больным оказывает услугу роли «Княжеский дружинник».,A,"[""SRC008"",""SRC040"",""SRC045"",""SRC046"",""SRC102"",""SRC031"",""SRC034"",""SRC035""]"
ECO01281,PRO0405,serves,PRO0383,[],Ухаживающий за больным оказывает услугу роли «Монах».,A,"[""SRC008"",""SRC040"",""SRC045"",""SRC046"",""SRC102"",""SRC017"",""SRC018"",""SRC020""]"
ECO01282,PRO0405,serves,PRO0473,[],Ухаживающий за больным оказывает услугу роли «Ухаживающий за истощённым».,A,"[""SRC008"",""SRC040"",""SRC045"",""SRC046"",""SRC102"",""SRC101""]"
ECO01283,PRO0099,supplies,PRO0406,"[""FOD0049""]","Человек, готовящий пищу для семьи снабжает сырьём роль «Родственник, ухаживающий за больным или слабым».",A,"[""SRC025"",""SRC040"",""SRC041"",""SRC042"",""SRC044"",""SRC045"",""SRC008"",""SRC046""]"
ECO01284,PRO0406,serves,PRO0413,[],"Родственник, ухаживающий за больным или слабым оказывает услугу роли «Городской хозяин двора».",A,"[""SRC008"",""SRC040"",""SRC045"",""SRC046"",""SRC102"",""SRC001"",""SRC012"",""SRC028""]"
ECO01285,PRO0406,serves,PRO0306,[],"Родственник, ухаживающий за больным или слабым оказывает услугу роли «Княжеский дружинник».",A,"[""SRC008"",""SRC040"",""SRC045"",""SRC046"",""SRC102"",""SRC031"",""SRC034"",""SRC035""]"
ECO01286,PRO0406,serves,PRO0383,[],"Родственник, ухаживающий за больным или слабым оказывает услугу роли «Монах».",A,"[""SRC008"",""SRC040"",""SRC045"",""SRC046"",""SRC102"",""SRC017"",""SRC018"",""SRC020""]"
ECO01287,PRO0406,serves,PRO0473,[],"Родственник, ухаживающий за больным или слабым оказывает услугу роли «Ухаживающий за истощённым».",A,"[""SRC008"",""SRC040"",""SRC045"",""SRC046"",""SRC102"",""SRC101""]"
ECO01288,PRO0407,serves,PRO0413,[],Хозяин или обслуживающий баню оказывает услугу роли «Городской хозяин двора».,A,"[""SRC008"",""SRC040"",""SRC045"",""SRC046"",""SRC102"",""SRC001"",""SRC012"",""SRC028""]"
ECO01289,PRO0407,serves,PRO0306,[],Хозяин или обслуживающий баню оказывает услугу роли «Княжеский дружинник».,A,"[""SRC008"",""SRC040"",""SRC045"",""SRC046"",""SRC102"",""SRC031"",""SRC034"",""SRC035""]"
ECO01290,PRO0407,serves,PRO0383,[],Хозяин или обслуживающий баню оказывает услугу роли «Монах».,A,"[""SRC008"",""SRC040"",""SRC045"",""SRC046"",""SRC102"",""SRC017"",""SRC018"",""SRC020""]"
ECO01291,PRO0407,serves,PRO0473,[],Хозяин или обслуживающий баню оказывает услугу роли «Ухаживающий за истощённым».,B,"[""SRC008"",""SRC040"",""SRC045"",""SRC046"",""SRC102"",""SRC101""]"
ECO01292,PRO0408,serves,PRO0413,[],Истопник бани оказывает услугу роли «Городской хозяин двора».,A,"[""SRC008"",""SRC040"",""SRC045"",""SRC046"",""SRC102"",""SRC001"",""SRC012"",""SRC028""]"
ECO01293,PRO0408,serves,PRO0306,[],Истопник бани оказывает услугу роли «Княжеский дружинник».,A,"[""SRC008"",""SRC040"",""SRC045"",""SRC046"",""SRC102"",""SRC031"",""SRC034"",""SRC035""]"
ECO01294,PRO0408,serves,PRO0383,[],Истопник бани оказывает услугу роли «Монах».,A,"[""SRC008"",""SRC040"",""SRC045"",""SRC046"",""SRC102"",""SRC017"",""SRC018"",""SRC020""]"
ECO01295,PRO0408,serves,PRO0473,[],Истопник бани оказывает услугу роли «Ухаживающий за истощённым».,B,"[""SRC008"",""SRC040"",""SRC045"",""SRC046"",""SRC102"",""SRC101""]"
ECO01296,PRO0409,serves,PRO0413,[],Водонос для бани оказывает услугу роли «Городской хозяин двора».,A,"[""SRC008"",""SRC040"",""SRC045"",""SRC046"",""SRC102"",""SRC001"",""SRC012"",""SRC028""]"
ECO01297,PRO0409,serves,PRO0306,[],Водонос для бани оказывает услугу роли «Княжеский дружинник».,A,"[""SRC008"",""SRC040"",""SRC045"",""SRC046"",""SRC102"",""SRC031"",""SRC034"",""SRC035""]"
ECO01298,PRO0409,serves,PRO0383,[],Водонос для бани оказывает услугу роли «Монах».,A,"[""SRC008"",""SRC040"",""SRC045"",""SRC046"",""SRC102"",""SRC017"",""SRC018"",""SRC020""]"
ECO01299,PRO0409,serves,PRO0473,[],Водонос для бани оказывает услугу роли «Ухаживающий за истощённым».,A,"[""SRC008"",""SRC040"",""SRC045"",""SRC046"",""SRC102"",""SRC101""]"
ECO01300,PRO0410,serves,PRO0413,[],Стирающий одежду и ткань оказывает услугу роли «Городской хозяин двора».,A,"[""SRC008"",""SRC040"",""SRC045"",""SRC046"",""SRC102"",""SRC001"",""SRC012"",""SRC028""]"
ECO01301,PRO0410,serves,PRO0306,[],Стирающий одежду и ткань оказывает услугу роли «Княжеский дружинник».,A,"[""SRC008"",""SRC040"",""SRC045"",""SRC046"",""SRC102"",""SRC031"",""SRC034"",""SRC035""]"
ECO01302,PRO0410,serves,PRO0383,[],Стирающий одежду и ткань оказывает услугу роли «Монах».,A,"[""SRC008"",""SRC040"",""SRC045"",""SRC046"",""SRC102"",""SRC017"",""SRC018"",""SRC020""]"
ECO01303,PRO0410,serves,PRO0473,[],Стирающий одежду и ткань оказывает услугу роли «Ухаживающий за истощённым».,A,"[""SRC008"",""SRC040"",""SRC045"",""SRC046"",""SRC102"",""SRC101""]"
ECO01304,PRO0411,serves,PRO0443,[],Водонос для дома оказывает услугу роли «Ребёнок 9–12 лет: начальное обучение ремеслу».,A,"[""SRC001"",""SRC008"",""SRC012"",""SRC028"",""SRC045"",""SRC067"",""SRC074"",""SRC097""]"
ECO01305,PRO0411,serves,PRO0436,[],Водонос для дома оказывает услугу роли «Пожилой родственник — советчик и хранитель опыта».,A,"[""SRC001"",""SRC008"",""SRC012"",""SRC028"",""SRC045"",""SRC067"",""SRC074"",""SRC097""]"
ECO01306,PRO0411,serves,PRO0258,[],Водонос для дома оказывает услугу роли «Рыночный продавец».,A,"[""SRC001"",""SRC008"",""SRC012"",""SRC028"",""SRC045"",""SRC067"",""SRC074"",""SRC097""]"
ECO01307,PRO0412,serves,PRO0413,[],Убирающий мусор и нечистоты двора оказывает услугу роли «Городской хозяин двора».,A,"[""SRC008"",""SRC040"",""SRC045"",""SRC046"",""SRC102"",""SRC001"",""SRC012"",""SRC028""]"
ECO01308,PRO0412,serves,PRO0306,[],Убирающий мусор и нечистоты двора оказывает услугу роли «Княжеский дружинник».,A,"[""SRC008"",""SRC040"",""SRC045"",""SRC046"",""SRC102"",""SRC031"",""SRC034"",""SRC035""]"
ECO01309,PRO0412,serves,PRO0383,[],Убирающий мусор и нечистоты двора оказывает услугу роли «Монах».,A,"[""SRC008"",""SRC040"",""SRC045"",""SRC046"",""SRC102"",""SRC017"",""SRC018"",""SRC020""]"
ECO01310,PRO0412,serves,PRO0473,[],Убирающий мусор и нечистоты двора оказывает услугу роли «Ухаживающий за истощённым».,B,"[""SRC008"",""SRC040"",""SRC045"",""SRC046"",""SRC102"",""SRC101""]"
ECO01311,PRO0413,serves,PRO0447,[],Городской хозяин двора оказывает услугу роли «Подросток 13–15 лет: носильщик лёгких грузов».,A,"[""SRC001"",""SRC008"",""SRC012"",""SRC028"",""SRC045"",""SRC067"",""SRC074"",""SRC097""]"
ECO01312,PRO0413,serves,PRO0436,[],Городской хозяин двора оказывает услугу роли «Пожилой родственник — советчик и хранитель опыта».,A,"[""SRC001"",""SRC008"",""SRC012"",""SRC028"",""SRC045"",""SRC067"",""SRC074"",""SRC097""]"
ECO01313,PRO0413,serves,PRO0258,[],Городской хозяин двора оказывает услугу роли «Рыночный продавец».,A,"[""SRC001"",""SRC008"",""SRC012"",""SRC028"",""SRC045"",""SRC067"",""SRC074"",""SRC097""]"
ECO01314,PRO0147,supplies,PRO0414,"[""FOD0051""]",Крестьянский хозяин с несколькими занятиями снабжает сырьём роль «Городская хозяйка двора».,A,"[""SRC028"",""SRC044"",""SRC045"",""SRC046"",""SRC047"",""SRC102"",""SRC001"",""SRC008""]"
ECO01315,PRO0139,supplies,PRO0414,"[""MSC0046""]",Заготовитель дров снабжает сырьём роль «Городская хозяйка двора».,A,"[""SRC005"",""SRC045"",""SRC046"",""SRC089"",""SRC102"",""SRC001"",""SRC008"",""SRC012""]"
ECO01316,PRO0414,serves,PRO0443,[],Городская хозяйка двора оказывает услугу роли «Ребёнок 9–12 лет: начальное обучение ремеслу».,A,"[""SRC001"",""SRC008"",""SRC012"",""SRC028"",""SRC045"",""SRC067"",""SRC074"",""SRC097""]"
ECO01317,PRO0414,serves,PRO0436,[],Городская хозяйка двора оказывает услугу роли «Пожилой родственник — советчик и хранитель опыта».,A,"[""SRC001"",""SRC008"",""SRC012"",""SRC028"",""SRC045"",""SRC067"",""SRC074"",""SRC097""]"
ECO01318,PRO0414,serves,PRO0258,[],Городская хозяйка двора оказывает услугу роли «Рыночный продавец».,A,"[""SRC001"",""SRC008"",""SRC012"",""SRC028"",""SRC045"",""SRC067"",""SRC074"",""SRC097""]"
ECO01319,PRO0415,serves,PRO0190,[],Владелец городской усадьбы оказывает услугу роли «Ребёнок-помощник на выпасе».,A,"[""SRC001"",""SRC008"",""SRC012"",""SRC028"",""SRC045"",""SRC067"",""SRC074"",""SRC097""]"
ECO01320,PRO0415,serves,PRO0436,[],Владелец городской усадьбы оказывает услугу роли «Пожилой родственник — советчик и хранитель опыта».,A,"[""SRC001"",""SRC008"",""SRC012"",""SRC028"",""SRC045"",""SRC067"",""SRC074"",""SRC097""]"
ECO01321,PRO0415,serves,PRO0258,[],Владелец городской усадьбы оказывает услугу роли «Рыночный продавец».,A,"[""SRC001"",""SRC008"",""SRC012"",""SRC028"",""SRC045"",""SRC067"",""SRC074"",""SRC097""]"
ECO01322,PRO0147,supplies,PRO0416,"[""FOD0051""]","Крестьянский хозяин с несколькими занятиями снабжает сырьём роль «Вдова, управляющая имуществом и долгами».",A,"[""SRC028"",""SRC044"",""SRC045"",""SRC046"",""SRC047"",""SRC102"",""SRC001"",""SRC008""]"
ECO01323,PRO0139,supplies,PRO0416,"[""MSC0046""]","Заготовитель дров снабжает сырьём роль «Вдова, управляющая имуществом и долгами».",A,"[""SRC005"",""SRC045"",""SRC046"",""SRC089"",""SRC102"",""SRC001"",""SRC008"",""SRC012""]"
ECO01324,PRO0416,serves,PRO0190,[],"Вдова, управляющая имуществом и долгами оказывает услугу роли «Ребёнок-помощник на выпасе».",A,"[""SRC001"",""SRC008"",""SRC012"",""SRC028"",""SRC045"",""SRC067"",""SRC074"",""SRC097""]"
ECO01325,PRO0416,serves,PRO0436,[],"Вдова, управляющая имуществом и долгами оказывает услугу роли «Пожилой родственник — советчик и хранитель опыта».",B,"[""SRC001"",""SRC008"",""SRC012"",""SRC028"",""SRC045"",""SRC067"",""SRC074"",""SRC097""]"
ECO01326,PRO0416,serves,PRO0258,[],"Вдова, управляющая имуществом и долгами оказывает услугу роли «Рыночный продавец».",A,"[""SRC001"",""SRC008"",""SRC012"",""SRC028"",""SRC045"",""SRC067"",""SRC074"",""SRC097""]"
ECO01327,PRO0417,sells_to,PRO0413,[],Женщина — участница торговли и расчётов передаёт продукт роли «Городской хозяин двора».,A,"[""SRC027"",""SRC028"",""SRC029"",""SRC030"",""SRC050"",""SRC053"",""SRC072"",""SRC093""]"
ECO01328,PRO0417,sells_to,PRO0341,[],Женщина — участница торговли и расчётов передаёт продукт роли «Участник веча».,A,"[""SRC027"",""SRC028"",""SRC029"",""SRC030"",""SRC050"",""SRC053"",""SRC072"",""SRC093""]"
ECO01329,PRO0417,sells_to,PRO0465,[],"Женщина — участница торговли и расчётов передаёт продукт роли «Хозяин, принимающий путников в дворовом хозяйстве».",A,"[""SRC027"",""SRC028"",""SRC029"",""SRC030"",""SRC050"",""SRC053"",""SRC072"",""SRC093""]"
ECO01330,PRO0418,sells_to,PRO0254,"[""WRT0002"",""WRT0003""]","Женщина, пишущая или диктующая письмо передаёт продукт роли «Крупный новгородский купец».",A,"[""SRC026"",""SRC027"",""SRC030"",""SRC068"",""SRC073"",""SRC081"",""SRC093"",""SRC095""]"
ECO01331,PRO0418,sells_to,PRO0336,"[""WRT0002"",""WRT0003""]","Женщина, пишущая или диктующая письмо передаёт продукт роли «Посадник».",A,"[""SRC026"",""SRC027"",""SRC030"",""SRC068"",""SRC073"",""SRC081"",""SRC093"",""SRC095""]"
ECO01332,PRO0418,sells_to,PRO0413,"[""WRT0002"",""WRT0003""]","Женщина, пишущая или диктующая письмо передаёт продукт роли «Городской хозяин двора».",A,"[""SRC026"",""SRC027"",""SRC030"",""SRC068"",""SRC073"",""SRC081"",""SRC093"",""SRC095""]"
ECO01333,PRO0418,sells_to,PRO0377,"[""WRT0002"",""WRT0003""]","Женщина, пишущая или диктующая письмо передаёт продукт роли «Священник».",A,"[""SRC026"",""SRC027"",""SRC030"",""SRC068"",""SRC073"",""SRC081"",""SRC093"",""SRC095""]"
ECO01334,PRO0420,serves,PRO0442,[],Домашний слуга оказывает услугу роли «Ребёнок 9–12 лет: помощник семьи».,A,"[""SRC001"",""SRC008"",""SRC012"",""SRC028"",""SRC045"",""SRC067"",""SRC074"",""SRC097""]"
ECO01335,PRO0420,serves,PRO0436,[],Домашний слуга оказывает услугу роли «Пожилой родственник — советчик и хранитель опыта».,B,"[""SRC001"",""SRC008"",""SRC012"",""SRC028"",""SRC045"",""SRC067"",""SRC074"",""SRC097""]"
ECO01336,PRO0420,serves,PRO0258,[],Домашний слуга оказывает услугу роли «Рыночный продавец».,A,"[""SRC001"",""SRC008"",""SRC012"",""SRC028"",""SRC045"",""SRC067"",""SRC074"",""SRC097""]"
ECO01337,PRO0421,serves,PRO0444,[],Домашняя служанка оказывает услугу роли «Ребёнок 9–12 лет: ученик письму».,A,"[""SRC001"",""SRC008"",""SRC012"",""SRC028"",""SRC045"",""SRC067"",""SRC074"",""SRC097""]"
ECO01338,PRO0421,serves,PRO0436,[],Домашняя служанка оказывает услугу роли «Пожилой родственник — советчик и хранитель опыта».,B,"[""SRC001"",""SRC008"",""SRC012"",""SRC028"",""SRC045"",""SRC067"",""SRC074"",""SRC097""]"
ECO01339,PRO0421,serves,PRO0258,[],Домашняя служанка оказывает услугу роли «Рыночный продавец».,A,"[""SRC001"",""SRC008"",""SRC012"",""SRC028"",""SRC045"",""SRC067"",""SRC074"",""SRC097""]"
ECO01340,PRO0260,supplies,PRO0422,"[""FOD0051"",""FOD0022""]",Торговец зерном и мукой снабжает сырьём роль «Кухонный помощник».,A,"[""SRC027"",""SRC028"",""SRC029"",""SRC030"",""SRC050"",""SRC053"",""SRC072"",""SRC093""]"
ECO01341,PRO0422,sells_to,PRO0413,"[""FOD0049""]",Кухонный помощник передаёт продукт роли «Городской хозяин двора».,A,"[""SRC025"",""SRC040"",""SRC041"",""SRC042"",""SRC044"",""SRC045"",""SRC001"",""SRC008""]"
ECO01342,PRO0422,sells_to,PRO0318,"[""FOD0049""]",Кухонный помощник передаёт продукт роли «Возчик военного обоза».,B,"[""SRC025"",""SRC040"",""SRC041"",""SRC042"",""SRC044"",""SRC045"",""SRC031"",""SRC034""]"
ECO01343,PRO0422,sells_to,PRO0386,"[""FOD0049""]",Кухонный помощник передаёт продукт роли «Хозяйственный служитель монастыря».,B,"[""SRC025"",""SRC040"",""SRC041"",""SRC042"",""SRC044"",""SRC045"",""SRC017"",""SRC018""]"
ECO01344,PRO0423,serves,PRO0441,[],Присматривающий за ребёнком оказывает услугу роли «Ребёнок 5–8 лет: лёгкие поручения».,A,"[""SRC001"",""SRC008"",""SRC012"",""SRC028"",""SRC045"",""SRC067"",""SRC074"",""SRC097""]"
ECO01345,PRO0423,serves,PRO0436,[],Присматривающий за ребёнком оказывает услугу роли «Пожилой родственник — советчик и хранитель опыта».,A,"[""SRC001"",""SRC008"",""SRC012"",""SRC028"",""SRC045"",""SRC067"",""SRC074"",""SRC097""]"
ECO01346,PRO0423,serves,PRO0258,[],Присматривающий за ребёнком оказывает услугу роли «Рыночный продавец».,A,"[""SRC001"",""SRC008"",""SRC012"",""SRC028"",""SRC045"",""SRC067"",""SRC074"",""SRC097""]"
ECO01347,PRO0424,serves,PRO0446,[],Кормилица оказывает услугу роли «Подросток 13–15 лет: помощник на поле».,A,"[""SRC001"",""SRC008"",""SRC012"",""SRC028"",""SRC045"",""SRC067"",""SRC074"",""SRC097""]"
ECO01348,PRO0424,serves,PRO0436,[],Кормилица оказывает услугу роли «Пожилой родственник — советчик и хранитель опыта».,B,"[""SRC001"",""SRC008"",""SRC012"",""SRC028"",""SRC045"",""SRC067"",""SRC074"",""SRC097""]"
ECO01349,PRO0424,serves,PRO0258,[],Кормилица оказывает услугу роли «Рыночный продавец».,A,"[""SRC001"",""SRC008"",""SRC012"",""SRC028"",""SRC045"",""SRC067"",""SRC074"",""SRC097""]"
ECO01350,PRO0425,serves,PRO0444,[],Хранитель домашних запасов оказывает услугу роли «Ребёнок 9–12 лет: ученик письму».,A,"[""SRC001"",""SRC008"",""SRC012"",""SRC028"",""SRC045"",""SRC067"",""SRC074"",""SRC097""]"
ECO01351,PRO0425,serves,PRO0436,[],Хранитель домашних запасов оказывает услугу роли «Пожилой родственник — советчик и хранитель опыта».,A,"[""SRC001"",""SRC008"",""SRC012"",""SRC028"",""SRC045"",""SRC067"",""SRC074"",""SRC097""]"
ECO01352,PRO0425,serves,PRO0258,[],Хранитель домашних запасов оказывает услугу роли «Рыночный продавец».,A,"[""SRC001"",""SRC008"",""SRC012"",""SRC028"",""SRC045"",""SRC067"",""SRC074"",""SRC097""]"
ECO01353,PRO0426,sells_to,PRO0413,"[""FOD0040"",""FOD0041"",""FOD0044"",""FOD0045""]",Работник домашнего огорода передаёт продукт роли «Городской хозяин двора».,A,"[""SRC028"",""SRC044"",""SRC045"",""SRC046"",""SRC047"",""SRC102"",""SRC001"",""SRC008""]"
ECO01354,PRO0426,sells_to,PRO0386,"[""FOD0040"",""FOD0041"",""FOD0044"",""FOD0045""]",Работник домашнего огорода передаёт продукт роли «Хозяйственный служитель монастыря».,A,"[""SRC028"",""SRC044"",""SRC045"",""SRC046"",""SRC047"",""SRC102"",""SRC017"",""SRC018""]"
ECO01355,PRO0059,supplies,PRO0427,"[""CRF0034""]","Обработчик льна, конопли и шерсти снабжает сырьём роль «Домашний работник по прядению и шитью».",A,"[""SRC001"",""SRC008"",""SRC045"",""SRC089""]"
ECO01356,PRO0185,supplies,PRO0427,"[""CRF0034""]",Сортировщик и подготовитель шерсти снабжает сырьём роль «Домашний работник по прядению и шитью».,A,"[""SRC001"",""SRC008"",""SRC045"",""SRC089""]"
ECO01357,PRO0427,sells_to,PRO0063,"[""CRF0108""]",Домашний работник по прядению и шитью передаёт продукт роли «Портной / швец одежды».,A,"[""SRC001"",""SRC008"",""SRC045"",""SRC089""]"
ECO01358,PRO0427,sells_to,PRO0068,"[""CRF0108""]",Домашний работник по прядению и шитью передаёт продукт роли «Мастер парусов и парусного полотна».,A,"[""SRC001"",""SRC008"",""SRC045"",""SRC089""]"
ECO01359,PRO0138,supplies,PRO0428,"[""CON0035""]","Лесоруб снабжает сырьём роль «Человек, выполняющий мелкий ремонт дома и утвари».",A,"[""SRC005"",""SRC045"",""SRC046"",""SRC089"",""SRC102"",""SRC001"",""SRC006"",""SRC008""]"
ECO01360,PRO0428,sells_to,PRO0413,[],"Человек, выполняющий мелкий ремонт дома и утвари передаёт продукт роли «Городской хозяин двора».",A,"[""SRC001"",""SRC005"",""SRC006"",""SRC008"",""SRC089"",""SRC012"",""SRC028"",""SRC045""]"
ECO01361,PRO0428,sells_to,PRO0399,[],"Человек, выполняющий мелкий ремонт дома и утвари передаёт продукт роли «Работник при погребении и кладбище».",A,"[""SRC001"",""SRC005"",""SRC006"",""SRC008"",""SRC089"",""SRC017"",""SRC018"",""SRC020""]"
ECO01362,PRO0155,supplies,PRO0429,"[""AGR0014"",""AGR0015""]",Сенокосец и собиратель сена снабжает сырьём роль «Ухаживающий за дворовыми животными».,A,"[""SRC028"",""SRC044"",""SRC045"",""SRC046"",""SRC047"",""SRC102"",""SRC040"",""SRC041""]"
ECO01363,PRO0430,serves,PRO0413,[],Холоп оказывает услугу роли «Городской хозяин двора».,A,"[""SRC027"",""SRC045"",""SRC092"",""SRC001"",""SRC008"",""SRC012"",""SRC028"",""SRC067""]"
ECO01364,PRO0430,serves,PRO0255,[],Холоп оказывает услугу роли «Средний городской торговец».,A,"[""SRC027"",""SRC045"",""SRC092"",""SRC028"",""SRC029"",""SRC030"",""SRC050"",""SRC053""]"
ECO01365,PRO0430,serves,PRO0193,[],Холоп оказывает услугу роли «Старший мастер деревянной стройки».,A,"[""SRC027"",""SRC045"",""SRC092"",""SRC001"",""SRC003"",""SRC005"",""SRC009"",""SRC013""]"
ECO01366,PRO0431,serves,PRO0413,[],Челядь / зависимый член хозяйства оказывает услугу роли «Городской хозяин двора».,A,"[""SRC027"",""SRC045"",""SRC092"",""SRC001"",""SRC008"",""SRC012"",""SRC028"",""SRC067""]"
ECO01367,PRO0431,serves,PRO0255,[],Челядь / зависимый член хозяйства оказывает услугу роли «Средний городской торговец».,B,"[""SRC027"",""SRC045"",""SRC092"",""SRC028"",""SRC029"",""SRC030"",""SRC050"",""SRC053""]"
ECO01368,PRO0431,serves,PRO0193,[],Челядь / зависимый член хозяйства оказывает услугу роли «Старший мастер деревянной стройки».,B,"[""SRC027"",""SRC045"",""SRC092"",""SRC001"",""SRC003"",""SRC005"",""SRC009"",""SRC013""]"
ECO01369,PRO0432,serves,PRO0413,[],Наёмный работник оказывает услугу роли «Городской хозяин двора».,A,"[""SRC027"",""SRC045"",""SRC092"",""SRC001"",""SRC008"",""SRC012"",""SRC028"",""SRC067""]"
ECO01370,PRO0432,serves,PRO0255,[],Наёмный работник оказывает услугу роли «Средний городской торговец».,A,"[""SRC027"",""SRC045"",""SRC092"",""SRC028"",""SRC029"",""SRC030"",""SRC050"",""SRC053""]"
ECO01371,PRO0432,serves,PRO0193,[],Наёмный работник оказывает услугу роли «Старший мастер деревянной стройки».,A,"[""SRC027"",""SRC045"",""SRC092"",""SRC001"",""SRC003"",""SRC005"",""SRC009"",""SRC013""]"
ECO01372,PRO0433,serves,PRO0413,[],Подёнщик оказывает услугу роли «Городской хозяин двора».,A,"[""SRC027"",""SRC045"",""SRC092"",""SRC001"",""SRC008"",""SRC012"",""SRC028"",""SRC067""]"
ECO01373,PRO0433,serves,PRO0255,[],Подёнщик оказывает услугу роли «Средний городской торговец».,B,"[""SRC027"",""SRC045"",""SRC092"",""SRC028"",""SRC029"",""SRC030"",""SRC050"",""SRC053""]"
ECO01374,PRO0433,serves,PRO0193,[],Подёнщик оказывает услугу роли «Старший мастер деревянной стройки».,B,"[""SRC027"",""SRC045"",""SRC092"",""SRC001"",""SRC003"",""SRC005"",""SRC009"",""SRC013""]"
ECO01375,PRO0434,serves,PRO0413,[],Сезонный помощник хозяйства оказывает услугу роли «Городской хозяин двора».,A,"[""SRC027"",""SRC045"",""SRC092"",""SRC001"",""SRC008"",""SRC012"",""SRC028"",""SRC067""]"
ECO01376,PRO0434,serves,PRO0255,[],Сезонный помощник хозяйства оказывает услугу роли «Средний городской торговец».,A,"[""SRC027"",""SRC045"",""SRC092"",""SRC028"",""SRC029"",""SRC030"",""SRC050"",""SRC053""]"
ECO01377,PRO0434,serves,PRO0193,[],Сезонный помощник хозяйства оказывает услугу роли «Старший мастер деревянной стройки».,A,"[""SRC027"",""SRC045"",""SRC092"",""SRC001"",""SRC003"",""SRC005"",""SRC009"",""SRC013""]"
ECO01378,PRO0435,serves,PRO0413,[],Помощник мастера оказывает услугу роли «Городской хозяин двора».,A,"[""SRC027"",""SRC045"",""SRC092"",""SRC001"",""SRC008"",""SRC012"",""SRC028"",""SRC067""]"
ECO01379,PRO0435,serves,PRO0255,[],Помощник мастера оказывает услугу роли «Средний городской торговец».,A,"[""SRC027"",""SRC045"",""SRC092"",""SRC028"",""SRC029"",""SRC030"",""SRC050"",""SRC053""]"
ECO01380,PRO0435,serves,PRO0193,[],Помощник мастера оказывает услугу роли «Старший мастер деревянной стройки».,A,"[""SRC027"",""SRC045"",""SRC092"",""SRC001"",""SRC003"",""SRC005"",""SRC009"",""SRC013""]"
ECO01381,PRO0147,supplies,PRO0436,"[""FOD0051""]",Крестьянский хозяин с несколькими занятиями снабжает сырьём роль «Пожилой родственник — советчик и хранитель опыта».,A,"[""SRC028"",""SRC044"",""SRC045"",""SRC046"",""SRC047"",""SRC102"",""SRC001"",""SRC008""]"
ECO01382,PRO0139,supplies,PRO0436,"[""MSC0046""]",Заготовитель дров снабжает сырьём роль «Пожилой родственник — советчик и хранитель опыта».,A,"[""SRC005"",""SRC045"",""SRC046"",""SRC089"",""SRC102"",""SRC001"",""SRC008"",""SRC012""]"
ECO01383,PRO0436,serves,PRO0444,[],Пожилой родственник — советчик и хранитель опыта оказывает услугу роли «Ребёнок 9–12 лет: ученик письму».,A,"[""SRC001"",""SRC008"",""SRC012"",""SRC028"",""SRC045"",""SRC067"",""SRC074"",""SRC097""]"
ECO01384,PRO0436,serves,PRO0258,[],Пожилой родственник — советчик и хранитель опыта оказывает услугу роли «Рыночный продавец».,A,"[""SRC001"",""SRC008"",""SRC012"",""SRC028"",""SRC045"",""SRC067"",""SRC074"",""SRC097""]"
ECO01385,PRO0138,supplies,PRO0437,"[""CON0034"",""CON0035""]","Лесоруб снабжает сырьём роль «Пожилой человек, выполняющий лёгкое ремесло».",A,"[""SRC005"",""SRC045"",""SRC046"",""SRC089"",""SRC102"",""SRC001"",""SRC006"",""SRC008""]"
ECO01386,PRO0437,sells_to,PRO0413,"[""POT0002"",""HOU0010"",""HOU0043""]","Пожилой человек, выполняющий лёгкое ремесло передаёт продукт роли «Городской хозяин двора».",A,"[""SRC001"",""SRC005"",""SRC006"",""SRC008"",""SRC089"",""SRC012"",""SRC028"",""SRC045""]"
ECO01387,PRO0437,sells_to,PRO0394,"[""POT0002"",""HOU0010"",""HOU0043""]","Пожилой человек, выполняющий лёгкое ремесло передаёт продукт роли «Изготовитель богослужебного хлеба».",B,"[""SRC001"",""SRC005"",""SRC006"",""SRC008"",""SRC089"",""SRC044"",""SRC045"",""SRC102""]"
ECO01388,PRO0438,sells_to,PRO0413,[],Пожилой мелкий продавец передаёт продукт роли «Городской хозяин двора».,A,"[""SRC027"",""SRC028"",""SRC029"",""SRC030"",""SRC050"",""SRC053"",""SRC072"",""SRC093""]"
ECO01389,PRO0438,sells_to,PRO0351,[],Пожилой мелкий продавец передаёт продукт роли «Участник суда или судебный представитель».,B,"[""SRC027"",""SRC028"",""SRC029"",""SRC030"",""SRC050"",""SRC053"",""SRC072"",""SRC093""]"
ECO01390,PRO0438,sells_to,PRO0304,[],Пожилой мелкий продавец передаёт продукт роли «Толмач при торговле».,B,"[""SRC027"",""SRC028"",""SRC029"",""SRC030"",""SRC050"",""SRC053"",""SRC072"",""SRC093""]"
ECO01391,PRO0439,serves,PRO0190,[],"Пожилой родственник, присматривающий за детьми оказывает услугу роли «Ребёнок-помощник на выпасе».",A,"[""SRC001"",""SRC008"",""SRC012"",""SRC028"",""SRC045"",""SRC067"",""SRC074"",""SRC097""]"
ECO01392,PRO0439,serves,PRO0436,[],"Пожилой родственник, присматривающий за детьми оказывает услугу роли «Пожилой родственник — советчик и хранитель опыта».",B,"[""SRC001"",""SRC008"",""SRC012"",""SRC028"",""SRC045"",""SRC067"",""SRC074"",""SRC097""]"
ECO01393,PRO0439,serves,PRO0258,[],"Пожилой родственник, присматривающий за детьми оказывает услугу роли «Рыночный продавец».",A,"[""SRC001"",""SRC008"",""SRC012"",""SRC028"",""SRC045"",""SRC067"",""SRC074"",""SRC097""]"
ECO01394,PRO0440,serves,PRO0413,[],Ребёнок 5–8 лет: игра и наблюдение за взрослыми оказывает услугу роли «Городской хозяин двора».,A,"[""SRC027"",""SRC073"",""SRC081"",""SRC045"",""SRC001"",""SRC008"",""SRC012"",""SRC028""]"
ECO01395,PRO0440,serves,PRO0371,[],"Ребёнок 5–8 лет: игра и наблюдение за взрослыми оказывает услугу роли «Мастер, обучающий ученика ремеслу».",A,"[""SRC027"",""SRC073"",""SRC081"",""SRC045""]"
ECO01396,PRO0441,serves,PRO0413,[],Ребёнок 5–8 лет: лёгкие поручения оказывает услугу роли «Городской хозяин двора».,A,"[""SRC027"",""SRC073"",""SRC081"",""SRC045"",""SRC001"",""SRC008"",""SRC012"",""SRC028""]"
ECO01397,PRO0441,serves,PRO0371,[],"Ребёнок 5–8 лет: лёгкие поручения оказывает услугу роли «Мастер, обучающий ученика ремеслу».",A,"[""SRC027"",""SRC073"",""SRC081"",""SRC045""]"
ECO01398,PRO0442,serves,PRO0413,[],Ребёнок 9–12 лет: помощник семьи оказывает услугу роли «Городской хозяин двора».,A,"[""SRC027"",""SRC073"",""SRC081"",""SRC045"",""SRC001"",""SRC008"",""SRC012"",""SRC028""]"
ECO01399,PRO0442,serves,PRO0371,[],"Ребёнок 9–12 лет: помощник семьи оказывает услугу роли «Мастер, обучающий ученика ремеслу».",A,"[""SRC027"",""SRC073"",""SRC081"",""SRC045""]"
ECO01400,PRO0443,serves,PRO0413,[],Ребёнок 9–12 лет: начальное обучение ремеслу оказывает услугу роли «Городской хозяин двора».,A,"[""SRC027"",""SRC073"",""SRC081"",""SRC045"",""SRC001"",""SRC008"",""SRC012"",""SRC028""]"
ECO01401,PRO0443,serves,PRO0371,[],"Ребёнок 9–12 лет: начальное обучение ремеслу оказывает услугу роли «Мастер, обучающий ученика ремеслу».",A,"[""SRC027"",""SRC073"",""SRC081"",""SRC045""]"
ECO01402,PRO0444,serves,PRO0413,[],Ребёнок 9–12 лет: ученик письму оказывает услугу роли «Городской хозяин двора».,A,"[""SRC027"",""SRC073"",""SRC081"",""SRC045"",""SRC001"",""SRC008"",""SRC012"",""SRC028""]"
ECO01403,PRO0444,serves,PRO0371,[],"Ребёнок 9–12 лет: ученик письму оказывает услугу роли «Мастер, обучающий ученика ремеслу».",A,"[""SRC027"",""SRC073"",""SRC081"",""SRC045""]"
ECO01404,PRO0445,serves,PRO0413,[],Подросток 13–15 лет: ученик мастера оказывает услугу роли «Городской хозяин двора».,A,"[""SRC027"",""SRC073"",""SRC081"",""SRC045"",""SRC001"",""SRC008"",""SRC012"",""SRC028""]"
ECO01405,PRO0445,serves,PRO0371,[],"Подросток 13–15 лет: ученик мастера оказывает услугу роли «Мастер, обучающий ученика ремеслу».",A,"[""SRC027"",""SRC073"",""SRC081"",""SRC045""]"
ECO01406,PRO0446,sells_to,PRO0081,"[""FOD0051"",""FOD0022""]",Подросток 13–15 лет: помощник на поле передаёт продукт роли «Мельник ручных жерновов».,A,"[""SRC028"",""SRC044"",""SRC045"",""SRC046"",""SRC047"",""SRC102""]"
ECO01407,PRO0446,sells_to,PRO0413,"[""FOD0051""]",Подросток 13–15 лет: помощник на поле передаёт продукт роли «Городской хозяин двора».,A,"[""SRC028"",""SRC044"",""SRC045"",""SRC046"",""SRC047"",""SRC102"",""SRC001"",""SRC008""]"
ECO01408,PRO0446,sells_to,PRO0386,"[""FOD0051"",""FOD0022"",""FOD0050"",""AGR0039""]",Подросток 13–15 лет: помощник на поле передаёт продукт роли «Хозяйственный служитель монастыря».,A,"[""SRC028"",""SRC044"",""SRC045"",""SRC046"",""SRC047"",""SRC102"",""SRC017"",""SRC018""]"
ECO01409,PRO0447,serves,PRO0413,[],Подросток 13–15 лет: носильщик лёгких грузов оказывает услугу роли «Городской хозяин двора».,A,"[""SRC027"",""SRC073"",""SRC081"",""SRC045"",""SRC001"",""SRC008"",""SRC012"",""SRC028""]"
ECO01410,PRO0447,serves,PRO0371,[],"Подросток 13–15 лет: носильщик лёгких грузов оказывает услугу роли «Мастер, обучающий ученика ремеслу».",A,"[""SRC027"",""SRC073"",""SRC081"",""SRC045""]"
ECO01411,PRO0448,serves,PRO0456,[],Гусляр оказывает услугу роли «Участник праздника и общественной игры».,A,"[""SRC058"",""SRC059"",""SRC060"",""SRC089""]"
ECO01412,PRO0448,serves,PRO0254,[],Гусляр оказывает услугу роли «Крупный новгородский купец».,A,"[""SRC058"",""SRC059"",""SRC060"",""SRC089"",""SRC027"",""SRC028"",""SRC029"",""SRC030""]"
ECO01413,PRO0448,serves,PRO0413,[],Гусляр оказывает услугу роли «Городской хозяин двора».,A,"[""SRC058"",""SRC059"",""SRC060"",""SRC089"",""SRC001"",""SRC008"",""SRC012"",""SRC028""]"
ECO01414,PRO0449,serves,PRO0456,[],Игрок на смычковом гудке оказывает услугу роли «Участник праздника и общественной игры».,B,"[""SRC058"",""SRC059"",""SRC060"",""SRC089""]"
ECO01415,PRO0449,serves,PRO0254,[],Игрок на смычковом гудке оказывает услугу роли «Крупный новгородский купец».,A,"[""SRC058"",""SRC059"",""SRC060"",""SRC089"",""SRC027"",""SRC028"",""SRC029"",""SRC030""]"
ECO01416,PRO0449,serves,PRO0413,[],Игрок на смычковом гудке оказывает услугу роли «Городской хозяин двора».,A,"[""SRC058"",""SRC059"",""SRC060"",""SRC089"",""SRC001"",""SRC008"",""SRC012"",""SRC028""]"
ECO01417,PRO0450,serves,PRO0456,[],Волынщик оказывает услугу роли «Участник праздника и общественной игры».,A,"[""SRC058"",""SRC059"",""SRC060"",""SRC089""]"
ECO01418,PRO0450,serves,PRO0254,[],Волынщик оказывает услугу роли «Крупный новгородский купец».,A,"[""SRC058"",""SRC059"",""SRC060"",""SRC089"",""SRC027"",""SRC028"",""SRC029"",""SRC030""]"
ECO01419,PRO0450,serves,PRO0413,[],Волынщик оказывает услугу роли «Городской хозяин двора».,A,"[""SRC058"",""SRC059"",""SRC060"",""SRC089"",""SRC001"",""SRC008"",""SRC012"",""SRC028""]"
ECO01420,PRO0451,serves,PRO0456,[],Игрок на костяной или деревянной флейте оказывает услугу роли «Участник праздника и общественной игры».,A,"[""SRC058"",""SRC059"",""SRC060"",""SRC089""]"
ECO01421,PRO0451,serves,PRO0254,[],Игрок на костяной или деревянной флейте оказывает услугу роли «Крупный новгородский купец».,A,"[""SRC058"",""SRC059"",""SRC060"",""SRC089"",""SRC027"",""SRC028"",""SRC029"",""SRC030""]"
ECO01422,PRO0451,serves,PRO0413,[],Игрок на костяной или деревянной флейте оказывает услугу роли «Городской хозяин двора».,A,"[""SRC058"",""SRC059"",""SRC060"",""SRC089"",""SRC001"",""SRC008"",""SRC012"",""SRC028""]"
ECO01423,PRO0452,serves,PRO0456,[],Исполнитель на самозвучащем/ударном инструменте оказывает услугу роли «Участник праздника и общественной игры».,B,"[""SRC058"",""SRC059"",""SRC060"",""SRC089""]"
ECO01424,PRO0452,serves,PRO0254,[],Исполнитель на самозвучащем/ударном инструменте оказывает услугу роли «Крупный новгородский купец».,A,"[""SRC058"",""SRC059"",""SRC060"",""SRC089"",""SRC027"",""SRC028"",""SRC029"",""SRC030""]"
ECO01425,PRO0452,serves,PRO0413,[],Исполнитель на самозвучащем/ударном инструменте оказывает услугу роли «Городской хозяин двора».,A,"[""SRC058"",""SRC059"",""SRC060"",""SRC089"",""SRC001"",""SRC008"",""SRC012"",""SRC028""]"
ECO01426,PRO0453,serves,PRO0456,[],Скоморох / странствующий исполнитель оказывает услугу роли «Участник праздника и общественной игры».,B,"[""SRC058"",""SRC059"",""SRC060"",""SRC089""]"
ECO01427,PRO0453,serves,PRO0254,[],Скоморох / странствующий исполнитель оказывает услугу роли «Крупный новгородский купец».,A,"[""SRC058"",""SRC059"",""SRC060"",""SRC089"",""SRC027"",""SRC028"",""SRC029"",""SRC030""]"
ECO01428,PRO0453,serves,PRO0413,[],Скоморох / странствующий исполнитель оказывает услугу роли «Городской хозяин двора».,A,"[""SRC058"",""SRC059"",""SRC060"",""SRC089"",""SRC001"",""SRC008"",""SRC012"",""SRC028""]"
ECO01429,PRO0454,serves,PRO0456,[],Певец на празднике или в быту оказывает услугу роли «Участник праздника и общественной игры».,B,"[""SRC058"",""SRC059"",""SRC060"",""SRC089""]"
ECO01430,PRO0454,serves,PRO0254,[],Певец на празднике или в быту оказывает услугу роли «Крупный новгородский купец».,A,"[""SRC058"",""SRC059"",""SRC060"",""SRC089"",""SRC027"",""SRC028"",""SRC029"",""SRC030""]"
ECO01431,PRO0454,serves,PRO0413,[],Певец на празднике или в быту оказывает услугу роли «Городской хозяин двора».,A,"[""SRC058"",""SRC059"",""SRC060"",""SRC089"",""SRC001"",""SRC008"",""SRC012"",""SRC028""]"
ECO01432,PRO0455,serves,PRO0456,[],Рассказчик оказывает услугу роли «Участник праздника и общественной игры».,B,"[""SRC058"",""SRC059"",""SRC060"",""SRC089""]"
ECO01433,PRO0455,serves,PRO0254,[],Рассказчик оказывает услугу роли «Крупный новгородский купец».,A,"[""SRC058"",""SRC059"",""SRC060"",""SRC089"",""SRC027"",""SRC028"",""SRC029"",""SRC030""]"
ECO01434,PRO0455,serves,PRO0413,[],Рассказчик оказывает услугу роли «Городской хозяин двора».,A,"[""SRC058"",""SRC059"",""SRC060"",""SRC089"",""SRC001"",""SRC008"",""SRC012"",""SRC028""]"
ECO01435,PRO0456,serves,PRO0254,[],Участник праздника и общественной игры оказывает услугу роли «Крупный новгородский купец».,A,"[""SRC058"",""SRC059"",""SRC060"",""SRC089"",""SRC027"",""SRC028"",""SRC029"",""SRC030""]"
ECO01436,PRO0456,serves,PRO0413,[],Участник праздника и общественной игры оказывает услугу роли «Городской хозяин двора».,A,"[""SRC058"",""SRC059"",""SRC060"",""SRC089"",""SRC001"",""SRC008"",""SRC012"",""SRC028""]"
ECO01437,PRO0457,serves,PRO0413,[],Участник состязания оказывает услугу роли «Городской хозяин двора».,A,"[""SRC027"",""SRC073"",""SRC081"",""SRC045"",""SRC001"",""SRC008"",""SRC012"",""SRC028""]"
ECO01438,PRO0457,serves,PRO0371,[],"Участник состязания оказывает услугу роли «Мастер, обучающий ученика ремеслу».",A,"[""SRC027"",""SRC073"",""SRC081"",""SRC045""]"
ECO01439,PRO0458,serves,PRO0254,[],Скандинавский мореход или торговый спутник оказывает услугу роли «Крупный новгородский купец».,A,"[""SRC048"",""SRC049"",""SRC050"",""SRC051"",""SRC075"",""SRC076"",""SRC096"",""SRC099""]"
ECO01440,PRO0458,serves,PRO0336,[],Скандинавский мореход или торговый спутник оказывает услугу роли «Посадник».,A,"[""SRC048"",""SRC049"",""SRC050"",""SRC051"",""SRC075"",""SRC076"",""SRC096"",""SRC099""]"
ECO01441,PRO0458,serves,PRO0304,[],Скандинавский мореход или торговый спутник оказывает услугу роли «Толмач при торговле».,B,"[""SRC048"",""SRC049"",""SRC050"",""SRC051"",""SRC075"",""SRC076"",""SRC096"",""SRC099""]"
ECO01442,PRO0459,sells_to,PRO0090,"[""FOD0061""]",Карельский промысловик передаёт продукт роли «Мясник».,B,"[""SRC028"",""SRC041"",""SRC042"",""SRC045"",""SRC072"",""SRC091"",""SRC025"",""SRC040""]"
ECO01443,PRO0459,sells_to,PRO0028,"[""HNT0021"",""TRD0007"",""TRD0008""]",Карельский промысловик передаёт продукт роли «Скорняк».,B,"[""SRC028"",""SRC041"",""SRC042"",""SRC045"",""SRC072"",""SRC091"",""SRC001"",""SRC061""]"
ECO01444,PRO0459,sells_to,PRO0413,"[""HNT0021"",""FOD0061"",""TRD0007"",""TRD0008""]",Карельский промысловик передаёт продукт роли «Городской хозяин двора».,A,"[""SRC028"",""SRC041"",""SRC042"",""SRC045"",""SRC072"",""SRC091"",""SRC001"",""SRC008""]"
ECO01445,PRO0460,sells_to,PRO0093,"[""FOD0010""]",Ижорский рыбак передаёт продукт роли «Рыбник / обработчик улова».,A,"[""SRC025"",""SRC028"",""SRC029"",""SRC094"",""SRC040"",""SRC045"",""SRC041"",""SRC042""]"
ECO01446,PRO0460,sells_to,PRO0413,"[""FOD0010"",""FOD0012"",""FOD0011""]",Ижорский рыбак передаёт продукт роли «Городской хозяин двора».,A,"[""SRC025"",""SRC028"",""SRC029"",""SRC094"",""SRC040"",""SRC045"",""SRC001"",""SRC008""]"
ECO01447,PRO0460,sells_to,PRO0101,"[""FOD0010"",""FOD0012"",""FOD0011""]",Ижорский рыбак передаёт продукт роли «Повар монастырского хозяйства».,B,"[""SRC025"",""SRC028"",""SRC029"",""SRC094"",""SRC040"",""SRC045"",""SRC041"",""SRC042""]"
ECO01448,PRO0461,sells_to,PRO0413,[],Финно-угорский проводник передаёт продукт роли «Городской хозяин двора».,A,"[""SRC005"",""SRC045"",""SRC046"",""SRC089"",""SRC102"",""SRC001"",""SRC008"",""SRC012""]"
ECO01449,PRO0462,serves,PRO0413,[],Иностранный духовный гость оказывает услугу роли «Городской хозяин двора».,A,"[""SRC017"",""SRC018"",""SRC020"",""SRC021"",""SRC022"",""SRC023"",""SRC031"",""SRC055""]"
ECO01450,PRO0462,serves,PRO0395,[],Иностранный духовный гость оказывает услугу роли «Паломник».,B,"[""SRC017"",""SRC018"",""SRC020"",""SRC021"",""SRC022"",""SRC023"",""SRC031"",""SRC055""]"
ECO01451,PRO0462,serves,PRO0396,[],"Иностранный духовный гость оказывает услугу роли «Нищий, просящий милостыню у церкви».",B,"[""SRC017"",""SRC018"",""SRC020"",""SRC021"",""SRC022"",""SRC023"",""SRC031"",""SRC055""]"
ECO01452,PRO0462,serves,PRO0383,[],Иностранный духовный гость оказывает услугу роли «Монах».,A,"[""SRC017"",""SRC018"",""SRC020"",""SRC021"",""SRC022"",""SRC023"",""SRC031"",""SRC055""]"
ECO01453,PRO0463,serves,PRO0254,[],Иностранный посол оказывает услугу роли «Крупный новгородский купец».,A,"[""SRC048"",""SRC049"",""SRC050"",""SRC051"",""SRC075"",""SRC076"",""SRC096"",""SRC099""]"
ECO01454,PRO0463,serves,PRO0336,[],Иностранный посол оказывает услугу роли «Посадник».,A,"[""SRC048"",""SRC049"",""SRC050"",""SRC051"",""SRC075"",""SRC076"",""SRC096"",""SRC099""]"
ECO01455,PRO0463,serves,PRO0304,[],Иностранный посол оказывает услугу роли «Толмач при торговле».,B,"[""SRC048"",""SRC049"",""SRC050"",""SRC051"",""SRC075"",""SRC076"",""SRC096"",""SRC099""]"
ECO01456,PRO0464,transports_for,PRO0255,[],"Путник перевозит людей, груз или обеспечивает погрузку для роли «Средний городской торговец».",A,"[""SRC039"",""SRC045"",""SRC046"",""SRC099"",""SRC027"",""SRC028"",""SRC029"",""SRC030""]"
ECO01457,PRO0464,transports_for,PRO0260,[],"Путник перевозит людей, груз или обеспечивает погрузку для роли «Торговец зерном и мукой».",A,"[""SRC039"",""SRC045"",""SRC046"",""SRC099"",""SRC027"",""SRC028"",""SRC029"",""SRC030""]"
ECO01458,PRO0464,transports_for,PRO0207,[],"Путник перевозит людей, груз или обеспечивает погрузку для роли «Перевозчик строительных материалов».",A,"[""SRC039"",""SRC045"",""SRC046"",""SRC099""]"
ECO01459,PRO0464,transports_for,PRO0248,[],"Путник перевозит людей, груз или обеспечивает погрузку для роли «Княжеский гонец».",A,"[""SRC039"",""SRC045"",""SRC046"",""SRC099"",""SRC027"",""SRC028"",""SRC031"",""SRC050""]"
ECO01460,PRO0465,serves,PRO0254,[],"Хозяин, принимающий путников в дворовом хозяйстве оказывает услугу роли «Крупный новгородский купец».",A,"[""SRC048"",""SRC049"",""SRC050"",""SRC051"",""SRC075"",""SRC076"",""SRC096"",""SRC099""]"
ECO01461,PRO0465,serves,PRO0336,[],"Хозяин, принимающий путников в дворовом хозяйстве оказывает услугу роли «Посадник».",A,"[""SRC048"",""SRC049"",""SRC050"",""SRC051"",""SRC075"",""SRC076"",""SRC096"",""SRC099""]"
ECO01462,PRO0465,serves,PRO0304,[],"Хозяин, принимающий путников в дворовом хозяйстве оказывает услугу роли «Толмач при торговле».",C,"[""SRC048"",""SRC049"",""SRC050"",""SRC051"",""SRC075"",""SRC076"",""SRC096"",""SRC099""]"
ECO01463,PRO0466,serves,PRO0473,[],Голодающий проситель пищи оказывает услугу роли «Ухаживающий за истощённым».,A,"[""SRC031"",""SRC101"",""SRC008"",""SRC040"",""SRC045"",""SRC046"",""SRC102""]"
ECO01464,PRO0466,serves,PRO0476,[],Голодающий проситель пищи оказывает услугу роли «Копатель скудельницы / массового погребения».,A,"[""SRC031"",""SRC101""]"
ECO01465,PRO0467,serves,PRO0466,[],"Человек, продающий имущество ради пищи оказывает услугу роли «Голодающий проситель пищи».",A,"[""SRC031"",""SRC101""]"
ECO01466,PRO0467,serves,PRO0473,[],"Человек, продающий имущество ради пищи оказывает услугу роли «Ухаживающий за истощённым».",A,"[""SRC031"",""SRC101"",""SRC008"",""SRC040"",""SRC045"",""SRC046"",""SRC102""]"
ECO01467,PRO0467,serves,PRO0476,[],"Человек, продающий имущество ради пищи оказывает услугу роли «Копатель скудельницы / массового погребения».",A,"[""SRC031"",""SRC101""]"
ECO01468,PRO0468,serves,PRO0466,[],Уходящий из города или земли из-за голода оказывает услугу роли «Голодающий проситель пищи».,A,"[""SRC031"",""SRC101""]"
ECO01469,PRO0468,serves,PRO0473,[],Уходящий из города или земли из-за голода оказывает услугу роли «Ухаживающий за истощённым».,A,"[""SRC031"",""SRC101"",""SRC008"",""SRC040"",""SRC045"",""SRC046"",""SRC102""]"
ECO01470,PRO0468,serves,PRO0476,[],Уходящий из города или земли из-за голода оказывает услугу роли «Копатель скудельницы / массового погребения».,A,"[""SRC031"",""SRC101""]"
ECO01471,PRO0469,serves,PRO0466,[],Закупщик привозного зерна в голод оказывает услугу роли «Голодающий проситель пищи».,A,"[""SRC031"",""SRC101""]"
ECO01472,PRO0469,serves,PRO0473,[],Закупщик привозного зерна в голод оказывает услугу роли «Ухаживающий за истощённым».,B,"[""SRC031"",""SRC101"",""SRC008"",""SRC040"",""SRC045"",""SRC046"",""SRC102""]"
ECO01473,PRO0469,serves,PRO0476,[],Закупщик привозного зерна в голод оказывает услугу роли «Копатель скудельницы / массового погребения».,A,"[""SRC031"",""SRC101""]"
ECO01474,PRO0470,serves,PRO0466,[],Перевозчик привозного зерна оказывает услугу роли «Голодающий проситель пищи».,A,"[""SRC031"",""SRC101""]"
ECO01475,PRO0470,serves,PRO0473,[],Перевозчик привозного зерна оказывает услугу роли «Ухаживающий за истощённым».,B,"[""SRC031"",""SRC101"",""SRC008"",""SRC040"",""SRC045"",""SRC046"",""SRC102""]"
ECO01476,PRO0470,serves,PRO0476,[],Перевозчик привозного зерна оказывает услугу роли «Копатель скудельницы / массового погребения».,A,"[""SRC031"",""SRC101""]"
ECO01477,PRO0260,supplies,PRO0471,"[""FOD0051"",""FOD0052""]",Торговец зерном и мукой снабжает сырьём роль «Раздающий ограниченную пищу».,A,"[""SRC027"",""SRC028"",""SRC029"",""SRC030"",""SRC050"",""SRC053"",""SRC072"",""SRC093""]"
ECO01478,PRO0471,serves,PRO0466,[],Раздающий ограниченную пищу оказывает услугу роли «Голодающий проситель пищи».,A,"[""SRC031"",""SRC101""]"
ECO01479,PRO0471,serves,PRO0473,[],Раздающий ограниченную пищу оказывает услугу роли «Ухаживающий за истощённым».,B,"[""SRC031"",""SRC101"",""SRC008"",""SRC040"",""SRC045"",""SRC046"",""SRC102""]"
ECO01480,PRO0471,serves,PRO0476,[],Раздающий ограниченную пищу оказывает услугу роли «Копатель скудельницы / массового погребения».,A,"[""SRC031"",""SRC101""]"
ECO01481,PRO0472,serves,PRO0466,[],Сторож зерна и пищевых запасов в кризис оказывает услугу роли «Голодающий проситель пищи».,A,"[""SRC031"",""SRC101""]"
ECO01482,PRO0472,serves,PRO0473,[],Сторож зерна и пищевых запасов в кризис оказывает услугу роли «Ухаживающий за истощённым».,B,"[""SRC031"",""SRC101"",""SRC008"",""SRC040"",""SRC045"",""SRC046"",""SRC102""]"
ECO01483,PRO0472,serves,PRO0476,[],Сторож зерна и пищевых запасов в кризис оказывает услугу роли «Копатель скудельницы / массового погребения».,A,"[""SRC031"",""SRC101""]"
ECO01484,PRO0099,supplies,PRO0473,"[""FOD0049""]","Человек, готовящий пищу для семьи снабжает сырьём роль «Ухаживающий за истощённым».",A,"[""SRC025"",""SRC040"",""SRC041"",""SRC042"",""SRC044"",""SRC045"",""SRC008"",""SRC046""]"
ECO01485,PRO0473,serves,PRO0413,[],Ухаживающий за истощённым оказывает услугу роли «Городской хозяин двора».,A,"[""SRC008"",""SRC040"",""SRC045"",""SRC046"",""SRC102"",""SRC101"",""SRC001"",""SRC012""]"
ECO01486,PRO0473,serves,PRO0306,[],Ухаживающий за истощённым оказывает услугу роли «Княжеский дружинник».,A,"[""SRC008"",""SRC040"",""SRC045"",""SRC046"",""SRC102"",""SRC101"",""SRC031"",""SRC034""]"
ECO01487,PRO0473,serves,PRO0383,[],Ухаживающий за истощённым оказывает услугу роли «Монах».,A,"[""SRC008"",""SRC040"",""SRC045"",""SRC046"",""SRC102"",""SRC101"",""SRC017"",""SRC018""]"
ECO01488,PRO0474,serves,PRO0466,[],Собирающий умерших с улиц в голод оказывает услугу роли «Голодающий проситель пищи».,A,"[""SRC031"",""SRC101""]"
ECO01489,PRO0474,serves,PRO0473,[],Собирающий умерших с улиц в голод оказывает услугу роли «Ухаживающий за истощённым».,A,"[""SRC031"",""SRC101"",""SRC008"",""SRC040"",""SRC045"",""SRC046"",""SRC102""]"
ECO01490,PRO0474,serves,PRO0476,[],Собирающий умерших с улиц в голод оказывает услугу роли «Копатель скудельницы / массового погребения».,A,"[""SRC031"",""SRC101""]"
ECO01491,PRO0475,serves,PRO0466,[],Перевозчик тел умерших к скудельнице оказывает услугу роли «Голодающий проситель пищи».,A,"[""SRC031"",""SRC101""]"
ECO01492,PRO0475,serves,PRO0473,[],Перевозчик тел умерших к скудельнице оказывает услугу роли «Ухаживающий за истощённым».,A,"[""SRC031"",""SRC101"",""SRC008"",""SRC040"",""SRC045"",""SRC046"",""SRC102""]"
ECO01493,PRO0475,serves,PRO0476,[],Перевозчик тел умерших к скудельнице оказывает услугу роли «Копатель скудельницы / массового погребения».,A,"[""SRC031"",""SRC101""]"
ECO01494,PRO0476,serves,PRO0466,[],Копатель скудельницы / массового погребения оказывает услугу роли «Голодающий проситель пищи».,A,"[""SRC031"",""SRC101""]"
ECO01495,PRO0476,serves,PRO0473,[],Копатель скудельницы / массового погребения оказывает услугу роли «Ухаживающий за истощённым».,A,"[""SRC031"",""SRC101"",""SRC008"",""SRC040"",""SRC045"",""SRC046"",""SRC102""]"
ECO01496,PRO0477,serves,PRO0466,[],Церковный организатор погребения и помощи в голод оказывает услугу роли «Голодающий проситель пищи».,A,"[""SRC031"",""SRC101""]"
ECO01497,PRO0477,serves,PRO0473,[],Церковный организатор погребения и помощи в голод оказывает услугу роли «Ухаживающий за истощённым».,A,"[""SRC031"",""SRC101"",""SRC008"",""SRC040"",""SRC045"",""SRC046"",""SRC102""]"
ECO01498,PRO0477,serves,PRO0476,[],Церковный организатор погребения и помощи в голод оказывает услугу роли «Копатель скудельницы / массового погребения».,A,"[""SRC031"",""SRC101""]"
ECO01499,PRO0478,serves,PRO0466,[],Ребёнок в уязвимом положении во время голода оказывает услугу роли «Голодающий проситель пищи».,A,"[""SRC031"",""SRC101""]"
ECO01500,PRO0478,serves,PRO0473,[],Ребёнок в уязвимом положении во время голода оказывает услугу роли «Ухаживающий за истощённым».,A,"[""SRC031"",""SRC101"",""SRC008"",""SRC040"",""SRC045"",""SRC046"",""SRC102""]"
ECO01501,PRO0478,serves,PRO0476,[],Ребёнок в уязвимом положении во время голода оказывает услугу роли «Копатель скудельницы / массового погребения».,A,"[""SRC031"",""SRC101""]"
ECO01502,PRO0479,serves,PRO0466,[],"Человек, рискующий попасть в зависимость ради пищи оказывает услугу роли «Голодающий проситель пищи».",A,"[""SRC031"",""SRC101""]"
ECO01503,PRO0479,serves,PRO0473,[],"Человек, рискующий попасть в зависимость ради пищи оказывает услугу роли «Ухаживающий за истощённым».",A,"[""SRC031"",""SRC101"",""SRC008"",""SRC040"",""SRC045"",""SRC046"",""SRC102""]"
ECO01504,PRO0479,serves,PRO0476,[],"Человек, рискующий попасть в зависимость ради пищи оказывает услугу роли «Копатель скудельницы / массового погребения».",A,"[""SRC031"",""SRC101""]"
ECO01505,PRO0230,works_with,PRO0220,[],Грузчик при судне взаимодействует с ролью «Лодочник» в общем рабочем процессе.,A,"[""SRC003"",""SRC029"",""SRC039"",""SRC053"",""SRC093"",""SRC013"",""SRC050"",""SRC099""]"
ECO01506,PRO0230,works_with,PRO0254,[],Грузчик при судне взаимодействует с ролью «Крупный новгородский купец» в общем рабочем процессе.,A,"[""SRC003"",""SRC029"",""SRC039"",""SRC053"",""SRC093"",""SRC027"",""SRC028"",""SRC030""]"
ECO01507,PRO0289,works_with,PRO0255,[],Грузчик взаимодействует с ролью «Средний городской торговец» в общем рабочем процессе.,A,"[""SRC003"",""SRC029"",""SRC039"",""SRC053"",""SRC093"",""SRC027"",""SRC028"",""SRC030""]"
ECO01508,PRO0292,works_with,PRO0283,[],Складской работник взаимодействует с ролью «Писец и счетовод купца» в общем рабочем процессе.,B,"[""SRC003"",""SRC029"",""SRC039"",""SRC053"",""SRC093"",""SRC027"",""SRC028"",""SRC030""]"
ECO01509,PRO0208,works_with,PRO0193,[],Носильщик на стройке взаимодействует с ролью «Старший мастер деревянной стройки» в общем рабочем процессе.,A,"[""SRC001"",""SRC003"",""SRC005"",""SRC009"",""SRC013"",""SRC078"",""SRC089"",""SRC102""]"
ECO01510,PRO0197,works_with,PRO0196,[],Помощник на укладке мостовой взаимодействует с ролью «Укладчик деревянной мостовой» в общем рабочем процессе.,A,"[""SRC001"",""SRC003"",""SRC005"",""SRC009"",""SRC013"",""SRC078"",""SRC089"",""SRC102""]"
ECO01511,PRO0108,works_with,PRO0107,[],Участник неводной артели взаимодействует с ролью «Неводчик» в общем рабочем процессе.,A,"[""SRC025"",""SRC028"",""SRC029"",""SRC094"",""SRC040"",""SRC045""]"
ECO01512,PRO0115,repairs_for,PRO0105,[],Ремонтник рыболовных сетей взаимодействует с ролью «Профессиональный рыбак» в общем рабочем процессе.,A,"[""SRC001"",""SRC025"",""SRC039"",""SRC045"",""SRC028"",""SRC029"",""SRC094"",""SRC040""]"
ECO01513,PRO0231,repairs_for,PRO0220,[],Ремонтник лодок взаимодействует с ролью «Лодочник» в общем рабочем процессе.,A,"[""SRC003"",""SRC013"",""SRC029"",""SRC039"",""SRC050"",""SRC099""]"
ECO01514,PRO0250,repairs_for,PRO0239,[],Ремонтник телег и саней в пути взаимодействует с ролью «Возчик» в общем рабочем процессе.,A,"[""SRC001"",""SRC005"",""SRC006"",""SRC008"",""SRC089"",""SRC039"",""SRC045"",""SRC046""]"
ECO01515,PRO0008,repairs_for,PRO0306,[],Кузнец-оружейник взаимодействует с ролью «Княжеский дружинник» в общем рабочем процессе.,A,"[""SRC001"",""SRC032"",""SRC033"",""SRC089"",""SRC102"",""SRC031"",""SRC034"",""SRC035""]"
ECO01516,PRO0363,serves,PRO0254,[],Писец взаимодействует с ролью «Крупный новгородский купец» в общем рабочем процессе.,A,"[""SRC026"",""SRC027"",""SRC030"",""SRC068"",""SRC073"",""SRC081"",""SRC093"",""SRC095""]"
ECO01517,PRO0304,serves,PRO0275,[],Толмач при торговле взаимодействует с ролью «Готландский купец / гость» в общем рабочем процессе.,A,"[""SRC048"",""SRC049"",""SRC050"",""SRC051"",""SRC075"",""SRC076"",""SRC096"",""SRC099""]"
ECO01518,PRO0304,serves,PRO0276,[],Толмач при торговле взаимодействует с ролью «Немецкий купец / гость» в общем рабочем процессе.,A,"[""SRC048"",""SRC049"",""SRC050"",""SRC051"",""SRC075"",""SRC076"",""SRC096"",""SRC099""]"
ECO01519,PRO0470,transports_for,PRO0260,[],Перевозчик привозного зерна взаимодействует с ролью «Торговец зерном и мукой» в общем рабочем процессе.,A,"[""SRC031"",""SRC101"",""SRC027"",""SRC028"",""SRC029"",""SRC030"",""SRC050"",""SRC053""]"
ECO01520,PRO0471,works_with,PRO0477,[],Раздающий ограниченную пищу взаимодействует с ролью «Церковный организатор погребения и помощи в голод» в общем рабочем процессе.,A,"[""SRC031"",""SRC101""]"
