item_id,name_ru,category,subcategory,description_ru,who_used,social_scope,military_scope,period_from,period_to,materials,construction,dimensions,weight_if_known,wear_and_condition,historical_confidence,evidence_basis,source_ids,anachronism_risk,do_not_confuse_with,generation_policy
FOR0001,Ров раннего Детинца — неопределенное состояние к 1230,fortifications,ditch,"Оборонительное углубление перед линией укреплений; археология фиксирует разные этапы, а точный профиль и состояние в 1230 г. не полностью определены.",городская община и гарнизон,public military,fortification,1180,1260,"грунт, вода сезонно",земляная выемка; профиль зависит от этапа строительства,по конкретной находке/плану; универсальный размер не задаётся,точно не установлена; не нормировать без конкретной находки,"ремонтные заплаты, мокрый грунт, потёртые проходы",C,"Осторожная реконструкция: функция или наличие вероятны, но конкретная форма/конструкция для Новгорода около 1230 не закреплена полностью.","[""SRC014"",""SRC015"",""SRC016"",""SRC071"",""SRC031""]",high,идеальный широкий водяной ров поздней крепости,reference_required
FOR0002,Деревянный переход через оборонительный ров,fortifications,ditch_crossing,"Деревянный переход через оборонительный ров. Функция: доступ к воротам через ров. Конструктивно: простой настил на балках/опорах; постоянный или снимаемый участок не определяется без конкретного контекста. Для генерации следует сохранять ручную технологию, неровность материала и регионально-историческую простоту формы.",городская община и гарнизон,общественная инфраструктура,оборонительное,1180,1260,"брёвна, плахи, доски",простой настил на балках/опорах; постоянный или снимаемый участок не определяется без конкретного контекста,по ширине проезда,точно не установлена; не нормировать без конкретной находки,"ремонтные заплаты, мокрый грунт, потёртые проходы",C,"Осторожная реконструкция: функция или наличие вероятны, но конкретная форма/конструкция для Новгорода около 1230 не закреплена полностью.","[""SRC014"",""SRC015"",""SRC016"",""SRC071"",""SRC031""]",высокий: нужен конкретный референс и явная маркировка реконструкции,поздним подъёмным мостом с цепями и противовесами,reference_required
FOR0003,Деревянные ворота Детинца — осторожная реконструкция,fortifications,gate,"Проезд в деревянной оборонительной линии, вероятно усиленный срубной конструкцией и створками; точная форма около 1230 не сохранилась.",городская община и гарнизон,public military,fortification,1180,1260,"дубовые/сосновые бревна, доски, железные скобы и запоры",срубной проезд с тяжелыми створками и верхней площадкой только в минимально необходимой форме,по конкретной находке/плану; универсальный размер не задаётся,точно не установлена; не нормировать без конкретной находки,"ремонтные заплаты, мокрый грунт, потёртые проходы",C,"Осторожная реконструкция: функция или наличие вероятны, но конкретная форма/конструкция для Новгорода около 1230 не закреплена полностью.","[""SRC014"",""SRC015"",""SRC016"",""SRC071"",""SRC031""]",very_high,Спасская/Кокуй и другие кирпичные башни XV–XVII вв.; барбакан позднего Запада,reference_required
FOR0004,Деревянный засов крепостных/усадебных ворот,fortifications,gate_hardware,"Толстый горизонтальный брус, входящий в пазы/скобы и запирающий тяжелые створки.",городская община и гарнизон,public / household,fortification_support,1180,1260,"твердая древесина, железные скобы эпизодически",обработанный брус скользит в направляющих или закладывается за створки,по конкретной находке/плану; универсальный размер не задаётся,точно не установлена; не нормировать без конкретной находки,"ремонтные заплаты, мокрый грунт, потёртые проходы",B,Хорошая реконструкция по новгородским данным и нескольким близким древнерусским аналогиям XII–XIII вв.,"[""SRC014"",""SRC015"",""SRC016"",""SRC071"",""SRC031"",""SRC001""]",средне-высокий: без референса генератор часто подменяет форму позднесредневековой или этнографической,поздними этнографическими и неосредневековыми формами той же функции,safe_with_constraints
FOR0005,Опорный столб и пятник воротной створки,fortifications,gate_hardware,"Опорный столб и пятник воротной створки. Функция: восприятие веса деревянной воротной створки. Конструктивно: массивный столб с гнездом/пятником для деревянной оси либо железной навеской; конкретная форма по находке. Для генерации следует сохранять ручную технологию, неровность материала и регионально-историческую простоту формы.",городская община и гарнизон,общественная инфраструктура,оборонительное,1180,1260,"бревно, дерево, железо локально",массивный столб с гнездом/пятником для деревянной оси либо железной навеской; конкретная форма по находке,строительный узел,точно не установлена; не нормировать без конкретной находки,"ремонтные заплаты, мокрый грунт, потёртые проходы",B,Хорошая реконструкция по новгородским данным и нескольким близким древнерусским аналогиям XII–XIII вв.,"[""SRC014"",""SRC015"",""SRC016"",""SRC071"",""SRC031""]",средне-высокий: без референса генератор часто подменяет форму позднесредневековой или этнографической,фабричной дверной петлёй,safe_with_constraints
FOR0006,Деревянная створка крепостных ворот,fortifications,gate_leaf,"Деревянная створка крепостных ворот. Функция: закрытие проезда в оборонительной линии. Конструктивно: тяжёлое дощатое полотно на поперечных связях; навеска и запор из дерева с ограниченной железной фурнитурой. Для генерации следует сохранять ручную технологию, неровность материала и регионально-историческую простоту формы.",городская община и гарнизон,общественная инфраструктура,оборонительное,1180,1260,"толстые доски, брусья, деревянные оси/железные петли и скобы",тяжёлое дощатое полотно на поперечных связях; навеска и запор из дерева с ограниченной железной фурнитурой,по ширине ворот; точные размеры неизвестны,точно не установлена; не нормировать без конкретной находки,"ремонтные заплаты, мокрый грунт, потёртые проходы",C,"Осторожная реконструкция: функция или наличие вероятны, но конкретная форма/конструкция для Новгорода около 1230 не закреплена полностью.","[""SRC014"",""SRC015"",""SRC016"",""SRC071"",""SRC031""]",высокий: нужен конкретный референс и явная маркировка реконструкции,воротами каменного Кремля XV–XVII веков с гербовым декором,reference_required
FOR0007,Деревянный караульный навес у ворот,fortifications,guard_shelter,"Деревянный караульный навес у ворот. Функция: укрытие стражи и хранение простого дежурного имущества. Конструктивно: малый каркасный или срубный навес/будка, примыкающий к проходу; конкретный план реконструктивен. Для генерации следует сохранять ручную технологию, неровность материала и регионально-историческую простоту формы.",городская община и гарнизон,общественная инфраструктура,оборонительное,1180,1260,"брёвна, жерди, доски, кровельный материал","малый каркасный или срубный навес/будка, примыкающий к проходу; конкретный план реконструктивен",малое помещение или навес,точно не установлена; не нормировать без конкретной находки,"ремонтные заплаты, мокрый грунт, потёртые проходы",C,"Осторожная реконструкция: функция или наличие вероятны, но конкретная форма/конструкция для Новгорода около 1230 не закреплена полностью.","[""SRC014"",""SRC015"",""SRC016"",""SRC071"",""SRC031""]",высокий: нужен конкретный референс и явная маркировка реконструкции,декоративной караульной будкой Нового времени,reference_required
FOR0008,Кирпичная стена Новгородского кремля конца XV века,fortifications,late_fortification,Существующие кирпичные стены и башни Кремля в основном относятся к концу XV в. и не являются обликом 1230 г.,городская община и гарнизон,public military,fortification,1480,1500,"кирпич, камень, известковый раствор",каменная/кирпичная крепостная стена с башнями,по конкретной находке/плану; универсальный размер не задаётся,точно не установлена; не нормировать без конкретной находки,"ремонтные заплаты, мокрый грунт, потёртые проходы",D,Спорно. Хранится только как исследовательская гипотеза и не должно автоматически попадать в генерацию.,"[""SRC014"",""SRC015"",""SRC016"",""SRC071"",""SRC031""]",certain,Детинец 1230 года,research_only
FOR0009,Поздняя каменная башня Новгородского кремля — запрещённый слой,fortifications,later_exclusion,"Поздняя каменная башня Новгородского кремля — запрещённый слой. Функция: хронологический ограничитель, а не объект мира 1230 года. Конструктивно: кирпичная/каменная башня существующего ансамбля относится к более поздним перестройкам и не переносится в 1230 год. Для генерации следует сохранять ручную технологию, неровность материала и регионально-историческую простоту формы.",городская община и гарнизон,общественная инфраструктура,оборонительное,1400,1700,"кирпич, камень",кирпичная/каменная башня существующего ансамбля относится к более поздним перестройкам и не переносится в 1230 год,не применять,точно не установлена; не нормировать без конкретной находки,"ремонтные заплаты, мокрый грунт, потёртые проходы",D,Спорно. Хранится только как исследовательская гипотеза и не должно автоматически попадать в генерацию.,"[""SRC014"",""SRC015"",""SRC016"",""SRC071"",""SRC031"",""SRC004""]",критический: не использовать автоматически,с ранним деревянным Детинцем,research_only
FOR0010,Большой глиняный вал Детинца рубежа XIII–XIV вв.,fortifications,rampart,"Мощный вал близ современного контура Кремля, вероятно созданный не ранее второй половины XIII — рубежа XIII–XIV вв.",городская община и гарнизон,public military,fortification,1270,1320,"глина, грунт, деревянные лежни/остатки городен",грунтовая насыпь с армирующими деревянными горизонтами,по конкретной находке/плану; универсальный размер не задаётся,точно не установлена; не нормировать без конкретной находки,"ремонтные заплаты, мокрый грунт, потёртые проходы",D,археологическая датировка позднее целевого 1230 года,"[""SRC014"",""SRC015"",""SRC016"",""SRC071"",""SRC031""]",very_high,нормальное состояние Детинца в 1230 г.,research_only
FOR0011,Береговая срубная подпорная конструкция,fortifications,shore_revetment,"Береговая срубная подпорная конструкция. Функция: укрепление локального участка берега, подхода или пристани. Конструктивно: деревянные срубы/ряды брёвен с грунтовой и каменной забутовкой; не равна непрерывной городской крепостной стене. Для генерации следует сохранять ручную технологию, неровность материала и регионально-историческую простоту формы.",городская община и гарнизон,общественная инфраструктура,инфраструктурное; оборонительная функция не гарантирована,1180,1260,"брёвна, камень, грунт, доски",деревянные срубы/ряды брёвен с грунтовой и каменной забутовкой; не равна непрерывной городской крепостной стене,локальный участок берега,точно не установлена; не нормировать без конкретной находки,"ремонтные заплаты, мокрый грунт, потёртые проходы",B,Хорошая реконструкция по новгородским данным и нескольким близким древнерусским аналогиям XII–XIII вв.,"[""SRC014"",""SRC015"",""SRC016"",""SRC071"",""SRC031"",""SRC003""]",средне-высокий: без референса генератор часто подменяет форму позднесредневековой или этнографической,каменной набережной имперского города,safe_with_constraints
FOR0012,Острожная стена из вертикального частокола,fortifications,timber_palisade,"Острожная стена из вертикального частокола. Функция: быстрая оборонительная ограда посадского или временного укрепления. Конструктивно: заострённые брёвна поставлены вплотную в траншею или закреплены в деревянной обвязке; точная схема зависит от участка и датировки. Для генерации следует сохранять ручную технологию, неровность материала и регионально-историческую простоту формы.",городская община и гарнизон,общественная инфраструктура,оборонительное,1180,1260,"брёвна, земля, деревянная обвязка",заострённые брёвна поставлены вплотную в траншею или закреплены в деревянной обвязке; точная схема зависит от участка и датировки,высота и толщина не нормируются без конкретного археологического профиля,точно не установлена; не нормировать без конкретной находки,"ремонтные заплаты, мокрый грунт, потёртые проходы",C,"Осторожная реконструкция: функция или наличие вероятны, но конкретная форма/конструкция для Новгорода около 1230 не закреплена полностью.","[""SRC014"",""SRC015"",""SRC016"",""SRC071"",""SRC031""]",высокий: нужен конкретный референс и явная маркировка реконструкции,частоколом «викингской деревни» IX века или ровной декоративной оградой парка,reference_required
FOR0013,Дубовая срубная стена раннего Детинца,fortifications,timber_wall,"Деревянная крепостная линия из дубовых срубов-городен, относимая к раннему этапу Детинца; к 1230 ее точное состояние и надстройка требуют осторожной реконструкции.",городская община и гарнизон,public military,fortification,1180,1260,"дубовые бревна, грунт/камень в заполнении отдельных конструкций",цепь срубных камер/городен с деревянной боевой надстройкой; конкретная высота неизвестна,по конкретной находке/плану; универсальный размер не задаётся,точно не установлена; не нормировать без конкретной находки,"ремонтные заплаты, мокрый грунт, потёртые проходы",B,археологически датированные дубовые городни первых десятилетий XII в.; состояние к 1230 реконструктивно,"[""SRC014"",""SRC015"",""SRC016"",""SRC071"",""SRC031""]",very_high,кирпичные стены и башни современного Кремля; частокол одного ряда как полная крепость,safe_with_constraints
FOR0014,Срубная клетчатая конструкция деревянной стены,fortifications,timber_wall_structure,"Срубная клетчатая конструкция деревянной стены. Функция: удержание земляного заполнения и создание устойчивого основания оборонительной стены. Конструктивно: соединённые срубные клетки из брёвен, местами с грунтовой или каменной забутовкой; поверхностный боевой ярус реконструируется осторожно. Для генерации следует сохранять ручную технологию, неровность материала и регионально-историческую простоту формы.",городская община и гарнизон,общественная инфраструктура,оборонительное,1180,1260,"дубовые/хвойные брёвна, земля, камень локально","соединённые срубные клетки из брёвен, местами с грунтовой или каменной забутовкой; поверхностный боевой ярус реконструируется осторожно",по археологическому разрезу; универсальная высота не задаётся,точно не установлена; не нормировать без конкретной находки,"ремонтные заплаты, мокрый грунт, потёртые проходы",B,Хорошая реконструкция по новгородским данным и нескольким близким древнерусским аналогиям XII–XIII вв.,"[""SRC014"",""SRC015"",""SRC016"",""SRC071"",""SRC031""]",средне-высокий: без референса генератор часто подменяет форму позднесредневековой или этнографической,каменной казематной стеной позднего Средневековья,safe_with_constraints
FOR0015,Внутренняя деревянная лестница на боевой ход,fortifications,wall_access,"Внутренняя деревянная лестница на боевой ход. Функция: подъём стражи на верхнюю площадку деревянного укрепления. Конструктивно: крутая лестница из тёсаных боковин и ступеней либо лестница-шегла; крепление к стене простое. Для генерации следует сохранять ручную технологию, неровность материала и регионально-историческую простоту формы.",городская община и гарнизон,общественная инфраструктура,оборонительное,1180,1260,"дерево, деревянные нагели, железо редко",крутая лестница из тёсаных боковин и ступеней либо лестница-шегла; крепление к стене простое,узкая и крутая; точный размер по реконструкции стены,точно не установлена; не нормировать без конкретной находки,"ремонтные заплаты, мокрый грунт, потёртые проходы",C,"Осторожная реконструкция: функция или наличие вероятны, но конкретная форма/конструкция для Новгорода около 1230 не закреплена полностью.","[""SRC014"",""SRC015"",""SRC016"",""SRC071"",""SRC031""]",высокий: нужен конкретный референс и явная маркировка реконструкции,каменной винтовой лестницей башни XV века,reference_required
FOR0016,Деревянная дозорная/боевая площадка на стене,fortifications,wall_superstructure,Деревянный настил для защитников за ограждением стены; форма и высота около 1230 г. реконструируются.,городская община и гарнизон,public military,fortification,1180,1260,"бревна, плахи, жерди","настил на верхней части срубной стены, простое защитное ограждение",по конкретной находке/плану; универсальный размер не задаётся,точно не установлена; не нормировать без конкретной находки,"ремонтные заплаты, мокрый грунт, потёртые проходы",C,"Осторожная реконструкция: функция или наличие вероятны, но конкретная форма/конструкция для Новгорода около 1230 не закреплена полностью.","[""SRC014"",""SRC015"",""SRC016"",""SRC071"",""SRC031""]",высокий: нужен конкретный референс и явная маркировка реконструкции,каменные машикули и поздние зубцы,reference_required
WPN0001,"Стрела с древком, оперением и наконечником",weapons,arrow,"Стрела с деревянным древком. Функция: поражение цели из лука. Конструктивно: выпрямленное древко, оперение, вырезанная пята, насаженный наконечник. Для генерации следует сохранять ручную технологию, неровность материала и регионально-историческую простоту формы.","дружина, служилые люди, охотники, ополчение",от простого оружия ополчения до дорогого меча,боевое,1180,1260,"прямослойное дерево, железо/кость, перо, клей, нить","выпрямленное древко, оперение, вырезанная пята, насаженный наконечник",обычно около 60–90 см; точность по комплекту,точно не установлена; не нормировать без конкретной находки,"заточки, забоины, масло, ржавчина только умеренно",A,"Прямое новгородское археологическое, архитектурное или письменное подтверждение в подходящем диапазоне; форму всё равно сверять с конкретным опубликованным экземпляром.","[""SRC034"",""SRC035"",""SRC037"",""SRC032"",""SRC045""]","средний: опасность главным образом в позднем декоре, слишком новом состоянии и неверном масштабе",современной алюминиевой стрелой,safe_with_record_specific_reference
WPN0002,Костяной наконечник стрелы,weapons,arrowhead,"Костяной наконечник стрелы. Функция: охота на мелкую дичь/птицу или специальное применение. Конструктивно: заострённая и шлифованная деталь с насадкой на древко. Для генерации следует сохранять ручную технологию, неровность материала и регионально-историческую простоту формы.","дружина, служилые люди, охотники, ополчение",от простого оружия ополчения до дорогого меча,боевое,1180,1260,кость/рог,заострённая и шлифованная деталь с насадкой на древко,по находке,точно не установлена; не нормировать без конкретной находки,"заточки, забоины, масло, ржавчина только умеренно",B,Хорошая реконструкция по новгородским данным и нескольким близким древнерусским аналогиям XII–XIII вв.,"[""SRC034"",""SRC035"",""SRC037"",""SRC032"",""SRC045""]",средне-высокий: без референса генератор часто подменяет форму позднесредневековой или этнографической,декоративной «первобытной» стрелой,safe_with_constraints
WPN0003,Наконечник стрелы втульчатый бронебойный,weapons,arrowhead,"Наконечник стрелы втульчатый бронебойный. Функция: пробивание плотной одежды и защиты. Конструктивно: узкое гранёное перо и втулка на древко. Для генерации следует сохранять ручную технологию, неровность материала и регионально-историческую простоту формы.","дружина, служилые люди, охотники, ополчение",от простого оружия ополчения до дорогого меча,боевое,1180,1260,железо/сталь,узкое гранёное перо и втулка на древко,обычно несколько сантиметров,точно не установлена; не нормировать без конкретной находки,"заточки, забоины, масло, ржавчина только умеренно",A,"Прямое новгородское археологическое, архитектурное или письменное подтверждение в подходящем диапазоне; форму всё равно сверять с конкретным опубликованным экземпляром.","[""SRC034"",""SRC035"",""SRC037"",""SRC032""]","средний: опасность главным образом в позднем декоре, слишком новом состоянии и неверном масштабе",поздним арбалетным болтом,safe_with_record_specific_reference
WPN0004,Наконечник стрелы черешковый ромбический,weapons,arrowhead,"Наконечник стрелы черешковый ромбический. Функция: универсальное боевое поражение. Конструктивно: ромбическое/листовидное перо и длинный черешок в древко. Для генерации следует сохранять ручную технологию, неровность материала и регионально-историческую простоту формы.","дружина, служилые люди, охотники, ополчение",от простого оружия ополчения до дорогого меча,боевое,1180,1260,железо/сталь,ромбическое/листовидное перо и длинный черешок в древко,несколько сантиметров,точно не установлена; не нормировать без конкретной находки,"заточки, забоины, масло, ржавчина только умеренно",A,"Прямое новгородское археологическое, архитектурное или письменное подтверждение в подходящем диапазоне; форму всё равно сверять с конкретным опубликованным экземпляром.","[""SRC034"",""SRC035"",""SRC037"",""SRC032""]","средний: опасность главным образом в позднем декоре, слишком новом состоянии и неверном масштабе",современным спортивным наконечником,safe_with_record_specific_reference
WPN0005,Наконечник стрелы широколезвийный охотничий,weapons,arrowhead,"Наконечник стрелы широколезвийный охотничий. Функция: нанесение широкой раны зверю. Конструктивно: плоское широкое перо с острыми краями, черешок или втулка. Для генерации следует сохранять ручную технологию, неровность материала и регионально-историческую простоту формы.","дружина, служилые люди, охотники, ополчение",от простого оружия ополчения до дорогого меча,боевое,1180,1260,железо/сталь,"плоское широкое перо с острыми краями, черешок или втулка",несколько сантиметров,точно не установлена; не нормировать без конкретной находки,"заточки, забоины, масло, ржавчина только умеренно",A,"Прямое новгородское археологическое, архитектурное или письменное подтверждение в подходящем диапазоне; форму всё равно сверять с конкретным опубликованным экземпляром.","[""SRC034"",""SRC035"",""SRC037"",""SRC032"",""SRC045""]","средний: опасность главным образом в позднем декоре, слишком новом состоянии и неверном масштабе",фэнтезийной многолопастной стрелой,safe_with_record_specific_reference
WPN0006,Топор боевой бородовидный,weapons,battle_axe,"Топор боевой бородовидный. Функция: рубящее боевое оружие. Конструктивно: кованая проушная головка с оттянутой вниз бородой, узкий обух, сравнительно тонкое лезвие. Для генерации следует сохранять ручную технологию, неровность материала и регионально-историческую простоту формы.","дружина, служилые люди, охотники, ополчение",от простого оружия ополчения до дорогого меча,боевое,1180,1260,"железо/сталь, дерево","кованая проушная головка с оттянутой вниз бородой, узкий обух, сравнительно тонкое лезвие",головка обычно компактная; рукоять примерно 50–80 см,точно не установлена; не нормировать без конкретной находки,"заточки, забоины, масло, ржавчина только умеренно",A,"Прямое новгородское археологическое, архитектурное или письменное подтверждение в подходящем диапазоне; форму всё равно сверять с конкретным опубликованным экземпляром.","[""SRC034"",""SRC035"",""SRC037"",""SRC032""]","средний: опасность главным образом в позднем декоре, слишком новом состоянии и неверном масштабе",двуручной датской секирой XI века или поздней бердышевидной формой,safe_with_record_specific_reference
WPN0007,Топор боевой с молоточковидным обухом,weapons,battle_axe,"Топор боевой с молоточковидным обухом. Функция: рубяще-ударное оружие. Конструктивно: небольшое лезвие и вытянутый/молоточковидный обух; проушная насадка. Для генерации следует сохранять ручную технологию, неровность материала и регионально-историческую простоту формы.","дружина, служилые люди, охотники, ополчение",от простого оружия ополчения до дорогого меча,боевое,1180,1260,"железо/сталь, дерево",небольшое лезвие и вытянутый/молоточковидный обух; проушная насадка,"компактная головка, одноручная рукоять",точно не установлена; не нормировать без конкретной находки,"заточки, забоины, масло, ржавчина только умеренно",B,Хорошая реконструкция по новгородским данным и нескольким близким древнерусским аналогиям XII–XIII вв.,"[""SRC034"",""SRC035"",""SRC037"",""SRC032"",""SRC036""]",средне-высокий: без референса генератор часто подменяет форму позднесредневековой или этнографической,чеканом XIV–XVII века,safe_with_constraints
WPN0008,Лук простой деревянный,weapons,bow,"Лук простой деревянный. Функция: стрельба на охоте и в бою. Конструктивно: цельная дуга из подобранной древесины с утончающимися плечами; роговые/костяные накладки только по аналогу. Для генерации следует сохранять ручную технологию, неровность материала и регионально-историческую простоту формы.","дружина, служилые люди, охотники, ополчение",от простого оружия ополчения до дорогого меча,боевое,1180,1260,"упругая древесина, тетива",цельная дуга из подобранной древесины с утончающимися плечами; роговые/костяные накладки только по аналогу,"размер вариативен, часто ростовой или несколько короче; не задавать без экземпляра",точно не установлена; не нормировать без конкретной находки,"заточки, забоины, масло, ржавчина только умеренно",B,Хорошая реконструкция по новгородским данным и нескольким близким древнерусским аналогиям XII–XIII вв.,"[""SRC034"",""SRC035"",""SRC037"",""SRC032"",""SRC045""]",средне-высокий: без референса генератор часто подменяет форму позднесредневековой или этнографической,современным спортивным лонгбоу,safe_with_constraints
WPN0009,Лук сложносоставной,weapons,bow,"Лук сложносоставной. Функция: конная и пешая стрельба. Конструктивно: композитная дуга с рефлексом и накладками; сложная многослойная конструкция. Для генерации следует сохранять ручную технологию, неровность материала и регионально-историческую простоту формы.","дружина, служилые люди, охотники, ополчение",от простого оружия ополчения до дорогого меча,боевое,1180,1260,"дерево, рог, сухожилия, клей, береста/кожа",композитная дуга с рефлексом и накладками; сложная многослойная конструкция,компактнее простого лука; точный профиль по находке/аналогии,точно не установлена; не нормировать без конкретной находки,"заточки, забоины, масло, ржавчина только умеренно",C,"Осторожная реконструкция: функция или наличие вероятны, но конкретная форма/конструкция для Новгорода около 1230 не закреплена полностью.","[""SRC034"",""SRC035"",""SRC037"",""SRC032"",""SRC038""]",высокий: нужен конкретный референс и явная маркировка реконструкции,монгольским луком поздней стереотипной формы,reference_required
WPN0010,Дубина деревянная,weapons,club,"Дубина деревянная. Функция: простое ударное оружие и инструмент. Конструктивно: естественная или обтёсанная палка с утолщённым концом. Для генерации следует сохранять ручную технологию, неровность материала и регионально-историческую простоту формы.","дружина, служилые люди, охотники, ополчение",от простого оружия ополчения до дорогого меча,боевое,1180,1260,твёрдое дерево,естественная или обтёсанная палка с утолщённым концом,"примерно 50–100 см, вариативно",точно не установлена; не нормировать без конкретной находки,"заточки, забоины, масло, ржавчина только умеренно",B,Хорошая реконструкция по новгородским данным и нескольким близким древнерусским аналогиям XII–XIII вв.,"[""SRC034"",""SRC035"",""SRC037"",""SRC032"",""SRC008"",""SRC045""]",средне-высокий: без референса генератор часто подменяет форму позднесредневековой или этнографической,симметричной турнирной палицей,safe_with_constraints
WPN0011,Арбалетный болт раннего типа,weapons,crossbow_projectile,"Арбалетный болт раннего типа. Функция: снаряд самострела. Конструктивно: короткое толстое древко с массивным наконечником. Для генерации следует сохранять ручную технологию, неровность материала и регионально-историческую простоту формы.","дружина, служилые люди, охотники, ополчение",от простого оружия ополчения до дорогого меча,боевое,1180,1260,"дерево, железо",короткое толстое древко с массивным наконечником,короче стрелы; по типологии,точно не установлена; не нормировать без конкретной находки,"заточки, забоины, масло, ржавчина только умеренно",C,"Осторожная реконструкция: функция или наличие вероятны, но конкретная форма/конструкция для Новгорода около 1230 не закреплена полностью.","[""SRC034"",""SRC035"",""SRC037"",""SRC032""]",высокий: нужен конкретный референс и явная маркировка реконструкции,поздним турнирным болтом,reference_required
WPN0012,Наконечник сулицы,weapons,javelin_head,"Наконечник сулицы. Функция: лёгкое метательное и колющее оружие. Конструктивно: небольшое узкое перо с втулкой или черешком. Для генерации следует сохранять ручную технологию, неровность материала и регионально-историческую простоту формы.","дружина, служилые люди, охотники, ополчение",от простого оружия ополчения до дорогого меча,боевое,1180,1260,железо,небольшое узкое перо с втулкой или черешком,обычно меньше тяжёлого копейного наконечника,точно не установлена; не нормировать без конкретной находки,"заточки, забоины, масло, ржавчина только умеренно",B,Хорошая реконструкция по новгородским данным и нескольким близким древнерусским аналогиям XII–XIII вв.,"[""SRC034"",""SRC035"",""SRC037"",""SRC032""]",средне-высокий: без референса генератор часто подменяет форму позднесредневековой или этнографической,римским пилумом,safe_with_constraints
WPN0013,Нож с выгнутой спинкой,weapons,knife,"Нож с выгнутой спинкой. Функция: бытовая и ремесленная резка. Конструктивно: однолезвийный слегка изогнутый клинок с черешковой рукоятью. Для генерации следует сохранять ручную технологию, неровность материала и регионально-историческую простоту формы.","дружина, служилые люди, охотники, ополчение",от простого оружия ополчения до дорогого меча,боевое,1180,1260,"железо/сталь, дерево/кость",однолезвийный слегка изогнутый клинок с черешковой рукоятью,клинок около 8–18 см,точно не установлена; не нормировать без конкретной находки,"заточки, забоины, масло, ржавчина только умеренно",A,"Прямое новгородское археологическое, архитектурное или письменное подтверждение в подходящем диапазоне; форму всё равно сверять с конкретным опубликованным экземпляром.","[""SRC034"",""SRC035"",""SRC037"",""SRC032""]","средний: опасность главным образом в позднем декоре, слишком новом состоянии и неверном масштабе",восточной сабельной формой,safe_with_record_specific_reference
WPN0014,Нож универсальный с прямой спинкой,weapons,knife,"Нож универсальный с прямой спинкой. Функция: резка, ремесло, пища и бытовая самооборона. Конструктивно: однолезвийный клинок с хвостовиком в органической рукояти. Для генерации следует сохранять ручную технологию, неровность материала и регионально-историческую простоту формы.","дружина, служилые люди, охотники, ополчение",от простого оружия ополчения до дорогого меча,боевое,1180,1260,"железо/сталь, дерево/кость",однолезвийный клинок с хвостовиком в органической рукояти,обычно клинок около 8–20 см,точно не установлена; не нормировать без конкретной находки,"заточки, забоины, масло, ржавчина только умеренно",A,"Прямое новгородское археологическое, архитектурное или письменное подтверждение в подходящем диапазоне; форму всё равно сверять с конкретным опубликованным экземпляром.","[""SRC034"",""SRC035"",""SRC037"",""SRC032""]","средний: опасность главным образом в позднем декоре, слишком новом состоянии и неверном масштабе",современным ножом с накладной рукоятью и заклёпками без аналога,safe_with_record_specific_reference
WPN0015,Ножны кожаные для ножа,weapons,knife_sheath,"Ножны кожаные для ножа. Функция: защита и поясное ношение ножа. Конструктивно: сшитый формованный чехол, иногда с тиснением и подвесом. Для генерации следует сохранять ручную технологию, неровность материала и регионально-историческую простоту формы.","дружина, служилые люди, охотники, ополчение",от простого оружия ополчения до дорогого меча,боевое,1180,1260,"кожа, нить, возможные оковки","сшитый формованный чехол, иногда с тиснением и подвесом","по длине клинка, плотно прилегают",точно не установлена; не нормировать без конкретной находки,"заточки, забоины, масло, ржавчина только умеренно",A,"Прямое новгородское археологическое, архитектурное или письменное подтверждение в подходящем диапазоне; форму всё равно сверять с конкретным опубликованным экземпляром.","[""SRC061"",""SRC084"",""SRC034"",""SRC035"",""SRC037"",""SRC032""]","средний: опасность главным образом в позднем декоре, слишком новом состоянии и неверном масштабе",массовым металлическим футляром,safe_with_record_specific_reference
WPN0016,Длинный однолезвийный нож,weapons,long_knife,"Длинный однолезвийный нож. Функция: универсальный тяжёлый нож; возможное боевое применение. Конструктивно: удлинённый клинок с одним лезвием, без развитой поздней гарды. Для генерации следует сохранять ручную технологию, неровность материала и регионально-историческую простоту формы.","дружина, служилые люди, охотники, ополчение",от простого оружия ополчения до дорогого меча,боевое,1180,1260,"железо/сталь, дерево/кость","удлинённый клинок с одним лезвием, без развитой поздней гарды",клинок ориентировочно 20–40 см; только по находке,точно не установлена; не нормировать без конкретной находки,"заточки, забоины, масло, ржавчина только умеренно",C,"Осторожная реконструкция: функция или наличие вероятны, но конкретная форма/конструкция для Новгорода около 1230 не закреплена полностью.","[""SRC034"",""SRC035"",""SRC037"",""SRC032""]",высокий: нужен конкретный референс и явная маркировка реконструкции,викингским саксом как универсальным клише,reference_required
WPN0017,Булава с бронзовым ребристым навершием,weapons,mace,"Булава с бронзовым ребристым навершием. Функция: ударное и статусное оружие. Конструктивно: литое навершие с выступающими рёбрами/лопастями, центральная втулка. Для генерации следует сохранять ручную технологию, неровность материала и регионально-историческую простоту формы.","дружина, служилые люди, охотники, ополчение",от простого оружия ополчения до дорогого меча,боевое,1180,1260,"бронза/медный сплав, дерево","литое навершие с выступающими рёбрами/лопастями, центральная втулка",по находке; компактная,точно не установлена; не нормировать без конкретной находки,"заточки, забоины, масло, ржавчина только умеренно",B,Хорошая реконструкция по новгородским данным и нескольким близким древнерусским аналогиям XII–XIII вв.,"[""SRC034"",""SRC035"",""SRC037"",""SRC032""]",средне-высокий: без референса генератор часто подменяет форму позднесредневековой или этнографической,поздней перначевидной булавой,safe_with_constraints
WPN0018,Праща — спорная для локального военного набора,weapons,sling,"Праща. Функция: метание камней/свинцовых или глиняных снарядов. Конструктивно: небольшое ложе для снаряда и две тяги. Для генерации следует сохранять ручную технологию, неровность материала и регионально-историческую простоту формы.","дружина, служилые люди, охотники, ополчение",от простого оружия ополчения до дорогого меча,боевое,1180,1260,"кожа/ткань, шнуры",небольшое ложе для снаряда и две тяги,ручной размер,точно не установлена; не нормировать без конкретной находки,"заточки, забоины, масло, ржавчина только умеренно",D,"Технология общеисторически возможна, но уверенное включение в обычный новгородский военный набор около 1230 не обеспечено локальными данными.","[""SRC037""]",высокий: нужен конкретный референс и явная маркировка реконструкции,фэнтезийной пращой с металлическим механизмом,research_only
WPN0019,Подток копья,weapons,spear_butt,"Подток копья. Функция: защита нижнего конца древка и опора. Конструктивно: коническая или втульчатая оковка на конце древка. Для генерации следует сохранять ручную технологию, неровность материала и регионально-историческую простоту формы.","дружина, служилые люди, охотники, ополчение",от простого оружия ополчения до дорогого меча,боевое,1180,1260,железо,коническая или втульчатая оковка на конце древка,обычно 5–15 см,точно не установлена; не нормировать без конкретной находки,"заточки, забоины, масло, ржавчина только умеренно",B,Хорошая реконструкция по новгородским данным и нескольким близким древнерусским аналогиям XII–XIII вв.,"[""SRC034"",""SRC035"",""SRC037"",""SRC032""]",средне-высокий: без референса генератор часто подменяет форму позднесредневековой или этнографической,декоративным массивным противовесом фэнтези,safe_with_constraints
WPN0020,Копейное древко,weapons,spear_shaft,"Копейное древко. Функция: передача усилия наконечнику. Конструктивно: длинное ровное древко, наконечник насажен на втулку и закреплён штифтом/гвоздём. Для генерации следует сохранять ручную технологию, неровность материала и регионально-историческую простоту формы.","дружина, служилые люди, охотники, ополчение",от простого оружия ополчения до дорогого меча,боевое,1180,1260,"прямослойное дерево, железный наконечник","длинное ровное древко, наконечник насажен на втулку и закреплён штифтом/гвоздём",ориентировочно около 1.8–2.7 м по назначению; точность низкая,точно не установлена; не нормировать без конкретной находки,"заточки, забоины, масло, ржавчина только умеренно",B,Хорошая реконструкция по новгородским данным и нескольким близким древнерусским аналогиям XII–XIII вв.,"[""SRC034"",""SRC035"",""SRC037"",""SRC032"",""SRC008""]",средне-высокий: без референса генератор часто подменяет форму позднесредневековой или этнографической,турнирным копьём позднего Средневековья,safe_with_constraints
WPN0021,Боевой наконечник копья ланцетовидный,weapons,spearhead,"Боевой наконечник копья ланцетовидный. Функция: колющее оружие пехоты и конницы. Конструктивно: симметричное вытянутое перо с выраженным ребром и втулкой. Для генерации следует сохранять ручную технологию, неровность материала и регионально-историческую простоту формы.","дружина, служилые люди, охотники, ополчение",от простого оружия ополчения до дорогого меча,боевое,1180,1260,железо/сталь,симметричное вытянутое перо с выраженным ребром и втулкой,часто около 20–40 см с втулкой; точный тип по находке,точно не установлена; не нормировать без конкретной находки,"заточки, забоины, масло, ржавчина только умеренно",A,"Прямое новгородское археологическое, архитектурное или письменное подтверждение в подходящем диапазоне; форму всё равно сверять с конкретным опубликованным экземпляром.","[""SRC034"",""SRC035"",""SRC037"",""SRC032""]","средний: опасность главным образом в позднем декоре, слишком новом состоянии и неверном масштабе",фэнтезийным широким листовидным копьём,safe_with_record_specific_reference
WPN0022,Наконечник копья ромбический узкий,weapons,spearhead,"Наконечник копья ромбический узкий. Функция: пробивной укол. Конструктивно: узкое перо ромбического сечения на втулке. Для генерации следует сохранять ручную технологию, неровность материала и регионально-историческую простоту формы.","дружина, служилые люди, охотники, ополчение",от простого оружия ополчения до дорогого меча,боевое,1180,1260,железо/сталь,узкое перо ромбического сечения на втулке,примерно 15–30 см,точно не установлена; не нормировать без конкретной находки,"заточки, забоины, масло, ржавчина только умеренно",A,"Прямое новгородское археологическое, архитектурное или письменное подтверждение в подходящем диапазоне; форму всё равно сверять с конкретным опубликованным экземпляром.","[""SRC034"",""SRC035"",""SRC037"",""SRC032""]","средний: опасность главным образом в позднем декоре, слишком новом состоянии и неверном масштабе",поздней пикой XV–XVII века,safe_with_record_specific_reference
WPN0023,Наконечник копья с лавролистным пером,weapons,spearhead,"Наконечник копья с лавролистным пером. Функция: боевое или охотничье колющее оружие. Конструктивно: широкое листовидное перо, плавно переходящее во втулку. Для генерации следует сохранять ручную технологию, неровность материала и регионально-историческую простоту формы.","дружина, служилые люди, охотники, ополчение",от простого оружия ополчения до дорогого меча,боевое,1180,1260,железо/сталь,"широкое листовидное перо, плавно переходящее во втулку",примерно 20–40 см,точно не установлена; не нормировать без конкретной находки,"заточки, забоины, масло, ржавчина только умеренно",B,Хорошая реконструкция по новгородским данным и нескольким близким древнерусским аналогиям XII–XIII вв.,"[""SRC034"",""SRC035"",""SRC037"",""SRC032""]",средне-высокий: без референса генератор часто подменяет форму позднесредневековой или этнографической,барочным церемониальным копьём,safe_with_constraints
WPN0024,Меч с линзовидным сечением клинка без выраженного дола,weapons,sword_blade,"Меч с линзовидным сечением клинка без выраженного дола. Функция: рубяще-колющее оружие. Конструктивно: сравнительно жёсткий клинок линзовидного сечения; острие выражено сильнее. Для генерации следует сохранять ручную технологию, неровность материала и регионально-историческую простоту формы.","дружина, служилые люди, охотники, ополчение",от простого оружия ополчения до дорогого меча,боевое,1180,1260,сталь/железо,сравнительно жёсткий клинок линзовидного сечения; острие выражено сильнее,около 85–100 см целиком,точно не установлена; не нормировать без конкретной находки,"заточки, забоины, масло, ржавчина только умеренно",B,Хорошая реконструкция по новгородским данным и нескольким близким древнерусским аналогиям XII–XIII вв.,"[""SRC034"",""SRC035"",""SRC037"",""SRC032""]",средне-высокий: без референса генератор часто подменяет форму позднесредневековой или этнографической,позднесредневековым специализированным колющим мечом,safe_with_constraints
WPN0025,Обоюдоострый меч с широким долом,weapons,sword_blade,"Меч с прямым обоюдоострым клинком и широким долом. Функция: рубяще-колющее оружие профессионального воина. Конструктивно: кованый прямой клинок, широкий неглубокий дол, симметричное острие; короткая крестовина и составная рукоять. Для генерации следует сохранять ручную технологию, неровность материала и регионально-историческую простоту формы.","дружина, служилые люди, охотники, ополчение",от простого оружия ополчения до дорогого меча,боевое,1180,1260,сталь/железо; органическая рукоять,"кованый прямой клинок, широкий неглубокий дол, симметричное острие; короткая крестовина и составная рукоять",общая длина обычно около 85–100 см; клинок около 70–85 см,точно не установлена; не нормировать без конкретной находки,"заточки, забоины, масло, ржавчина только умеренно",B,Тип хорошо подтверждён древнерусскими находками и сводом А.Н. Кирпичникова; сочетание всех деталей конкретного меча не следует собирать из разных экземпляров.,"[""SRC034"",""SRC035"",""SRC037""]","средний: опасность главным образом в позднем декоре, слишком новом состоянии и неверном масштабе","поздним двуручным мечом, фэнтезийным широким клинком",reference_required
WPN0026,Меч с дисковидным навершием,weapons,sword_hilt,"Меч с дисковидным навершием. Функция: оружие и статусный предмет. Конструктивно: прямая гарда; рукоять с деревянной основой и кожаной/нитяной обмоткой; круглое дисковидное навершие. Для генерации следует сохранять ручную технологию, неровность материала и регионально-историческую простоту формы.","дружина, служилые люди, охотники, ополчение",от простого оружия ополчения до дорогого меча,боевое,1180,1260,"железо/сталь, дерево, кожа",прямая гарда; рукоять с деревянной основой и кожаной/нитяной обмоткой; круглое дисковидное навершие,рукоять примерно 14–20 см включая гарду и навершие,точно не установлена; не нормировать без конкретной находки,"заточки, забоины, масло, ржавчина только умеренно",B,Хорошая реконструкция по новгородским данным и нескольким близким древнерусским аналогиям XII–XIII вв.,"[""SRC034"",""SRC035"",""SRC037"",""SRC032""]",средне-высокий: без референса генератор часто подменяет форму позднесредневековой или этнографической,рапирным и позднеготическим эфесом,safe_with_constraints
WPN0027,Меч с ореховидным навершием,weapons,sword_hilt,"Меч с ореховидным навершием. Функция: оружие состоятельного воина. Конструктивно: прямое или слегка выпуклое навершие ореховидного/бразильского типа, простая крестовина. Для генерации следует сохранять ручную технологию, неровность материала и регионально-историческую простоту формы.","дружина, служилые люди, охотники, ополчение",от простого оружия ополчения до дорогого меча,боевое,1180,1260,"железо, дерево, кожа","прямое или слегка выпуклое навершие ореховидного/бразильского типа, простая крестовина",по конкретной находке,точно не установлена; не нормировать без конкретной находки,"заточки, забоины, масло, ржавчина только умеренно",B,Хорошая реконструкция по новгородским данным и нескольким близким древнерусским аналогиям XII–XIII вв.,"[""SRC034"",""SRC035"",""SRC037"",""SRC032"",""SRC051""]",средне-высокий: без референса генератор часто подменяет форму позднесредневековой или этнографической,каролингским мечом IX–X века,safe_with_constraints
WPN0028,Деревянная основа рукояти меча,weapons,sword_hilt_part,"Деревянная основа рукояти меча. Функция: удержание хвостовика клинка. Конструктивно: две щёчки или просверленная цельная рукоять на хвостовике, обмотка органическим материалом. Для генерации следует сохранять ручную технологию, неровность материала и регионально-историческую простоту формы.","дружина, служилые люди, охотники, ополчение",от простого оружия ополчения до дорогого меча,боевое,1180,1260,"дерево, кожа/нить","две щёчки или просверленная цельная рукоять на хвостовике, обмотка органическим материалом",длина хвата обычно около 9–12 см,точно не установлена; не нормировать без конкретной находки,"заточки, забоины, масло, ржавчина только умеренно",B,Хорошая реконструкция по новгородским данным и нескольким близким древнерусским аналогиям XII–XIII вв.,"[""SRC034"",""SRC035"",""SRC037"",""SRC032""]",средне-высокий: без референса генератор часто подменяет форму позднесредневековой или этнографической,современной резиновой или проволочной рукоятью,safe_with_constraints
WPN0029,Прямая мечовая крестовина,weapons,sword_hilt_part,"Прямая мечовая крестовина. Функция: защита кисти и балансировка меча. Конструктивно: кованая поперечина с центральным отверстием; концы прямые или слегка утолщённые. Для генерации следует сохранять ручную технологию, неровность материала и регионально-историческую простоту формы.","дружина, служилые люди, охотники, ополчение",от простого оружия ополчения до дорогого меча,боевое,1180,1260,железо,кованая поперечина с центральным отверстием; концы прямые или слегка утолщённые,обычно около 16–25 см,точно не установлена; не нормировать без конкретной находки,"заточки, забоины, масло, ржавчина только умеренно",A,"Прямое новгородское археологическое, архитектурное или письменное подтверждение в подходящем диапазоне; форму всё равно сверять с конкретным опубликованным экземпляром.","[""SRC034"",""SRC035"",""SRC037"",""SRC032""]","средний: опасность главным образом в позднем декоре, слишком новом состоянии и неверном масштабе",длинной поздней S-образной гардой,safe_with_record_specific_reference
WPN0030,Топор универсальный малый,weapons,utility_axe,"Топор универсальный малый. Функция: рубка древесины, хозяйственная работа и при необходимости бой. Конструктивно: проушная головка с умеренным лезвием, короткая топорище. Для генерации следует сохранять ручную технологию, неровность материала и регионально-историческую простоту формы.","дружина, служилые люди, охотники, ополчение",от простого оружия ополчения до дорогого меча,боевое,1180,1260,"железо/сталь, дерево","проушная головка с умеренным лезвием, короткая топорище",рукоять примерно 40–65 см,точно не установлена; не нормировать без конкретной находки,"заточки, забоины, масло, ржавчина только умеренно",A,"Прямое новгородское археологическое, архитектурное или письменное подтверждение в подходящем диапазоне; форму всё равно сверять с конкретным опубликованным экземпляром.","[""SRC034"",""SRC035"",""SRC037"",""SRC032""]","средний: опасность главным образом в позднем декоре, слишком новом состоянии и неверном масштабе",современным туристическим топором,safe_with_record_specific_reference
WPN0031,Узколезвийный боевой топор,weapons,боевые и универсальные топоры,"Небольшая головка с узким вытянутым лезвием, иногда с выраженным обухом; предназначена для боя и удобна в переноске.","воины, ополченцы, плотники",от массового копья до статусного меча,боевое,1180,1260,"железо/сталь, дерево",кованая проушная головка,небольшая головка; рукоять одной руки,точно не установлена; не нормировать без конкретной находки,"заточки, забоины, масло, ржавчина только умеренно",B,Хорошая реконструкция по новгородским данным и нескольким близким древнерусским аналогиям XII–XIII вв.,"[""SRC034"",""SRC035"",""SRC037"",""SRC032""]",средне-высокий: без референса генератор часто подменяет форму позднесредневековой или этнографической,поздними этнографическими и неосредневековыми формами той же функции,safe_with_constraints
WPN0032,Копьё с ланцетовидным наконечником,weapons,"копья, сулицы и рогатины","Железный наконечник с вытянутым симметричным пером и втулкой; универсальная колюще-рубящая форма, широко представленная в древнерусском оружии.","воины, ополчение, охотники",от массового копья до статусного меча,боевое,1180,1260,"железо/сталь, ясень или иное прочное прямое дерево",кованое перо переходит во втулку; древко закреплено заклёпкой/гвоздём,наконечник часто порядка 15–35 см; древко примерно 1.8–2.7 м по функции,точно не установлена; не нормировать без конкретной находки,"заточки, забоины, масло, ржавчина только умеренно",B,Хорошая реконструкция по новгородским данным и нескольким близким древнерусским аналогиям XII–XIII вв.,"[""SRC034"",""SRC035"",""SRC037"",""SRC032""]",средне-высокий: без референса генератор часто подменяет форму позднесредневековой или этнографической,поздними этнографическими и неосредневековыми формами той же функции,safe_with_constraints
WPN0033,Копьё с узким гранёным наконечником,weapons,"копья, сулицы и рогатины","Узкое жёсткое перо, рассчитанное прежде всего на укол; не следует превращать в позднюю пику.","воины, ополчение, охотники",от массового копья до статусного меча,боевое,1180,1260,"железо/сталь, дерево",гранёное перо и втулка,узкий наконечник; древко до роста человека и выше,точно не установлена; не нормировать без конкретной находки,"заточки, забоины, масло, ржавчина только умеренно",B,Хорошая реконструкция по новгородским данным и нескольким близким древнерусским аналогиям XII–XIII вв.,"[""SRC034"",""SRC035"",""SRC037"",""SRC032""]",средне-высокий: без референса генератор часто подменяет форму позднесредневековой или этнографической,поздними этнографическими и неосредневековыми формами той же функции,safe_with_constraints
WPN0034,Наконечник копья с втулкой и крепёжным гвоздём,weapons,"копья, сулицы и рогатины","Отдельная материальная деталь копья: кованое перо, свернутая/вытянутая втулка и отверстие для крепления к древку.","воины, ополчение, охотники",от массового копья до статусного меча,боевое,1180,1260,железо/сталь,"ковка, сварка шва втулки при необходимости, закалка лезвий/острия",обычно десятки сантиметров,точно не установлена; не нормировать без конкретной находки,"заточки, забоины, масло, ржавчина только умеренно",A,"Прямое новгородское археологическое, архитектурное или письменное подтверждение в подходящем диапазоне; форму всё равно сверять с конкретным опубликованным экземпляром.","[""SRC034"",""SRC035"",""SRC037"",""SRC032""]","средний: опасность главным образом в позднем декоре, слишком новом состоянии и неверном масштабе",поздними этнографическими и неосредневековыми формами той же функции,safe_with_record_specific_reference
WPN0035,Широколезвийная рогатина — охотничье/боевое копьё,weapons,"копья, сулицы и рогатины",Крупный наконечник с широким прочным пером; подходит для крупного зверя и тяжёлого ближнего укола. Конкретная терминология и форма требуют привязки к типу.,"воины, ополчение, охотники",от массового копья до статусного меча,боевое,1180,1260,"железо/сталь, массивное древко",широкое кованое перо с прочной втулкой,крупнее обычного копейного наконечника; древко около 2 м или более,точно не установлена; не нормировать без конкретной находки,"заточки, забоины, масло, ржавчина только умеренно",B,Хорошая реконструкция по новгородским данным и нескольким близким древнерусским аналогиям XII–XIII вв.,"[""SRC034"",""SRC035"",""SRC037"",""SRC032"",""SRC045""]",средне-высокий: без референса генератор часто подменяет форму позднесредневековой или этнографической,поздними этнографическими и неосредневековыми формами той же функции,safe_with_constraints
WPN0036,Бронебойный гранёный наконечник стрелы,weapons,"лук, стрелы и самострел","Узкий железный наконечник квадратного/ромбического сечения, рассчитанный на концентрированный удар; не гарантирует пробитие любой брони.","лучники, охотники, отдельные профессиональные воины",от массового копья до статусного меча,метательное,1180,1260,железо/сталь,кованый черешковый наконечник,обычно несколько сантиметров,точно не установлена; не нормировать без конкретной находки,"заточки, забоины, масло, ржавчина только умеренно",B,Хорошая реконструкция по новгородским данным и нескольким близким древнерусским аналогиям XII–XIII вв.,"[""SRC034"",""SRC035"",""SRC037"",""SRC032""]",средне-высокий: без референса генератор часто подменяет форму позднесредневековой или этнографической,поздними этнографическими и неосредневековыми формами той же функции,safe_with_constraints
WPN0037,Тупой костяной или деревянный наконечник стрелы,weapons,"лук, стрелы и самострел",Тупая ударная головка для охоты на мелкую дичь/обучения; применение в конкретном новгородском контексте требует референса.,"лучники, охотники, отдельные профессиональные воины",от массового копья до статусного меча,метательное,1180,1260,кость или твёрдое дерево,точёная/резная головка на древке,малый,точно не установлена; не нормировать без конкретной находки,"заточки, забоины, масло, ржавчина только умеренно",C,"Осторожная реконструкция: функция или наличие вероятны, но конкретная форма/конструкция для Новгорода около 1230 не закреплена полностью.","[""SRC034"",""SRC035"",""SRC037"",""SRC032"",""SRC045""]",высокий: нужен конкретный референс и явная маркировка реконструкции,поздними этнографическими и неосредневековыми формами той же функции,reference_required
WPN0038,Меч с дисковидным или линзовидным навершием,weapons,мечи и ножны,Позднероманская форма рукояти с компактным округлым навершием; для новгородского персонажа требует конкретного северорусского или балтийского аналога 1200–1250.,"дружинники, бояре, состоятельные служилые люди",от массового копья до статусного меча,боевое,1200,1260,"сталь/железо, дерево, кожа",клинок с прямой гардой; округлое навершие расклепано на хвостовике,общая длина около 90–105 см по аналогу,точно не установлена; не нормировать без конкретной находки,"заточки, забоины, масло, ржавчина только умеренно",B,Хорошая реконструкция по новгородским данным и нескольким близким древнерусским аналогиям XII–XIII вв.,"[""SRC034"",""SRC035"",""SRC037"",""SRC032"",""SRC051""]",средне-высокий: без референса генератор часто подменяет форму позднесредневековой или этнографической,поздними этнографическими и неосредневековыми формами той же функции,safe_with_constraints
WPN0039,Меч с прямым брусковидным навершием — ранняя форма,weapons,мечи и ножны,"Меч с прямой гардой и относительно простым поперечным/брусковидным навершием; возможен как более ранний предмет, сохранявшийся в употреблении, но не универсальная форма 1230 года.","дружинники, бояре, состоятельные служилые люди",от массового копья до статусного меча,боевое,1100,1230,"железо/сталь, дерево, кожа",кованый клинок и насадные детали рукояти,одноручный меч,точно не установлена; не нормировать без конкретной находки,"заточки, забоины, масло, ржавчина только умеренно",C,"Осторожная реконструкция: функция или наличие вероятны, но конкретная форма/конструкция для Новгорода около 1230 не закреплена полностью.","[""SRC034"",""SRC035"",""SRC037"",""SRC032""]",высокий: нужен конкретный референс и явная маркировка реконструкции,каролингским мечом IX–X вв. как массовой нормой 1230 года,reference_required
WPN0040,Поясной ременной подвес меча,weapons,мечи и ножны,"Система ремней, связывающая ножны с поясом и удерживающая их под углом; точное число и положение ремешков зависит от реконструируемого комплекса.","дружинники, бояре, состоятельные служилые люди",от массового копья до статусного меча,боевое,1180,1260,"кожа, железные/бронзовые пряжки и накладки",ремни с петлями/пряжками вокруг ножен и пояса,по фигуре и ножнам,точно не установлена; не нормировать без конкретной находки,"заточки, забоины, масло, ржавчина только умеренно",B,Хорошая реконструкция по новгородским данным и нескольким близким древнерусским аналогиям XII–XIII вв.,"[""SRC034"",""SRC035"",""SRC037"",""SRC032"",""SRC061""]",средне-высокий: без референса генератор часто подменяет форму позднесредневековой или этнографической,поздними этнографическими и неосредневековыми формами той же функции,safe_with_constraints
WPN0041,Бердыш,weapons,"мечи, копья, топоры, луки и другое оружие",Длиннодревковый широколезвийный топор XVI–XVII вв.; внесён только как запрет.,"дружина, служилые люди, охотники, ополчение",от простого ополчения до княжеской дружины,боевое,1500,1700,"железо, дерево",длинное широкое лезвие на древке,поздняя форма,точно не установлена; не нормировать без конкретной находки,"заточки, забоины, масло, ржавчина только умеренно",D,Спорно. Хранится только как исследовательская гипотеза и не должно автоматически попадать в генерацию.,"[""SRC034"",""SRC035"",""SRC037"",""SRC032""]",критический,поздними этнографическими и неосредневековыми формами той же функции,research_only
WPN0042,Боевой нож с прямой спинкой,weapons,"мечи, копья, топоры, луки и другое оружие","Средний однолезвийный клинок, по форме близкий крупному универсальному ножу; статус боевого определяется контекстом, а не отдельной фантазийной формой.","дружина, служилые люди, охотники, ополчение",от простого ополчения до княжеской дружины,боевое,1180,1260,"железо/сталь, дерево/кость рукояти, кожа ножен",кованый клинок с хвостовиком,"обычно короче меча, клинок примерно 10–25 см; точный размер по находке",точно не установлена; не нормировать без конкретной находки,"заточки, забоины, масло, ржавчина только умеренно",A,"Прямое новгородское археологическое, архитектурное или письменное подтверждение в подходящем диапазоне; форму всё равно сверять с конкретным опубликованным экземпляром.","[""SRC034"",""SRC035"",""SRC037"",""SRC032"",""SRC008"",""SRC061""]","средний: опасность главным образом в позднем декоре, слишком новом состоянии и неверном масштабе",поздним кинжалом с развитой гардой или фэнтезийным тесаком,safe_with_record_specific_reference
WPN0043,Бронзовая булава с пирамидальными шипами,weapons,"мечи, копья, топоры, луки и другое оружие",Литое навершие с несколькими невысокими выступами; не огромная фэнтезийная моргенштерн-булава.,"дружина, служилые люди, охотники, ополчение",от простого ополчения до княжеской дружины,боевое,1180,1260,"бронза, деревянная рукоять",литое полое/цельное навершие,"компактное, по экземпляру",точно не установлена; не нормировать без конкретной находки,"заточки, забоины, масло, ржавчина только умеренно",C,"Осторожная реконструкция: функция или наличие вероятны, но конкретная форма/конструкция для Новгорода около 1230 не закреплена полностью.","[""SRC034"",""SRC035"",""SRC037"",""SRC032"",""SRC036""]",высокий: нужен конкретный референс и явная маркировка реконструкции,поздними этнографическими и неосредневековыми формами той же функции,reference_required
WPN0044,Булава с железным многогранным навершием,weapons,"мечи, копья, топоры, луки и другое оружие","Компактное ударное навершие с выступами/гранями, насаженное на короткую деревянную рукоять.","дружина, служилые люди, охотники, ополчение",от простого ополчения до княжеской дружины,боевое,1180,1260,"железо или бронза, дерево",литое/кованое навершие с центральным отверстием на рукояти,навершие обычно несколько сантиметров; рукоять одноручная,точно не установлена; не нормировать без конкретной находки,"заточки, забоины, масло, ржавчина только умеренно",B,Хорошая реконструкция по новгородским данным и нескольким близким древнерусским аналогиям XII–XIII вв.,"[""SRC034"",""SRC035"",""SRC037"",""SRC032"",""SRC036""]",средне-высокий: без референса генератор часто подменяет форму позднесредневековой или этнографической,поздними этнографическими и неосредневековыми формами той же функции,safe_with_constraints
WPN0045,Двушипный или гарпунный наконечник стрелы — специальный,weapons,"мечи, копья, топоры, луки и другое оружие","Наконечник с обратными зубцами, связанный с охотой/рыболовством; не универсальная военная стрела.","дружина, служилые люди, охотники, ополчение",от простого ополчения до княжеской дружины,боевое,1180,1260,железо или кость,кованое/резное острие с зубцами,по находке,точно не установлена; не нормировать без конкретной находки,"заточки, забоины, масло, ржавчина только умеренно",B,Хорошая реконструкция по новгородским данным и нескольким близким древнерусским аналогиям XII–XIII вв.,"[""SRC034"",""SRC035"",""SRC037"",""SRC032""]",средне-высокий: без референса генератор часто подменяет форму позднесредневековой или этнографической,поздними этнографическими и неосредневековыми формами той же функции,safe_with_constraints
WPN0046,Древко стрелы,weapons,"мечи, копья, топоры, луки и другое оружие","Прямая тонкая деревянная заготовка с насаженным наконечником, вырезом под тетиву и оперением.","дружина, служилые люди, охотники, ополчение",от простого ополчения до княжеской дружины,боевое,1180,1260,"прямая мелкослойная древесина, перо, клей/обмотка",струганое и выправленное древко,примерно 60–85 см как общий ориентир; конкретно по комплексу,точно не установлена; не нормировать без конкретной находки,"заточки, забоины, масло, ржавчина только умеренно",B,Хорошая реконструкция по новгородским данным и нескольким близким древнерусским аналогиям XII–XIII вв.,"[""SRC034"",""SRC035"",""SRC037"",""SRC032""]",средне-высокий: без референса генератор часто подменяет форму позднесредневековой или этнографической,поздними этнографическими и неосредневековыми формами той же функции,safe_with_constraints
WPN0047,Каменное ядро для метательной машины — осадное,weapons,"мечи, копья, топоры, луки и другое оружие",Крупный округлый камень для камнемётной машины; относится к осадному контексту и не является обычным уличным предметом.,"дружина, служилые люди, охотники, ополчение",от простого ополчения до княжеской дружины,осадное,1180,1260,камень,обтёсан до приблизительно сферической формы,значительно тяжелее ручного снаряда; по находке,точно не установлена; не нормировать без конкретной находки,"заточки, забоины, масло, ржавчина только умеренно",C,"Осторожная реконструкция: функция или наличие вероятны, но конкретная форма/конструкция для Новгорода около 1230 не закреплена полностью.","[""SRC034"",""SRC035"",""SRC037"",""SRC032""]",высокий: нужен конкретный референс и явная маркировка реконструкции,поздними этнографическими и неосредневековыми формами той же функции,reference_required
WPN0048,Конное копьё,weapons,"мечи, копья, топоры, луки и другое оружие","Более длинное и прочное копьё всадника; точная техника удержания и длина зависят от военной традиции, поэтому не изображается как поздняя рыцарская турнирная ланса.","дружина, служилые люди, охотники, ополчение",от простого ополчения до княжеской дружины,боевое,1180,1260,"прямое деревянное древко, железный наконечник",тщательно выструганное древко без позднего упора для руки,примерно 2.5–3.2 м как ориентир; конкретика по реконструкции,точно не установлена; не нормировать без конкретной находки,"заточки, забоины, масло, ржавчина только умеренно",C,"Осторожная реконструкция: функция или наличие вероятны, но конкретная форма/конструкция для Новгорода около 1230 не закреплена полностью.","[""SRC034"",""SRC035"",""SRC037"",""SRC032"",""SRC036"",""SRC038""]",высокий: нужен конкретный референс и явная маркировка реконструкции,тяжёлым турнирным копьём XIV–XVI вв.,reference_required
WPN0049,Копьё с ромбическим пером,weapons,"мечи, копья, топоры, луки и другое оружие","Компактное перо ромбической формы и усиленного сечения, закреплённое на втулке.","дружина, служилые люди, охотники, ополчение",от простого ополчения до княжеской дружины,боевое,1180,1260,"железо/сталь, дерево",кованое перо с втулкой,по конкретному типу,точно не установлена; не нормировать без конкретной находки,"заточки, забоины, масло, ржавчина только умеренно",B,Хорошая реконструкция по новгородским данным и нескольким близким древнерусским аналогиям XII–XIII вв.,"[""SRC034"",""SRC035"",""SRC037"",""SRC032"",""SRC036""]",средне-высокий: без референса генератор часто подменяет форму позднесредневековой или этнографической,поздними этнографическими и неосредневековыми формами той же функции,safe_with_constraints
WPN0050,Копьё с узким удлинённым пером,weapons,"мечи, копья, топоры, луки и другое оружие",Узкое вытянутое перо ромбического или линзовидного сечения для концентрированного колющего удара.,"дружина, служилые люди, охотники, ополчение",от простого ополчения до княжеской дружины,боевое,1180,1260,"железо/сталь, дерево",кованый наконечник с втулкой,наконечник по типу; древко 2–3 м ориентировочно,точно не установлена; не нормировать без конкретной находки,"заточки, забоины, масло, ржавчина только умеренно",B,Хорошая реконструкция по новгородским данным и нескольким близким древнерусским аналогиям XII–XIII вв.,"[""SRC034"",""SRC035"",""SRC037"",""SRC032""]",средне-высокий: без референса генератор часто подменяет форму позднесредневековой или этнографической,поздними этнографическими и неосредневековыми формами той же функции,safe_with_constraints
WPN0051,Копьё с широким ланцетовидным наконечником,weapons,"мечи, копья, топоры, луки и другое оружие","Симметричное листовидное перо с втулкой, пригодное для колющего удара пешего или конного воина.","дружина, служилые люди, охотники, ополчение",от простого ополчения до княжеской дружины,боевое,1180,1260,"железный/стальной наконечник, деревянное древко","кованое перо и сваренная/вытянутая втулка, насаженная на древко",наконечник часто 20–40 см; древко ориентировочно 2–3 м в зависимости от применения,точно не установлена; не нормировать без конкретной находки,"заточки, забоины, масло, ржавчина только умеренно",B,Хорошая реконструкция по новгородским данным и нескольким близким древнерусским аналогиям XII–XIII вв.,"[""SRC034"",""SRC035"",""SRC037"",""SRC032"",""SRC036""]",средне-высокий: без референса генератор часто подменяет форму позднесредневековой или этнографической,поздними этнографическими и неосредневековыми формами той же функции,safe_with_constraints
WPN0052,Листовидный наконечник стрелы,weapons,"мечи, копья, топоры, луки и другое оружие","Плоское расширенное перо с черешком, пригодное для поражения мягкой цели и охоты.","дружина, служилые люди, охотники, ополчение",от простого ополчения до княжеской дружины,боевое,1180,1260,железо/сталь,кованое перо и черешок,по типологической таблице,точно не установлена; не нормировать без конкретной находки,"заточки, забоины, масло, ржавчина только умеренно",A,"Прямое новгородское археологическое, архитектурное или письменное подтверждение в подходящем диапазоне; форму всё равно сверять с конкретным опубликованным экземпляром.","[""SRC034"",""SRC035"",""SRC037"",""SRC032""]","средний: опасность главным образом в позднем декоре, слишком новом состоянии и неверном масштабе",поздними этнографическими и неосредневековыми формами той же функции,safe_with_record_specific_reference
WPN0053,Наконечник ножен меча,weapons,"мечи, копья, топоры, луки и другое оружие","Металлическая деталь на нижнем конце ножен, защищающая дерево от удара и истирания; форма зависит от датированного типа.","дружина, служилые люди, охотники, ополчение",от простого ополчения до княжеской дружины,боевое,1180,1260,бронза/латунь или железо,литая или кованая обойма,обычно несколько сантиметров,точно не установлена; не нормировать без конкретной находки,"заточки, забоины, масло, ржавчина только умеренно",B,Хорошая реконструкция по новгородским данным и нескольким близким древнерусским аналогиям XII–XIII вв.,"[""SRC034"",""SRC035"",""SRC037"",""SRC032"",""SRC051""]",средне-высокий: без референса генератор часто подменяет форму позднесредневековой или этнографической,поздними этнографическими и неосредневековыми формами той же функции,safe_with_constraints
WPN0054,Налуч для составного лука,weapons,"мечи, копья, топоры, луки и другое оружие","Кожаный или комбинированный чехол, закрывающий лук либо его часть при переноске.","дружина, служилые люди, охотники, ополчение",от простого ополчения до княжеской дружины,боевое,1180,1260,"кожа, дерево/ткань в основании, ремни",сшитый профильный футляр,по форме сложенного/натянутого лука,точно не установлена; не нормировать без конкретной находки,"заточки, забоины, масло, ржавчина только умеренно",B,Хорошая реконструкция по новгородским данным и нескольким близким древнерусским аналогиям XII–XIII вв.,"[""SRC034"",""SRC035"",""SRC037"",""SRC032"",""SRC061"",""SRC038""]",средне-высокий: без референса генератор часто подменяет форму позднесредневековой или этнографической,поздними этнографическими и неосредневековыми формами той же функции,safe_with_constraints
WPN0055,"Ножны меча деревянные, обтянутые кожей",weapons,"мечи, копья, топоры, луки и другое оружие","Узкий футляр из двух деревянных половин, обтянутых кожей или тканью, с устьем и наконечником; повторяет форму клинка.","дружина, служилые люди, охотники, ополчение",от простого ополчения до княжеской дружины,боевое,1180,1260,"тонкие деревянные планки, кожа/ткань, клей, железо/цветной металл на устье и наконечнике",две выдолбленные половины соединены и обтянуты,чуть длиннее и шире соответствующего клинка,точно не установлена; не нормировать без конкретной находки,"заточки, забоины, масло, ржавчина только умеренно",B,Хорошая реконструкция по новгородским данным и нескольким близким древнерусским аналогиям XII–XIII вв.,"[""SRC034"",""SRC035"",""SRC037"",""SRC032"",""SRC061"",""SRC008""]",средне-высокий: без референса генератор часто подменяет форму позднесредневековой или этнографической,поздними этнографическими и неосредневековыми формами той же функции,safe_with_constraints
WPN0056,Оперение стрелы,weapons,"мечи, копья, топоры, луки и другое оружие","Два или три продольных сегмента пера, приклеенных и примотанных к задней части древка.","дружина, служилые люди, охотники, ополчение",от простого ополчения до княжеской дружины,боевое,1180,1260,"маховые перья, клей, тонкая нить",обрезанные перья и обмотка,несколько сантиметров вдоль древка,точно не установлена; не нормировать без конкретной находки,"заточки, забоины, масло, ржавчина только умеренно",B,Хорошая реконструкция по новгородским данным и нескольким близким древнерусским аналогиям XII–XIII вв.,"[""SRC034"",""SRC035"",""SRC037"",""SRC032"",""SRC008""]",средне-высокий: без референса генератор часто подменяет форму позднесредневековой или этнографической,поздними этнографическими и неосредневековыми формами той же функции,safe_with_constraints
WPN0057,Пехотное копьё средней длины,weapons,"мечи, копья, топоры, луки и другое оружие","Древко умеренной длины с боевым наконечником; используется строем или индивидуально, без поздней пики.","дружина, служилые люди, охотники, ополчение",от простого ополчения до княжеской дружины,боевое,1180,1260,"ясень/берёза/другая прочная древесина, железный наконечник","прямое строганое древко, втульчатый наконечник, возможный подток",ориентировочно 2–2.5 м; не нормировать без сценария,точно не установлена; не нормировать без конкретной находки,"заточки, забоины, масло, ржавчина только умеренно",B,Хорошая реконструкция по новгородским данным и нескольким близким древнерусским аналогиям XII–XIII вв.,"[""SRC034"",""SRC035"",""SRC037"",""SRC032"",""SRC036"",""SRC008""]",средне-высокий: без референса генератор часто подменяет форму позднесредневековой или этнографической,поздними этнографическими и неосредневековыми формами той же функции,safe_with_constraints
WPN0058,Поздний двуручный меч,weapons,"мечи, копья, топоры, луки и другое оружие","Крупный двуручный клинок позднего Средневековья, отсутствующий как нормальная форма около 1230 г.","дружина, служилые люди, охотники, ополчение",от простого ополчения до княжеской дружины,боевое,1350,1600,сталь,длинная двуручная рукоять и большой клинок,поздняя форма,точно не установлена; не нормировать без конкретной находки,"заточки, забоины, масло, ржавчина только умеренно",D,Спорно. Хранится только как исследовательская гипотеза и не должно автоматически попадать в генерацию.,"[""SRC034"",""SRC035"",""SRC037"",""SRC032""]",критический,поздними этнографическими и неосредневековыми формами той же функции,research_only
WPN0059,Поясной набор лучника: налуч и колчан,weapons,"мечи, копья, топоры, луки и другое оружие",Функциональная пара чехлов на ремнях; не симметричный декоративный комплект поздних степных культур.,"дружина, служилые люди, охотники, ополчение",от простого ополчения до княжеской дружины,боевое,1180,1260,"кожа, дерево/береста, железная/бронзовая фурнитура",чехлы и система ремней,по телу и оружию,точно не установлена; не нормировать без конкретной находки,"заточки, забоины, масло, ржавчина только умеренно",C,"Осторожная реконструкция: функция или наличие вероятны, но конкретная форма/конструкция для Новгорода около 1230 не закреплена полностью.","[""SRC034"",""SRC035"",""SRC037"",""SRC032"",""SRC038""]",высокий: нужен конкретный референс и явная маркировка реконструкции,поздними этнографическими и неосредневековыми формами той же функции,reference_required
WPN0060,Пращевой камень,weapons,"мечи, копья, топоры, луки и другое оружие",Отобранный округлый камень подходящего размера; специально обработанные ядра для ручной пращи не всегда отличимы.,"дружина, служилые люди, охотники, ополчение",от простого ополчения до княжеской дружины,боевое,1180,1260,камень,естественный или слегка оббитый,умещается в ладони,точно не установлена; не нормировать без конкретной находки,"заточки, забоины, масло, ржавчина только умеренно",C,"Осторожная реконструкция: функция или наличие вероятны, но конкретная форма/конструкция для Новгорода около 1230 не закреплена полностью.","[""SRC034"",""SRC035"",""SRC037"",""SRC032"",""SRC008"",""SRC045""]",высокий: нужен конкретный референс и явная маркировка реконструкции,поздними этнографическими и неосредневековыми формами той же функции,reference_required
WPN0061,Сабля восточноевропейского типа — редкая,weapons,"мечи, копья, топоры, луки и другое оружие","Однолезвийный слегка изогнутый клинок степной/южнорусской традиции; для Новгорода около 1230 возможен как редкий привозной или дружинный предмет, но не местная норма.","дружина, служилые люди, охотники, ополчение",редкий приезжий или элитный военный контекст,боевое,1180,1260,"сталь/железо, дерево, кожа","изогнутый однолезвийный клинок, перекрестье и рукоять по типу",по конкретной находке XII–XIII вв.,точно не установлена; не нормировать без конкретной находки,"заточки, забоины, масло, ржавчина только умеренно",C,"Осторожная реконструкция: функция или наличие вероятны, но конкретная форма/конструкция для Новгорода около 1230 не закреплена полностью.","[""SRC034"",""SRC035"",""SRC037"",""SRC032"",""SRC036""]",очень высокий,"поздней татарской, польской или казачьей саблей",reference_required
WPN0062,Самострел раннего типа,weapons,"мечи, копья, топоры, луки и другое оружие","Механический лук с ложем и спуском; в древнерусском контексте XII–XIII вв. возможен, но локальная новгородская распространённость около 1230 не должна преувеличиваться.","дружина, служилые люди, охотники, ополчение",редкое специализированное оружие,боевое,1180,1260,"дерево, рог/композитный лук, железный спуск, тетива","лук поперёк деревянного ложа, простой механический замок",по датированному европейскому/древнерусскому аналогу,точно не установлена; не нормировать без конкретной находки,"заточки, забоины, масло, ржавчина только умеренно",C,"Осторожная реконструкция: функция или наличие вероятны, но конкретная форма/конструкция для Новгорода около 1230 не закреплена полностью.","[""SRC034"",""SRC035"",""SRC037"",""SRC032"",""SRC036""]",высокий: нужен конкретный референс и явная маркировка реконструкции,поздними этнографическими и неосредневековыми формами той же функции,reference_required
WPN0063,Составной рефлексный лук восточноевропейской традиции,weapons,"мечи, копья, топоры, луки и другое оружие","Короткий/средний лук сложной формы, составленный из дерева, рога/сухожилий и клея; в ненатянутом состоянии плечи выраженно изогнуты.","дружина, служилые люди, охотники, ополчение",от простого ополчения до княжеской дружины,боевое,1180,1260,"дерево, рог, сухожилия, органический клей, береста/кожа обмотки",многослойная склейка и обмотка; точный профиль по оружиеведческой реконструкции,обычно короче западноевропейского длинного лука; точная длина по типу,точно не установлена; не нормировать без конкретной находки,"заточки, забоины, масло, ржавчина только умеренно",B,Хорошая реконструкция по новгородским данным и нескольким близким древнерусским аналогиям XII–XIII вв.,"[""SRC034"",""SRC035"",""SRC037"",""SRC032"",""SRC036"",""SRC008""]",средне-высокий: без референса генератор часто подменяет форму позднесредневековой или этнографической,английским longbow XIV–XV вв. или современным рекурсивным луком,safe_with_constraints
WPN0064,Срезень — широкий охотничий наконечник,weapons,"мечи, копья, топоры, луки и другое оружие",Широкое поперечное или лопаткообразное лезвие для перерезания тканей/перьев и охоты; конкретные типы различаются.,"дружина, служилые люди, охотники, ополчение",от простого ополчения до княжеской дружины,боевое,1180,1260,железо/сталь,кованое лезвие с черешком,по конкретному типу,точно не установлена; не нормировать без конкретной находки,"заточки, забоины, масло, ржавчина только умеренно",B,Хорошая реконструкция по новгородским данным и нескольким близким древнерусским аналогиям XII–XIII вв.,"[""SRC034"",""SRC035"",""SRC037"",""SRC032"",""SRC045""]",средне-высокий: без референса генератор часто подменяет форму позднесредневековой или этнографической,поздними этнографическими и неосредневековыми формами той же функции,safe_with_constraints
WPN0065,Сулица — лёгкое метательное копьё,weapons,"мечи, копья, топоры, луки и другое оружие","Лёгкое древковое оружие с небольшим наконечником, пригодное для броска и ближнего боя.","дружина, служилые люди, охотники, ополчение",от простого ополчения до княжеской дружины,боевое,1180,1260,"железный наконечник, тонкое деревянное древко",малый втульчатый или черешковый наконечник на прямом древке,короче и легче строевого копья; точная длина по реконструкции,точно не установлена; не нормировать без конкретной находки,"заточки, забоины, масло, ржавчина только умеренно",B,Хорошая реконструкция по новгородским данным и нескольким близким древнерусским аналогиям XII–XIII вв.,"[""SRC034"",""SRC035"",""SRC037"",""SRC032"",""SRC036""]",средне-высокий: без референса генератор часто подменяет форму позднесредневековой или этнографической,поздними этнографическими и неосредневековыми формами той же функции,safe_with_constraints
WPN0066,Тетива лука,weapons,"мечи, копья, топоры, луки и другое оружие","Тонкий прочный шнур с петлями на концах, натягиваемый между плечами лука.","дружина, служилые люди, охотники, ополчение",от простого ополчения до княжеской дружины,боевое,1180,1260,"лён, конопля, сухожилия или иное прочное органическое волокно",скрученный/плетёный шнур,по длине лука,точно не установлена; не нормировать без конкретной находки,"заточки, забоины, масло, ржавчина только умеренно",B,Хорошая реконструкция по новгородским данным и нескольким близким древнерусским аналогиям XII–XIII вв.,"[""SRC034"",""SRC035"",""SRC037"",""SRC032"",""SRC008""]",средне-высокий: без референса генератор часто подменяет форму позднесредневековой или этнографической,поздними этнографическими и неосредневековыми формами той же функции,safe_with_constraints
WPN0067,Черешковый наконечник стрелы узкий бронебойный,weapons,"мечи, копья, топоры, луки и другое оружие","Узкое гранёное железное острие с черешком, входящим в древко; рассчитано на концентрированный удар.","дружина, служилые люди, охотники, ополчение",от простого ополчения до княжеской дружины,боевое,1180,1260,железо/сталь,кованое гранёное перо и черешок,обычно несколько–десяток сантиметров; по типу,точно не установлена; не нормировать без конкретной находки,"заточки, забоины, масло, ржавчина только умеренно",A,"Прямое новгородское археологическое, архитектурное или письменное подтверждение в подходящем диапазоне; форму всё равно сверять с конкретным опубликованным экземпляром.","[""SRC034"",""SRC035"",""SRC037"",""SRC032"",""SRC036""]","средний: опасность главным образом в позднем декоре, слишком новом состоянии и неверном масштабе",поздними этнографическими и неосредневековыми формами той же функции,safe_with_record_specific_reference
WPN0068,Широколезвийный боевой топор,weapons,"мечи, копья, топоры, луки и другое оружие","Топор с более широким симметричным или слегка вытянутым лезвием, но без поздней массивности бердыша.","дружина, служилые люди, охотники, ополчение",от простого ополчения до княжеской дружины,боевое,1180,1260,"железо/сталь, дерево",кованая головка на рукояти,по конкретной находке,точно не установлена; не нормировать без конкретной находки,"заточки, забоины, масло, ржавчина только умеренно",B,Хорошая реконструкция по новгородским данным и нескольким близким древнерусским аналогиям XII–XIII вв.,"[""SRC034"",""SRC035"",""SRC037"",""SRC032"",""SRC036""]",средне-высокий: без референса генератор часто подменяет форму позднесредневековой или этнографической,поздними этнографическими и неосредневековыми формами той же функции,safe_with_constraints
WPN0069,Боевой нож в кожаных ножнах,weapons,"ножи, булавы, кистени и прочее","Однолезвийный крепкий клинок, морфологически близкий крупному хозяйственному ножу; отдельную «боевую» функцию нельзя выводить только из размера.","воины, ополченцы и горожане",от массового копья до статусного меча,боевое/импровизированное,1180,1260,"железо/сталь, дерево/кость, кожа",кованый клинок с хвостовиком и насадной рукоятью; сшитые ножны,клинок примерно 12–25 см по типу,точно не установлена; не нормировать без конкретной находки,"заточки, забоины, масло, ржавчина только умеренно",A,"Прямое новгородское археологическое, архитектурное или письменное подтверждение в подходящем диапазоне; форму всё равно сверять с конкретным опубликованным экземпляром.","[""SRC061"",""SRC084"",""SRC034"",""SRC035"",""SRC037"",""SRC032""]","средний: опасность главным образом в позднем декоре, слишком новом состоянии и неверном масштабе",поздними этнографическими и неосредневековыми формами той же функции,safe_with_record_specific_reference
WPN0070,Кистень с гирей на ремне или цепи,weapons,"ножи, булавы, кистени и прочее","Компактная ударная гиря с отверстием/проушиной, соединённая с рукоятью ремнём или короткой цепью; варианты сильно различаются.","воины, ополченцы и горожане",от массового копья до статусного меча,боевое/импровизированное,1180,1260,"железо, бронза, кость; ремень/цепь; дерево",литая/кованая гиря и гибкое соединение,"короткая рукоять, гиря несколько сантиметров",точно не установлена; не нормировать без конкретной находки,"заточки, забоины, масло, ржавчина только умеренно",B,Хорошая реконструкция по новгородским данным и нескольким близким древнерусским аналогиям XII–XIII вв.,"[""SRC034"",""SRC035"",""SRC037"",""SRC032""]",средне-высокий: без референса генератор часто подменяет форму позднесредневековой или этнографической,поздними этнографическими и неосредневековыми формами той же функции,safe_with_constraints
ARM0001,Кожаная защита предплечья лучника,armor,archer_bracer,"Кожаная защита предплечья лучника. Функция: защита руки от тетивы. Конструктивно: плотная пластина/манжета на ремешке. Для генерации следует сохранять ручную технологию, неровность материала и регионально-историческую простоту формы.",профессиональные воины и состоятельные служилые люди,дорогая профессиональная защита; неполные комплекты вероятнее массовых,защитное,1180,1260,кожа,плотная пластина/манжета на ремешке,по внутренней стороне предплечья,точно не установлена; не нормировать без конкретной находки,"ремонт колец, потёртые края, масло, поверхностная коррозия",C,"Осторожная реконструкция: функция или наличие вероятны, но конкретная форма/конструкция для Новгорода около 1230 не закреплена полностью.","[""SRC061"",""SRC084"",""SRC036"",""SRC037"",""SRC008""]",высокий: нужен конкретный референс и явная маркировка реконструкции,современным спортивным крагой,reference_required
ARM0002,Пластинчатые наручи — спорная реконструкция,armor,arm_guard,"Наруч пластинчатый. Функция: защита предплечья. Конструктивно: железная пластина или набор планок на ремнях; конкретная форма спорна. Для генерации следует сохранять ручную технологию, неровность материала и регионально-историческую простоту формы.",профессиональные воины и состоятельные служилые люди,дорогая профессиональная защита; неполные комплекты вероятнее массовых,защитное,1180,1260,железо/кожа,железная пластина или набор планок на ремнях; конкретная форма спорна,по предплечью,точно не установлена; не нормировать без конкретной находки,"ремонт колец, потёртые края, масло, поверхностная коррозия",C,"Осторожная реконструкция: функция или наличие вероятны, но конкретная форма/конструкция для Новгорода около 1230 не закреплена полностью.","[""SRC036"",""SRC037"",""SRC008""]",высокий: нужен конкретный референс и явная маркировка реконструкции,поздним латным наручем,reference_required
ARM0003,Железная пластина доспеха,armor,armor_plate_fragment,"Железная пластина доспеха. Функция: элемент составной защиты. Конструктивно: небольшая прямоугольная/фигурная пластина с отверстиями для крепления. Для генерации следует сохранять ручную технологию, неровность материала и регионально-историческую простоту формы.",профессиональные воины и состоятельные служилые люди,дорогая профессиональная защита; неполные комплекты вероятнее массовых,защитное,1180,1260,железо/сталь,небольшая прямоугольная/фигурная пластина с отверстиями для крепления,обычно несколько сантиметров,точно не установлена; не нормировать без конкретной находки,"ремонт колец, потёртые края, масло, поверхностная коррозия",A,"Прямое новгородское археологическое, архитектурное или письменное подтверждение в подходящем диапазоне; форму всё равно сверять с конкретным опубликованным экземпляром.","[""SRC036"",""SRC037"",""SRC008""]","средний: опасность главным образом в позднем декоре, слишком новом состоянии и неверном масштабе",пластиной латного доспеха XV века,safe_with_record_specific_reference
ARM0004,Кожаный ремень ремонта доспеха,armor,armor_repair_part,"Кожаный ремень ремонта доспеха. Функция: соединение пластин и починка. Конструктивно: узкий ремешок через отверстия или пряжку. Для генерации следует сохранять ручную технологию, неровность материала и регионально-историческую простоту формы.",профессиональные воины и состоятельные служилые люди,дорогая профессиональная защита; неполные комплекты вероятнее массовых,защитное,1180,1260,кожа,узкий ремешок через отверстия или пряжку,по месту ремонта,точно не установлена; не нормировать без конкретной находки,"ремонт колец, потёртые края, масло, поверхностная коррозия",B,Хорошая реконструкция по новгородским данным и нескольким близким древнерусским аналогиям XII–XIII вв.,"[""SRC061"",""SRC084"",""SRC036"",""SRC037"",""SRC008""]",средне-высокий: без референса генератор часто подменяет форму позднесредневековой или этнографической,декоративной фэнтезийной бахромой,safe_with_constraints
ARM0005,Кожаная подкладка под кольчугу,armor,armor_underlayer,"Кожаная подкладка под кольчугу. Функция: защита одежды и кожи от металла. Конструктивно: простой слой или локальные прокладки; реконструктивно. Для генерации следует сохранять ручную технологию, неровность материала и регионально-историческую простоту формы.",профессиональные воины и состоятельные служилые люди,дорогая профессиональная защита; неполные комплекты вероятнее массовых,защитное,1180,1260,кожа/ткань,простой слой или локальные прокладки; реконструктивно,по телу,точно не установлена; не нормировать без конкретной находки,"ремонт колец, потёртые края, масло, поверхностная коррозия",C,"Осторожная реконструкция: функция или наличие вероятны, но конкретная форма/конструкция для Новгорода около 1230 не закреплена полностью.","[""SRC061"",""SRC084"",""SRC036"",""SRC037"",""SRC008""]",высокий: нужен конкретный референс и явная маркировка реконструкции,фэнтезийным кожаным жилетом,reference_required
ARM0006,Пластинчатый доспех на ремнях/основе,armor,lamellar_armor,"Пластинчатый доспех на ремнях/основе. Функция: защита туловища. Конструктивно: ряды небольших пластин, соединённых шнурами или закреплённых на основе; схема требует конкретного комплекса. Для генерации следует сохранять ручную технологию, неровность материала и регионально-историческую простоту формы.",профессиональные воины и состоятельные служилые люди,дорогая профессиональная защита; неполные комплекты вероятнее массовых,защитное,1180,1260,"железные пластины, кожа/шнуры, тканевая основа","ряды небольших пластин, соединённых шнурами или закреплённых на основе; схема требует конкретного комплекса",торс; масса и покрытие по реконструкции,точно не установлена; не нормировать без конкретной находки,"ремонт колец, потёртые края, масло, поверхностная коррозия",C,"Осторожная реконструкция: функция или наличие вероятны, но конкретная форма/конструкция для Новгорода около 1230 не закреплена полностью.","[""SRC036"",""SRC037"",""SRC008""]",высокий: нужен конкретный референс и явная маркировка реконструкции,монгольским ламелляром как массовой нормой,reference_required
ARM0007,Пластинчатые поножи — спорная реконструкция,armor,leg_guard,"Понож пластинчатый. Функция: защита голени. Конструктивно: пластина/планки, стянутые ремнями; реконструкция осторожная. Для генерации следует сохранять ручную технологию, неровность материала и регионально-историческую простоту формы.",профессиональные воины и состоятельные служилые люди,дорогая профессиональная защита; неполные комплекты вероятнее массовых,защитное,1180,1260,железо/кожа,"пластина/планки, стянутые ремнями; реконструкция осторожная",по голени,точно не установлена; не нормировать без конкретной находки,"ремонт колец, потёртые края, масло, поверхностная коррозия",C,"Осторожная реконструкция: функция или наличие вероятны, но конкретная форма/конструкция для Новгорода около 1230 не закреплена полностью.","[""SRC036"",""SRC037"",""SRC008""]",высокий: нужен конкретный референс и явная маркировка реконструкции,латными поножами XIV–XV века,reference_required
ARM0008,Кольчужный капюшон отдельный,armor,mail_coif,"Кольчужный капюшон отдельный. Функция: защита головы и шеи. Конструктивно: капюшоноподобная кольчатая форма с лицевым отверстием. Для генерации следует сохранять ручную технологию, неровность материала и регионально-историческую простоту формы.",профессиональные воины и состоятельные служилые люди,дорогая профессиональная защита; неполные комплекты вероятнее массовых,защитное,1180,1260,железные кольца,капюшоноподобная кольчатая форма с лицевым отверстием,по голове и плечам,точно не установлена; не нормировать без конкретной находки,"ремонт колец, потёртые края, масло, поверхностная коррозия",C,"Осторожная реконструкция: функция или наличие вероятны, но конкретная форма/конструкция для Новгорода около 1230 не закреплена полностью.","[""SRC036"",""SRC037"",""SRC008""]",высокий: нужен конкретный референс и явная маркировка реконструкции,западноевропейским кольчужным капюшоном XIV века,reference_required
ARM0009,Клёпаное кольцо кольчуги,armor,mail_component,"Кольца кольчуги клёпаные. Функция: образование гибкого защитного полотна. Конструктивно: сведённое проволочное кольцо с расплющенными концами и маленькой заклёпкой. Для генерации следует сохранять ручную технологию, неровность материала и регионально-историческую простоту формы.",профессиональные воины и состоятельные служилые люди,дорогая профессиональная защита; неполные комплекты вероятнее массовых,защитное,1180,1260,железо/сталь,сведённое проволочное кольцо с расплющенными концами и маленькой заклёпкой,"диаметр и сечение по находке, обычно миллиметровый масштаб",точно не установлена; не нормировать без конкретной находки,"ремонт колец, потёртые края, масло, поверхностная коррозия",A,"Прямое новгородское археологическое, архитектурное или письменное подтверждение в подходящем диапазоне; форму всё равно сверять с конкретным опубликованным экземпляром.","[""SRC036"",""SRC037"",""SRC008"",""SRC032""]","средний: опасность главным образом в позднем декоре, слишком новом состоянии и неверном масштабе",сварными современными кольцами одинаковой формы,safe_with_record_specific_reference
ARM0010,Кольца кольчуги цельносечёные,armor,mail_component,"Кольца кольчуги цельносечёные. Функция: образование защитного полотна. Конструктивно: кольца высечены/вырублены из листа и чередуются с клёпаными. Для генерации следует сохранять ручную технологию, неровность материала и регионально-историческую простоту формы.",профессиональные воины и состоятельные служилые люди,дорогая профессиональная защита; неполные комплекты вероятнее массовых,защитное,1180,1260,железный лист,кольца высечены/вырублены из листа и чередуются с клёпаными,по находке,точно не установлена; не нормировать без конкретной находки,"ремонт колец, потёртые края, масло, поверхностная коррозия",A,"Прямое новгородское археологическое, архитектурное или письменное подтверждение в подходящем диапазоне; форму всё равно сверять с конкретным опубликованным экземпляром.","[""SRC036"",""SRC037"",""SRC008"",""SRC032""]","средний: опасность главным образом в позднем декоре, слишком новом состоянии и неверном масштабе",литьём из алюминия,safe_with_record_specific_reference
ARM0011,Кольчужная рубаха до середины бедра,armor,mail_hauberk,"Кольчуга до середины бедра. Функция: защита туловища, плеч и верхней части ног. Конструктивно: полотно из клёпаных и/или цельносечёных колец, собранных по схеме 4-в-1; боковые разрезы возможны по реконструкции. Для генерации следует сохранять ручную технологию, неровность материала и регионально-историческую простоту формы.",профессиональные воины и состоятельные служилые люди,дорогая профессиональная защита; неполные комплекты вероятнее массовых,защитное,1180,1260,железные/стальные кольца,"полотно из клёпаных и/или цельносечёных колец, собранных по схеме 4-в-1; боковые разрезы возможны по реконструкции","длина примерно до середины бедра; масса индивидуальна, обычно многие килограммы",точно не установлена; не нормировать без конкретной находки,"ремонт колец, потёртые края, масло, поверхностная коррозия",B,"Кольчужные элементы и древнерусская традиция подтверждены; полная длина, рукава и разрезы конкретной рубахи для Новгорода 1230 реконструируются.","[""SRC036"",""SRC037""]","средний: опасность главным образом в позднем декоре, слишком новом состоянии и неверном масштабе",длинной кольчуге XIV века до колен с поздними рукавицами,reference_required
ARM0012,Отдельный кольчужный ворот/оплечье,armor,mail_neck_protection,"Кольчужный ворот/оплечье. Функция: дополнительная защита шеи и плеч. Конструктивно: короткая кольчатая деталь вокруг шеи и плеч, отдельная или связанная со шлемом. Для генерации следует сохранять ручную технологию, неровность материала и регионально-историческую простоту формы.",профессиональные воины и состоятельные служилые люди,дорогая профессиональная защита; неполные комплекты вероятнее массовых,защитное,1180,1260,"железные кольца, кожа/ткань для крепления","короткая кольчатая деталь вокруг шеи и плеч, отдельная или связанная со шлемом",по конкретной реконструкции,точно не установлена; не нормировать без конкретной находки,"ремонт колец, потёртые края, масло, поверхностная коррозия",C,"Осторожная реконструкция: функция или наличие вероятны, но конкретная форма/конструкция для Новгорода около 1230 не закреплена полностью.","[""SRC036"",""SRC037"",""SRC008""]",высокий: нужен конкретный референс и явная маркировка реконструкции,поздней епископской мантией или фэнтезийным широким воротом,reference_required
ARM0013,Заплатка кольчуги,armor,mail_repair,"Заплатка кольчуги. Функция: ремонт разрыва полотна. Конструктивно: локальный участок новых колец, часто с иной патиной/размером. Для генерации следует сохранять ручную технологию, неровность материала и регионально-историческую простоту формы.",профессиональные воины и состоятельные служилые люди,дорогая профессиональная защита; неполные комплекты вероятнее массовых,защитное,1180,1260,железные кольца,"локальный участок новых колец, часто с иной патиной/размером",небольшой участок,точно не установлена; не нормировать без конкретной находки,"ремонт колец, потёртые края, масло, поверхностная коррозия",B,Хорошая реконструкция по новгородским данным и нескольким близким древнерусским аналогиям XII–XIII вв.,"[""SRC036"",""SRC037"",""SRC008""]",средне-высокий: без референса генератор часто подменяет форму позднесредневековой или этнографической,идеально новой равномерной кольчугой,safe_with_constraints
ARM0014,Кольчуга с рукавами до локтя,armor,mail_sleeve_variant,"Кольчуга с рукавами до локтя. Функция: защита плеч и рук. Конструктивно: единое кольчатое полотно с рукавами средней длины. Для генерации следует сохранять ручную технологию, неровность материала и регионально-историческую простоту формы.",профессиональные воины и состоятельные служилые люди,дорогая профессиональная защита; неполные комплекты вероятнее массовых,защитное,1180,1260,железные кольца,единое кольчатое полотно с рукавами средней длины,рукава до локтя или чуть ниже,точно не установлена; не нормировать без конкретной находки,"ремонт колец, потёртые края, масло, поверхностная коррозия",B,Хорошая реконструкция по новгородским данным и нескольким близким древнерусским аналогиям XII–XIII вв.,"[""SRC036"",""SRC037"",""SRC008""]",средне-высокий: без референса генератор часто подменяет форму позднесредневековой или этнографической,полными поздними кольчужными рукавами с рукавицами,safe_with_constraints
ARM0015,Кольчужное полотно в ремонте,armor,mail_workpiece,"Кольчужное полотно в ремонте. Функция: изготовление/ремонт доспеха. Конструктивно: частично собранная сетка с раскрытыми кольцами и инструментом. Для генерации следует сохранять ручную технологию, неровность материала и регионально-историческую простоту формы.",профессиональные воины и состоятельные служилые люди,дорогая профессиональная защита; неполные комплекты вероятнее массовых,защитное,1180,1260,"железные кольца, проволока",частично собранная сетка с раскрытыми кольцами и инструментом,небольшая панель,точно не установлена; не нормировать без конкретной находки,"ремонт колец, потёртые края, масло, поверхностная коррозия",B,Хорошая реконструкция по новгородским данным и нескольким близким древнерусским аналогиям XII–XIII вв.,"[""SRC036"",""SRC037"",""SRC008"",""SRC032""]",средне-высокий: без референса генератор часто подменяет форму позднесредневековой или этнографической,современной машинной сеткой,safe_with_constraints
ARM0016,Текстильная поддоспешная одежда — минимальная реконструкция,armor,padded_underarmor,"Поддоспешная стёганая одежда. Функция: смягчение ударов и отделение металла от тела. Конструктивно: несколько слоёв ткани, простёганных вертикально/ромбами; точная форма не сохранилась. Для генерации следует сохранять ручную технологию, неровность материала и регионально-историческую простоту формы.",профессиональные воины и состоятельные служилые люди,дорогая профессиональная защита; неполные комплекты вероятнее массовых,защитное,1180,1260,"лён/шерсть, набивка из волокна/шерсти","несколько слоёв ткани, простёганных вертикально/ромбами; точная форма не сохранилась",по телу; толщина умеренная,точно не установлена; не нормировать без конкретной находки,"ремонт колец, потёртые края, масло, поверхностная коррозия",C,"Осторожная реконструкция: функция или наличие вероятны, но конкретная форма/конструкция для Новгорода около 1230 не закреплена полностью.","[""SRC036"",""SRC037"",""SRC008""]",высокий: нужен конкретный референс и явная маркировка реконструкции,поздним стёганым тегиляем,reference_required
ARM0017,Нашивной пластинчатый доспех,armor,splinted_or_scale_armor,"Нашивной пластинчатый доспех. Функция: защита туловища. Конструктивно: пластины нашиты/приклёпаны к мягкой основе с перекрытием. Для генерации следует сохранять ручную технологию, неровность материала и регионально-историческую простоту формы.",профессиональные воины и состоятельные служилые люди,дорогая профессиональная защита; неполные комплекты вероятнее массовых,защитное,1180,1260,"железные пластины, ткань/кожа, заклёпки",пластины нашиты/приклёпаны к мягкой основе с перекрытием,по торсу,точно не установлена; не нормировать без конкретной находки,"ремонт колец, потёртые края, масло, поверхностная коррозия",C,"Осторожная реконструкция: функция или наличие вероятны, но конкретная форма/конструкция для Новгорода около 1230 не закреплена полностью.","[""SRC036"",""SRC037"",""SRC008""]",высокий: нужен конкретный референс и явная маркировка реконструкции,бригантиной XIV–XV века,reference_required
ARM0018,Кожаная окантовка кольчуги,armor,кольчуга и мягкая основа,"Полоса кожи/ткани по горловине, рукавам или низу для уменьшения износа; наличие и ширина по реконструкции.",профессиональные и состоятельные воины,дорогое снаряжение,доспех,1180,1260,"кожа, ткань, нить",пришивная окантовка,узкая полоса,точно не установлена; не нормировать без конкретной находки,"ремонт колец, потёртые края, масло, поверхностная коррозия",C,"Осторожная реконструкция: функция или наличие вероятны, но конкретная форма/конструкция для Новгорода около 1230 не закреплена полностью.","[""SRC061"",""SRC084"",""SRC036"",""SRC037"",""SRC008""]",высокий: нужен конкретный референс и явная маркировка реконструкции,поздними этнографическими и неосредневековыми формами той же функции,reference_required
ARM0019,Кольчужная бармица,armor,кольчуга и мягкая основа,"Кольчужная сетка, подвешенная к краю шлема и закрывающая шею и боковые части лица/плеч; способ крепления по шлему.",профессиональные и состоятельные воины,дорогое снаряжение,доспех,1180,1260,"железные кольца, кожаный крепёж",кольчужное плетение прикреплено к отверстиям/обручу шлема,до плеч или короче,точно не установлена; не нормировать без конкретной находки,"ремонт колец, потёртые края, масло, поверхностная коррозия",B,Хорошая реконструкция по новгородским данным и нескольким близким древнерусским аналогиям XII–XIII вв.,"[""SRC036"",""SRC037"",""SRC008""]",средне-высокий: без референса генератор часто подменяет форму позднесредневековой или этнографической,поздними этнографическими и неосредневековыми формами той же функции,safe_with_constraints
ARM0020,Кожаная ременная обвязка доспеха,armor,кольчуги и дополнительная защита,"Ремни и завязки, удерживающие отдельные элементы защиты и подгоняющие комплект.",профессиональные воины и состоятельные служилые люди,преимущественно профессиональные и состоятельные воины,защитное,1180,1260,"дублёная кожа, железные/бронзовые пряжки",нарезанные ремни с отверстиями и простыми пряжками,по комплекту,точно не установлена; не нормировать без конкретной находки,"ремонт колец, потёртые края, масло, поверхностная коррозия",B,Хорошая реконструкция по новгородским данным и нескольким близким древнерусским аналогиям XII–XIII вв.,"[""SRC061"",""SRC084"",""SRC036"",""SRC037"",""SRC008""]",средне-высокий: без референса генератор часто подменяет форму позднесредневековой или этнографической,поздними этнографическими и неосредневековыми формами той же функции,safe_with_constraints
ARM0021,Кожаный доспех как самостоятельная кираса — недоказан,armor,кольчуги и дополнительная защита,"Толстая кожаная «кираса», часто встречающаяся в фэнтези, не имеет достаточного основания как нормальная новгородская броня 1230 г.",профессиональные воины и состоятельные служилые люди,преимущественно профессиональные и состоятельные воины,защитное,1180,1260,кожа,не подтверждено,не применять,точно не установлена; не нормировать без конкретной находки,"ремонт колец, потёртые края, масло, поверхностная коррозия",D,Спорно. Хранится только как исследовательская гипотеза и не должно автоматически попадать в генерацию.,"[""SRC061"",""SRC084"",""SRC036"",""SRC037"",""SRC008""]",критический,поздними этнографическими и неосредневековыми формами той же функции,research_only
ARM0022,Короткая кольчужная рубаха с коротким рукавом,armor,кольчуги и дополнительная защита,"Относительно короткая кольчуга с рукавами до локтя или выше, удобная для пешего и конного боя.",профессиональные воины и состоятельные служилые люди,преимущественно профессиональные и состоятельные воины,защитное,1180,1260,железные/стальные кольца,"кольчатое плетение, вырез горловины и разрезы",примерно до бедра; по реконструкции,точно не установлена; не нормировать без конкретной находки,"ремонт колец, потёртые края, масло, поверхностная коррозия",B,Хорошая реконструкция по новгородским данным и нескольким близким древнерусским аналогиям XII–XIII вв.,"[""SRC036"",""SRC037"",""SRC008""]",средне-высокий: без референса генератор часто подменяет форму позднесредневековой или этнографической,поздними этнографическими и неосредневековыми формами той же функции,safe_with_constraints
ARM0023,Отдельная ламеллярная пластина,armor,кольчуги и дополнительная защита,Небольшая продолговатая железная пластина с рядами отверстий для шнуровки.,профессиональные воины и состоятельные служилые люди,преимущественно профессиональные и состоятельные воины,защитное,1180,1260,железо,"вырезана/выкована из листа, пробиты отверстия",обычно несколько сантиметров,точно не установлена; не нормировать без конкретной находки,"ремонт колец, потёртые края, масло, поверхностная коррозия",B,Хорошая реконструкция по новгородским данным и нескольким близким древнерусским аналогиям XII–XIII вв.,"[""SRC036"",""SRC037"",""SRC008""]",средне-высокий: без референса генератор часто подменяет форму позднесредневековой или этнографической,поздними этнографическими и неосредневековыми формами той же функции,safe_with_constraints
ARM0024,Пластинчатый бригантинный доспех,armor,кольчуги и дополнительная защита,"Тканевая оболочка с заклёпанными изнутри пластинами, характерная прежде всего для более позднего Средневековья.",профессиональные воины и состоятельные служилые люди,преимущественно профессиональные и состоятельные воины,защитное,1300,1500,"металл, ткань",пластины под тканью на заклёпках,поздняя форма,точно не установлена; не нормировать без конкретной находки,"ремонт колец, потёртые края, масло, поверхностная коррозия",D,Спорно. Хранится только как исследовательская гипотеза и не должно автоматически попадать в генерацию.,"[""SRC036"",""SRC037"",""SRC008""]",критический: не использовать автоматически,поздними этнографическими и неосредневековыми формами той же функции,research_only
ARM0025,Полный латный доспех,armor,кольчуги и дополнительная защита,Комплект крупных сочленённых пластин XIV–XVI вв.; отсутствует около 1230 г.,профессиональные воины и состоятельные служилые люди,преимущественно профессиональные и состоятельные воины,защитное,1350,1600,сталь,сочленённые пластины,поздняя форма,точно не установлена; не нормировать без конкретной находки,"ремонт колец, потёртые края, масло, поверхностная коррозия",D,Спорно. Хранится только как исследовательская гипотеза и не должно автоматически попадать в генерацию.,"[""SRC036"",""SRC037"",""SRC008""]",критический,поздними этнографическими и неосредневековыми формами той же функции,research_only
ARM0026,Ремонтная связка колец и заклёпок,armor,кольчуги и дополнительная защита,"Набор запасных колец, проволоки и мелких заклёпок для полевого ремонта кольчуги.",профессиональные воины и состоятельные служилые люди,преимущественно профессиональные и состоятельные воины,защитное,1180,1260,"железо, кожаный мешочек/короб",готовые раскрытые кольца и заклёпки,малый набор,точно не установлена; не нормировать без конкретной находки,"ремонт колец, потёртые края, масло, поверхностная коррозия",C,"Осторожная реконструкция: функция или наличие вероятны, но конкретная форма/конструкция для Новгорода около 1230 не закреплена полностью.","[""SRC036"",""SRC037"",""SRC008"",""SRC032""]",высокий: нужен конкретный референс и явная маркировка реконструкции,поздними этнографическими и неосредневековыми формами той же функции,reference_required
ARM0027,Удлинённая кольчуга с разрезами,armor,кольчуги и дополнительная защита,"Кольчатая защита до колен с передним/задним разрезом для посадки на коня; для Новгорода 1230 возможна у элиты, но не стандарт каждого дружинника.",профессиональные воины и состоятельные служилые люди,элитный конный воин,защитное,1180,1260,железные/стальные кольца,длинное кольчатое полотно с разрезами и рукавами,до колен; вес заметно выше короткой рубахи,точно не установлена; не нормировать без конкретной находки,"ремонт колец, потёртые края, масло, поверхностная коррозия",C,"Осторожная реконструкция: функция или наличие вероятны, но конкретная форма/конструкция для Новгорода около 1230 не закреплена полностью.","[""SRC036"",""SRC037"",""SRC008"",""SRC038""]",высокий: нужен конкретный референс и явная маркировка реконструкции,поздними этнографическими и неосредневековыми формами той же функции,reference_required
ARM0028,Чешуйчатый панцирь — спорная локальная реконструкция,armor,кольчуги и дополнительная защита,"Основа с пришитыми перекрывающимися металлическими чешуйками; древнерусские аналоги известны, но применение в Новгороде 1230 не следует считать обычным.",профессиональные воины и состоятельные служилые люди,преимущественно профессиональные и состоятельные воины,защитное,1180,1260,"ткань/кожа, железные/бронзовые пластины",малые пластины пришиты рядами к основе,по близкому комплексу,точно не установлена; не нормировать без конкретной находки,"ремонт колец, потёртые края, масло, поверхностная коррозия",D,Спорно. Хранится только как исследовательская гипотеза и не должно автоматически попадать в генерацию.,"[""SRC036"",""SRC037"",""SRC008""]",критический: не использовать автоматически,поздними этнографическими и неосредневековыми формами той же функции,research_only
ARM0029,Кожаная защита конечностей без металлических пластин,armor,пластинчатая и дополнительная защита,"Плотные кожаные ремни/обмотки могут защищать от истирания, но отдельный стандартизированный «кожаный доспех» не подтверждён.",редкие профессиональные и статусные воины,дорогое снаряжение,доспех,1180,1260,"кожа, ткань",ремни/накладки поверх одежды,по конечности,точно не установлена; не нормировать без конкретной находки,"ремонт колец, потёртые края, масло, поверхностная коррозия",D,Спорно. Хранится только как исследовательская гипотеза и не должно автоматически попадать в генерацию.,"[""SRC061"",""SRC084"",""SRC036"",""SRC037"",""SRC008""]",критический: не использовать автоматически,фэнтезийными кожаными наплечниками и жилетом,research_only
ARM0030,Конский доспех — не норма 1230,armor,пластинчатая и дополнительная защита,Сплошная металлическая или текстильная защита боевого коня не должна автоматически появляться у новгородской дружины первой половины XIII века; хранится как исследовательское ограничение.,редкие профессиональные и статусные воины,дорогое снаряжение,доспех,1180,1260,разные,не задаётся,не задаётся,точно не установлена; не нормировать без конкретной находки,"ремонт колец, потёртые края, масло, поверхностная коррозия",D,Спорно. Хранится только как исследовательская гипотеза и не должно автоматически попадать в генерацию.,"[""SRC036"",""SRC037"",""SRC008"",""SRC038""]",критический: не использовать автоматически,поздними этнографическими и неосредневековыми формами той же функции,research_only
ARM0031,Ламеллярный панцирь из малых пластин — ограниченно допустим,armor,пластинчатая и дополнительная защита,"Защита из небольших пластин, соединённых шнурами; технология известна в древнерусском и соседнем материале, но для обычного новгородского воина 1230 не должна использоваться без конкретного основания.",редкие профессиональные и статусные воины,редкие/статусные или контактные комплексы,доспех,1180,1260,"железные пластины, кожаные/текстильные шнуры",ряды перфорированных пластин связаны между собой,по корпусу; масса зависит от комплекта,точно не установлена; не нормировать без конкретной находки,"ремонт колец, потёртые края, масло, поверхностная коррозия",C,"Осторожная реконструкция: функция или наличие вероятны, но конкретная форма/конструкция для Новгорода около 1230 не закреплена полностью.","[""SRC036"",""SRC037"",""SRC008"",""SRC051""]",высокий: нужен конкретный референс и явная маркировка реконструкции,поздними этнографическими и неосредневековыми формами той же функции,reference_required
HLM0001,Шлем с креплением бармицы,helmets,aventail_helmet,"Шлем с креплением бармицы. Функция: защита головы и шеи. Конструктивно: по нижнему краю купола отверстия/петли для кольчужной бармицы. Для генерации следует сохранять ручную технологию, неровность материала и регионально-историческую простоту формы.",профессиональные воины; редкие формы — элита,в основном состоятельные воины; декор — элита,защитное,1180,1260,"железо, кольчужные кольца, кожа",по нижнему краю купола отверстия/петли для кольчужной бармицы,по типу шлема,точно не установлена; не нормировать без конкретной находки,"вмятины, царапины, ремонт, масло",B,Хорошая реконструкция по новгородским данным и нескольким близким древнерусским аналогиям XII–XIII вв.,"[""SRC036"",""SRC037"",""SRC008""]",средне-высокий: без референса генератор часто подменяет форму позднесредневековой или этнографической,поздним бацинетом,safe_with_constraints
HLM0002,Конический шлем с наносником,helmets,conical_nasal,"Конический шлем с наносником. Функция: защита головы и лица. Конструктивно: конический купол и узкая вертикальная пластина-наносник, цельная или прикреплённая. Для генерации следует сохранять ручную технологию, неровность материала и регионально-историческую простоту формы.",профессиональные воины; редкие формы — элита,в основном состоятельные воины; декор — элита,защитное,1180,1260,"железо/сталь, кожа","конический купол и узкая вертикальная пластина-наносник, цельная или прикреплённая",по голове; купол порядка 20–30 см,точно не установлена; не нормировать без конкретной находки,"вмятины, царапины, ремонт, масло",B,Хорошая реконструкция по новгородским данным и нескольким близким древнерусским аналогиям XII–XIII вв.,"[""SRC036"",""SRC037"",""SRC008""]",средне-высокий: без референса генератор часто подменяет форму позднесредневековой или этнографической,норманнским карикатурным шлемом XI века как обязательным,safe_with_constraints
HLM0003,"Шлем, связываемый с Ярославом Всеволодовичем — сравнительный референс",helmets,elite_half_mask_helmet,"Богато украшенный древнерусский шлем конца XII — начала XIII века из собрания Оружейной палаты. Музейная атрибуция связывает его с князем Ярославом Всеволодовичем; для Новгорода около 1230 это элитный сравнительный референс, а не местная массовая находка.",княжеская военная элита; не обычное ополчение,исключительно элитный,защитное,1180,1230,"железо, серебро; золочение и серебрение",кованая железная тулья с серебряными чеканными и золочёными деталями; точную форму и декор брать только с музейной карточки/фотографии,"диаметр 19,5 см по карточке Музеев Московского Кремля",точно не установлена; не нормировать без конкретной находки,"вмятины, царапины, ремонт, масло",B,Сохранившийся музейный предмет и официальная атрибуция; связь с повседневным новгородским вооружением около 1230 не доказана.,"[""SRC090"",""SRC036""]",очень высокий: редкий княжеский предмет легко превратить в массовый «русский» шлем,новгородской полумаской второй половины XIII–начала XIV века; массовым типом дружинного шлема; полноценной поздней личиной,reference_required
HLM0004,Шлем с навершием-втулкой,helmets,helmet_finial,"Шлем с навершием-втулкой. Функция: защита и конструктивное завершение купола. Конструктивно: верх купола завершён небольшой втулкой/навершием; султан не добавлять без доказательства. Для генерации следует сохранять ручную технологию, неровность материала и регионально-историческую простоту формы.",профессиональные воины; редкие формы — элита,в основном состоятельные воины; декор — элита,защитное,1180,1260,железо/цветной металл,верх купола завершён небольшой втулкой/навершием; султан не добавлять без доказательства,малое навершие,точно не установлена; не нормировать без конкретной находки,"вмятины, царапины, ремонт, масло",C,"Осторожная реконструкция: функция или наличие вероятны, но конкретная форма/конструкция для Новгорода около 1230 не закреплена полностью.","[""SRC036"",""SRC037"",""SRC008""]",высокий: нужен конкретный референс и явная маркировка реконструкции,польским гусарским шишаком XVII века,reference_required
HLM0005,Внутренняя кожаная подвеска шлема,helmets,helmet_liner,"Внутренняя кожаная подвеска шлема. Функция: амортизация и посадка. Конструктивно: кожаные лепестки/полоса и шнур, закреплённые под венцом; форма реконструктивна. Для генерации следует сохранять ручную технологию, неровность материала и регионально-историческую простоту формы.",профессиональные воины; редкие формы — элита,в основном состоятельные воины; декор — элита,защитное,1180,1260,"кожа, ткань, шнур","кожаные лепестки/полоса и шнур, закреплённые под венцом; форма реконструктивна",по внутреннему диаметру шлема,точно не установлена; не нормировать без конкретной находки,"вмятины, царапины, ремонт, масло",C,"Осторожная реконструкция: функция или наличие вероятны, но конкретная форма/конструкция для Новгорода около 1230 не закреплена полностью.","[""SRC061"",""SRC084"",""SRC036"",""SRC037"",""SRC008""]",высокий: нужен конкретный референс и явная маркировка реконструкции,современным пенным вкладышем,reference_required
HLM0006,Полумаска шлема второй половины XIII–начала XIV века,helmets,later_comparative_half_mask,"Редкая лицевая деталь элитного шлема, найденная в Великом Новгороде и датированная второй половиной XIII — первой четвертью XIV века. Для центра базы 1230 года служит только поздним ограничителем.",профессиональные воины; редкие формы — элита,в основном состоятельные воины; декор — элита,защитное,1260,1325,железо,лицевая часть с прорезями/формой по новгородской находке,по музейной публикации,точно не установлена; не нормировать без конкретной находки,"вмятины, царапины, ремонт, масло",D,Прямая новгородская находка более поздней даты; не свидетельство нормы первой половины XIII века.,"[""SRC088""]",критический: не использовать автоматически,"шлемом, безопасным для автоматической генерации 1230",research_only
HLM0007,Сфероконический шлем из железа,helmets,sphero_conical,"Сфероконический шлем из железа. Функция: защита головы. Конструктивно: цельнокованый или составной купол, плавно поднимающийся к вершине; нижний венец и отверстия/крепления по типу. Для генерации следует сохранять ручную технологию, неровность материала и регионально-историческую простоту формы.",профессиональные воины; редкие формы — элита,в основном состоятельные воины; декор — элита,защитное,1180,1260,"железо/сталь, кожа, кольчужная сетка по варианту","цельнокованый или составной купол, плавно поднимающийся к вершине; нижний венец и отверстия/крепления по типу",высота купола обычно порядка 18–30 см; по находке,точно не установлена; не нормировать без конкретной находки,"вмятины, царапины, ремонт, масло",B,Хорошая реконструкция по новгородским данным и нескольким близким древнерусским аналогиям XII–XIII вв.,"[""SRC036"",""SRC037"",""SRC008""]",средне-высокий: без референса генератор часто подменяет форму позднесредневековой или этнографической,монгольским шлемом XIV века или поздней мисюркой,safe_with_constraints
HLM0008,Высокий сфероконический шлем с наносником,helmets,шлемы XII–первой половины XIII века,"Кованый железный купол, вытянутый вверх, с узким наносником и возможной бармицей; основной безопасный силуэт для статусного древнерусского воина при наличии точного аналога.","дружинники, княжеская/боярская элита, отдельные приезжие воины",дружина/элита,защита головы,1180,1260,"железо/сталь, кожа, кольчуга, медный сплав для редкого декора",цельнокованый или составной купол; наносник приклёпан/вытянут; по краю крепление подкладки и бармицы,высота и диаметр по голове; масса ориентировочно 1–2.5 кг,точно не установлена; не нормировать без конкретной находки,"вмятины, царапины, ремонт, масло",B,Хорошая реконструкция по новгородским данным и нескольким близким древнерусским аналогиям XII–XIII вв.,"[""SRC036"",""SRC037"",""SRC008""]",средне-высокий: без референса генератор часто подменяет форму позднесредневековой или этнографической,поздними этнографическими и неосредневековыми формами той же функции,safe_with_constraints
HLM0009,Куполовидный шлем западного типа с наносником,helmets,шлемы XII–первой половины XIII века,"Более округлая или слегка коническая западнобалтийская форма с прямым наносником; возможна у приезжего или в контактной дружинной среде, но требует конкретного референса.","дружинники, княжеская/боярская элита, отдельные приезжие воины",контактный/импортный комплекс,защита головы,1180,1260,"железо/сталь, кожа","кованый купол, наносник, ремешки/подкладка",по голове,точно не установлена; не нормировать без конкретной находки,"вмятины, царапины, ремонт, масло",C,"Осторожная реконструкция: функция или наличие вероятны, но конкретная форма/конструкция для Новгорода около 1230 не закреплена полностью.","[""SRC036"",""SRC037"",""SRC008"",""SRC051""]",высокий: нужен конкретный референс и явная маркировка реконструкции,поздними этнографическими и неосредневековыми формами той же функции,reference_required
HLM0010,Стёганая подшлемная шапочка,helmets,шлемы XII–первой половины XIII века,"Мягкая подкладка, отделяющая металлический купол от головы; отдельная форма и толщина реконструируются.","дружинники, княжеская/боярская элита, отдельные приезжие воины",состоятельные военные,защита головы,1180,1260,"лён/шерсть, кожа, набивка","сшитая шапка/подвеска, связанная с куполом ремнями",по голове,точно не установлена; не нормировать без конкретной находки,"вмятины, царапины, ремонт, масло",C,"Осторожная реконструкция: функция или наличие вероятны, но конкретная форма/конструкция для Новгорода около 1230 не закреплена полностью.","[""SRC036"",""SRC037"",""SRC008""]",высокий: нужен конкретный референс и явная маркировка реконструкции,поздними этнографическими и неосредневековыми формами той же функции,reference_required
HLM0011,Сфероконический шлем без выраженного наносника,helmets,шлемы XII–первой половины XIII века,Конически округлый железный купол с простым нижним обручем; возможна бармица. Конкретный вариант выбирать по северорусской находке.,"дружинники, княжеская/боярская элита, отдельные приезжие воины",состоятельные военные,защита головы,1180,1260,"железо/сталь, кожа, кольчуга",кованый/составной купол и внутренняя подвеска,по голове,точно не установлена; не нормировать без конкретной находки,"вмятины, царапины, ремонт, масло",B,Хорошая реконструкция по новгородским данным и нескольким близким древнерусским аналогиям XII–XIII вв.,"[""SRC036"",""SRC037"",""SRC008""]",средне-высокий: без референса генератор часто подменяет форму позднесредневековой или этнографической,поздними этнографическими и неосредневековыми формами той же функции,safe_with_constraints
HLM0012,Бацинет с забралом,helmets,шлемы и защита головы,Поздний шлем XIV–XV вв.; внесён только как запрет.,профессиональные воины; редкие формы — элита,профессиональные и состоятельные воины,защитное,1320,1500,сталь,глубокая тулья и подвижное забрало,поздняя форма,точно не установлена; не нормировать без конкретной находки,"вмятины, царапины, ремонт, масло",D,Спорно. Хранится только как исследовательская гипотеза и не должно автоматически попадать в генерацию.,"[""SRC036"",""SRC037"",""SRC008""]",критический: не использовать автоматически,поздними этнографическими и неосредневековыми формами той же функции,research_only
HLM0013,Железная шапель/«железная шляпа» — возможный западный импорт,helmets,шлемы и защита головы,"Шлем с круглой тульей и полями; ранние формы известны в Европе XIII в., но прямое новгородское подтверждение около 1230 слабое.",профессиональные воины; редкие формы — элита,профессиональные и состоятельные воины,защитное,1180,1260,железо/сталь,цельная или сегментная тулья с полями,по европейскому типу,точно не установлена; не нормировать без конкретной находки,"вмятины, царапины, ремонт, масло",D,Спорно. Хранится только как исследовательская гипотеза и не должно автоматически попадать в генерацию.,"[""SRC036"",""SRC037"",""SRC008"",""SRC051""]",критический: не использовать автоматически,поздними этнографическими и неосредневековыми формами той же функции,research_only
HLM0014,Западноевропейский шлем-«горшок» раннего типа — чужеземный и редкий,helmets,шлемы и защита головы,"Закрывающий лицо цилиндрический/коробчатый шлем начала XIII в.; мог появиться с западным воином, но не является новгородской нормой.",профессиональные воины; редкие формы — элита,редкий западный приезжий/наёмник,защитное,1180,1260,"железные пластины, заклёпки, подкладка",несколько пластин с прорезями для глаз и дыхания,по западноевропейскому экземпляру 1200–1250,точно не установлена; не нормировать без конкретной находки,"вмятины, царапины, ремонт, масло",D,Спорно. Хранится только как исследовательская гипотеза и не должно автоматически попадать в генерацию.,"[""SRC024"",""SRC080"",""SRC036"",""SRC037"",""SRC008"",""SRC051""]",критический: не использовать автоматически,поздними этнографическими и неосредневековыми формами той же функции,research_only
HLM0015,Кольчужная бармица шлема,helmets,шлемы и защита головы,"Сетка из мелких колец, закреплённая по нижнему краю тульи и закрывающая шею/уши.",профессиональные воины; редкие формы — элита,профессиональные и состоятельные воины,защитное,1180,1260,"железные кольца, кожаный шнур/кант","плетение четыре-в-одно, подвес через ряд отверстий",до плеч или короче,точно не установлена; не нормировать без конкретной находки,"вмятины, царапины, ремонт, масло",B,Хорошая реконструкция по новгородским данным и нескольким близким древнерусским аналогиям XII–XIII вв.,"[""SRC036"",""SRC037"",""SRC008""]",средне-высокий: без референса генератор часто подменяет форму позднесредневековой или этнографической,поздними этнографическими и неосредневековыми формами той же функции,safe_with_constraints
HLM0016,Конический сегментный шлем,helmets,шлемы и защита головы,"Шлем из нескольких железных сегментов, соединённых вертикальными полосами/заклёпками; в XIII в. возможен, но конкретный новгородский тип требует проверки.",профессиональные воины; редкие формы — элита,профессиональные и состоятельные воины,защитное,1180,1260,"железные пластины, заклёпки, кожа",сегменты сходятся к вершине и закрепляются обручем,по голове,точно не установлена; не нормировать без конкретной находки,"вмятины, царапины, ремонт, масло",C,"Осторожная реконструкция: функция или наличие вероятны, но конкретная форма/конструкция для Новгорода около 1230 не закреплена полностью.","[""SRC036"",""SRC037"",""SRC008""]",высокий: нужен конкретный референс и явная маркировка реконструкции,поздними этнографическими и неосредневековыми формами той же функции,reference_required
HLM0017,Наносник шлема,helmets,шлемы и защита головы,"Узкая железная полоса, спускающаяся от лба к носу и оставляющая глаза открытыми.",профессиональные воины; редкие формы — элита,профессиональные и состоятельные воины,защитное,1180,1260,железо/сталь,выкован как часть тульи или приклёпан,"по лицу, обычно узкий",точно не установлена; не нормировать без конкретной находки,"вмятины, царапины, ремонт, масло",B,Хорошая реконструкция по новгородским данным и нескольким близким древнерусским аналогиям XII–XIII вв.,"[""SRC036"",""SRC037"",""SRC008""]",средне-высокий: без референса генератор часто подменяет форму позднесредневековой или этнографической,поздними этнографическими и неосредневековыми формами той же функции,safe_with_constraints
HLM0018,Полный личинный шлем — исключительная и спорная форма,helmets,шлемы и защита головы,"Шлем с развитой металлической маской лица; отдельные древнерусские/степные аналоги известны, но для Новгорода 1230 это не массовый и не безопасный образ.",профессиональные воины; редкие формы — элита,профессиональные и состоятельные воины,защитное,1180,1260,"железо, цветной металл, кольчуга",тулья и маска/полумаска сложной сборки,по конкретному комплексу,точно не установлена; не нормировать без конкретной находки,"вмятины, царапины, ремонт, масло",D,Спорно. Хранится только как исследовательская гипотеза и не должно автоматически попадать в генерацию.,"[""SRC036"",""SRC037"",""SRC008"",""SRC088""]",критический: не использовать автоматически,поздними этнографическими и неосредневековыми формами той же функции,research_only
HLM0019,Шлем с рогами,helmets,шлемы и защита головы,"Фэнтезийный/ритуальный образ, не применимый как боевой шлем Новгорода около 1230.",профессиональные воины; редкие формы — элита,профессиональные и состоятельные воины,защитное,1180,1260,не применять,не подтверждено,не применять,точно не установлена; не нормировать без конкретной находки,"вмятины, царапины, ремонт, масло",D,Спорно. Хранится только как исследовательская гипотеза и не должно автоматически попадать в генерацию.,"[""SRC036"",""SRC037"",""SRC008""]",критический,поздними этнографическими и неосредневековыми формами той же функции,research_only
SHD0001,Круглый деревянный щит,shields,round_shield,"Круглый деревянный щит. Функция: защита воина. Конструктивно: несколько тонких досок, соединённых клеем/шпонками и обтянутых органическим слоем; центральная рукоять или ремни по конкретному типу. Для генерации следует сохранять ручную технологию, неровность материала и регионально-историческую простоту формы.",воины и ополчение,ополчение и профессиональные воины; отделка различалась,защитное,1180,1260,"доски, кожа/ткань, железо по варианту, краска","несколько тонких досок, соединённых клеем/шпонками и обтянутых органическим слоем; центральная рукоять или ремни по конкретному типу",примерно 70–100 см диаметром; точный размер по реконструкции,точно не установлена; не нормировать без конкретной находки,"вмятины, порезы, облупившаяся краска, починка",B,Хорошая реконструкция по новгородским данным и нескольким близким древнерусским аналогиям XII–XIII вв.,"[""SRC036"",""SRC037"",""SRC008""]",средне-высокий: без референса генератор часто подменяет форму позднесредневековой или этнографической,викингским щитом IX–X века с обязательным большим умбоном,safe_with_constraints
SHD0002,Умбон железный,shields,shield_boss,"Умбон железный. Функция: защита кисти на щите с центральной рукоятью. Конструктивно: полусферическая/коническая кованая чашка с фланцем и заклёпками. Для генерации следует сохранять ручную технологию, неровность материала и регионально-историческую простоту формы.",воины и ополчение,ополчение и профессиональные воины; отделка различалась,защитное,1180,1260,железо,полусферическая/коническая кованая чашка с фланцем и заклёпками,"диаметр по находке, обычно несколько десятков сантиметров или меньше",точно не установлена; не нормировать без конкретной находки,"вмятины, порезы, облупившаяся краска, починка",B,Хорошая реконструкция по новгородским данным и нескольким близким древнерусским аналогиям XII–XIII вв.,"[""SRC036"",""SRC037"",""SRC008""]",средне-высокий: без референса генератор часто подменяет форму позднесредневековой или этнографической,декоративным умбоном на ременном щите,safe_with_constraints
SHD0003,Дощатая основа щита,shields,shield_core,"Дощатая основа щита. Функция: несущий каркас щита. Конструктивно: подогнанные доски, возможно склеенные и усиленные поперечинами/оклейкой. Для генерации следует сохранять ручную технологию, неровность материала и регионально-историческую простоту формы.",воины и ополчение,ополчение и профессиональные воины; отделка различалась,защитное,1180,1260,лёгкие деревянные доски,"подогнанные доски, возможно склеенные и усиленные поперечинами/оклейкой",толщина небольшая; по реконструкции,точно не установлена; не нормировать без конкретной находки,"вмятины, порезы, облупившаяся краска, починка",B,Хорошая реконструкция по новгородским данным и нескольким близким древнерусским аналогиям XII–XIII вв.,"[""SRC036"",""SRC037"",""SRC008""]",средне-высокий: без референса генератор часто подменяет форму позднесредневековой или этнографической,толстой цельной фанерой,safe_with_constraints
SHD0004,Сыромятная окантовка щита,shields,shield_edge,"Сыромятная окантовка щита. Функция: защита края досок. Конструктивно: узкая полоса по периметру, стянута или прибита. Для генерации следует сохранять ручную технологию, неровность материала и регионально-историческую простоту формы.",воины и ополчение,ополчение и профессиональные воины; отделка различалась,защитное,1180,1260,"сыромятная кожа, шов/гвозди","узкая полоса по периметру, стянута или прибита",по краю щита,точно не установлена; не нормировать без конкретной находки,"вмятины, порезы, облупившаяся краска, починка",C,"Осторожная реконструкция: функция или наличие вероятны, но конкретная форма/конструкция для Новгорода около 1230 не закреплена полностью.","[""SRC036"",""SRC037"",""SRC008""]",высокий: нужен конкретный референс и явная маркировка реконструкции,массивным стальным кантом фэнтези,reference_required
SHD0005,Ременная рукоять щита,shields,shield_grip,"Ременная рукоять щита. Функция: удержание и управление щитом. Конструктивно: одна или несколько ременных петель, подкладка для предплечья. Для генерации следует сохранять ручную технологию, неровность материала и регионально-историческую простоту формы.",воины и ополчение,ополчение и профессиональные воины; отделка различалась,защитное,1180,1260,"кожа, дерево/железо","одна или несколько ременных петель, подкладка для предплечья",по руке,точно не установлена; не нормировать без конкретной находки,"вмятины, порезы, облупившаяся краска, починка",B,Хорошая реконструкция по новгородским данным и нескольким близким древнерусским аналогиям XII–XIII вв.,"[""SRC036"",""SRC037"",""SRC008""]",средне-высокий: без референса генератор часто подменяет форму позднесредневековой или этнографической,современной спортивной ручкой,safe_with_constraints
SHD0006,Окрашенный щит с простым знаком,shields,щитовые формы,Одноцветное поле или простая геометрическая/крестообразная композиция возможны по иконографии; персональный герб западного позднего типа не предполагается автоматически.,"дружинники, ополчение, конные и пешие воины",широкий военный; декор различался,щитовая защита,1180,1260,минеральные/органические пигменты по грунту,кистевая окраска,по поверхности щита,точно не установлена; не нормировать без конкретной находки,"вмятины, порезы, облупившаяся краска, починка",C,"Осторожная реконструкция: функция или наличие вероятны, но конкретная форма/конструкция для Новгорода около 1230 не закреплена полностью.","[""SRC036"",""SRC037"",""SRC008""]",высокий: нужен конкретный референс и явная маркировка реконструкции,поздними этнографическими и неосредневековыми формами той же функции,reference_required
SHD0007,Переходный укороченный миндалевидный щит,shields,щитовые формы,Более короткая форма между высоким миндалевидным и треугольным щитом; подходит для рубежа XII–XIII вв. при точном аналоге.,"дружинники, ополчение, конные и пешие воины",широкий военный; декор различался,щитовая защита,1180,1260,"дерево, кожа/ткань, краска, ремни",дощатый корпус с лёгкой выпуклостью,примерно 80–110 см высотой,точно не установлена; не нормировать без конкретной находки,"вмятины, порезы, облупившаяся краска, починка",B,Хорошая реконструкция по новгородским данным и нескольким близким древнерусским аналогиям XII–XIII вв.,"[""SRC036"",""SRC037"",""SRC008""]",средне-высокий: без референса генератор часто подменяет форму позднесредневековой или этнографической,поздними этнографическими и неосредневековыми формами той же функции,safe_with_constraints
SHD0008,Ранний треугольный щит с округлым верхом,shields,щитовые формы,"Укороченный щит треугольного очертания, появляющийся в XIII веке; для 1230 избегать поздней узкой геральдической формы.","дружинники, ополчение, конные и пешие воины",широкий военный; декор различался,щитовая защита,1200,1260,"дерево, кожа/ткань, краска, ремни",дощатая выпуклая основа,примерно 70–100 см высотой,точно не установлена; не нормировать без конкретной находки,"вмятины, порезы, облупившаяся краска, починка",B,Хорошая реконструкция по новгородским данным и нескольким близким древнерусским аналогиям XII–XIII вв.,"[""SRC036"",""SRC037"",""SRC008"",""SRC051""]",средне-высокий: без референса генератор часто подменяет форму позднесредневековой или этнографической,поздними этнографическими и неосредневековыми формами той же функции,safe_with_constraints
SHD0009,Кожаная или тканевая обтяжка щита,shields,щиты и их детали,"Натянутый слой кожи или ткани на лицевой стороне и/или кромке, принимающий грунт и краску.",воины и ополчение,воины и ополчение,защитное,1180,1260,"сыромятная/дублёная кожа или ткань, клей, пигмент",наклеено и загнуто на край,по щиту,точно не установлена; не нормировать без конкретной находки,"вмятины, порезы, облупившаяся краска, починка",B,Хорошая реконструкция по новгородским данным и нескольким близким древнерусским аналогиям XII–XIII вв.,"[""SRC061"",""SRC084"",""SRC036"",""SRC037"",""SRC008""]",средне-высокий: без референса генератор часто подменяет форму позднесредневековой или этнографической,поздними этнографическими и неосредневековыми формами той же функции,safe_with_constraints
SHD0010,Миндалевидный щит,shields,щиты и их детали,Высокий щит с округлой верхней частью и вытянутым нижним концом; характерен для XII — начала XIII в. и должен использоваться с учётом переходной хронологии.,воины и ополчение,воины и ополчение,защитное,1180,1260,"тонкие деревянные доски, кожа/ткань, клей, краска, железные детали","склеенный/сбитый щитовой щит из досок, обтянутый органическим материалом, ременная система сзади",примерно от плеча до колена или ниже; по иконографии/реконструкции,точно не установлена; не нормировать без конкретной находки,"вмятины, порезы, облупившаяся краска, починка",B,Хорошая реконструкция по новгородским данным и нескольким близким древнерусским аналогиям XII–XIII вв.,"[""SRC036"",""SRC037"",""SRC008"",""SRC038""]",средне-высокий: без референса генератор часто подменяет форму позднесредневековой или этнографической,поздним треугольным рыцарским щитом XIV в.,safe_with_constraints
SHD0011,Переходный округло-треугольный щит,shields,щиты и их детали,"Щит XIII в. с округлой верхней кромкой и сужением к низу, короче классического миндалевидного.",воины и ополчение,воины и ополчение,защитное,1180,1260,"доски, кожа/ткань, краска, ремни",дощатый щит с органическим покрытием и ручными ремнями,порядка 80–110 см высотой как ориентир; по изображению,точно не установлена; не нормировать без конкретной находки,"вмятины, порезы, облупившаяся краска, починка",B,Хорошая реконструкция по новгородским данным и нескольким близким древнерусским аналогиям XII–XIII вв.,"[""SRC036"",""SRC037"",""SRC008""]",средне-высокий: без референса генератор часто подменяет форму позднесредневековой или этнографической,поздними этнографическими и неосредневековыми формами той же функции,safe_with_constraints
SHD0012,Плечевой ремень щита,shields,щиты и их детали,"Длинный ремень, позволяющий повесить щит за спину/плечо или стабилизировать его в бою.",воины и ополчение,воины и ополчение,защитное,1180,1260,"кожа, пряжка/накладки",длинный ремень закреплён в двух точках,регулируется по телу,точно не установлена; не нормировать без конкретной находки,"вмятины, порезы, облупившаяся краска, починка",B,Хорошая реконструкция по новгородским данным и нескольким близким древнерусским аналогиям XII–XIII вв.,"[""SRC036"",""SRC037"",""SRC008""]",средне-высокий: без референса генератор часто подменяет форму позднесредневековой или этнографической,поздними этнографическими и неосредневековыми формами той же функции,safe_with_constraints
SHD0013,Поздний павезный щит,shields,щиты и их детали,"Крупный стоячий щит развитого позднесредневекового типа, не нормален для Новгорода около 1230.",воины и ополчение,воины и ополчение,защитное,1350,1600,"дерево, кожа, краска",высокий выгнутый щит,поздняя форма,точно не установлена; не нормировать без конкретной находки,"вмятины, порезы, облупившаяся краска, починка",D,Спорно. Хранится только как исследовательская гипотеза и не должно автоматически попадать в генерацию.,"[""SRC036"",""SRC037"",""SRC008""]",критический: не использовать автоматически,поздними этнографическими и неосредневековыми формами той же функции,research_only
MIL0001,Связка запасных стрел,military_equipment,ammunition_bundle,"Связка запасных стрел. Функция: боезапас. Конструктивно: несколько стрел, перевязанных у древков. Для генерации следует сохранять ручную технологию, неровность материала и регионально-историческую простоту формы.","воины, обоз, лагерь",профессиональные военные и ополчение,военное вспомогательное,1180,1260,"дерево, железо, перо, шнур","несколько стрел, перевязанных у древков",обычно малый переносимый пучок,точно не установлена; не нормировать без конкретной находки,"грязь, масло, ремонт, дорожная потёртость",B,Хорошая реконструкция по новгородским данным и нескольким близким древнерусским аналогиям XII–XIII вв.,"[""SRC036"",""SRC037"",""SRC038"",""SRC061""]",средне-высокий: без референса генератор часто подменяет форму позднесредневековой или этнографической,фэнтезийным бесконечным боезапасом,safe_with_constraints
MIL0002,Запасная тетива,military_equipment,archery_spare,"Запасная тетива. Функция: ремонт лука. Конструктивно: скрученный шнур, свернутый и защищённый от сырости. Для генерации следует сохранять ручную технологию, неровность материала и регионально-историческую простоту формы.","воины, обоз, лагерь",профессиональные военные и ополчение,военное вспомогательное,1180,1260,лён/конопля/сухожилие,"скрученный шнур, свернутый и защищённый от сырости",по длине лука,точно не установлена; не нормировать без конкретной находки,"грязь, масло, ремонт, дорожная потёртость",B,Хорошая реконструкция по новгородским данным и нескольким близким древнерусским аналогиям XII–XIII вв.,"[""SRC036"",""SRC037"",""SRC038"",""SRC061""]",средне-высокий: без референса генератор часто подменяет форму позднесредневековой или этнографической,синтетическим шнуром,safe_with_constraints
MIL0003,Оружейная стойка из жердей,military_equipment,armory_furnishing,"Стойка/козлы для оружия. Функция: хранение копий, щитов и доспеха. Конструктивно: простая рама, стойки или горизонтальные жерди. Для генерации следует сохранять ручную технологию, неровность материала и регионально-историческую простоту формы.","воины, обоз, лагерь",профессиональные военные и ополчение,военное вспомогательное,1180,1260,дерево,"простая рама, стойки или горизонтальные жерди",по помещению,точно не установлена; не нормировать без конкретной находки,"грязь, масло, ремонт, дорожная потёртость",C,"Осторожная реконструкция: функция или наличие вероятны, но конкретная форма/конструкция для Новгорода около 1230 не закреплена полностью.","[""SRC036"",""SRC037"",""SRC038"",""SRC061"",""SRC005"",""SRC008""]",высокий: нужен конкретный референс и явная маркировка реконструкции,готической оружейной стойкой XIV–XV века,reference_required
MIL0004,Вьючная укладка военного обоза,military_equipment,baggage_load,"Вьючная укладка военного обоза. Функция: перевоз снабжения. Конструктивно: связанные грузы на телеге/санях/вьючном животном. Для генерации следует сохранять ручную технологию, неровность материала и регионально-историческую простоту формы.","воины, обоз, лагерь",профессиональные военные и ополчение,военное вспомогательное,1180,1260,"мешки, бочки, верёвки, ткань",связанные грузы на телеге/санях/вьючном животном,по транспортному средству,точно не установлена; не нормировать без конкретной находки,"грязь, масло, ремонт, дорожная потёртость",B,Хорошая реконструкция по новгородским данным и нескольким близким древнерусским аналогиям XII–XIII вв.,"[""SRC036"",""SRC037"",""SRC038"",""SRC061"",""SRC039""]",средне-высокий: без референса генератор часто подменяет форму позднесредневековой или этнографической,унифицированными армейскими ящиками XIX–XX века,safe_with_constraints
MIL0005,Перевязь оружия через плечо,military_equipment,baldric,"Перевязь оружия через плечо. Функция: перенос оружия/ножен. Конструктивно: длинный ремень через плечо; допустим только по конкретной системе подвеса. Для генерации следует сохранять ручную технологию, неровность материала и регионально-историческую простоту формы.","воины, обоз, лагерь",профессиональные военные и ополчение,военное вспомогательное,1180,1260,"кожа, пряжки",длинный ремень через плечо; допустим только по конкретной системе подвеса,по телу,точно не установлена; не нормировать без конкретной находки,"грязь, масло, ремонт, дорожная потёртость",C,"Осторожная реконструкция: функция или наличие вероятны, но конкретная форма/конструкция для Новгорода около 1230 не закреплена полностью.","[""SRC036"",""SRC037"",""SRC038"",""SRC061"",""SRC034""]",высокий: нужен конкретный референс и явная маркировка реконструкции,пиратской перевязью Нового времени,reference_required
MIL0006,Костровое место лагеря,military_equipment,camp_fireplace,"Костровое место лагеря. Функция: готовка и обогрев. Конструктивно: небольшой очаг на очищенной земле, возможный каменный круг без идеальной геометрии. Для генерации следует сохранять ручную технологию, неровность материала и регионально-историческую простоту формы.","воины, обоз, лагерь",профессиональные военные и ополчение,военное вспомогательное,1180,1260,"камни, грунт, дрова, зола","небольшой очаг на очищенной земле, возможный каменный круг без идеальной геометрии",около 0.5–1.5 м,точно не установлена; не нормировать без конкретной находки,"грязь, масло, ремонт, дорожная потёртость",B,Хорошая реконструкция по новгородским данным и нескольким близким древнерусским аналогиям XII–XIII вв.,"[""SRC036"",""SRC037"",""SRC038"",""SRC061"",""SRC008""]",средне-высокий: без референса генератор часто подменяет форму позднесредневековой или этнографической,туристическим металлическим мангалом,safe_with_constraints
MIL0007,Походный котёл с дужкой,military_equipment,camp_kettle,"Походный котёл. Функция: варка пищи в лагере. Конструктивно: сравнительно компактный котёл с подвижной дужкой. Для генерации следует сохранять ручную технологию, неровность материала и регионально-историческую простоту формы.","воины, обоз, лагерь",профессиональные военные и ополчение,военное вспомогательное,1180,1260,"железо, дужка",сравнительно компактный котёл с подвижной дужкой,"по группе/отряду, не стандартизирован",точно не установлена; не нормировать без конкретной находки,"грязь, масло, ремонт, дорожная потёртость",B,Хорошая реконструкция по новгородским данным и нескольким близким древнерусским аналогиям XII–XIII вв.,"[""SRC036"",""SRC037"",""SRC038"",""SRC061"",""SRC008"",""SRC034""]",средне-высокий: без референса генератор часто подменяет форму позднесредневековой или этнографической,современным армейским котелком,safe_with_constraints
MIL0008,Лагерная верёвка,military_equipment,camp_rope,"Верёвка походная. Функция: растяжки, привязь, перенос и ремонт. Конструктивно: скрученные пряди, бухта. Для генерации следует сохранять ручную технологию, неровность материала и регионально-историческую простоту формы.","воины, обоз, лагерь",профессиональные военные и ополчение,военное вспомогательное,1180,1260,лён/конопля/лыко,"скрученные пряди, бухта",несколько метров; разный диаметр,точно не установлена; не нормировать без конкретной находки,"грязь, масло, ремонт, дорожная потёртость",A,"Прямое новгородское археологическое, архитектурное или письменное подтверждение в подходящем диапазоне; форму всё равно сверять с конкретным опубликованным экземпляром.","[""SRC036"",""SRC037"",""SRC038"",""SRC061"",""SRC005"",""SRC008""]","средний: опасность главным образом в позднем декоре, слишком новом состоянии и неверном масштабе",нейлоновым канатом,safe_with_record_specific_reference
MIL0009,Деревянный кол для привязи коня,military_equipment,campaign_horse_tether,"Деревянный кол для привязи коня. Функция: временная привязь в лагере. Конструктивно: заострённый кол, вбитый в грунт; верёвочная петля. Для генерации следует сохранять ручную технологию, неровность материала и регионально-историческую простоту формы.","воины, обоз, лагерь",профессиональные военные и ополчение,военное вспомогательное,1180,1260,"дерево, верёвка","заострённый кол, вбитый в грунт; верёвочная петля",примерно 0.5–1 м,точно не установлена; не нормировать без конкретной находки,"грязь, масло, ремонт, дорожная потёртость",B,Хорошая реконструкция по новгородским данным и нескольким близким древнерусским аналогиям XII–XIII вв.,"[""SRC036"",""SRC037"",""SRC038"",""SRC061"",""SRC008""]",средне-высокий: без референса генератор часто подменяет форму позднесредневековой или этнографической,современной металлической пикетной системе,safe_with_constraints
MIL0010,Кожаная фляга — реконструкция,military_equipment,flask,"Фляга из кожи или дерева. Функция: перенос питья. Конструктивно: герметичная небольшая ёмкость с пробкой и ремнём; точная форма по аналогу. Для генерации следует сохранять ручную технологию, неровность материала и регионально-историческую простоту формы.","воины, обоз, лагерь",профессиональные военные и ополчение,военное вспомогательное,1180,1260,"кожа, дерево/керамика по варианту",герметичная небольшая ёмкость с пробкой и ремнём; точная форма по аналогу,примерно на одну–несколько порций,точно не установлена; не нормировать без конкретной находки,"грязь, масло, ремонт, дорожная потёртость",C,"Осторожная реконструкция: функция или наличие вероятны, но конкретная форма/конструкция для Новгорода около 1230 не закреплена полностью.","[""SRC061"",""SRC084"",""SRC036"",""SRC037"",""SRC038"",""SRC005""]",высокий: нужен конкретный референс и явная маркировка реконструкции,металлической армейской флягой XIX–XX века,reference_required
MIL0011,Точильный брусок воина,military_equipment,maintenance_tool,"Точильный брусок воина. Функция: правка ножа, топора и оружия. Конструктивно: продолговатый камень, иногда с отверстием/чехлом. Для генерации следует сохранять ручную технологию, неровность материала и регионально-историческую простоту формы.","воины, обоз, лагерь",профессиональные военные и ополчение,военное вспомогательное,1180,1260,"абразивный камень, ремешок","продолговатый камень, иногда с отверстием/чехлом",ручной размер,точно не установлена; не нормировать без конкретной находки,"грязь, масло, ремонт, дорожная потёртость",A,"Прямое новгородское археологическое, архитектурное или письменное подтверждение в подходящем диапазоне; форму всё равно сверять с конкретным опубликованным экземпляром.","[""SRC036"",""SRC037"",""SRC038"",""SRC061"",""SRC032""]","средний: опасность главным образом в позднем декоре, слишком новом состоянии и неверном масштабе",механической точилкой,safe_with_record_specific_reference
MIL0012,Кожаный ремонтный набор,military_equipment,repair_kit,"Кожаный ремонтный набор. Функция: починка ремней, обуви, ножен и упряжи. Конструктивно: малый свёрток или сумочка с инструментом. Для генерации следует сохранять ручную технологию, неровность материала и регионально-историческую простоту формы.","воины, обоз, лагерь",профессиональные военные и ополчение,военное вспомогательное,1180,1260,"кожа/ткань, шило, иглы, нить, мелкие заклёпки",малый свёрток или сумочка с инструментом,карманный/поясной размер,точно не установлена; не нормировать без конкретной находки,"грязь, масло, ремонт, дорожная потёртость",B,Хорошая реконструкция по новгородским данным и нескольким близким древнерусским аналогиям XII–XIII вв.,"[""SRC061"",""SRC084"",""SRC036"",""SRC037"",""SRC038"",""SRC032""]",средне-высокий: без референса генератор часто подменяет форму позднесредневековой или этнографической,современным набором в коробке,safe_with_constraints
MIL0013,Чехол для шлема/доспеха,military_equipment,storage_cover,"Чехол для шлема/доспеха. Функция: защита металла от сырости при хранении. Конструктивно: мягкий мешок или обёртка, промасленная по необходимости. Для генерации следует сохранять ручную технологию, неровность материала и регионально-историческую простоту формы.","воины, обоз, лагерь",профессиональные военные и ополчение,военное вспомогательное,1180,1260,ткань/кожа,"мягкий мешок или обёртка, промасленная по необходимости",по предмету,точно не установлена; не нормировать без конкретной находки,"грязь, масло, ремонт, дорожная потёртость",C,"Осторожная реконструкция: функция или наличие вероятны, но конкретная форма/конструкция для Новгорода около 1230 не закреплена полностью.","[""SRC036"",""SRC037"",""SRC038"",""SRC061""]",высокий: нужен конкретный референс и явная маркировка реконструкции,современным чехлом на молнии,reference_required
MIL0014,Палатка статусного военного лагеря,military_equipment,tent,"Палатка статусного военного лагеря. Функция: временное жильё знати/командования. Конструктивно: шитые полотнища на центральной/рамной опоре; форма по близкой иконографии. Для генерации следует сохранять ручную технологию, неровность материала и регионально-историческую простоту формы.","воины, обоз, лагерь",профессиональные военные и ополчение,военное вспомогательное,1180,1260,"ткань, дерево, верёвки",шитые полотнища на центральной/рамной опоре; форма по близкой иконографии,несколько метров,точно не установлена; не нормировать без конкретной находки,"грязь, масло, ремонт, дорожная потёртость",C,"Осторожная реконструкция: функция или наличие вероятны, но конкретная форма/конструкция для Новгорода около 1230 не закреплена полностью.","[""SRC036"",""SRC037"",""SRC038"",""SRC061"",""SRC008""]",высокий: нужен конкретный референс и явная маркировка реконструкции,крестоносной павильонной палаткой XIV века,reference_required
MIL0015,Деревянная миска походная,military_equipment,"поясное, походное и лагерное снаряжение",Лёгкая точёная/долблёная миска личного пользования.,"воины, обоз, лагерь",воины и обоз,вспомогательное,1180,1260,дерево,точение или долбление,одна порция,точно не установлена; не нормировать без конкретной находки,"грязь, масло, ремонт, дорожная потёртость",A,"Прямое новгородское археологическое, архитектурное или письменное подтверждение в подходящем диапазоне; форму всё равно сверять с конкретным опубликованным экземпляром.","[""SRC024"",""SRC080"",""SRC036"",""SRC037"",""SRC038"",""SRC061""]","средний: опасность главным образом в позднем декоре, слишком новом состоянии и неверном масштабе",поздними этнографическими и неосредневековыми формами той же функции,safe_with_record_specific_reference
MIL0016,Деревянная походная фляга/бутыль,military_equipment,"поясное, походное и лагерное снаряжение",Малый клёпочный или долблёный сосуд с пробкой и ремнём; точная форма по деревянным находкам.,"воины, обоз, лагерь",воины и обоз,вспомогательное,1180,1260,"дерево, обручи, пробка, ремень",клёпочный или составной сосуд,портативный,точно не установлена; не нормировать без конкретной находки,"грязь, масло, ремонт, дорожная потёртость",B,Хорошая реконструкция по новгородским данным и нескольким близким древнерусским аналогиям XII–XIII вв.,"[""SRC036"",""SRC037"",""SRC038"",""SRC061"",""SRC005"",""SRC039""]",средне-высокий: без референса генератор часто подменяет форму позднесредневековой или этнографической,поздними этнографическими и неосредневековыми формами той же функции,safe_with_constraints
MIL0017,Кожаные ножны боевого/хозяйственного ножа,military_equipment,"поясное, походное и лагерное снаряжение","Узкий футляр, часто с деревянной вставкой или формованной кожей, подвешенный к поясу.","воины, обоз, лагерь",воины и обоз,вспомогательное,1180,1260,"кожа, дерево, нить, металлические детали редко",сшитый футляр по форме клинка,чуть длиннее клинка,точно не установлена; не нормировать без конкретной находки,"грязь, масло, ремонт, дорожная потёртость",A,"Прямое новгородское археологическое, архитектурное или письменное подтверждение в подходящем диапазоне; форму всё равно сверять с конкретным опубликованным экземпляром.","[""SRC061"",""SRC084"",""SRC036"",""SRC037"",""SRC038"",""SRC032""]","средний: опасность главным образом в позднем декоре, слишком новом состоянии и неверном масштабе",поздними этнографическими и неосредневековыми формами той же функции,safe_with_record_specific_reference
MIL0018,Кольчужные ремонтные клещи,military_equipment,"поясное, походное и лагерное снаряжение",Малые железные клещи для удержания колец и заклёпок; специализированность конкретного инструмента требует контекста.,"воины, обоз, лагерь",воины и обоз,вспомогательное,1180,1260,железо,две кованые губки на шарнире,ручной инструмент,точно не установлена; не нормировать без конкретной находки,"грязь, масло, ремонт, дорожная потёртость",C,"Осторожная реконструкция: функция или наличие вероятны, но конкретная форма/конструкция для Новгорода около 1230 не закреплена полностью.","[""SRC036"",""SRC037"",""SRC038"",""SRC061"",""SRC032""]",высокий: нужен конкретный референс и явная маркировка реконструкции,поздними этнографическими и неосредневековыми формами той же функции,reference_required
MIL0019,Маслёнка для ухода за оружием — реконструкция,military_equipment,"поясное, походное и лагерное снаряжение",Малый сосуд с жиром/маслом и ветошью для защиты железа от коррозии.,"воины, обоз, лагерь",воины и обоз,вспомогательное,1180,1260,"малый керамический/деревянный сосуд, жир/масло, ткань",обычная тара с крышкой,небольшой,точно не установлена; не нормировать без конкретной находки,"грязь, масло, ремонт, дорожная потёртость",C,"Осторожная реконструкция: функция или наличие вероятны, но конкретная форма/конструкция для Новгорода около 1230 не закреплена полностью.","[""SRC036"",""SRC037"",""SRC038"",""SRC061""]",высокий: нужен конкретный референс и явная маркировка реконструкции,поздними этнографическими и неосредневековыми формами той же функции,reference_required
MIL0020,Мечевой пояс с подвесом ножен,military_equipment,"поясное, походное и лагерное снаряжение","Кожаный пояс или отдельная перевязь с ремнями, удерживающими ножны под удобным углом.","воины, обоз, лагерь",воины и обоз,вспомогательное,1180,1260,"кожа, железные/бронзовые пряжки и накладки",основной ремень и один/два подвеса ножен,по талии и длине оружия,точно не установлена; не нормировать без конкретной находки,"грязь, масло, ремонт, дорожная потёртость",B,Хорошая реконструкция по новгородским данным и нескольким близким древнерусским аналогиям XII–XIII вв.,"[""SRC036"",""SRC037"",""SRC038"",""SRC061"",""SRC034""]",средне-высокий: без референса генератор часто подменяет форму позднесредневековой или этнографической,поздними этнографическими и неосредневековыми формами той же функции,safe_with_constraints
MIL0021,Поясная воинская сумка,military_equipment,"поясное, походное и лагерное снаряжение","Небольшая кожаная сумка с клапаном для огнива, ремонта, денег или личных вещей.","воины, обоз, лагерь",воины и обоз,вспомогательное,1180,1260,"кожа, нить, железная/бронзовая застёжка",сшитый корпус с клапаном и петлями,примерно с ладонь/две ладони; по находке,точно не установлена; не нормировать без конкретной находки,"грязь, масло, ремонт, дорожная потёртость",A,"Прямое новгородское археологическое, архитектурное или письменное подтверждение в подходящем диапазоне; форму всё равно сверять с конкретным опубликованным экземпляром.","[""SRC036"",""SRC037"",""SRC038"",""SRC061"",""SRC008""]","средний: опасность главным образом в позднем декоре, слишком новом состоянии и неверном масштабе",поздними этнографическими и неосредневековыми формами той же функции,safe_with_record_specific_reference
MIL0022,Связка запасных древков,military_equipment,"поясное, походное и лагерное снаряжение","Несколько прямых подготовленных жердей для ремонта копий, стрел или лагерных нужд.","воины, обоз, лагерь",воины и обоз,вспомогательное,1180,1260,прямослойная древесина,"выструганные заготовки, связанные верёвкой",по типу оружия,точно не установлена; не нормировать без конкретной находки,"грязь, масло, ремонт, дорожная потёртость",B,Хорошая реконструкция по новгородским данным и нескольким близким древнерусским аналогиям XII–XIII вв.,"[""SRC036"",""SRC037"",""SRC038"",""SRC061"",""SRC032"",""SRC035""]",средне-высокий: без референса генератор часто подменяет форму позднесредневековой или этнографической,поздними этнографическими и неосредневековыми формами той же функции,safe_with_constraints
MIL0023,Скатка постели/одеяла,military_equipment,"поясное, походное и лагерное снаряжение","Свёрнутый шерстяной покров и подстилка, перевязанные ремнём; точный вид текстиля вне этого каталога.","воины, обоз, лагерь",воины и обоз,вспомогательное,1180,1260,"шерстяная ткань, ремень","свёрток, перевязанный ремнями",переносной рулон,точно не установлена; не нормировать без конкретной находки,"грязь, масло, ремонт, дорожная потёртость",C,"Осторожная реконструкция: функция или наличие вероятны, но конкретная форма/конструкция для Новгорода около 1230 не закреплена полностью.","[""SRC036"",""SRC037"",""SRC038"",""SRC061"",""SRC008""]",высокий: нужен конкретный референс и явная маркировка реконструкции,поздними этнографическими и неосредневековыми формами той же функции,reference_required
MIL0024,Чехол для щита — реконструкция,military_equipment,"поясное, походное и лагерное снаряжение",Тканевый/кожаный покров для защиты расписной поверхности от сырости при перевозке.,"воины, обоз, лагерь",воины и обоз,вспомогательное,1180,1260,"ткань или кожа, шнур",сшитый мешковидный чехол,по щиту,точно не установлена; не нормировать без конкретной находки,"грязь, масло, ремонт, дорожная потёртость",C,"Осторожная реконструкция: функция или наличие вероятны, но конкретная форма/конструкция для Новгорода около 1230 не закреплена полностью.","[""SRC036"",""SRC037"",""SRC038"",""SRC061""]",высокий: нужен конкретный референс и явная маркировка реконструкции,поздними этнографическими и неосредневековыми формами той же функции,reference_required
MIL0025,Воинский дорожный мешок,military_equipment,"поясное, стрелковое и походное снаряжение","Небольшая кожаная или тканевая сумка для огнива, ремонта, пищи и личных мелочей; не тактический подсумок современного вида.","дружина, ополчение, обоз",военные и обслуживающие,походное обеспечение,1180,1260,"кожа/ткань, ремень, простая застёжка",сшитый мешок/клапанная сумка,примерно 15–35 см,точно не установлена; не нормировать без конкретной находки,"грязь, масло, ремонт, дорожная потёртость",A,"Прямое новгородское археологическое, архитектурное или письменное подтверждение в подходящем диапазоне; форму всё равно сверять с конкретным опубликованным экземпляром.","[""SRC036"",""SRC037"",""SRC038"",""SRC061"",""SRC008""]","средний: опасность главным образом в позднем декоре, слишком новом состоянии и неверном масштабе",поздними этнографическими и неосредневековыми формами той же функции,safe_with_record_specific_reference
MIL0026,Воинский кожаный пояс без поздней перегрузки декором,military_equipment,"поясное, стрелковое и походное снаряжение","Прочный ремень с железной/бронзовой пряжкой, несущий нож, сумку и отдельные элементы оружия; набор накладок зависит от статуса.","дружина, ополчение, обоз",военные и обслуживающие,походное обеспечение,1180,1260,"кожа, железо/бронза","ремень, пряжка, петли и подвесы","по талии, ширина обычно несколько сантиметров",точно не установлена; не нормировать без конкретной находки,"грязь, масло, ремонт, дорожная потёртость",A,"Прямое новгородское археологическое, архитектурное или письменное подтверждение в подходящем диапазоне; форму всё равно сверять с конкретным опубликованным экземпляром.","[""SRC061"",""SRC084"",""SRC036"",""SRC037"",""SRC038""]","средний: опасность главным образом в позднем декоре, слишком новом состоянии и неверном масштабе",поздними этнографическими и неосредневековыми формами той же функции,safe_with_record_specific_reference
MIL0027,Колчан для стрел,military_equipment,"поясное, стрелковое и походное снаряжение","Удлинённый жёсткий или полужёсткий футляр для стрел, носимый на поясе/плече; материал и ориентация стрел по конкретной традиции.","дружина, ополчение, обоз",военные и обслуживающие,походное обеспечение,1180,1260,"кожа, дерево/береста, ткань, ремни",корпус с открытым или закрываемым верхом и ременным подвесом,"под длину стрел, обычно 60–90 см",точно не установлена; не нормировать без конкретной находки,"грязь, масло, ремонт, дорожная потёртость",B,Хорошая реконструкция по новгородским данным и нескольким близким древнерусским аналогиям XII–XIII вв.,"[""SRC036"",""SRC037"",""SRC038"",""SRC061""]",средне-высокий: без референса генератор часто подменяет форму позднесредневековой или этнографической,поздними этнографическими и неосредневековыми формами той же функции,safe_with_constraints
MIL0028,Костровой треножник или подвес котла — осторожная реконструкция,military_equipment,"поясное, стрелковое и походное снаряжение",Три деревянные жерди или простая железная цепь/крюк для подвеса котла; использовать простую конструкцию без позднего складного железного штатива.,"дружина, ополчение, обоз",военные и обслуживающие,походное обеспечение,1180,1260,"дерево, верёвка/цепь, железный крюк",связанные жерди и подвес,около 1–1.5 м,точно не установлена; не нормировать без конкретной находки,"грязь, масло, ремонт, дорожная потёртость",C,"Осторожная реконструкция: функция или наличие вероятны, но конкретная форма/конструкция для Новгорода около 1230 не закреплена полностью.","[""SRC036"",""SRC037"",""SRC038"",""SRC061"",""SRC008"",""SRC032""]",высокий: нужен конкретный референс и явная маркировка реконструкции,поздними этнографическими и неосредневековыми формами той же функции,reference_required
MIL0029,Набор для ремонта кольчуги,military_equipment,"поясное, стрелковое и походное снаряжение","Запасные кольца, маленький молоток/клёпочная оправка и щипцы; целостный комплект реконструируется, отдельные инструменты и ремонт очевидны.","дружина, ополчение, обоз",военные и обслуживающие,походное обеспечение,1180,1260,"железо, дерево, сумка",малые ручные инструменты и запас колец,малый набор,точно не установлена; не нормировать без конкретной находки,"грязь, масло, ремонт, дорожная потёртость",C,"Осторожная реконструкция: функция или наличие вероятны, но конкретная форма/конструкция для Новгорода около 1230 не закреплена полностью.","[""SRC036"",""SRC037"",""SRC038"",""SRC061"",""SRC032""]",высокий: нужен конкретный референс и явная маркировка реконструкции,поздними этнографическими и неосредневековыми формами той же функции,reference_required
MIL0030,Налуч для лука,military_equipment,"поясное, стрелковое и походное снаряжение","Кожаный/берестяной футляр, закрывающий сложенный или натянутый лук при переноске; форма особенно зависит от типа лука.","дружина, ополчение, обоз",военные и обслуживающие,походное обеспечение,1180,1260,"кожа, береста, ткань, ремни",сшитый футляр с подвесом,по луку,точно не установлена; не нормировать без конкретной находки,"грязь, масло, ремонт, дорожная потёртость",C,"Осторожная реконструкция: функция или наличие вероятны, но конкретная форма/конструкция для Новгорода около 1230 не закреплена полностью.","[""SRC036"",""SRC037"",""SRC038"",""SRC061""]",высокий: нужен конкретный референс и явная маркировка реконструкции,поздними этнографическими и неосредневековыми формами той же функции,reference_required
MIL0031,Походный топор и лопата группы,military_equipment,"поясное, стрелковое и походное снаряжение","Обычные рабочие инструменты для лагеря и дороги, а не отдельный унифицированный армейский комплект.","дружина, ополчение, обоз",военные и обслуживающие,походное обеспечение,1180,1260,"железо, дерево",рабочие топор и лопата,полноразмерные,точно не установлена; не нормировать без конкретной находки,"грязь, масло, ремонт, дорожная потёртость",B,Хорошая реконструкция по новгородским данным и нескольким близким древнерусским аналогиям XII–XIII вв.,"[""SRC036"",""SRC037"",""SRC038"",""SRC061"",""SRC032""]",средне-высокий: без референса генератор часто подменяет форму позднесредневековой или этнографической,поздними этнографическими и неосредневековыми формами той же функции,safe_with_constraints
MIL0032,Простой походный навес,military_equipment,"поясное, стрелковое и походное снаряжение",Тканевое укрытие на жердях и верёвках; конкретная форма лагерной палатки для Новгорода около 1230 плохо закреплена.,"дружина, ополчение, обоз",военные и обслуживающие,походное обеспечение,1180,1260,"льняная/шерстяная ткань, жерди, верёвки, колышки",простой наклонный/двускатный полог,на несколько человек или имущество,точно не установлена; не нормировать без конкретной находки,"грязь, масло, ремонт, дорожная потёртость",C,"Осторожная реконструкция: функция или наличие вероятны, но конкретная форма/конструкция для Новгорода около 1230 не закреплена полностью.","[""SRC036"",""SRC037"",""SRC038"",""SRC061"",""SRC008""]",высокий: нужен конкретный референс и явная маркировка реконструкции,поздними этнографическими и неосредневековыми формами той же функции,reference_required
MIL0033,Сигнальный рог,military_equipment,"поясное, стрелковое и походное снаряжение","Полый животный рог с обработанным мундштуком; мог использоваться на охоте, в пути и для сигнала, но конкретная военная функция контекстна.","дружина, ополчение, обоз",военные и обслуживающие,походное обеспечение,1180,1260,"рог, возможно металлическая окантовка/ремень",очищенный и просверленный рог,20–60 см,точно не установлена; не нормировать без конкретной находки,"грязь, масло, ремонт, дорожная потёртость",B,Хорошая реконструкция по новгородским данным и нескольким близким древнерусским аналогиям XII–XIII вв.,"[""SRC036"",""SRC037"",""SRC038"",""SRC061"",""SRC008""]",средне-высокий: без референса генератор часто подменяет форму позднесредневековой или этнографической,поздними этнографическими и неосредневековыми формами той же функции,safe_with_constraints
HNT0001,Охотничья стрела с тупым наконечником,hunting,arrow_hunting,"Охотничья стрела с тупым наконечником. Функция: оглушение птицы/мелкой дичи и сохранение шкуры. Конструктивно: древко с утолщённым тупым наконечником. Для генерации следует сохранять ручную технологию, неровность материала и регионально-историческую простоту формы.","охотники, промысловики, дружинники",профессиональный и сезонный промысел,часть оружия общая с военным,1180,1260,"дерево, кость/дерево",древко с утолщённым тупым наконечником,по стреле,точно не установлена; не нормировать без конкретной находки,"смола, снег, заточка, ремонт",B,Хорошая реконструкция по новгородским данным и нескольким близким древнерусским аналогиям XII–XIII вв.,"[""SRC040"",""SRC045"",""SRC046"",""SRC037""]",средне-высокий: без референса генератор часто подменяет форму позднесредневековой или этнографической,резиновым наконечником,safe_with_constraints
HNT0002,Охотничья стрела с широким наконечником,hunting,arrow_hunting,"Охотничья стрела с широким наконечником. Функция: добыча среднего/крупного зверя. Конструктивно: стрела с широколезвийным черешковым/втульчатым наконечником. Для генерации следует сохранять ручную технологию, неровность материала и регионально-историческую простоту формы.","охотники, промысловики, дружинники",профессиональный и сезонный промысел,часть оружия общая с военным,1180,1260,"дерево, железо, перо",стрела с широколезвийным черешковым/втульчатым наконечником,по комплекту,точно не установлена; не нормировать без конкретной находки,"смола, снег, заточка, ремонт",A,"Прямое новгородское археологическое, архитектурное или письменное подтверждение в подходящем диапазоне; форму всё равно сверять с конкретным опубликованным экземпляром.","[""SRC040"",""SRC045"",""SRC046"",""SRC037""]","средний: опасность главным образом в позднем декоре, слишком новом состоянии и неверном масштабе",современным охотничьим broadhead,safe_with_record_specific_reference
HNT0003,Охотничий лук простой,hunting,bow_hunting,"Охотничий лук простой. Функция: добыча птицы и зверя. Конструктивно: цельнодеревянный лук умеренного размера; форма по северорусскому аналогу. Для генерации следует сохранять ручную технологию, неровность материала и регионально-историческую простоту формы.","охотники, промысловики, дружинники",профессиональный и сезонный промысел,часть оружия общая с военным,1180,1260,"дерево, тетива, стрелы",цельнодеревянный лук умеренного размера; форма по северорусскому аналогу,"по охотнику, без точной нормы",точно не установлена; не нормировать без конкретной находки,"смола, снег, заточка, ремонт",B,Хорошая реконструкция по новгородским данным и нескольким близким древнерусским аналогиям XII–XIII вв.,"[""SRC040"",""SRC045"",""SRC046"",""SRC037""]",средне-высокий: без референса генератор часто подменяет форму позднесредневековой или этнографической,современным рекурсивным луком,safe_with_constraints
HNT0004,Манок деревянный/костяной,hunting,decoy_call,"Манок деревянный/костяной. Функция: подражание голосу птицы/зверя. Конструктивно: небольшой свисток/трубочка с каналом. Для генерации следует сохранять ручную технологию, неровность материала и регионально-историческую простоту формы.","охотники, промысловики, дружинники",профессиональный и сезонный промысел,часть оружия общая с военным,1180,1260,дерево/кость,небольшой свисток/трубочка с каналом,ладонный размер,точно не установлена; не нормировать без конкретной находки,"смола, снег, заточка, ремонт",C,"Осторожная реконструкция: функция или наличие вероятны, но конкретная форма/конструкция для Новгорода около 1230 не закреплена полностью.","[""SRC040"",""SRC045"",""SRC046"",""SRC037"",""SRC005""]",высокий: нужен конкретный референс и явная маркировка реконструкции,современным пластмассовым манком,reference_required
HNT0005,Охотничье копьё/рогатина,hunting,hunting_spear,"Охотничье копьё. Функция: добивание зверя и защита. Конструктивно: прочное древко с ланцетовидным/листовидным наконечником. Для генерации следует сохранять ручную технологию, неровность материала и регионально-историческую простоту формы.","охотники, промысловики, дружинники",профессиональный и сезонный промысел,часть оружия общая с военным,1180,1260,"железо/сталь, дерево",прочное древко с ланцетовидным/листовидным наконечником,около 1.8–2.5 м,точно не установлена; не нормировать без конкретной находки,"смола, снег, заточка, ремонт",B,Хорошая реконструкция по новгородским данным и нескольким близким древнерусским аналогиям XII–XIII вв.,"[""SRC040"",""SRC045"",""SRC046"",""SRC037"",""SRC035""]",средне-высокий: без референса генератор часто подменяет форму позднесредневековой или этнографической,африканским ассегаем или поздней рогатиной,safe_with_constraints
HNT0006,Рожок охотничий простой,hunting,signal_horn,"Рожок охотничий простой. Функция: сигнал охотникам и собакам. Конструктивно: очищенный полый рог с обрезанным концом и отверстием; декоративные оковки только по находке. Для генерации следует сохранять ручную технологию, неровность материала и регионально-историческую простоту формы.","охотники, промысловики, дружинники",профессиональный и сезонный промысел,часть оружия общая с военным,1180,1260,"рог животного, ремень",очищенный полый рог с обрезанным концом и отверстием; декоративные оковки только по находке,ручной размер,точно не установлена; не нормировать без конкретной находки,"смола, снег, заточка, ремонт",B,Хорошая реконструкция по новгородским данным и нескольким близким древнерусским аналогиям XII–XIII вв.,"[""SRC040"",""SRC045"",""SRC046"",""SRC037"",""SRC008""]",средне-высокий: без референса генератор часто подменяет форму позднесредневековой или этнографической,латунным валторновым рожком,safe_with_constraints
HNT0007,Петля на зайца,hunting,snare,"Петля на зайца. Функция: лов мелкого зверя. Конструктивно: петля на тропе с простым креплением. Для генерации следует сохранять ручную технологию, неровность материала и регионально-историческую простоту формы.","охотники, промысловики, дружинники",профессиональный и сезонный промысел,часть оружия общая с военным,1180,1260,растительный шнур/тонкий ремень,петля на тропе с простым креплением,по тропе,точно не установлена; не нормировать без конкретной находки,"смола, снег, заточка, ремонт",B,Хорошая реконструкция по новгородским данным и нескольким близким древнерусским аналогиям XII–XIII вв.,"[""SRC040"",""SRC045"",""SRC046"",""SRC037""]",средне-высокий: без референса генератор часто подменяет форму позднесредневековой или этнографической,современным капканом,safe_with_constraints
HNT0008,Силка из верёвки/волоса,hunting,snare,"Силок из растительного шнура. Функция: лов птицы и мелкого зверя. Конструктивно: затягивающаяся петля, закреплённая на колышке/ветке. Для генерации следует сохранять ручную технологию, неровность материала и регионально-историческую простоту формы.","охотники, промысловики, дружинники",профессиональный и сезонный промысел,часть оружия общая с военным,1180,1260,лён/конопля/лыко/конский волос,"затягивающаяся петля, закреплённая на колышке/ветке","малый, по добыче",точно не установлена; не нормировать без конкретной находки,"смола, снег, заточка, ремонт",B,Хорошая реконструкция по новгородским данным и нескольким близким древнерусским аналогиям XII–XIII вв.,"[""SRC040"",""SRC045"",""SRC046"",""SRC037""]",средне-высокий: без референса генератор часто подменяет форму позднесредневековой или этнографической,стальным тросовым силком,safe_with_constraints
HNT0009,Пружок/самолов деревянный,hunting,trap,"Пружок/самолов деревянный. Функция: пассивный лов мелкого зверя. Конструктивно: гибкая жердь/рычаг и петля; конкретная схема реконструктивна. Для генерации следует сохранять ручную технологию, неровность материала и регионально-историческую простоту формы.","охотники, промысловики, дружинники",профессиональный и сезонный промысел,часть оружия общая с военным,1180,1260,"дерево, шнур, приманка",гибкая жердь/рычаг и петля; конкретная схема реконструктивна,локальный лесной механизм,точно не установлена; не нормировать без конкретной находки,"смола, снег, заточка, ремонт",C,"Осторожная реконструкция: функция или наличие вероятны, но конкретная форма/конструкция для Новгорода около 1230 не закреплена полностью.","[""SRC040"",""SRC045"",""SRC046"",""SRC037""]",высокий: нужен конкретный референс и явная маркировка реконструкции,металлическим пружинным капканом,reference_required
HNT0010,Бобровая шкура,hunting,"охотничьи снасти, промысел и дикие животные",Крупная плоская шкура с густым мехом и следами первичной обработки; важный дорогой товар.,"охотники, промысловики, дружинники","сельские промысловики, горожане-охотники и элитная охота",часть оружия совпадает с боевым,1180,1260,мех/кожа бобра,"снята, очищена и высушена",по животному,точно не установлена; не нормировать без конкретной находки,"смола, снег, заточка, ремонт",A,"Прямое новгородское археологическое, архитектурное или письменное подтверждение в подходящем диапазоне; форму всё равно сверять с конкретным опубликованным экземпляром.","[""SRC040"",""SRC045"",""SRC046"",""SRC037"",""SRC072""]","средний: опасность главным образом в позднем декоре, слишком новом состоянии и неверном масштабе",поздними этнографическими и неосредневековыми формами той же функции,safe_with_record_specific_reference
HNT0011,Клетка для живой птицы/приманки,hunting,"охотничьи снасти, промысел и дикие животные",Небольшая решётчатая клетка из тонких прутьев/реек; точная форма реконструктивна.,"охотники, промысловики, дружинники","сельские промысловики, горожане-охотники и элитная охота",часть оружия совпадает с боевым,1180,1260,"прутья, дерево, лыко",решётчатый короб с дверцей,по птице,точно не установлена; не нормировать без конкретной находки,"смола, снег, заточка, ремонт",C,"Осторожная реконструкция: функция или наличие вероятны, но конкретная форма/конструкция для Новгорода около 1230 не закреплена полностью.","[""SRC040"",""SRC045"",""SRC046"",""SRC037"",""SRC005""]",высокий: нужен конкретный референс и явная маркировка реконструкции,поздними этнографическими и неосредневековыми формами той же функции,reference_required
HNT0012,Кожаный поводок охотничьей собаки,hunting,"охотничьи снасти, промысел и дикие животные",Прочный ремень или плетёная верёвка с петлёй/простым карабином отсутствует; крепление узлом или кольцом.,"охотники, промысловики, дружинники","сельские промысловики, горожане-охотники и элитная охота",часть оружия совпадает с боевым,1180,1260,"кожа/верёвка, железное кольцо",ремень с петлёй,1–2 м,точно не установлена; не нормировать без конкретной находки,"смола, снег, заточка, ремонт",B,Хорошая реконструкция по новгородским данным и нескольким близким древнерусским аналогиям XII–XIII вв.,"[""SRC061"",""SRC084"",""SRC040"",""SRC045"",""SRC046"",""SRC037""]",средне-высокий: без референса генератор часто подменяет форму позднесредневековой или этнографической,поздними этнографическими и неосредневековыми формами той же функции,safe_with_constraints
HNT0013,Ловчая птица на перчатке — элитная практика,hunting,"охотничьи снасти, промысел и дикие животные","Ястреб/сокол с кожаными путцами и ремешком; соколиная охота известна элитам, но конкретная новгородская экипировка около 1230 требует источника.","охотники, промысловики, дружинники",княжеский/боярский двор,часть оружия совпадает с боевым,1180,1260,"живая птица, кожа путц/клобучка при наличии",дрессировка и минимальная ременная оснастка,по виду птицы,точно не установлена; не нормировать без конкретной находки,"смола, снег, заточка, ремонт",C,"Осторожная реконструкция: функция или наличие вероятны, но конкретная форма/конструкция для Новгорода около 1230 не закреплена полностью.","[""SRC040"",""SRC045"",""SRC046"",""SRC037"",""SRC008""]",высокий: нужен конкретный референс и явная маркировка реконструкции,поздними этнографическими и неосредневековыми формами той же функции,reference_required
HNT0014,Нож для свежевания,hunting,"охотничьи снасти, промысел и дикие животные","Обычный острый однолезвийный нож с удобной рукоятью, используемый для снятия шкуры; не специализированный современный скиннер.","охотники, промысловики, дружинники","сельские промысловики, горожане-охотники и элитная охота",часть оружия совпадает с боевым,1180,1260,"железо/сталь, дерево/кость, кожа ножен",кованый клинок с хвостовиком,клинок примерно 10–20 см,точно не установлена; не нормировать без конкретной находки,"смола, снег, заточка, ремонт",A,"Прямое новгородское археологическое, архитектурное или письменное подтверждение в подходящем диапазоне; форму всё равно сверять с конкретным опубликованным экземпляром.","[""SRC040"",""SRC045"",""SRC046"",""SRC037"",""SRC032""]","средний: опасность главным образом в позднем декоре, слишком новом состоянии и неверном масштабе",поздними этнографическими и неосредневековыми формами той же функции,safe_with_record_specific_reference
HNT0015,Охотничья сеть,hunting,"охотничьи снасти, промысел и дикие животные",Крупноячеистое сетное полотно для загонной охоты или ловли птицы; точная конструкция зависит от добычи.,"охотники, промысловики, дружинники","сельские промысловики, горожане-охотники и элитная охота",часть оружия совпадает с боевым,1180,1260,"растительное волокно, колья, верёвки",узловая сеть на опорах,несколько–десятки метров,точно не установлена; не нормировать без конкретной находки,"смола, снег, заточка, ремонт",B,Хорошая реконструкция по новгородским данным и нескольким близким древнерусским аналогиям XII–XIII вв.,"[""SRC025"",""SRC040"",""SRC045"",""SRC046"",""SRC037"",""SRC008""]",средне-высокий: без референса генератор часто подменяет форму позднесредневековой или этнографической,поздними этнографическими и неосредневековыми формами той же функции,safe_with_constraints
HNT0016,Поперечина на охотничьем копье — осторожная реконструкция,hunting,"охотничьи снасти, промысел и дикие животные","Короткий ограничитель у основания пера, мешающий зверю продвигаться по древку; широко известен позднее, поэтому для 1230 нужен конкретный аналог.","охотники, промысловики, дружинники","сельские промысловики, горожане-охотники и элитная охота",часть оружия совпадает с боевым,1180,1260,железо или дерево,поперечная перекладина у втулки,десятки сантиметров,точно не установлена; не нормировать без конкретной находки,"смола, снег, заточка, ремонт",C,"Осторожная реконструкция: функция или наличие вероятны, но конкретная форма/конструкция для Новгорода около 1230 не закреплена полностью.","[""SRC040"",""SRC045"",""SRC046"",""SRC037"",""SRC035""]",высокий: нужен конкретный референс и явная маркировка реконструкции,поздними этнографическими и неосредневековыми формами той же функции,reference_required
HNT0017,Промысловые ручные сани,hunting,"охотничьи снасти, промысел и дикие животные","Малые сани для туши, шкур, ловушек и припасов.","охотники, промысловики, дружинники","сельские промысловики, горожане-охотники и элитная охота",часть оружия совпадает с боевым,1180,1260,"дерево, верёвка",два полоза и низкая платформа,на тягу человеком или собакой/лошадью по контексту,точно не установлена; не нормировать без конкретной находки,"смола, снег, заточка, ремонт",B,Хорошая реконструкция по новгородским данным и нескольким близким древнерусским аналогиям XII–XIII вв.,"[""SRC039"",""SRC084"",""SRC040"",""SRC045"",""SRC046"",""SRC037""]",средне-высокий: без референса генератор часто подменяет форму позднесредневековой или этнографической,поздними этнографическими и неосредневековыми формами той же функции,safe_with_constraints
HNT0018,Пружинная петля на согнутом деревце,hunting,"охотничьи снасти, промысел и дикие животные","Силка, натягиваемая упругим молодым стволом и срабатывающая от сторожка.","охотники, промысловики, дружинники","сельские промысловики, горожане-охотники и элитная охота",часть оружия совпадает с боевым,1180,1260,"дерево, верёвка, колышки","гибкая жердь, спусковой сторожок и петля",по цели,точно не установлена; не нормировать без конкретной находки,"смола, снег, заточка, ремонт",C,"Осторожная реконструкция: функция или наличие вероятны, но конкретная форма/конструкция для Новгорода около 1230 не закреплена полностью.","[""SRC040"",""SRC045"",""SRC046"",""SRC037""]",высокий: нужен конкретный референс и явная маркировка реконструкции,поздними этнографическими и неосредневековыми формами той же функции,reference_required
HNT0019,Птичья сеть,hunting,"охотничьи снасти, промысел и дикие животные","Тонкая лёгкая сеть, натянутая в месте пролёта или над приманкой.","охотники, промысловики, дружинники","сельские промысловики, горожане-охотники и элитная охота",часть оружия совпадает с боевым,1180,1260,"тонкая льняная/конопляная нить, жерди",мелкоячеистое сетное полотно,по месту,точно не установлена; не нормировать без конкретной находки,"смола, снег, заточка, ремонт",C,"Осторожная реконструкция: функция или наличие вероятны, но конкретная форма/конструкция для Новгорода около 1230 не закреплена полностью.","[""SRC025"",""SRC040"",""SRC045"",""SRC046"",""SRC037""]",высокий: нужен конкретный референс и явная маркировка реконструкции,поздними этнографическими и неосредневековыми формами той же функции,reference_required
HNT0020,Рама для растяжки шкуры,hunting,"охотничьи снасти, промысел и дикие животные","Прямоугольная/овальная рама из жердей, к которой шкура привязана по краям для сушки.","охотники, промысловики, дружинники","сельские промысловики, горожане-охотники и элитная охота",часть оружия совпадает с боевым,1180,1260,"жерди, верёвки",связанная рама и ряд привязей,по зверю,точно не установлена; не нормировать без конкретной находки,"смола, снег, заточка, ремонт",B,Хорошая реконструкция по новгородским данным и нескольким близким древнерусским аналогиям XII–XIII вв.,"[""SRC040"",""SRC045"",""SRC046"",""SRC037"",""SRC072""]",средне-высокий: без референса генератор часто подменяет форму позднесредневековой или этнографической,поздними этнографическими и неосредневековыми формами той же функции,safe_with_constraints
HNT0021,Связка пушных шкур,hunting,"охотничьи снасти, промысел и дикие животные","Высушенные шкурки белки, куницы или другого пушного зверя, сложенные/связанные мехом внутрь или наружу по торговой практике.","охотники, промысловики, дружинники","сельские промысловики, горожане-охотники и элитная охота",часть оружия совпадает с боевым,1180,1260,"выделанный/сушёный мех, верёвка",пакет/связка,по виду и счёту,точно не установлена; не нормировать без конкретной находки,"смола, снег, заточка, ремонт",A,"Прямое новгородское археологическое, архитектурное или письменное подтверждение в подходящем диапазоне; форму всё равно сверять с конкретным опубликованным экземпляром.","[""SRC040"",""SRC045"",""SRC046"",""SRC037"",""SRC072"",""SRC050""]","средний: опасность главным образом в позднем декоре, слишком новом состоянии и неверном масштабе",поздними этнографическими и неосредневековыми формами той же функции,safe_with_record_specific_reference
HNT0022,Современный стальной капкан с пружинами,hunting,"охотничьи снасти, промысел и дикие животные",Нововременный фабричный челюстной капкан; не должен автоматически появляться в XIII веке.,"охотники, промысловики, дружинники","сельские промысловики, горожане-охотники и элитная охота",часть оружия совпадает с боевым,1600,2000,сталь,пружинные челюсти,современный,точно не установлена; не нормировать без конкретной находки,"смола, снег, заточка, ремонт",D,Спорно. Хранится только как исследовательская гипотеза и не должно автоматически попадать в генерацию.,"[""SRC040"",""SRC045"",""SRC046"",""SRC037""]",критический: не использовать автоматически,поздними этнографическими и неосредневековыми формами той же функции,research_only
HNT0023,Давящий самолов/плашка,hunting,промысловое и охотничье снаряжение,"Простая ловушка, где тяжёлое бревно/плита удерживается насторожкой и падает на зверя; конкретная конструкция плохо сохраняется.","охотники, промысловики, сельские жители и дружинники",профессиональный и хозяйственный,часть оружия совпадает с боевым,1180,1260,"брёвна, жерди, верёвка",взвешенный элемент и чувствительная насторожка,по добыче,точно не установлена; не нормировать без конкретной находки,"смола, снег, заточка, ремонт",C,"Осторожная реконструкция: функция или наличие вероятны, но конкретная форма/конструкция для Новгорода около 1230 не закреплена полностью.","[""SRC040"",""SRC045"",""SRC046"",""SRC037""]",высокий: нужен конкретный референс и явная маркировка реконструкции,поздними этнографическими и неосредневековыми формами той же функции,reference_required
HNT0024,Железный капкан — спорная форма,hunting,промысловое и охотничье снаряжение,Пружинная металлическая ловушка позднего привычного вида не должна автоматически переноситься в 1230; возможные ранние железные ловушки требуют конкретной публикации.,"охотники, промысловики, сельские жители и дружинники",профессиональный и хозяйственный,часть оружия совпадает с боевым,1180,1260,железо,не задаётся без находки,не задаётся,точно не установлена; не нормировать без конкретной находки,"смола, снег, заточка, ремонт",D,Спорно. Хранится только как исследовательская гипотеза и не должно автоматически попадать в генерацию.,"[""SRC040"",""SRC045"",""SRC046"",""SRC037""]",критический: не использовать автоматически,поздними этнографическими и неосредневековыми формами той же функции,research_only
HNT0025,Охотничий нож,hunting,промысловое и охотничье снаряжение,"Крепкий универсальный нож для снятия шкуры, разделки и лагерных работ; не отдельный современный «охотничий» дизайн.","охотники, промысловики, сельские жители и дружинники",профессиональный и хозяйственный,часть оружия совпадает с боевым,1180,1260,"железо/сталь, дерево/кость, кожа","однолезвийный клинок, насадная рукоять, сшитые ножны",клинок примерно 12–22 см,точно не установлена; не нормировать без конкретной находки,"смола, снег, заточка, ремонт",A,"Прямое новгородское археологическое, архитектурное или письменное подтверждение в подходящем диапазоне; форму всё равно сверять с конкретным опубликованным экземпляром.","[""SRC040"",""SRC045"",""SRC046"",""SRC037"",""SRC032""]","средний: опасность главным образом в позднем декоре, слишком новом состоянии и неверном масштабе",поздними этнографическими и неосредневековыми формами той же функции,safe_with_record_specific_reference
HNT0026,Охотничья лыжа,hunting,промысловое и охотничье снаряжение,Длинные деревянные лыжи с приподнятым носком и простым ременным креплением; форма по новгородским деревянным находкам.,"охотники, промысловики, сельские жители и дружинники",профессиональный и хозяйственный,часть оружия совпадает с боевым,1180,1260,"дерево, кожа/лыко","вытесанная доска, загнутый нос, петля/ремень для стопы","примерно 1.5–2.5 м, ширина по типу",точно не установлена; не нормировать без конкретной находки,"смола, снег, заточка, ремонт",A,"Прямое новгородское археологическое, архитектурное или письменное подтверждение в подходящем диапазоне; форму всё равно сверять с конкретным опубликованным экземпляром.","[""SRC040"",""SRC045"",""SRC046"",""SRC037"",""SRC005""]","средний: опасность главным образом в позднем декоре, слишком новом состоянии и неверном масштабе",поздними этнографическими и неосредневековыми формами той же функции,safe_with_record_specific_reference
HNT0027,Скребок для мездрения шкуры,hunting,промысловое и охотничье снаряжение,Железный или костяной инструмент с тупо-острой рабочей кромкой для мездрения; форма пересекается с кожевенным ремеслом.,"охотники, промысловики, сельские жители и дружинники",профессиональный и хозяйственный,часть оружия совпадает с боевым,1180,1260,"железо/кость, дерево",рабочая пластина/лезвие на рукояти или двуручное,ручной,точно не установлена; не нормировать без конкретной находки,"смола, снег, заточка, ремонт",A,"Прямое новгородское археологическое, архитектурное или письменное подтверждение в подходящем диапазоне; форму всё равно сверять с конкретным опубликованным экземпляром.","[""SRC040"",""SRC045"",""SRC046"",""SRC037"",""SRC032""]","средний: опасность главным образом в позднем декоре, слишком новом состоянии и неверном масштабе",поздними этнографическими и неосредневековыми формами той же функции,safe_with_record_specific_reference
HNT0028,Снегоступы — спорная региональная реконструкция,hunting,промысловое и охотничье снаряжение,"Рамное/плетёное приспособление для рыхлого снега возможно у отдельных северных/финно-угорских групп, но не должно быть обычным новгородским предметом без источника.","охотники, промысловики, сельские жители и дружинники",профессиональный и хозяйственный,часть оружия совпадает с боевым,1180,1260,"дерево, прутья, ремни",рамка с плетением,по стопе,точно не установлена; не нормировать без конкретной находки,"смола, снег, заточка, ремонт",D,Спорно. Хранится только как исследовательская гипотеза и не должно автоматически попадать в генерацию.,"[""SRC040"",""SRC045"",""SRC046"",""SRC037""]",критический: не использовать автоматически,поздними этнографическими и неосредневековыми формами той же функции,research_only
